2026-09-09 18:43:26,487 : INFO : root : Loading config.
2026-09-09 18:43:26,491 : INFO : YamlMultifileConfigLoader : Machine config file #1: config.yaml
2026-09-09 18:43:26,492 : INFO : ConfigProcessor : Loading config from cache: C:\Users\tl\AppData\Local\Temp\86f932e179f318f5dae29f066573dee9.mpf_cache
2026-09-09 18:43:26,586 : INFO : ConfigProcessor : Loading config from cache: C:\Users\tl\AppData\Local\Temp\5e7e3dd8e04e0aa46ea76018297218da.mpf_cache
2026-09-09 18:43:26,587 : INFO : ConfigProcessor : Loading config from cache: C:\Users\tl\AppData\Local\Temp\af6ad0dab2f43bd9cbdac83e0b2786ac.mpf_cache
2026-09-09 18:43:26,588 : INFO : ConfigProcessor : Loading config from cache: C:\Users\tl\AppData\Local\Temp\5e7e3dd8e04e0aa46ea76018297218da.mpf_cache
2026-09-09 18:43:26,589 : INFO : ConfigProcessor : Loading config from cache: C:\Users\tl\AppData\Local\Temp\078e3f4c59f1cd1bf0ff8685cc9e7ff5.mpf_cache
2026-09-09 18:43:26,590 : INFO : ConfigProcessor : Loading config from cache: C:\Users\tl\AppData\Local\Temp\279434e09bc5e8b073f441f36778b3c5.mpf_cache
2026-09-09 18:43:26,590 : INFO : ConfigProcessor : Loading config from cache: C:\Users\tl\AppData\Local\Temp\0f8a6fed03551fa5e1f599b5c511b7ce.mpf_cache
2026-09-09 18:43:26,591 : INFO : ConfigProcessor : Loading config from cache: C:\Users\tl\AppData\Local\Temp\f7ef3217062c4a128670875e2cb05ce9.mpf_cache
2026-09-09 18:43:26,608 : INFO : ConfigProcessor : Loading config from cache: C:\Users\tl\AppData\Local\Temp\af5889bf1d8b1305d084c7abbaed88de.mpf_cache
2026-09-09 18:43:26,609 : INFO : ConfigProcessor : Loading config from cache: C:\Users\tl\AppData\Local\Temp\3e0da43cdf74c6e3f9d34deafe6b0c00.mpf_cache
2026-09-09 18:43:26,610 : INFO : ConfigProcessor : Loading config from cache: C:\Users\tl\AppData\Local\Temp\3f4b5828320b2882d8f6d86277da0e3c.mpf_cache
2026-09-09 18:43:26,611 : INFO : ConfigProcessor : Loading config from cache: C:\Users\tl\AppData\Local\Temp\e0885cd80287b6cf2bdb3b3b7e551419.mpf_cache
2026-09-09 18:43:26,612 : INFO : ConfigProcessor : Loading config from cache: C:\Users\tl\AppData\Local\Temp\21a3b6af72788c31c1bb21496f7d3280.mpf_cache
2026-09-09 18:43:26,613 : INFO : ConfigProcessor : Loading config from cache: C:\Users\tl\AppData\Local\Temp\5ad868424699ac3c9402d8d89c5742fa.mpf_cache
2026-09-09 18:43:26,614 : INFO : ConfigProcessor : Loading config from cache: C:\Users\tl\AppData\Local\Temp\b41aec6702196d0bd650320fa331266f.mpf_cache
2026-09-09 18:43:26,615 : INFO : ConfigProcessor : Loading config from cache: C:\Users\tl\AppData\Local\Temp\a951eeea2c167365e5a009cce33f51d8.mpf_cache
2026-09-09 18:43:26,615 : INFO : ConfigProcessor : Loading config from cache: C:\Users\tl\AppData\Local\Temp\f020dca9eec5e09763b9289397e6c32f.mpf_cache
2026-09-09 18:43:26,616 : INFO : ConfigProcessor : Loading config from cache: C:\Users\tl\AppData\Local\Temp\edce5a74ebf86ee6330810859c361ede.mpf_cache
2026-09-09 18:43:26,617 : INFO : ConfigProcessor : Loading config from cache: C:\Users\tl\AppData\Local\Temp\7c825e76f3d981841c3099d018a06a8f.mpf_cache
2026-09-09 18:43:26,618 : INFO : ConfigProcessor : Loading config from cache: C:\Users\tl\AppData\Local\Temp\4c1252d1f04cb61ecc91110937cfd225.mpf_cache
2026-09-09 18:43:26,619 : INFO : ConfigProcessor : Loading config from cache: C:\Users\tl\AppData\Local\Temp\8d6d681afe5a7b6e9186321cd98f18ca.mpf_cache
2026-09-09 18:43:26,621 : INFO : ConfigProcessor : Loading config from cache: C:\Users\tl\AppData\Local\Temp\6ca6a8b9cb340c3b8d36233eeb0719a5.mpf_cache
2026-09-09 18:43:26,622 : INFO : ConfigProcessor : Loading config from cache: C:\Users\tl\AppData\Local\Temp\d7f9969d1a13fb8a4ff98949110a3363.mpf_cache
2026-09-09 18:43:26,622 : INFO : ConfigProcessor : Loading config from cache: C:\Users\tl\AppData\Local\Temp\ea483b3190585f1b6f58e5d4b3be4053.mpf_cache
2026-09-09 18:43:26,623 : INFO : ConfigProcessor : Loading config from cache: C:\Users\tl\AppData\Local\Temp\29a24a1f58555604e17f1620fab88485.mpf_cache
2026-09-09 18:43:26,624 : INFO : ConfigProcessor : Loading config from cache: C:\Users\tl\AppData\Local\Temp\9e4f4ac993fe3c13c573513cb70c74c1.mpf_cache
2026-09-09 18:43:26,624 : INFO : ConfigProcessor : Loading config from cache: C:\Users\tl\AppData\Local\Temp\271b31ea91f7fc416a689202738fcb25.mpf_cache
2026-09-09 18:43:26,627 : INFO : ConfigProcessor : Loading config from cache: C:\Users\tl\AppData\Local\Temp\d5113bae71fe9b2600b29bf116525aac.mpf_cache
2026-09-09 18:43:26,628 : INFO : ConfigProcessor : Loading config from cache: C:\Users\tl\AppData\Local\Temp\ae5d383473e063efe671bf30ab478239.mpf_cache
2026-09-09 18:43:26,629 : INFO : ConfigProcessor : Loading config from cache: C:\Users\tl\AppData\Local\Temp\46870b44a1c011c86a746a823adf6b5a.mpf_cache
2026-09-09 18:43:26,630 : INFO : ConfigProcessor : Loading config from cache: C:\Users\tl\AppData\Local\Temp\0cf169c51710e2e034dc49f1aab9dfdd.mpf_cache
2026-09-09 18:43:26,636 : INFO : ConfigProcessor : Loading config from cache: C:\Users\tl\AppData\Local\Temp\7f1f48089af53c0812f6ef7352fae9fc.mpf_cache
2026-09-09 18:43:26,637 : INFO : ConfigProcessor : Loading config from cache: C:\Users\tl\AppData\Local\Temp\2cc33be7b212147eeee1bdfcda64fa9a.mpf_cache
2026-09-09 18:43:26,637 : INFO : ConfigProcessor : Loading config from cache: C:\Users\tl\AppData\Local\Temp\a16abf331f3e7de6af87e663850f3d9e.mpf_cache
2026-09-09 18:43:26,638 : INFO : ConfigProcessor : Loading config from cache: C:\Users\tl\AppData\Local\Temp\38e2b0a0c5cbde9df196d324be754e6f.mpf_cache
2026-09-09 18:43:26,639 : INFO : ConfigProcessor : Loading config from cache: C:\Users\tl\AppData\Local\Temp\e80dee9eca7c5982ccbcb422c91db859.mpf_cache
2026-09-09 18:43:26,639 : INFO : ConfigProcessor : Loading config from cache: C:\Users\tl\AppData\Local\Temp\0109be63d67329a8885529bd2a71548c.mpf_cache
2026-09-09 18:43:26,640 : INFO : ConfigProcessor : Loading config from cache: C:\Users\tl\AppData\Local\Temp\61bab561dcce3f0c07355166d6e0f761.mpf_cache
2026-09-09 18:43:26,641 : INFO : ConfigProcessor : Loading config from cache: C:\Users\tl\AppData\Local\Temp\25d2f8081a4f10d84b73dba07eba574c.mpf_cache
2026-09-09 18:43:26,641 : INFO : ConfigProcessor : Loading config from cache: C:\Users\tl\AppData\Local\Temp\5dff49294fdc1400ecd20df1617a2b2f.mpf_cache
2026-09-09 18:43:26,642 : INFO : ConfigProcessor : Loading config from cache: C:\Users\tl\AppData\Local\Temp\eb82598b1fb2ee02b221679b664276f0.mpf_cache
2026-09-09 18:43:26,642 : INFO : ConfigProcessor : Loading config from cache: C:\Users\tl\AppData\Local\Temp\ee5817e1bc6c76799d194e89aa39905b.mpf_cache
2026-09-09 18:43:26,645 : INFO : ConfigProcessor : Loading config from cache: C:\Users\tl\AppData\Local\Temp\b4fb504f89ca2ed519ed0a0e98e46a04.mpf_cache
2026-09-09 18:43:26,646 : INFO : ConfigProcessor : Loading config from cache: C:\Users\tl\AppData\Local\Temp\a6a2066a35a93afd7c5e023580b97319.mpf_cache
2026-09-09 18:43:26,646 : INFO : ConfigProcessor : Loading config from cache: C:\Users\tl\AppData\Local\Temp\b8c836a76b8f12a6f53828e327bc835b.mpf_cache
2026-09-09 18:43:26,647 : INFO : ConfigProcessor : Loading config from cache: C:\Users\tl\AppData\Local\Temp\a42c9a1e5925ead55e30ef9c3174b8d6.mpf_cache
2026-09-09 18:43:26,647 : INFO : ConfigProcessor : Loading config from cache: C:\Users\tl\AppData\Local\Temp\232eb4bb290f7b6232b4d79d1c841dd5.mpf_cache
2026-09-09 18:43:26,648 : INFO : ConfigProcessor : Loading config from cache: C:\Users\tl\AppData\Local\Temp\a2de7c1b2b3faf18b0affdedaa38907f.mpf_cache
2026-09-09 18:43:26,649 : INFO : ConfigProcessor : Loading config from cache: C:\Users\tl\AppData\Local\Temp\e26965993a19a15abbd54118f3bb1f6b.mpf_cache
2026-09-09 18:43:26,649 : INFO : ConfigProcessor : Loading config from cache: C:\Users\tl\AppData\Local\Temp\1a8067b3018dc540f40ee09fbd30147e.mpf_cache
2026-09-09 18:43:26,650 : INFO : ConfigProcessor : Loading config from cache: C:\Users\tl\AppData\Local\Temp\34d2c1cbec8fdaa1db7761a61cc7c1b6.mpf_cache
2026-09-09 18:43:26,650 : INFO : ConfigProcessor : Loading config from cache: C:\Users\tl\AppData\Local\Temp\4065fa59aedcbd523b942a40672a4db1.mpf_cache
2026-09-09 18:43:26,655 : INFO : ConfigProcessor : Loading config from cache: C:\Users\tl\AppData\Local\Temp\911efd7252939128e304c2322100ac37.mpf_cache
2026-09-09 18:43:26,656 : INFO : ConfigProcessor : Loading config from cache: C:\Users\tl\AppData\Local\Temp\95a50568c399a025ef217996526f3494.mpf_cache
2026-09-09 18:43:26,657 : INFO : ConfigProcessor : Loading config from cache: C:\Users\tl\AppData\Local\Temp\1c5eb8218503e51cf536cafa8bd397ee.mpf_cache
2026-09-09 18:43:26,658 : WARNING : ConfigProcessor : Config file in cache changed: C:\Users\tl\Documents\tl-pinball\shows\.\show_consume_completed.yaml
2026-09-09 18:43:26,658 : INFO : ConfigProcessor : Loading config from file C:\Users\tl\Documents\tl-pinball\shows\.\show_consume_completed.yaml.
2026-09-09 18:43:26,661 : INFO : ConfigProcessor : Loading config: C:\Users\tl\Documents\tl-pinball\shows\.\show_consume_completed.yaml
2026-09-09 18:43:26,662 : INFO : ConfigProcessor : Config file cache created: C:\Users\tl\AppData\Local\Temp\5f6f068da8bf69eef400625ea0f44976.mpf_cache
2026-09-09 18:43:26,662 : INFO : ConfigProcessor : Loading config from cache: C:\Users\tl\AppData\Local\Temp\6d756c7e3c24aa2efe72cdb3224f8ea6.mpf_cache
2026-09-09 18:43:26,663 : INFO : ConfigProcessor : Loading config from cache: C:\Users\tl\AppData\Local\Temp\a376fdb2b6d4bb622bb4acdba901a310.mpf_cache
2026-09-09 18:43:26,663 : INFO : ConfigProcessor : Loading config from cache: C:\Users\tl\AppData\Local\Temp\4fa9cf92dccc774be532e383b837572e.mpf_cache
2026-09-09 18:43:26,664 : INFO : ConfigProcessor : Loading config from cache: C:\Users\tl\AppData\Local\Temp\7d6afe43d2cd59003bd26d29f6951346.mpf_cache
2026-09-09 18:43:26,665 : INFO : ConfigProcessor : Loading config from cache: C:\Users\tl\AppData\Local\Temp\3ec53097f46dd8f92da5caf7a9362729.mpf_cache
2026-09-09 18:43:26,670 : INFO : ConfigProcessor : Loading config from cache: C:\Users\tl\AppData\Local\Temp\c36da47bad15180a41187d147cb7917e.mpf_cache
2026-09-09 18:43:26,671 : INFO : ConfigProcessor : Loading config from cache: C:\Users\tl\AppData\Local\Temp\ca9866041621d35ab6358609b63e90d5.mpf_cache
2026-09-09 18:43:26,672 : INFO : ConfigProcessor : Loading config from cache: C:\Users\tl\AppData\Local\Temp\d3b229dc9cb99a8202099f03c2a43090.mpf_cache
2026-09-09 18:43:26,673 : INFO : ConfigProcessor : Loading config from cache: C:\Users\tl\AppData\Local\Temp\81582981e74d3995e366d06d8338d799.mpf_cache
2026-09-09 18:43:26,677 : INFO : ConfigProcessor : Loading config from cache: C:\Users\tl\AppData\Local\Temp\5b34afe52ee194dd00e9309f3b7b7351.mpf_cache
2026-09-09 18:43:26,686 : INFO : ConfigProcessor : Loading config from cache: C:\Users\tl\AppData\Local\Temp\879969db85bf719d2fcb9e04ce9b1f2c.mpf_cache
2026-09-09 18:43:26,692 : INFO : ConfigProcessor : Loading config from cache: C:\Users\tl\AppData\Local\Temp\b4093eb1dd81447678927dbfa4b9c600.mpf_cache
2026-09-09 18:43:26,698 : INFO : ConfigProcessor : Loading config from cache: C:\Users\tl\AppData\Local\Temp\e35a82f552c222d594bf16e07246473c.mpf_cache
2026-09-09 18:43:26,700 : INFO : ConfigProcessor : Loading config from cache: C:\Users\tl\AppData\Local\Temp\a4723462ff8ee54e9440eae8a1a4781c.mpf_cache
2026-09-09 18:43:26,705 : INFO : ConfigProcessor : Loading config from cache: C:\Users\tl\AppData\Local\Temp\33800f163ed2f7721971ef060d638387.mpf_cache
2026-09-09 18:43:26,718 : INFO : ConfigProcessor : Loading config from cache: C:\Users\tl\AppData\Local\Temp\cfac8a12b8c870509d27980bb08852ae.mpf_cache
2026-09-09 18:43:26,724 : INFO : ConfigProcessor : Loading config from cache: C:\Users\tl\AppData\Local\Temp\83c76c71cb0df61411f4c0eb7dea7353.mpf_cache
2026-09-09 18:43:26,728 : INFO : ConfigProcessor : Loading config from cache: C:\Users\tl\AppData\Local\Temp\7db44b334d172168fab831ef3c57ff8b.mpf_cache
2026-09-09 18:43:26,781 : INFO : ConfigProcessor : Loading config from cache: C:\Users\tl\AppData\Local\Temp\0209fa69c7ceb7b65d8e49418413a2d4.mpf_cache
2026-09-09 18:43:26,886 : INFO : ConfigProcessor : Loading config from cache: C:\Users\tl\AppData\Local\Temp\9eec954e3a0a7462dea03c8c17cb64d9.mpf_cache
2026-09-09 18:43:27,014 : INFO : ConfigProcessor : Loading config from cache: C:\Users\tl\AppData\Local\Temp\456118bf1ce6b85e98a4b068670426da.mpf_cache
2026-09-09 18:43:27,088 : INFO : ConfigProcessor : Loading config from cache: C:\Users\tl\AppData\Local\Temp\5d7ea21ac1dbbe8d902c44335cb580f3.mpf_cache
2026-09-09 18:43:27,293 : INFO : ConfigProcessor : Loading config from cache: C:\Users\tl\AppData\Local\Temp\3c338cf0a5e3d861413d7d2f266c3053.mpf_cache
2026-09-09 18:43:27,334 : INFO : ConfigProcessor : Loading config from cache: C:\Users\tl\AppData\Local\Temp\7da579784f035f2b4609b04d18d514d9.mpf_cache
2026-09-09 18:43:27,348 : INFO : ConfigProcessor : Loading config from cache: C:\Users\tl\AppData\Local\Temp\ffa5a16e3925fe77c4aff5ce9d0caddb.mpf_cache
2026-09-09 18:43:27,354 : INFO : ConfigProcessor : Loading config from cache: C:\Users\tl\AppData\Local\Temp\61c3a064e90ef7e33c913189cd37d961.mpf_cache
2026-09-09 18:43:27,354 : INFO : ConfigProcessor : Loading config from cache: C:\Users\tl\AppData\Local\Temp\25a686ef15fa403c62c3e04d82a02e30.mpf_cache
2026-09-09 18:43:27,355 : INFO : ConfigProcessor : Loading config from cache: C:\Users\tl\AppData\Local\Temp\08e4cfee44032ad50b613fdfc1c76afd.mpf_cache
2026-09-09 18:43:27,356 : INFO : ConfigProcessor : Loading config from cache: C:\Users\tl\AppData\Local\Temp\c7ff492dd95ca61c8ae2ca071fa902b1.mpf_cache
2026-09-09 18:43:27,356 : INFO : ConfigProcessor : Loading config from cache: C:\Users\tl\AppData\Local\Temp\8f542fdb27a9c7af6359517ab8d171a1.mpf_cache
2026-09-09 18:43:27,357 : INFO : ConfigProcessor : Loading config from cache: C:\Users\tl\AppData\Local\Temp\c899bce83960d7b8a909fd30af5ba34c.mpf_cache
2026-09-09 18:43:27,357 : INFO : ConfigProcessor : Loading config from cache: C:\Users\tl\AppData\Local\Temp\e3f8c10279e680757f03e6b0889aa739.mpf_cache
2026-09-09 18:43:27,358 : INFO : ConfigProcessor : Loading config from cache: C:\Users\tl\AppData\Local\Temp\ff087817282734556151e8020b1fd49c.mpf_cache
2026-09-09 18:43:27,359 : INFO : ConfigProcessor : Loading config from cache: C:\Users\tl\AppData\Local\Temp\17b17d6e70b510a409968e15bd8ba63c.mpf_cache
2026-09-09 18:43:27,451 : INFO : ConfigProcessor : Loading config from cache: C:\Users\tl\AppData\Local\Temp\7597473749050946854e5e52d7c2d79a.mpf_cache
2026-09-09 18:43:27,467 : INFO : ConfigProcessor : Loading config from cache: C:\Users\tl\AppData\Local\Temp\31f3b89ebad27aaf6ad1cb7b6e8c1ae3.mpf_cache
2026-09-09 18:43:27,468 : INFO : ConfigProcessor : Loading config from cache: C:\Users\tl\AppData\Local\Temp\5bdc262ac811f8916946a10b325faaed.mpf_cache
2026-09-09 18:43:27,572 : INFO : ConfigProcessor : Loading config from cache: C:\Users\tl\AppData\Local\Temp\103bfb4fbd71af36419ab3f548a18d71.mpf_cache
2026-09-09 18:43:27,573 : INFO : ConfigProcessor : Loading config from cache: C:\Users\tl\AppData\Local\Temp\4262986a441bb7754780f112bb0e0c56.mpf_cache
2026-09-09 18:43:27,574 : INFO : ConfigProcessor : Loading config from cache: C:\Users\tl\AppData\Local\Temp\d572a2de143bf480090a737668938cb0.mpf_cache
2026-09-09 18:43:27,575 : INFO : ConfigProcessor : Loading config from cache: C:\Users\tl\AppData\Local\Temp\2e7beac76d3bca457a3a521575ba4ead.mpf_cache
2026-09-09 18:43:27,575 : INFO : ConfigProcessor : Loading config from cache: C:\Users\tl\AppData\Local\Temp\7c0931ffc6b13496fd8fae8b9d1b7a08.mpf_cache
2026-09-09 18:43:27,576 : INFO : ConfigProcessor : Loading config from cache: C:\Users\tl\AppData\Local\Temp\62404ae2e9ee2b95d65f52fccac154f0.mpf_cache
2026-09-09 18:43:27,577 : INFO : ConfigProcessor : Loading config from cache: C:\Users\tl\AppData\Local\Temp\d8c27512a4074d58955a247342afc0f0.mpf_cache
2026-09-09 18:43:27,579 : INFO : ConfigProcessor : Loading config from cache: C:\Users\tl\AppData\Local\Temp\537cd9276618929e3a64b374ceb3437f.mpf_cache
2026-09-09 18:43:27,580 : INFO : ConfigProcessor : Loading config from cache: C:\Users\tl\AppData\Local\Temp\cf29873bc64cfbd46b5a5b4c47c95532.mpf_cache
2026-09-09 18:43:27,581 : INFO : ConfigProcessor : Loading config from cache: C:\Users\tl\AppData\Local\Temp\16182b247314d06896cbae33110acd4c.mpf_cache
2026-09-09 18:43:27,582 : INFO : ConfigProcessor : Loading config from cache: C:\Users\tl\AppData\Local\Temp\13826b94a4b36b65ca4171a1d326006f.mpf_cache
2026-09-09 18:43:27,583 : INFO : ConfigProcessor : Loading config from cache: C:\Users\tl\AppData\Local\Temp\34a4b7622c4ff26b43be2fcb96c6a855.mpf_cache
2026-09-09 18:43:27,584 : INFO : ConfigProcessor : Loading config from cache: C:\Users\tl\AppData\Local\Temp\182821bccfa4b63efd74352fab235702.mpf_cache
2026-09-09 18:43:27,584 : INFO : ConfigProcessor : Loading config from cache: C:\Users\tl\AppData\Local\Temp\2f43cefe34d7c6a44d3f6c5311f84fe9.mpf_cache
2026-09-09 18:43:27,585 : INFO : ConfigProcessor : Loading config from cache: C:\Users\tl\AppData\Local\Temp\dd8dd9f13d87b252e0a8f76fecdc5dbb.mpf_cache
2026-09-09 18:43:27,610 : INFO : ConfigProcessor : Loading config from cache: C:\Users\tl\AppData\Local\Temp\276c1f70d31e70894e5ad36255656804.mpf_cache
2026-09-09 18:43:27,611 : INFO : ConfigProcessor : Loading config from cache: C:\Users\tl\AppData\Local\Temp\0560061596499ba9c1490154fdcef2ca.mpf_cache
2026-09-09 18:43:27,612 : INFO : ConfigProcessor : Loading config from cache: C:\Users\tl\AppData\Local\Temp\c1896ec26ad05d4cb3e6ad50fd8dc123.mpf_cache
2026-09-09 18:43:27,613 : INFO : ConfigProcessor : Loading config from cache: C:\Users\tl\AppData\Local\Temp\9894a77e77ebcad772e6ab40ada6f893.mpf_cache
2026-09-09 18:43:27,613 : INFO : ConfigProcessor : Loading config from cache: C:\Users\tl\AppData\Local\Temp\33a0313dc768edabc6062a57466c6435.mpf_cache
2026-09-09 18:43:27,614 : INFO : ConfigProcessor : Loading config from cache: C:\Users\tl\AppData\Local\Temp\51d1034df3c2d8154cfea3abae2369be.mpf_cache
2026-09-09 18:43:27,614 : INFO : ConfigProcessor : Loading config from cache: C:\Users\tl\AppData\Local\Temp\2904ce8d8b78981642dc8b63141b390e.mpf_cache
2026-09-09 18:43:27,615 : INFO : ConfigProcessor : Loading config from cache: C:\Users\tl\AppData\Local\Temp\de3c199f73b407edda0c6227f08684dc.mpf_cache
2026-09-09 18:43:27,616 : INFO : ConfigProcessor : Loading config from cache: C:\Users\tl\AppData\Local\Temp\5951b01dcffceee156e3aba13b4691bc.mpf_cache
2026-09-09 18:43:27,616 : INFO : ConfigProcessor : Loading config from cache: C:\Users\tl\AppData\Local\Temp\3ef5173c7a910a36727c66b6285f9c3e.mpf_cache
2026-09-09 18:43:27,617 : INFO : ConfigProcessor : Loading config from cache: C:\Users\tl\AppData\Local\Temp\d5aeeb96f0e3024d102ed6eef227158e.mpf_cache
2026-09-09 18:43:27,618 : INFO : ConfigProcessor : Loading config from cache: C:\Users\tl\AppData\Local\Temp\abac16fdcd8444e81c5d354009d45cba.mpf_cache
2026-09-09 18:43:27,618 : INFO : ConfigProcessor : Loading config from cache: C:\Users\tl\AppData\Local\Temp\1671f2a7e01818367d14934820caa625.mpf_cache
2026-09-09 18:43:27,619 : INFO : ConfigProcessor : Loading config from cache: C:\Users\tl\AppData\Local\Temp\f222a647edf3886b9afe02940fb5218b.mpf_cache
2026-09-09 18:43:27,620 : INFO : ConfigProcessor : Loading config from cache: C:\Users\tl\AppData\Local\Temp\413a5c2ee3ba22f15e31e85070bcc3a0.mpf_cache
2026-09-09 18:43:27,621 : INFO : ConfigProcessor : Loading config from cache: C:\Users\tl\AppData\Local\Temp\8441689a8d32c41acf7df12596aea2a1.mpf_cache
2026-09-09 18:43:27,622 : INFO : ConfigProcessor : Loading config from cache: C:\Users\tl\AppData\Local\Temp\5942006365c0ff9dd8daa9b6cf54f7e5.mpf_cache
2026-09-09 18:43:27,622 : INFO : ConfigProcessor : Loading config from cache: C:\Users\tl\AppData\Local\Temp\2856cb3dd9823be7f227bcd3e9e74d9c.mpf_cache
2026-09-09 18:43:27,623 : INFO : ConfigProcessor : Loading config from cache: C:\Users\tl\AppData\Local\Temp\7bc597beac49bd83589c0f432d6df3a7.mpf_cache
2026-09-09 18:43:27,623 : INFO : ConfigProcessor : Loading config from cache: C:\Users\tl\AppData\Local\Temp\68aef743ce387ca4b0917854000ab96f.mpf_cache
2026-09-09 18:43:27,625 : INFO : ConfigProcessor : Loading config from cache: C:\Users\tl\AppData\Local\Temp\d8eab45dc417e5712e341a87d617345c.mpf_cache
2026-09-09 18:43:27,625 : INFO : ConfigProcessor : Loading config from cache: C:\Users\tl\AppData\Local\Temp\469f885a0d482cac3db6f093008cfd24.mpf_cache
2026-09-09 18:43:27,626 : INFO : ConfigProcessor : Loading config from cache: C:\Users\tl\AppData\Local\Temp\a268d193aab3d6536668c32d6da9263e.mpf_cache
2026-09-09 18:43:27,626 : INFO : ConfigProcessor : Loading config from cache: C:\Users\tl\AppData\Local\Temp\0ddc24559d577387e7f3127610d528ac.mpf_cache
2026-09-09 18:43:27,627 : INFO : ConfigProcessor : Loading config from cache: C:\Users\tl\AppData\Local\Temp\a63ea6967061a0c2197fb0bb68311879.mpf_cache
2026-09-09 18:43:27,628 : INFO : ConfigProcessor : Loading config from cache: C:\Users\tl\AppData\Local\Temp\43577826f0443b71968b5102aaf30af3.mpf_cache
2026-09-09 18:43:27,628 : INFO : ConfigProcessor : Loading config from cache: C:\Users\tl\AppData\Local\Temp\9c5a8c407413e80747afdb721a5b060d.mpf_cache
2026-09-09 18:43:27,629 : INFO : ConfigProcessor : Loading config from cache: C:\Users\tl\AppData\Local\Temp\af0cbbf8538bda34a0e26f98cdd5aca7.mpf_cache
2026-09-09 18:43:27,630 : INFO : ConfigProcessor : Loading config from cache: C:\Users\tl\AppData\Local\Temp\ce8d78fec460068c5bebc943ce9b6f30.mpf_cache
2026-09-09 18:43:27,630 : INFO : ConfigProcessor : Loading config from cache: C:\Users\tl\AppData\Local\Temp\31f829499efdcff804ebe1944d19d329.mpf_cache
2026-09-09 18:43:27,631 : INFO : ConfigProcessor : Loading config from cache: C:\Users\tl\AppData\Local\Temp\79045076bfba23d531ff144ac6757de4.mpf_cache
2026-09-09 18:43:27,631 : INFO : ConfigProcessor : Loading config from cache: C:\Users\tl\AppData\Local\Temp\b26d36d0781b7ac0f26418f65421592c.mpf_cache
2026-09-09 18:43:27,632 : INFO : ConfigProcessor : Loading config from cache: C:\Users\tl\AppData\Local\Temp\8b6f457abf3cfdd87417ebce16fa6732.mpf_cache
2026-09-09 18:43:27,632 : INFO : ConfigProcessor : Loading config from cache: C:\Users\tl\AppData\Local\Temp\c59e3da9fa5362a5c24ac789898ceb13.mpf_cache
2026-09-09 18:43:27,633 : INFO : ConfigProcessor : Loading config from cache: C:\Users\tl\AppData\Local\Temp\701f2c032cd9e807d4fb3fa2828f9b37.mpf_cache
2026-09-09 18:43:27,633 : INFO : ConfigProcessor : Loading config from cache: C:\Users\tl\AppData\Local\Temp\c801690053c2da5c09f6d10b42ee9917.mpf_cache
2026-09-09 18:43:27,634 : INFO : ConfigProcessor : Loading config from cache: C:\Users\tl\AppData\Local\Temp\2e335ca9623f971cc8240d357e9bde21.mpf_cache
2026-09-09 18:43:27,634 : INFO : ConfigProcessor : Loading config from cache: C:\Users\tl\AppData\Local\Temp\291432155100441a6a6d1cc35a9827e6.mpf_cache
2026-09-09 18:43:27,635 : INFO : ConfigProcessor : Loading config from cache: C:\Users\tl\AppData\Local\Temp\3a13ce866f38c1bdfd88cdf5d8a37b57.mpf_cache
2026-09-09 18:43:27,636 : INFO : ConfigProcessor : Loading config from cache: C:\Users\tl\AppData\Local\Temp\67766e06be15afe44bf4653d2e0643ac.mpf_cache
2026-09-09 18:43:27,636 : INFO : ConfigProcessor : Loading config from cache: C:\Users\tl\AppData\Local\Temp\4d0875bd28a5b9899fb2c6e9ca5fbaa0.mpf_cache
2026-09-09 18:43:27,637 : INFO : ConfigProcessor : Loading config from cache: C:\Users\tl\AppData\Local\Temp\013b41c20fe074e5f42d4da80ff7d4bd.mpf_cache
2026-09-09 18:43:27,638 : INFO : ConfigProcessor : Loading config from cache: C:\Users\tl\AppData\Local\Temp\c0155b29343fe146f8483b349919ea50.mpf_cache
2026-09-09 18:43:27,639 : INFO : Machine : Mission Pinball Framework Core Engine v0.80.0.dev12
2026-09-09 18:43:27,639 : INFO : Machine : Command line arguments: {'no_load_cache': False, 'create_config_cache': True, 'bcp': True, 'configfile': ['config.yaml'], 'force_assets_load': False, 'platform_integration_test': False, 'jsonlogging': False, 'logfile': 'logs\\2026-09-09-18-43-26-mpf-DESKTOP-HV85DRD.log', 'pause': False, 'production': False, 'text_ui': False, 'loglevel': 15, 'consoleloglevel': 20, 'force_platform': None, 'syslog_address': None, 'full_logfile_path': 'C:\\Users\\tl\\Documents\\tl-pinball\\logs\\2026-09-09-18-43-26-mpf-DESKTOP-HV85DRD.log'}
2026-09-09 18:43:27,639 : INFO : Machine : MPF path: C:\mpf\Lib\site-packages\mpf
2026-09-09 18:43:27,639 : INFO : Machine : Machine path: C:\Users\tl\Documents\tl-pinball
2026-09-09 18:43:27,639 : INFO : Machine : Platform: win32
2026-09-09 18:43:27,639 : INFO : Machine : Python executable location: C:\mpf\Scripts\python.exe
2026-09-09 18:43:27,639 : INFO : Machine : Python version: 3.12.7 (64-bit)
2026-09-09 18:43:27,641 : INFO : Machine : Initializing MPF...
2026-09-09 18:43:27,815 : INFO : FAST [NET] : Trying to connect to COM4 at 921600bps
2026-09-09 18:43:27,819 : INFO : FAST [NET] : Connected to COM4 at 921600bps
2026-09-09 18:43:27,921 : INFO : FAST [NET] : Connected to FP-CPU-2000 with firmware v02.26
2026-09-09 18:43:27,953 : INFO : FAST [NET] : Registered I/O Board 0: Model: FP-I/O-0024, Firmware: 01.10, Switches: 24, Drivers: 8
2026-09-09 18:43:27,969 : INFO : FAST [NET] : Registered I/O Board 1: Model: FP-I/O-1616, Firmware: 01.10, Switches: 16, Drivers: 16
2026-09-09 18:43:27,985 : INFO : FAST [NET] : Registered I/O Board 2: Model: FP-I/O-3208, Firmware: 01.10, Switches: 32, Drivers: 8
2026-09-09 18:43:28,001 : INFO : FAST [NET] : Registered I/O Board 3: Model: FP-I/O-1616, Firmware: 01.10, Switches: 16, Drivers: 16
2026-09-09 18:43:28,003 : INFO : FAST [EXP] : Trying to connect to COM5 at 921600bps
2026-09-09 18:43:28,008 : INFO : FAST [EXP] : Connected to COM5 at 921600bps
2026-09-09 18:43:28,111 : INFO : FAST [EXP] : Verifying hardware for EXP "ledcab" (FP-EXP-2000, @48) with ID string "EXP FP-EXP-2000  0.42", board address 48
2026-09-09 18:43:28,127 : INFO : FAST [EXP] : Verifying hardware for EXP "ledcab" (FP-EXP-2000, @48) with ID string "BRK FP-EXP-2000  0.42", board address 480
2026-09-09 18:43:29,127 : ERROR : FAST [EXP] : Timeout waiting for response to BR@48:. Retrying...
2026-09-09 18:43:30,128 : ERROR : FAST [EXP] : Timeout waiting for response to BR@48:. Retrying...
2026-09-09 18:43:30,157 : INFO : FAST [EXP] : Verifying hardware for EXP "ledpf1" (FP-EXP-0081, @84) with ID string "EXP FP-EXP-0081  0.38", board address 84
2026-09-09 18:43:30,173 : INFO : FAST [EXP] : Verifying hardware for EXP "ledpf1" (FP-EXP-0081, @84) with ID string "BRK FP-EXP-0081  0.38", board address 840
2026-09-09 18:43:30,189 : INFO : FAST [EXP] : Verifying hardware for EXP "ledpf1" (FP-EXP-0081, @84) with ID string "BRK FP-EXP-0081  0.38", board address 841
2026-09-09 18:43:31,190 : ERROR : FAST [EXP] : Timeout waiting for response to ID@85:. Retrying...
2026-09-09 18:43:31,205 : INFO : FAST [EXP] : Verifying hardware for EXP "ledpf2" (FP-EXP-0081, @85) with ID string "EXP FP-EXP-0081  0.48", board address 85
2026-09-09 18:43:31,221 : INFO : FAST [EXP] : Verifying hardware for EXP "ledpf2" (FP-EXP-0081, @85) with ID string "BRK FP-EXP-0081  0.48", board address 850
2026-09-09 18:43:31,237 : INFO : FAST [EXP] : Verifying hardware for EXP "ledpf2" (FP-EXP-0081, @85) with ID string "BRK FP-EXP-0081  0.48", board address 851
2026-09-09 18:43:31,253 : INFO : EventManager : Event: ======'machine_var_credits_string'====== Args={'value': 'FREE PLAY', 'prev_value': None, 'change': True}
2026-09-09 18:43:31,279 : INFO : EventManager : Event: ======'machine_var_last_game_score'====== Args={'value': 4864786, 'prev_value': None, 'change': True}
2026-09-09 18:43:31,279 : INFO : EventManager : Event: ======'machine_var_master_volume'====== Args={'value': 0.5, 'prev_value': None, 'change': True}
2026-09-09 18:43:31,279 : INFO : EventManager : Event: ======'machine_var_player1_score'====== Args={'value': 4864786, 'prev_value': None, 'change': True}
2026-09-09 18:43:31,279 : INFO : EventManager : Event: ======'machine_var_mpf_version'====== Args={'value': 'Mission Pinball Framework v0.80.0.dev12', 'prev_value': None, 'change': True}
2026-09-09 18:43:31,279 : INFO : EventManager : Event: ======'machine_var_mpf_extended_version'====== Args={'value': 'Mission Pinball Framework v0.80.0.dev12, Config version:6, Show version: 6, BCP version:1.1', 'prev_value': None, 'change': True}
2026-09-09 18:43:31,279 : INFO : EventManager : Event: ======'machine_var_python_version'====== Args={'value': '3.12.7', 'prev_value': None, 'change': True}
2026-09-09 18:43:31,308 : INFO : EventManager : Event: ======'machine_var_platform'====== Args={'value': 'Windows-10-10.0.19044-SP0', 'prev_value': None, 'change': True}
2026-09-09 18:43:31,308 : INFO : EventManager : Event: ======'machine_var_platform_system'====== Args={'value': 'Windows', 'prev_value': None, 'change': True}
2026-09-09 18:43:31,308 : INFO : EventManager : Event: ======'machine_var_platform_release'====== Args={'value': '10', 'prev_value': None, 'change': True}
2026-09-09 18:43:31,308 : INFO : EventManager : Event: ======'machine_var_platform_version'====== Args={'value': '10.0.19044', 'prev_value': None, 'change': True}
2026-09-09 18:43:31,308 : INFO : EventManager : Event: ======'machine_var_platform_machine'====== Args={'value': 'AMD64', 'prev_value': None, 'change': True}
2026-09-09 18:43:31,309 : INFO : EventManager : Event: ======'machine_var_log_file_path'====== Args={'value': 'C:\\Users\\tl\\Documents\\tl-pinball\\logs\\2026-09-09-18-43-26-mpf-DESKTOP-HV85DRD.log', 'prev_value': None, 'change': True}
2026-09-09 18:43:31,309 : INFO : EventManager : Event: ======'init_phase_1'====== Args={}
2026-09-09 18:43:31,460 : INFO : EventManager : Event: ======'drop_target_bank_dt_bank_1_4_up'====== Args={}
2026-09-09 18:43:31,460 : INFO : EventManager : Event: ======'drop_target_bank_dt_bank_5_7_up'====== Args={}
2026-09-09 18:43:34,063 : INFO : SwitchController : <<<<<<< 's_24_trough_1' active >>>>>>>
2026-09-09 18:43:34,063 : INFO : SwitchController : <<<<<<< 's_25_trough_2' active >>>>>>>
2026-09-09 18:43:34,063 : INFO : SwitchController : <<<<<<< 's_38_star_rollover_bottom' active >>>>>>>
2026-09-09 18:43:34,063 : INFO : SwitchController : <<<<<<< 's_44_spinner_right' active >>>>>>>
2026-09-09 18:43:34,063 : INFO : SwitchController : <<<<<<< 's_71_spinner_left' active >>>>>>>
2026-09-09 18:43:34,145 : INFO : EventManager : Event: ======'init_phase_2'====== Args={}
2026-09-09 18:43:34,146 : INFO : SwitchController : Found active switch: (40, [FAST Platform Interface]) <switch.s_24_trough_1>
2026-09-09 18:43:34,146 : INFO : SwitchController : Found active switch: (41, [FAST Platform Interface]) <switch.s_25_trough_2>
2026-09-09 18:43:34,146 : INFO : SwitchController : Found active switch: (54, [FAST Platform Interface]) <switch.s_38_star_rollover_bottom>
2026-09-09 18:43:34,146 : INFO : SwitchController : Found active switch: (60, [FAST Platform Interface]) <switch.s_44_spinner_right>
2026-09-09 18:43:34,146 : INFO : SwitchController : Found active switch: (39, [FAST Platform Interface]) <switch.s_71_spinner_left>
2026-09-09 18:43:34,194 : INFO : EventManager : Event: ======'bcp_connection_attempt'====== Args={'name': 'local_display', 'host': 'localhost', 'port': 5050}
2026-09-09 18:43:34,196 : INFO : BCPClientSocket : Connecting BCP to 'local_display' at localhost:5050...
2026-09-09 18:43:35,217 : INFO : BCPClientSocket : Connected BCP to 'local_display' localhost:5050
2026-09-09 18:43:35,218 : INFO : EventManager : Event: ======'bcp_clients_connected'====== Args={}
2026-09-09 18:43:35,219 : INFO : ball_device.bd_plunger : BCH: Initial count: 0
2026-09-09 18:43:35,220 : INFO : ball_device.bd_plunger : State: idle
2026-09-09 18:43:35,220 : INFO : ball_device.bd_trough : BCH: Initial count: 2
2026-09-09 18:43:35,221 : INFO : ball_device.bd_trough : State: idle
2026-09-09 18:43:35,221 : INFO : ball_device.bd_left_vuk : BCH: Initial count: 0
2026-09-09 18:43:35,221 : INFO : ball_device.bd_left_vuk : State: idle
2026-09-09 18:43:35,222 : INFO : ball_device.bd_right_vuk : BCH: Initial count: 0
2026-09-09 18:43:35,222 : INFO : ball_device.bd_right_vuk : State: idle
2026-09-09 18:43:35,244 : INFO : EventManager : Event: ======'init_phase_3'====== Args={}
2026-09-09 18:45:06,430 : INFO : EventManager : Event: ======'init_phase_4'====== Args={}
2026-09-09 18:45:06,431 : INFO : SwitchController : <<<<<<< 's_29_trough_6' active >>>>>>>
2026-09-09 18:45:06,431 : INFO : SwitchController : <<<<<<< 's_29_trough_6' inactive >>>>>>>
2026-09-09 18:45:06,431 : INFO : SwitchController : <<<<<<< 's_29_trough_6' active >>>>>>>
2026-09-09 18:45:06,431 : INFO : SwitchController : <<<<<<< 's_29_trough_6' inactive >>>>>>>
2026-09-09 18:45:06,431 : INFO : SwitchController : <<<<<<< 's_28_trough_5' active >>>>>>>
2026-09-09 18:45:06,431 : INFO : SwitchController : <<<<<<< 's_28_trough_5' inactive >>>>>>>
2026-09-09 18:45:06,431 : INFO : SwitchController : <<<<<<< 's_27_trough_4' active >>>>>>>
2026-09-09 18:45:06,431 : INFO : SwitchController : <<<<<<< 's_27_trough_4' inactive >>>>>>>
2026-09-09 18:45:06,431 : INFO : SwitchController : <<<<<<< 's_26_trough_3' active >>>>>>>
2026-09-09 18:45:06,435 : INFO : EventManager : Event: ======'machine_var_audits_events_game_ended'====== Args={'value': 212, 'prev_value': None, 'change': True}
2026-09-09 18:45:06,435 : INFO : EventManager : Event: ======'machine_var_audits_events_game_started'====== Args={'value': 298, 'prev_value': None, 'change': True}
2026-09-09 18:45:06,435 : INFO : EventManager : Event: ======'machine_var_audits_missing_switches_s_00_service_esc'====== Args={'value': 298, 'prev_value': None, 'change': True}
2026-09-09 18:45:06,435 : INFO : EventManager : Event: ======'machine_var_audits_missing_switches_s_01_service_up'====== Args={'value': 298, 'prev_value': None, 'change': True}
2026-09-09 18:45:06,435 : INFO : EventManager : Event: ======'machine_var_audits_missing_switches_s_02_service_down'====== Args={'value': 298, 'prev_value': None, 'change': True}
2026-09-09 18:45:06,435 : INFO : EventManager : Event: ======'machine_var_audits_missing_switches_s_03_service_enter'====== Args={'value': 298, 'prev_value': None, 'change': True}
2026-09-09 18:45:06,435 : INFO : EventManager : Event: ======'machine_var_audits_missing_switches_s_08_left_flipper'====== Args={'value': 3, 'prev_value': None, 'change': True}
2026-09-09 18:45:06,436 : INFO : EventManager : Event: ======'machine_var_audits_missing_switches_s_11_start_button'====== Args={'value': 3, 'prev_value': None, 'change': True}
2026-09-09 18:45:06,436 : INFO : EventManager : Event: ======'machine_var_audits_missing_switches_s_16_right_flipper'====== Args={'value': 10, 'prev_value': None, 'change': True}
2026-09-09 18:45:06,436 : INFO : EventManager : Event: ======'machine_var_audits_missing_switches_s_17_right_flipper_upper'====== Args={'value': 10, 'prev_value': None, 'change': True}
2026-09-09 18:45:06,436 : INFO : EventManager : Event: ======'machine_var_audits_missing_switches_s_19_cab_arrow_left'====== Args={'value': 55, 'prev_value': None, 'change': True}
2026-09-09 18:45:06,436 : INFO : EventManager : Event: ======'machine_var_audits_missing_switches_s_20_cab_arrow_right'====== Args={'value': 55, 'prev_value': None, 'change': True}
2026-09-09 18:45:06,436 : INFO : EventManager : Event: ======'machine_var_audits_missing_switches_s_32_right_inlane'====== Args={'value': 3, 'prev_value': None, 'change': True}
2026-09-09 18:45:06,436 : INFO : EventManager : Event: ======'machine_var_audits_missing_switches_s_33_right_outlane'====== Args={'value': 1, 'prev_value': None, 'change': True}
2026-09-09 18:45:06,436 : INFO : EventManager : Event: ======'machine_var_audits_missing_switches_s_35_left_inlane'====== Args={'value': 10, 'prev_value': None, 'change': True}
2026-09-09 18:45:06,436 : INFO : EventManager : Event: ======'machine_var_audits_missing_switches_s_36_left_outlane'====== Args={'value': 10, 'prev_value': None, 'change': True}
2026-09-09 18:45:06,436 : INFO : EventManager : Event: ======'machine_var_audits_missing_switches_s_37_left_sling'====== Args={'value': 10, 'prev_value': None, 'change': True}
2026-09-09 18:45:06,436 : INFO : EventManager : Event: ======'machine_var_audits_missing_switches_s_38_star_rollover_bottom'====== Args={'value': 298, 'prev_value': None, 'change': True}
2026-09-09 18:45:06,436 : INFO : EventManager : Event: ======'machine_var_audits_missing_switches_s_39_star_rollover_top'====== Args={'value': 298, 'prev_value': None, 'change': True}
2026-09-09 18:45:06,436 : INFO : EventManager : Event: ======'machine_var_audits_missing_switches_s_42_stand_up_target_1'====== Args={'value': 10, 'prev_value': None, 'change': True}
2026-09-09 18:45:06,436 : INFO : EventManager : Event: ======'machine_var_audits_missing_switches_s_43_stand_up_target_4'====== Args={'value': 6, 'prev_value': None, 'change': True}
2026-09-09 18:45:06,437 : INFO : EventManager : Event: ======'machine_var_audits_missing_switches_s_67_varitarget_position_4'====== Args={'value': 6, 'prev_value': None, 'change': True}
2026-09-09 18:45:06,437 : INFO : EventManager : Event: ======'machine_var_audits_missing_switches_s_68_varitarget_position_5'====== Args={'value': 11, 'prev_value': None, 'change': True}
2026-09-09 18:45:06,437 : INFO : EventManager : Event: ======'machine_var_audits_missing_switches_s_69_varitarget_position_6'====== Args={'value': 11, 'prev_value': None, 'change': True}
2026-09-09 18:45:06,437 : INFO : EventManager : Event: ======'machine_var_audits_missing_switches_s_70_varitarget_position_7'====== Args={'value': 11, 'prev_value': None, 'change': True}
2026-09-09 18:45:06,437 : INFO : EventManager : Event: ======'machine_var_audits_missing_switches_s_84_stand_up_target_bank_3'====== Args={'value': 5, 'prev_value': None, 'change': True}
2026-09-09 18:45:06,437 : INFO : EventManager : Event: ======'machine_var_audits_missing_switches_s_85_stand_up_target_bank_4'====== Args={'value': 8, 'prev_value': None, 'change': True}
2026-09-09 18:45:06,437 : INFO : EventManager : Event: ======'machine_var_audits_missing_switches_s_86_stand_up_target_bank_5'====== Args={'value': 9, 'prev_value': None, 'change': True}
2026-09-09 18:45:06,437 : INFO : EventManager : Event: ======'machine_var_audits_missing_switches_s_87_stand_up_target_bank_6'====== Args={'value': 10, 'prev_value': None, 'change': True}
2026-09-09 18:45:06,437 : INFO : EventManager : Event: ======'machine_var_audits_player_score'====== Args={'value': {'average': 6478020, 'top': [88603150, 76121812, 44765364, 41009082, 40615668, 24862509, 21058224, 20582688, 20168509, 18733570], 'total': 212}, 'prev_value': None, 'change': True}
2026-09-09 18:45:06,437 : INFO : EventManager : Event: ======'machine_var_audits_shots_resistance_qualify_target_5'====== Args={'value': 41, 'prev_value': None, 'change': True}
2026-09-09 18:45:06,437 : INFO : EventManager : Event: ======'machine_var_audits_shots_resistance_qualify_target_6'====== Args={'value': 37, 'prev_value': None, 'change': True}
2026-09-09 18:45:06,437 : INFO : EventManager : Event: ======'machine_var_audits_shots_resistance_saucer_stage_5'====== Args={'value': 1, 'prev_value': None, 'change': True}
2026-09-09 18:45:06,437 : INFO : EventManager : Event: ======'machine_var_audits_shots_resistance_single_drop_stage_5'====== Args={'value': 2, 'prev_value': None, 'change': True}
2026-09-09 18:45:06,437 : INFO : EventManager : Event: ======'machine_var_audits_shots_resistance_top_lane_stage_2'====== Args={'value': 25, 'prev_value': None, 'change': True}
2026-09-09 18:45:06,437 : INFO : EventManager : Event: ======'machine_var_audits_shots_resistance_top_lane_stage_3'====== Args={'value': 13, 'prev_value': None, 'change': True}
2026-09-09 18:45:06,437 : INFO : EventManager : Event: ======'machine_var_audits_shots_resistance_top_lane_stage_4'====== Args={'value': 6, 'prev_value': None, 'change': True}
2026-09-09 18:45:06,437 : INFO : EventManager : Event: ======'machine_var_audits_shots_shot_dt_1'====== Args={'value': 452, 'prev_value': None, 'change': True}
2026-09-09 18:45:06,437 : INFO : EventManager : Event: ======'machine_var_audits_shots_shot_dt_2'====== Args={'value': 489, 'prev_value': None, 'change': True}
2026-09-09 18:45:06,437 : INFO : EventManager : Event: ======'machine_var_audits_shots_shot_dt_3'====== Args={'value': 473, 'prev_value': None, 'change': True}
2026-09-09 18:45:06,438 : INFO : EventManager : Event: ======'machine_var_audits_shots_shot_dt_4'====== Args={'value': 422, 'prev_value': None, 'change': True}
2026-09-09 18:45:06,438 : INFO : EventManager : Event: ======'machine_var_audits_shots_shot_dt_5'====== Args={'value': 425, 'prev_value': None, 'change': True}
2026-09-09 18:45:06,438 : INFO : EventManager : Event: ======'machine_var_audits_shots_shot_dt_6'====== Args={'value': 419, 'prev_value': None, 'change': True}
2026-09-09 18:45:06,438 : INFO : EventManager : Event: ======'machine_var_audits_shots_shot_dt_7'====== Args={'value': 419, 'prev_value': None, 'change': True}
2026-09-09 18:45:06,438 : INFO : EventManager : Event: ======'machine_var_audits_shots_shot_impossible'====== Args={'value': 195, 'prev_value': None, 'change': True}
2026-09-09 18:45:06,438 : INFO : EventManager : Event: ======'machine_var_audits_shots_shot_slingshot_l'====== Args={'value': 478, 'prev_value': None, 'change': True}
2026-09-09 18:45:06,438 : INFO : EventManager : Event: ======'machine_var_audits_shots_shot_slingshot_r'====== Args={'value': 723, 'prev_value': None, 'change': True}
2026-09-09 18:45:06,438 : INFO : EventManager : Event: ======'machine_var_audits_shots_shot_sut_1'====== Args={'value': 1681, 'prev_value': None, 'change': True}
2026-09-09 18:45:06,438 : INFO : EventManager : Event: ======'machine_var_audits_shots_shot_sut_2'====== Args={'value': 1735, 'prev_value': None, 'change': True}
2026-09-09 18:45:06,438 : INFO : EventManager : Event: ======'machine_var_audits_shots_shot_sut_3'====== Args={'value': 756, 'prev_value': None, 'change': True}
2026-09-09 18:45:06,438 : INFO : EventManager : Event: ======'machine_var_audits_shots_shot_sut_4'====== Args={'value': 363, 'prev_value': None, 'change': True}
2026-09-09 18:45:06,438 : INFO : EventManager : Event: ======'machine_var_audits_shots_shot_sut_5'====== Args={'value': 554, 'prev_value': None, 'change': True}
2026-09-09 18:45:06,438 : INFO : EventManager : Event: ======'machine_var_audits_shots_shot_sut_6'====== Args={'value': 297, 'prev_value': None, 'change': True}
2026-09-09 18:45:06,438 : INFO : EventManager : Event: ======'machine_var_audits_shots_shot_sut_blue'====== Args={'value': 2289, 'prev_value': None, 'change': True}
2026-09-09 18:45:06,438 : INFO : EventManager : Event: ======'machine_var_audits_shots_shot_sut_green'====== Args={'value': 1978, 'prev_value': None, 'change': True}
2026-09-09 18:45:06,438 : INFO : EventManager : Event: ======'machine_var_audits_shots_shot_sut_red'====== Args={'value': 1119, 'prev_value': None, 'change': True}
2026-09-09 18:45:06,438 : INFO : EventManager : Event: ======'machine_var_audits_shots_spinner_left'====== Args={'value': 2237, 'prev_value': None, 'change': True}
2026-09-09 18:45:06,438 : INFO : EventManager : Event: ======'machine_var_audits_shots_spinner_right'====== Args={'value': 2118, 'prev_value': None, 'change': True}
2026-09-09 18:45:06,438 : INFO : EventManager : Event: ======'machine_var_audits_shots_varitarget_p1'====== Args={'value': 13526, 'prev_value': None, 'change': True}
2026-09-09 18:45:06,438 : INFO : EventManager : Event: ======'machine_var_audits_shots_varitarget_p2'====== Args={'value': 770, 'prev_value': None, 'change': True}
2026-09-09 18:45:06,439 : INFO : EventManager : Event: ======'machine_var_audits_shots_varitarget_p3'====== Args={'value': 707, 'prev_value': None, 'change': True}
2026-09-09 18:45:06,439 : INFO : EventManager : Event: ======'machine_var_audits_shots_varitarget_p4'====== Args={'value': 217, 'prev_value': None, 'change': True}
2026-09-09 18:45:06,439 : INFO : EventManager : Event: ======'machine_var_audits_shots_varitarget_p5'====== Args={'value': 407, 'prev_value': None, 'change': True}
2026-09-09 18:45:06,439 : INFO : EventManager : Event: ======'machine_var_audits_shots_varitarget_p6'====== Args={'value': 529, 'prev_value': None, 'change': True}
2026-09-09 18:45:06,439 : INFO : EventManager : Event: ======'machine_var_audits_shots_varitarget_p7'====== Args={'value': 275, 'prev_value': None, 'change': True}
2026-09-09 18:45:06,439 : INFO : EventManager : Event: ======'machine_var_audits_switches_s_00_service_esc'====== Args={'value': 0, 'prev_value': None, 'change': True}
2026-09-09 18:45:06,439 : INFO : EventManager : Event: ======'machine_var_audits_switches_s_01_service_up'====== Args={'value': 0, 'prev_value': None, 'change': True}
2026-09-09 18:45:06,439 : INFO : EventManager : Event: ======'machine_var_audits_switches_s_02_service_down'====== Args={'value': 0, 'prev_value': None, 'change': True}
2026-09-09 18:45:06,439 : INFO : EventManager : Event: ======'machine_var_audits_switches_s_03_service_enter'====== Args={'value': 0, 'prev_value': None, 'change': True}
2026-09-09 18:45:06,439 : INFO : EventManager : Event: ======'machine_var_audits_switches_s_08_left_flipper'====== Args={'value': 6240, 'prev_value': None, 'change': True}
2026-09-09 18:45:06,439 : INFO : EventManager : Event: ======'machine_var_audits_switches_s_11_start_button'====== Args={'value': 491, 'prev_value': None, 'change': True}
2026-09-09 18:45:06,439 : INFO : EventManager : Event: ======'machine_var_audits_switches_s_16_right_flipper'====== Args={'value': 10594, 'prev_value': None, 'change': True}
2026-09-09 18:45:06,439 : INFO : EventManager : Event: ======'machine_var_audits_switches_s_17_right_flipper_upper'====== Args={'value': 7693, 'prev_value': None, 'change': True}
2026-09-09 18:45:06,439 : INFO : EventManager : Event: ======'machine_var_audits_switches_s_19_cab_arrow_left'====== Args={'value': 64, 'prev_value': None, 'change': True}
2026-09-09 18:45:06,439 : INFO : EventManager : Event: ======'machine_var_audits_switches_s_20_cab_arrow_right'====== Args={'value': 55, 'prev_value': None, 'change': True}
2026-09-09 18:45:06,439 : INFO : EventManager : Event: ======'machine_var_audits_switches_s_24_trough_1'====== Args={'value': 2612, 'prev_value': None, 'change': True}
2026-09-09 18:45:06,439 : INFO : EventManager : Event: ======'machine_var_audits_switches_s_25_trough_2'====== Args={'value': 2579, 'prev_value': None, 'change': True}
2026-09-09 18:45:06,439 : INFO : EventManager : Event: ======'machine_var_audits_switches_s_26_trough_3'====== Args={'value': 2224, 'prev_value': None, 'change': True}
2026-09-09 18:45:06,439 : INFO : EventManager : Event: ======'machine_var_audits_switches_s_27_trough_4'====== Args={'value': 1803, 'prev_value': None, 'change': True}
2026-09-09 18:45:06,439 : INFO : EventManager : Event: ======'machine_var_audits_switches_s_28_trough_5'====== Args={'value': 1592, 'prev_value': None, 'change': True}
2026-09-09 18:45:06,439 : INFO : EventManager : Event: ======'machine_var_audits_switches_s_29_trough_6'====== Args={'value': 1763, 'prev_value': None, 'change': True}
2026-09-09 18:45:06,439 : INFO : EventManager : Event: ======'machine_var_audits_switches_s_30_trough_jam'====== Args={'value': 2620, 'prev_value': None, 'change': True}
2026-09-09 18:45:06,440 : INFO : EventManager : Event: ======'machine_var_audits_switches_s_31_plunger_lane'====== Args={'value': 2508, 'prev_value': None, 'change': True}
2026-09-09 18:45:06,440 : INFO : EventManager : Event: ======'machine_var_audits_switches_s_32_right_inlane'====== Args={'value': 304, 'prev_value': None, 'change': True}
2026-09-09 18:45:06,440 : INFO : EventManager : Event: ======'machine_var_audits_switches_s_33_right_outlane'====== Args={'value': 150, 'prev_value': None, 'change': True}
2026-09-09 18:45:06,440 : INFO : EventManager : Event: ======'machine_var_audits_switches_s_34_right_sling'====== Args={'value': 724, 'prev_value': None, 'change': True}
2026-09-09 18:45:06,440 : INFO : EventManager : Event: ======'machine_var_audits_switches_s_35_left_inlane'====== Args={'value': 301, 'prev_value': None, 'change': True}
2026-09-09 18:45:06,440 : INFO : EventManager : Event: ======'machine_var_audits_switches_s_36_left_outlane'====== Args={'value': 115, 'prev_value': None, 'change': True}
2026-09-09 18:45:06,440 : INFO : EventManager : Event: ======'machine_var_audits_switches_s_37_left_sling'====== Args={'value': 478, 'prev_value': None, 'change': True}
2026-09-09 18:45:06,440 : INFO : EventManager : Event: ======'machine_var_audits_switches_s_38_star_rollover_bottom'====== Args={'value': 0, 'prev_value': None, 'change': True}
2026-09-09 18:45:06,440 : INFO : EventManager : Event: ======'machine_var_audits_switches_s_39_star_rollover_top'====== Args={'value': 0, 'prev_value': None, 'change': True}
2026-09-09 18:45:06,440 : INFO : EventManager : Event: ======'machine_var_audits_switches_s_40_stand_up_target_5'====== Args={'value': 458, 'prev_value': None, 'change': True}
2026-09-09 18:45:06,440 : INFO : EventManager : Event: ======'machine_var_audits_switches_s_41_stand_up_target_6'====== Args={'value': 2675, 'prev_value': None, 'change': True}
2026-09-09 18:45:06,440 : INFO : EventManager : Event: ======'machine_var_audits_switches_s_42_stand_up_target_1'====== Args={'value': 195, 'prev_value': None, 'change': True}
2026-09-09 18:45:06,440 : INFO : EventManager : Event: ======'machine_var_audits_switches_s_43_stand_up_target_4'====== Args={'value': 446, 'prev_value': None, 'change': True}
2026-09-09 18:45:06,440 : INFO : EventManager : Event: ======'machine_var_audits_switches_s_44_spinner_right'====== Args={'value': 2119, 'prev_value': None, 'change': True}
2026-09-09 18:45:06,440 : INFO : EventManager : Event: ======'machine_var_audits_switches_s_56_pop_bumper_right'====== Args={'value': 1030, 'prev_value': None, 'change': True}
2026-09-09 18:45:06,440 : INFO : EventManager : Event: ======'machine_var_audits_switches_s_57_pop_bumper_center'====== Args={'value': 2338, 'prev_value': None, 'change': True}
2026-09-09 18:45:06,440 : INFO : EventManager : Event: ======'machine_var_audits_switches_s_58_pop_bumper_left'====== Args={'value': 3568, 'prev_value': None, 'change': True}
2026-09-09 18:45:06,440 : INFO : EventManager : Event: ======'machine_var_audits_switches_s_59_saucer_right'====== Args={'value': 186, 'prev_value': None, 'change': True}
2026-09-09 18:45:06,440 : INFO : EventManager : Event: ======'machine_var_audits_switches_s_60_top_lane_c'====== Args={'value': 1019, 'prev_value': None, 'change': True}
2026-09-09 18:45:06,440 : INFO : EventManager : Event: ======'machine_var_audits_switches_s_61_top_lane_b'====== Args={'value': 908, 'prev_value': None, 'change': True}
2026-09-09 18:45:06,440 : INFO : EventManager : Event: ======'machine_var_audits_switches_s_62_top_lane_a'====== Args={'value': 298, 'prev_value': None, 'change': True}
2026-09-09 18:45:06,441 : INFO : EventManager : Event: ======'machine_var_audits_switches_s_63_stand_up_target_3'====== Args={'value': 484, 'prev_value': None, 'change': True}
2026-09-09 18:45:06,441 : INFO : EventManager : Event: ======'machine_var_audits_switches_s_64_varitarget_position_1'====== Args={'value': 13549, 'prev_value': None, 'change': True}
2026-09-09 18:45:06,441 : INFO : EventManager : Event: ======'machine_var_audits_switches_s_65_varitarget_position_2'====== Args={'value': 771, 'prev_value': None, 'change': True}
2026-09-09 18:45:06,441 : INFO : EventManager : Event: ======'machine_var_audits_switches_s_66_varitarget_position_3'====== Args={'value': 707, 'prev_value': None, 'change': True}
2026-09-09 18:45:06,441 : INFO : EventManager : Event: ======'machine_var_audits_switches_s_67_varitarget_position_4'====== Args={'value': 217, 'prev_value': None, 'change': True}
2026-09-09 18:45:06,441 : INFO : EventManager : Event: ======'machine_var_audits_switches_s_68_varitarget_position_5'====== Args={'value': 407, 'prev_value': None, 'change': True}
2026-09-09 18:45:06,441 : INFO : EventManager : Event: ======'machine_var_audits_switches_s_69_varitarget_position_6'====== Args={'value': 529, 'prev_value': None, 'change': True}
2026-09-09 18:45:06,441 : INFO : EventManager : Event: ======'machine_var_audits_switches_s_70_varitarget_position_7'====== Args={'value': 275, 'prev_value': None, 'change': True}
2026-09-09 18:45:06,441 : INFO : EventManager : Event: ======'machine_var_audits_switches_s_71_spinner_left'====== Args={'value': 2241, 'prev_value': None, 'change': True}
2026-09-09 18:45:06,441 : INFO : EventManager : Event: ======'machine_var_audits_switches_s_72_single_drop_1'====== Args={'value': 366, 'prev_value': None, 'change': True}
2026-09-09 18:45:06,441 : INFO : EventManager : Event: ======'machine_var_audits_switches_s_73_fourbank_drop_1'====== Args={'value': 479, 'prev_value': None, 'change': True}
2026-09-09 18:45:06,441 : INFO : EventManager : Event: ======'machine_var_audits_switches_s_74_fourbank_drop_2'====== Args={'value': 499, 'prev_value': None, 'change': True}
2026-09-09 18:45:06,441 : INFO : EventManager : Event: ======'machine_var_audits_switches_s_75_fourbank_drop_3'====== Args={'value': 486, 'prev_value': None, 'change': True}
2026-09-09 18:45:06,441 : INFO : EventManager : Event: ======'machine_var_audits_switches_s_76_fourbank_drop_4'====== Args={'value': 452, 'prev_value': None, 'change': True}
2026-09-09 18:45:06,441 : INFO : EventManager : Event: ======'machine_var_audits_switches_s_77_threebank_drop_1'====== Args={'value': 734, 'prev_value': None, 'change': True}
2026-09-09 18:45:06,441 : INFO : EventManager : Event: ======'machine_var_audits_switches_s_78_threebank_drop_2'====== Args={'value': 442, 'prev_value': None, 'change': True}
2026-09-09 18:45:06,441 : INFO : EventManager : Event: ======'machine_var_audits_switches_s_79_threebank_drop_3'====== Args={'value': 428, 'prev_value': None, 'change': True}
2026-09-09 18:45:06,441 : INFO : EventManager : Event: ======'machine_var_audits_switches_s_80_stand_up_target_2'====== Args={'value': 103, 'prev_value': None, 'change': True}
2026-09-09 18:45:06,441 : INFO : EventManager : Event: ======'machine_var_audits_switches_s_81_saucer_left'====== Args={'value': 472, 'prev_value': None, 'change': True}
2026-09-09 18:45:06,441 : INFO : EventManager : Event: ======'machine_var_audits_switches_s_82_stand_up_target_bank_1'====== Args={'value': 1681, 'prev_value': None, 'change': True}
2026-09-09 18:45:06,441 : INFO : EventManager : Event: ======'machine_var_audits_switches_s_83_stand_up_target_bank_2'====== Args={'value': 1735, 'prev_value': None, 'change': True}
2026-09-09 18:45:06,441 : INFO : EventManager : Event: ======'machine_var_audits_switches_s_84_stand_up_target_bank_3'====== Args={'value': 756, 'prev_value': None, 'change': True}
2026-09-09 18:45:06,442 : INFO : EventManager : Event: ======'machine_var_audits_switches_s_85_stand_up_target_bank_4'====== Args={'value': 363, 'prev_value': None, 'change': True}
2026-09-09 18:45:06,442 : INFO : EventManager : Event: ======'machine_var_audits_switches_s_86_stand_up_target_bank_5'====== Args={'value': 554, 'prev_value': None, 'change': True}
2026-09-09 18:45:06,442 : INFO : EventManager : Event: ======'machine_var_audits_switches_s_87_stand_up_target_bank_6'====== Args={'value': 297, 'prev_value': None, 'change': True}
2026-09-09 18:45:06,443 : INFO : EventManager : Event: ======'init_phase_5'====== Args={}
2026-09-09 18:45:06,443 : INFO : EventManager : Event: ======'init_done'====== Args={}
2026-09-09 18:45:06,443 : INFO : EventManager : Event: ======'machine_reset_phase_1'====== Args={}
2026-09-09 18:45:06,449 : INFO : EventManager : Event: ======'machine_reset_phase_2'====== Args={}
2026-09-09 18:45:06,450 : INFO : EventManager : Event: ======'machine_reset_phase_3'====== Args={}
2026-09-09 18:45:06,451 : INFO : drop_target_bank.dt_bank_1_4 : All targets are already up. Will not reset bank.
2026-09-09 18:45:06,451 : INFO : drop_target_bank.dt_bank_5_7 : All targets are already up. Will not reset bank.
2026-09-09 18:45:06,451 : INFO : EventManager : Event: ======'reset_complete'====== Args={}
2026-09-09 18:45:06,451 : INFO : EventManager : Event: ======'mode_attract_will_start'====== Args={}
2026-09-09 18:45:06,452 : INFO : Timer.attract_carousel_timer : Starting Timer.
2026-09-09 18:45:06,452 : INFO : EventManager : Event: ======'timer_attract_carousel_timer_started'====== Args={'ticks': 0, 'ticks_remaining': 1}
2026-09-09 18:45:06,452 : INFO : EventManager : Event: ======'timer_attract_carousel_timer_tick'====== Args={'ticks': 0, 'ticks_remaining': 1}
2026-09-09 18:45:06,455 : INFO : EventManager : Event: ======'mode_attract_starting'====== Args={}
2026-09-09 18:45:06,455 : INFO : Mode.attract : Started. Priority: 10
2026-09-09 18:45:06,455 : INFO : EventManager : Event: ======'modes_active_modes_changed'====== Args={}
2026-09-09 18:45:06,455 : INFO : EventManager : Event: ======'mode_attract_started'====== Args={}
2026-09-09 18:45:06,455 : INFO : EventManager : Event: ======'start_mode_attract_scores'====== Args={'priority': 0}
2026-09-09 18:45:06,455 : INFO : EventManager : Event: ======'start_mode_attract_credits'====== Args={'priority': 0}
2026-09-09 18:45:06,455 : INFO : EventManager : Event: ======'attract_backglass_cycle_start'====== Args={'priority': 0}
2026-09-09 18:45:06,455 : INFO : EventManager : Event: ======'attract_playfield_lightshow'====== Args={'priority': 0}
2026-09-09 18:45:06,457 : INFO : EventManager : Event: ======'mode_attract_scores_will_start'====== Args={'priority': 0}
2026-09-09 18:45:06,457 : INFO : Timer.attract_scores_carousel_timer : Starting Timer.
2026-09-09 18:45:06,457 : INFO : EventManager : Event: ======'timer_attract_scores_carousel_timer_started'====== Args={'ticks': 0, 'ticks_remaining': 1}
2026-09-09 18:45:06,457 : INFO : EventManager : Event: ======'timer_attract_scores_carousel_timer_tick'====== Args={'ticks': 0, 'ticks_remaining': 1}
2026-09-09 18:45:06,457 : INFO : EventManager : Event: ======'mode_attract_scores_starting'====== Args={'priority': 0}
2026-09-09 18:45:06,457 : INFO : EventManager : Event: ======'mode_attract_credits_will_start'====== Args={'priority': 0}
2026-09-09 18:45:06,458 : INFO : Timer.attract_credits_carousel_timer : Starting Timer.
2026-09-09 18:45:06,458 : INFO : EventManager : Event: ======'timer_attract_credits_carousel_timer_started'====== Args={'ticks': 0, 'ticks_remaining': 1}
2026-09-09 18:45:06,458 : INFO : EventManager : Event: ======'timer_attract_credits_carousel_timer_tick'====== Args={'ticks': 0, 'ticks_remaining': 1}
2026-09-09 18:45:06,458 : INFO : EventManager : Event: ======'mode_attract_credits_starting'====== Args={'priority': 0}
2026-09-09 18:45:06,460 : INFO : Mode.attract_credits : Started. Priority: 8
2026-09-09 18:45:06,460 : INFO : EventManager : Event: ======'modes_active_modes_changed'====== Args={}
2026-09-09 18:45:06,460 : INFO : EventManager : Event: ======'mode_attract_credits_started'====== Args={'priority': 0}
2026-09-09 18:45:06,460 : INFO : EventManager : Event: ======'carousel_item_highlighted'====== Args={'carousel': 'attract_credits', 'direction': None, 'item': 'credits_sfx'}
2026-09-09 18:45:06,461 : INFO : Mode.attract_scores : Started. Priority: 9
2026-09-09 18:45:06,461 : INFO : EventManager : Event: ======'modes_active_modes_changed'====== Args={}
2026-09-09 18:45:06,461 : INFO : EventManager : Event: ======'mode_attract_scores_started'====== Args={'priority': 0}
2026-09-09 18:45:06,461 : INFO : EventManager : Event: ======'carousel_item_highlighted'====== Args={'carousel': 'attract_scores', 'direction': None, 'item': 'last_game_score'}
2026-09-09 18:45:06,461 : INFO : EventManager : Event: ======'collecting_balls_complete'====== Args={}
2026-09-09 18:45:06,461 : INFO : EventManager : Event: ======'carousel_item_highlighted'====== Args={'carousel': 'attract', 'direction': None, 'item': 'title'}
2026-09-09 18:45:06,465 : INFO : Machine : Starting the main run loop with active modes: [<Mode.attract>, <Mode.attract_scores>, <Mode.attract_credits>]
2026-09-09 18:45:06,597 : INFO : EventManager : Event: ======'slide_attract_created'====== Args={'_from_bcp': True}
2026-09-09 18:45:06,597 : INFO : EventManager : Event: ======'slide__removed'====== Args={'_from_bcp': True}
2026-09-09 18:45:06,598 : INFO : EventManager : Event: ======'slide_attract_active'====== Args={'original_context': 'attract', 'original_calling_context': 'mode_attract_started', 'priority': 10.0, 'cmd': 'slides_play', '_from_bcp': True}
2026-09-09 18:45:06,935 : INFO : BallController : Initial balls found: 3
2026-09-09 18:45:06,935 : INFO : EventManager : Event: ======'balldevice_bd_trough_ball_count_changed'====== Args={'balls': 3}
2026-09-09 18:45:06,935 : INFO : ball_device.bd_trough : Received unexpected ball
2026-09-09 18:45:06,935 : INFO : EventManager : Event: ======'balldevice_captured_from_playfield'====== Args={'balls': 1}
2026-09-09 18:45:06,936 : INFO : EventManager : Event: ======'sw_playfield_active'====== Args={'balls': 1}
2026-09-09 18:45:06,936 : INFO : EventManager : Event: ======'playfield_active'====== Args={'source': None}
2026-09-09 18:45:06,936 : INFO : EventManager : Event: ======'unexpected_ball_on_playfield'====== Args={}
2026-09-09 18:45:06,936 : INFO : EventManager : Event: ======'playfield_ball_count_change'====== Args={'balls': -1, 'change': -1}
2026-09-09 18:45:06,937 : INFO : EventManager : Event: ======'balldevice_bd_trough_ball_enter'====== Args={'new_balls': 1, 'unclaimed_balls': 1, 'new_available_balls': 1, 'device': <ball_device.bd_trough>}
2026-09-09 18:45:06,939 : INFO : EventManager : Event: ======'ball_drain'====== Args={'device': <ball_device.bd_trough>, 'balls': 1}
2026-09-09 18:45:06,939 : INFO : EventManager : Event: ======'balldevice_balls_available'====== Args={}
2026-09-09 18:45:06,939 : INFO : EventManager : Event: ======'balldevice_bd_trough_ball_entered'====== Args={'new_balls': 1, 'device': <ball_device.bd_trough>}
2026-09-09 18:45:08,401 : INFO : SwitchController : <<<<<<< 's_11_start_button' active >>>>>>>
2026-09-09 18:45:08,465 : INFO : SwitchController : <<<<<<< 's_11_start_button' inactive >>>>>>>
2026-09-09 18:45:08,465 : INFO : EventManager : Event: ======'request_to_start_game'====== Args={}
2026-09-09 18:45:08,466 : INFO : EventManager : Event: ======'game_start'====== Args={'buttons': [], 'hold_time': 0.062000000034458935}
2026-09-09 18:45:08,466 : INFO : EventManager : Event: ======'mode_game_will_start'====== Args={'buttons': [], 'hold_time': 0.062000000034458935}
2026-09-09 18:45:08,467 : INFO : EventManager : Event: ======'mode_game_starting'====== Args={'buttons': [], 'hold_time': 0.062000000034458935}
2026-09-09 18:45:08,467 : INFO : EventManager : Event: ======'mode_attract_will_stop'====== Args={}
2026-09-09 18:45:08,467 : INFO : EventManager : Event: ======'mode_attract_stopping'====== Args={}
2026-09-09 18:45:08,467 : INFO : EventManager : Event: ======'stop_mode_attract_scores'====== Args={'priority': 0}
2026-09-09 18:45:08,467 : INFO : EventManager : Event: ======'stop_mode_attract_credits'====== Args={'priority': 0}
2026-09-09 18:45:08,467 : INFO : EventManager : Event: ======'attract_music_stop'====== Args={'priority': 0}
2026-09-09 18:45:08,467 : INFO : EventManager : Event: ======'stop_directional_audio'====== Args={'priority': 0}
2026-09-09 18:45:08,467 : INFO : Timer.backglass_cycle_restart_delay : Stopping Timer
2026-09-09 18:45:08,467 : INFO : EventManager : Event: ======'timer_backglass_cycle_restart_delay_stopped'====== Args={'ticks': 0, 'ticks_remaining': 0}
2026-09-09 18:45:08,467 : INFO : EventManager : Event: ======'mode_attract_scores_will_stop'====== Args={}
2026-09-09 18:45:08,467 : INFO : EventManager : Event: ======'mode_attract_scores_stopping'====== Args={}
2026-09-09 18:45:08,467 : INFO : EventManager : Event: ======'mode_attract_credits_will_stop'====== Args={}
2026-09-09 18:45:08,467 : INFO : EventManager : Event: ======'mode_attract_credits_stopping'====== Args={}
2026-09-09 18:45:08,468 : INFO : EventManager : Event: ======'audio_command'====== Args={'priority': 0, 'command': 0}
2026-09-09 18:45:08,468 : INFO : Mode.attract : Stopped.
2026-09-09 18:45:08,468 : INFO : EventManager : Event: ======'modes_active_modes_changed'====== Args={}
2026-09-09 18:45:08,470 : INFO : EventManager : Event: ======'mode_attract_stopped'====== Args={}
2026-09-09 18:45:08,470 : INFO : EventManager : Event: ======'clear'====== Args={'key': 'attract'}
2026-09-09 18:45:08,470 : INFO : Timer.directional_track_1_delay : Stopping Timer
2026-09-09 18:45:08,470 : INFO : EventManager : Event: ======'timer_directional_track_1_delay_stopped'====== Args={'ticks': 0, 'ticks_remaining': 0}
2026-09-09 18:45:08,471 : INFO : Timer.attract_carousel_timer : Stopping Timer
2026-09-09 18:45:08,471 : INFO : EventManager : Event: ======'timer_attract_carousel_timer_stopped'====== Args={'ticks': 0, 'ticks_remaining': 1}
2026-09-09 18:45:08,471 : INFO : Timer.backglass_cycle_restart_delay : Stopping Timer
2026-09-09 18:45:08,471 : INFO : EventManager : Event: ======'timer_backglass_cycle_restart_delay_stopped'====== Args={'ticks': 0, 'ticks_remaining': 0}
2026-09-09 18:45:08,471 : INFO : Mode.attract_credits : Stopped.
2026-09-09 18:45:08,471 : INFO : EventManager : Event: ======'modes_active_modes_changed'====== Args={}
2026-09-09 18:45:08,471 : INFO : EventManager : Event: ======'mode_attract_credits_stopped'====== Args={}
2026-09-09 18:45:08,471 : INFO : EventManager : Event: ======'clear'====== Args={'key': 'attract_credits'}
2026-09-09 18:45:08,471 : INFO : Timer.attract_credits_carousel_timer : Stopping Timer
2026-09-09 18:45:08,471 : INFO : EventManager : Event: ======'timer_attract_credits_carousel_timer_stopped'====== Args={'ticks': 0, 'ticks_remaining': 1}
2026-09-09 18:45:08,471 : INFO : Mode.attract_scores : Stopped.
2026-09-09 18:45:08,471 : INFO : EventManager : Event: ======'modes_active_modes_changed'====== Args={}
2026-09-09 18:45:08,471 : INFO : EventManager : Event: ======'mode_attract_scores_stopped'====== Args={}
2026-09-09 18:45:08,472 : INFO : EventManager : Event: ======'clear'====== Args={'key': 'attract_scores'}
2026-09-09 18:45:08,472 : INFO : Timer.attract_scores_carousel_timer : Stopping Timer
2026-09-09 18:45:08,472 : INFO : EventManager : Event: ======'timer_attract_scores_carousel_timer_stopped'====== Args={'ticks': 0, 'ticks_remaining': 1}
2026-09-09 18:45:08,472 : INFO : Mode.game : Started. Priority: 20
2026-09-09 18:45:08,472 : INFO : EventManager : Event: ======'modes_active_modes_changed'====== Args={}
2026-09-09 18:45:08,472 : INFO : EventManager : Event: ======'mode_game_started'====== Args={'buttons': [], 'hold_time': 0.062000000034458935}
2026-09-09 18:45:08,473 : INFO : EventManager : Event: ======'game_will_start'====== Args={}
2026-09-09 18:45:08,474 : INFO : EventManager : Event: ======'game_starting'====== Args={'game': <Mode.game>}
2026-09-09 18:45:08,475 : INFO : EventManager : Unordered handler for class <Auditor> on event game_ended with priority 1. Handlers: [RegisteredHandler(callback=<bound method Auditor.disable of <Auditor>>, priority=1, kwargs={}, key=UUID('983999e7-9616-4633-afd5-f98d56c6010e'), condition=None, blocking_facility=None), RegisteredHandler(callback=<bound method Auditor._save_audits of <Auditor>>, priority=1, kwargs={}, key=UUID('7742616c-715d-4deb-ae82-eaadcfbeff5c'), condition=None, blocking_facility=None)]. The order of those handlers is not defined and they will be executed in random order. This might lead to race conditions and potential bugs.
2026-09-09 18:45:08,476 : INFO : EventManager : Event: ======'player_add_request'====== Args={}
2026-09-09 18:45:08,476 : INFO : EventManager : Event: ======'player_will_add'====== Args={'number': 1}
2026-09-09 18:45:08,476 : INFO : EventManager : Event: ======'player_adding'====== Args={'player': <Player 1>, 'number': 1}
2026-09-09 18:45:08,476 : INFO : EventManager : Event: ======'player_added'====== Args={'player': <Player 1>, 'num': 1}
2026-09-09 18:45:08,476 : INFO : Mode.game : Player added successfully. Total players: 1
2026-09-09 18:45:08,477 : INFO : EventManager : Event: ======'player_index'====== Args={'value': 0, 'prev_value': 0, 'change': 0, 'player_num': 1}
2026-09-09 18:45:08,477 : INFO : EventManager : Event: ======'player_number'====== Args={'value': 1, 'prev_value': 1, 'change': 0, 'player_num': 1}
2026-09-09 18:45:08,477 : INFO : EventManager : Event: ======'player_awareness'====== Args={'value': 0, 'prev_value': 0, 'change': 0, 'player_num': 1}
2026-09-09 18:45:08,477 : INFO : EventManager : Event: ======'player_awareness_target'====== Args={'value': 100, 'prev_value': 100, 'change': 0, 'player_num': 1}
2026-09-09 18:45:08,477 : INFO : EventManager : Event: ======'player_awareness_qualified'====== Args={'value': 0, 'prev_value': 0, 'change': 0, 'player_num': 1}
2026-09-09 18:45:08,477 : INFO : EventManager : Event: ======'player_awareness_mysteries_collected'====== Args={'value': 0, 'prev_value': 0, 'change': 0, 'player_num': 1}
2026-09-09 18:45:08,477 : INFO : EventManager : Event: ======'player_awareness_milestone_25'====== Args={'value': 0, 'prev_value': 0, 'change': 0, 'player_num': 1}
2026-09-09 18:45:08,477 : INFO : EventManager : Event: ======'player_awareness_milestone_50'====== Args={'value': 0, 'prev_value': 0, 'change': 0, 'player_num': 1}
2026-09-09 18:45:08,477 : INFO : EventManager : Event: ======'player_awareness_milestone_75'====== Args={'value': 0, 'prev_value': 0, 'change': 0, 'player_num': 1}
2026-09-09 18:45:08,477 : INFO : EventManager : Event: ======'player_score'====== Args={'value': 0, 'prev_value': 0, 'change': 0, 'player_num': 1}
2026-09-09 18:45:08,478 : INFO : EventManager : Event: ======'game_started'====== Args={}
2026-09-09 18:45:08,479 : INFO : EventManager : Event: ======'player_turn_will_start'====== Args={'player': <Player 1>, 'number': 1}
2026-09-09 18:45:08,488 : INFO : EventManager : Event: ======'player_turn_starting'====== Args={'player': <Player 1>, 'number': 1}
2026-09-09 18:45:08,490 : INFO : EventManager : Event: ======'player_ball'====== Args={'value': 1, 'prev_value': 0, 'change': 1, 'player_num': 1}
2026-09-09 18:45:08,491 : INFO : EventManager : Event: ======'player_turn_started'====== Args={'player': <Player 1>, 'number': 1}
2026-09-09 18:45:08,492 : INFO : EventManager : Event: ======'ball_will_start'====== Args={'player': 1, 'ball': 1, 'balls_remaining': 2, 'is_extra_ball': False}
2026-09-09 18:45:08,492 : INFO : EventManager : Event: ======'ball_starting'====== Args={'player': 1, 'ball': 1, 'balls_remaining': 2, 'is_extra_ball': False}
2026-09-09 18:45:08,493 : INFO : EventManager : Event: ======'mode_skillshot_will_start'====== Args={'queue': <QueuedEvent>, 'player': 1, 'ball': 1, 'balls_remaining': 2, 'is_extra_ball': False}
2026-09-09 18:45:08,501 : INFO : EventManager : Event: ======'mode_skillshot_starting'====== Args={'queue': <QueuedEvent>, 'player': 1, 'ball': 1, 'balls_remaining': 2, 'is_extra_ball': False}
2026-09-09 18:45:08,501 : INFO : EventManager : Event: ======'mode_awareness_will_start'====== Args={'queue': <QueuedEvent>, 'player': 1, 'ball': 1, 'balls_remaining': 2, 'is_extra_ball': False}
2026-09-09 18:45:08,506 : INFO : EventManager : Event: ======'mode_awareness_starting'====== Args={'queue': <QueuedEvent>, 'player': 1, 'ball': 1, 'balls_remaining': 2, 'is_extra_ball': False}
2026-09-09 18:45:08,507 : INFO : EventManager : Event: ======'mode_base_will_start'====== Args={'queue': <QueuedEvent>, 'player': 1, 'ball': 1, 'balls_remaining': 2, 'is_extra_ball': False}
2026-09-09 18:45:08,507 : INFO : EventManager : Event: ======'player_shot_varitarget_p1_enabled'====== Args={'value': True, 'prev_value': 0, 'change': 1, 'player_num': 1}
2026-09-09 18:45:08,507 : INFO : EventManager : Event: ======'player_shot_varitarget_p2_enabled'====== Args={'value': True, 'prev_value': 0, 'change': 1, 'player_num': 1}
2026-09-09 18:45:08,507 : INFO : EventManager : Event: ======'player_shot_varitarget_p3_enabled'====== Args={'value': True, 'prev_value': 0, 'change': 1, 'player_num': 1}
2026-09-09 18:45:08,507 : INFO : EventManager : Event: ======'player_shot_varitarget_p4_enabled'====== Args={'value': True, 'prev_value': 0, 'change': 1, 'player_num': 1}
2026-09-09 18:45:08,508 : INFO : EventManager : Event: ======'player_shot_varitarget_p5_enabled'====== Args={'value': True, 'prev_value': 0, 'change': 1, 'player_num': 1}
2026-09-09 18:45:08,508 : INFO : EventManager : Event: ======'player_shot_varitarget_p6_enabled'====== Args={'value': True, 'prev_value': 0, 'change': 1, 'player_num': 1}
2026-09-09 18:45:08,508 : INFO : EventManager : Event: ======'player_shot_varitarget_p7_enabled'====== Args={'value': True, 'prev_value': 0, 'change': 1, 'player_num': 1}
2026-09-09 18:45:08,508 : INFO : EventManager : Event: ======'player_shot_shot_impossible_enabled'====== Args={'value': True, 'prev_value': 0, 'change': 1, 'player_num': 1}
2026-09-09 18:45:08,508 : INFO : EventManager : Event: ======'player_shot_shot_dt_1_enabled'====== Args={'value': True, 'prev_value': 0, 'change': 1, 'player_num': 1}
2026-09-09 18:45:08,509 : INFO : EventManager : Event: ======'player_shot_shot_dt_2_enabled'====== Args={'value': True, 'prev_value': 0, 'change': 1, 'player_num': 1}
2026-09-09 18:45:08,509 : INFO : EventManager : Event: ======'player_shot_shot_dt_3_enabled'====== Args={'value': True, 'prev_value': 0, 'change': 1, 'player_num': 1}
2026-09-09 18:45:08,509 : INFO : EventManager : Event: ======'player_shot_shot_dt_4_enabled'====== Args={'value': True, 'prev_value': 0, 'change': 1, 'player_num': 1}
2026-09-09 18:45:08,509 : INFO : EventManager : Event: ======'player_shot_shot_dt_5_enabled'====== Args={'value': True, 'prev_value': 0, 'change': 1, 'player_num': 1}
2026-09-09 18:45:08,509 : INFO : EventManager : Event: ======'player_shot_shot_dt_6_enabled'====== Args={'value': True, 'prev_value': 0, 'change': 1, 'player_num': 1}
2026-09-09 18:45:08,510 : INFO : EventManager : Event: ======'player_shot_shot_dt_7_enabled'====== Args={'value': True, 'prev_value': 0, 'change': 1, 'player_num': 1}
2026-09-09 18:45:08,510 : INFO : EventManager : Event: ======'player_shot_shot_sut_1_enabled'====== Args={'value': True, 'prev_value': 0, 'change': 1, 'player_num': 1}
2026-09-09 18:45:08,510 : INFO : EventManager : Event: ======'player_shot_shot_sut_2_enabled'====== Args={'value': True, 'prev_value': 0, 'change': 1, 'player_num': 1}
2026-09-09 18:45:08,510 : INFO : EventManager : Event: ======'player_shot_shot_sut_3_enabled'====== Args={'value': True, 'prev_value': 0, 'change': 1, 'player_num': 1}
2026-09-09 18:45:08,510 : INFO : EventManager : Event: ======'player_shot_shot_sut_4_enabled'====== Args={'value': True, 'prev_value': 0, 'change': 1, 'player_num': 1}
2026-09-09 18:45:08,511 : INFO : EventManager : Event: ======'player_shot_shot_sut_5_enabled'====== Args={'value': True, 'prev_value': 0, 'change': 1, 'player_num': 1}
2026-09-09 18:45:08,511 : INFO : EventManager : Event: ======'player_shot_shot_sut_6_enabled'====== Args={'value': True, 'prev_value': 0, 'change': 1, 'player_num': 1}
2026-09-09 18:45:08,511 : INFO : EventManager : Event: ======'player_shot_shot_sut_green_enabled'====== Args={'value': True, 'prev_value': 0, 'change': 1, 'player_num': 1}
2026-09-09 18:45:08,511 : INFO : EventManager : Event: ======'player_shot_shot_sut_blue_enabled'====== Args={'value': True, 'prev_value': 0, 'change': 1, 'player_num': 1}
2026-09-09 18:45:08,512 : INFO : EventManager : Event: ======'player_shot_shot_sut_red_enabled'====== Args={'value': True, 'prev_value': 0, 'change': 1, 'player_num': 1}
2026-09-09 18:45:08,512 : INFO : EventManager : Event: ======'player_shot_shot_slingshot_l_enabled'====== Args={'value': True, 'prev_value': 0, 'change': 1, 'player_num': 1}
2026-09-09 18:45:08,512 : INFO : EventManager : Event: ======'player_shot_shot_slingshot_r_enabled'====== Args={'value': True, 'prev_value': 0, 'change': 1, 'player_num': 1}
2026-09-09 18:45:08,512 : INFO : EventManager : Event: ======'player_shot_shot_rollover_bottom_enabled'====== Args={'value': True, 'prev_value': 0, 'change': 1, 'player_num': 1}
2026-09-09 18:45:08,513 : INFO : EventManager : Event: ======'player_shot_shot_rollover_top_enabled'====== Args={'value': True, 'prev_value': 0, 'change': 1, 'player_num': 1}
2026-09-09 18:45:08,513 : INFO : EventManager : Event: ======'player_shot_spinner_left_enabled'====== Args={'value': True, 'prev_value': 0, 'change': 1, 'player_num': 1}
2026-09-09 18:45:08,513 : INFO : EventManager : Event: ======'player_shot_spinner_right_enabled'====== Args={'value': True, 'prev_value': 0, 'change': 1, 'player_num': 1}
2026-09-09 18:45:08,514 : INFO : EventManager : Event: ======'varitarget_positions_complete'====== Args={'state': 'unlit'}
2026-09-09 18:45:08,514 : INFO : EventManager : Event: ======'varitarget_positions_unlit_complete'====== Args={}
2026-09-09 18:45:08,514 : INFO : EventManager : Event: ======'player_base_varitarget_reset_timer_tick'====== Args={'value': 0, 'prev_value': 0, 'change': 0, 'player_num': 1}
2026-09-09 18:45:08,515 : INFO : EventManager : Event: ======'player_base_varitarget_hit_settle_tick'====== Args={'value': 3, 'prev_value': 0, 'change': 3, 'player_num': 1}
2026-09-09 18:45:08,521 : INFO : EventManager : Event: ======'mode_base_starting'====== Args={'queue': <QueuedEvent>, 'player': 1, 'ball': 1, 'balls_remaining': 2, 'is_extra_ball': False}
2026-09-09 18:45:08,522 : INFO : Mode.base : Started. Priority: 100
2026-09-09 18:45:08,522 : INFO : EventManager : Event: ======'modes_active_modes_changed'====== Args={}
2026-09-09 18:45:08,522 : INFO : EventManager : Event: ======'mode_base_started'====== Args={'queue': <QueuedEvent>, 'player': 1, 'ball': 1, 'balls_remaining': 2, 'is_extra_ball': False}
2026-09-09 18:45:08,522 : INFO : EventManager : Event: ======'mode_glasses_mode_will_start'====== Args={'queue': <QueuedEvent>, 'player': 1, 'ball': 1, 'balls_remaining': 2, 'is_extra_ball': False}
2026-09-09 18:45:08,523 : INFO : EventManager : Event: ======'player_glasses_mode_glasses_position_confirm_tick'====== Args={'value': 0, 'prev_value': 0, 'change': 0, 'player_num': 1}
2026-09-09 18:45:08,523 : INFO : EventManager : Event: ======'player_glasses_mode_glasses_state_timer_tick'====== Args={'value': 0, 'prev_value': 0, 'change': 0, 'player_num': 1}
2026-09-09 18:45:08,523 : INFO : EventManager : Event: ======'player_glasses_mode_glasses_home_pulse_timer_tick'====== Args={'value': 0, 'prev_value': 0, 'change': 0, 'player_num': 1}
2026-09-09 18:45:08,529 : INFO : EventManager : Event: ======'mode_glasses_mode_starting'====== Args={'queue': <QueuedEvent>, 'player': 1, 'ball': 1, 'balls_remaining': 2, 'is_extra_ball': False}
2026-09-09 18:45:08,529 : INFO : EventManager : Event: ======'mode_super_pops_will_start'====== Args={'queue': <QueuedEvent>, 'player': 1, 'ball': 1, 'balls_remaining': 2, 'is_extra_ball': False}
2026-09-09 18:45:08,530 : INFO : EventManager : Event: ======'player_super_pops_super_pops_mult_timer_tick'====== Args={'value': 0, 'prev_value': 0, 'change': 0, 'player_num': 1}
2026-09-09 18:45:08,531 : INFO : EventManager : Unordered handler for class <Auditor> on event game_ended with priority 1. Handlers: [RegisteredHandler(callback=<bound method Auditor.disable of <Auditor>>, priority=1, kwargs={}, key=UUID('983999e7-9616-4633-afd5-f98d56c6010e'), condition=None, blocking_facility=None), RegisteredHandler(callback=<bound method Auditor._save_audits of <Auditor>>, priority=1, kwargs={}, key=UUID('7742616c-715d-4deb-ae82-eaadcfbeff5c'), condition=None, blocking_facility=None)]. The order of those handlers is not defined and they will be executed in random order. This might lead to race conditions and potential bugs.
2026-09-09 18:45:08,534 : INFO : EventManager : Event: ======'mode_super_pops_starting'====== Args={'queue': <QueuedEvent>, 'player': 1, 'ball': 1, 'balls_remaining': 2, 'is_extra_ball': False}
2026-09-09 18:45:08,534 : INFO : EventManager : Event: ======'mode_spinner_2x_qualify_will_start'====== Args={'queue': <QueuedEvent>, 'player': 1, 'ball': 1, 'balls_remaining': 2, 'is_extra_ball': False}
2026-09-09 18:45:08,535 : INFO : EventManager : Event: ======'mode_spinner_2x_qualify_starting'====== Args={'queue': <QueuedEvent>, 'player': 1, 'ball': 1, 'balls_remaining': 2, 'is_extra_ball': False}
2026-09-09 18:45:08,535 : INFO : EventManager : Event: ======'mode_shotgun_will_start'====== Args={'queue': <QueuedEvent>, 'player': 1, 'ball': 1, 'balls_remaining': 2, 'is_extra_ball': False}
2026-09-09 18:45:08,535 : INFO : EventManager : Event: ======'player_shotgun_top_lane_a_countdown_timer_tick'====== Args={'value': 30, 'prev_value': 0, 'change': 30, 'player_num': 1}
2026-09-09 18:45:08,536 : INFO : EventManager : Unordered handler for class <timer.top_lane_a_countdown_timer> on event shotgun_stop_all with priority 1. Handlers: [RegisteredHandler(callback=<bound method Timer.stop of <timer.top_lane_a_countdown_timer>>, priority=1, kwargs={}, key=UUID('7a084d96-7648-41a0-a7ad-250591d54b2e'), condition=None, blocking_facility=None), RegisteredHandler(callback=<bound method Timer.reset of <timer.top_lane_a_countdown_timer>>, priority=1, kwargs={}, key=UUID('d8ff2abd-0987-462a-8bfa-4f3e2cb31d0c'), condition=None, blocking_facility=None)]. The order of those handlers is not defined and they will be executed in random order. This might lead to race conditions and potential bugs.
2026-09-09 18:45:08,536 : INFO : EventManager : Event: ======'player_shotgun_top_lane_b_countdown_timer_tick'====== Args={'value': 30, 'prev_value': 0, 'change': 30, 'player_num': 1}
2026-09-09 18:45:08,536 : INFO : EventManager : Unordered handler for class <timer.top_lane_a_countdown_timer> on event shotgun_stop_all with priority 1. Handlers: [RegisteredHandler(callback=<bound method Timer.stop of <timer.top_lane_a_countdown_timer>>, priority=1, kwargs={}, key=UUID('7a084d96-7648-41a0-a7ad-250591d54b2e'), condition=None, blocking_facility=None), RegisteredHandler(callback=<bound method Timer.reset of <timer.top_lane_a_countdown_timer>>, priority=1, kwargs={}, key=UUID('d8ff2abd-0987-462a-8bfa-4f3e2cb31d0c'), condition=None, blocking_facility=None)]. The order of those handlers is not defined and they will be executed in random order. This might lead to race conditions and potential bugs.
2026-09-09 18:45:08,536 : INFO : EventManager : Unordered handler for class <timer.top_lane_a_countdown_timer> on event shotgun_stop_all with priority 1. Handlers: [RegisteredHandler(callback=<bound method Timer.stop of <timer.top_lane_a_countdown_timer>>, priority=1, kwargs={}, key=UUID('7a084d96-7648-41a0-a7ad-250591d54b2e'), condition=None, blocking_facility=None), RegisteredHandler(callback=<bound method Timer.reset of <timer.top_lane_a_countdown_timer>>, priority=1, kwargs={}, key=UUID('d8ff2abd-0987-462a-8bfa-4f3e2cb31d0c'), condition=None, blocking_facility=None)]. The order of those handlers is not defined and they will be executed in random order. This might lead to race conditions and potential bugs.
2026-09-09 18:45:08,537 : INFO : EventManager : Unordered handler for class <timer.top_lane_b_countdown_timer> on event shotgun_stop_all with priority 1. Handlers: [RegisteredHandler(callback=<bound method Timer.stop of <timer.top_lane_b_countdown_timer>>, priority=1, kwargs={}, key=UUID('27823c4d-a80b-41b8-8e32-5dd51784a558'), condition=None, blocking_facility=None), RegisteredHandler(callback=<bound method Timer.reset of <timer.top_lane_b_countdown_timer>>, priority=1, kwargs={}, key=UUID('d270bdf4-27fb-4e81-bb76-3d0b7dc53068'), condition=None, blocking_facility=None)]. The order of those handlers is not defined and they will be executed in random order. This might lead to race conditions and potential bugs.
2026-09-09 18:45:08,537 : INFO : EventManager : Event: ======'player_shotgun_fourbank_reset_check_timer_tick'====== Args={'value': 0, 'prev_value': 0, 'change': 0, 'player_num': 1}
2026-09-09 18:45:08,537 : INFO : EventManager : Unordered handler for class <timer.top_lane_a_countdown_timer> on event shotgun_stop_all with priority 1. Handlers: [RegisteredHandler(callback=<bound method Timer.stop of <timer.top_lane_a_countdown_timer>>, priority=1, kwargs={}, key=UUID('7a084d96-7648-41a0-a7ad-250591d54b2e'), condition=None, blocking_facility=None), RegisteredHandler(callback=<bound method Timer.reset of <timer.top_lane_a_countdown_timer>>, priority=1, kwargs={}, key=UUID('d8ff2abd-0987-462a-8bfa-4f3e2cb31d0c'), condition=None, blocking_facility=None)]. The order of those handlers is not defined and they will be executed in random order. This might lead to race conditions and potential bugs.
2026-09-09 18:45:08,537 : INFO : EventManager : Unordered handler for class <timer.top_lane_b_countdown_timer> on event shotgun_stop_all with priority 1. Handlers: [RegisteredHandler(callback=<bound method Timer.stop of <timer.top_lane_b_countdown_timer>>, priority=1, kwargs={}, key=UUID('27823c4d-a80b-41b8-8e32-5dd51784a558'), condition=None, blocking_facility=None), RegisteredHandler(callback=<bound method Timer.reset of <timer.top_lane_b_countdown_timer>>, priority=1, kwargs={}, key=UUID('d270bdf4-27fb-4e81-bb76-3d0b7dc53068'), condition=None, blocking_facility=None)]. The order of those handlers is not defined and they will be executed in random order. This might lead to race conditions and potential bugs.
2026-09-09 18:45:08,537 : INFO : EventManager : Event: ======'player_shotgun_fourbank_reset_retry_timer_tick'====== Args={'value': 0, 'prev_value': 0, 'change': 0, 'player_num': 1}
2026-09-09 18:45:08,538 : INFO : EventManager : Unordered handler for class <timer.top_lane_a_countdown_timer> on event shotgun_stop_all with priority 1. Handlers: [RegisteredHandler(callback=<bound method Timer.stop of <timer.top_lane_a_countdown_timer>>, priority=1, kwargs={}, key=UUID('7a084d96-7648-41a0-a7ad-250591d54b2e'), condition=None, blocking_facility=None), RegisteredHandler(callback=<bound method Timer.reset of <timer.top_lane_a_countdown_timer>>, priority=1, kwargs={}, key=UUID('d8ff2abd-0987-462a-8bfa-4f3e2cb31d0c'), condition=None, blocking_facility=None)]. The order of those handlers is not defined and they will be executed in random order. This might lead to race conditions and potential bugs.
2026-09-09 18:45:08,538 : INFO : EventManager : Unordered handler for class <timer.top_lane_b_countdown_timer> on event shotgun_stop_all with priority 1. Handlers: [RegisteredHandler(callback=<bound method Timer.stop of <timer.top_lane_b_countdown_timer>>, priority=1, kwargs={}, key=UUID('27823c4d-a80b-41b8-8e32-5dd51784a558'), condition=None, blocking_facility=None), RegisteredHandler(callback=<bound method Timer.reset of <timer.top_lane_b_countdown_timer>>, priority=1, kwargs={}, key=UUID('d270bdf4-27fb-4e81-bb76-3d0b7dc53068'), condition=None, blocking_facility=None)]. The order of those handlers is not defined and they will be executed in random order. This might lead to race conditions and potential bugs.
2026-09-09 18:45:08,538 : INFO : EventManager : Event: ======'player_shotgun_threebank_reset_check_timer_tick'====== Args={'value': 0, 'prev_value': 0, 'change': 0, 'player_num': 1}
2026-09-09 18:45:08,538 : INFO : EventManager : Unordered handler for class <timer.top_lane_a_countdown_timer> on event shotgun_stop_all with priority 1. Handlers: [RegisteredHandler(callback=<bound method Timer.stop of <timer.top_lane_a_countdown_timer>>, priority=1, kwargs={}, key=UUID('7a084d96-7648-41a0-a7ad-250591d54b2e'), condition=None, blocking_facility=None), RegisteredHandler(callback=<bound method Timer.reset of <timer.top_lane_a_countdown_timer>>, priority=1, kwargs={}, key=UUID('d8ff2abd-0987-462a-8bfa-4f3e2cb31d0c'), condition=None, blocking_facility=None)]. The order of those handlers is not defined and they will be executed in random order. This might lead to race conditions and potential bugs.
2026-09-09 18:45:08,538 : INFO : EventManager : Unordered handler for class <timer.top_lane_b_countdown_timer> on event shotgun_stop_all with priority 1. Handlers: [RegisteredHandler(callback=<bound method Timer.stop of <timer.top_lane_b_countdown_timer>>, priority=1, kwargs={}, key=UUID('27823c4d-a80b-41b8-8e32-5dd51784a558'), condition=None, blocking_facility=None), RegisteredHandler(callback=<bound method Timer.reset of <timer.top_lane_b_countdown_timer>>, priority=1, kwargs={}, key=UUID('d270bdf4-27fb-4e81-bb76-3d0b7dc53068'), condition=None, blocking_facility=None)]. The order of those handlers is not defined and they will be executed in random order. This might lead to race conditions and potential bugs.
2026-09-09 18:45:08,538 : INFO : EventManager : Event: ======'player_shotgun_threebank_reset_retry_timer_tick'====== Args={'value': 0, 'prev_value': 0, 'change': 0, 'player_num': 1}
2026-09-09 18:45:08,538 : INFO : EventManager : Unordered handler for class <timer.top_lane_a_countdown_timer> on event shotgun_stop_all with priority 1. Handlers: [RegisteredHandler(callback=<bound method Timer.stop of <timer.top_lane_a_countdown_timer>>, priority=1, kwargs={}, key=UUID('7a084d96-7648-41a0-a7ad-250591d54b2e'), condition=None, blocking_facility=None), RegisteredHandler(callback=<bound method Timer.reset of <timer.top_lane_a_countdown_timer>>, priority=1, kwargs={}, key=UUID('d8ff2abd-0987-462a-8bfa-4f3e2cb31d0c'), condition=None, blocking_facility=None)]. The order of those handlers is not defined and they will be executed in random order. This might lead to race conditions and potential bugs.
2026-09-09 18:45:08,539 : INFO : EventManager : Unordered handler for class <timer.top_lane_b_countdown_timer> on event shotgun_stop_all with priority 1. Handlers: [RegisteredHandler(callback=<bound method Timer.stop of <timer.top_lane_b_countdown_timer>>, priority=1, kwargs={}, key=UUID('27823c4d-a80b-41b8-8e32-5dd51784a558'), condition=None, blocking_facility=None), RegisteredHandler(callback=<bound method Timer.reset of <timer.top_lane_b_countdown_timer>>, priority=1, kwargs={}, key=UUID('d270bdf4-27fb-4e81-bb76-3d0b7dc53068'), condition=None, blocking_facility=None)]. The order of those handlers is not defined and they will be executed in random order. This might lead to race conditions and potential bugs.
2026-09-09 18:45:08,539 : INFO : EventManager : Event: ======'player_shotgun_fourbank_drop_2_trip_timer_tick'====== Args={'value': 0, 'prev_value': 0, 'change': 0, 'player_num': 1}
2026-09-09 18:45:08,539 : INFO : EventManager : Event: ======'player_shotgun_fourbank_drop_3_trip_timer_tick'====== Args={'value': 0, 'prev_value': 0, 'change': 0, 'player_num': 1}
2026-09-09 18:45:08,539 : INFO : EventManager : Event: ======'player_shotgun_threebank_drop_1_trip_timer_tick'====== Args={'value': 0, 'prev_value': 0, 'change': 0, 'player_num': 1}
2026-09-09 18:45:08,539 : INFO : EventManager : Event: ======'player_shotgun_threebank_drop_2_trip_timer_tick'====== Args={'value': 0, 'prev_value': 0, 'change': 0, 'player_num': 1}
2026-09-09 18:45:08,539 : INFO : EventManager : Event: ======'player_shotgun_threebank_drop_3_trip_timer_tick'====== Args={'value': 0, 'prev_value': 0, 'change': 0, 'player_num': 1}
2026-09-09 18:45:08,539 : INFO : EventManager : Event: ======'player_shotgun_drop_1_4_7_step_2_timer_tick'====== Args={'value': 0, 'prev_value': 0, 'change': 0, 'player_num': 1}
2026-09-09 18:45:08,540 : INFO : EventManager : Event: ======'player_shotgun_drop_1_4_7_step_3_timer_tick'====== Args={'value': 0, 'prev_value': 0, 'change': 0, 'player_num': 1}
2026-09-09 18:45:08,540 : INFO : EventManager : Event: ======'player_shotgun_drop_1_4_7_step_4_timer_tick'====== Args={'value': 0, 'prev_value': 0, 'change': 0, 'player_num': 1}
2026-09-09 18:45:08,540 : INFO : EventManager : Event: ======'player_shotgun_drop_1_4_7_ready_timer_tick'====== Args={'value': 0, 'prev_value': 0, 'change': 0, 'player_num': 1}
2026-09-09 18:45:08,546 : INFO : EventManager : Unordered handler for class <timer.top_lane_a_countdown_timer> on event shotgun_stop_all with priority 1. Handlers: [RegisteredHandler(callback=<bound method Timer.stop of <timer.top_lane_a_countdown_timer>>, priority=1, kwargs={}, key=UUID('7a084d96-7648-41a0-a7ad-250591d54b2e'), condition=None, blocking_facility=None), RegisteredHandler(callback=<bound method Timer.reset of <timer.top_lane_a_countdown_timer>>, priority=1, kwargs={}, key=UUID('d8ff2abd-0987-462a-8bfa-4f3e2cb31d0c'), condition=None, blocking_facility=None)]. The order of those handlers is not defined and they will be executed in random order. This might lead to race conditions and potential bugs.
2026-09-09 18:45:08,546 : INFO : EventManager : Unordered handler for class <timer.top_lane_b_countdown_timer> on event shotgun_stop_all with priority 1. Handlers: [RegisteredHandler(callback=<bound method Timer.stop of <timer.top_lane_b_countdown_timer>>, priority=1, kwargs={}, key=UUID('27823c4d-a80b-41b8-8e32-5dd51784a558'), condition=None, blocking_facility=None), RegisteredHandler(callback=<bound method Timer.reset of <timer.top_lane_b_countdown_timer>>, priority=1, kwargs={}, key=UUID('d270bdf4-27fb-4e81-bb76-3d0b7dc53068'), condition=None, blocking_facility=None)]. The order of those handlers is not defined and they will be executed in random order. This might lead to race conditions and potential bugs.
2026-09-09 18:45:08,547 : INFO : EventManager : Unordered handler for class <timer.top_lane_a_countdown_timer> on event shotgun_stop_all with priority 1. Handlers: [RegisteredHandler(callback=<bound method Timer.stop of <timer.top_lane_a_countdown_timer>>, priority=1, kwargs={}, key=UUID('7a084d96-7648-41a0-a7ad-250591d54b2e'), condition=None, blocking_facility=None), RegisteredHandler(callback=<bound method Timer.reset of <timer.top_lane_a_countdown_timer>>, priority=1, kwargs={}, key=UUID('d8ff2abd-0987-462a-8bfa-4f3e2cb31d0c'), condition=None, blocking_facility=None)]. The order of those handlers is not defined and they will be executed in random order. This might lead to race conditions and potential bugs.
2026-09-09 18:45:08,547 : INFO : EventManager : Unordered handler for class <timer.top_lane_b_countdown_timer> on event shotgun_stop_all with priority 1. Handlers: [RegisteredHandler(callback=<bound method Timer.stop of <timer.top_lane_b_countdown_timer>>, priority=1, kwargs={}, key=UUID('27823c4d-a80b-41b8-8e32-5dd51784a558'), condition=None, blocking_facility=None), RegisteredHandler(callback=<bound method Timer.reset of <timer.top_lane_b_countdown_timer>>, priority=1, kwargs={}, key=UUID('d270bdf4-27fb-4e81-bb76-3d0b7dc53068'), condition=None, blocking_facility=None)]. The order of those handlers is not defined and they will be executed in random order. This might lead to race conditions and potential bugs.
2026-09-09 18:45:08,550 : INFO : EventManager : Event: ======'mode_shotgun_starting'====== Args={'queue': <QueuedEvent>, 'player': 1, 'ball': 1, 'balls_remaining': 2, 'is_extra_ball': False}
2026-09-09 18:45:08,550 : INFO : EventManager : Event: ======'varitarget_yaml_loaded'====== Args={'priority': 0}
2026-09-09 18:45:08,550 : INFO : EventManager : Event: ======'player_pf_multiplier'====== Args={'value': 1, 'prev_value': 0, 'change': 1, 'player_num': 1, 'source': 'base'}
2026-09-09 18:45:08,550 : INFO : EventManager : Event: ======'player_varitarget_position'====== Args={'value': 1, 'prev_value': 0, 'change': 1, 'player_num': 1, 'source': 'base'}
2026-09-09 18:45:08,550 : INFO : EventManager : Event: ======'player_varitarget_reset_attempts'====== Args={'value': 0, 'prev_value': 0, 'change': 0, 'player_num': 1, 'source': 'base'}
2026-09-09 18:45:08,550 : INFO : EventManager : Event: ======'player_varitarget_stable_position'====== Args={'value': 1, 'prev_value': 0, 'change': 1, 'player_num': 1, 'source': 'base'}
2026-09-09 18:45:08,551 : INFO : EventManager : Event: ======'player_varitarget_hit_active'====== Args={'value': 0, 'prev_value': 0, 'change': 0, 'player_num': 1, 'source': 'base'}
2026-09-09 18:45:08,551 : INFO : EventManager : Event: ======'player_varitarget_hit_start_pos'====== Args={'value': 1, 'prev_value': 0, 'change': 1, 'player_num': 1, 'source': 'base'}
2026-09-09 18:45:08,551 : INFO : EventManager : Event: ======'player_varitarget_hit_max_pos'====== Args={'value': 1, 'prev_value': 0, 'change': 1, 'player_num': 1, 'source': 'base'}
2026-09-09 18:45:08,551 : INFO : EventManager : Event: ======'player_varitarget_hit_moved'====== Args={'value': 0, 'prev_value': 0, 'change': 0, 'player_num': 1, 'source': 'base'}
2026-09-09 18:45:08,551 : INFO : Mode.shotgun : Started. Priority: 120
2026-09-09 18:45:08,551 : INFO : EventManager : Event: ======'modes_active_modes_changed'====== Args={}
2026-09-09 18:45:08,551 : INFO : EventManager : Event: ======'mode_shotgun_started'====== Args={'queue': <QueuedEvent>, 'player': 1, 'ball': 1, 'balls_remaining': 2, 'is_extra_ball': False}
2026-09-09 18:45:08,551 : INFO : EventManager : Event: ======'shotgun_vars_reset'====== Args={'priority': 0}
2026-09-09 18:45:08,551 : INFO : EventManager : Event: ======'shotgun_all_lights_off'====== Args={'priority': 0}
2026-09-09 18:45:08,551 : INFO : EventManager : Event: ======'player_shotgun_lane_a_active'====== Args={'value': 0, 'prev_value': 0, 'change': 0, 'player_num': 1, 'source': 'shotgun'}
2026-09-09 18:45:08,552 : INFO : EventManager : Event: ======'player_shotgun_lane_b_active'====== Args={'value': 0, 'prev_value': 0, 'change': 0, 'player_num': 1, 'source': 'shotgun'}
2026-09-09 18:45:08,552 : INFO : EventManager : Event: ======'player_shotgun_qualified'====== Args={'value': 0, 'prev_value': 0, 'change': 0, 'player_num': 1, 'source': 'shotgun'}
2026-09-09 18:45:08,552 : INFO : EventManager : Event: ======'player_shotgun_mode_active'====== Args={'value': 0, 'prev_value': 0, 'change': 0, 'player_num': 1, 'source': 'shotgun'}
2026-09-09 18:45:08,552 : INFO : EventManager : Event: ======'player_alien_first_achieved'====== Args={'value': 0, 'prev_value': 0, 'change': 0, 'player_num': 1, 'source': 'shotgun'}
2026-09-09 18:45:08,552 : INFO : EventManager : Event: ======'player_alien_second_active'====== Args={'value': 0, 'prev_value': 0, 'change': 0, 'player_num': 1, 'source': 'shotgun'}
2026-09-09 18:45:08,552 : INFO : EventManager : Event: ======'player_alien_second_achieved_part1'====== Args={'value': 0, 'prev_value': 0, 'change': 0, 'player_num': 1, 'source': 'shotgun'}
2026-09-09 18:45:08,552 : INFO : EventManager : Event: ======'player_alien_second_achieved'====== Args={'value': 0, 'prev_value': 0, 'change': 0, 'player_num': 1, 'source': 'shotgun'}
2026-09-09 18:45:08,552 : INFO : EventManager : Event: ======'player_alien_third_setup_active'====== Args={'value': 0, 'prev_value': 0, 'change': 0, 'player_num': 1, 'source': 'shotgun'}
2026-09-09 18:45:08,552 : INFO : EventManager : Event: ======'player_alien_third_active'====== Args={'value': 0, 'prev_value': 0, 'change': 0, 'player_num': 1, 'source': 'shotgun'}
2026-09-09 18:45:08,553 : INFO : EventManager : Event: ======'player_alien_third_achieved'====== Args={'value': 0, 'prev_value': 0, 'change': 0, 'player_num': 1, 'source': 'shotgun'}
2026-09-09 18:45:08,553 : INFO : EventManager : Event: ======'player_alien_third_failed'====== Args={'value': 0, 'prev_value': 0, 'change': 0, 'player_num': 1, 'source': 'shotgun'}
2026-09-09 18:45:08,553 : INFO : EventManager : Event: ======'player_drop_1_4_7_active'====== Args={'value': 0, 'prev_value': 0, 'change': 0, 'player_num': 1, 'source': 'shotgun'}
2026-09-09 18:45:08,553 : INFO : EventManager : Event: ======'player_fourbank_reset_request'====== Args={'value': 0, 'prev_value': 0, 'change': 0, 'player_num': 1, 'source': 'shotgun'}
2026-09-09 18:45:08,553 : INFO : EventManager : Event: ======'player_fourbank_reset_requested'====== Args={'value': 0, 'prev_value': 0, 'change': 0, 'player_num': 1, 'source': 'shotgun'}
2026-09-09 18:45:08,553 : INFO : EventManager : Event: ======'player_fourbank_reset_confirmed'====== Args={'value': 0, 'prev_value': 0, 'change': 0, 'player_num': 1, 'source': 'shotgun'}
2026-09-09 18:45:08,553 : INFO : EventManager : Event: ======'player_fourbank_reset_failed'====== Args={'value': 0, 'prev_value': 0, 'change': 0, 'player_num': 1, 'source': 'shotgun'}
2026-09-09 18:45:08,553 : INFO : EventManager : Event: ======'player_fourbank_reset_attempts'====== Args={'value': 0, 'prev_value': 0, 'change': 0, 'player_num': 1, 'source': 'shotgun'}
2026-09-09 18:45:08,553 : INFO : EventManager : Event: ======'player_threebank_reset_request'====== Args={'value': 0, 'prev_value': 0, 'change': 0, 'player_num': 1, 'source': 'shotgun'}
2026-09-09 18:45:08,553 : INFO : EventManager : Event: ======'player_threebank_reset_requested'====== Args={'value': 0, 'prev_value': 0, 'change': 0, 'player_num': 1, 'source': 'shotgun'}
2026-09-09 18:45:08,553 : INFO : EventManager : Event: ======'player_threebank_reset_confirmed'====== Args={'value': 0, 'prev_value': 0, 'change': 0, 'player_num': 1, 'source': 'shotgun'}
2026-09-09 18:45:08,554 : INFO : EventManager : Event: ======'player_threebank_reset_failed'====== Args={'value': 0, 'prev_value': 0, 'change': 0, 'player_num': 1, 'source': 'shotgun'}
2026-09-09 18:45:08,554 : INFO : EventManager : Event: ======'player_threebank_reset_attempts'====== Args={'value': 0, 'prev_value': 0, 'change': 0, 'player_num': 1, 'source': 'shotgun'}
2026-09-09 18:45:08,554 : INFO : Mode.spinner_2x_qualify : Started. Priority: 150
2026-09-09 18:45:08,554 : INFO : EventManager : Event: ======'modes_active_modes_changed'====== Args={}
2026-09-09 18:45:08,554 : INFO : EventManager : Event: ======'mode_spinner_2x_qualify_started'====== Args={'queue': <QueuedEvent>, 'player': 1, 'ball': 1, 'balls_remaining': 2, 'is_extra_ball': False}
2026-09-09 18:45:08,554 : INFO : EventManager : Event: ======'spinner_2x_stop'====== Args={'priority': 0}
2026-09-09 18:45:08,554 : INFO : EventManager : Event: ======'player_top_lane_a_lit'====== Args={'value': 0, 'prev_value': 0, 'change': 0, 'player_num': 1, 'source': 'spinner_2x_qualify'}
2026-09-09 18:45:08,554 : INFO : EventManager : Event: ======'player_top_lane_b_lit'====== Args={'value': 0, 'prev_value': 0, 'change': 0, 'player_num': 1, 'source': 'spinner_2x_qualify'}
2026-09-09 18:45:08,555 : INFO : EventManager : Event: ======'player_top_lane_c_lit'====== Args={'value': 0, 'prev_value': 0, 'change': 0, 'player_num': 1, 'source': 'spinner_2x_qualify'}
2026-09-09 18:45:08,555 : INFO : Mode.glasses_mode : Started. Priority: 800
2026-09-09 18:45:08,555 : INFO : EventManager : Event: ======'modes_active_modes_changed'====== Args={}
2026-09-09 18:45:08,555 : INFO : EventManager : Event: ======'mode_glasses_mode_started'====== Args={'queue': <QueuedEvent>, 'player': 1, 'ball': 1, 'balls_remaining': 2, 'is_extra_ball': False}
2026-09-09 18:45:08,555 : INFO : EventManager : Event: ======'glasses_mode_loaded'====== Args={'priority': 0}
2026-09-09 18:45:08,555 : INFO : EventManager : Event: ======'glasses_stop_all_shows'====== Args={'priority': 0}
2026-09-09 18:45:08,555 : INFO : EventManager : Event: ======'glasses_init_vars'====== Args={'priority': 0}
2026-09-09 18:45:08,555 : INFO : EventManager : Event: ======'player_glasses_current_state'====== Args={'value': 1, 'prev_value': 0, 'change': 1, 'player_num': 1, 'source': 'glasses_mode'}
2026-09-09 18:45:08,555 : INFO : EventManager : Event: ======'player_glasses_homing_active'====== Args={'value': 0, 'prev_value': 0, 'change': 0, 'player_num': 1, 'source': 'glasses_mode'}
2026-09-09 18:45:08,555 : INFO : EventManager : Event: ======'player_glasses_home_start_pos'====== Args={'value': 1, 'prev_value': 0, 'change': 1, 'player_num': 1, 'source': 'glasses_mode'}
2026-09-09 18:45:08,555 : INFO : EventManager : Event: ======'player_glasses_pending_position'====== Args={'value': 1, 'prev_value': 0, 'change': 1, 'player_num': 1, 'source': 'glasses_mode'}
2026-09-09 18:45:08,556 : INFO : EventManager : Event: ======'player_glasses_confirmed_position'====== Args={'value': 1, 'prev_value': 0, 'change': 1, 'player_num': 1, 'source': 'glasses_mode'}
2026-09-09 18:45:08,556 : INFO : EventManager : Event: ======'player_glasses_home_pulse_count'====== Args={'value': 0, 'prev_value': 0, 'change': 0, 'player_num': 1, 'source': 'glasses_mode'}
2026-09-09 18:45:08,556 : INFO : Mode.awareness : Started. Priority: 105
2026-09-09 18:45:08,556 : INFO : EventManager : Event: ======'modes_active_modes_changed'====== Args={}
2026-09-09 18:45:08,556 : INFO : EventManager : Event: ======'mode_awareness_started'====== Args={'queue': <QueuedEvent>, 'player': 1, 'ball': 1, 'balls_remaining': 2, 'is_extra_ball': False}
2026-09-09 18:45:08,556 : INFO : EventManager : Event: ======'player_awareness_percent'====== Args={'value': 0, 'prev_value': 0, 'change': 0, 'player_num': 1, 'source': 'awareness'}
2026-09-09 18:45:08,556 : INFO : Mode.skillshot : Started. Priority: 200
2026-09-09 18:45:08,556 : INFO : EventManager : Event: ======'modes_active_modes_changed'====== Args={}
2026-09-09 18:45:08,556 : INFO : EventManager : Event: ======'mode_skillshot_started'====== Args={'queue': <QueuedEvent>, 'player': 1, 'ball': 1, 'balls_remaining': 2, 'is_extra_ball': False}
2026-09-09 18:45:08,556 : INFO : EventManager : Event: ======'player_skillshot_left_plunger'====== Args={'value': 0, 'prev_value': 0, 'change': 0, 'player_num': 1, 'source': 'skillshot'}
2026-09-09 18:45:08,556 : INFO : EventManager : Event: ======'player_skillshot_first_switch_seen'====== Args={'value': 0, 'prev_value': 0, 'change': 0, 'player_num': 1, 'source': 'skillshot'}
2026-09-09 18:45:08,557 : INFO : EventManager : Event: ======'player_skillshot_phase1_success'====== Args={'value': 0, 'prev_value': 0, 'change': 0, 'player_num': 1, 'source': 'skillshot'}
2026-09-09 18:45:08,557 : INFO : EventManager : Event: ======'player_skillshot_phase2_success'====== Args={'value': 0, 'prev_value': 0, 'change': 0, 'player_num': 1, 'source': 'skillshot'}
2026-09-09 18:45:08,557 : INFO : EventManager : Event: ======'player_skillshot_waiting_phase3'====== Args={'value': 0, 'prev_value': 0, 'change': 0, 'player_num': 1, 'source': 'skillshot'}
2026-09-09 18:45:08,557 : INFO : EventManager : Event: ======'player_skillshot_award'====== Args={'value': 500000, 'prev_value': 0, 'change': 500000, 'player_num': 1, 'source': 'skillshot'}
2026-09-09 18:45:08,557 : INFO : EventManager : Event: ======'balls_in_play'====== Args={'balls': 1}
2026-09-09 18:45:08,557 : INFO : EventManager : Event: ======'ball_started'====== Args={'player': 1, 'ball': 1, 'balls_remaining': 2, 'is_extra_ball': False}
2026-09-09 18:45:08,558 : INFO : EventManager : Event: ======'mode_resistance_will_start'====== Args={'player': 1, 'ball': 1, 'balls_remaining': 2, 'is_extra_ball': False}
2026-09-09 18:45:08,558 : INFO : EventManager : Event: ======'player_resistance_right_inlane_countdown_timer_tick'====== Args={'value': 15, 'prev_value': 0, 'change': 15, 'player_num': 1}
2026-09-09 18:45:08,559 : INFO : EventManager : Event: ======'player_resistance_resistance_qual_lights_15_11_timer_tick'====== Args={'value': 4, 'prev_value': 0, 'change': 4, 'player_num': 1}
2026-09-09 18:45:08,559 : INFO : EventManager : Event: ======'player_resistance_resistance_qual_lights_10_5_timer_tick'====== Args={'value': 5, 'prev_value': 0, 'change': 5, 'player_num': 1}
2026-09-09 18:45:08,559 : INFO : EventManager : Event: ======'player_resistance_resistance_qual_lights_4_0_timer_tick'====== Args={'value': 4, 'prev_value': 0, 'change': 4, 'player_num': 1}
2026-09-09 18:45:08,559 : INFO : EventManager : Event: ======'player_resistance_state_2_resistance_active_timer_tick'====== Args={'value': 15, 'prev_value': 0, 'change': 15, 'player_num': 1}
2026-09-09 18:45:08,560 : INFO : EventManager : Event: ======'player_resistance_state_3_resistance_active_timer_tick'====== Args={'value': 15, 'prev_value': 0, 'change': 15, 'player_num': 1}
2026-09-09 18:45:08,560 : INFO : EventManager : Event: ======'player_resistance_state_4_resistance_active_timer_tick'====== Args={'value': 15, 'prev_value': 0, 'change': 15, 'player_num': 1}
2026-09-09 18:45:08,561 : INFO : EventManager : Event: ======'player_resistance_state_5_resistance_active_timer_tick'====== Args={'value': 10, 'prev_value': 0, 'change': 10, 'player_num': 1}
2026-09-09 18:45:08,561 : INFO : EventManager : Event: ======'player_shot_resistance_qualify_target_5_enabled'====== Args={'value': False, 'prev_value': 0, 'change': 0, 'player_num': 1}
2026-09-09 18:45:08,562 : INFO : EventManager : Event: ======'player_shot_resistance_qualify_target_6_enabled'====== Args={'value': False, 'prev_value': 0, 'change': 0, 'player_num': 1}
2026-09-09 18:45:08,562 : INFO : EventManager : Event: ======'player_shot_resistance_top_lane_stage_2_enabled'====== Args={'value': False, 'prev_value': 0, 'change': 0, 'player_num': 1}
2026-09-09 18:45:08,562 : INFO : EventManager : Event: ======'player_shot_resistance_top_lane_stage_3_enabled'====== Args={'value': False, 'prev_value': 0, 'change': 0, 'player_num': 1}
2026-09-09 18:45:08,562 : INFO : EventManager : Event: ======'player_shot_resistance_top_lane_stage_4_enabled'====== Args={'value': False, 'prev_value': 0, 'change': 0, 'player_num': 1}
2026-09-09 18:45:08,563 : INFO : EventManager : Event: ======'player_shot_resistance_single_drop_stage_5_enabled'====== Args={'value': False, 'prev_value': 0, 'change': 0, 'player_num': 1}
2026-09-09 18:45:08,563 : INFO : EventManager : Event: ======'player_shot_resistance_saucer_stage_5_enabled'====== Args={'value': False, 'prev_value': 0, 'change': 0, 'player_num': 1}
2026-09-09 18:45:08,567 : INFO : EventManager : Event: ======'mode_resistance_starting'====== Args={'player': 1, 'ball': 1, 'balls_remaining': 2, 'is_extra_ball': False}
2026-09-09 18:45:08,567 : INFO : EventManager : Event: ======'mode_stars_mode_will_start'====== Args={'player': 1, 'ball': 1, 'balls_remaining': 2, 'is_extra_ball': False}
2026-09-09 18:45:08,568 : INFO : EventManager : Event: ======'player_stars_mode_stars_s80_hold_tick'====== Args={'value': 0, 'prev_value': 0, 'change': 0, 'player_num': 1}
2026-09-09 18:45:08,568 : INFO : EventManager : Event: ======'player_stars_mode_stars_10x_timer_tick'====== Args={'value': 0, 'prev_value': 0, 'change': 0, 'player_num': 1}
2026-09-09 18:45:08,573 : INFO : EventManager : Event: ======'mode_stars_mode_starting'====== Args={'player': 1, 'ball': 1, 'balls_remaining': 2, 'is_extra_ball': False}
2026-09-09 18:45:08,573 : INFO : EventManager : Event: ======'mode_autoplunge_will_start'====== Args={'player': 1, 'ball': 1, 'balls_remaining': 2, 'is_extra_ball': False}
2026-09-09 18:45:08,573 : INFO : EventManager : Event: ======'player_autoplunge_t_auto_plunge_tick'====== Args={'value': 10, 'prev_value': 0, 'change': 10, 'player_num': 1}
2026-09-09 18:45:08,573 : INFO : EventManager : Event: ======'mode_autoplunge_starting'====== Args={'player': 1, 'ball': 1, 'balls_remaining': 2, 'is_extra_ball': False}
2026-09-09 18:45:08,573 : INFO : EventManager : Event: ======'mode_brian_combo_will_start'====== Args={'player': 1, 'ball': 1, 'balls_remaining': 2, 'is_extra_ball': False}
2026-09-09 18:45:08,574 : INFO : EventManager : Event: ======'mode_brian_combo_starting'====== Args={'player': 1, 'ball': 1, 'balls_remaining': 2, 'is_extra_ball': False}
2026-09-09 18:45:08,574 : INFO : EventManager : Event: ======'varitarget_reset_request'====== Args={'priority': 0}
2026-09-09 18:45:08,576 : INFO : EventManager : Event: ======'player_launch_ball_save_used'====== Args={'value': 0, 'prev_value': 0, 'change': 0, 'player_num': 1, 'source': 'base'}
2026-09-09 18:45:08,577 : INFO : EventManager : Event: ======'varitarget_reset_begin'====== Args={'priority': 0}
2026-09-09 18:45:08,578 : INFO : EventManager : Event: ======'varitarget_reset_attempts_clear'====== Args={'priority': 0}
2026-09-09 18:45:08,578 : INFO : EventManager : Event: ======'varitarget_reset_step'====== Args={'priority': 0}
2026-09-09 18:45:08,578 : INFO : EventManager : Event: ======'varitarget_reset_start'====== Args={'priority': 0}
2026-09-09 18:45:08,578 : INFO : coil.c_16_varitarget_reset : Pulsing Driver for 5ms (1.0 pulse_power)
2026-09-09 18:45:08,578 : INFO : EventManager : Event: ======'player_varitarget_reset_attempts'====== Args={'value': 1, 'prev_value': 0, 'change': 1, 'player_num': 1, 'source': 'base'}
2026-09-09 18:45:08,578 : INFO : Timer.varitarget_reset_timer : Starting Timer.
2026-09-09 18:45:08,578 : INFO : EventManager : Event: ======'timer_varitarget_reset_timer_started'====== Args={'ticks': 0, 'ticks_remaining': 999999}
2026-09-09 18:45:08,578 : INFO : EventManager : Event: ======'timer_varitarget_reset_timer_tick'====== Args={'ticks': 0, 'ticks_remaining': 999999}
2026-09-09 18:45:08,578 : INFO : EventManager : Event: ======'varitarget_reset_step'====== Args={'priority': 0}
2026-09-09 18:45:08,578 : INFO : coil.c_16_varitarget_reset : Pulsing Driver for 5ms (1.0 pulse_power)
2026-09-09 18:45:08,578 : INFO : EventManager : Event: ======'player_varitarget_reset_attempts'====== Args={'value': 2, 'prev_value': 1, 'change': 1, 'player_num': 1, 'source': 'base'}
2026-09-09 18:45:08,579 : INFO : Mode.brian_combo : Started. Priority: 120
2026-09-09 18:45:08,579 : INFO : EventManager : Event: ======'modes_active_modes_changed'====== Args={}
2026-09-09 18:45:08,579 : INFO : EventManager : Event: ======'mode_brian_combo_started'====== Args={'player': 1, 'ball': 1, 'balls_remaining': 2, 'is_extra_ball': False}
2026-09-09 18:45:08,579 : INFO : EventManager : Event: ======'player_brian_combo_step'====== Args={'value': 0, 'prev_value': 0, 'change': 0, 'player_num': 1, 'source': 'brian_combo'}
2026-09-09 18:45:08,579 : INFO : Mode.autoplunge : Started. Priority: 200
2026-09-09 18:45:08,579 : INFO : EventManager : Event: ======'modes_active_modes_changed'====== Args={}
2026-09-09 18:45:08,579 : INFO : EventManager : Event: ======'mode_autoplunge_started'====== Args={'player': 1, 'ball': 1, 'balls_remaining': 2, 'is_extra_ball': False}
2026-09-09 18:45:08,579 : INFO : Mode.stars_mode : Started. Priority: 220
2026-09-09 18:45:08,579 : INFO : EventManager : Event: ======'modes_active_modes_changed'====== Args={}
2026-09-09 18:45:08,579 : INFO : EventManager : Event: ======'mode_stars_mode_started'====== Args={'player': 1, 'ball': 1, 'balls_remaining': 2, 'is_extra_ball': False}
2026-09-09 18:45:08,579 : INFO : EventManager : Event: ======'player_stars_t40'====== Args={'value': 0, 'prev_value': 0, 'change': 0, 'player_num': 1, 'source': 'stars_mode'}
2026-09-09 18:45:08,579 : INFO : EventManager : Event: ======'player_stars_t41'====== Args={'value': 0, 'prev_value': 0, 'change': 0, 'player_num': 1, 'source': 'stars_mode'}
2026-09-09 18:45:08,580 : INFO : EventManager : Event: ======'player_stars_t42'====== Args={'value': 0, 'prev_value': 0, 'change': 0, 'player_num': 1, 'source': 'stars_mode'}
2026-09-09 18:45:08,580 : INFO : EventManager : Event: ======'player_stars_t43'====== Args={'value': 0, 'prev_value': 0, 'change': 0, 'player_num': 1, 'source': 'stars_mode'}
2026-09-09 18:45:08,580 : INFO : EventManager : Event: ======'player_stars_t63'====== Args={'value': 0, 'prev_value': 0, 'change': 0, 'player_num': 1, 'source': 'stars_mode'}
2026-09-09 18:45:08,580 : INFO : EventManager : Event: ======'player_stars_s80_on'====== Args={'value': 0, 'prev_value': 0, 'change': 0, 'player_num': 1, 'source': 'stars_mode'}
2026-09-09 18:45:08,580 : INFO : EventManager : Event: ======'player_stars_s80_qualified'====== Args={'value': 0, 'prev_value': 0, 'change': 0, 'player_num': 1, 'source': 'stars_mode'}
2026-09-09 18:45:08,580 : INFO : EventManager : Event: ======'player_stars_targets_lit_count'====== Args={'value': 0, 'prev_value': 0, 'change': 0, 'player_num': 1, 'source': 'stars_mode'}
2026-09-09 18:45:08,580 : INFO : EventManager : Event: ======'player_stars_10x_active'====== Args={'value': 0, 'prev_value': 0, 'change': 0, 'player_num': 1, 'source': 'stars_mode'}
2026-09-09 18:45:08,580 : INFO : Mode.resistance : Started. Priority: 500
2026-09-09 18:45:08,580 : INFO : EventManager : Event: ======'modes_active_modes_changed'====== Args={}
2026-09-09 18:45:08,580 : INFO : EventManager : Event: ======'mode_resistance_started'====== Args={'player': 1, 'ball': 1, 'balls_remaining': 2, 'is_extra_ball': False}
2026-09-09 18:45:08,580 : INFO : EventManager : Event: ======'resistance_waiting_for_qualification'====== Args={'priority': 0}
2026-09-09 18:45:08,580 : INFO : EventManager : Event: ======'logicblock_super_pops_phase1_counter_updated'====== Args={'value': 0, 'enabled': False}
2026-09-09 18:45:08,581 : INFO : EventManager : Event: ======'logicblock_super_pops_phase2_counter_updated'====== Args={'value': 0, 'enabled': False}
2026-09-09 18:45:08,581 : INFO : EventManager : Event: ======'logicblock_super_pops_phase3_counter_updated'====== Args={'value': 0, 'enabled': False}
2026-09-09 18:45:08,581 : INFO : EventManager : Event: ======'logicblock_super_pops_mega_counter_updated'====== Args={'value': 0, 'enabled': False}
2026-09-09 18:45:08,581 : INFO : Mode.super_pops : Started. Priority: 210
2026-09-09 18:45:08,581 : INFO : EventManager : Event: ======'modes_active_modes_changed'====== Args={}
2026-09-09 18:45:08,581 : INFO : EventManager : Event: ======'mode_super_pops_started'====== Args={'queue': <QueuedEvent>, 'player': 1, 'ball': 1, 'balls_remaining': 2, 'is_extra_ball': False}
2026-09-09 18:45:08,581 : INFO : EventManager : Event: ======'logicblock_super_pops_phase1_counter_updated'====== Args={'value': 0, 'enabled': True}
2026-09-09 18:45:08,581 : INFO : EventManager : Event: ======'logicblock_super_pops_phase1_counter_updated'====== Args={'value': 0, 'enabled': True}
2026-09-09 18:45:08,581 : INFO : EventManager : Event: ======'player_score'====== Args={'value': 1000000, 'prev_value': 0, 'change': 1000000, 'player_num': 1, 'source': 'super_pops'}
2026-09-09 18:45:08,581 : INFO : EventManager : Event: ======'player_super_pops_multiplier'====== Args={'value': 1, 'prev_value': 0, 'change': 1, 'player_num': 1, 'source': 'super_pops'}
2026-09-09 18:45:08,582 : INFO : EventManager : Event: ======'single_player_ball_started'====== Args={}
2026-09-09 18:45:08,583 : INFO : EventManager : Event: ======'ball_start_target'====== Args={'target': 'playfield'}
2026-09-09 18:45:08,584 : INFO : ball_device.bd_plunger : Setting up player-controlled eject. Balls: 1, Target: <playfield.playfield>, player_controlled_eject_event: None
2026-09-09 18:45:08,584 : INFO : EventManager : Event: ======'balldevice_balls_available'====== Args={}
2026-09-09 18:45:08,587 : INFO : ball_device.bd_trough : State: waiting_for_target_ready
2026-09-09 18:45:08,587 : INFO : EventManager : Event: ======'balldevice_bd_trough_ball_eject_attempt'====== Args={'balls': 1, 'target': <ball_device.bd_plunger>, 'source': <ball_device.bd_trough>, 'mechanical_eject': True, 'num_attempts': 0}
2026-09-09 18:45:08,587 : INFO : ball_device.bd_plunger : State: waiting_for_ball
2026-09-09 18:45:08,588 : INFO : ball_device.bd_trough : State: ejecting
2026-09-09 18:45:08,588 : INFO : ball_device.bd_trough : Ejecting ball to <ball_device.bd_plunger>
2026-09-09 18:45:08,588 : INFO : EventManager : Event: ======'balldevice_bd_trough_ejecting_ball'====== Args={'balls': 1, 'target': <ball_device.bd_plunger>, 'source': <ball_device.bd_trough>, 'mechanical_eject': True, 'num_attempts': 0}
2026-09-09 18:45:08,589 : INFO : ball_device.bd_trough : Wait for ball to leave device
2026-09-09 18:45:08,590 : INFO : coil.c_02_trough_eject : Pulsing Driver for 16ms (1.0 pulse_power)
2026-09-09 18:45:08,604 : INFO : SwitchController : <<<<<<< 's_64_varitarget_position_1' active >>>>>>>
2026-09-09 18:45:08,604 : INFO : EventManager : Event: ======'playfield_active'====== Args={'source': 'varitarget_p1'}
2026-09-09 18:45:08,604 : INFO : EventManager : Event: ======'unexpected_ball_on_playfield'====== Args={}
2026-09-09 18:45:08,604 : INFO : EventManager : Event: ======'s_64_varitarget_position_1_active'====== Args={}
2026-09-09 18:45:08,604 : INFO : EventManager : Event: ======'sw_vari'====== Args={}
2026-09-09 18:45:08,604 : INFO : EventManager : Event: ======'machine_var_audits_switches_s_64_varitarget_position_1'====== Args={'value': 13550, 'prev_value': 13549, 'change': 1}
2026-09-09 18:45:08,605 : INFO : EventManager : Event: ======'glasses_pending_position_1'====== Args={'priority': 0}
2026-09-09 18:45:08,605 : INFO : EventManager : Event: ======'player_shot_varitarget_p1'====== Args={'value': 1, 'prev_value': 0, 'change': 1, 'player_num': 1}
2026-09-09 18:45:08,605 : INFO : EventManager : Event: ======'machine_var_audits_shots_varitarget_p1'====== Args={'value': 13527, 'prev_value': 13526, 'change': 1}
2026-09-09 18:45:08,605 : INFO : EventManager : Event: ======'varitarget_p1_hit'====== Args={'profile': 'default', 'state': 'unlit', 'advancing': True}
2026-09-09 18:45:08,605 : INFO : EventManager : Event: ======'varitarget_p1_default_hit'====== Args={'profile': 'default', 'state': 'unlit', 'advancing': True}
2026-09-09 18:45:08,605 : INFO : EventManager : Event: ======'varitarget_p1_default_unlit_hit'====== Args={'profile': 'default', 'state': 'unlit', 'advancing': True}
2026-09-09 18:45:08,605 : INFO : EventManager : Event: ======'varitarget_p1_unlit_hit'====== Args={'profile': 'default', 'state': 'unlit', 'advancing': True}
2026-09-09 18:45:08,605 : INFO : EventManager : Event: ======'varitarget_position_changed'====== Args={'priority': 0}
2026-09-09 18:45:08,606 : INFO : EventManager : Event: ======'varitarget_reset_stop'====== Args={'priority': 0}
2026-09-09 18:45:08,606 : INFO : EventManager : Event: ======'varitarget_reset_complete'====== Args={'priority': 0}
2026-09-09 18:45:08,606 : INFO : EventManager : Event: ======'glasses_position_confirm_restart'====== Args={'priority': 0}
2026-09-09 18:45:08,606 : INFO : Timer.glasses_position_confirm : Starting Timer.
2026-09-09 18:45:08,606 : INFO : EventManager : Event: ======'timer_glasses_position_confirm_started'====== Args={'ticks': 0, 'ticks_remaining': 1}
2026-09-09 18:45:08,606 : INFO : EventManager : Event: ======'timer_glasses_position_confirm_tick'====== Args={'ticks': 0, 'ticks_remaining': 1}
2026-09-09 18:45:08,606 : INFO : EventManager : Event: ======'varitarget_positions_hit'====== Args={'shot': 'varitarget_p1'}
2026-09-09 18:45:08,606 : INFO : EventManager : Event: ======'varitarget_positions_unlit_hit'====== Args={'shot': 'varitarget_p1'}
2026-09-09 18:45:08,606 : INFO : EventManager : Event: ======'varitarget_update_stable'====== Args={'priority': 0}
2026-09-09 18:45:08,606 : INFO : Timer.varitarget_reset_timer : Stopping Timer
2026-09-09 18:45:08,606 : INFO : EventManager : Event: ======'timer_varitarget_reset_timer_stopped'====== Args={'ticks': 0, 'ticks_remaining': 999999}
2026-09-09 18:45:08,606 : INFO : EventManager : Event: ======'player_score'====== Args={'value': 1000042, 'prev_value': 1000000, 'change': 42, 'player_num': 1, 'source': 'base'}
2026-09-09 18:45:08,619 : INFO : SwitchController : <<<<<<< 's_24_trough_1' inactive >>>>>>>
2026-09-09 18:45:08,619 : INFO : SwitchController : <<<<<<< 's_30_trough_jam' active >>>>>>>
2026-09-09 18:45:08,620 : INFO : EventManager : Event: ======'machine_var_audits_switches_s_30_trough_jam'====== Args={'value': 2621, 'prev_value': 2620, 'change': 1}
2026-09-09 18:45:08,620 : INFO : ball_device.bd_trough : State: ball_left
2026-09-09 18:45:08,621 : INFO : ball_device.bd_trough : Ball left
2026-09-09 18:45:08,621 : INFO : ball_device.bd_trough : Wait for confirm with timeout 10.0
2026-09-09 18:45:08,649 : INFO : SwitchController : <<<<<<< 's_30_trough_jam' inactive >>>>>>>
2026-09-09 18:45:08,680 : INFO : SwitchController : <<<<<<< 's_64_varitarget_position_1' inactive >>>>>>>
2026-09-09 18:45:08,838 : INFO : SwitchController : <<<<<<< 's_31_plunger_lane' active >>>>>>>
2026-09-09 18:45:08,838 : INFO : EventManager : Event: ======'s_31_plunger_lane_active'====== Args={}
2026-09-09 18:45:08,838 : INFO : EventManager : Event: ======'machine_var_audits_switches_s_31_plunger_lane'====== Args={'value': 2509, 'prev_value': 2508, 'change': 1}
2026-09-09 18:45:08,839 : INFO : Timer.t_auto_plunge : Starting Timer.
2026-09-09 18:45:08,839 : INFO : EventManager : Event: ======'timer_t_auto_plunge_started'====== Args={'ticks': 10, 'ticks_remaining': 10}
2026-09-09 18:45:08,839 : INFO : EventManager : Event: ======'timer_t_auto_plunge_tick'====== Args={'ticks': 10, 'ticks_remaining': 10}
2026-09-09 18:45:08,854 : INFO : SwitchController : <<<<<<< 's_64_varitarget_position_1' active >>>>>>>
2026-09-09 18:45:08,854 : INFO : EventManager : Event: ======'playfield_active'====== Args={'source': 'varitarget_p1'}
2026-09-09 18:45:08,854 : INFO : EventManager : Event: ======'unexpected_ball_on_playfield'====== Args={}
2026-09-09 18:45:08,854 : INFO : EventManager : Event: ======'s_64_varitarget_position_1_active'====== Args={}
2026-09-09 18:45:08,855 : INFO : EventManager : Event: ======'sw_vari'====== Args={}
2026-09-09 18:45:08,855 : INFO : EventManager : Event: ======'machine_var_audits_switches_s_64_varitarget_position_1'====== Args={'value': 13551, 'prev_value': 13550, 'change': 1}
2026-09-09 18:45:08,855 : INFO : EventManager : Event: ======'glasses_pending_position_1'====== Args={'priority': 0}
2026-09-09 18:45:08,855 : INFO : EventManager : Event: ======'machine_var_audits_shots_varitarget_p1'====== Args={'value': 13528, 'prev_value': 13527, 'change': 1}
2026-09-09 18:45:08,855 : INFO : EventManager : Event: ======'varitarget_p1_hit'====== Args={'profile': 'default', 'state': 'lit', 'advancing': False}
2026-09-09 18:45:08,855 : INFO : EventManager : Event: ======'varitarget_p1_default_hit'====== Args={'profile': 'default', 'state': 'lit', 'advancing': False}
2026-09-09 18:45:08,855 : INFO : EventManager : Event: ======'varitarget_p1_default_lit_hit'====== Args={'profile': 'default', 'state': 'lit', 'advancing': False}
2026-09-09 18:45:08,856 : INFO : EventManager : Event: ======'varitarget_p1_lit_hit'====== Args={'profile': 'default', 'state': 'lit', 'advancing': False}
2026-09-09 18:45:08,856 : INFO : EventManager : Event: ======'varitarget_position_changed'====== Args={'priority': 0}
2026-09-09 18:45:08,856 : INFO : EventManager : Event: ======'varitarget_reset_stop'====== Args={'priority': 0}
2026-09-09 18:45:08,856 : INFO : EventManager : Event: ======'varitarget_reset_complete'====== Args={'priority': 0}
2026-09-09 18:45:08,856 : INFO : EventManager : Event: ======'glasses_position_confirm_restart'====== Args={'priority': 0}
2026-09-09 18:45:08,856 : INFO : EventManager : Event: ======'timer_glasses_position_confirm_tick'====== Args={'ticks': 0, 'ticks_remaining': 1}
2026-09-09 18:45:08,856 : INFO : EventManager : Event: ======'varitarget_positions_hit'====== Args={'shot': 'varitarget_p1'}
2026-09-09 18:45:08,856 : INFO : EventManager : Event: ======'varitarget_positions_lit_hit'====== Args={'shot': 'varitarget_p1'}
2026-09-09 18:45:08,856 : INFO : EventManager : Event: ======'varitarget_update_stable'====== Args={'priority': 0}
2026-09-09 18:45:08,856 : INFO : Timer.varitarget_reset_timer : Stopping Timer
2026-09-09 18:45:08,856 : INFO : EventManager : Event: ======'timer_varitarget_reset_timer_stopped'====== Args={'ticks': 0, 'ticks_remaining': 999999}
2026-09-09 18:45:08,856 : INFO : EventManager : Event: ======'player_score'====== Args={'value': 1000084, 'prev_value': 1000042, 'change': 42, 'player_num': 1, 'source': 'base'}
2026-09-09 18:45:08,870 : INFO : SwitchController : <<<<<<< 's_31_plunger_lane' inactive >>>>>>>
2026-09-09 18:45:08,871 : INFO : EventManager : Event: ======'slide_base_slide_created'====== Args={'_from_bcp': True}
2026-09-09 18:45:08,872 : INFO : EventManager : Event: ======'slide_attract_inactive'====== Args={'is_removing': True, '_from_bcp': True}
2026-09-09 18:45:08,872 : INFO : EventManager : Event: ======'slide_base_slide_active'====== Args={'original_context': 'base', 'original_calling_context': 'mode_base_started', 'priority': 100.0, 'queue': '<QueuedEvent>', 'player': 1.0, 'ball': 1.0, 'balls_remaining': 2.0, 'is_extra_ball': False, 'cmd': 'slides_play', '_from_bcp': True}
2026-09-09 18:45:08,886 : INFO : SwitchController : <<<<<<< 's_31_plunger_lane' active >>>>>>>
2026-09-09 18:45:08,886 : INFO : EventManager : Event: ======'machine_var_audits_switches_s_31_plunger_lane'====== Args={'value': 2510, 'prev_value': 2509, 'change': 1}
2026-09-09 18:45:08,887 : INFO : SwitchController : <<<<<<< 's_64_varitarget_position_1' inactive >>>>>>>
2026-09-09 18:45:08,890 : INFO : EventManager : Event: ======'slide_attract_removed'====== Args={'_from_bcp': True}
2026-09-09 18:45:08,917 : INFO : SwitchController : <<<<<<< 's_26_trough_3' inactive >>>>>>>
2026-09-09 18:45:08,917 : INFO : SwitchController : <<<<<<< 's_25_trough_2' inactive >>>>>>>
2026-09-09 18:45:08,950 : INFO : SwitchController : <<<<<<< 's_24_trough_1' active >>>>>>>
2026-09-09 18:45:08,950 : INFO : EventManager : Event: ======'machine_var_audits_switches_s_24_trough_1'====== Args={'value': 2613, 'prev_value': 2612, 'change': 1}
2026-09-09 18:45:08,950 : INFO : SwitchController : <<<<<<< 's_25_trough_2' active >>>>>>>
2026-09-09 18:45:08,950 : INFO : EventManager : Event: ======'machine_var_audits_switches_s_25_trough_2'====== Args={'value': 2580, 'prev_value': 2579, 'change': 1}
2026-09-09 18:45:09,375 : INFO : ball_device.bd_plunger : Received ball from <ball_device.bd_trough>
2026-09-09 18:45:09,375 : INFO : EventManager : Event: ======'balldevice_bd_plunger_ball_enter'====== Args={'new_balls': 1, 'unclaimed_balls': 0, 'new_available_balls': 0, 'device': <ball_device.bd_plunger>}
2026-09-09 18:45:09,376 : INFO : EventManager : Event: ======'balldevice_bd_plunger_ball_entered'====== Args={'new_balls': 0, 'device': <ball_device.bd_plunger>}
2026-09-09 18:45:09,376 : INFO : EventManager : Event: ======'balldevice_bd_plunger_ball_count_changed'====== Args={'balls': 1}
2026-09-09 18:45:09,376 : INFO : ball_device.bd_trough : Got eject confirm
2026-09-09 18:45:09,376 : INFO : ball_device.bd_trough : Eject successful
2026-09-09 18:45:09,376 : INFO : EventManager : Event: ======'balldevice_bd_trough_ball_eject_success'====== Args={'balls': 1, 'target': <ball_device.bd_plunger>}
2026-09-09 18:45:09,377 : INFO : ball_device.bd_plunger : State: waiting_for_target_ready
2026-09-09 18:45:09,377 : INFO : EventManager : Event: ======'balldevice_bd_plunger_ball_eject_attempt'====== Args={'balls': 1, 'target': <playfield.playfield>, 'source': <ball_device.bd_plunger>, 'mechanical_eject': True, 'num_attempts': 0}
2026-09-09 18:45:09,377 : INFO : EventManager : Event: ======'balldevice_bd_trough_ball_count_changed'====== Args={'balls': 2}
2026-09-09 18:45:09,377 : INFO : ball_device.bd_trough : State: idle
2026-09-09 18:45:09,378 : INFO : ball_device.bd_plunger : State: ejecting
2026-09-09 18:45:09,378 : INFO : ball_device.bd_plunger : Ejecting ball to <playfield.playfield>
2026-09-09 18:45:09,378 : INFO : EventManager : Event: ======'balldevice_bd_plunger_ejecting_ball'====== Args={'balls': 1, 'target': <playfield.playfield>, 'source': <ball_device.bd_plunger>, 'mechanical_eject': True, 'num_attempts': 0}
2026-09-09 18:45:09,378 : INFO : ball_device.bd_plunger : Wait for ball to leave device
2026-09-09 18:45:09,818 : INFO : EventManager : Event: ======'player_autoplunge_t_auto_plunge_tick'====== Args={'value': 9, 'prev_value': 10, 'change': -1, 'player_num': 1}
2026-09-09 18:45:09,819 : INFO : EventManager : Event: ======'timer_t_auto_plunge_tick'====== Args={'ticks': 9, 'ticks_remaining': 9}
2026-09-09 18:45:09,848 : INFO : EventManager : Event: ======'player_glasses_mode_glasses_position_confirm_tick'====== Args={'value': 1, 'prev_value': 0, 'change': 1, 'player_num': 1}
2026-09-09 18:45:09,848 : INFO : Timer.glasses_position_confirm : Timer Complete
2026-09-09 18:45:09,848 : INFO : Timer.glasses_position_confirm : Stopping Timer
2026-09-09 18:45:09,848 : INFO : EventManager : Event: ======'timer_glasses_position_confirm_stopped'====== Args={'ticks': 1, 'ticks_remaining': 1}
2026-09-09 18:45:09,848 : INFO : EventManager : Event: ======'timer_glasses_position_confirm_complete'====== Args={'ticks': 1, 'ticks_remaining': 1}
2026-09-09 18:45:09,849 : INFO : EventManager : Event: ======'varitarget_position_1_confirmed'====== Args={'priority': 0}
2026-09-09 18:45:09,849 : INFO : EventManager : Event: ======'glasses_enter_state_1'====== Args={'priority': 0}
2026-09-09 18:45:09,849 : INFO : EventManager : Event: ======'glasses_stop_all_shows'====== Args={'priority': 0}
2026-09-09 18:45:09,849 : INFO : EventManager : Event: ======'glasses_state_timer_stop'====== Args={'priority': 0}
2026-09-09 18:45:09,849 : INFO : EventManager : Event: ======'glasses_home_pulse_timer_stop'====== Args={'priority': 0}
2026-09-09 18:45:09,849 : INFO : EventManager : Event: ======'glasses_homing_cancel'====== Args={'priority': 0}
2026-09-09 18:45:09,849 : INFO : Timer.glasses_state_timer : Stopping Timer
2026-09-09 18:45:09,849 : INFO : EventManager : Event: ======'timer_glasses_state_timer_stopped'====== Args={'ticks': 0, 'ticks_remaining': 0}
2026-09-09 18:45:09,849 : INFO : Timer.glasses_home_pulse_timer : Stopping Timer
2026-09-09 18:45:09,850 : INFO : EventManager : Event: ======'timer_glasses_home_pulse_timer_stopped'====== Args={'ticks': 0, 'ticks_remaining': 0}
2026-09-09 18:45:09,959 : INFO : SwitchController : <<<<<<< 's_31_plunger_lane' inactive >>>>>>>
2026-09-09 18:45:09,959 : INFO : EventManager : Event: ======'s_31_plunger_lane_inactive'====== Args={}
2026-09-09 18:45:09,960 : INFO : EventManager : Event: ======'skillshot_plunger_left'====== Args={'priority': 0}
2026-09-09 18:45:09,960 : INFO : Timer.t_auto_plunge : Stopping Timer
2026-09-09 18:45:09,960 : INFO : EventManager : Event: ======'timer_t_auto_plunge_stopped'====== Args={'ticks': 9, 'ticks_remaining': 9}
2026-09-09 18:45:09,960 : INFO : EventManager : Event: ======'ball_save_request'====== Args={'priority': 0}
2026-09-09 18:45:09,960 : INFO : EventManager : Event: ======'player_skillshot_left_plunger'====== Args={'value': 1, 'prev_value': 0, 'change': 1, 'player_num': 1, 'source': 'skillshot'}
2026-09-09 18:45:09,960 : INFO : EventManager : Event: ======'player_launch_ball_save_used'====== Args={'value': 1, 'prev_value': 0, 'change': 1, 'player_num': 1, 'source': 'base'}
2026-09-09 18:45:09,961 : INFO : EventManager : Event: ======'ball_save_bs_default_timer_start'====== Args={}
2026-09-09 18:45:09,961 : INFO : EventManager : Event: ======'ball_save_bs_default_enabled'====== Args={}
2026-09-09 18:45:09,962 : INFO : ball_device.bd_plunger : State: ball_left
2026-09-09 18:45:09,962 : INFO : ball_device.bd_plunger : Ball left
2026-09-09 18:45:09,962 : INFO : ball_device.bd_plunger : Wait for confirm with timeout 4.0
2026-09-09 18:45:12,288 : INFO : SwitchController : <<<<<<< 's_74_fourbank_drop_2' active >>>>>>>
2026-09-09 18:45:12,288 : INFO : EventManager : Event: ======'playfield_active'====== Args={'source': 'shot_dt_2'}
2026-09-09 18:45:12,288 : INFO : EventManager : Event: ======'s_74_fourbank_drop_2_active'====== Args={}
2026-09-09 18:45:12,289 : INFO : EventManager : Event: ======'sw_drop_target'====== Args={}
2026-09-09 18:45:12,289 : INFO : EventManager : Event: ======'playfield_active'====== Args={'source': 'dt_2'}
2026-09-09 18:45:12,289 : INFO : EventManager : Event: ======'drop_target_dt_2_down'====== Args={'device': <drop_target.dt_2>}
2026-09-09 18:45:12,289 : INFO : EventManager : Event: ======'drop_target_bank_dt_bank_1_4_mixed'====== Args={'prev_value': <DropTargetBankState.UP: 'up'>, 'down': 1}
2026-09-09 18:45:12,289 : INFO : EventManager : Event: ======'machine_var_audits_switches_s_74_fourbank_drop_2'====== Args={'value': 500, 'prev_value': 499, 'change': 1}
2026-09-09 18:45:12,290 : INFO : EventManager : Event: ======'skillshot_phase1_success'====== Args={'priority': 0}
2026-09-09 18:45:12,290 : INFO : EventManager : Event: ======'skillshot_complete'====== Args={'priority': 0}
2026-09-09 18:45:12,290 : INFO : EventManager : Event: ======'awareness_add_5'====== Args={'priority': 0}
2026-09-09 18:45:12,290 : INFO : EventManager : Event: ======'player_shot_shot_dt_2'====== Args={'value': 1, 'prev_value': 0, 'change': 1, 'player_num': 1}
2026-09-09 18:45:12,291 : INFO : EventManager : Event: ======'machine_var_audits_shots_shot_dt_2'====== Args={'value': 490, 'prev_value': 489, 'change': 1}
2026-09-09 18:45:12,291 : INFO : EventManager : Event: ======'shot_dt_2_hit'====== Args={'profile': 'default', 'state': 'unlit', 'advancing': True}
2026-09-09 18:45:12,291 : INFO : EventManager : Event: ======'shot_dt_2_default_hit'====== Args={'profile': 'default', 'state': 'unlit', 'advancing': True}
2026-09-09 18:45:12,291 : INFO : EventManager : Event: ======'shot_dt_2_default_unlit_hit'====== Args={'profile': 'default', 'state': 'unlit', 'advancing': True}
2026-09-09 18:45:12,291 : INFO : EventManager : Event: ======'shot_dt_2_unlit_hit'====== Args={'profile': 'default', 'state': 'unlit', 'advancing': True}
2026-09-09 18:45:12,291 : INFO : EventManager : Event: ======'player_skillshot_first_switch_seen'====== Args={'value': 1, 'prev_value': 0, 'change': 1, 'player_num': 1, 'source': 'skillshot'}
2026-09-09 18:45:12,291 : INFO : EventManager : Event: ======'player_skillshot_phase1_success'====== Args={'value': 1, 'prev_value': 0, 'change': 1, 'player_num': 1, 'source': 'skillshot'}
2026-09-09 18:45:12,291 : INFO : EventManager : Event: ======'player_score'====== Args={'value': 1500084, 'prev_value': 1000084, 'change': 500000, 'player_num': 1, 'source': 'skillshot'}
2026-09-09 18:45:12,291 : INFO : EventManager : Event: ======'mode_skillshot_will_stop'====== Args={}
2026-09-09 18:45:12,292 : INFO : EventManager : Event: ======'mode_skillshot_stopping'====== Args={}
2026-09-09 18:45:12,292 : INFO : EventManager : Event: ======'player_awareness'====== Args={'value': 5, 'prev_value': 0, 'change': 5, 'player_num': 1, 'source': 'awareness'}
2026-09-09 18:45:12,292 : INFO : EventManager : Event: ======'player_awareness_percent'====== Args={'value': 5, 'prev_value': 0, 'change': 5, 'player_num': 1, 'source': 'awareness'}
2026-09-09 18:45:12,292 : INFO : EventManager : Event: ======'player_score'====== Args={'value': 1500126, 'prev_value': 1500084, 'change': 42, 'player_num': 1, 'source': 'base'}
2026-09-09 18:45:12,292 : INFO : Mode.skillshot : Stopped.
2026-09-09 18:45:12,292 : INFO : EventManager : Event: ======'modes_active_modes_changed'====== Args={}
2026-09-09 18:45:12,293 : INFO : EventManager : Event: ======'mode_skillshot_stopped'====== Args={}
2026-09-09 18:45:12,293 : INFO : EventManager : Event: ======'clear'====== Args={'key': 'skillshot'}
2026-09-09 18:45:12,299 : INFO : ball_device.bd_plunger : Got eject confirm
2026-09-09 18:45:12,299 : INFO : ball_device.bd_plunger : Eject successful
2026-09-09 18:45:12,299 : INFO : EventManager : Event: ======'balldevice_bd_plunger_ball_eject_success'====== Args={'balls': 1, 'target': <playfield.playfield>}
2026-09-09 18:45:12,300 : INFO : EventManager : Event: ======'balldevice_playfield_ball_enter'====== Args={'new_balls': 1, 'unclaimed_balls': 1, 'device': <playfield.playfield>}
2026-09-09 18:45:12,300 : INFO : EventManager : Event: ======'playfield_ball_count_change'====== Args={'balls': 0, 'change': 1}
2026-09-09 18:45:12,301 : INFO : EventManager : Event: ======'balldevice_bd_plunger_ball_count_changed'====== Args={'balls': 0}
2026-09-09 18:45:12,301 : INFO : ball_device.bd_plunger : State: idle
2026-09-09 18:45:12,301 : INFO : SwitchController : <<<<<<< 's_73_fourbank_drop_1' active >>>>>>>
2026-09-09 18:45:12,301 : INFO : EventManager : Event: ======'playfield_active'====== Args={'source': 'shot_dt_1'}
2026-09-09 18:45:12,301 : INFO : EventManager : Event: ======'unexpected_ball_on_playfield'====== Args={}
2026-09-09 18:45:12,301 : INFO : EventManager : Event: ======'s_73_fourbank_drop_1_active'====== Args={}
2026-09-09 18:45:12,301 : INFO : EventManager : Event: ======'sw_drop_target'====== Args={}
2026-09-09 18:45:12,301 : INFO : EventManager : Event: ======'playfield_active'====== Args={'source': 'dt_1'}
2026-09-09 18:45:12,301 : INFO : EventManager : Event: ======'unexpected_ball_on_playfield'====== Args={}
2026-09-09 18:45:12,301 : INFO : EventManager : Event: ======'drop_target_dt_1_down'====== Args={'device': <drop_target.dt_1>}
2026-09-09 18:45:12,301 : INFO : EventManager : Event: ======'drop_target_bank_dt_bank_1_4_mixed'====== Args={'prev_value': <DropTargetBankState.MIXED: 'mixed'>, 'down': 2}
2026-09-09 18:45:12,301 : INFO : EventManager : Event: ======'machine_var_audits_switches_s_73_fourbank_drop_1'====== Args={'value': 480, 'prev_value': 479, 'change': 1}
2026-09-09 18:45:12,302 : INFO : EventManager : Event: ======'awareness_add_5'====== Args={'priority': 0}
2026-09-09 18:45:12,302 : INFO : EventManager : Event: ======'player_shot_shot_dt_1'====== Args={'value': 1, 'prev_value': 0, 'change': 1, 'player_num': 1}
2026-09-09 18:45:12,302 : INFO : EventManager : Event: ======'machine_var_audits_shots_shot_dt_1'====== Args={'value': 453, 'prev_value': 452, 'change': 1}
2026-09-09 18:45:12,303 : INFO : EventManager : Event: ======'shot_dt_1_hit'====== Args={'profile': 'default', 'state': 'unlit', 'advancing': True}
2026-09-09 18:45:12,303 : INFO : EventManager : Event: ======'shot_dt_1_default_hit'====== Args={'profile': 'default', 'state': 'unlit', 'advancing': True}
2026-09-09 18:45:12,303 : INFO : EventManager : Event: ======'shot_dt_1_default_unlit_hit'====== Args={'profile': 'default', 'state': 'unlit', 'advancing': True}
2026-09-09 18:45:12,303 : INFO : EventManager : Event: ======'shot_dt_1_unlit_hit'====== Args={'profile': 'default', 'state': 'unlit', 'advancing': True}
2026-09-09 18:45:12,303 : INFO : EventManager : Event: ======'player_awareness'====== Args={'value': 10, 'prev_value': 5, 'change': 5, 'player_num': 1, 'source': 'awareness'}
2026-09-09 18:45:12,303 : INFO : EventManager : Event: ======'player_awareness_percent'====== Args={'value': 10, 'prev_value': 5, 'change': 5, 'player_num': 1, 'source': 'awareness'}
2026-09-09 18:45:12,303 : INFO : EventManager : Event: ======'player_score'====== Args={'value': 1500168, 'prev_value': 1500126, 'change': 42, 'player_num': 1, 'source': 'base'}
2026-09-09 18:45:12,602 : INFO : SwitchController : <<<<<<< 's_83_stand_up_target_bank_2' active >>>>>>>
2026-09-09 18:45:12,602 : INFO : EventManager : Event: ======'playfield_active'====== Args={'source': 'shot_sut_2'}
2026-09-09 18:45:12,602 : INFO : EventManager : Event: ======'unexpected_ball_on_playfield'====== Args={}
2026-09-09 18:45:12,602 : INFO : EventManager : Event: ======'playfield_active'====== Args={'source': 'shot_sut_blue'}
2026-09-09 18:45:12,602 : INFO : EventManager : Event: ======'unexpected_ball_on_playfield'====== Args={}
2026-09-09 18:45:12,602 : INFO : EventManager : Event: ======'s_83_stand_up_target_bank_2_active'====== Args={}
2026-09-09 18:45:12,602 : INFO : EventManager : Event: ======'sw_playfield_active'====== Args={}
2026-09-09 18:45:12,602 : INFO : EventManager : Event: ======'sw_targets'====== Args={}
2026-09-09 18:45:12,602 : INFO : EventManager : Event: ======'machine_var_audits_switches_s_83_stand_up_target_bank_2'====== Args={'value': 1736, 'prev_value': 1735, 'change': 1}
2026-09-09 18:45:12,603 : INFO : EventManager : Event: ======'awareness_add_4'====== Args={'priority': 0}
2026-09-09 18:45:12,603 : INFO : EventManager : Event: ======'player_shot_shot_sut_2'====== Args={'value': 1, 'prev_value': 0, 'change': 1, 'player_num': 1}
2026-09-09 18:45:12,604 : INFO : EventManager : Event: ======'machine_var_audits_shots_shot_sut_2'====== Args={'value': 1736, 'prev_value': 1735, 'change': 1}
2026-09-09 18:45:12,604 : INFO : EventManager : Event: ======'shot_sut_2_hit'====== Args={'profile': 'default', 'state': 'unlit', 'advancing': True}
2026-09-09 18:45:12,604 : INFO : EventManager : Event: ======'shot_sut_2_default_hit'====== Args={'profile': 'default', 'state': 'unlit', 'advancing': True}
2026-09-09 18:45:12,604 : INFO : EventManager : Event: ======'shot_sut_2_default_unlit_hit'====== Args={'profile': 'default', 'state': 'unlit', 'advancing': True}
2026-09-09 18:45:12,604 : INFO : EventManager : Event: ======'shot_sut_2_unlit_hit'====== Args={'profile': 'default', 'state': 'unlit', 'advancing': True}
2026-09-09 18:45:12,604 : INFO : EventManager : Event: ======'player_shot_shot_sut_blue'====== Args={'value': 1, 'prev_value': 0, 'change': 1, 'player_num': 1}
2026-09-09 18:45:12,604 : INFO : EventManager : Event: ======'machine_var_audits_shots_shot_sut_blue'====== Args={'value': 2290, 'prev_value': 2289, 'change': 1}
2026-09-09 18:45:12,604 : INFO : EventManager : Event: ======'shot_sut_blue_hit'====== Args={'profile': 'default', 'state': 'unlit', 'advancing': True}
2026-09-09 18:45:12,604 : INFO : EventManager : Event: ======'shot_sut_blue_default_hit'====== Args={'profile': 'default', 'state': 'unlit', 'advancing': True}
2026-09-09 18:45:12,604 : INFO : EventManager : Event: ======'shot_sut_blue_default_unlit_hit'====== Args={'profile': 'default', 'state': 'unlit', 'advancing': True}
2026-09-09 18:45:12,605 : INFO : EventManager : Event: ======'shot_sut_blue_unlit_hit'====== Args={'profile': 'default', 'state': 'unlit', 'advancing': True}
2026-09-09 18:45:12,605 : INFO : EventManager : Event: ======'player_awareness'====== Args={'value': 14, 'prev_value': 10, 'change': 4, 'player_num': 1, 'source': 'awareness'}
2026-09-09 18:45:12,605 : INFO : EventManager : Event: ======'player_awareness_percent'====== Args={'value': 14, 'prev_value': 10, 'change': 4, 'player_num': 1, 'source': 'awareness'}
2026-09-09 18:45:12,605 : INFO : EventManager : Event: ======'playfield_active'====== Args={'source': None}
2026-09-09 18:45:12,605 : INFO : EventManager : Event: ======'unexpected_ball_on_playfield'====== Args={}
2026-09-09 18:45:12,605 : INFO : EventManager : Event: ======'player_score'====== Args={'value': 1500210, 'prev_value': 1500168, 'change': 42, 'player_num': 1, 'source': 'base'}
2026-09-09 18:45:12,606 : INFO : SwitchController : <<<<<<< 's_82_stand_up_target_bank_1' active >>>>>>>
2026-09-09 18:45:12,606 : INFO : EventManager : Event: ======'playfield_active'====== Args={'source': 'shot_sut_1'}
2026-09-09 18:45:12,606 : INFO : EventManager : Event: ======'unexpected_ball_on_playfield'====== Args={}
2026-09-09 18:45:12,606 : INFO : EventManager : Event: ======'playfield_active'====== Args={'source': 'shot_sut_green'}
2026-09-09 18:45:12,606 : INFO : EventManager : Event: ======'unexpected_ball_on_playfield'====== Args={}
2026-09-09 18:45:12,606 : INFO : EventManager : Event: ======'s_82_stand_up_target_bank_1_active'====== Args={}
2026-09-09 18:45:12,606 : INFO : EventManager : Event: ======'sw_playfield_active'====== Args={}
2026-09-09 18:45:12,606 : INFO : EventManager : Event: ======'sw_targets'====== Args={}
2026-09-09 18:45:12,606 : INFO : EventManager : Event: ======'machine_var_audits_switches_s_82_stand_up_target_bank_1'====== Args={'value': 1682, 'prev_value': 1681, 'change': 1}
2026-09-09 18:45:12,606 : INFO : EventManager : Event: ======'awareness_add_4'====== Args={'priority': 0}
2026-09-09 18:45:12,607 : INFO : EventManager : Event: ======'player_shot_shot_sut_1'====== Args={'value': 1, 'prev_value': 0, 'change': 1, 'player_num': 1}
2026-09-09 18:45:12,607 : INFO : EventManager : Event: ======'machine_var_audits_shots_shot_sut_1'====== Args={'value': 1682, 'prev_value': 1681, 'change': 1}
2026-09-09 18:45:12,607 : INFO : EventManager : Event: ======'shot_sut_1_hit'====== Args={'profile': 'default', 'state': 'unlit', 'advancing': True}
2026-09-09 18:45:12,607 : INFO : EventManager : Event: ======'shot_sut_1_default_hit'====== Args={'profile': 'default', 'state': 'unlit', 'advancing': True}
2026-09-09 18:45:12,607 : INFO : EventManager : Event: ======'shot_sut_1_default_unlit_hit'====== Args={'profile': 'default', 'state': 'unlit', 'advancing': True}
2026-09-09 18:45:12,607 : INFO : EventManager : Event: ======'shot_sut_1_unlit_hit'====== Args={'profile': 'default', 'state': 'unlit', 'advancing': True}
2026-09-09 18:45:12,607 : INFO : EventManager : Event: ======'player_shot_shot_sut_green'====== Args={'value': 1, 'prev_value': 0, 'change': 1, 'player_num': 1}
2026-09-09 18:45:12,607 : INFO : EventManager : Event: ======'machine_var_audits_shots_shot_sut_green'====== Args={'value': 1979, 'prev_value': 1978, 'change': 1}
2026-09-09 18:45:12,607 : INFO : EventManager : Event: ======'shot_sut_green_hit'====== Args={'profile': 'default', 'state': 'unlit', 'advancing': True}
2026-09-09 18:45:12,607 : INFO : EventManager : Event: ======'shot_sut_green_default_hit'====== Args={'profile': 'default', 'state': 'unlit', 'advancing': True}
2026-09-09 18:45:12,607 : INFO : EventManager : Event: ======'shot_sut_green_default_unlit_hit'====== Args={'profile': 'default', 'state': 'unlit', 'advancing': True}
2026-09-09 18:45:12,607 : INFO : EventManager : Event: ======'shot_sut_green_unlit_hit'====== Args={'profile': 'default', 'state': 'unlit', 'advancing': True}
2026-09-09 18:45:12,607 : INFO : EventManager : Event: ======'player_awareness'====== Args={'value': 18, 'prev_value': 14, 'change': 4, 'player_num': 1, 'source': 'awareness'}
2026-09-09 18:45:12,608 : INFO : EventManager : Event: ======'player_awareness_percent'====== Args={'value': 18, 'prev_value': 14, 'change': 4, 'player_num': 1, 'source': 'awareness'}
2026-09-09 18:45:12,608 : INFO : EventManager : Event: ======'playfield_active'====== Args={'source': None}
2026-09-09 18:45:12,608 : INFO : EventManager : Event: ======'unexpected_ball_on_playfield'====== Args={}
2026-09-09 18:45:12,608 : INFO : EventManager : Event: ======'player_score'====== Args={'value': 1500252, 'prev_value': 1500210, 'change': 42, 'player_num': 1, 'source': 'base'}
2026-09-09 18:45:12,681 : INFO : SwitchController : <<<<<<< 's_82_stand_up_target_bank_1' inactive >>>>>>>
2026-09-09 18:45:12,681 : INFO : SwitchController : <<<<<<< 's_83_stand_up_target_bank_2' inactive >>>>>>>
2026-09-09 18:45:12,791 : INFO : SwitchController : <<<<<<< 's_83_stand_up_target_bank_2' active >>>>>>>
2026-09-09 18:45:12,791 : INFO : EventManager : Event: ======'playfield_active'====== Args={'source': 'shot_sut_2'}
2026-09-09 18:45:12,791 : INFO : EventManager : Event: ======'unexpected_ball_on_playfield'====== Args={}
2026-09-09 18:45:12,791 : INFO : EventManager : Event: ======'playfield_active'====== Args={'source': 'shot_sut_blue'}
2026-09-09 18:45:12,791 : INFO : EventManager : Event: ======'unexpected_ball_on_playfield'====== Args={}
2026-09-09 18:45:12,791 : INFO : EventManager : Event: ======'s_83_stand_up_target_bank_2_active'====== Args={}
2026-09-09 18:45:12,792 : INFO : EventManager : Event: ======'sw_playfield_active'====== Args={}
2026-09-09 18:45:12,792 : INFO : EventManager : Event: ======'sw_targets'====== Args={}
2026-09-09 18:45:12,792 : INFO : EventManager : Event: ======'machine_var_audits_switches_s_83_stand_up_target_bank_2'====== Args={'value': 1737, 'prev_value': 1736, 'change': 1}
2026-09-09 18:45:12,792 : INFO : SwitchController : <<<<<<< 's_82_stand_up_target_bank_1' active >>>>>>>
2026-09-09 18:45:12,792 : INFO : EventManager : Event: ======'playfield_active'====== Args={'source': 'shot_sut_1'}
2026-09-09 18:45:12,792 : INFO : EventManager : Event: ======'unexpected_ball_on_playfield'====== Args={}
2026-09-09 18:45:12,792 : INFO : EventManager : Event: ======'playfield_active'====== Args={'source': 'shot_sut_green'}
2026-09-09 18:45:12,792 : INFO : EventManager : Event: ======'unexpected_ball_on_playfield'====== Args={}
2026-09-09 18:45:12,792 : INFO : EventManager : Event: ======'s_82_stand_up_target_bank_1_active'====== Args={}
2026-09-09 18:45:12,792 : INFO : EventManager : Event: ======'sw_playfield_active'====== Args={}
2026-09-09 18:45:12,792 : INFO : EventManager : Event: ======'sw_targets'====== Args={}
2026-09-09 18:45:12,792 : INFO : EventManager : Event: ======'machine_var_audits_switches_s_82_stand_up_target_bank_1'====== Args={'value': 1683, 'prev_value': 1682, 'change': 1}
2026-09-09 18:45:12,793 : INFO : EventManager : Event: ======'awareness_add_4'====== Args={'priority': 0}
2026-09-09 18:45:12,793 : INFO : EventManager : Event: ======'machine_var_audits_shots_shot_sut_2'====== Args={'value': 1737, 'prev_value': 1736, 'change': 1}
2026-09-09 18:45:12,793 : INFO : EventManager : Event: ======'shot_sut_2_hit'====== Args={'profile': 'default', 'state': 'lit', 'advancing': False}
2026-09-09 18:45:12,793 : INFO : EventManager : Event: ======'shot_sut_2_default_hit'====== Args={'profile': 'default', 'state': 'lit', 'advancing': False}
2026-09-09 18:45:12,793 : INFO : EventManager : Event: ======'shot_sut_2_default_lit_hit'====== Args={'profile': 'default', 'state': 'lit', 'advancing': False}
2026-09-09 18:45:12,793 : INFO : EventManager : Event: ======'shot_sut_2_lit_hit'====== Args={'profile': 'default', 'state': 'lit', 'advancing': False}
2026-09-09 18:45:12,794 : INFO : EventManager : Event: ======'machine_var_audits_shots_shot_sut_blue'====== Args={'value': 2291, 'prev_value': 2290, 'change': 1}
2026-09-09 18:45:12,794 : INFO : EventManager : Event: ======'shot_sut_blue_hit'====== Args={'profile': 'default', 'state': 'lit', 'advancing': False}
2026-09-09 18:45:12,794 : INFO : EventManager : Event: ======'shot_sut_blue_default_hit'====== Args={'profile': 'default', 'state': 'lit', 'advancing': False}
2026-09-09 18:45:12,794 : INFO : EventManager : Event: ======'shot_sut_blue_default_lit_hit'====== Args={'profile': 'default', 'state': 'lit', 'advancing': False}
2026-09-09 18:45:12,794 : INFO : EventManager : Event: ======'shot_sut_blue_lit_hit'====== Args={'profile': 'default', 'state': 'lit', 'advancing': False}
2026-09-09 18:45:12,794 : INFO : EventManager : Event: ======'player_awareness'====== Args={'value': 22, 'prev_value': 18, 'change': 4, 'player_num': 1, 'source': 'awareness'}
2026-09-09 18:45:12,794 : INFO : EventManager : Event: ======'player_awareness_percent'====== Args={'value': 22, 'prev_value': 18, 'change': 4, 'player_num': 1, 'source': 'awareness'}
2026-09-09 18:45:12,794 : INFO : EventManager : Event: ======'playfield_active'====== Args={'source': None}
2026-09-09 18:45:12,794 : INFO : EventManager : Event: ======'unexpected_ball_on_playfield'====== Args={}
2026-09-09 18:45:12,794 : INFO : EventManager : Event: ======'player_score'====== Args={'value': 1500294, 'prev_value': 1500252, 'change': 42, 'player_num': 1, 'source': 'base'}
2026-09-09 18:45:12,794 : INFO : EventManager : Event: ======'awareness_add_4'====== Args={'priority': 0}
2026-09-09 18:45:12,794 : INFO : EventManager : Event: ======'machine_var_audits_shots_shot_sut_1'====== Args={'value': 1683, 'prev_value': 1682, 'change': 1}
2026-09-09 18:45:12,794 : INFO : EventManager : Event: ======'shot_sut_1_hit'====== Args={'profile': 'default', 'state': 'lit', 'advancing': False}
2026-09-09 18:45:12,795 : INFO : EventManager : Event: ======'shot_sut_1_default_hit'====== Args={'profile': 'default', 'state': 'lit', 'advancing': False}
2026-09-09 18:45:12,795 : INFO : EventManager : Event: ======'shot_sut_1_default_lit_hit'====== Args={'profile': 'default', 'state': 'lit', 'advancing': False}
2026-09-09 18:45:12,795 : INFO : EventManager : Event: ======'shot_sut_1_lit_hit'====== Args={'profile': 'default', 'state': 'lit', 'advancing': False}
2026-09-09 18:45:12,795 : INFO : EventManager : Event: ======'machine_var_audits_shots_shot_sut_green'====== Args={'value': 1980, 'prev_value': 1979, 'change': 1}
2026-09-09 18:45:12,795 : INFO : EventManager : Event: ======'shot_sut_green_hit'====== Args={'profile': 'default', 'state': 'lit', 'advancing': False}
2026-09-09 18:45:12,795 : INFO : EventManager : Event: ======'shot_sut_green_default_hit'====== Args={'profile': 'default', 'state': 'lit', 'advancing': False}
2026-09-09 18:45:12,795 : INFO : EventManager : Event: ======'shot_sut_green_default_lit_hit'====== Args={'profile': 'default', 'state': 'lit', 'advancing': False}
2026-09-09 18:45:12,795 : INFO : EventManager : Event: ======'shot_sut_green_lit_hit'====== Args={'profile': 'default', 'state': 'lit', 'advancing': False}
2026-09-09 18:45:12,795 : INFO : EventManager : Event: ======'player_awareness'====== Args={'value': 26, 'prev_value': 22, 'change': 4, 'player_num': 1, 'source': 'awareness'}
2026-09-09 18:45:12,795 : INFO : EventManager : Event: ======'awareness_progress_display_start'====== Args={'priority': 0}
2026-09-09 18:45:12,795 : INFO : EventManager : Event: ======'player_awareness_percent'====== Args={'value': 26, 'prev_value': 22, 'change': 4, 'player_num': 1, 'source': 'awareness'}
2026-09-09 18:45:12,795 : INFO : EventManager : Event: ======'playfield_active'====== Args={'source': None}
2026-09-09 18:45:12,795 : INFO : EventManager : Event: ======'unexpected_ball_on_playfield'====== Args={}
2026-09-09 18:45:12,796 : INFO : EventManager : Event: ======'player_score'====== Args={'value': 1500336, 'prev_value': 1500294, 'change': 42, 'player_num': 1, 'source': 'base'}
2026-09-09 18:45:12,816 : INFO : EventManager : Event: ======'widget_awareness_progress_widget_active'====== Args={'original_context': 'awareness', 'original_calling_context': 'awareness_progress_display_start', 'priority': 105.0, 'cmd': 'widgets_play', '_from_bcp': True}
2026-09-09 18:45:12,838 : INFO : SwitchController : <<<<<<< 's_82_stand_up_target_bank_1' inactive >>>>>>>
2026-09-09 18:45:12,854 : INFO : SwitchController : <<<<<<< 's_83_stand_up_target_bank_2' inactive >>>>>>>
2026-09-09 18:45:12,933 : INFO : SwitchController : <<<<<<< 's_83_stand_up_target_bank_2' active >>>>>>>
2026-09-09 18:45:12,933 : INFO : EventManager : Event: ======'playfield_active'====== Args={'source': 'shot_sut_2'}
2026-09-09 18:45:12,933 : INFO : EventManager : Event: ======'unexpected_ball_on_playfield'====== Args={}
2026-09-09 18:45:12,933 : INFO : EventManager : Event: ======'playfield_active'====== Args={'source': 'shot_sut_blue'}
2026-09-09 18:45:12,933 : INFO : EventManager : Event: ======'unexpected_ball_on_playfield'====== Args={}
2026-09-09 18:45:12,933 : INFO : EventManager : Event: ======'s_83_stand_up_target_bank_2_active'====== Args={}
2026-09-09 18:45:12,933 : INFO : EventManager : Event: ======'sw_playfield_active'====== Args={}
2026-09-09 18:45:12,933 : INFO : EventManager : Event: ======'sw_targets'====== Args={}
2026-09-09 18:45:12,933 : INFO : EventManager : Event: ======'machine_var_audits_switches_s_83_stand_up_target_bank_2'====== Args={'value': 1738, 'prev_value': 1737, 'change': 1}
2026-09-09 18:45:12,934 : INFO : EventManager : Event: ======'awareness_add_4'====== Args={'priority': 0}
2026-09-09 18:45:12,934 : INFO : EventManager : Event: ======'machine_var_audits_shots_shot_sut_2'====== Args={'value': 1738, 'prev_value': 1737, 'change': 1}
2026-09-09 18:45:12,934 : INFO : EventManager : Event: ======'shot_sut_2_hit'====== Args={'profile': 'default', 'state': 'lit', 'advancing': False}
2026-09-09 18:45:12,934 : INFO : EventManager : Event: ======'shot_sut_2_default_hit'====== Args={'profile': 'default', 'state': 'lit', 'advancing': False}
2026-09-09 18:45:12,935 : INFO : EventManager : Event: ======'shot_sut_2_default_lit_hit'====== Args={'profile': 'default', 'state': 'lit', 'advancing': False}
2026-09-09 18:45:12,935 : INFO : EventManager : Event: ======'shot_sut_2_lit_hit'====== Args={'profile': 'default', 'state': 'lit', 'advancing': False}
2026-09-09 18:45:12,935 : INFO : EventManager : Event: ======'machine_var_audits_shots_shot_sut_blue'====== Args={'value': 2292, 'prev_value': 2291, 'change': 1}
2026-09-09 18:45:12,935 : INFO : EventManager : Event: ======'shot_sut_blue_hit'====== Args={'profile': 'default', 'state': 'lit', 'advancing': False}
2026-09-09 18:45:12,935 : INFO : EventManager : Event: ======'shot_sut_blue_default_hit'====== Args={'profile': 'default', 'state': 'lit', 'advancing': False}
2026-09-09 18:45:12,935 : INFO : EventManager : Event: ======'shot_sut_blue_default_lit_hit'====== Args={'profile': 'default', 'state': 'lit', 'advancing': False}
2026-09-09 18:45:12,935 : INFO : EventManager : Event: ======'shot_sut_blue_lit_hit'====== Args={'profile': 'default', 'state': 'lit', 'advancing': False}
2026-09-09 18:45:12,935 : INFO : EventManager : Event: ======'player_awareness'====== Args={'value': 30, 'prev_value': 26, 'change': 4, 'player_num': 1, 'source': 'awareness'}
2026-09-09 18:45:12,935 : INFO : EventManager : Event: ======'player_awareness_percent'====== Args={'value': 30, 'prev_value': 26, 'change': 4, 'player_num': 1, 'source': 'awareness'}
2026-09-09 18:45:12,935 : INFO : EventManager : Event: ======'playfield_active'====== Args={'source': None}
2026-09-09 18:45:12,936 : INFO : EventManager : Event: ======'unexpected_ball_on_playfield'====== Args={}
2026-09-09 18:45:12,936 : INFO : EventManager : Event: ======'player_score'====== Args={'value': 1500378, 'prev_value': 1500336, 'change': 42, 'player_num': 1, 'source': 'base'}
2026-09-09 18:45:12,949 : INFO : SwitchController : <<<<<<< 's_82_stand_up_target_bank_1' active >>>>>>>
2026-09-09 18:45:12,949 : INFO : EventManager : Event: ======'playfield_active'====== Args={'source': 'shot_sut_1'}
2026-09-09 18:45:12,949 : INFO : EventManager : Event: ======'unexpected_ball_on_playfield'====== Args={}
2026-09-09 18:45:12,949 : INFO : EventManager : Event: ======'playfield_active'====== Args={'source': 'shot_sut_green'}
2026-09-09 18:45:12,949 : INFO : EventManager : Event: ======'unexpected_ball_on_playfield'====== Args={}
2026-09-09 18:45:12,949 : INFO : EventManager : Event: ======'s_82_stand_up_target_bank_1_active'====== Args={}
2026-09-09 18:45:12,949 : INFO : EventManager : Event: ======'sw_playfield_active'====== Args={}
2026-09-09 18:45:12,949 : INFO : EventManager : Event: ======'sw_targets'====== Args={}
2026-09-09 18:45:12,949 : INFO : EventManager : Event: ======'machine_var_audits_switches_s_82_stand_up_target_bank_1'====== Args={'value': 1684, 'prev_value': 1683, 'change': 1}
2026-09-09 18:45:12,950 : INFO : EventManager : Event: ======'awareness_add_4'====== Args={'priority': 0}
2026-09-09 18:45:12,950 : INFO : EventManager : Event: ======'machine_var_audits_shots_shot_sut_1'====== Args={'value': 1684, 'prev_value': 1683, 'change': 1}
2026-09-09 18:45:12,950 : INFO : EventManager : Event: ======'shot_sut_1_hit'====== Args={'profile': 'default', 'state': 'lit', 'advancing': False}
2026-09-09 18:45:12,950 : INFO : EventManager : Event: ======'shot_sut_1_default_hit'====== Args={'profile': 'default', 'state': 'lit', 'advancing': False}
2026-09-09 18:45:12,950 : INFO : EventManager : Event: ======'shot_sut_1_default_lit_hit'====== Args={'profile': 'default', 'state': 'lit', 'advancing': False}
2026-09-09 18:45:12,950 : INFO : EventManager : Event: ======'shot_sut_1_lit_hit'====== Args={'profile': 'default', 'state': 'lit', 'advancing': False}
2026-09-09 18:45:12,950 : INFO : EventManager : Event: ======'machine_var_audits_shots_shot_sut_green'====== Args={'value': 1981, 'prev_value': 1980, 'change': 1}
2026-09-09 18:45:12,951 : INFO : EventManager : Event: ======'shot_sut_green_hit'====== Args={'profile': 'default', 'state': 'lit', 'advancing': False}
2026-09-09 18:45:12,951 : INFO : EventManager : Event: ======'shot_sut_green_default_hit'====== Args={'profile': 'default', 'state': 'lit', 'advancing': False}
2026-09-09 18:45:12,951 : INFO : EventManager : Event: ======'shot_sut_green_default_lit_hit'====== Args={'profile': 'default', 'state': 'lit', 'advancing': False}
2026-09-09 18:45:12,951 : INFO : EventManager : Event: ======'shot_sut_green_lit_hit'====== Args={'profile': 'default', 'state': 'lit', 'advancing': False}
2026-09-09 18:45:12,951 : INFO : EventManager : Event: ======'player_awareness'====== Args={'value': 34, 'prev_value': 30, 'change': 4, 'player_num': 1, 'source': 'awareness'}
2026-09-09 18:45:12,951 : INFO : EventManager : Event: ======'player_awareness_percent'====== Args={'value': 34, 'prev_value': 30, 'change': 4, 'player_num': 1, 'source': 'awareness'}
2026-09-09 18:45:12,951 : INFO : EventManager : Event: ======'playfield_active'====== Args={'source': None}
2026-09-09 18:45:12,951 : INFO : EventManager : Event: ======'unexpected_ball_on_playfield'====== Args={}
2026-09-09 18:45:12,951 : INFO : EventManager : Event: ======'player_score'====== Args={'value': 1500420, 'prev_value': 1500378, 'change': 42, 'player_num': 1, 'source': 'base'}
2026-09-09 18:45:12,981 : INFO : SwitchController : <<<<<<< 's_82_stand_up_target_bank_1' inactive >>>>>>>
2026-09-09 18:45:12,996 : INFO : SwitchController : <<<<<<< 's_83_stand_up_target_bank_2' inactive >>>>>>>
2026-09-09 18:45:13,090 : INFO : SwitchController : <<<<<<< 's_83_stand_up_target_bank_2' active >>>>>>>
2026-09-09 18:45:13,091 : INFO : EventManager : Event: ======'playfield_active'====== Args={'source': 'shot_sut_2'}
2026-09-09 18:45:13,091 : INFO : EventManager : Event: ======'unexpected_ball_on_playfield'====== Args={}
2026-09-09 18:45:13,091 : INFO : EventManager : Event: ======'playfield_active'====== Args={'source': 'shot_sut_blue'}
2026-09-09 18:45:13,091 : INFO : EventManager : Event: ======'unexpected_ball_on_playfield'====== Args={}
2026-09-09 18:45:13,091 : INFO : EventManager : Event: ======'s_83_stand_up_target_bank_2_active'====== Args={}
2026-09-09 18:45:13,091 : INFO : EventManager : Event: ======'sw_playfield_active'====== Args={}
2026-09-09 18:45:13,091 : INFO : EventManager : Event: ======'sw_targets'====== Args={}
2026-09-09 18:45:13,091 : INFO : EventManager : Event: ======'machine_var_audits_switches_s_83_stand_up_target_bank_2'====== Args={'value': 1739, 'prev_value': 1738, 'change': 1}
2026-09-09 18:45:13,091 : INFO : SwitchController : <<<<<<< 's_82_stand_up_target_bank_1' active >>>>>>>
2026-09-09 18:45:13,091 : INFO : EventManager : Event: ======'playfield_active'====== Args={'source': 'shot_sut_1'}
2026-09-09 18:45:13,091 : INFO : EventManager : Event: ======'unexpected_ball_on_playfield'====== Args={}
2026-09-09 18:45:13,091 : INFO : EventManager : Event: ======'playfield_active'====== Args={'source': 'shot_sut_green'}
2026-09-09 18:45:13,092 : INFO : EventManager : Event: ======'unexpected_ball_on_playfield'====== Args={}
2026-09-09 18:45:13,092 : INFO : EventManager : Event: ======'s_82_stand_up_target_bank_1_active'====== Args={}
2026-09-09 18:45:13,092 : INFO : EventManager : Event: ======'sw_playfield_active'====== Args={}
2026-09-09 18:45:13,092 : INFO : EventManager : Event: ======'sw_targets'====== Args={}
2026-09-09 18:45:13,092 : INFO : EventManager : Event: ======'machine_var_audits_switches_s_82_stand_up_target_bank_1'====== Args={'value': 1685, 'prev_value': 1684, 'change': 1}
2026-09-09 18:45:13,092 : INFO : EventManager : Event: ======'awareness_add_4'====== Args={'priority': 0}
2026-09-09 18:45:13,092 : INFO : EventManager : Event: ======'machine_var_audits_shots_shot_sut_2'====== Args={'value': 1739, 'prev_value': 1738, 'change': 1}
2026-09-09 18:45:13,093 : INFO : EventManager : Event: ======'shot_sut_2_hit'====== Args={'profile': 'default', 'state': 'lit', 'advancing': False}
2026-09-09 18:45:13,093 : INFO : EventManager : Event: ======'shot_sut_2_default_hit'====== Args={'profile': 'default', 'state': 'lit', 'advancing': False}
2026-09-09 18:45:13,093 : INFO : EventManager : Event: ======'shot_sut_2_default_lit_hit'====== Args={'profile': 'default', 'state': 'lit', 'advancing': False}
2026-09-09 18:45:13,093 : INFO : EventManager : Event: ======'shot_sut_2_lit_hit'====== Args={'profile': 'default', 'state': 'lit', 'advancing': False}
2026-09-09 18:45:13,093 : INFO : EventManager : Event: ======'machine_var_audits_shots_shot_sut_blue'====== Args={'value': 2293, 'prev_value': 2292, 'change': 1}
2026-09-09 18:45:13,093 : INFO : EventManager : Event: ======'shot_sut_blue_hit'====== Args={'profile': 'default', 'state': 'lit', 'advancing': False}
2026-09-09 18:45:13,093 : INFO : EventManager : Event: ======'shot_sut_blue_default_hit'====== Args={'profile': 'default', 'state': 'lit', 'advancing': False}
2026-09-09 18:45:13,093 : INFO : EventManager : Event: ======'shot_sut_blue_default_lit_hit'====== Args={'profile': 'default', 'state': 'lit', 'advancing': False}
2026-09-09 18:45:13,093 : INFO : EventManager : Event: ======'shot_sut_blue_lit_hit'====== Args={'profile': 'default', 'state': 'lit', 'advancing': False}
2026-09-09 18:45:13,093 : INFO : EventManager : Event: ======'player_awareness'====== Args={'value': 38, 'prev_value': 34, 'change': 4, 'player_num': 1, 'source': 'awareness'}
2026-09-09 18:45:13,093 : INFO : EventManager : Event: ======'player_awareness_percent'====== Args={'value': 38, 'prev_value': 34, 'change': 4, 'player_num': 1, 'source': 'awareness'}
2026-09-09 18:45:13,093 : INFO : EventManager : Event: ======'playfield_active'====== Args={'source': None}
2026-09-09 18:45:13,093 : INFO : EventManager : Event: ======'unexpected_ball_on_playfield'====== Args={}
2026-09-09 18:45:13,094 : INFO : EventManager : Event: ======'player_score'====== Args={'value': 1500462, 'prev_value': 1500420, 'change': 42, 'player_num': 1, 'source': 'base'}
2026-09-09 18:45:13,094 : INFO : EventManager : Event: ======'awareness_add_4'====== Args={'priority': 0}
2026-09-09 18:45:13,094 : INFO : EventManager : Event: ======'machine_var_audits_shots_shot_sut_1'====== Args={'value': 1685, 'prev_value': 1684, 'change': 1}
2026-09-09 18:45:13,094 : INFO : EventManager : Event: ======'shot_sut_1_hit'====== Args={'profile': 'default', 'state': 'lit', 'advancing': False}
2026-09-09 18:45:13,094 : INFO : EventManager : Event: ======'shot_sut_1_default_hit'====== Args={'profile': 'default', 'state': 'lit', 'advancing': False}
2026-09-09 18:45:13,094 : INFO : EventManager : Event: ======'shot_sut_1_default_lit_hit'====== Args={'profile': 'default', 'state': 'lit', 'advancing': False}
2026-09-09 18:45:13,094 : INFO : EventManager : Event: ======'shot_sut_1_lit_hit'====== Args={'profile': 'default', 'state': 'lit', 'advancing': False}
2026-09-09 18:45:13,094 : INFO : EventManager : Event: ======'machine_var_audits_shots_shot_sut_green'====== Args={'value': 1982, 'prev_value': 1981, 'change': 1}
2026-09-09 18:45:13,094 : INFO : EventManager : Event: ======'shot_sut_green_hit'====== Args={'profile': 'default', 'state': 'lit', 'advancing': False}
2026-09-09 18:45:13,094 : INFO : EventManager : Event: ======'shot_sut_green_default_hit'====== Args={'profile': 'default', 'state': 'lit', 'advancing': False}
2026-09-09 18:45:13,094 : INFO : EventManager : Event: ======'shot_sut_green_default_lit_hit'====== Args={'profile': 'default', 'state': 'lit', 'advancing': False}
2026-09-09 18:45:13,094 : INFO : EventManager : Event: ======'shot_sut_green_lit_hit'====== Args={'profile': 'default', 'state': 'lit', 'advancing': False}
2026-09-09 18:45:13,094 : INFO : EventManager : Event: ======'player_awareness'====== Args={'value': 42, 'prev_value': 38, 'change': 4, 'player_num': 1, 'source': 'awareness'}
2026-09-09 18:45:13,094 : INFO : EventManager : Event: ======'player_awareness_percent'====== Args={'value': 42, 'prev_value': 38, 'change': 4, 'player_num': 1, 'source': 'awareness'}
2026-09-09 18:45:13,095 : INFO : EventManager : Event: ======'playfield_active'====== Args={'source': None}
2026-09-09 18:45:13,095 : INFO : EventManager : Event: ======'unexpected_ball_on_playfield'====== Args={}
2026-09-09 18:45:13,095 : INFO : EventManager : Event: ======'player_score'====== Args={'value': 1500504, 'prev_value': 1500462, 'change': 42, 'player_num': 1, 'source': 'base'}
2026-09-09 18:45:13,122 : INFO : SwitchController : <<<<<<< 's_82_stand_up_target_bank_1' inactive >>>>>>>
2026-09-09 18:45:13,153 : INFO : SwitchController : <<<<<<< 's_83_stand_up_target_bank_2' inactive >>>>>>>
2026-09-09 18:45:13,217 : INFO : SwitchController : <<<<<<< 's_83_stand_up_target_bank_2' active >>>>>>>
2026-09-09 18:45:13,217 : INFO : EventManager : Event: ======'playfield_active'====== Args={'source': 'shot_sut_2'}
2026-09-09 18:45:13,217 : INFO : EventManager : Event: ======'unexpected_ball_on_playfield'====== Args={}
2026-09-09 18:45:13,217 : INFO : EventManager : Event: ======'playfield_active'====== Args={'source': 'shot_sut_blue'}
2026-09-09 18:45:13,217 : INFO : EventManager : Event: ======'unexpected_ball_on_playfield'====== Args={}
2026-09-09 18:45:13,217 : INFO : EventManager : Event: ======'s_83_stand_up_target_bank_2_active'====== Args={}
2026-09-09 18:45:13,217 : INFO : EventManager : Event: ======'sw_playfield_active'====== Args={}
2026-09-09 18:45:13,217 : INFO : EventManager : Event: ======'sw_targets'====== Args={}
2026-09-09 18:45:13,217 : INFO : EventManager : Event: ======'machine_var_audits_switches_s_83_stand_up_target_bank_2'====== Args={'value': 1740, 'prev_value': 1739, 'change': 1}
2026-09-09 18:45:13,218 : INFO : EventManager : Event: ======'awareness_add_4'====== Args={'priority': 0}
2026-09-09 18:45:13,218 : INFO : EventManager : Event: ======'machine_var_audits_shots_shot_sut_2'====== Args={'value': 1740, 'prev_value': 1739, 'change': 1}
2026-09-09 18:45:13,218 : INFO : EventManager : Event: ======'shot_sut_2_hit'====== Args={'profile': 'default', 'state': 'lit', 'advancing': False}
2026-09-09 18:45:13,218 : INFO : EventManager : Event: ======'shot_sut_2_default_hit'====== Args={'profile': 'default', 'state': 'lit', 'advancing': False}
2026-09-09 18:45:13,218 : INFO : EventManager : Event: ======'shot_sut_2_default_lit_hit'====== Args={'profile': 'default', 'state': 'lit', 'advancing': False}
2026-09-09 18:45:13,218 : INFO : EventManager : Event: ======'shot_sut_2_lit_hit'====== Args={'profile': 'default', 'state': 'lit', 'advancing': False}
2026-09-09 18:45:13,218 : INFO : EventManager : Event: ======'machine_var_audits_shots_shot_sut_blue'====== Args={'value': 2294, 'prev_value': 2293, 'change': 1}
2026-09-09 18:45:13,218 : INFO : EventManager : Event: ======'shot_sut_blue_hit'====== Args={'profile': 'default', 'state': 'lit', 'advancing': False}
2026-09-09 18:45:13,219 : INFO : EventManager : Event: ======'shot_sut_blue_default_hit'====== Args={'profile': 'default', 'state': 'lit', 'advancing': False}
2026-09-09 18:45:13,219 : INFO : EventManager : Event: ======'shot_sut_blue_default_lit_hit'====== Args={'profile': 'default', 'state': 'lit', 'advancing': False}
2026-09-09 18:45:13,219 : INFO : EventManager : Event: ======'shot_sut_blue_lit_hit'====== Args={'profile': 'default', 'state': 'lit', 'advancing': False}
2026-09-09 18:45:13,219 : INFO : EventManager : Event: ======'player_awareness'====== Args={'value': 46, 'prev_value': 42, 'change': 4, 'player_num': 1, 'source': 'awareness'}
2026-09-09 18:45:13,219 : INFO : EventManager : Event: ======'player_awareness_percent'====== Args={'value': 46, 'prev_value': 42, 'change': 4, 'player_num': 1, 'source': 'awareness'}
2026-09-09 18:45:13,219 : INFO : EventManager : Event: ======'playfield_active'====== Args={'source': None}
2026-09-09 18:45:13,219 : INFO : EventManager : Event: ======'unexpected_ball_on_playfield'====== Args={}
2026-09-09 18:45:13,219 : INFO : EventManager : Event: ======'player_score'====== Args={'value': 1500546, 'prev_value': 1500504, 'change': 42, 'player_num': 1, 'source': 'base'}
2026-09-09 18:45:13,233 : INFO : SwitchController : <<<<<<< 's_82_stand_up_target_bank_1' active >>>>>>>
2026-09-09 18:45:13,233 : INFO : EventManager : Event: ======'playfield_active'====== Args={'source': 'shot_sut_1'}
2026-09-09 18:45:13,233 : INFO : EventManager : Event: ======'unexpected_ball_on_playfield'====== Args={}
2026-09-09 18:45:13,233 : INFO : EventManager : Event: ======'playfield_active'====== Args={'source': 'shot_sut_green'}
2026-09-09 18:45:13,233 : INFO : EventManager : Event: ======'unexpected_ball_on_playfield'====== Args={}
2026-09-09 18:45:13,233 : INFO : EventManager : Event: ======'s_82_stand_up_target_bank_1_active'====== Args={}
2026-09-09 18:45:13,233 : INFO : EventManager : Event: ======'sw_playfield_active'====== Args={}
2026-09-09 18:45:13,233 : INFO : EventManager : Event: ======'sw_targets'====== Args={}
2026-09-09 18:45:13,233 : INFO : EventManager : Event: ======'machine_var_audits_switches_s_82_stand_up_target_bank_1'====== Args={'value': 1686, 'prev_value': 1685, 'change': 1}
2026-09-09 18:45:13,234 : INFO : EventManager : Event: ======'awareness_add_4'====== Args={'priority': 0}
2026-09-09 18:45:13,234 : INFO : EventManager : Event: ======'machine_var_audits_shots_shot_sut_1'====== Args={'value': 1686, 'prev_value': 1685, 'change': 1}
2026-09-09 18:45:13,234 : INFO : EventManager : Event: ======'shot_sut_1_hit'====== Args={'profile': 'default', 'state': 'lit', 'advancing': False}
2026-09-09 18:45:13,234 : INFO : EventManager : Event: ======'shot_sut_1_default_hit'====== Args={'profile': 'default', 'state': 'lit', 'advancing': False}
2026-09-09 18:45:13,234 : INFO : EventManager : Event: ======'shot_sut_1_default_lit_hit'====== Args={'profile': 'default', 'state': 'lit', 'advancing': False}
2026-09-09 18:45:13,234 : INFO : EventManager : Event: ======'shot_sut_1_lit_hit'====== Args={'profile': 'default', 'state': 'lit', 'advancing': False}
2026-09-09 18:45:13,234 : INFO : EventManager : Event: ======'machine_var_audits_shots_shot_sut_green'====== Args={'value': 1983, 'prev_value': 1982, 'change': 1}
2026-09-09 18:45:13,235 : INFO : EventManager : Event: ======'shot_sut_green_hit'====== Args={'profile': 'default', 'state': 'lit', 'advancing': False}
2026-09-09 18:45:13,235 : INFO : EventManager : Event: ======'shot_sut_green_default_hit'====== Args={'profile': 'default', 'state': 'lit', 'advancing': False}
2026-09-09 18:45:13,235 : INFO : EventManager : Event: ======'shot_sut_green_default_lit_hit'====== Args={'profile': 'default', 'state': 'lit', 'advancing': False}
2026-09-09 18:45:13,235 : INFO : EventManager : Event: ======'shot_sut_green_lit_hit'====== Args={'profile': 'default', 'state': 'lit', 'advancing': False}
2026-09-09 18:45:13,235 : INFO : EventManager : Event: ======'player_awareness'====== Args={'value': 50, 'prev_value': 46, 'change': 4, 'player_num': 1, 'source': 'awareness'}
2026-09-09 18:45:13,235 : INFO : EventManager : Event: ======'player_awareness_percent'====== Args={'value': 50, 'prev_value': 46, 'change': 4, 'player_num': 1, 'source': 'awareness'}
2026-09-09 18:45:13,235 : INFO : EventManager : Event: ======'playfield_active'====== Args={'source': None}
2026-09-09 18:45:13,235 : INFO : EventManager : Event: ======'unexpected_ball_on_playfield'====== Args={}
2026-09-09 18:45:13,235 : INFO : EventManager : Event: ======'player_score'====== Args={'value': 1500588, 'prev_value': 1500546, 'change': 42, 'player_num': 1, 'source': 'base'}
2026-09-09 18:45:13,279 : INFO : SwitchController : <<<<<<< 's_82_stand_up_target_bank_1' inactive >>>>>>>
2026-09-09 18:45:13,294 : INFO : SwitchController : <<<<<<< 's_83_stand_up_target_bank_2' inactive >>>>>>>
2026-09-09 18:45:13,357 : INFO : SwitchController : <<<<<<< 's_83_stand_up_target_bank_2' active >>>>>>>
2026-09-09 18:45:13,357 : INFO : EventManager : Event: ======'playfield_active'====== Args={'source': 'shot_sut_2'}
2026-09-09 18:45:13,358 : INFO : EventManager : Event: ======'unexpected_ball_on_playfield'====== Args={}
2026-09-09 18:45:13,358 : INFO : EventManager : Event: ======'playfield_active'====== Args={'source': 'shot_sut_blue'}
2026-09-09 18:45:13,358 : INFO : EventManager : Event: ======'unexpected_ball_on_playfield'====== Args={}
2026-09-09 18:45:13,358 : INFO : EventManager : Event: ======'s_83_stand_up_target_bank_2_active'====== Args={}
2026-09-09 18:45:13,358 : INFO : EventManager : Event: ======'sw_playfield_active'====== Args={}
2026-09-09 18:45:13,358 : INFO : EventManager : Event: ======'sw_targets'====== Args={}
2026-09-09 18:45:13,358 : INFO : EventManager : Event: ======'machine_var_audits_switches_s_83_stand_up_target_bank_2'====== Args={'value': 1741, 'prev_value': 1740, 'change': 1}
2026-09-09 18:45:13,358 : INFO : EventManager : Event: ======'awareness_add_4'====== Args={'priority': 0}
2026-09-09 18:45:13,359 : INFO : EventManager : Event: ======'machine_var_audits_shots_shot_sut_2'====== Args={'value': 1741, 'prev_value': 1740, 'change': 1}
2026-09-09 18:45:13,359 : INFO : EventManager : Event: ======'shot_sut_2_hit'====== Args={'profile': 'default', 'state': 'lit', 'advancing': False}
2026-09-09 18:45:13,359 : INFO : EventManager : Event: ======'shot_sut_2_default_hit'====== Args={'profile': 'default', 'state': 'lit', 'advancing': False}
2026-09-09 18:45:13,359 : INFO : EventManager : Event: ======'shot_sut_2_default_lit_hit'====== Args={'profile': 'default', 'state': 'lit', 'advancing': False}
2026-09-09 18:45:13,359 : INFO : EventManager : Event: ======'shot_sut_2_lit_hit'====== Args={'profile': 'default', 'state': 'lit', 'advancing': False}
2026-09-09 18:45:13,359 : INFO : EventManager : Event: ======'machine_var_audits_shots_shot_sut_blue'====== Args={'value': 2295, 'prev_value': 2294, 'change': 1}
2026-09-09 18:45:13,359 : INFO : EventManager : Event: ======'shot_sut_blue_hit'====== Args={'profile': 'default', 'state': 'lit', 'advancing': False}
2026-09-09 18:45:13,359 : INFO : EventManager : Event: ======'shot_sut_blue_default_hit'====== Args={'profile': 'default', 'state': 'lit', 'advancing': False}
2026-09-09 18:45:13,359 : INFO : EventManager : Event: ======'shot_sut_blue_default_lit_hit'====== Args={'profile': 'default', 'state': 'lit', 'advancing': False}
2026-09-09 18:45:13,359 : INFO : EventManager : Event: ======'shot_sut_blue_lit_hit'====== Args={'profile': 'default', 'state': 'lit', 'advancing': False}
2026-09-09 18:45:13,359 : INFO : EventManager : Event: ======'player_awareness'====== Args={'value': 54, 'prev_value': 50, 'change': 4, 'player_num': 1, 'source': 'awareness'}
2026-09-09 18:45:13,360 : INFO : EventManager : Event: ======'player_awareness_percent'====== Args={'value': 54, 'prev_value': 50, 'change': 4, 'player_num': 1, 'source': 'awareness'}
2026-09-09 18:45:13,360 : INFO : EventManager : Event: ======'playfield_active'====== Args={'source': None}
2026-09-09 18:45:13,360 : INFO : EventManager : Event: ======'unexpected_ball_on_playfield'====== Args={}
2026-09-09 18:45:13,360 : INFO : EventManager : Event: ======'player_score'====== Args={'value': 1500630, 'prev_value': 1500588, 'change': 42, 'player_num': 1, 'source': 'base'}
2026-09-09 18:45:13,389 : INFO : SwitchController : <<<<<<< 's_82_stand_up_target_bank_1' active >>>>>>>
2026-09-09 18:45:13,389 : INFO : EventManager : Event: ======'playfield_active'====== Args={'source': 'shot_sut_1'}
2026-09-09 18:45:13,389 : INFO : EventManager : Event: ======'unexpected_ball_on_playfield'====== Args={}
2026-09-09 18:45:13,390 : INFO : EventManager : Event: ======'playfield_active'====== Args={'source': 'shot_sut_green'}
2026-09-09 18:45:13,390 : INFO : EventManager : Event: ======'unexpected_ball_on_playfield'====== Args={}
2026-09-09 18:45:13,390 : INFO : EventManager : Event: ======'s_82_stand_up_target_bank_1_active'====== Args={}
2026-09-09 18:45:13,390 : INFO : EventManager : Event: ======'sw_playfield_active'====== Args={}
2026-09-09 18:45:13,390 : INFO : EventManager : Event: ======'sw_targets'====== Args={}
2026-09-09 18:45:13,390 : INFO : EventManager : Event: ======'machine_var_audits_switches_s_82_stand_up_target_bank_1'====== Args={'value': 1687, 'prev_value': 1686, 'change': 1}
2026-09-09 18:45:13,391 : INFO : EventManager : Event: ======'awareness_add_4'====== Args={'priority': 0}
2026-09-09 18:45:13,391 : INFO : EventManager : Event: ======'machine_var_audits_shots_shot_sut_1'====== Args={'value': 1687, 'prev_value': 1686, 'change': 1}
2026-09-09 18:45:13,391 : INFO : EventManager : Event: ======'shot_sut_1_hit'====== Args={'profile': 'default', 'state': 'lit', 'advancing': False}
2026-09-09 18:45:13,391 : INFO : EventManager : Event: ======'shot_sut_1_default_hit'====== Args={'profile': 'default', 'state': 'lit', 'advancing': False}
2026-09-09 18:45:13,391 : INFO : EventManager : Event: ======'shot_sut_1_default_lit_hit'====== Args={'profile': 'default', 'state': 'lit', 'advancing': False}
2026-09-09 18:45:13,391 : INFO : EventManager : Event: ======'shot_sut_1_lit_hit'====== Args={'profile': 'default', 'state': 'lit', 'advancing': False}
2026-09-09 18:45:13,392 : INFO : EventManager : Event: ======'machine_var_audits_shots_shot_sut_green'====== Args={'value': 1984, 'prev_value': 1983, 'change': 1}
2026-09-09 18:45:13,392 : INFO : EventManager : Event: ======'shot_sut_green_hit'====== Args={'profile': 'default', 'state': 'lit', 'advancing': False}
2026-09-09 18:45:13,392 : INFO : EventManager : Event: ======'shot_sut_green_default_hit'====== Args={'profile': 'default', 'state': 'lit', 'advancing': False}
2026-09-09 18:45:13,392 : INFO : EventManager : Event: ======'shot_sut_green_default_lit_hit'====== Args={'profile': 'default', 'state': 'lit', 'advancing': False}
2026-09-09 18:45:13,392 : INFO : EventManager : Event: ======'shot_sut_green_lit_hit'====== Args={'profile': 'default', 'state': 'lit', 'advancing': False}
2026-09-09 18:45:13,392 : INFO : EventManager : Event: ======'player_awareness'====== Args={'value': 58, 'prev_value': 54, 'change': 4, 'player_num': 1, 'source': 'awareness'}
2026-09-09 18:45:13,393 : INFO : EventManager : Event: ======'player_awareness_percent'====== Args={'value': 58, 'prev_value': 54, 'change': 4, 'player_num': 1, 'source': 'awareness'}
2026-09-09 18:45:13,393 : INFO : EventManager : Event: ======'playfield_active'====== Args={'source': None}
2026-09-09 18:45:13,393 : INFO : EventManager : Event: ======'unexpected_ball_on_playfield'====== Args={}
2026-09-09 18:45:13,393 : INFO : EventManager : Event: ======'player_score'====== Args={'value': 1500672, 'prev_value': 1500630, 'change': 42, 'player_num': 1, 'source': 'base'}
2026-09-09 18:45:13,420 : INFO : SwitchController : <<<<<<< 's_82_stand_up_target_bank_1' inactive >>>>>>>
2026-09-09 18:45:13,437 : INFO : SwitchController : <<<<<<< 's_83_stand_up_target_bank_2' inactive >>>>>>>
2026-09-09 18:45:13,500 : INFO : SwitchController : <<<<<<< 's_83_stand_up_target_bank_2' active >>>>>>>
2026-09-09 18:45:13,500 : INFO : EventManager : Event: ======'playfield_active'====== Args={'source': 'shot_sut_2'}
2026-09-09 18:45:13,500 : INFO : EventManager : Event: ======'unexpected_ball_on_playfield'====== Args={}
2026-09-09 18:45:13,500 : INFO : EventManager : Event: ======'playfield_active'====== Args={'source': 'shot_sut_blue'}
2026-09-09 18:45:13,500 : INFO : EventManager : Event: ======'unexpected_ball_on_playfield'====== Args={}
2026-09-09 18:45:13,500 : INFO : EventManager : Event: ======'s_83_stand_up_target_bank_2_active'====== Args={}
2026-09-09 18:45:13,500 : INFO : EventManager : Event: ======'sw_playfield_active'====== Args={}
2026-09-09 18:45:13,500 : INFO : EventManager : Event: ======'sw_targets'====== Args={}
2026-09-09 18:45:13,500 : INFO : EventManager : Event: ======'machine_var_audits_switches_s_83_stand_up_target_bank_2'====== Args={'value': 1742, 'prev_value': 1741, 'change': 1}
2026-09-09 18:45:13,501 : INFO : EventManager : Event: ======'awareness_add_4'====== Args={'priority': 0}
2026-09-09 18:45:13,501 : INFO : EventManager : Event: ======'machine_var_audits_shots_shot_sut_2'====== Args={'value': 1742, 'prev_value': 1741, 'change': 1}
2026-09-09 18:45:13,501 : INFO : EventManager : Event: ======'shot_sut_2_hit'====== Args={'profile': 'default', 'state': 'lit', 'advancing': False}
2026-09-09 18:45:13,501 : INFO : EventManager : Event: ======'shot_sut_2_default_hit'====== Args={'profile': 'default', 'state': 'lit', 'advancing': False}
2026-09-09 18:45:13,501 : INFO : EventManager : Event: ======'shot_sut_2_default_lit_hit'====== Args={'profile': 'default', 'state': 'lit', 'advancing': False}
2026-09-09 18:45:13,501 : INFO : EventManager : Event: ======'shot_sut_2_lit_hit'====== Args={'profile': 'default', 'state': 'lit', 'advancing': False}
2026-09-09 18:45:13,502 : INFO : EventManager : Event: ======'machine_var_audits_shots_shot_sut_blue'====== Args={'value': 2296, 'prev_value': 2295, 'change': 1}
2026-09-09 18:45:13,502 : INFO : EventManager : Event: ======'shot_sut_blue_hit'====== Args={'profile': 'default', 'state': 'lit', 'advancing': False}
2026-09-09 18:45:13,502 : INFO : EventManager : Event: ======'shot_sut_blue_default_hit'====== Args={'profile': 'default', 'state': 'lit', 'advancing': False}
2026-09-09 18:45:13,502 : INFO : EventManager : Event: ======'shot_sut_blue_default_lit_hit'====== Args={'profile': 'default', 'state': 'lit', 'advancing': False}
2026-09-09 18:45:13,502 : INFO : EventManager : Event: ======'shot_sut_blue_lit_hit'====== Args={'profile': 'default', 'state': 'lit', 'advancing': False}
2026-09-09 18:45:13,502 : INFO : EventManager : Event: ======'player_awareness'====== Args={'value': 62, 'prev_value': 58, 'change': 4, 'player_num': 1, 'source': 'awareness'}
2026-09-09 18:45:13,502 : INFO : EventManager : Event: ======'player_awareness_percent'====== Args={'value': 62, 'prev_value': 58, 'change': 4, 'player_num': 1, 'source': 'awareness'}
2026-09-09 18:45:13,503 : INFO : EventManager : Event: ======'playfield_active'====== Args={'source': None}
2026-09-09 18:45:13,503 : INFO : EventManager : Event: ======'unexpected_ball_on_playfield'====== Args={}
2026-09-09 18:45:13,503 : INFO : EventManager : Event: ======'player_score'====== Args={'value': 1500714, 'prev_value': 1500672, 'change': 42, 'player_num': 1, 'source': 'base'}
2026-09-09 18:45:13,516 : INFO : SwitchController : <<<<<<< 's_82_stand_up_target_bank_1' active >>>>>>>
2026-09-09 18:45:13,516 : INFO : EventManager : Event: ======'playfield_active'====== Args={'source': 'shot_sut_1'}
2026-09-09 18:45:13,516 : INFO : EventManager : Event: ======'unexpected_ball_on_playfield'====== Args={}
2026-09-09 18:45:13,516 : INFO : EventManager : Event: ======'playfield_active'====== Args={'source': 'shot_sut_green'}
2026-09-09 18:45:13,517 : INFO : EventManager : Event: ======'unexpected_ball_on_playfield'====== Args={}
2026-09-09 18:45:13,517 : INFO : EventManager : Event: ======'s_82_stand_up_target_bank_1_active'====== Args={}
2026-09-09 18:45:13,517 : INFO : EventManager : Event: ======'sw_playfield_active'====== Args={}
2026-09-09 18:45:13,517 : INFO : EventManager : Event: ======'sw_targets'====== Args={}
2026-09-09 18:45:13,517 : INFO : EventManager : Event: ======'machine_var_audits_switches_s_82_stand_up_target_bank_1'====== Args={'value': 1688, 'prev_value': 1687, 'change': 1}
2026-09-09 18:45:13,517 : INFO : EventManager : Event: ======'awareness_add_4'====== Args={'priority': 0}
2026-09-09 18:45:13,517 : INFO : EventManager : Event: ======'machine_var_audits_shots_shot_sut_1'====== Args={'value': 1688, 'prev_value': 1687, 'change': 1}
2026-09-09 18:45:13,518 : INFO : EventManager : Event: ======'shot_sut_1_hit'====== Args={'profile': 'default', 'state': 'lit', 'advancing': False}
2026-09-09 18:45:13,518 : INFO : EventManager : Event: ======'shot_sut_1_default_hit'====== Args={'profile': 'default', 'state': 'lit', 'advancing': False}
2026-09-09 18:45:13,518 : INFO : EventManager : Event: ======'shot_sut_1_default_lit_hit'====== Args={'profile': 'default', 'state': 'lit', 'advancing': False}
2026-09-09 18:45:13,518 : INFO : EventManager : Event: ======'shot_sut_1_lit_hit'====== Args={'profile': 'default', 'state': 'lit', 'advancing': False}
2026-09-09 18:45:13,518 : INFO : EventManager : Event: ======'machine_var_audits_shots_shot_sut_green'====== Args={'value': 1985, 'prev_value': 1984, 'change': 1}
2026-09-09 18:45:13,518 : INFO : EventManager : Event: ======'shot_sut_green_hit'====== Args={'profile': 'default', 'state': 'lit', 'advancing': False}
2026-09-09 18:45:13,518 : INFO : EventManager : Event: ======'shot_sut_green_default_hit'====== Args={'profile': 'default', 'state': 'lit', 'advancing': False}
2026-09-09 18:45:13,518 : INFO : EventManager : Event: ======'shot_sut_green_default_lit_hit'====== Args={'profile': 'default', 'state': 'lit', 'advancing': False}
2026-09-09 18:45:13,518 : INFO : EventManager : Event: ======'shot_sut_green_lit_hit'====== Args={'profile': 'default', 'state': 'lit', 'advancing': False}
2026-09-09 18:45:13,518 : INFO : EventManager : Event: ======'player_awareness'====== Args={'value': 66, 'prev_value': 62, 'change': 4, 'player_num': 1, 'source': 'awareness'}
2026-09-09 18:45:13,518 : INFO : EventManager : Event: ======'player_awareness_percent'====== Args={'value': 66, 'prev_value': 62, 'change': 4, 'player_num': 1, 'source': 'awareness'}
2026-09-09 18:45:13,519 : INFO : EventManager : Event: ======'playfield_active'====== Args={'source': None}
2026-09-09 18:45:13,519 : INFO : EventManager : Event: ======'unexpected_ball_on_playfield'====== Args={}
2026-09-09 18:45:13,519 : INFO : EventManager : Event: ======'player_score'====== Args={'value': 1500756, 'prev_value': 1500714, 'change': 42, 'player_num': 1, 'source': 'base'}
2026-09-09 18:45:13,565 : INFO : SwitchController : <<<<<<< 's_82_stand_up_target_bank_1' inactive >>>>>>>
2026-09-09 18:45:13,580 : INFO : SwitchController : <<<<<<< 's_83_stand_up_target_bank_2' inactive >>>>>>>
2026-09-09 18:45:13,674 : INFO : SwitchController : <<<<<<< 's_83_stand_up_target_bank_2' active >>>>>>>
2026-09-09 18:45:13,674 : INFO : EventManager : Event: ======'playfield_active'====== Args={'source': 'shot_sut_2'}
2026-09-09 18:45:13,674 : INFO : EventManager : Event: ======'unexpected_ball_on_playfield'====== Args={}
2026-09-09 18:45:13,674 : INFO : EventManager : Event: ======'playfield_active'====== Args={'source': 'shot_sut_blue'}
2026-09-09 18:45:13,674 : INFO : EventManager : Event: ======'unexpected_ball_on_playfield'====== Args={}
2026-09-09 18:45:13,674 : INFO : EventManager : Event: ======'s_83_stand_up_target_bank_2_active'====== Args={}
2026-09-09 18:45:13,674 : INFO : EventManager : Event: ======'sw_playfield_active'====== Args={}
2026-09-09 18:45:13,674 : INFO : EventManager : Event: ======'sw_targets'====== Args={}
2026-09-09 18:45:13,674 : INFO : EventManager : Event: ======'machine_var_audits_switches_s_83_stand_up_target_bank_2'====== Args={'value': 1743, 'prev_value': 1742, 'change': 1}
2026-09-09 18:45:13,675 : INFO : EventManager : Event: ======'awareness_add_4'====== Args={'priority': 0}
2026-09-09 18:45:13,675 : INFO : EventManager : Event: ======'machine_var_audits_shots_shot_sut_2'====== Args={'value': 1743, 'prev_value': 1742, 'change': 1}
2026-09-09 18:45:13,675 : INFO : EventManager : Event: ======'shot_sut_2_hit'====== Args={'profile': 'default', 'state': 'lit', 'advancing': False}
2026-09-09 18:45:13,675 : INFO : EventManager : Event: ======'shot_sut_2_default_hit'====== Args={'profile': 'default', 'state': 'lit', 'advancing': False}
2026-09-09 18:45:13,676 : INFO : EventManager : Event: ======'shot_sut_2_default_lit_hit'====== Args={'profile': 'default', 'state': 'lit', 'advancing': False}
2026-09-09 18:45:13,676 : INFO : EventManager : Event: ======'shot_sut_2_lit_hit'====== Args={'profile': 'default', 'state': 'lit', 'advancing': False}
2026-09-09 18:45:13,676 : INFO : EventManager : Event: ======'machine_var_audits_shots_shot_sut_blue'====== Args={'value': 2297, 'prev_value': 2296, 'change': 1}
2026-09-09 18:45:13,676 : INFO : EventManager : Event: ======'shot_sut_blue_hit'====== Args={'profile': 'default', 'state': 'lit', 'advancing': False}
2026-09-09 18:45:13,676 : INFO : EventManager : Event: ======'shot_sut_blue_default_hit'====== Args={'profile': 'default', 'state': 'lit', 'advancing': False}
2026-09-09 18:45:13,676 : INFO : EventManager : Event: ======'shot_sut_blue_default_lit_hit'====== Args={'profile': 'default', 'state': 'lit', 'advancing': False}
2026-09-09 18:45:13,676 : INFO : EventManager : Event: ======'shot_sut_blue_lit_hit'====== Args={'profile': 'default', 'state': 'lit', 'advancing': False}
2026-09-09 18:45:13,676 : INFO : EventManager : Event: ======'player_awareness'====== Args={'value': 70, 'prev_value': 66, 'change': 4, 'player_num': 1, 'source': 'awareness'}
2026-09-09 18:45:13,676 : INFO : EventManager : Event: ======'player_awareness_percent'====== Args={'value': 70, 'prev_value': 66, 'change': 4, 'player_num': 1, 'source': 'awareness'}
2026-09-09 18:45:13,676 : INFO : EventManager : Event: ======'playfield_active'====== Args={'source': None}
2026-09-09 18:45:13,676 : INFO : EventManager : Event: ======'unexpected_ball_on_playfield'====== Args={}
2026-09-09 18:45:13,676 : INFO : EventManager : Event: ======'player_score'====== Args={'value': 1500798, 'prev_value': 1500756, 'change': 42, 'player_num': 1, 'source': 'base'}
2026-09-09 18:45:13,736 : INFO : SwitchController : <<<<<<< 's_83_stand_up_target_bank_2' inactive >>>>>>>
2026-09-09 18:45:13,815 : INFO : SwitchController : <<<<<<< 's_83_stand_up_target_bank_2' active >>>>>>>
2026-09-09 18:45:13,815 : INFO : EventManager : Event: ======'playfield_active'====== Args={'source': 'shot_sut_2'}
2026-09-09 18:45:13,815 : INFO : EventManager : Event: ======'unexpected_ball_on_playfield'====== Args={}
2026-09-09 18:45:13,815 : INFO : EventManager : Event: ======'playfield_active'====== Args={'source': 'shot_sut_blue'}
2026-09-09 18:45:13,815 : INFO : EventManager : Event: ======'unexpected_ball_on_playfield'====== Args={}
2026-09-09 18:45:13,815 : INFO : EventManager : Event: ======'s_83_stand_up_target_bank_2_active'====== Args={}
2026-09-09 18:45:13,815 : INFO : EventManager : Event: ======'sw_playfield_active'====== Args={}
2026-09-09 18:45:13,815 : INFO : EventManager : Event: ======'sw_targets'====== Args={}
2026-09-09 18:45:13,816 : INFO : EventManager : Event: ======'machine_var_audits_switches_s_83_stand_up_target_bank_2'====== Args={'value': 1744, 'prev_value': 1743, 'change': 1}
2026-09-09 18:45:13,816 : INFO : EventManager : Event: ======'awareness_add_4'====== Args={'priority': 0}
2026-09-09 18:45:13,816 : INFO : EventManager : Event: ======'machine_var_audits_shots_shot_sut_2'====== Args={'value': 1744, 'prev_value': 1743, 'change': 1}
2026-09-09 18:45:13,816 : INFO : EventManager : Event: ======'shot_sut_2_hit'====== Args={'profile': 'default', 'state': 'lit', 'advancing': False}
2026-09-09 18:45:13,817 : INFO : EventManager : Event: ======'shot_sut_2_default_hit'====== Args={'profile': 'default', 'state': 'lit', 'advancing': False}
2026-09-09 18:45:13,817 : INFO : EventManager : Event: ======'shot_sut_2_default_lit_hit'====== Args={'profile': 'default', 'state': 'lit', 'advancing': False}
2026-09-09 18:45:13,817 : INFO : EventManager : Event: ======'shot_sut_2_lit_hit'====== Args={'profile': 'default', 'state': 'lit', 'advancing': False}
2026-09-09 18:45:13,817 : INFO : EventManager : Event: ======'machine_var_audits_shots_shot_sut_blue'====== Args={'value': 2298, 'prev_value': 2297, 'change': 1}
2026-09-09 18:45:13,817 : INFO : EventManager : Event: ======'shot_sut_blue_hit'====== Args={'profile': 'default', 'state': 'lit', 'advancing': False}
2026-09-09 18:45:13,817 : INFO : EventManager : Event: ======'shot_sut_blue_default_hit'====== Args={'profile': 'default', 'state': 'lit', 'advancing': False}
2026-09-09 18:45:13,817 : INFO : EventManager : Event: ======'shot_sut_blue_default_lit_hit'====== Args={'profile': 'default', 'state': 'lit', 'advancing': False}
2026-09-09 18:45:13,817 : INFO : EventManager : Event: ======'shot_sut_blue_lit_hit'====== Args={'profile': 'default', 'state': 'lit', 'advancing': False}
2026-09-09 18:45:13,817 : INFO : EventManager : Event: ======'player_awareness'====== Args={'value': 74, 'prev_value': 70, 'change': 4, 'player_num': 1, 'source': 'awareness'}
2026-09-09 18:45:13,817 : INFO : EventManager : Event: ======'player_awareness_percent'====== Args={'value': 74, 'prev_value': 70, 'change': 4, 'player_num': 1, 'source': 'awareness'}
2026-09-09 18:45:13,817 : INFO : EventManager : Event: ======'playfield_active'====== Args={'source': None}
2026-09-09 18:45:13,817 : INFO : EventManager : Event: ======'unexpected_ball_on_playfield'====== Args={}
2026-09-09 18:45:13,818 : INFO : EventManager : Event: ======'player_score'====== Args={'value': 1500840, 'prev_value': 1500798, 'change': 42, 'player_num': 1, 'source': 'base'}
2026-09-09 18:45:13,830 : INFO : SwitchController : <<<<<<< 's_82_stand_up_target_bank_1' active >>>>>>>
2026-09-09 18:45:13,830 : INFO : EventManager : Event: ======'playfield_active'====== Args={'source': 'shot_sut_1'}
2026-09-09 18:45:13,830 : INFO : EventManager : Event: ======'unexpected_ball_on_playfield'====== Args={}
2026-09-09 18:45:13,830 : INFO : EventManager : Event: ======'playfield_active'====== Args={'source': 'shot_sut_green'}
2026-09-09 18:45:13,830 : INFO : EventManager : Event: ======'unexpected_ball_on_playfield'====== Args={}
2026-09-09 18:45:13,830 : INFO : EventManager : Event: ======'s_82_stand_up_target_bank_1_active'====== Args={}
2026-09-09 18:45:13,830 : INFO : EventManager : Event: ======'sw_playfield_active'====== Args={}
2026-09-09 18:45:13,830 : INFO : EventManager : Event: ======'sw_targets'====== Args={}
2026-09-09 18:45:13,831 : INFO : EventManager : Event: ======'machine_var_audits_switches_s_82_stand_up_target_bank_1'====== Args={'value': 1689, 'prev_value': 1688, 'change': 1}
2026-09-09 18:45:13,831 : INFO : EventManager : Event: ======'awareness_add_4'====== Args={'priority': 0}
2026-09-09 18:45:13,831 : INFO : EventManager : Event: ======'machine_var_audits_shots_shot_sut_1'====== Args={'value': 1689, 'prev_value': 1688, 'change': 1}
2026-09-09 18:45:13,831 : INFO : EventManager : Event: ======'shot_sut_1_hit'====== Args={'profile': 'default', 'state': 'lit', 'advancing': False}
2026-09-09 18:45:13,831 : INFO : EventManager : Event: ======'shot_sut_1_default_hit'====== Args={'profile': 'default', 'state': 'lit', 'advancing': False}
2026-09-09 18:45:13,831 : INFO : EventManager : Event: ======'shot_sut_1_default_lit_hit'====== Args={'profile': 'default', 'state': 'lit', 'advancing': False}
2026-09-09 18:45:13,832 : INFO : EventManager : Event: ======'shot_sut_1_lit_hit'====== Args={'profile': 'default', 'state': 'lit', 'advancing': False}
2026-09-09 18:45:13,832 : INFO : EventManager : Event: ======'machine_var_audits_shots_shot_sut_green'====== Args={'value': 1986, 'prev_value': 1985, 'change': 1}
2026-09-09 18:45:13,832 : INFO : EventManager : Event: ======'shot_sut_green_hit'====== Args={'profile': 'default', 'state': 'lit', 'advancing': False}
2026-09-09 18:45:13,832 : INFO : EventManager : Event: ======'shot_sut_green_default_hit'====== Args={'profile': 'default', 'state': 'lit', 'advancing': False}
2026-09-09 18:45:13,832 : INFO : EventManager : Event: ======'shot_sut_green_default_lit_hit'====== Args={'profile': 'default', 'state': 'lit', 'advancing': False}
2026-09-09 18:45:13,832 : INFO : EventManager : Event: ======'shot_sut_green_lit_hit'====== Args={'profile': 'default', 'state': 'lit', 'advancing': False}
2026-09-09 18:45:13,832 : INFO : EventManager : Event: ======'player_awareness'====== Args={'value': 78, 'prev_value': 74, 'change': 4, 'player_num': 1, 'source': 'awareness'}
2026-09-09 18:45:13,832 : INFO : EventManager : Event: ======'player_awareness_percent'====== Args={'value': 78, 'prev_value': 74, 'change': 4, 'player_num': 1, 'source': 'awareness'}
2026-09-09 18:45:13,832 : INFO : EventManager : Event: ======'playfield_active'====== Args={'source': None}
2026-09-09 18:45:13,832 : INFO : EventManager : Event: ======'unexpected_ball_on_playfield'====== Args={}
2026-09-09 18:45:13,832 : INFO : EventManager : Event: ======'player_score'====== Args={'value': 1500882, 'prev_value': 1500840, 'change': 42, 'player_num': 1, 'source': 'base'}
2026-09-09 18:45:13,861 : INFO : SwitchController : <<<<<<< 's_82_stand_up_target_bank_1' inactive >>>>>>>
2026-09-09 18:45:13,893 : INFO : SwitchController : <<<<<<< 's_83_stand_up_target_bank_2' inactive >>>>>>>
2026-09-09 18:45:13,957 : INFO : SwitchController : <<<<<<< 's_83_stand_up_target_bank_2' active >>>>>>>
2026-09-09 18:45:13,957 : INFO : EventManager : Event: ======'playfield_active'====== Args={'source': 'shot_sut_2'}
2026-09-09 18:45:13,957 : INFO : EventManager : Event: ======'unexpected_ball_on_playfield'====== Args={}
2026-09-09 18:45:13,958 : INFO : EventManager : Event: ======'playfield_active'====== Args={'source': 'shot_sut_blue'}
2026-09-09 18:45:13,958 : INFO : EventManager : Event: ======'unexpected_ball_on_playfield'====== Args={}
2026-09-09 18:45:13,958 : INFO : EventManager : Event: ======'s_83_stand_up_target_bank_2_active'====== Args={}
2026-09-09 18:45:13,958 : INFO : EventManager : Event: ======'sw_playfield_active'====== Args={}
2026-09-09 18:45:13,958 : INFO : EventManager : Event: ======'sw_targets'====== Args={}
2026-09-09 18:45:13,958 : INFO : EventManager : Event: ======'machine_var_audits_switches_s_83_stand_up_target_bank_2'====== Args={'value': 1745, 'prev_value': 1744, 'change': 1}
2026-09-09 18:45:13,958 : INFO : EventManager : Event: ======'awareness_add_4'====== Args={'priority': 0}
2026-09-09 18:45:13,959 : INFO : EventManager : Event: ======'machine_var_audits_shots_shot_sut_2'====== Args={'value': 1745, 'prev_value': 1744, 'change': 1}
2026-09-09 18:45:13,959 : INFO : EventManager : Event: ======'shot_sut_2_hit'====== Args={'profile': 'default', 'state': 'lit', 'advancing': False}
2026-09-09 18:45:13,959 : INFO : EventManager : Event: ======'shot_sut_2_default_hit'====== Args={'profile': 'default', 'state': 'lit', 'advancing': False}
2026-09-09 18:45:13,959 : INFO : EventManager : Event: ======'shot_sut_2_default_lit_hit'====== Args={'profile': 'default', 'state': 'lit', 'advancing': False}
2026-09-09 18:45:13,959 : INFO : EventManager : Event: ======'shot_sut_2_lit_hit'====== Args={'profile': 'default', 'state': 'lit', 'advancing': False}
2026-09-09 18:45:13,959 : INFO : EventManager : Event: ======'machine_var_audits_shots_shot_sut_blue'====== Args={'value': 2299, 'prev_value': 2298, 'change': 1}
2026-09-09 18:45:13,959 : INFO : EventManager : Event: ======'shot_sut_blue_hit'====== Args={'profile': 'default', 'state': 'lit', 'advancing': False}
2026-09-09 18:45:13,959 : INFO : EventManager : Event: ======'shot_sut_blue_default_hit'====== Args={'profile': 'default', 'state': 'lit', 'advancing': False}
2026-09-09 18:45:13,959 : INFO : EventManager : Event: ======'shot_sut_blue_default_lit_hit'====== Args={'profile': 'default', 'state': 'lit', 'advancing': False}
2026-09-09 18:45:13,959 : INFO : EventManager : Event: ======'shot_sut_blue_lit_hit'====== Args={'profile': 'default', 'state': 'lit', 'advancing': False}
2026-09-09 18:45:13,959 : INFO : EventManager : Event: ======'player_awareness'====== Args={'value': 82, 'prev_value': 78, 'change': 4, 'player_num': 1, 'source': 'awareness'}
2026-09-09 18:45:13,960 : INFO : EventManager : Event: ======'player_awareness_percent'====== Args={'value': 82, 'prev_value': 78, 'change': 4, 'player_num': 1, 'source': 'awareness'}
2026-09-09 18:45:13,960 : INFO : EventManager : Event: ======'playfield_active'====== Args={'source': None}
2026-09-09 18:45:13,960 : INFO : EventManager : Event: ======'unexpected_ball_on_playfield'====== Args={}
2026-09-09 18:45:13,960 : INFO : EventManager : Event: ======'player_score'====== Args={'value': 1500924, 'prev_value': 1500882, 'change': 42, 'player_num': 1, 'source': 'base'}
2026-09-09 18:45:13,973 : INFO : SwitchController : <<<<<<< 's_82_stand_up_target_bank_1' active >>>>>>>
2026-09-09 18:45:13,973 : INFO : EventManager : Event: ======'playfield_active'====== Args={'source': 'shot_sut_1'}
2026-09-09 18:45:13,973 : INFO : EventManager : Event: ======'unexpected_ball_on_playfield'====== Args={}
2026-09-09 18:45:13,973 : INFO : EventManager : Event: ======'playfield_active'====== Args={'source': 'shot_sut_green'}
2026-09-09 18:45:13,973 : INFO : EventManager : Event: ======'unexpected_ball_on_playfield'====== Args={}
2026-09-09 18:45:13,973 : INFO : EventManager : Event: ======'s_82_stand_up_target_bank_1_active'====== Args={}
2026-09-09 18:45:13,973 : INFO : EventManager : Event: ======'sw_playfield_active'====== Args={}
2026-09-09 18:45:13,974 : INFO : EventManager : Event: ======'sw_targets'====== Args={}
2026-09-09 18:45:13,974 : INFO : EventManager : Event: ======'machine_var_audits_switches_s_82_stand_up_target_bank_1'====== Args={'value': 1690, 'prev_value': 1689, 'change': 1}
2026-09-09 18:45:13,974 : INFO : EventManager : Event: ======'awareness_add_4'====== Args={'priority': 0}
2026-09-09 18:45:13,974 : INFO : EventManager : Event: ======'machine_var_audits_shots_shot_sut_1'====== Args={'value': 1690, 'prev_value': 1689, 'change': 1}
2026-09-09 18:45:13,975 : INFO : EventManager : Event: ======'shot_sut_1_hit'====== Args={'profile': 'default', 'state': 'lit', 'advancing': False}
2026-09-09 18:45:13,975 : INFO : EventManager : Event: ======'shot_sut_1_default_hit'====== Args={'profile': 'default', 'state': 'lit', 'advancing': False}
2026-09-09 18:45:13,975 : INFO : EventManager : Event: ======'shot_sut_1_default_lit_hit'====== Args={'profile': 'default', 'state': 'lit', 'advancing': False}
2026-09-09 18:45:13,975 : INFO : EventManager : Event: ======'shot_sut_1_lit_hit'====== Args={'profile': 'default', 'state': 'lit', 'advancing': False}
2026-09-09 18:45:13,975 : INFO : EventManager : Event: ======'machine_var_audits_shots_shot_sut_green'====== Args={'value': 1987, 'prev_value': 1986, 'change': 1}
2026-09-09 18:45:13,975 : INFO : EventManager : Event: ======'shot_sut_green_hit'====== Args={'profile': 'default', 'state': 'lit', 'advancing': False}
2026-09-09 18:45:13,975 : INFO : EventManager : Event: ======'shot_sut_green_default_hit'====== Args={'profile': 'default', 'state': 'lit', 'advancing': False}
2026-09-09 18:45:13,975 : INFO : EventManager : Event: ======'shot_sut_green_default_lit_hit'====== Args={'profile': 'default', 'state': 'lit', 'advancing': False}
2026-09-09 18:45:13,975 : INFO : EventManager : Event: ======'shot_sut_green_lit_hit'====== Args={'profile': 'default', 'state': 'lit', 'advancing': False}
2026-09-09 18:45:13,975 : INFO : EventManager : Event: ======'player_awareness'====== Args={'value': 86, 'prev_value': 82, 'change': 4, 'player_num': 1, 'source': 'awareness'}
2026-09-09 18:45:13,975 : INFO : EventManager : Event: ======'player_awareness_percent'====== Args={'value': 86, 'prev_value': 82, 'change': 4, 'player_num': 1, 'source': 'awareness'}
2026-09-09 18:45:13,975 : INFO : EventManager : Event: ======'playfield_active'====== Args={'source': None}
2026-09-09 18:45:13,975 : INFO : EventManager : Event: ======'unexpected_ball_on_playfield'====== Args={}
2026-09-09 18:45:13,976 : INFO : EventManager : Event: ======'player_score'====== Args={'value': 1500966, 'prev_value': 1500924, 'change': 42, 'player_num': 1, 'source': 'base'}
2026-09-09 18:45:14,020 : INFO : SwitchController : <<<<<<< 's_82_stand_up_target_bank_1' inactive >>>>>>>
2026-09-09 18:45:14,036 : INFO : SwitchController : <<<<<<< 's_83_stand_up_target_bank_2' inactive >>>>>>>
2026-09-09 18:45:14,130 : INFO : SwitchController : <<<<<<< 's_83_stand_up_target_bank_2' active >>>>>>>
2026-09-09 18:45:14,130 : INFO : EventManager : Event: ======'playfield_active'====== Args={'source': 'shot_sut_2'}
2026-09-09 18:45:14,130 : INFO : EventManager : Event: ======'unexpected_ball_on_playfield'====== Args={}
2026-09-09 18:45:14,130 : INFO : EventManager : Event: ======'playfield_active'====== Args={'source': 'shot_sut_blue'}
2026-09-09 18:45:14,130 : INFO : EventManager : Event: ======'unexpected_ball_on_playfield'====== Args={}
2026-09-09 18:45:14,130 : INFO : EventManager : Event: ======'s_83_stand_up_target_bank_2_active'====== Args={}
2026-09-09 18:45:14,130 : INFO : EventManager : Event: ======'sw_playfield_active'====== Args={}
2026-09-09 18:45:14,130 : INFO : EventManager : Event: ======'sw_targets'====== Args={}
2026-09-09 18:45:14,130 : INFO : EventManager : Event: ======'machine_var_audits_switches_s_83_stand_up_target_bank_2'====== Args={'value': 1746, 'prev_value': 1745, 'change': 1}
2026-09-09 18:45:14,131 : INFO : EventManager : Event: ======'awareness_add_4'====== Args={'priority': 0}
2026-09-09 18:45:14,131 : INFO : EventManager : Event: ======'machine_var_audits_shots_shot_sut_2'====== Args={'value': 1746, 'prev_value': 1745, 'change': 1}
2026-09-09 18:45:14,131 : INFO : EventManager : Event: ======'shot_sut_2_hit'====== Args={'profile': 'default', 'state': 'lit', 'advancing': False}
2026-09-09 18:45:14,131 : INFO : EventManager : Event: ======'shot_sut_2_default_hit'====== Args={'profile': 'default', 'state': 'lit', 'advancing': False}
2026-09-09 18:45:14,131 : INFO : EventManager : Event: ======'shot_sut_2_default_lit_hit'====== Args={'profile': 'default', 'state': 'lit', 'advancing': False}
2026-09-09 18:45:14,131 : INFO : EventManager : Event: ======'shot_sut_2_lit_hit'====== Args={'profile': 'default', 'state': 'lit', 'advancing': False}
2026-09-09 18:45:14,131 : INFO : EventManager : Event: ======'machine_var_audits_shots_shot_sut_blue'====== Args={'value': 2300, 'prev_value': 2299, 'change': 1}
2026-09-09 18:45:14,132 : INFO : EventManager : Event: ======'shot_sut_blue_hit'====== Args={'profile': 'default', 'state': 'lit', 'advancing': False}
2026-09-09 18:45:14,132 : INFO : EventManager : Event: ======'shot_sut_blue_default_hit'====== Args={'profile': 'default', 'state': 'lit', 'advancing': False}
2026-09-09 18:45:14,132 : INFO : EventManager : Event: ======'shot_sut_blue_default_lit_hit'====== Args={'profile': 'default', 'state': 'lit', 'advancing': False}
2026-09-09 18:45:14,132 : INFO : EventManager : Event: ======'shot_sut_blue_lit_hit'====== Args={'profile': 'default', 'state': 'lit', 'advancing': False}
2026-09-09 18:45:14,132 : INFO : EventManager : Event: ======'player_awareness'====== Args={'value': 90, 'prev_value': 86, 'change': 4, 'player_num': 1, 'source': 'awareness'}
2026-09-09 18:45:14,132 : INFO : EventManager : Event: ======'player_awareness_percent'====== Args={'value': 90, 'prev_value': 86, 'change': 4, 'player_num': 1, 'source': 'awareness'}
2026-09-09 18:45:14,132 : INFO : EventManager : Event: ======'playfield_active'====== Args={'source': None}
2026-09-09 18:45:14,132 : INFO : EventManager : Event: ======'unexpected_ball_on_playfield'====== Args={}
2026-09-09 18:45:14,132 : INFO : EventManager : Event: ======'player_score'====== Args={'value': 1501008, 'prev_value': 1500966, 'change': 42, 'player_num': 1, 'source': 'base'}
2026-09-09 18:45:14,194 : INFO : SwitchController : <<<<<<< 's_83_stand_up_target_bank_2' inactive >>>>>>>
2026-09-09 18:45:14,289 : INFO : SwitchController : <<<<<<< 's_83_stand_up_target_bank_2' active >>>>>>>
2026-09-09 18:45:14,289 : INFO : EventManager : Event: ======'playfield_active'====== Args={'source': 'shot_sut_2'}
2026-09-09 18:45:14,289 : INFO : EventManager : Event: ======'unexpected_ball_on_playfield'====== Args={}
2026-09-09 18:45:14,289 : INFO : EventManager : Event: ======'playfield_active'====== Args={'source': 'shot_sut_blue'}
2026-09-09 18:45:14,289 : INFO : EventManager : Event: ======'unexpected_ball_on_playfield'====== Args={}
2026-09-09 18:45:14,290 : INFO : EventManager : Event: ======'s_83_stand_up_target_bank_2_active'====== Args={}
2026-09-09 18:45:14,290 : INFO : EventManager : Event: ======'sw_playfield_active'====== Args={}
2026-09-09 18:45:14,290 : INFO : EventManager : Event: ======'sw_targets'====== Args={}
2026-09-09 18:45:14,290 : INFO : EventManager : Event: ======'machine_var_audits_switches_s_83_stand_up_target_bank_2'====== Args={'value': 1747, 'prev_value': 1746, 'change': 1}
2026-09-09 18:45:14,290 : INFO : EventManager : Event: ======'awareness_add_4'====== Args={'priority': 0}
2026-09-09 18:45:14,291 : INFO : EventManager : Event: ======'machine_var_audits_shots_shot_sut_2'====== Args={'value': 1747, 'prev_value': 1746, 'change': 1}
2026-09-09 18:45:14,291 : INFO : EventManager : Event: ======'shot_sut_2_hit'====== Args={'profile': 'default', 'state': 'lit', 'advancing': False}
2026-09-09 18:45:14,291 : INFO : EventManager : Event: ======'shot_sut_2_default_hit'====== Args={'profile': 'default', 'state': 'lit', 'advancing': False}
2026-09-09 18:45:14,291 : INFO : EventManager : Event: ======'shot_sut_2_default_lit_hit'====== Args={'profile': 'default', 'state': 'lit', 'advancing': False}
2026-09-09 18:45:14,291 : INFO : EventManager : Event: ======'shot_sut_2_lit_hit'====== Args={'profile': 'default', 'state': 'lit', 'advancing': False}
2026-09-09 18:45:14,291 : INFO : EventManager : Event: ======'machine_var_audits_shots_shot_sut_blue'====== Args={'value': 2301, 'prev_value': 2300, 'change': 1}
2026-09-09 18:45:14,291 : INFO : EventManager : Event: ======'shot_sut_blue_hit'====== Args={'profile': 'default', 'state': 'lit', 'advancing': False}
2026-09-09 18:45:14,291 : INFO : EventManager : Event: ======'shot_sut_blue_default_hit'====== Args={'profile': 'default', 'state': 'lit', 'advancing': False}
2026-09-09 18:45:14,291 : INFO : EventManager : Event: ======'shot_sut_blue_default_lit_hit'====== Args={'profile': 'default', 'state': 'lit', 'advancing': False}
2026-09-09 18:45:14,291 : INFO : EventManager : Event: ======'shot_sut_blue_lit_hit'====== Args={'profile': 'default', 'state': 'lit', 'advancing': False}
2026-09-09 18:45:14,291 : INFO : EventManager : Event: ======'player_awareness'====== Args={'value': 94, 'prev_value': 90, 'change': 4, 'player_num': 1, 'source': 'awareness'}
2026-09-09 18:45:14,292 : INFO : EventManager : Event: ======'player_awareness_percent'====== Args={'value': 94, 'prev_value': 90, 'change': 4, 'player_num': 1, 'source': 'awareness'}
2026-09-09 18:45:14,292 : INFO : EventManager : Event: ======'playfield_active'====== Args={'source': None}
2026-09-09 18:45:14,292 : INFO : EventManager : Event: ======'unexpected_ball_on_playfield'====== Args={}
2026-09-09 18:45:14,292 : INFO : EventManager : Event: ======'player_score'====== Args={'value': 1501050, 'prev_value': 1501008, 'change': 42, 'player_num': 1, 'source': 'base'}
2026-09-09 18:45:14,366 : INFO : SwitchController : <<<<<<< 's_83_stand_up_target_bank_2' inactive >>>>>>>
2026-09-09 18:45:14,430 : INFO : SwitchController : <<<<<<< 's_83_stand_up_target_bank_2' active >>>>>>>
2026-09-09 18:45:14,430 : INFO : EventManager : Event: ======'playfield_active'====== Args={'source': 'shot_sut_2'}
2026-09-09 18:45:14,430 : INFO : EventManager : Event: ======'unexpected_ball_on_playfield'====== Args={}
2026-09-09 18:45:14,430 : INFO : EventManager : Event: ======'playfield_active'====== Args={'source': 'shot_sut_blue'}
2026-09-09 18:45:14,430 : INFO : EventManager : Event: ======'unexpected_ball_on_playfield'====== Args={}
2026-09-09 18:45:14,430 : INFO : EventManager : Event: ======'s_83_stand_up_target_bank_2_active'====== Args={}
2026-09-09 18:45:14,431 : INFO : EventManager : Event: ======'sw_playfield_active'====== Args={}
2026-09-09 18:45:14,431 : INFO : EventManager : Event: ======'sw_targets'====== Args={}
2026-09-09 18:45:14,431 : INFO : EventManager : Event: ======'machine_var_audits_switches_s_83_stand_up_target_bank_2'====== Args={'value': 1748, 'prev_value': 1747, 'change': 1}
2026-09-09 18:45:14,431 : INFO : EventManager : Event: ======'awareness_add_4'====== Args={'priority': 0}
2026-09-09 18:45:14,431 : INFO : EventManager : Event: ======'machine_var_audits_shots_shot_sut_2'====== Args={'value': 1748, 'prev_value': 1747, 'change': 1}
2026-09-09 18:45:14,432 : INFO : EventManager : Event: ======'shot_sut_2_hit'====== Args={'profile': 'default', 'state': 'lit', 'advancing': False}
2026-09-09 18:45:14,432 : INFO : EventManager : Event: ======'shot_sut_2_default_hit'====== Args={'profile': 'default', 'state': 'lit', 'advancing': False}
2026-09-09 18:45:14,432 : INFO : EventManager : Event: ======'shot_sut_2_default_lit_hit'====== Args={'profile': 'default', 'state': 'lit', 'advancing': False}
2026-09-09 18:45:14,432 : INFO : EventManager : Event: ======'shot_sut_2_lit_hit'====== Args={'profile': 'default', 'state': 'lit', 'advancing': False}
2026-09-09 18:45:14,432 : INFO : EventManager : Event: ======'machine_var_audits_shots_shot_sut_blue'====== Args={'value': 2302, 'prev_value': 2301, 'change': 1}
2026-09-09 18:45:14,432 : INFO : EventManager : Event: ======'shot_sut_blue_hit'====== Args={'profile': 'default', 'state': 'lit', 'advancing': False}
2026-09-09 18:45:14,432 : INFO : EventManager : Event: ======'shot_sut_blue_default_hit'====== Args={'profile': 'default', 'state': 'lit', 'advancing': False}
2026-09-09 18:45:14,432 : INFO : EventManager : Event: ======'shot_sut_blue_default_lit_hit'====== Args={'profile': 'default', 'state': 'lit', 'advancing': False}
2026-09-09 18:45:14,432 : INFO : EventManager : Event: ======'shot_sut_blue_lit_hit'====== Args={'profile': 'default', 'state': 'lit', 'advancing': False}
2026-09-09 18:45:14,432 : INFO : EventManager : Event: ======'player_awareness'====== Args={'value': 98, 'prev_value': 94, 'change': 4, 'player_num': 1, 'source': 'awareness'}
2026-09-09 18:45:14,432 : INFO : EventManager : Event: ======'player_awareness_percent'====== Args={'value': 98, 'prev_value': 94, 'change': 4, 'player_num': 1, 'source': 'awareness'}
2026-09-09 18:45:14,432 : INFO : EventManager : Event: ======'playfield_active'====== Args={'source': None}
2026-09-09 18:45:14,433 : INFO : EventManager : Event: ======'unexpected_ball_on_playfield'====== Args={}
2026-09-09 18:45:14,433 : INFO : EventManager : Event: ======'player_score'====== Args={'value': 1501092, 'prev_value': 1501050, 'change': 42, 'player_num': 1, 'source': 'base'}
2026-09-09 18:45:14,446 : INFO : SwitchController : <<<<<<< 's_82_stand_up_target_bank_1' active >>>>>>>
2026-09-09 18:45:14,447 : INFO : EventManager : Event: ======'playfield_active'====== Args={'source': 'shot_sut_1'}
2026-09-09 18:45:14,447 : INFO : EventManager : Event: ======'unexpected_ball_on_playfield'====== Args={}
2026-09-09 18:45:14,447 : INFO : EventManager : Event: ======'playfield_active'====== Args={'source': 'shot_sut_green'}
2026-09-09 18:45:14,447 : INFO : EventManager : Event: ======'unexpected_ball_on_playfield'====== Args={}
2026-09-09 18:45:14,447 : INFO : EventManager : Event: ======'s_82_stand_up_target_bank_1_active'====== Args={}
2026-09-09 18:45:14,447 : INFO : EventManager : Event: ======'sw_playfield_active'====== Args={}
2026-09-09 18:45:14,447 : INFO : EventManager : Event: ======'sw_targets'====== Args={}
2026-09-09 18:45:14,447 : INFO : EventManager : Event: ======'machine_var_audits_switches_s_82_stand_up_target_bank_1'====== Args={'value': 1691, 'prev_value': 1690, 'change': 1}
2026-09-09 18:45:14,447 : INFO : EventManager : Event: ======'awareness_add_4'====== Args={'priority': 0}
2026-09-09 18:45:14,448 : INFO : EventManager : Event: ======'machine_var_audits_shots_shot_sut_1'====== Args={'value': 1691, 'prev_value': 1690, 'change': 1}
2026-09-09 18:45:14,448 : INFO : EventManager : Event: ======'shot_sut_1_hit'====== Args={'profile': 'default', 'state': 'lit', 'advancing': False}
2026-09-09 18:45:14,448 : INFO : EventManager : Event: ======'shot_sut_1_default_hit'====== Args={'profile': 'default', 'state': 'lit', 'advancing': False}
2026-09-09 18:45:14,448 : INFO : EventManager : Event: ======'shot_sut_1_default_lit_hit'====== Args={'profile': 'default', 'state': 'lit', 'advancing': False}
2026-09-09 18:45:14,448 : INFO : EventManager : Event: ======'shot_sut_1_lit_hit'====== Args={'profile': 'default', 'state': 'lit', 'advancing': False}
2026-09-09 18:45:14,448 : INFO : EventManager : Event: ======'machine_var_audits_shots_shot_sut_green'====== Args={'value': 1988, 'prev_value': 1987, 'change': 1}
2026-09-09 18:45:14,448 : INFO : EventManager : Event: ======'shot_sut_green_hit'====== Args={'profile': 'default', 'state': 'lit', 'advancing': False}
2026-09-09 18:45:14,448 : INFO : EventManager : Event: ======'shot_sut_green_default_hit'====== Args={'profile': 'default', 'state': 'lit', 'advancing': False}
2026-09-09 18:45:14,448 : INFO : EventManager : Event: ======'shot_sut_green_default_lit_hit'====== Args={'profile': 'default', 'state': 'lit', 'advancing': False}
2026-09-09 18:45:14,448 : INFO : EventManager : Event: ======'shot_sut_green_lit_hit'====== Args={'profile': 'default', 'state': 'lit', 'advancing': False}
2026-09-09 18:45:14,448 : INFO : EventManager : Event: ======'player_awareness'====== Args={'value': 102, 'prev_value': 98, 'change': 4, 'player_num': 1, 'source': 'awareness'}
2026-09-09 18:45:14,448 : INFO : EventManager : Event: ======'awareness_qualified'====== Args={'priority': 0}
2026-09-09 18:45:14,448 : INFO : EventManager : Event: ======'player_awareness_percent'====== Args={'value': 102, 'prev_value': 98, 'change': 4, 'player_num': 1, 'source': 'awareness'}
2026-09-09 18:45:14,449 : INFO : EventManager : Event: ======'awareness_consume_ready_display'====== Args={'priority': 0}
2026-09-09 18:45:14,449 : INFO : EventManager : Event: ======'awareness_consume_ready_lightshow_start'====== Args={'priority': 0}
2026-09-09 18:45:14,449 : INFO : EventManager : Event: ======'player_awareness_qualified'====== Args={'value': 1, 'prev_value': 0, 'change': 1, 'player_num': 1, 'source': 'awareness'}
2026-09-09 18:45:14,449 : INFO : EventManager : Event: ======'playfield_active'====== Args={'source': None}
2026-09-09 18:45:14,449 : INFO : EventManager : Event: ======'unexpected_ball_on_playfield'====== Args={}
2026-09-09 18:45:14,449 : INFO : EventManager : Event: ======'player_score'====== Args={'value': 1501134, 'prev_value': 1501092, 'change': 42, 'player_num': 1, 'source': 'base'}
2026-09-09 18:45:14,472 : INFO : EventManager : Event: ======'widget_AwarenessProgressWidget_removed'====== Args={'_from_bcp': True}
2026-09-09 18:45:14,476 : INFO : EventManager : Event: ======'widget_objective_widget_active'====== Args={'original_context': 'awareness', 'original_calling_context': 'awareness_consume_ready_display', 'priority': 105.0, 'cmd': 'widgets_play', '_from_bcp': True}
2026-09-09 18:45:14,508 : INFO : SwitchController : <<<<<<< 's_82_stand_up_target_bank_1' inactive >>>>>>>
2026-09-09 18:45:14,521 : INFO : EventManager : Event: ======'widget_arrow_straight_widget_active'====== Args={'original_context': 'awareness', 'original_calling_context': 'awareness_consume_ready_display', 'priority': 105.0, 'cmd': 'widgets_play', '_from_bcp': True}
2026-09-09 18:45:14,538 : INFO : SwitchController : <<<<<<< 's_83_stand_up_target_bank_2' inactive >>>>>>>
2026-09-09 18:45:14,633 : INFO : SwitchController : <<<<<<< 's_83_stand_up_target_bank_2' active >>>>>>>
2026-09-09 18:45:14,633 : INFO : EventManager : Event: ======'playfield_active'====== Args={'source': 'shot_sut_2'}
2026-09-09 18:45:14,633 : INFO : EventManager : Event: ======'unexpected_ball_on_playfield'====== Args={}
2026-09-09 18:45:14,633 : INFO : EventManager : Event: ======'playfield_active'====== Args={'source': 'shot_sut_blue'}
2026-09-09 18:45:14,633 : INFO : EventManager : Event: ======'unexpected_ball_on_playfield'====== Args={}
2026-09-09 18:45:14,633 : INFO : EventManager : Event: ======'s_83_stand_up_target_bank_2_active'====== Args={}
2026-09-09 18:45:14,633 : INFO : EventManager : Event: ======'sw_playfield_active'====== Args={}
2026-09-09 18:45:14,633 : INFO : EventManager : Event: ======'sw_targets'====== Args={}
2026-09-09 18:45:14,633 : INFO : EventManager : Event: ======'machine_var_audits_switches_s_83_stand_up_target_bank_2'====== Args={'value': 1749, 'prev_value': 1748, 'change': 1}
2026-09-09 18:45:14,634 : INFO : SwitchController : <<<<<<< 's_82_stand_up_target_bank_1' active >>>>>>>
2026-09-09 18:45:14,634 : INFO : EventManager : Event: ======'playfield_active'====== Args={'source': 'shot_sut_1'}
2026-09-09 18:45:14,634 : INFO : EventManager : Event: ======'unexpected_ball_on_playfield'====== Args={}
2026-09-09 18:45:14,634 : INFO : EventManager : Event: ======'playfield_active'====== Args={'source': 'shot_sut_green'}
2026-09-09 18:45:14,634 : INFO : EventManager : Event: ======'unexpected_ball_on_playfield'====== Args={}
2026-09-09 18:45:14,634 : INFO : EventManager : Event: ======'s_82_stand_up_target_bank_1_active'====== Args={}
2026-09-09 18:45:14,634 : INFO : EventManager : Event: ======'sw_playfield_active'====== Args={}
2026-09-09 18:45:14,634 : INFO : EventManager : Event: ======'sw_targets'====== Args={}
2026-09-09 18:45:14,634 : INFO : EventManager : Event: ======'machine_var_audits_switches_s_82_stand_up_target_bank_1'====== Args={'value': 1692, 'prev_value': 1691, 'change': 1}
2026-09-09 18:45:14,635 : INFO : EventManager : Event: ======'machine_var_audits_shots_shot_sut_2'====== Args={'value': 1749, 'prev_value': 1748, 'change': 1}
2026-09-09 18:45:14,635 : INFO : EventManager : Event: ======'shot_sut_2_hit'====== Args={'profile': 'default', 'state': 'lit', 'advancing': False}
2026-09-09 18:45:14,635 : INFO : EventManager : Event: ======'shot_sut_2_default_hit'====== Args={'profile': 'default', 'state': 'lit', 'advancing': False}
2026-09-09 18:45:14,635 : INFO : EventManager : Event: ======'shot_sut_2_default_lit_hit'====== Args={'profile': 'default', 'state': 'lit', 'advancing': False}
2026-09-09 18:45:14,635 : INFO : EventManager : Event: ======'shot_sut_2_lit_hit'====== Args={'profile': 'default', 'state': 'lit', 'advancing': False}
2026-09-09 18:45:14,635 : INFO : EventManager : Event: ======'machine_var_audits_shots_shot_sut_blue'====== Args={'value': 2303, 'prev_value': 2302, 'change': 1}
2026-09-09 18:45:14,635 : INFO : EventManager : Event: ======'shot_sut_blue_hit'====== Args={'profile': 'default', 'state': 'lit', 'advancing': False}
2026-09-09 18:45:14,635 : INFO : EventManager : Event: ======'shot_sut_blue_default_hit'====== Args={'profile': 'default', 'state': 'lit', 'advancing': False}
2026-09-09 18:45:14,635 : INFO : EventManager : Event: ======'shot_sut_blue_default_lit_hit'====== Args={'profile': 'default', 'state': 'lit', 'advancing': False}
2026-09-09 18:45:14,635 : INFO : EventManager : Event: ======'shot_sut_blue_lit_hit'====== Args={'profile': 'default', 'state': 'lit', 'advancing': False}
2026-09-09 18:45:14,635 : INFO : EventManager : Event: ======'playfield_active'====== Args={'source': None}
2026-09-09 18:45:14,636 : INFO : EventManager : Event: ======'unexpected_ball_on_playfield'====== Args={}
2026-09-09 18:45:14,636 : INFO : EventManager : Event: ======'player_score'====== Args={'value': 1501176, 'prev_value': 1501134, 'change': 42, 'player_num': 1, 'source': 'base'}
2026-09-09 18:45:14,636 : INFO : EventManager : Event: ======'machine_var_audits_shots_shot_sut_1'====== Args={'value': 1692, 'prev_value': 1691, 'change': 1}
2026-09-09 18:45:14,636 : INFO : EventManager : Event: ======'shot_sut_1_hit'====== Args={'profile': 'default', 'state': 'lit', 'advancing': False}
2026-09-09 18:45:14,636 : INFO : EventManager : Event: ======'shot_sut_1_default_hit'====== Args={'profile': 'default', 'state': 'lit', 'advancing': False}
2026-09-09 18:45:14,636 : INFO : EventManager : Event: ======'shot_sut_1_default_lit_hit'====== Args={'profile': 'default', 'state': 'lit', 'advancing': False}
2026-09-09 18:45:14,636 : INFO : EventManager : Event: ======'shot_sut_1_lit_hit'====== Args={'profile': 'default', 'state': 'lit', 'advancing': False}
2026-09-09 18:45:14,636 : INFO : EventManager : Event: ======'machine_var_audits_shots_shot_sut_green'====== Args={'value': 1989, 'prev_value': 1988, 'change': 1}
2026-09-09 18:45:14,637 : INFO : EventManager : Event: ======'shot_sut_green_hit'====== Args={'profile': 'default', 'state': 'lit', 'advancing': False}
2026-09-09 18:45:14,637 : INFO : EventManager : Event: ======'shot_sut_green_default_hit'====== Args={'profile': 'default', 'state': 'lit', 'advancing': False}
2026-09-09 18:45:14,637 : INFO : EventManager : Event: ======'shot_sut_green_default_lit_hit'====== Args={'profile': 'default', 'state': 'lit', 'advancing': False}
2026-09-09 18:45:14,637 : INFO : EventManager : Event: ======'shot_sut_green_lit_hit'====== Args={'profile': 'default', 'state': 'lit', 'advancing': False}
2026-09-09 18:45:14,637 : INFO : EventManager : Event: ======'playfield_active'====== Args={'source': None}
2026-09-09 18:45:14,637 : INFO : EventManager : Event: ======'unexpected_ball_on_playfield'====== Args={}
2026-09-09 18:45:14,637 : INFO : EventManager : Event: ======'player_score'====== Args={'value': 1501218, 'prev_value': 1501176, 'change': 42, 'player_num': 1, 'source': 'base'}
2026-09-09 18:45:14,712 : INFO : SwitchController : <<<<<<< 's_82_stand_up_target_bank_1' inactive >>>>>>>
2026-09-09 18:45:14,728 : INFO : SwitchController : <<<<<<< 's_83_stand_up_target_bank_2' inactive >>>>>>>
2026-09-09 18:45:16,280 : INFO : SwitchController : <<<<<<< 's_72_single_drop_1' active >>>>>>>
2026-09-09 18:45:16,280 : INFO : EventManager : Event: ======'playfield_active'====== Args={'source': 'resistance_single_drop_stage_5'}
2026-09-09 18:45:16,280 : INFO : EventManager : Event: ======'unexpected_ball_on_playfield'====== Args={}
2026-09-09 18:45:16,280 : INFO : EventManager : Event: ======'s_72_single_drop_1_active'====== Args={}
2026-09-09 18:45:16,280 : INFO : EventManager : Event: ======'sw_drop_target'====== Args={}
2026-09-09 18:45:16,280 : INFO : EventManager : Event: ======'playfield_active'====== Args={'source': 'dt_single'}
2026-09-09 18:45:16,281 : INFO : EventManager : Event: ======'unexpected_ball_on_playfield'====== Args={}
2026-09-09 18:45:16,281 : INFO : EventManager : Event: ======'drop_target_dt_single_down'====== Args={'device': <drop_target.dt_single>}
2026-09-09 18:45:16,281 : INFO : EventManager : Event: ======'machine_var_audits_switches_s_72_single_drop_1'====== Args={'value': 367, 'prev_value': 366, 'change': 1}
2026-09-09 18:45:16,281 : INFO : EventManager : Event: ======'player_score'====== Args={'value': 1501260, 'prev_value': 1501218, 'change': 42, 'player_num': 1, 'source': 'base'}
2026-09-09 18:45:18,177 : INFO : SwitchController : <<<<<<< 's_81_saucer_left' active >>>>>>>
2026-09-09 18:45:18,177 : INFO : EventManager : Event: ======'playfield_active'====== Args={'source': 'resistance_saucer_stage_5'}
2026-09-09 18:45:18,177 : INFO : EventManager : Event: ======'unexpected_ball_on_playfield'====== Args={}
2026-09-09 18:45:18,177 : INFO : EventManager : Event: ======'s_81_saucer_left_active'====== Args={}
2026-09-09 18:45:18,177 : INFO : EventManager : Event: ======'sw_scoop'====== Args={}
2026-09-09 18:45:18,177 : INFO : EventManager : Event: ======'machine_var_audits_switches_s_81_saucer_left'====== Args={'value': 473, 'prev_value': 472, 'change': 1}
2026-09-09 18:45:18,178 : INFO : EventManager : Event: ======'awareness_consume_ready_display_stop'====== Args={'priority': 0}
2026-09-09 18:45:18,178 : INFO : EventManager : Event: ======'awareness_consume_ready_lightshow_stop'====== Args={'priority': 0}
2026-09-09 18:45:18,178 : INFO : EventManager : Event: ======'start_mode_brain_rot'====== Args={'priority': 0}
2026-09-09 18:45:18,179 : INFO : EventManager : Event: ======'mode_brain_rot_will_start'====== Args={'priority': 0}
2026-09-09 18:45:18,179 : INFO : EventManager : Event: ======'player_brain_rot_brain_rot_end_delay_tick'====== Args={'value': 0, 'prev_value': 0, 'change': 0, 'player_num': 1}
2026-09-09 18:45:18,179 : INFO : EventManager : Event: ======'player_brain_rot_brain_rot_left_lock_display_delay_tick'====== Args={'value': 0, 'prev_value': 0, 'change': 0, 'player_num': 1}
2026-09-09 18:45:18,180 : INFO : EventManager : Event: ======'player_brain_rot_brain_rot_right_spinner_display_delay_tick'====== Args={'value': 0, 'prev_value': 0, 'change': 0, 'player_num': 1}
2026-09-09 18:45:18,180 : INFO : EventManager : Event: ======'player_brain_rot_brain_rot_right_lock_display_delay_tick'====== Args={'value': 0, 'prev_value': 0, 'change': 0, 'player_num': 1}
2026-09-09 18:45:18,180 : INFO : EventManager : Event: ======'player_brain_rot_brain_rot_varitarget_display_delay_tick'====== Args={'value': 0, 'prev_value': 0, 'change': 0, 'player_num': 1}
2026-09-09 18:45:18,180 : INFO : EventManager : Event: ======'player_brain_rot_brain_rot_multiball_reset_delay_tick'====== Args={'value': 0, 'prev_value': 0, 'change': 0, 'player_num': 1}
2026-09-09 18:45:18,184 : INFO : EventManager : Event: ======'mode_brain_rot_starting'====== Args={'priority': 0}
2026-09-09 18:45:18,184 : INFO : EventManager : Event: ======'player_score'====== Args={'value': 1501302, 'prev_value': 1501260, 'change': 42, 'player_num': 1, 'source': 'base'}
2026-09-09 18:45:18,184 : INFO : Mode.brain_rot : Started. Priority: 1000
2026-09-09 18:45:18,184 : INFO : EventManager : Event: ======'modes_active_modes_changed'====== Args={}
2026-09-09 18:45:18,184 : INFO : EventManager : Event: ======'mode_brain_rot_started'====== Args={'priority': 0}
2026-09-09 18:45:18,184 : INFO : EventManager : Event: ======'brain_rot_intro'====== Args={'priority': 0}
2026-09-09 18:45:18,185 : INFO : EventManager : Event: ======'brain_rot_multiball_reset'====== Args={'priority': 0}
2026-09-09 18:45:18,185 : INFO : EventManager : Event: ======'brain_rot_multiball_prepare'====== Args={'priority': 0}
2026-09-09 18:45:18,185 : INFO : EventManager : Event: ======'brain_rot_eject_start_ball'====== Args={'priority': 0}
2026-09-09 18:45:18,185 : INFO : EventManager : Event: ======'player_brain_rot_stage'====== Args={'value': 0, 'prev_value': 0, 'change': 0, 'player_num': 1, 'source': 'brain_rot'}
2026-09-09 18:45:18,185 : INFO : EventManager : Event: ======'player_brain_rot_multiball_started'====== Args={'value': 0, 'prev_value': 0, 'change': 0, 'player_num': 1, 'source': 'brain_rot'}
2026-09-09 18:45:18,185 : INFO : EventManager : Event: ======'player_brain_rot_left_saucer_open'====== Args={'value': 0, 'prev_value': 0, 'change': 0, 'player_num': 1, 'source': 'brain_rot'}
2026-09-09 18:45:18,185 : INFO : EventManager : Event: ======'player_brain_rot_left_ball_locked'====== Args={'value': 0, 'prev_value': 0, 'change': 0, 'player_num': 1, 'source': 'brain_rot'}
2026-09-09 18:45:18,185 : INFO : EventManager : Event: ======'player_brain_rot_right_saucer_open'====== Args={'value': 0, 'prev_value': 0, 'change': 0, 'player_num': 1, 'source': 'brain_rot'}
2026-09-09 18:45:18,186 : INFO : EventManager : Event: ======'player_brain_rot_right_ball_locked'====== Args={'value': 0, 'prev_value': 0, 'change': 0, 'player_num': 1, 'source': 'brain_rot'}
2026-09-09 18:45:18,186 : INFO : EventManager : Event: ======'brain_rot_video_space'====== Args={}
2026-09-09 18:45:18,186 : INFO : Timer.brain_rot_multiball_reset_delay : Starting Timer.
2026-09-09 18:45:18,186 : INFO : EventManager : Event: ======'timer_brain_rot_multiball_reset_delay_started'====== Args={'ticks': 0, 'ticks_remaining': 1}
2026-09-09 18:45:18,186 : INFO : EventManager : Event: ======'timer_brain_rot_multiball_reset_delay_tick'====== Args={'ticks': 0, 'ticks_remaining': 1}
2026-09-09 18:45:18,186 : INFO : coil.c_29_saucer_left : Pulsing Driver for 10ms (1.0 pulse_power)
2026-09-09 18:45:18,206 : INFO : EventManager : Event: ======'widget_ObjectiveWidget_removed'====== Args={'_from_bcp': True}
2026-09-09 18:45:18,206 : INFO : EventManager : Event: ======'widget_ArrowStraightWidget_removed'====== Args={'_from_bcp': True}
2026-09-09 18:45:18,212 : INFO : EventManager : Event: ======'widget_mode_title_widget_active'====== Args={'original_context': 'brain_rot', 'original_calling_context': 'brain_rot_intro', 'priority': 1000.0, 'cmd': 'widgets_play', '_from_bcp': True}
2026-09-09 18:45:18,224 : INFO : EventManager : Event: ======'player_brain_rot_brain_rot_multiball_reset_delay_tick'====== Args={'value': 1, 'prev_value': 0, 'change': 1, 'player_num': 1}
2026-09-09 18:45:18,224 : INFO : Timer.brain_rot_multiball_reset_delay : Timer Complete
2026-09-09 18:45:18,225 : INFO : Timer.brain_rot_multiball_reset_delay : Stopping Timer
2026-09-09 18:45:18,225 : INFO : EventManager : Event: ======'timer_brain_rot_multiball_reset_delay_stopped'====== Args={'ticks': 1, 'ticks_remaining': 1}
2026-09-09 18:45:18,225 : INFO : EventManager : Event: ======'timer_brain_rot_multiball_reset_delay_complete'====== Args={'ticks': 1, 'ticks_remaining': 1}
2026-09-09 18:45:18,225 : INFO : SwitchController : <<<<<<< 's_81_saucer_left' inactive >>>>>>>
2026-09-09 18:45:18,225 : INFO : EventManager : Event: ======'brain_rot_multiball_enable'====== Args={'priority': 0}
2026-09-09 18:45:18,237 : INFO : EventManager : Event: ======'widget_award_popup_widget_active'====== Args={'original_context': 'brain_rot', 'original_calling_context': 'brain_rot_video_space', 'priority': 1000.0, 'cmd': 'widgets_play', '_from_bcp': True}
2026-09-09 18:45:18,270 : INFO : SwitchController : <<<<<<< 's_64_varitarget_position_1' active >>>>>>>
2026-09-09 18:45:18,270 : INFO : EventManager : Event: ======'playfield_active'====== Args={'source': 'varitarget_p1'}
2026-09-09 18:45:18,270 : INFO : EventManager : Event: ======'unexpected_ball_on_playfield'====== Args={}
2026-09-09 18:45:18,270 : INFO : EventManager : Event: ======'s_64_varitarget_position_1_active'====== Args={}
2026-09-09 18:45:18,270 : INFO : EventManager : Event: ======'sw_vari'====== Args={}
2026-09-09 18:45:18,270 : INFO : EventManager : Event: ======'machine_var_audits_switches_s_64_varitarget_position_1'====== Args={'value': 13552, 'prev_value': 13551, 'change': 1}
2026-09-09 18:45:18,271 : INFO : SwitchController : <<<<<<< 's_64_varitarget_position_1' inactive >>>>>>>
2026-09-09 18:45:18,271 : INFO : EventManager : Event: ======'glasses_pending_position_1'====== Args={'priority': 0}
2026-09-09 18:45:18,271 : INFO : EventManager : Event: ======'machine_var_audits_shots_varitarget_p1'====== Args={'value': 13529, 'prev_value': 13528, 'change': 1}
2026-09-09 18:45:18,271 : INFO : EventManager : Event: ======'varitarget_p1_hit'====== Args={'profile': 'default', 'state': 'lit', 'advancing': False}
2026-09-09 18:45:18,272 : INFO : EventManager : Event: ======'varitarget_p1_default_hit'====== Args={'profile': 'default', 'state': 'lit', 'advancing': False}
2026-09-09 18:45:18,272 : INFO : EventManager : Event: ======'varitarget_p1_default_lit_hit'====== Args={'profile': 'default', 'state': 'lit', 'advancing': False}
2026-09-09 18:45:18,272 : INFO : EventManager : Event: ======'varitarget_p1_lit_hit'====== Args={'profile': 'default', 'state': 'lit', 'advancing': False}
2026-09-09 18:45:18,272 : INFO : EventManager : Event: ======'varitarget_position_changed'====== Args={'priority': 0}
2026-09-09 18:45:18,272 : INFO : EventManager : Event: ======'varitarget_reset_stop'====== Args={'priority': 0}
2026-09-09 18:45:18,272 : INFO : EventManager : Event: ======'varitarget_reset_complete'====== Args={'priority': 0}
2026-09-09 18:45:18,272 : INFO : EventManager : Event: ======'glasses_position_confirm_restart'====== Args={'priority': 0}
2026-09-09 18:45:18,272 : INFO : EventManager : Event: ======'player_glasses_mode_glasses_position_confirm_tick'====== Args={'value': 0, 'prev_value': 1, 'change': -1, 'player_num': 1}
2026-09-09 18:45:18,272 : INFO : Timer.glasses_position_confirm : Starting Timer.
2026-09-09 18:45:18,272 : INFO : EventManager : Event: ======'timer_glasses_position_confirm_started'====== Args={'ticks': 0, 'ticks_remaining': 1}
2026-09-09 18:45:18,272 : INFO : EventManager : Event: ======'timer_glasses_position_confirm_tick'====== Args={'ticks': 0, 'ticks_remaining': 1}
2026-09-09 18:45:18,272 : INFO : EventManager : Event: ======'varitarget_positions_hit'====== Args={'shot': 'varitarget_p1'}
2026-09-09 18:45:18,273 : INFO : EventManager : Event: ======'varitarget_positions_lit_hit'====== Args={'shot': 'varitarget_p1'}
2026-09-09 18:45:18,273 : INFO : EventManager : Event: ======'varitarget_update_stable'====== Args={'priority': 0}
2026-09-09 18:45:18,273 : INFO : Timer.varitarget_reset_timer : Stopping Timer
2026-09-09 18:45:18,273 : INFO : EventManager : Event: ======'timer_varitarget_reset_timer_stopped'====== Args={'ticks': 0, 'ticks_remaining': 999999}
2026-09-09 18:45:18,273 : INFO : EventManager : Event: ======'player_score'====== Args={'value': 1501344, 'prev_value': 1501302, 'change': 42, 'player_num': 1, 'source': 'base'}
2026-09-09 18:45:19,279 : INFO : EventManager : Event: ======'player_glasses_mode_glasses_position_confirm_tick'====== Args={'value': 1, 'prev_value': 0, 'change': 1, 'player_num': 1}
2026-09-09 18:45:19,279 : INFO : Timer.glasses_position_confirm : Timer Complete
2026-09-09 18:45:19,279 : INFO : Timer.glasses_position_confirm : Stopping Timer
2026-09-09 18:45:19,279 : INFO : EventManager : Event: ======'timer_glasses_position_confirm_stopped'====== Args={'ticks': 1, 'ticks_remaining': 1}
2026-09-09 18:45:19,279 : INFO : EventManager : Event: ======'timer_glasses_position_confirm_complete'====== Args={'ticks': 1, 'ticks_remaining': 1}
2026-09-09 18:45:19,280 : INFO : EventManager : Event: ======'varitarget_position_1_confirmed'====== Args={'priority': 0}
2026-09-09 18:45:19,280 : INFO : EventManager : Event: ======'glasses_enter_state_1'====== Args={'priority': 0}
2026-09-09 18:45:19,280 : INFO : EventManager : Event: ======'glasses_stop_all_shows'====== Args={'priority': 0}
2026-09-09 18:45:19,280 : INFO : EventManager : Event: ======'glasses_state_timer_stop'====== Args={'priority': 0}
2026-09-09 18:45:19,280 : INFO : EventManager : Event: ======'glasses_home_pulse_timer_stop'====== Args={'priority': 0}
2026-09-09 18:45:19,280 : INFO : EventManager : Event: ======'glasses_homing_cancel'====== Args={'priority': 0}
2026-09-09 18:45:19,280 : INFO : Timer.glasses_state_timer : Stopping Timer
2026-09-09 18:45:19,280 : INFO : EventManager : Event: ======'timer_glasses_state_timer_stopped'====== Args={'ticks': 0, 'ticks_remaining': 0}
2026-09-09 18:45:19,280 : INFO : Timer.glasses_home_pulse_timer : Stopping Timer
2026-09-09 18:45:19,280 : INFO : EventManager : Event: ======'timer_glasses_home_pulse_timer_stopped'====== Args={'ticks': 0, 'ticks_remaining': 0}
2026-09-09 18:45:19,942 : INFO : EventManager : Event: ======'ball_save_bs_default_hurry_up'====== Args={}
2026-09-09 18:45:20,178 : INFO : EventManager : Event: ======'s_81_saucer_left_inactive'====== Args={}
2026-09-09 18:45:20,178 : INFO : EventManager : Event: ======'brain_rot_launch_multiball'====== Args={'priority': 0}
2026-09-09 18:45:20,178 : INFO : EventManager : Event: ======'balls_in_play'====== Args={'balls': 3}
2026-09-09 18:45:20,178 : INFO : ball_device.bd_plunger : Adding 2 ball(s) to the eject_queue with target <playfield.playfield>.
2026-09-09 18:45:20,178 : INFO : EventManager : Event: ======'balldevice_balls_available'====== Args={}
2026-09-09 18:45:20,178 : INFO : EventManager : Event: ======'balldevice_balls_available'====== Args={}
2026-09-09 18:45:20,179 : INFO : EventManager : Event: ======'ball_save_brain_rot_multiball_timer_start'====== Args={}
2026-09-09 18:45:20,179 : INFO : EventManager : Event: ======'multiball_brain_rot_multiball_started'====== Args={'balls': 3}
2026-09-09 18:45:20,179 : INFO : EventManager : Event: ======'brain_rot_multiball_started'====== Args={'priority': 0}
2026-09-09 18:45:20,179 : INFO : EventManager : Event: ======'brain_rot_left_spinner_objective'====== Args={'priority': 0}
2026-09-09 18:45:20,179 : INFO : EventManager : Event: ======'player_brain_rot_stage'====== Args={'value': 1, 'prev_value': 0, 'change': 1, 'player_num': 1, 'source': 'brain_rot'}
2026-09-09 18:45:20,179 : INFO : EventManager : Event: ======'player_brain_rot_multiball_started'====== Args={'value': 1, 'prev_value': 0, 'change': 1, 'player_num': 1, 'source': 'brain_rot'}
2026-09-09 18:45:20,180 : INFO : ball_device.bd_trough : State: waiting_for_target_ready
2026-09-09 18:45:20,180 : INFO : EventManager : Event: ======'balldevice_bd_trough_ball_eject_attempt'====== Args={'balls': 1, 'target': <ball_device.bd_plunger>, 'source': <ball_device.bd_trough>, 'mechanical_eject': False, 'num_attempts': 0}
2026-09-09 18:45:20,180 : INFO : ball_device.bd_plunger : State: waiting_for_ball
2026-09-09 18:45:20,181 : INFO : ball_device.bd_trough : State: ejecting
2026-09-09 18:45:20,181 : INFO : ball_device.bd_trough : Ejecting ball to <ball_device.bd_plunger>
2026-09-09 18:45:20,181 : INFO : EventManager : Event: ======'balldevice_bd_trough_ejecting_ball'====== Args={'balls': 1, 'target': <ball_device.bd_plunger>, 'source': <ball_device.bd_trough>, 'mechanical_eject': False, 'num_attempts': 0}
2026-09-09 18:45:20,181 : INFO : ball_device.bd_trough : Wait for ball to leave device
2026-09-09 18:45:20,182 : INFO : coil.c_02_trough_eject : Pulsing Driver for 16ms (1.0 pulse_power)
2026-09-09 18:45:20,190 : INFO : EventManager : Event: ======'widget_objective_widget_active'====== Args={'original_context': 'brain_rot', 'original_calling_context': 'brain_rot_left_spinner_objective', 'priority': 1000.0, 'cmd': 'widgets_play', '_from_bcp': True}
2026-09-09 18:45:20,191 : INFO : EventManager : Event: ======'widget_arrow_straight_widget_active'====== Args={'original_context': 'brain_rot', 'original_calling_context': 'brain_rot_left_spinner_objective', 'priority': 1000.0, 'cmd': 'widgets_play', '_from_bcp': True}
2026-09-09 18:45:20,209 : INFO : SwitchController : <<<<<<< 's_24_trough_1' inactive >>>>>>>
2026-09-09 18:45:20,209 : INFO : SwitchController : <<<<<<< 's_30_trough_jam' active >>>>>>>
2026-09-09 18:45:20,209 : INFO : EventManager : Event: ======'machine_var_audits_switches_s_30_trough_jam'====== Args={'value': 2622, 'prev_value': 2621, 'change': 1}
2026-09-09 18:45:20,211 : INFO : ball_device.bd_trough : State: ball_left
2026-09-09 18:45:20,211 : INFO : ball_device.bd_trough : Ball left
2026-09-09 18:45:20,211 : INFO : ball_device.bd_trough : Wait for confirm with timeout 10.0
2026-09-09 18:45:20,226 : INFO : SwitchController : <<<<<<< 's_30_trough_jam' inactive >>>>>>>
2026-09-09 18:45:20,477 : INFO : SwitchController : <<<<<<< 's_31_plunger_lane' active >>>>>>>
2026-09-09 18:45:20,477 : INFO : EventManager : Event: ======'s_31_plunger_lane_active'====== Args={}
2026-09-09 18:45:20,477 : INFO : EventManager : Event: ======'machine_var_audits_switches_s_31_plunger_lane'====== Args={'value': 2511, 'prev_value': 2510, 'change': 1}
2026-09-09 18:45:20,478 : INFO : Timer.t_auto_plunge : Starting Timer.
2026-09-09 18:45:20,478 : INFO : EventManager : Event: ======'timer_t_auto_plunge_started'====== Args={'ticks': 9, 'ticks_remaining': 9}
2026-09-09 18:45:20,478 : INFO : EventManager : Event: ======'timer_t_auto_plunge_tick'====== Args={'ticks': 9, 'ticks_remaining': 9}
2026-09-09 18:45:20,509 : INFO : SwitchController : <<<<<<< 's_25_trough_2' inactive >>>>>>>
2026-09-09 18:45:20,541 : INFO : SwitchController : <<<<<<< 's_24_trough_1' active >>>>>>>
2026-09-09 18:45:20,541 : INFO : EventManager : Event: ======'machine_var_audits_switches_s_24_trough_1'====== Args={'value': 2614, 'prev_value': 2613, 'change': 1}
2026-09-09 18:45:20,970 : INFO : ball_device.bd_plunger : Received ball from <ball_device.bd_trough>
2026-09-09 18:45:20,970 : INFO : EventManager : Event: ======'balldevice_bd_plunger_ball_enter'====== Args={'new_balls': 1, 'unclaimed_balls': 0, 'new_available_balls': 0, 'device': <ball_device.bd_plunger>}
2026-09-09 18:45:20,971 : INFO : EventManager : Event: ======'balldevice_bd_plunger_ball_entered'====== Args={'new_balls': 0, 'device': <ball_device.bd_plunger>}
2026-09-09 18:45:20,971 : INFO : EventManager : Event: ======'balldevice_bd_plunger_ball_count_changed'====== Args={'balls': 1}
2026-09-09 18:45:20,972 : INFO : ball_device.bd_trough : Got eject confirm
2026-09-09 18:45:20,972 : INFO : ball_device.bd_trough : Eject successful
2026-09-09 18:45:20,972 : INFO : EventManager : Event: ======'balldevice_bd_trough_ball_eject_success'====== Args={'balls': 1, 'target': <ball_device.bd_plunger>}
2026-09-09 18:45:20,973 : INFO : ball_device.bd_plunger : State: waiting_for_target_ready
2026-09-09 18:45:20,973 : INFO : EventManager : Event: ======'balldevice_bd_plunger_ball_eject_attempt'====== Args={'balls': 1, 'target': <playfield.playfield>, 'source': <ball_device.bd_plunger>, 'mechanical_eject': False, 'num_attempts': 0}
2026-09-09 18:45:20,973 : INFO : EventManager : Event: ======'balldevice_bd_trough_ball_count_changed'====== Args={'balls': 1}
2026-09-09 18:45:20,973 : INFO : ball_device.bd_trough : State: idle
2026-09-09 18:45:20,974 : INFO : ball_device.bd_plunger : State: ejecting
2026-09-09 18:45:20,974 : INFO : ball_device.bd_plunger : Ejecting ball to <playfield.playfield>
2026-09-09 18:45:20,974 : INFO : EventManager : Event: ======'balldevice_bd_plunger_ejecting_ball'====== Args={'balls': 1, 'target': <playfield.playfield>, 'source': <ball_device.bd_plunger>, 'mechanical_eject': False, 'num_attempts': 0}
2026-09-09 18:45:20,975 : INFO : ball_device.bd_plunger : Wait for ball to leave device
2026-09-09 18:45:20,975 : INFO : coil.c_01_plunger : Pulsing Driver for 14ms (1.0 pulse_power)
2026-09-09 18:45:21,002 : INFO : SwitchController : <<<<<<< 's_31_plunger_lane' inactive >>>>>>>
2026-09-09 18:45:21,002 : INFO : EventManager : Event: ======'s_31_plunger_lane_inactive'====== Args={}
2026-09-09 18:45:21,003 : INFO : Timer.t_auto_plunge : Stopping Timer
2026-09-09 18:45:21,003 : INFO : EventManager : Event: ======'timer_t_auto_plunge_stopped'====== Args={'ticks': 9, 'ticks_remaining': 9}
2026-09-09 18:45:21,004 : INFO : ball_device.bd_plunger : State: ball_left
2026-09-09 18:45:21,004 : INFO : ball_device.bd_plunger : Ball left
2026-09-09 18:45:21,004 : INFO : ball_device.bd_plunger : Wait for confirm with timeout 4.0
2026-09-09 18:45:21,034 : INFO : ball_device.bd_trough : State: waiting_for_target_ready
2026-09-09 18:45:21,034 : INFO : EventManager : Event: ======'balldevice_bd_trough_ball_eject_attempt'====== Args={'balls': 1, 'target': <ball_device.bd_plunger>, 'source': <ball_device.bd_trough>, 'mechanical_eject': False, 'num_attempts': 0}
2026-09-09 18:45:21,414 : INFO : SwitchController : <<<<<<< 's_64_varitarget_position_1' active >>>>>>>
2026-09-09 18:45:21,414 : INFO : EventManager : Event: ======'playfield_active'====== Args={'source': 'varitarget_p1'}
2026-09-09 18:45:21,414 : INFO : EventManager : Event: ======'s_64_varitarget_position_1_active'====== Args={}
2026-09-09 18:45:21,414 : INFO : EventManager : Event: ======'sw_vari'====== Args={}
2026-09-09 18:45:21,414 : INFO : EventManager : Event: ======'machine_var_audits_switches_s_64_varitarget_position_1'====== Args={'value': 13553, 'prev_value': 13552, 'change': 1}
2026-09-09 18:45:21,415 : INFO : EventManager : Event: ======'glasses_pending_position_1'====== Args={'priority': 0}
2026-09-09 18:45:21,415 : INFO : EventManager : Event: ======'machine_var_audits_shots_varitarget_p1'====== Args={'value': 13530, 'prev_value': 13529, 'change': 1}
2026-09-09 18:45:21,415 : INFO : EventManager : Event: ======'varitarget_p1_hit'====== Args={'profile': 'default', 'state': 'lit', 'advancing': False}
2026-09-09 18:45:21,415 : INFO : EventManager : Event: ======'varitarget_p1_default_hit'====== Args={'profile': 'default', 'state': 'lit', 'advancing': False}
2026-09-09 18:45:21,415 : INFO : EventManager : Event: ======'varitarget_p1_default_lit_hit'====== Args={'profile': 'default', 'state': 'lit', 'advancing': False}
2026-09-09 18:45:21,415 : INFO : EventManager : Event: ======'varitarget_p1_lit_hit'====== Args={'profile': 'default', 'state': 'lit', 'advancing': False}
2026-09-09 18:45:21,415 : INFO : EventManager : Event: ======'varitarget_position_changed'====== Args={'priority': 0}
2026-09-09 18:45:21,416 : INFO : EventManager : Event: ======'varitarget_reset_stop'====== Args={'priority': 0}
2026-09-09 18:45:21,416 : INFO : EventManager : Event: ======'varitarget_reset_complete'====== Args={'priority': 0}
2026-09-09 18:45:21,416 : INFO : EventManager : Event: ======'glasses_position_confirm_restart'====== Args={'priority': 0}
2026-09-09 18:45:21,416 : INFO : EventManager : Event: ======'player_glasses_mode_glasses_position_confirm_tick'====== Args={'value': 0, 'prev_value': 1, 'change': -1, 'player_num': 1}
2026-09-09 18:45:21,416 : INFO : Timer.glasses_position_confirm : Starting Timer.
2026-09-09 18:45:21,416 : INFO : EventManager : Event: ======'timer_glasses_position_confirm_started'====== Args={'ticks': 0, 'ticks_remaining': 1}
2026-09-09 18:45:21,416 : INFO : EventManager : Event: ======'timer_glasses_position_confirm_tick'====== Args={'ticks': 0, 'ticks_remaining': 1}
2026-09-09 18:45:21,416 : INFO : EventManager : Event: ======'varitarget_positions_hit'====== Args={'shot': 'varitarget_p1'}
2026-09-09 18:45:21,416 : INFO : EventManager : Event: ======'varitarget_positions_lit_hit'====== Args={'shot': 'varitarget_p1'}
2026-09-09 18:45:21,416 : INFO : EventManager : Event: ======'varitarget_update_stable'====== Args={'priority': 0}
2026-09-09 18:45:21,416 : INFO : Timer.varitarget_reset_timer : Stopping Timer
2026-09-09 18:45:21,416 : INFO : EventManager : Event: ======'timer_varitarget_reset_timer_stopped'====== Args={'ticks': 0, 'ticks_remaining': 999999}
2026-09-09 18:45:21,416 : INFO : EventManager : Event: ======'player_score'====== Args={'value': 1501386, 'prev_value': 1501344, 'change': 42, 'player_num': 1, 'source': 'base'}
2026-09-09 18:45:21,417 : INFO : ball_device.bd_plunger : Got eject confirm
2026-09-09 18:45:21,417 : INFO : ball_device.bd_plunger : Eject successful
2026-09-09 18:45:21,417 : INFO : EventManager : Event: ======'balldevice_bd_plunger_ball_eject_success'====== Args={'balls': 1, 'target': <playfield.playfield>}
2026-09-09 18:45:21,417 : INFO : EventManager : Event: ======'balldevice_playfield_ball_enter'====== Args={'new_balls': 1, 'unclaimed_balls': 1, 'device': <playfield.playfield>}
2026-09-09 18:45:21,417 : INFO : EventManager : Event: ======'playfield_ball_count_change'====== Args={'balls': 1, 'change': 1}
2026-09-09 18:45:21,418 : INFO : EventManager : Event: ======'balldevice_bd_plunger_ball_count_changed'====== Args={'balls': 0}
2026-09-09 18:45:21,418 : INFO : ball_device.bd_plunger : State: idle
2026-09-09 18:45:21,509 : INFO : ball_device.bd_trough : State: ejecting
2026-09-09 18:45:21,509 : INFO : ball_device.bd_trough : Ejecting ball to <ball_device.bd_plunger>
2026-09-09 18:45:21,509 : INFO : EventManager : Event: ======'balldevice_bd_trough_ejecting_ball'====== Args={'balls': 1, 'target': <ball_device.bd_plunger>, 'source': <ball_device.bd_trough>, 'mechanical_eject': False, 'num_attempts': 0}
2026-09-09 18:45:21,510 : INFO : ball_device.bd_plunger : State: waiting_for_ball
2026-09-09 18:45:21,511 : INFO : ball_device.bd_trough : Wait for ball to leave device
2026-09-09 18:45:21,511 : INFO : coil.c_02_trough_eject : Pulsing Driver for 16ms (1.0 pulse_power)
2026-09-09 18:45:21,541 : INFO : SwitchController : <<<<<<< 's_64_varitarget_position_1' inactive >>>>>>>
2026-09-09 18:45:21,541 : INFO : SwitchController : <<<<<<< 's_24_trough_1' inactive >>>>>>>
2026-09-09 18:45:21,541 : INFO : SwitchController : <<<<<<< 's_30_trough_jam' active >>>>>>>
2026-09-09 18:45:21,541 : INFO : EventManager : Event: ======'machine_var_audits_switches_s_30_trough_jam'====== Args={'value': 2623, 'prev_value': 2622, 'change': 1}
2026-09-09 18:45:21,542 : INFO : SwitchController : <<<<<<< 's_64_varitarget_position_1' active >>>>>>>
2026-09-09 18:45:21,542 : INFO : EventManager : Event: ======'s_64_varitarget_position_1_active'====== Args={}
2026-09-09 18:45:21,542 : INFO : EventManager : Event: ======'sw_vari'====== Args={}
2026-09-09 18:45:21,542 : INFO : EventManager : Event: ======'machine_var_audits_switches_s_64_varitarget_position_1'====== Args={'value': 13554, 'prev_value': 13553, 'change': 1}
2026-09-09 18:45:21,543 : INFO : EventManager : Event: ======'glasses_pending_position_1'====== Args={'priority': 0}
2026-09-09 18:45:21,543 : INFO : EventManager : Event: ======'machine_var_audits_shots_varitarget_p1'====== Args={'value': 13531, 'prev_value': 13530, 'change': 1}
2026-09-09 18:45:21,543 : INFO : EventManager : Event: ======'varitarget_p1_hit'====== Args={'profile': 'default', 'state': 'lit', 'advancing': False}
2026-09-09 18:45:21,543 : INFO : EventManager : Event: ======'varitarget_p1_default_hit'====== Args={'profile': 'default', 'state': 'lit', 'advancing': False}
2026-09-09 18:45:21,543 : INFO : EventManager : Event: ======'varitarget_p1_default_lit_hit'====== Args={'profile': 'default', 'state': 'lit', 'advancing': False}
2026-09-09 18:45:21,543 : INFO : EventManager : Event: ======'varitarget_p1_lit_hit'====== Args={'profile': 'default', 'state': 'lit', 'advancing': False}
2026-09-09 18:45:21,543 : INFO : EventManager : Event: ======'varitarget_position_changed'====== Args={'priority': 0}
2026-09-09 18:45:21,543 : INFO : EventManager : Event: ======'varitarget_reset_stop'====== Args={'priority': 0}
2026-09-09 18:45:21,543 : INFO : EventManager : Event: ======'varitarget_reset_complete'====== Args={'priority': 0}
2026-09-09 18:45:21,543 : INFO : EventManager : Event: ======'glasses_position_confirm_restart'====== Args={'priority': 0}
2026-09-09 18:45:21,543 : INFO : EventManager : Event: ======'timer_glasses_position_confirm_tick'====== Args={'ticks': 0, 'ticks_remaining': 1}
2026-09-09 18:45:21,543 : INFO : EventManager : Event: ======'varitarget_positions_hit'====== Args={'shot': 'varitarget_p1'}
2026-09-09 18:45:21,543 : INFO : EventManager : Event: ======'varitarget_positions_lit_hit'====== Args={'shot': 'varitarget_p1'}
2026-09-09 18:45:21,544 : INFO : EventManager : Event: ======'varitarget_update_stable'====== Args={'priority': 0}
2026-09-09 18:45:21,544 : INFO : Timer.varitarget_reset_timer : Stopping Timer
2026-09-09 18:45:21,544 : INFO : EventManager : Event: ======'timer_varitarget_reset_timer_stopped'====== Args={'ticks': 0, 'ticks_remaining': 999999}
2026-09-09 18:45:21,544 : INFO : EventManager : Event: ======'player_score'====== Args={'value': 1501428, 'prev_value': 1501386, 'change': 42, 'player_num': 1, 'source': 'base'}
2026-09-09 18:45:21,545 : INFO : ball_device.bd_trough : State: ball_left
2026-09-09 18:45:21,545 : INFO : ball_device.bd_trough : Ball left
2026-09-09 18:45:21,545 : INFO : ball_device.bd_trough : Wait for confirm with timeout 10.0
2026-09-09 18:45:21,557 : INFO : SwitchController : <<<<<<< 's_30_trough_jam' inactive >>>>>>>
2026-09-09 18:45:21,637 : INFO : SwitchController : <<<<<<< 's_64_varitarget_position_1' inactive >>>>>>>
2026-09-09 18:45:21,716 : INFO : SwitchController : <<<<<<< 's_63_stand_up_target_3' active >>>>>>>
2026-09-09 18:45:21,716 : INFO : EventManager : Event: ======'s_63_stand_up_target_3_active'====== Args={}
2026-09-09 18:45:21,716 : INFO : EventManager : Event: ======'sw_playfield_active'====== Args={}
2026-09-09 18:45:21,716 : INFO : EventManager : Event: ======'sw_standups'====== Args={}
2026-09-09 18:45:21,716 : INFO : EventManager : Event: ======'machine_var_audits_switches_s_63_stand_up_target_3'====== Args={'value': 485, 'prev_value': 484, 'change': 1}
2026-09-09 18:45:21,717 : INFO : EventManager : Event: ======'stars_t63_on'====== Args={'priority': 0}
2026-09-09 18:45:21,717 : INFO : EventManager : Event: ======'stars_count_updated'====== Args={'priority': 0}
2026-09-09 18:45:21,717 : INFO : EventManager : Event: ======'stars_monitor_t63_on'====== Args={'priority': 0}
2026-09-09 18:45:21,717 : INFO : EventManager : Event: ======'player_stars_t63'====== Args={'value': 1, 'prev_value': 0, 'change': 1, 'player_num': 1, 'source': 'stars_mode'}
2026-09-09 18:45:21,717 : INFO : EventManager : Event: ======'player_stars_targets_lit_count'====== Args={'value': 1, 'prev_value': 0, 'change': 1, 'player_num': 1, 'source': 'stars_mode'}
2026-09-09 18:45:21,718 : INFO : EventManager : Event: ======'player_score'====== Args={'value': 1501470, 'prev_value': 1501428, 'change': 42, 'player_num': 1, 'source': 'base'}
2026-09-09 18:45:21,732 : INFO : SwitchController : <<<<<<< 's_63_stand_up_target_3' inactive >>>>>>>
2026-09-09 18:45:22,256 : INFO : SwitchController : <<<<<<< 's_31_plunger_lane' active >>>>>>>
2026-09-09 18:45:22,256 : INFO : EventManager : Event: ======'s_31_plunger_lane_active'====== Args={}
2026-09-09 18:45:22,256 : INFO : EventManager : Event: ======'machine_var_audits_switches_s_31_plunger_lane'====== Args={'value': 2512, 'prev_value': 2511, 'change': 1}
2026-09-09 18:45:22,257 : INFO : Timer.t_auto_plunge : Starting Timer.
2026-09-09 18:45:22,257 : INFO : EventManager : Event: ======'timer_t_auto_plunge_started'====== Args={'ticks': 9, 'ticks_remaining': 9}
2026-09-09 18:45:22,257 : INFO : EventManager : Event: ======'timer_t_auto_plunge_tick'====== Args={'ticks': 9, 'ticks_remaining': 9}
2026-09-09 18:45:22,523 : INFO : EventManager : Event: ======'player_glasses_mode_glasses_position_confirm_tick'====== Args={'value': 1, 'prev_value': 0, 'change': 1, 'player_num': 1}
2026-09-09 18:45:22,523 : INFO : Timer.glasses_position_confirm : Timer Complete
2026-09-09 18:45:22,524 : INFO : Timer.glasses_position_confirm : Stopping Timer
2026-09-09 18:45:22,524 : INFO : EventManager : Event: ======'timer_glasses_position_confirm_stopped'====== Args={'ticks': 1, 'ticks_remaining': 1}
2026-09-09 18:45:22,524 : INFO : EventManager : Event: ======'timer_glasses_position_confirm_complete'====== Args={'ticks': 1, 'ticks_remaining': 1}
2026-09-09 18:45:22,524 : INFO : EventManager : Event: ======'varitarget_position_1_confirmed'====== Args={'priority': 0}
2026-09-09 18:45:22,524 : INFO : EventManager : Event: ======'glasses_enter_state_1'====== Args={'priority': 0}
2026-09-09 18:45:22,524 : INFO : EventManager : Event: ======'glasses_stop_all_shows'====== Args={'priority': 0}
2026-09-09 18:45:22,524 : INFO : EventManager : Event: ======'glasses_state_timer_stop'====== Args={'priority': 0}
2026-09-09 18:45:22,525 : INFO : EventManager : Event: ======'glasses_home_pulse_timer_stop'====== Args={'priority': 0}
2026-09-09 18:45:22,525 : INFO : EventManager : Event: ======'glasses_homing_cancel'====== Args={'priority': 0}
2026-09-09 18:45:22,525 : INFO : Timer.glasses_state_timer : Stopping Timer
2026-09-09 18:45:22,525 : INFO : EventManager : Event: ======'timer_glasses_state_timer_stopped'====== Args={'ticks': 0, 'ticks_remaining': 0}
2026-09-09 18:45:22,525 : INFO : Timer.glasses_home_pulse_timer : Stopping Timer
2026-09-09 18:45:22,525 : INFO : EventManager : Event: ======'timer_glasses_home_pulse_timer_stopped'====== Args={'ticks': 0, 'ticks_remaining': 0}
2026-09-09 18:45:22,759 : INFO : ball_device.bd_plunger : Received ball from <ball_device.bd_trough>
2026-09-09 18:45:22,760 : INFO : EventManager : Event: ======'balldevice_bd_plunger_ball_enter'====== Args={'new_balls': 1, 'unclaimed_balls': 0, 'new_available_balls': 0, 'device': <ball_device.bd_plunger>}
2026-09-09 18:45:22,760 : INFO : EventManager : Event: ======'balldevice_bd_plunger_ball_entered'====== Args={'new_balls': 0, 'device': <ball_device.bd_plunger>}
2026-09-09 18:45:22,761 : INFO : EventManager : Event: ======'balldevice_bd_plunger_ball_count_changed'====== Args={'balls': 1}
2026-09-09 18:45:22,761 : INFO : ball_device.bd_trough : Got eject confirm
2026-09-09 18:45:22,761 : INFO : ball_device.bd_trough : Eject successful
2026-09-09 18:45:22,761 : INFO : EventManager : Event: ======'balldevice_bd_trough_ball_eject_success'====== Args={'balls': 1, 'target': <ball_device.bd_plunger>}
2026-09-09 18:45:22,761 : INFO : ball_device.bd_plunger : State: waiting_for_target_ready
2026-09-09 18:45:22,761 : INFO : EventManager : Event: ======'balldevice_bd_plunger_ball_eject_attempt'====== Args={'balls': 1, 'target': <playfield.playfield>, 'source': <ball_device.bd_plunger>, 'mechanical_eject': False, 'num_attempts': 0}
2026-09-09 18:45:22,762 : INFO : EventManager : Event: ======'balldevice_bd_trough_ball_count_changed'====== Args={'balls': 0}
2026-09-09 18:45:22,762 : INFO : ball_device.bd_trough : State: idle
2026-09-09 18:45:22,762 : INFO : ball_device.bd_plunger : State: ejecting
2026-09-09 18:45:22,762 : INFO : ball_device.bd_plunger : Ejecting ball to <playfield.playfield>
2026-09-09 18:45:22,762 : INFO : EventManager : Event: ======'balldevice_bd_plunger_ejecting_ball'====== Args={'balls': 1, 'target': <playfield.playfield>, 'source': <ball_device.bd_plunger>, 'mechanical_eject': False, 'num_attempts': 0}
2026-09-09 18:45:22,763 : INFO : ball_device.bd_plunger : Wait for ball to leave device
2026-09-09 18:45:22,763 : INFO : coil.c_01_plunger : Pulsing Driver for 14ms (1.0 pulse_power)
2026-09-09 18:45:22,792 : INFO : SwitchController : <<<<<<< 's_31_plunger_lane' inactive >>>>>>>
2026-09-09 18:45:22,792 : INFO : EventManager : Event: ======'s_31_plunger_lane_inactive'====== Args={}
2026-09-09 18:45:22,792 : INFO : Timer.t_auto_plunge : Stopping Timer
2026-09-09 18:45:22,792 : INFO : EventManager : Event: ======'timer_t_auto_plunge_stopped'====== Args={'ticks': 9, 'ticks_remaining': 9}
2026-09-09 18:45:22,792 : INFO : ball_device.bd_plunger : State: ball_left
2026-09-09 18:45:22,793 : INFO : ball_device.bd_plunger : Ball left
2026-09-09 18:45:22,793 : INFO : ball_device.bd_plunger : Wait for confirm with timeout 4.0
2026-09-09 18:45:22,825 : INFO : SwitchController : <<<<<<< 's_64_varitarget_position_1' active >>>>>>>
2026-09-09 18:45:22,825 : INFO : EventManager : Event: ======'s_64_varitarget_position_1_active'====== Args={}
2026-09-09 18:45:22,825 : INFO : EventManager : Event: ======'sw_vari'====== Args={}
2026-09-09 18:45:22,825 : INFO : EventManager : Event: ======'machine_var_audits_switches_s_64_varitarget_position_1'====== Args={'value': 13555, 'prev_value': 13554, 'change': 1}
2026-09-09 18:45:22,825 : INFO : SwitchController : <<<<<<< 's_64_varitarget_position_1' inactive >>>>>>>
2026-09-09 18:45:22,826 : INFO : EventManager : Event: ======'glasses_pending_position_1'====== Args={'priority': 0}
2026-09-09 18:45:22,826 : INFO : EventManager : Event: ======'machine_var_audits_shots_varitarget_p1'====== Args={'value': 13532, 'prev_value': 13531, 'change': 1}
2026-09-09 18:45:22,826 : INFO : EventManager : Event: ======'varitarget_p1_hit'====== Args={'profile': 'default', 'state': 'lit', 'advancing': False}
2026-09-09 18:45:22,826 : INFO : EventManager : Event: ======'varitarget_p1_default_hit'====== Args={'profile': 'default', 'state': 'lit', 'advancing': False}
2026-09-09 18:45:22,826 : INFO : EventManager : Event: ======'varitarget_p1_default_lit_hit'====== Args={'profile': 'default', 'state': 'lit', 'advancing': False}
2026-09-09 18:45:22,826 : INFO : EventManager : Event: ======'varitarget_p1_lit_hit'====== Args={'profile': 'default', 'state': 'lit', 'advancing': False}
2026-09-09 18:45:22,826 : INFO : EventManager : Event: ======'varitarget_position_changed'====== Args={'priority': 0}
2026-09-09 18:45:22,826 : INFO : EventManager : Event: ======'varitarget_reset_stop'====== Args={'priority': 0}
2026-09-09 18:45:22,826 : INFO : EventManager : Event: ======'varitarget_reset_complete'====== Args={'priority': 0}
2026-09-09 18:45:22,826 : INFO : EventManager : Event: ======'glasses_position_confirm_restart'====== Args={'priority': 0}
2026-09-09 18:45:22,827 : INFO : EventManager : Event: ======'player_glasses_mode_glasses_position_confirm_tick'====== Args={'value': 0, 'prev_value': 1, 'change': -1, 'player_num': 1}
2026-09-09 18:45:22,827 : INFO : Timer.glasses_position_confirm : Starting Timer.
2026-09-09 18:45:22,827 : INFO : EventManager : Event: ======'timer_glasses_position_confirm_started'====== Args={'ticks': 0, 'ticks_remaining': 1}
2026-09-09 18:45:22,827 : INFO : EventManager : Event: ======'timer_glasses_position_confirm_tick'====== Args={'ticks': 0, 'ticks_remaining': 1}
2026-09-09 18:45:22,827 : INFO : EventManager : Event: ======'varitarget_positions_hit'====== Args={'shot': 'varitarget_p1'}
2026-09-09 18:45:22,827 : INFO : EventManager : Event: ======'varitarget_positions_lit_hit'====== Args={'shot': 'varitarget_p1'}
2026-09-09 18:45:22,827 : INFO : EventManager : Event: ======'varitarget_update_stable'====== Args={'priority': 0}
2026-09-09 18:45:22,827 : INFO : Timer.varitarget_reset_timer : Stopping Timer
2026-09-09 18:45:22,827 : INFO : EventManager : Event: ======'timer_varitarget_reset_timer_stopped'====== Args={'ticks': 0, 'ticks_remaining': 999999}
2026-09-09 18:45:22,827 : INFO : EventManager : Event: ======'player_score'====== Args={'value': 1501512, 'prev_value': 1501470, 'change': 42, 'player_num': 1, 'source': 'base'}
2026-09-09 18:45:23,029 : INFO : SwitchController : <<<<<<< 's_62_top_lane_a' active >>>>>>>
2026-09-09 18:45:23,029 : INFO : EventManager : Event: ======'s_62_top_lane_a_active'====== Args={}
2026-09-09 18:45:23,029 : INFO : EventManager : Event: ======'sw_playfield_active'====== Args={}
2026-09-09 18:45:23,029 : INFO : EventManager : Event: ======'sw_top_lanes'====== Args={}
2026-09-09 18:45:23,029 : INFO : EventManager : Event: ======'machine_var_audits_switches_s_62_top_lane_a'====== Args={'value': 299, 'prev_value': 298, 'change': 1}
2026-09-09 18:45:23,030 : INFO : EventManager : Event: ======'top_lane_a_turn_on'====== Args={'priority': 0}
2026-09-09 18:45:23,030 : INFO : EventManager : Event: ======'shotgun_lane_a_charged'====== Args={'priority': 0}
2026-09-09 18:45:23,030 : INFO : EventManager : Event: ======'top_lanes_check'====== Args={'priority': 0}
2026-09-09 18:45:23,030 : INFO : EventManager : Event: ======'player_top_lane_a_lit'====== Args={'value': 1, 'prev_value': 0, 'change': 1, 'player_num': 1, 'source': 'spinner_2x_qualify'}
2026-09-09 18:45:23,031 : INFO : EventManager : Event: ======'spinner_2x_stop'====== Args={'priority': 0}
2026-09-09 18:45:23,031 : INFO : EventManager : Event: ======'player_shotgun_lane_a_active'====== Args={'value': 1, 'prev_value': 0, 'change': 1, 'player_num': 1, 'source': 'shotgun'}
2026-09-09 18:45:23,031 : INFO : EventManager : Event: ======'player_score'====== Args={'value': 1506512, 'prev_value': 1501512, 'change': 5000, 'player_num': 1, 'source': 'base'}
2026-09-09 18:45:23,093 : INFO : SwitchController : <<<<<<< 's_62_top_lane_a' inactive >>>>>>>
2026-09-09 18:45:23,190 : INFO : SwitchController : <<<<<<< 's_64_varitarget_position_1' active >>>>>>>
2026-09-09 18:45:23,191 : INFO : EventManager : Event: ======'s_64_varitarget_position_1_active'====== Args={}
2026-09-09 18:45:23,191 : INFO : EventManager : Event: ======'sw_vari'====== Args={}
2026-09-09 18:45:23,191 : INFO : EventManager : Event: ======'machine_var_audits_switches_s_64_varitarget_position_1'====== Args={'value': 13556, 'prev_value': 13555, 'change': 1}
2026-09-09 18:45:23,192 : INFO : EventManager : Event: ======'glasses_pending_position_1'====== Args={'priority': 0}
2026-09-09 18:45:23,192 : INFO : EventManager : Event: ======'machine_var_audits_shots_varitarget_p1'====== Args={'value': 13533, 'prev_value': 13532, 'change': 1}
2026-09-09 18:45:23,192 : INFO : EventManager : Event: ======'varitarget_p1_hit'====== Args={'profile': 'default', 'state': 'lit', 'advancing': False}
2026-09-09 18:45:23,192 : INFO : EventManager : Event: ======'varitarget_p1_default_hit'====== Args={'profile': 'default', 'state': 'lit', 'advancing': False}
2026-09-09 18:45:23,192 : INFO : EventManager : Event: ======'varitarget_p1_default_lit_hit'====== Args={'profile': 'default', 'state': 'lit', 'advancing': False}
2026-09-09 18:45:23,192 : INFO : EventManager : Event: ======'varitarget_p1_lit_hit'====== Args={'profile': 'default', 'state': 'lit', 'advancing': False}
2026-09-09 18:45:23,192 : INFO : EventManager : Event: ======'varitarget_position_changed'====== Args={'priority': 0}
2026-09-09 18:45:23,192 : INFO : EventManager : Event: ======'varitarget_reset_stop'====== Args={'priority': 0}
2026-09-09 18:45:23,192 : INFO : EventManager : Event: ======'varitarget_reset_complete'====== Args={'priority': 0}
2026-09-09 18:45:23,192 : INFO : EventManager : Event: ======'glasses_position_confirm_restart'====== Args={'priority': 0}
2026-09-09 18:45:23,193 : INFO : EventManager : Event: ======'timer_glasses_position_confirm_tick'====== Args={'ticks': 0, 'ticks_remaining': 1}
2026-09-09 18:45:23,193 : INFO : EventManager : Event: ======'varitarget_positions_hit'====== Args={'shot': 'varitarget_p1'}
2026-09-09 18:45:23,193 : INFO : EventManager : Event: ======'varitarget_positions_lit_hit'====== Args={'shot': 'varitarget_p1'}
2026-09-09 18:45:23,193 : INFO : EventManager : Event: ======'varitarget_update_stable'====== Args={'priority': 0}
2026-09-09 18:45:23,193 : INFO : Timer.varitarget_reset_timer : Stopping Timer
2026-09-09 18:45:23,193 : INFO : EventManager : Event: ======'timer_varitarget_reset_timer_stopped'====== Args={'ticks': 0, 'ticks_remaining': 999999}
2026-09-09 18:45:23,193 : INFO : EventManager : Event: ======'player_score'====== Args={'value': 1506554, 'prev_value': 1506512, 'change': 42, 'player_num': 1, 'source': 'base'}
2026-09-09 18:45:23,221 : INFO : SwitchController : <<<<<<< 's_64_varitarget_position_1' inactive >>>>>>>
2026-09-09 18:45:23,236 : INFO : SwitchController : <<<<<<< 's_64_varitarget_position_1' active >>>>>>>
2026-09-09 18:45:23,236 : INFO : EventManager : Event: ======'s_64_varitarget_position_1_active'====== Args={}
2026-09-09 18:45:23,236 : INFO : EventManager : Event: ======'sw_vari'====== Args={}
2026-09-09 18:45:23,236 : INFO : EventManager : Event: ======'machine_var_audits_switches_s_64_varitarget_position_1'====== Args={'value': 13557, 'prev_value': 13556, 'change': 1}
2026-09-09 18:45:23,237 : INFO : SwitchController : <<<<<<< 's_64_varitarget_position_1' inactive >>>>>>>
2026-09-09 18:45:23,243 : INFO : EventManager : Event: ======'glasses_pending_position_1'====== Args={'priority': 0}
2026-09-09 18:45:23,243 : INFO : EventManager : Event: ======'machine_var_audits_shots_varitarget_p1'====== Args={'value': 13534, 'prev_value': 13533, 'change': 1}
2026-09-09 18:45:23,243 : INFO : EventManager : Event: ======'varitarget_p1_hit'====== Args={'profile': 'default', 'state': 'lit', 'advancing': False}
2026-09-09 18:45:23,243 : INFO : EventManager : Event: ======'varitarget_p1_default_hit'====== Args={'profile': 'default', 'state': 'lit', 'advancing': False}
2026-09-09 18:45:23,243 : INFO : EventManager : Event: ======'varitarget_p1_default_lit_hit'====== Args={'profile': 'default', 'state': 'lit', 'advancing': False}
2026-09-09 18:45:23,243 : INFO : EventManager : Event: ======'varitarget_p1_lit_hit'====== Args={'profile': 'default', 'state': 'lit', 'advancing': False}
2026-09-09 18:45:23,243 : INFO : EventManager : Event: ======'varitarget_position_changed'====== Args={'priority': 0}
2026-09-09 18:45:23,244 : INFO : EventManager : Event: ======'varitarget_reset_stop'====== Args={'priority': 0}
2026-09-09 18:45:23,244 : INFO : EventManager : Event: ======'varitarget_reset_complete'====== Args={'priority': 0}
2026-09-09 18:45:23,244 : INFO : EventManager : Event: ======'glasses_position_confirm_restart'====== Args={'priority': 0}
2026-09-09 18:45:23,244 : INFO : EventManager : Event: ======'timer_glasses_position_confirm_tick'====== Args={'ticks': 0, 'ticks_remaining': 1}
2026-09-09 18:45:23,244 : INFO : EventManager : Event: ======'varitarget_positions_hit'====== Args={'shot': 'varitarget_p1'}
2026-09-09 18:45:23,244 : INFO : EventManager : Event: ======'varitarget_positions_lit_hit'====== Args={'shot': 'varitarget_p1'}
2026-09-09 18:45:23,244 : INFO : EventManager : Event: ======'varitarget_update_stable'====== Args={'priority': 0}
2026-09-09 18:45:23,244 : INFO : Timer.varitarget_reset_timer : Stopping Timer
2026-09-09 18:45:23,244 : INFO : EventManager : Event: ======'timer_varitarget_reset_timer_stopped'====== Args={'ticks': 0, 'ticks_remaining': 999999}
2026-09-09 18:45:23,244 : INFO : EventManager : Event: ======'player_score'====== Args={'value': 1506596, 'prev_value': 1506554, 'change': 42, 'player_num': 1, 'source': 'base'}
2026-09-09 18:45:23,245 : INFO : SwitchController : <<<<<<< 's_64_varitarget_position_1' active >>>>>>>
2026-09-09 18:45:23,245 : INFO : EventManager : Event: ======'s_64_varitarget_position_1_active'====== Args={}
2026-09-09 18:45:23,245 : INFO : EventManager : Event: ======'sw_vari'====== Args={}
2026-09-09 18:45:23,245 : INFO : EventManager : Event: ======'machine_var_audits_switches_s_64_varitarget_position_1'====== Args={'value': 13558, 'prev_value': 13557, 'change': 1}
2026-09-09 18:45:23,246 : INFO : SwitchController : <<<<<<< 's_58_pop_bumper_left' active >>>>>>>
2026-09-09 18:45:23,246 : INFO : EventManager : Event: ======'s_58_pop_bumper_left_active'====== Args={}
2026-09-09 18:45:23,246 : INFO : EventManager : Event: ======'sw_pops'====== Args={}
2026-09-09 18:45:23,246 : INFO : EventManager : Event: ======'machine_var_audits_switches_s_58_pop_bumper_left'====== Args={'value': 3569, 'prev_value': 3568, 'change': 1}
2026-09-09 18:45:23,247 : INFO : EventManager : Event: ======'glasses_pending_position_1'====== Args={'priority': 0}
2026-09-09 18:45:23,247 : INFO : EventManager : Event: ======'machine_var_audits_shots_varitarget_p1'====== Args={'value': 13535, 'prev_value': 13534, 'change': 1}
2026-09-09 18:45:23,247 : INFO : EventManager : Event: ======'varitarget_p1_hit'====== Args={'profile': 'default', 'state': 'lit', 'advancing': False}
2026-09-09 18:45:23,247 : INFO : EventManager : Event: ======'varitarget_p1_default_hit'====== Args={'profile': 'default', 'state': 'lit', 'advancing': False}
2026-09-09 18:45:23,247 : INFO : EventManager : Event: ======'varitarget_p1_default_lit_hit'====== Args={'profile': 'default', 'state': 'lit', 'advancing': False}
2026-09-09 18:45:23,247 : INFO : EventManager : Event: ======'varitarget_p1_lit_hit'====== Args={'profile': 'default', 'state': 'lit', 'advancing': False}
2026-09-09 18:45:23,247 : INFO : EventManager : Event: ======'varitarget_position_changed'====== Args={'priority': 0}
2026-09-09 18:45:23,247 : INFO : EventManager : Event: ======'varitarget_reset_stop'====== Args={'priority': 0}
2026-09-09 18:45:23,247 : INFO : EventManager : Event: ======'varitarget_reset_complete'====== Args={'priority': 0}
2026-09-09 18:45:23,247 : INFO : EventManager : Event: ======'glasses_position_confirm_restart'====== Args={'priority': 0}
2026-09-09 18:45:23,248 : INFO : EventManager : Event: ======'timer_glasses_position_confirm_tick'====== Args={'ticks': 0, 'ticks_remaining': 1}
2026-09-09 18:45:23,248 : INFO : EventManager : Event: ======'varitarget_positions_hit'====== Args={'shot': 'varitarget_p1'}
2026-09-09 18:45:23,248 : INFO : EventManager : Event: ======'varitarget_positions_lit_hit'====== Args={'shot': 'varitarget_p1'}
2026-09-09 18:45:23,248 : INFO : EventManager : Event: ======'varitarget_update_stable'====== Args={'priority': 0}
2026-09-09 18:45:23,248 : INFO : Timer.varitarget_reset_timer : Stopping Timer
2026-09-09 18:45:23,248 : INFO : EventManager : Event: ======'timer_varitarget_reset_timer_stopped'====== Args={'ticks': 0, 'ticks_remaining': 999999}
2026-09-09 18:45:23,248 : INFO : EventManager : Event: ======'player_score'====== Args={'value': 1506638, 'prev_value': 1506596, 'change': 42, 'player_num': 1, 'source': 'base'}
2026-09-09 18:45:23,248 : INFO : EventManager : Event: ======'logicblock_super_pops_phase1_counter_updated'====== Args={'value': 1, 'enabled': True}
2026-09-09 18:45:23,248 : INFO : EventManager : Event: ======'counter_super_pops_phase1_counter_hit'====== Args={'count': 1, 'hits': 1, 'remaining': 4}
2026-09-09 18:45:23,248 : INFO : EventManager : Event: ======'logicblock_super_pops_phase1_counter_hit'====== Args={'count': 1, 'hits': 1, 'remaining': 4}
2026-09-09 18:45:23,248 : INFO : EventManager : Event: ======'player_score'====== Args={'value': 1506680, 'prev_value': 1506638, 'change': 42, 'player_num': 1, 'source': 'base'}
2026-09-09 18:45:23,249 : INFO : SwitchController : <<<<<<< 's_64_varitarget_position_1' inactive >>>>>>>
2026-09-09 18:45:23,250 : INFO : SwitchController : <<<<<<< 's_58_pop_bumper_left' inactive >>>>>>>
2026-09-09 18:45:23,267 : INFO : SwitchController : <<<<<<< 's_64_varitarget_position_1' active >>>>>>>
2026-09-09 18:45:23,267 : INFO : EventManager : Event: ======'s_64_varitarget_position_1_active'====== Args={}
2026-09-09 18:45:23,267 : INFO : EventManager : Event: ======'sw_vari'====== Args={}
2026-09-09 18:45:23,267 : INFO : EventManager : Event: ======'machine_var_audits_switches_s_64_varitarget_position_1'====== Args={'value': 13559, 'prev_value': 13558, 'change': 1}
2026-09-09 18:45:23,268 : INFO : EventManager : Event: ======'glasses_pending_position_1'====== Args={'priority': 0}
2026-09-09 18:45:23,268 : INFO : EventManager : Event: ======'machine_var_audits_shots_varitarget_p1'====== Args={'value': 13536, 'prev_value': 13535, 'change': 1}
2026-09-09 18:45:23,268 : INFO : EventManager : Event: ======'varitarget_p1_hit'====== Args={'profile': 'default', 'state': 'lit', 'advancing': False}
2026-09-09 18:45:23,268 : INFO : EventManager : Event: ======'varitarget_p1_default_hit'====== Args={'profile': 'default', 'state': 'lit', 'advancing': False}
2026-09-09 18:45:23,268 : INFO : EventManager : Event: ======'varitarget_p1_default_lit_hit'====== Args={'profile': 'default', 'state': 'lit', 'advancing': False}
2026-09-09 18:45:23,268 : INFO : EventManager : Event: ======'varitarget_p1_lit_hit'====== Args={'profile': 'default', 'state': 'lit', 'advancing': False}
2026-09-09 18:45:23,268 : INFO : EventManager : Event: ======'varitarget_position_changed'====== Args={'priority': 0}
2026-09-09 18:45:23,268 : INFO : EventManager : Event: ======'varitarget_reset_stop'====== Args={'priority': 0}
2026-09-09 18:45:23,268 : INFO : EventManager : Event: ======'varitarget_reset_complete'====== Args={'priority': 0}
2026-09-09 18:45:23,268 : INFO : EventManager : Event: ======'glasses_position_confirm_restart'====== Args={'priority': 0}
2026-09-09 18:45:23,268 : INFO : EventManager : Event: ======'timer_glasses_position_confirm_tick'====== Args={'ticks': 0, 'ticks_remaining': 1}
2026-09-09 18:45:23,268 : INFO : EventManager : Event: ======'varitarget_positions_hit'====== Args={'shot': 'varitarget_p1'}
2026-09-09 18:45:23,268 : INFO : EventManager : Event: ======'varitarget_positions_lit_hit'====== Args={'shot': 'varitarget_p1'}
2026-09-09 18:45:23,268 : INFO : EventManager : Event: ======'varitarget_update_stable'====== Args={'priority': 0}
2026-09-09 18:45:23,269 : INFO : Timer.varitarget_reset_timer : Stopping Timer
2026-09-09 18:45:23,269 : INFO : EventManager : Event: ======'timer_varitarget_reset_timer_stopped'====== Args={'ticks': 0, 'ticks_remaining': 999999}
2026-09-09 18:45:23,269 : INFO : EventManager : Event: ======'player_score'====== Args={'value': 1506722, 'prev_value': 1506680, 'change': 42, 'player_num': 1, 'source': 'base'}
2026-09-09 18:45:23,282 : INFO : SwitchController : <<<<<<< 's_58_pop_bumper_left' active >>>>>>>
2026-09-09 18:45:23,283 : INFO : EventManager : Event: ======'machine_var_audits_switches_s_58_pop_bumper_left'====== Args={'value': 3570, 'prev_value': 3569, 'change': 1}
2026-09-09 18:45:23,283 : INFO : SwitchController : <<<<<<< 's_58_pop_bumper_left' inactive >>>>>>>
2026-09-09 18:45:23,297 : INFO : SwitchController : <<<<<<< 's_64_varitarget_position_1' inactive >>>>>>>
2026-09-09 18:45:23,315 : INFO : SwitchController : <<<<<<< 's_64_varitarget_position_1' active >>>>>>>
2026-09-09 18:45:23,315 : INFO : EventManager : Event: ======'s_64_varitarget_position_1_active'====== Args={}
2026-09-09 18:45:23,315 : INFO : EventManager : Event: ======'sw_vari'====== Args={}
2026-09-09 18:45:23,315 : INFO : EventManager : Event: ======'machine_var_audits_switches_s_64_varitarget_position_1'====== Args={'value': 13560, 'prev_value': 13559, 'change': 1}
2026-09-09 18:45:23,316 : INFO : EventManager : Event: ======'glasses_pending_position_1'====== Args={'priority': 0}
2026-09-09 18:45:23,316 : INFO : EventManager : Event: ======'machine_var_audits_shots_varitarget_p1'====== Args={'value': 13537, 'prev_value': 13536, 'change': 1}
2026-09-09 18:45:23,316 : INFO : EventManager : Event: ======'varitarget_p1_hit'====== Args={'profile': 'default', 'state': 'lit', 'advancing': False}
2026-09-09 18:45:23,316 : INFO : EventManager : Event: ======'varitarget_p1_default_hit'====== Args={'profile': 'default', 'state': 'lit', 'advancing': False}
2026-09-09 18:45:23,316 : INFO : EventManager : Event: ======'varitarget_p1_default_lit_hit'====== Args={'profile': 'default', 'state': 'lit', 'advancing': False}
2026-09-09 18:45:23,316 : INFO : EventManager : Event: ======'varitarget_p1_lit_hit'====== Args={'profile': 'default', 'state': 'lit', 'advancing': False}
2026-09-09 18:45:23,316 : INFO : EventManager : Event: ======'varitarget_position_changed'====== Args={'priority': 0}
2026-09-09 18:45:23,316 : INFO : EventManager : Event: ======'varitarget_reset_stop'====== Args={'priority': 0}
2026-09-09 18:45:23,316 : INFO : EventManager : Event: ======'varitarget_reset_complete'====== Args={'priority': 0}
2026-09-09 18:45:23,316 : INFO : EventManager : Event: ======'glasses_position_confirm_restart'====== Args={'priority': 0}
2026-09-09 18:45:23,316 : INFO : EventManager : Event: ======'timer_glasses_position_confirm_tick'====== Args={'ticks': 0, 'ticks_remaining': 1}
2026-09-09 18:45:23,317 : INFO : EventManager : Event: ======'varitarget_positions_hit'====== Args={'shot': 'varitarget_p1'}
2026-09-09 18:45:23,317 : INFO : EventManager : Event: ======'varitarget_positions_lit_hit'====== Args={'shot': 'varitarget_p1'}
2026-09-09 18:45:23,317 : INFO : EventManager : Event: ======'varitarget_update_stable'====== Args={'priority': 0}
2026-09-09 18:45:23,317 : INFO : Timer.varitarget_reset_timer : Stopping Timer
2026-09-09 18:45:23,317 : INFO : EventManager : Event: ======'timer_varitarget_reset_timer_stopped'====== Args={'ticks': 0, 'ticks_remaining': 999999}
2026-09-09 18:45:23,317 : INFO : EventManager : Event: ======'player_score'====== Args={'value': 1506764, 'prev_value': 1506722, 'change': 42, 'player_num': 1, 'source': 'base'}
2026-09-09 18:45:23,515 : INFO : SwitchController : <<<<<<< 's_63_stand_up_target_3' active >>>>>>>
2026-09-09 18:45:23,515 : INFO : EventManager : Event: ======'s_63_stand_up_target_3_active'====== Args={}
2026-09-09 18:45:23,516 : INFO : EventManager : Event: ======'sw_playfield_active'====== Args={}
2026-09-09 18:45:23,516 : INFO : EventManager : Event: ======'sw_standups'====== Args={}
2026-09-09 18:45:23,516 : INFO : EventManager : Event: ======'machine_var_audits_switches_s_63_stand_up_target_3'====== Args={'value': 486, 'prev_value': 485, 'change': 1}
2026-09-09 18:45:23,516 : INFO : EventManager : Event: ======'stars_t63_off'====== Args={'priority': 0}
2026-09-09 18:45:23,517 : INFO : EventManager : Event: ======'stars_count_updated'====== Args={'priority': 0}
2026-09-09 18:45:23,517 : INFO : EventManager : Event: ======'stars_monitor_t63_off'====== Args={'priority': 0}
2026-09-09 18:45:23,517 : INFO : EventManager : Event: ======'player_stars_t63'====== Args={'value': 0, 'prev_value': 1, 'change': -1, 'player_num': 1, 'source': 'stars_mode'}
2026-09-09 18:45:23,517 : INFO : EventManager : Event: ======'player_stars_targets_lit_count'====== Args={'value': 0, 'prev_value': 1, 'change': -1, 'player_num': 1, 'source': 'stars_mode'}
2026-09-09 18:45:23,517 : INFO : EventManager : Event: ======'player_score'====== Args={'value': 1506806, 'prev_value': 1506764, 'change': 42, 'player_num': 1, 'source': 'base'}
2026-09-09 18:45:23,530 : INFO : SwitchController : <<<<<<< 's_63_stand_up_target_3' inactive >>>>>>>
2026-09-09 18:45:23,816 : INFO : SwitchController : <<<<<<< 's_58_pop_bumper_left' active >>>>>>>
2026-09-09 18:45:23,816 : INFO : EventManager : Event: ======'s_58_pop_bumper_left_active'====== Args={}
2026-09-09 18:45:23,816 : INFO : EventManager : Event: ======'sw_pops'====== Args={}
2026-09-09 18:45:23,816 : INFO : EventManager : Event: ======'machine_var_audits_switches_s_58_pop_bumper_left'====== Args={'value': 3571, 'prev_value': 3570, 'change': 1}
2026-09-09 18:45:23,817 : INFO : EventManager : Event: ======'logicblock_super_pops_phase1_counter_updated'====== Args={'value': 2, 'enabled': True}
2026-09-09 18:45:23,817 : INFO : EventManager : Event: ======'counter_super_pops_phase1_counter_hit'====== Args={'count': 2, 'hits': 2, 'remaining': 3}
2026-09-09 18:45:23,817 : INFO : EventManager : Event: ======'logicblock_super_pops_phase1_counter_hit'====== Args={'count': 2, 'hits': 2, 'remaining': 3}
2026-09-09 18:45:23,817 : INFO : EventManager : Event: ======'player_score'====== Args={'value': 1506848, 'prev_value': 1506806, 'change': 42, 'player_num': 1, 'source': 'base'}
2026-09-09 18:45:23,830 : INFO : SwitchController : <<<<<<< 's_58_pop_bumper_left' inactive >>>>>>>
2026-09-09 18:45:23,846 : INFO : SwitchController : <<<<<<< 's_63_stand_up_target_3' active >>>>>>>
2026-09-09 18:45:23,846 : INFO : EventManager : Event: ======'s_63_stand_up_target_3_active'====== Args={}
2026-09-09 18:45:23,846 : INFO : EventManager : Event: ======'sw_playfield_active'====== Args={}
2026-09-09 18:45:23,846 : INFO : EventManager : Event: ======'sw_standups'====== Args={}
2026-09-09 18:45:23,846 : INFO : EventManager : Event: ======'machine_var_audits_switches_s_63_stand_up_target_3'====== Args={'value': 487, 'prev_value': 486, 'change': 1}
2026-09-09 18:45:23,847 : INFO : EventManager : Event: ======'stars_t63_on'====== Args={'priority': 0}
2026-09-09 18:45:23,847 : INFO : EventManager : Event: ======'stars_count_updated'====== Args={'priority': 0}
2026-09-09 18:45:23,847 : INFO : EventManager : Event: ======'stars_monitor_t63_on'====== Args={'priority': 0}
2026-09-09 18:45:23,847 : INFO : EventManager : Event: ======'player_stars_t63'====== Args={'value': 1, 'prev_value': 0, 'change': 1, 'player_num': 1, 'source': 'stars_mode'}
2026-09-09 18:45:23,847 : INFO : EventManager : Event: ======'player_stars_targets_lit_count'====== Args={'value': 1, 'prev_value': 0, 'change': 1, 'player_num': 1, 'source': 'stars_mode'}
2026-09-09 18:45:23,848 : INFO : EventManager : Event: ======'player_score'====== Args={'value': 1506890, 'prev_value': 1506848, 'change': 42, 'player_num': 1, 'source': 'base'}
2026-09-09 18:45:23,848 : INFO : SwitchController : <<<<<<< 's_63_stand_up_target_3' inactive >>>>>>>
2026-09-09 18:45:23,861 : INFO : SwitchController : <<<<<<< 's_58_pop_bumper_left' active >>>>>>>
2026-09-09 18:45:23,861 : INFO : EventManager : Event: ======'machine_var_audits_switches_s_58_pop_bumper_left'====== Args={'value': 3572, 'prev_value': 3571, 'change': 1}
2026-09-09 18:45:23,862 : INFO : SwitchController : <<<<<<< 's_58_pop_bumper_left' inactive >>>>>>>
2026-09-09 18:45:23,958 : INFO : SwitchController : <<<<<<< 's_58_pop_bumper_left' active >>>>>>>
2026-09-09 18:45:23,958 : INFO : EventManager : Event: ======'s_58_pop_bumper_left_active'====== Args={}
2026-09-09 18:45:23,958 : INFO : EventManager : Event: ======'sw_pops'====== Args={}
2026-09-09 18:45:23,958 : INFO : EventManager : Event: ======'machine_var_audits_switches_s_58_pop_bumper_left'====== Args={'value': 3573, 'prev_value': 3572, 'change': 1}
2026-09-09 18:45:23,959 : INFO : EventManager : Event: ======'logicblock_super_pops_phase1_counter_updated'====== Args={'value': 3, 'enabled': True}
2026-09-09 18:45:23,959 : INFO : EventManager : Event: ======'counter_super_pops_phase1_counter_hit'====== Args={'count': 3, 'hits': 3, 'remaining': 2}
2026-09-09 18:45:23,959 : INFO : EventManager : Event: ======'logicblock_super_pops_phase1_counter_hit'====== Args={'count': 3, 'hits': 3, 'remaining': 2}
2026-09-09 18:45:23,960 : INFO : EventManager : Event: ======'player_score'====== Args={'value': 1506932, 'prev_value': 1506890, 'change': 42, 'player_num': 1, 'source': 'base'}
2026-09-09 18:45:23,973 : INFO : SwitchController : <<<<<<< 's_58_pop_bumper_left' inactive >>>>>>>
2026-09-09 18:45:23,989 : INFO : SwitchController : <<<<<<< 's_58_pop_bumper_left' active >>>>>>>
2026-09-09 18:45:23,989 : INFO : EventManager : Event: ======'machine_var_audits_switches_s_58_pop_bumper_left'====== Args={'value': 3574, 'prev_value': 3573, 'change': 1}
2026-09-09 18:45:24,004 : INFO : SwitchController : <<<<<<< 's_64_varitarget_position_1' inactive >>>>>>>
2026-09-09 18:45:24,004 : INFO : SwitchController : <<<<<<< 's_58_pop_bumper_left' inactive >>>>>>>
2026-09-09 18:45:24,005 : INFO : SwitchController : <<<<<<< 's_64_varitarget_position_1' active >>>>>>>
2026-09-09 18:45:24,005 : INFO : EventManager : Event: ======'s_64_varitarget_position_1_active'====== Args={}
2026-09-09 18:45:24,005 : INFO : EventManager : Event: ======'sw_vari'====== Args={}
2026-09-09 18:45:24,005 : INFO : EventManager : Event: ======'machine_var_audits_switches_s_64_varitarget_position_1'====== Args={'value': 13561, 'prev_value': 13560, 'change': 1}
2026-09-09 18:45:24,006 : INFO : EventManager : Event: ======'glasses_pending_position_1'====== Args={'priority': 0}
2026-09-09 18:45:24,006 : INFO : EventManager : Event: ======'machine_var_audits_shots_varitarget_p1'====== Args={'value': 13538, 'prev_value': 13537, 'change': 1}
2026-09-09 18:45:24,006 : INFO : EventManager : Event: ======'varitarget_p1_hit'====== Args={'profile': 'default', 'state': 'lit', 'advancing': False}
2026-09-09 18:45:24,006 : INFO : EventManager : Event: ======'varitarget_p1_default_hit'====== Args={'profile': 'default', 'state': 'lit', 'advancing': False}
2026-09-09 18:45:24,006 : INFO : EventManager : Event: ======'varitarget_p1_default_lit_hit'====== Args={'profile': 'default', 'state': 'lit', 'advancing': False}
2026-09-09 18:45:24,006 : INFO : EventManager : Event: ======'varitarget_p1_lit_hit'====== Args={'profile': 'default', 'state': 'lit', 'advancing': False}
2026-09-09 18:45:24,006 : INFO : EventManager : Event: ======'varitarget_position_changed'====== Args={'priority': 0}
2026-09-09 18:45:24,006 : INFO : EventManager : Event: ======'varitarget_reset_stop'====== Args={'priority': 0}
2026-09-09 18:45:24,006 : INFO : EventManager : Event: ======'varitarget_reset_complete'====== Args={'priority': 0}
2026-09-09 18:45:24,007 : INFO : EventManager : Event: ======'glasses_position_confirm_restart'====== Args={'priority': 0}
2026-09-09 18:45:24,007 : INFO : EventManager : Event: ======'timer_glasses_position_confirm_tick'====== Args={'ticks': 0, 'ticks_remaining': 1}
2026-09-09 18:45:24,007 : INFO : EventManager : Event: ======'varitarget_positions_hit'====== Args={'shot': 'varitarget_p1'}
2026-09-09 18:45:24,007 : INFO : EventManager : Event: ======'varitarget_positions_lit_hit'====== Args={'shot': 'varitarget_p1'}
2026-09-09 18:45:24,007 : INFO : EventManager : Event: ======'varitarget_update_stable'====== Args={'priority': 0}
2026-09-09 18:45:24,007 : INFO : Timer.varitarget_reset_timer : Stopping Timer
2026-09-09 18:45:24,007 : INFO : EventManager : Event: ======'timer_varitarget_reset_timer_stopped'====== Args={'ticks': 0, 'ticks_remaining': 999999}
2026-09-09 18:45:24,007 : INFO : EventManager : Event: ======'player_score'====== Args={'value': 1506974, 'prev_value': 1506932, 'change': 42, 'player_num': 1, 'source': 'base'}
2026-09-09 18:45:24,286 : INFO : SwitchController : <<<<<<< 's_58_pop_bumper_left' active >>>>>>>
2026-09-09 18:45:24,286 : INFO : EventManager : Event: ======'s_58_pop_bumper_left_active'====== Args={}
2026-09-09 18:45:24,286 : INFO : EventManager : Event: ======'sw_pops'====== Args={}
2026-09-09 18:45:24,287 : INFO : EventManager : Event: ======'machine_var_audits_switches_s_58_pop_bumper_left'====== Args={'value': 3575, 'prev_value': 3574, 'change': 1}
2026-09-09 18:45:24,288 : INFO : EventManager : Event: ======'logicblock_super_pops_phase1_counter_updated'====== Args={'value': 4, 'enabled': True}
2026-09-09 18:45:24,288 : INFO : EventManager : Event: ======'counter_super_pops_phase1_counter_hit'====== Args={'count': 4, 'hits': 4, 'remaining': 1}
2026-09-09 18:45:24,288 : INFO : EventManager : Event: ======'logicblock_super_pops_phase1_counter_hit'====== Args={'count': 4, 'hits': 4, 'remaining': 1}
2026-09-09 18:45:24,288 : INFO : EventManager : Event: ======'player_score'====== Args={'value': 1507016, 'prev_value': 1506974, 'change': 42, 'player_num': 1, 'source': 'base'}
2026-09-09 18:45:24,302 : INFO : SwitchController : <<<<<<< 's_58_pop_bumper_left' inactive >>>>>>>
2026-09-09 18:45:24,320 : INFO : SwitchController : <<<<<<< 's_58_pop_bumper_left' active >>>>>>>
2026-09-09 18:45:24,320 : INFO : EventManager : Event: ======'machine_var_audits_switches_s_58_pop_bumper_left'====== Args={'value': 3576, 'prev_value': 3575, 'change': 1}
2026-09-09 18:45:24,333 : INFO : SwitchController : <<<<<<< 's_58_pop_bumper_left' inactive >>>>>>>
2026-09-09 18:45:24,349 : INFO : SwitchController : <<<<<<< 's_64_varitarget_position_1' inactive >>>>>>>
2026-09-09 18:45:24,350 : INFO : SwitchController : <<<<<<< 's_56_pop_bumper_right' active >>>>>>>
2026-09-09 18:45:24,350 : INFO : EventManager : Event: ======'s_56_pop_bumper_right_active'====== Args={}
2026-09-09 18:45:24,350 : INFO : EventManager : Event: ======'sw_pops'====== Args={}
2026-09-09 18:45:24,350 : INFO : EventManager : Event: ======'machine_var_audits_switches_s_56_pop_bumper_right'====== Args={'value': 1031, 'prev_value': 1030, 'change': 1}
2026-09-09 18:45:24,351 : INFO : EventManager : Event: ======'logicblock_super_pops_phase1_counter_updated'====== Args={'value': 5, 'enabled': True}
2026-09-09 18:45:24,351 : INFO : EventManager : Event: ======'counter_super_pops_phase1_counter_hit'====== Args={'count': 5, 'hits': 5, 'remaining': 0}
2026-09-09 18:45:24,351 : INFO : EventManager : Event: ======'logicblock_super_pops_phase1_counter_hit'====== Args={'count': 5, 'hits': 5, 'remaining': 0}
2026-09-09 18:45:24,351 : INFO : EventManager : Event: ======'super_pops_phase1_start'====== Args={}
2026-09-09 18:45:24,351 : INFO : EventManager : Event: ======'logicblock_super_pops_phase1_counter_updated'====== Args={'value': 0, 'enabled': True}
2026-09-09 18:45:24,351 : INFO : EventManager : Event: ======'logicblock_super_pops_phase1_counter_updated'====== Args={'value': 0, 'enabled': False}
2026-09-09 18:45:24,352 : INFO : EventManager : Event: ======'logicblock_super_pops_phase2_counter_updated'====== Args={'value': 0, 'enabled': True}
2026-09-09 18:45:24,352 : INFO : EventManager : Event: ======'logicblock_super_pops_phase2_counter_updated'====== Args={'value': 0, 'enabled': True}
2026-09-09 18:45:24,352 : INFO : EventManager : Event: ======'super_pops_timer_phase1'====== Args={'priority': 0}
2026-09-09 18:45:24,352 : INFO : EventManager : Event: ======'player_super_pops_multiplier'====== Args={'value': 2, 'prev_value': 1, 'change': 1, 'player_num': 1, 'source': 'super_pops'}
2026-09-09 18:45:24,352 : INFO : EventManager : Event: ======'super_pops_timer_phase1_jump'====== Args={'priority': 0}
2026-09-09 18:45:24,352 : INFO : EventManager : Event: ======'player_super_pops_super_pops_mult_timer_tick'====== Args={'value': 10, 'prev_value': 0, 'change': 10, 'player_num': 1}
2026-09-09 18:45:24,352 : INFO : EventManager : Event: ======'player_score'====== Args={'value': 1507058, 'prev_value': 1507016, 'change': 42, 'player_num': 1, 'source': 'base'}
2026-09-09 18:45:24,380 : INFO : SwitchController : <<<<<<< 's_56_pop_bumper_right' inactive >>>>>>>
2026-09-09 18:45:24,380 : INFO : SwitchController : <<<<<<< 's_64_varitarget_position_1' active >>>>>>>
2026-09-09 18:45:24,381 : INFO : EventManager : Event: ======'s_64_varitarget_position_1_active'====== Args={}
2026-09-09 18:45:24,381 : INFO : EventManager : Event: ======'sw_vari'====== Args={}
2026-09-09 18:45:24,381 : INFO : EventManager : Event: ======'machine_var_audits_switches_s_64_varitarget_position_1'====== Args={'value': 13562, 'prev_value': 13561, 'change': 1}
2026-09-09 18:45:24,381 : INFO : SwitchController : <<<<<<< 's_64_varitarget_position_1' inactive >>>>>>>
2026-09-09 18:45:24,382 : INFO : EventManager : Event: ======'glasses_pending_position_1'====== Args={'priority': 0}
2026-09-09 18:45:24,382 : INFO : EventManager : Event: ======'machine_var_audits_shots_varitarget_p1'====== Args={'value': 13539, 'prev_value': 13538, 'change': 1}
2026-09-09 18:45:24,382 : INFO : EventManager : Event: ======'varitarget_p1_hit'====== Args={'profile': 'default', 'state': 'lit', 'advancing': False}
2026-09-09 18:45:24,382 : INFO : EventManager : Event: ======'varitarget_p1_default_hit'====== Args={'profile': 'default', 'state': 'lit', 'advancing': False}
2026-09-09 18:45:24,382 : INFO : EventManager : Event: ======'varitarget_p1_default_lit_hit'====== Args={'profile': 'default', 'state': 'lit', 'advancing': False}
2026-09-09 18:45:24,382 : INFO : EventManager : Event: ======'varitarget_p1_lit_hit'====== Args={'profile': 'default', 'state': 'lit', 'advancing': False}
2026-09-09 18:45:24,382 : INFO : EventManager : Event: ======'varitarget_position_changed'====== Args={'priority': 0}
2026-09-09 18:45:24,382 : INFO : EventManager : Event: ======'varitarget_reset_stop'====== Args={'priority': 0}
2026-09-09 18:45:24,382 : INFO : EventManager : Event: ======'varitarget_reset_complete'====== Args={'priority': 0}
2026-09-09 18:45:24,382 : INFO : EventManager : Event: ======'glasses_position_confirm_restart'====== Args={'priority': 0}
2026-09-09 18:45:24,383 : INFO : EventManager : Event: ======'timer_glasses_position_confirm_tick'====== Args={'ticks': 0, 'ticks_remaining': 1}
2026-09-09 18:45:24,383 : INFO : EventManager : Event: ======'varitarget_positions_hit'====== Args={'shot': 'varitarget_p1'}
2026-09-09 18:45:24,383 : INFO : EventManager : Event: ======'varitarget_positions_lit_hit'====== Args={'shot': 'varitarget_p1'}
2026-09-09 18:45:24,383 : INFO : EventManager : Event: ======'varitarget_update_stable'====== Args={'priority': 0}
2026-09-09 18:45:24,383 : INFO : Timer.varitarget_reset_timer : Stopping Timer
2026-09-09 18:45:24,383 : INFO : EventManager : Event: ======'timer_varitarget_reset_timer_stopped'====== Args={'ticks': 0, 'ticks_remaining': 999999}
2026-09-09 18:45:24,383 : INFO : EventManager : Event: ======'player_score'====== Args={'value': 1507100, 'prev_value': 1507058, 'change': 42, 'player_num': 1, 'source': 'base'}
2026-09-09 18:45:24,397 : INFO : SwitchController : <<<<<<< 's_64_varitarget_position_1' active >>>>>>>
2026-09-09 18:45:24,397 : INFO : EventManager : Event: ======'s_64_varitarget_position_1_active'====== Args={}
2026-09-09 18:45:24,397 : INFO : EventManager : Event: ======'sw_vari'====== Args={}
2026-09-09 18:45:24,397 : INFO : EventManager : Event: ======'machine_var_audits_switches_s_64_varitarget_position_1'====== Args={'value': 13563, 'prev_value': 13562, 'change': 1}
2026-09-09 18:45:24,398 : INFO : EventManager : Event: ======'glasses_pending_position_1'====== Args={'priority': 0}
2026-09-09 18:45:24,398 : INFO : EventManager : Event: ======'machine_var_audits_shots_varitarget_p1'====== Args={'value': 13540, 'prev_value': 13539, 'change': 1}
2026-09-09 18:45:24,398 : INFO : EventManager : Event: ======'varitarget_p1_hit'====== Args={'profile': 'default', 'state': 'lit', 'advancing': False}
2026-09-09 18:45:24,398 : INFO : EventManager : Event: ======'varitarget_p1_default_hit'====== Args={'profile': 'default', 'state': 'lit', 'advancing': False}
2026-09-09 18:45:24,398 : INFO : EventManager : Event: ======'varitarget_p1_default_lit_hit'====== Args={'profile': 'default', 'state': 'lit', 'advancing': False}
2026-09-09 18:45:24,398 : INFO : EventManager : Event: ======'varitarget_p1_lit_hit'====== Args={'profile': 'default', 'state': 'lit', 'advancing': False}
2026-09-09 18:45:24,399 : INFO : EventManager : Event: ======'varitarget_position_changed'====== Args={'priority': 0}
2026-09-09 18:45:24,399 : INFO : EventManager : Event: ======'varitarget_reset_stop'====== Args={'priority': 0}
2026-09-09 18:45:24,399 : INFO : EventManager : Event: ======'varitarget_reset_complete'====== Args={'priority': 0}
2026-09-09 18:45:24,399 : INFO : EventManager : Event: ======'glasses_position_confirm_restart'====== Args={'priority': 0}
2026-09-09 18:45:24,399 : INFO : EventManager : Event: ======'timer_glasses_position_confirm_tick'====== Args={'ticks': 0, 'ticks_remaining': 1}
2026-09-09 18:45:24,399 : INFO : EventManager : Event: ======'varitarget_positions_hit'====== Args={'shot': 'varitarget_p1'}
2026-09-09 18:45:24,399 : INFO : EventManager : Event: ======'varitarget_positions_lit_hit'====== Args={'shot': 'varitarget_p1'}
2026-09-09 18:45:24,399 : INFO : EventManager : Event: ======'varitarget_update_stable'====== Args={'priority': 0}
2026-09-09 18:45:24,399 : INFO : Timer.varitarget_reset_timer : Stopping Timer
2026-09-09 18:45:24,399 : INFO : EventManager : Event: ======'timer_varitarget_reset_timer_stopped'====== Args={'ticks': 0, 'ticks_remaining': 999999}
2026-09-09 18:45:24,399 : INFO : EventManager : Event: ======'player_score'====== Args={'value': 1507142, 'prev_value': 1507100, 'change': 42, 'player_num': 1, 'source': 'base'}
2026-09-09 18:45:24,444 : INFO : EventManager : Event: ======'super_pops_timer_phase1_start'====== Args={'priority': 0}
2026-09-09 18:45:24,444 : INFO : Timer.super_pops_mult_timer : Starting Timer.
2026-09-09 18:45:24,444 : INFO : EventManager : Event: ======'timer_super_pops_mult_timer_started'====== Args={'ticks': 10, 'ticks_remaining': 10}
2026-09-09 18:45:24,444 : INFO : EventManager : Event: ======'timer_super_pops_mult_timer_tick'====== Args={'ticks': 10, 'ticks_remaining': 10}
2026-09-09 18:45:24,587 : INFO : SwitchController : <<<<<<< 's_64_varitarget_position_1' inactive >>>>>>>
2026-09-09 18:45:24,758 : INFO : SwitchController : <<<<<<< 's_62_top_lane_a' active >>>>>>>
2026-09-09 18:45:24,758 : INFO : EventManager : Event: ======'s_62_top_lane_a_active'====== Args={}
2026-09-09 18:45:24,758 : INFO : EventManager : Event: ======'sw_playfield_active'====== Args={}
2026-09-09 18:45:24,759 : INFO : EventManager : Event: ======'sw_top_lanes'====== Args={}
2026-09-09 18:45:24,759 : INFO : EventManager : Event: ======'machine_var_audits_switches_s_62_top_lane_a'====== Args={'value': 300, 'prev_value': 299, 'change': 1}
2026-09-09 18:45:24,759 : INFO : EventManager : Event: ======'top_lane_a_turn_off'====== Args={'priority': 0}
2026-09-09 18:45:24,759 : INFO : EventManager : Event: ======'shotgun_lane_a_charged'====== Args={'priority': 0}
2026-09-09 18:45:24,760 : INFO : EventManager : Event: ======'top_lanes_check'====== Args={'priority': 0}
2026-09-09 18:45:24,760 : INFO : EventManager : Event: ======'player_top_lane_a_lit'====== Args={'value': 0, 'prev_value': 1, 'change': -1, 'player_num': 1, 'source': 'spinner_2x_qualify'}
2026-09-09 18:45:24,760 : INFO : EventManager : Event: ======'spinner_2x_stop'====== Args={'priority': 0}
2026-09-09 18:45:24,760 : INFO : EventManager : Event: ======'player_score'====== Args={'value': 1512142, 'prev_value': 1507142, 'change': 5000, 'player_num': 1, 'source': 'base'}
2026-09-09 18:45:24,824 : INFO : SwitchController : <<<<<<< 's_62_top_lane_a' inactive >>>>>>>
2026-09-09 18:45:24,951 : INFO : EventManager : Event: ======'ball_save_bs_default_grace_period'====== Args={}
2026-09-09 18:45:24,951 : INFO : EventManager : Event: ======'ball_save_bs_default_disabled'====== Args={}
2026-09-09 18:45:24,982 : INFO : SwitchController : <<<<<<< 's_58_pop_bumper_left' active >>>>>>>
2026-09-09 18:45:24,982 : INFO : EventManager : Event: ======'s_58_pop_bumper_left_active'====== Args={}
2026-09-09 18:45:24,982 : INFO : EventManager : Event: ======'sw_pops'====== Args={}
2026-09-09 18:45:24,982 : INFO : EventManager : Event: ======'machine_var_audits_switches_s_58_pop_bumper_left'====== Args={'value': 3577, 'prev_value': 3576, 'change': 1}
2026-09-09 18:45:24,983 : INFO : EventManager : Event: ======'player_score'====== Args={'value': 1512184, 'prev_value': 1512142, 'change': 42, 'player_num': 1, 'source': 'super_pops'}
2026-09-09 18:45:24,983 : INFO : EventManager : Event: ======'logicblock_super_pops_phase2_counter_updated'====== Args={'value': 1, 'enabled': True}
2026-09-09 18:45:24,983 : INFO : EventManager : Event: ======'counter_super_pops_phase2_counter_hit'====== Args={'count': 1, 'hits': 1, 'remaining': 9}
2026-09-09 18:45:24,983 : INFO : EventManager : Event: ======'logicblock_super_pops_phase2_counter_hit'====== Args={'count': 1, 'hits': 1, 'remaining': 9}
2026-09-09 18:45:24,984 : INFO : EventManager : Event: ======'player_score'====== Args={'value': 1512226, 'prev_value': 1512184, 'change': 42, 'player_num': 1, 'source': 'base'}
2026-09-09 18:45:24,985 : INFO : SwitchController : <<<<<<< 's_58_pop_bumper_left' inactive >>>>>>>
2026-09-09 18:45:25,078 : INFO : SwitchController : <<<<<<< 's_58_pop_bumper_left' active >>>>>>>
2026-09-09 18:45:25,078 : INFO : EventManager : Event: ======'s_58_pop_bumper_left_active'====== Args={}
2026-09-09 18:45:25,078 : INFO : EventManager : Event: ======'sw_pops'====== Args={}
2026-09-09 18:45:25,078 : INFO : EventManager : Event: ======'machine_var_audits_switches_s_58_pop_bumper_left'====== Args={'value': 3578, 'prev_value': 3577, 'change': 1}
2026-09-09 18:45:25,079 : INFO : EventManager : Event: ======'player_score'====== Args={'value': 1512268, 'prev_value': 1512226, 'change': 42, 'player_num': 1, 'source': 'super_pops'}
2026-09-09 18:45:25,079 : INFO : EventManager : Event: ======'logicblock_super_pops_phase2_counter_updated'====== Args={'value': 2, 'enabled': True}
2026-09-09 18:45:25,079 : INFO : EventManager : Event: ======'counter_super_pops_phase2_counter_hit'====== Args={'count': 2, 'hits': 2, 'remaining': 8}
2026-09-09 18:45:25,079 : INFO : EventManager : Event: ======'logicblock_super_pops_phase2_counter_hit'====== Args={'count': 2, 'hits': 2, 'remaining': 8}
2026-09-09 18:45:25,080 : INFO : EventManager : Event: ======'player_score'====== Args={'value': 1512310, 'prev_value': 1512268, 'change': 42, 'player_num': 1, 'source': 'base'}
2026-09-09 18:45:25,093 : INFO : SwitchController : <<<<<<< 's_58_pop_bumper_left' inactive >>>>>>>
2026-09-09 18:45:25,094 : INFO : SwitchController : <<<<<<< 's_64_varitarget_position_1' active >>>>>>>
2026-09-09 18:45:25,094 : INFO : EventManager : Event: ======'s_64_varitarget_position_1_active'====== Args={}
2026-09-09 18:45:25,094 : INFO : EventManager : Event: ======'sw_vari'====== Args={}
2026-09-09 18:45:25,094 : INFO : EventManager : Event: ======'machine_var_audits_switches_s_64_varitarget_position_1'====== Args={'value': 13564, 'prev_value': 13563, 'change': 1}
2026-09-09 18:45:25,094 : INFO : SwitchController : <<<<<<< 's_64_varitarget_position_1' inactive >>>>>>>
2026-09-09 18:45:25,094 : INFO : EventManager : Event: ======'glasses_pending_position_1'====== Args={'priority': 0}
2026-09-09 18:45:25,095 : INFO : EventManager : Event: ======'machine_var_audits_shots_varitarget_p1'====== Args={'value': 13541, 'prev_value': 13540, 'change': 1}
2026-09-09 18:45:25,095 : INFO : EventManager : Event: ======'varitarget_p1_hit'====== Args={'profile': 'default', 'state': 'lit', 'advancing': False}
2026-09-09 18:45:25,095 : INFO : EventManager : Event: ======'varitarget_p1_default_hit'====== Args={'profile': 'default', 'state': 'lit', 'advancing': False}
2026-09-09 18:45:25,095 : INFO : EventManager : Event: ======'varitarget_p1_default_lit_hit'====== Args={'profile': 'default', 'state': 'lit', 'advancing': False}
2026-09-09 18:45:25,095 : INFO : EventManager : Event: ======'varitarget_p1_lit_hit'====== Args={'profile': 'default', 'state': 'lit', 'advancing': False}
2026-09-09 18:45:25,095 : INFO : EventManager : Event: ======'varitarget_position_changed'====== Args={'priority': 0}
2026-09-09 18:45:25,095 : INFO : EventManager : Event: ======'varitarget_reset_stop'====== Args={'priority': 0}
2026-09-09 18:45:25,095 : INFO : EventManager : Event: ======'varitarget_reset_complete'====== Args={'priority': 0}
2026-09-09 18:45:25,095 : INFO : EventManager : Event: ======'glasses_position_confirm_restart'====== Args={'priority': 0}
2026-09-09 18:45:25,095 : INFO : EventManager : Event: ======'timer_glasses_position_confirm_tick'====== Args={'ticks': 0, 'ticks_remaining': 1}
2026-09-09 18:45:25,095 : INFO : EventManager : Event: ======'varitarget_positions_hit'====== Args={'shot': 'varitarget_p1'}
2026-09-09 18:45:25,095 : INFO : EventManager : Event: ======'varitarget_positions_lit_hit'====== Args={'shot': 'varitarget_p1'}
2026-09-09 18:45:25,095 : INFO : EventManager : Event: ======'varitarget_update_stable'====== Args={'priority': 0}
2026-09-09 18:45:25,096 : INFO : Timer.varitarget_reset_timer : Stopping Timer
2026-09-09 18:45:25,096 : INFO : EventManager : Event: ======'timer_varitarget_reset_timer_stopped'====== Args={'ticks': 0, 'ticks_remaining': 999999}
2026-09-09 18:45:25,096 : INFO : EventManager : Event: ======'player_score'====== Args={'value': 1512352, 'prev_value': 1512310, 'change': 42, 'player_num': 1, 'source': 'base'}
2026-09-09 18:45:25,110 : INFO : SwitchController : <<<<<<< 's_64_varitarget_position_1' active >>>>>>>
2026-09-09 18:45:25,110 : INFO : EventManager : Event: ======'s_64_varitarget_position_1_active'====== Args={}
2026-09-09 18:45:25,110 : INFO : EventManager : Event: ======'sw_vari'====== Args={}
2026-09-09 18:45:25,110 : INFO : EventManager : Event: ======'machine_var_audits_switches_s_64_varitarget_position_1'====== Args={'value': 13565, 'prev_value': 13564, 'change': 1}
2026-09-09 18:45:25,111 : INFO : SwitchController : <<<<<<< 's_64_varitarget_position_1' inactive >>>>>>>
2026-09-09 18:45:25,112 : INFO : EventManager : Event: ======'glasses_pending_position_1'====== Args={'priority': 0}
2026-09-09 18:45:25,112 : INFO : EventManager : Event: ======'machine_var_audits_shots_varitarget_p1'====== Args={'value': 13542, 'prev_value': 13541, 'change': 1}
2026-09-09 18:45:25,112 : INFO : EventManager : Event: ======'varitarget_p1_hit'====== Args={'profile': 'default', 'state': 'lit', 'advancing': False}
2026-09-09 18:45:25,112 : INFO : EventManager : Event: ======'varitarget_p1_default_hit'====== Args={'profile': 'default', 'state': 'lit', 'advancing': False}
2026-09-09 18:45:25,112 : INFO : EventManager : Event: ======'varitarget_p1_default_lit_hit'====== Args={'profile': 'default', 'state': 'lit', 'advancing': False}
2026-09-09 18:45:25,112 : INFO : EventManager : Event: ======'varitarget_p1_lit_hit'====== Args={'profile': 'default', 'state': 'lit', 'advancing': False}
2026-09-09 18:45:25,112 : INFO : EventManager : Event: ======'varitarget_position_changed'====== Args={'priority': 0}
2026-09-09 18:45:25,112 : INFO : EventManager : Event: ======'varitarget_reset_stop'====== Args={'priority': 0}
2026-09-09 18:45:25,112 : INFO : EventManager : Event: ======'varitarget_reset_complete'====== Args={'priority': 0}
2026-09-09 18:45:25,112 : INFO : EventManager : Event: ======'glasses_position_confirm_restart'====== Args={'priority': 0}
2026-09-09 18:45:25,113 : INFO : EventManager : Event: ======'timer_glasses_position_confirm_tick'====== Args={'ticks': 0, 'ticks_remaining': 1}
2026-09-09 18:45:25,113 : INFO : EventManager : Event: ======'varitarget_positions_hit'====== Args={'shot': 'varitarget_p1'}
2026-09-09 18:45:25,113 : INFO : EventManager : Event: ======'varitarget_positions_lit_hit'====== Args={'shot': 'varitarget_p1'}
2026-09-09 18:45:25,113 : INFO : EventManager : Event: ======'varitarget_update_stable'====== Args={'priority': 0}
2026-09-09 18:45:25,113 : INFO : Timer.varitarget_reset_timer : Stopping Timer
2026-09-09 18:45:25,113 : INFO : EventManager : Event: ======'timer_varitarget_reset_timer_stopped'====== Args={'ticks': 0, 'ticks_remaining': 999999}
2026-09-09 18:45:25,113 : INFO : EventManager : Event: ======'player_score'====== Args={'value': 1512394, 'prev_value': 1512352, 'change': 42, 'player_num': 1, 'source': 'base'}
2026-09-09 18:45:25,125 : INFO : SwitchController : <<<<<<< 's_58_pop_bumper_left' active >>>>>>>
2026-09-09 18:45:25,125 : INFO : EventManager : Event: ======'machine_var_audits_switches_s_58_pop_bumper_left'====== Args={'value': 3579, 'prev_value': 3578, 'change': 1}
2026-09-09 18:45:25,126 : INFO : SwitchController : <<<<<<< 's_58_pop_bumper_left' inactive >>>>>>>
2026-09-09 18:45:25,442 : INFO : EventManager : Event: ======'player_super_pops_super_pops_mult_timer_tick'====== Args={'value': 9, 'prev_value': 10, 'change': -1, 'player_num': 1}
2026-09-09 18:45:25,443 : INFO : EventManager : Event: ======'timer_super_pops_mult_timer_tick'====== Args={'ticks': 9, 'ticks_remaining': 9}
2026-09-09 18:45:25,869 : INFO : SwitchController : <<<<<<< 's_34_right_sling' active >>>>>>>
2026-09-09 18:45:25,869 : INFO : EventManager : Event: ======'s_34_right_sling_active'====== Args={}
2026-09-09 18:45:25,869 : INFO : EventManager : Event: ======'sw_slingshot'====== Args={}
2026-09-09 18:45:25,869 : INFO : EventManager : Event: ======'machine_var_audits_switches_s_34_right_sling'====== Args={'value': 725, 'prev_value': 724, 'change': 1}
2026-09-09 18:45:25,870 : INFO : EventManager : Event: ======'player_shot_shot_slingshot_r'====== Args={'value': 1, 'prev_value': 0, 'change': 1, 'player_num': 1}
2026-09-09 18:45:25,870 : INFO : EventManager : Event: ======'machine_var_audits_shots_shot_slingshot_r'====== Args={'value': 724, 'prev_value': 723, 'change': 1}
2026-09-09 18:45:25,870 : INFO : EventManager : Event: ======'shot_slingshot_r_hit'====== Args={'profile': 'default', 'state': 'unlit', 'advancing': True}
2026-09-09 18:45:25,871 : INFO : EventManager : Event: ======'shot_slingshot_r_default_hit'====== Args={'profile': 'default', 'state': 'unlit', 'advancing': True}
2026-09-09 18:45:25,871 : INFO : EventManager : Event: ======'shot_slingshot_r_default_unlit_hit'====== Args={'profile': 'default', 'state': 'unlit', 'advancing': True}
2026-09-09 18:45:25,871 : INFO : EventManager : Event: ======'shot_slingshot_r_unlit_hit'====== Args={'profile': 'default', 'state': 'unlit', 'advancing': True}
2026-09-09 18:45:25,871 : INFO : EventManager : Event: ======'player_score'====== Args={'value': 1512436, 'prev_value': 1512394, 'change': 42, 'player_num': 1, 'source': 'base'}
2026-09-09 18:45:25,885 : INFO : SwitchController : <<<<<<< 's_34_right_sling' inactive >>>>>>>
2026-09-09 18:45:26,106 : INFO : EventManager : Event: ======'player_glasses_mode_glasses_position_confirm_tick'====== Args={'value': 1, 'prev_value': 0, 'change': 1, 'player_num': 1}
2026-09-09 18:45:26,106 : INFO : Timer.glasses_position_confirm : Timer Complete
2026-09-09 18:45:26,106 : INFO : Timer.glasses_position_confirm : Stopping Timer
2026-09-09 18:45:26,107 : INFO : EventManager : Event: ======'timer_glasses_position_confirm_stopped'====== Args={'ticks': 1, 'ticks_remaining': 1}
2026-09-09 18:45:26,107 : INFO : EventManager : Event: ======'timer_glasses_position_confirm_complete'====== Args={'ticks': 1, 'ticks_remaining': 1}
2026-09-09 18:45:26,107 : INFO : EventManager : Event: ======'varitarget_position_1_confirmed'====== Args={'priority': 0}
2026-09-09 18:45:26,107 : INFO : EventManager : Event: ======'glasses_enter_state_1'====== Args={'priority': 0}
2026-09-09 18:45:26,107 : INFO : EventManager : Event: ======'glasses_stop_all_shows'====== Args={'priority': 0}
2026-09-09 18:45:26,107 : INFO : EventManager : Event: ======'glasses_state_timer_stop'====== Args={'priority': 0}
2026-09-09 18:45:26,107 : INFO : EventManager : Event: ======'glasses_home_pulse_timer_stop'====== Args={'priority': 0}
2026-09-09 18:45:26,107 : INFO : EventManager : Event: ======'glasses_homing_cancel'====== Args={'priority': 0}
2026-09-09 18:45:26,108 : INFO : Timer.glasses_state_timer : Stopping Timer
2026-09-09 18:45:26,108 : INFO : EventManager : Event: ======'timer_glasses_state_timer_stopped'====== Args={'ticks': 0, 'ticks_remaining': 0}
2026-09-09 18:45:26,108 : INFO : Timer.glasses_home_pulse_timer : Stopping Timer
2026-09-09 18:45:26,108 : INFO : EventManager : Event: ======'timer_glasses_home_pulse_timer_stopped'====== Args={'ticks': 0, 'ticks_remaining': 0}
2026-09-09 18:45:26,437 : INFO : EventManager : Event: ======'player_super_pops_super_pops_mult_timer_tick'====== Args={'value': 8, 'prev_value': 9, 'change': -1, 'player_num': 1}
2026-09-09 18:45:26,437 : INFO : EventManager : Event: ======'timer_super_pops_mult_timer_tick'====== Args={'ticks': 8, 'ticks_remaining': 8}
2026-09-09 18:45:26,770 : INFO : ball_device.bd_plunger : State: failed_confirm
2026-09-09 18:45:26,770 : INFO : ball_device.bd_plunger : Got timeout (4.0s) before confirm from <playfield.playfield>
2026-09-09 18:45:26,863 : INFO : ball_device.bd_plunger : Confirming eject because target is playfield and ball did not return.
2026-09-09 18:45:26,863 : INFO : ball_device.bd_plunger : Eject successful
2026-09-09 18:45:26,863 : INFO : EventManager : Event: ======'balldevice_bd_plunger_ball_eject_success'====== Args={'balls': 1, 'target': <playfield.playfield>}
2026-09-09 18:45:26,863 : INFO : EventManager : Event: ======'balldevice_playfield_ball_enter'====== Args={'new_balls': 1, 'unclaimed_balls': 1, 'device': <playfield.playfield>}
2026-09-09 18:45:26,864 : INFO : EventManager : Event: ======'playfield_ball_count_change'====== Args={'balls': 2, 'change': 1}
2026-09-09 18:45:26,864 : INFO : EventManager : Event: ======'balldevice_bd_plunger_ball_count_changed'====== Args={'balls': 0}
2026-09-09 18:45:26,864 : INFO : ball_device.bd_plunger : State: idle
2026-09-09 18:45:27,448 : INFO : EventManager : Event: ======'player_super_pops_super_pops_mult_timer_tick'====== Args={'value': 7, 'prev_value': 8, 'change': -1, 'player_num': 1}
2026-09-09 18:45:27,448 : INFO : EventManager : Event: ======'timer_super_pops_mult_timer_tick'====== Args={'ticks': 7, 'ticks_remaining': 7}
2026-09-09 18:45:28,443 : INFO : EventManager : Event: ======'player_super_pops_super_pops_mult_timer_tick'====== Args={'value': 6, 'prev_value': 7, 'change': -1, 'player_num': 1}
2026-09-09 18:45:28,443 : INFO : EventManager : Event: ======'timer_super_pops_mult_timer_tick'====== Args={'ticks': 6, 'ticks_remaining': 6}
2026-09-09 18:45:29,439 : INFO : EventManager : Event: ======'player_super_pops_super_pops_mult_timer_tick'====== Args={'value': 5, 'prev_value': 6, 'change': -1, 'player_num': 1}
2026-09-09 18:45:29,439 : INFO : EventManager : Event: ======'timer_super_pops_mult_timer_tick'====== Args={'ticks': 5, 'ticks_remaining': 5}
2026-09-09 18:45:30,184 : INFO : EventManager : Event: ======'multiball_brain_rot_multiball_hurry_up'====== Args={}
2026-09-09 18:45:30,440 : INFO : EventManager : Event: ======'player_super_pops_super_pops_mult_timer_tick'====== Args={'value': 4, 'prev_value': 5, 'change': -1, 'player_num': 1}
2026-09-09 18:45:30,440 : INFO : EventManager : Event: ======'timer_super_pops_mult_timer_tick'====== Args={'ticks': 4, 'ticks_remaining': 4}
2026-09-09 18:45:31,439 : INFO : EventManager : Event: ======'player_super_pops_super_pops_mult_timer_tick'====== Args={'value': 3, 'prev_value': 4, 'change': -1, 'player_num': 1}
2026-09-09 18:45:31,439 : INFO : EventManager : Event: ======'timer_super_pops_mult_timer_tick'====== Args={'ticks': 3, 'ticks_remaining': 3}
2026-09-09 18:45:32,445 : INFO : EventManager : Event: ======'player_super_pops_super_pops_mult_timer_tick'====== Args={'value': 2, 'prev_value': 3, 'change': -1, 'player_num': 1}
2026-09-09 18:45:32,445 : INFO : EventManager : Event: ======'timer_super_pops_mult_timer_tick'====== Args={'ticks': 2, 'ticks_remaining': 2}
2026-09-09 18:45:33,443 : INFO : EventManager : Event: ======'player_super_pops_super_pops_mult_timer_tick'====== Args={'value': 1, 'prev_value': 2, 'change': -1, 'player_num': 1}
2026-09-09 18:45:33,443 : INFO : EventManager : Event: ======'timer_super_pops_mult_timer_tick'====== Args={'ticks': 1, 'ticks_remaining': 1}
2026-09-09 18:45:34,452 : INFO : EventManager : Event: ======'player_super_pops_super_pops_mult_timer_tick'====== Args={'value': 0, 'prev_value': 1, 'change': -1, 'player_num': 1}
2026-09-09 18:45:34,452 : INFO : Timer.super_pops_mult_timer : Timer Complete
2026-09-09 18:45:34,452 : INFO : Timer.super_pops_mult_timer : Stopping Timer
2026-09-09 18:45:34,452 : INFO : EventManager : Event: ======'timer_super_pops_mult_timer_stopped'====== Args={'ticks': 0, 'ticks_remaining': 1}
2026-09-09 18:45:34,452 : INFO : EventManager : Event: ======'timer_super_pops_mult_timer_complete'====== Args={'ticks': 0, 'ticks_remaining': 1}
2026-09-09 18:45:34,456 : INFO : EventManager : Event: ======'player_super_pops_multiplier'====== Args={'value': 1, 'prev_value': 2, 'change': -1, 'player_num': 1, 'source': 'super_pops'}
2026-09-09 18:45:35,177 : INFO : EventManager : Event: ======'multiball_brain_rot_multiball_grace_period'====== Args={}
2026-09-09 18:45:37,183 : INFO : EventManager : Event: ======'multiball_brain_rot_multiball_shoot_again_ended'====== Args={}
2026-09-09 18:46:00,559 : INFO : SwitchController : <<<<<<< 's_71_spinner_left' inactive >>>>>>>
2026-09-09 18:46:00,669 : INFO : SwitchController : <<<<<<< 's_71_spinner_left' active >>>>>>>
2026-09-09 18:46:00,669 : INFO : EventManager : Event: ======'s_71_spinner_left_active'====== Args={}
2026-09-09 18:46:00,669 : INFO : EventManager : Event: ======'sw_playfield_active'====== Args={}
2026-09-09 18:46:00,669 : INFO : EventManager : Event: ======'sw_spinners'====== Args={}
2026-09-09 18:46:00,669 : INFO : EventManager : Event: ======'machine_var_audits_switches_s_71_spinner_left'====== Args={'value': 2242, 'prev_value': 2241, 'change': 1}
2026-09-09 18:46:00,670 : INFO : EventManager : Event: ======'brain_rot_left_saucer_open'====== Args={'priority': 0}
2026-09-09 18:46:00,670 : INFO : EventManager : Event: ======'player_shot_spinner_left'====== Args={'value': 1, 'prev_value': 0, 'change': 1, 'player_num': 1}
2026-09-09 18:46:00,670 : INFO : EventManager : Event: ======'machine_var_audits_shots_spinner_left'====== Args={'value': 2238, 'prev_value': 2237, 'change': 1}
2026-09-09 18:46:00,671 : INFO : EventManager : Event: ======'spinner_left_hit'====== Args={'profile': 'default', 'state': 'unlit', 'advancing': True}
2026-09-09 18:46:00,671 : INFO : EventManager : Event: ======'spinner_left_default_hit'====== Args={'profile': 'default', 'state': 'unlit', 'advancing': True}
2026-09-09 18:46:00,671 : INFO : EventManager : Event: ======'spinner_left_default_unlit_hit'====== Args={'profile': 'default', 'state': 'unlit', 'advancing': True}
2026-09-09 18:46:00,671 : INFO : EventManager : Event: ======'spinner_left_unlit_hit'====== Args={'profile': 'default', 'state': 'unlit', 'advancing': True}
2026-09-09 18:46:00,671 : INFO : EventManager : Event: ======'player_brain_rot_stage'====== Args={'value': 2, 'prev_value': 1, 'change': 1, 'player_num': 1, 'source': 'brain_rot'}
2026-09-09 18:46:00,671 : INFO : EventManager : Event: ======'player_brain_rot_left_saucer_open'====== Args={'value': 1, 'prev_value': 0, 'change': 1, 'player_num': 1, 'source': 'brain_rot'}
2026-09-09 18:46:00,671 : INFO : Timer.brain_rot_left_lock_display_delay : Starting Timer.
2026-09-09 18:46:00,671 : INFO : EventManager : Event: ======'timer_brain_rot_left_lock_display_delay_started'====== Args={'ticks': 0, 'ticks_remaining': 1}
2026-09-09 18:46:00,671 : INFO : EventManager : Event: ======'timer_brain_rot_left_lock_display_delay_tick'====== Args={'ticks': 0, 'ticks_remaining': 1}
2026-09-09 18:46:00,671 : INFO : EventManager : Event: ======'player_score'====== Args={'value': 1522436, 'prev_value': 1512436, 'change': 10000, 'player_num': 1, 'source': 'base'}
2026-09-09 18:46:00,694 : INFO : EventManager : Event: ======'widget_ObjectiveWidget_removed'====== Args={'_from_bcp': True}
2026-09-09 18:46:00,694 : INFO : EventManager : Event: ======'widget_ArrowStraightWidget_removed'====== Args={'_from_bcp': True}
2026-09-09 18:46:00,716 : INFO : SwitchController : <<<<<<< 's_71_spinner_left' inactive >>>>>>>
2026-09-09 18:46:00,780 : INFO : EventManager : Event: ======'player_brain_rot_brain_rot_left_lock_display_delay_tick'====== Args={'value': 1, 'prev_value': 0, 'change': 1, 'player_num': 1}
2026-09-09 18:46:00,780 : INFO : Timer.brain_rot_left_lock_display_delay : Timer Complete
2026-09-09 18:46:00,780 : INFO : Timer.brain_rot_left_lock_display_delay : Stopping Timer
2026-09-09 18:46:00,781 : INFO : EventManager : Event: ======'timer_brain_rot_left_lock_display_delay_stopped'====== Args={'ticks': 1, 'ticks_remaining': 1}
2026-09-09 18:46:00,781 : INFO : EventManager : Event: ======'timer_brain_rot_left_lock_display_delay_complete'====== Args={'ticks': 1, 'ticks_remaining': 1}
2026-09-09 18:46:00,794 : INFO : EventManager : Event: ======'widget_objective_widget_active'====== Args={'original_context': 'brain_rot', 'original_calling_context': 'timer_brain_rot_left_lock_display_delay_complete', 'priority': 1000.0, 'ticks': 1.0, 'ticks_remaining': 1.0, 'cmd': 'widgets_play', '_from_bcp': True}
2026-09-09 18:46:00,794 : INFO : EventManager : Event: ======'widget_arrow_straight_widget_active'====== Args={'original_context': 'brain_rot', 'original_calling_context': 'timer_brain_rot_left_lock_display_delay_complete', 'priority': 1000.0, 'ticks': 1.0, 'ticks_remaining': 1.0, 'cmd': 'widgets_play', '_from_bcp': True}
2026-09-09 18:46:00,859 : INFO : SwitchController : <<<<<<< 's_71_spinner_left' active >>>>>>>
2026-09-09 18:46:00,859 : INFO : EventManager : Event: ======'s_71_spinner_left_active'====== Args={}
2026-09-09 18:46:00,859 : INFO : EventManager : Event: ======'sw_playfield_active'====== Args={}
2026-09-09 18:46:00,859 : INFO : EventManager : Event: ======'sw_spinners'====== Args={}
2026-09-09 18:46:00,859 : INFO : EventManager : Event: ======'machine_var_audits_switches_s_71_spinner_left'====== Args={'value': 2243, 'prev_value': 2242, 'change': 1}
2026-09-09 18:46:00,860 : INFO : EventManager : Event: ======'machine_var_audits_shots_spinner_left'====== Args={'value': 2239, 'prev_value': 2238, 'change': 1}
2026-09-09 18:46:00,861 : INFO : EventManager : Event: ======'spinner_left_hit'====== Args={'profile': 'default', 'state': 'lit', 'advancing': False}
2026-09-09 18:46:00,861 : INFO : EventManager : Event: ======'spinner_left_default_hit'====== Args={'profile': 'default', 'state': 'lit', 'advancing': False}
2026-09-09 18:46:00,861 : INFO : EventManager : Event: ======'spinner_left_default_lit_hit'====== Args={'profile': 'default', 'state': 'lit', 'advancing': False}
2026-09-09 18:46:00,861 : INFO : EventManager : Event: ======'spinner_left_lit_hit'====== Args={'profile': 'default', 'state': 'lit', 'advancing': False}
2026-09-09 18:46:00,862 : INFO : EventManager : Event: ======'player_score'====== Args={'value': 1532436, 'prev_value': 1522436, 'change': 10000, 'player_num': 1, 'source': 'base'}
2026-09-09 18:46:00,939 : INFO : SwitchController : <<<<<<< 's_71_spinner_left' inactive >>>>>>>
2026-09-09 18:46:01,479 : INFO : SwitchController : <<<<<<< 's_71_spinner_left' active >>>>>>>
2026-09-09 18:46:01,479 : INFO : EventManager : Event: ======'s_71_spinner_left_active'====== Args={}
2026-09-09 18:46:01,479 : INFO : EventManager : Event: ======'sw_playfield_active'====== Args={}
2026-09-09 18:46:01,479 : INFO : EventManager : Event: ======'sw_spinners'====== Args={}
2026-09-09 18:46:01,479 : INFO : EventManager : Event: ======'machine_var_audits_switches_s_71_spinner_left'====== Args={'value': 2244, 'prev_value': 2243, 'change': 1}
2026-09-09 18:46:01,480 : INFO : EventManager : Event: ======'machine_var_audits_shots_spinner_left'====== Args={'value': 2240, 'prev_value': 2239, 'change': 1}
2026-09-09 18:46:01,480 : INFO : EventManager : Event: ======'spinner_left_hit'====== Args={'profile': 'default', 'state': 'lit', 'advancing': False}
2026-09-09 18:46:01,481 : INFO : EventManager : Event: ======'spinner_left_default_hit'====== Args={'profile': 'default', 'state': 'lit', 'advancing': False}
2026-09-09 18:46:01,481 : INFO : EventManager : Event: ======'spinner_left_default_lit_hit'====== Args={'profile': 'default', 'state': 'lit', 'advancing': False}
2026-09-09 18:46:01,481 : INFO : EventManager : Event: ======'spinner_left_lit_hit'====== Args={'profile': 'default', 'state': 'lit', 'advancing': False}
2026-09-09 18:46:01,481 : INFO : EventManager : Event: ======'player_score'====== Args={'value': 1542436, 'prev_value': 1532436, 'change': 10000, 'player_num': 1, 'source': 'base'}
2026-09-09 18:46:01,605 : INFO : SwitchController : <<<<<<< 's_71_spinner_left' inactive >>>>>>>
2026-09-09 18:46:01,764 : INFO : SwitchController : <<<<<<< 's_71_spinner_left' active >>>>>>>
2026-09-09 18:46:01,764 : INFO : EventManager : Event: ======'s_71_spinner_left_active'====== Args={}
2026-09-09 18:46:01,764 : INFO : EventManager : Event: ======'sw_playfield_active'====== Args={}
2026-09-09 18:46:01,765 : INFO : EventManager : Event: ======'sw_spinners'====== Args={}
2026-09-09 18:46:01,765 : INFO : EventManager : Event: ======'machine_var_audits_switches_s_71_spinner_left'====== Args={'value': 2245, 'prev_value': 2244, 'change': 1}
2026-09-09 18:46:01,765 : INFO : EventManager : Event: ======'machine_var_audits_shots_spinner_left'====== Args={'value': 2241, 'prev_value': 2240, 'change': 1}
2026-09-09 18:46:01,766 : INFO : EventManager : Event: ======'spinner_left_hit'====== Args={'profile': 'default', 'state': 'lit', 'advancing': False}
2026-09-09 18:46:01,766 : INFO : EventManager : Event: ======'spinner_left_default_hit'====== Args={'profile': 'default', 'state': 'lit', 'advancing': False}
2026-09-09 18:46:01,766 : INFO : EventManager : Event: ======'spinner_left_default_lit_hit'====== Args={'profile': 'default', 'state': 'lit', 'advancing': False}
2026-09-09 18:46:01,766 : INFO : EventManager : Event: ======'spinner_left_lit_hit'====== Args={'profile': 'default', 'state': 'lit', 'advancing': False}
2026-09-09 18:46:01,766 : INFO : EventManager : Event: ======'player_score'====== Args={'value': 1552436, 'prev_value': 1542436, 'change': 10000, 'player_num': 1, 'source': 'base'}
2026-09-09 18:46:04,360 : INFO : SwitchController : <<<<<<< 's_81_saucer_left' active >>>>>>>
2026-09-09 18:46:04,360 : INFO : EventManager : Event: ======'s_81_saucer_left_active'====== Args={}
2026-09-09 18:46:04,360 : INFO : EventManager : Event: ======'sw_scoop'====== Args={}
2026-09-09 18:46:04,360 : INFO : EventManager : Event: ======'machine_var_audits_switches_s_81_saucer_left'====== Args={'value': 474, 'prev_value': 473, 'change': 1}
2026-09-09 18:46:04,361 : INFO : EventManager : Event: ======'awareness_consume_ready_display_stop'====== Args={'priority': 0}
2026-09-09 18:46:04,362 : INFO : EventManager : Event: ======'awareness_consume_ready_lightshow_stop'====== Args={'priority': 0}
2026-09-09 18:46:04,362 : INFO : EventManager : Event: ======'start_mode_brain_rot'====== Args={'priority': 0}
2026-09-09 18:46:04,362 : INFO : EventManager : Event: ======'player_score'====== Args={'value': 1552478, 'prev_value': 1552436, 'change': 42, 'player_num': 1, 'source': 'base'}
2026-09-09 18:46:04,377 : INFO : EventManager : Event: ======'widget_ObjectiveWidget_removed'====== Args={'_from_bcp': True}
2026-09-09 18:46:04,377 : INFO : EventManager : Event: ======'widget_ArrowStraightWidget_removed'====== Args={'_from_bcp': True}
2026-09-09 18:46:04,864 : INFO : EventManager : Event: ======'balldevice_bd_left_vuk_ball_count_changed'====== Args={'balls': 1}
2026-09-09 18:46:04,864 : INFO : ball_device.bd_left_vuk : Received unexpected ball
2026-09-09 18:46:04,864 : INFO : EventManager : Event: ======'balldevice_captured_from_playfield'====== Args={'balls': 1}
2026-09-09 18:46:04,864 : INFO : EventManager : Event: ======'sw_playfield_active'====== Args={'balls': 1}
2026-09-09 18:46:04,865 : INFO : EventManager : Event: ======'playfield_ball_count_change'====== Args={'balls': 1, 'change': -1}
2026-09-09 18:46:04,865 : INFO : EventManager : Event: ======'balldevice_bd_left_vuk_ball_enter'====== Args={'new_balls': 1, 'unclaimed_balls': 1, 'new_available_balls': 1, 'device': <ball_device.bd_left_vuk>}
2026-09-09 18:46:04,865 : INFO : EventManager : Event: ======'ball_hold_brain_rot_left_saucer_hold_held_ball'====== Args={'balls_held': 1, 'total_balls_held': 1}
2026-09-09 18:46:04,866 : INFO : EventManager : Event: ======'ball_hold_brain_rot_left_saucer_hold_full'====== Args={'balls': 1}
2026-09-09 18:46:04,866 : INFO : EventManager : Event: ======'brain_rot_left_ball_locked'====== Args={'priority': 0}
2026-09-09 18:46:04,866 : INFO : EventManager : Event: ======'player_brain_rot_stage'====== Args={'value': 3, 'prev_value': 2, 'change': 1, 'player_num': 1, 'source': 'brain_rot'}
2026-09-09 18:46:04,866 : INFO : EventManager : Event: ======'player_brain_rot_left_ball_locked'====== Args={'value': 1, 'prev_value': 0, 'change': 1, 'player_num': 1, 'source': 'brain_rot'}
2026-09-09 18:46:04,866 : INFO : Timer.brain_rot_right_spinner_display_delay : Starting Timer.
2026-09-09 18:46:04,866 : INFO : EventManager : Event: ======'timer_brain_rot_right_spinner_display_delay_started'====== Args={'ticks': 0, 'ticks_remaining': 1}
2026-09-09 18:46:04,867 : INFO : EventManager : Event: ======'timer_brain_rot_right_spinner_display_delay_tick'====== Args={'ticks': 0, 'ticks_remaining': 1}
2026-09-09 18:46:04,867 : INFO : EventManager : Event: ======'balldevice_balls_available'====== Args={}
2026-09-09 18:46:04,867 : INFO : EventManager : Event: ======'balldevice_bd_left_vuk_ball_entered'====== Args={'new_balls': 1, 'device': <ball_device.bd_left_vuk>}
2026-09-09 18:46:04,958 : INFO : EventManager : Event: ======'player_brain_rot_brain_rot_right_spinner_display_delay_tick'====== Args={'value': 1, 'prev_value': 0, 'change': 1, 'player_num': 1}
2026-09-09 18:46:04,959 : INFO : Timer.brain_rot_right_spinner_display_delay : Timer Complete
2026-09-09 18:46:04,959 : INFO : Timer.brain_rot_right_spinner_display_delay : Stopping Timer
2026-09-09 18:46:04,959 : INFO : EventManager : Event: ======'timer_brain_rot_right_spinner_display_delay_stopped'====== Args={'ticks': 1, 'ticks_remaining': 1}
2026-09-09 18:46:04,959 : INFO : EventManager : Event: ======'timer_brain_rot_right_spinner_display_delay_complete'====== Args={'ticks': 1, 'ticks_remaining': 1}
2026-09-09 18:46:04,962 : INFO : EventManager : Event: ======'widget_objective_widget_active'====== Args={'original_context': 'brain_rot', 'original_calling_context': 'timer_brain_rot_right_spinner_display_delay_complete', 'priority': 1000.0, 'ticks': 1.0, 'ticks_remaining': 1.0, 'cmd': 'widgets_play', '_from_bcp': True}
2026-09-09 18:46:04,963 : INFO : EventManager : Event: ======'widget_arrow_straight_widget_active'====== Args={'original_context': 'brain_rot', 'original_calling_context': 'timer_brain_rot_right_spinner_display_delay_complete', 'priority': 1000.0, 'ticks': 1.0, 'ticks_remaining': 1.0, 'cmd': 'widgets_play', '_from_bcp': True}
2026-09-09 18:46:11,449 : INFO : SwitchController : <<<<<<< 's_44_spinner_right' inactive >>>>>>>
2026-09-09 18:46:11,558 : INFO : SwitchController : <<<<<<< 's_44_spinner_right' active >>>>>>>
2026-09-09 18:46:11,558 : INFO : EventManager : Event: ======'s_44_spinner_right_active'====== Args={}
2026-09-09 18:46:11,558 : INFO : EventManager : Event: ======'sw_playfield_active'====== Args={}
2026-09-09 18:46:11,559 : INFO : EventManager : Event: ======'sw_spinners'====== Args={}
2026-09-09 18:46:11,559 : INFO : EventManager : Event: ======'machine_var_audits_switches_s_44_spinner_right'====== Args={'value': 2120, 'prev_value': 2119, 'change': 1}
2026-09-09 18:46:11,560 : INFO : EventManager : Event: ======'brain_rot_right_saucer_open'====== Args={'priority': 0}
2026-09-09 18:46:11,560 : INFO : EventManager : Event: ======'player_shot_spinner_right'====== Args={'value': 1, 'prev_value': 0, 'change': 1, 'player_num': 1}
2026-09-09 18:46:11,561 : INFO : EventManager : Event: ======'machine_var_audits_shots_spinner_right'====== Args={'value': 2119, 'prev_value': 2118, 'change': 1}
2026-09-09 18:46:11,561 : INFO : EventManager : Event: ======'spinner_right_hit'====== Args={'profile': 'default', 'state': 'unlit', 'advancing': True}
2026-09-09 18:46:11,561 : INFO : EventManager : Event: ======'spinner_right_default_hit'====== Args={'profile': 'default', 'state': 'unlit', 'advancing': True}
2026-09-09 18:46:11,561 : INFO : EventManager : Event: ======'spinner_right_default_unlit_hit'====== Args={'profile': 'default', 'state': 'unlit', 'advancing': True}
2026-09-09 18:46:11,561 : INFO : EventManager : Event: ======'spinner_right_unlit_hit'====== Args={'profile': 'default', 'state': 'unlit', 'advancing': True}
2026-09-09 18:46:11,562 : INFO : EventManager : Event: ======'player_brain_rot_stage'====== Args={'value': 4, 'prev_value': 3, 'change': 1, 'player_num': 1, 'source': 'brain_rot'}
2026-09-09 18:46:11,562 : INFO : EventManager : Event: ======'player_brain_rot_right_saucer_open'====== Args={'value': 1, 'prev_value': 0, 'change': 1, 'player_num': 1, 'source': 'brain_rot'}
2026-09-09 18:46:11,562 : INFO : Timer.brain_rot_right_lock_display_delay : Starting Timer.
2026-09-09 18:46:11,562 : INFO : EventManager : Event: ======'timer_brain_rot_right_lock_display_delay_started'====== Args={'ticks': 0, 'ticks_remaining': 1}
2026-09-09 18:46:11,562 : INFO : EventManager : Event: ======'timer_brain_rot_right_lock_display_delay_tick'====== Args={'ticks': 0, 'ticks_remaining': 1}
2026-09-09 18:46:11,562 : INFO : EventManager : Event: ======'player_score'====== Args={'value': 1562478, 'prev_value': 1552478, 'change': 10000, 'player_num': 1, 'source': 'base'}
2026-09-09 18:46:11,578 : INFO : EventManager : Event: ======'widget_ObjectiveWidget_removed'====== Args={'_from_bcp': True}
2026-09-09 18:46:11,578 : INFO : EventManager : Event: ======'widget_ArrowStraightWidget_removed'====== Args={'_from_bcp': True}
2026-09-09 18:46:11,579 : INFO : SwitchController : <<<<<<< 's_44_spinner_right' inactive >>>>>>>
2026-09-09 18:46:11,667 : INFO : EventManager : Event: ======'player_brain_rot_brain_rot_right_lock_display_delay_tick'====== Args={'value': 1, 'prev_value': 0, 'change': 1, 'player_num': 1}
2026-09-09 18:46:11,667 : INFO : Timer.brain_rot_right_lock_display_delay : Timer Complete
2026-09-09 18:46:11,667 : INFO : Timer.brain_rot_right_lock_display_delay : Stopping Timer
2026-09-09 18:46:11,667 : INFO : EventManager : Event: ======'timer_brain_rot_right_lock_display_delay_stopped'====== Args={'ticks': 1, 'ticks_remaining': 1}
2026-09-09 18:46:11,667 : INFO : EventManager : Event: ======'timer_brain_rot_right_lock_display_delay_complete'====== Args={'ticks': 1, 'ticks_remaining': 1}
2026-09-09 18:46:11,669 : INFO : SwitchController : <<<<<<< 's_44_spinner_right' active >>>>>>>
2026-09-09 18:46:11,669 : INFO : EventManager : Event: ======'s_44_spinner_right_active'====== Args={}
2026-09-09 18:46:11,669 : INFO : EventManager : Event: ======'sw_playfield_active'====== Args={}
2026-09-09 18:46:11,669 : INFO : EventManager : Event: ======'sw_spinners'====== Args={}
2026-09-09 18:46:11,669 : INFO : EventManager : Event: ======'machine_var_audits_switches_s_44_spinner_right'====== Args={'value': 2121, 'prev_value': 2120, 'change': 1}
2026-09-09 18:46:11,669 : INFO : EventManager : Event: ======'machine_var_audits_shots_spinner_right'====== Args={'value': 2120, 'prev_value': 2119, 'change': 1}
2026-09-09 18:46:11,670 : INFO : EventManager : Event: ======'spinner_right_hit'====== Args={'profile': 'default', 'state': 'lit', 'advancing': False}
2026-09-09 18:46:11,670 : INFO : EventManager : Event: ======'spinner_right_default_hit'====== Args={'profile': 'default', 'state': 'lit', 'advancing': False}
2026-09-09 18:46:11,670 : INFO : EventManager : Event: ======'spinner_right_default_lit_hit'====== Args={'profile': 'default', 'state': 'lit', 'advancing': False}
2026-09-09 18:46:11,670 : INFO : EventManager : Event: ======'spinner_right_lit_hit'====== Args={'profile': 'default', 'state': 'lit', 'advancing': False}
2026-09-09 18:46:11,670 : INFO : EventManager : Event: ======'player_score'====== Args={'value': 1572478, 'prev_value': 1562478, 'change': 10000, 'player_num': 1, 'source': 'base'}
2026-09-09 18:46:11,676 : INFO : EventManager : Event: ======'widget_objective_widget_active'====== Args={'original_context': 'brain_rot', 'original_calling_context': 'timer_brain_rot_right_lock_display_delay_complete', 'priority': 1000.0, 'ticks': 1.0, 'ticks_remaining': 1.0, 'cmd': 'widgets_play', '_from_bcp': True}
2026-09-09 18:46:11,677 : INFO : EventManager : Event: ======'widget_arrow_straight_widget_active'====== Args={'original_context': 'brain_rot', 'original_calling_context': 'timer_brain_rot_right_lock_display_delay_complete', 'priority': 1000.0, 'ticks': 1.0, 'ticks_remaining': 1.0, 'cmd': 'widgets_play', '_from_bcp': True}
2026-09-09 18:46:11,714 : INFO : SwitchController : <<<<<<< 's_44_spinner_right' inactive >>>>>>>
2026-09-09 18:46:11,807 : INFO : SwitchController : <<<<<<< 's_44_spinner_right' active >>>>>>>
2026-09-09 18:46:11,807 : INFO : EventManager : Event: ======'s_44_spinner_right_active'====== Args={}
2026-09-09 18:46:11,807 : INFO : EventManager : Event: ======'sw_playfield_active'====== Args={}
2026-09-09 18:46:11,807 : INFO : EventManager : Event: ======'sw_spinners'====== Args={}
2026-09-09 18:46:11,807 : INFO : EventManager : Event: ======'machine_var_audits_switches_s_44_spinner_right'====== Args={'value': 2122, 'prev_value': 2121, 'change': 1}
2026-09-09 18:46:11,808 : INFO : EventManager : Event: ======'machine_var_audits_shots_spinner_right'====== Args={'value': 2121, 'prev_value': 2120, 'change': 1}
2026-09-09 18:46:11,808 : INFO : EventManager : Event: ======'spinner_right_hit'====== Args={'profile': 'default', 'state': 'lit', 'advancing': False}
2026-09-09 18:46:11,808 : INFO : EventManager : Event: ======'spinner_right_default_hit'====== Args={'profile': 'default', 'state': 'lit', 'advancing': False}
2026-09-09 18:46:11,808 : INFO : EventManager : Event: ======'spinner_right_default_lit_hit'====== Args={'profile': 'default', 'state': 'lit', 'advancing': False}
2026-09-09 18:46:11,808 : INFO : EventManager : Event: ======'spinner_right_lit_hit'====== Args={'profile': 'default', 'state': 'lit', 'advancing': False}
2026-09-09 18:46:11,809 : INFO : EventManager : Event: ======'player_score'====== Args={'value': 1582478, 'prev_value': 1572478, 'change': 10000, 'player_num': 1, 'source': 'base'}
2026-09-09 18:46:11,855 : INFO : SwitchController : <<<<<<< 's_44_spinner_right' inactive >>>>>>>
2026-09-09 18:46:11,965 : INFO : SwitchController : <<<<<<< 's_44_spinner_right' active >>>>>>>
2026-09-09 18:46:11,965 : INFO : EventManager : Event: ======'s_44_spinner_right_active'====== Args={}
2026-09-09 18:46:11,966 : INFO : EventManager : Event: ======'sw_playfield_active'====== Args={}
2026-09-09 18:46:11,966 : INFO : EventManager : Event: ======'sw_spinners'====== Args={}
2026-09-09 18:46:11,966 : INFO : EventManager : Event: ======'machine_var_audits_switches_s_44_spinner_right'====== Args={'value': 2123, 'prev_value': 2122, 'change': 1}
2026-09-09 18:46:11,966 : INFO : EventManager : Event: ======'machine_var_audits_shots_spinner_right'====== Args={'value': 2122, 'prev_value': 2121, 'change': 1}
2026-09-09 18:46:11,966 : INFO : EventManager : Event: ======'spinner_right_hit'====== Args={'profile': 'default', 'state': 'lit', 'advancing': False}
2026-09-09 18:46:11,967 : INFO : EventManager : Event: ======'spinner_right_default_hit'====== Args={'profile': 'default', 'state': 'lit', 'advancing': False}
2026-09-09 18:46:11,967 : INFO : EventManager : Event: ======'spinner_right_default_lit_hit'====== Args={'profile': 'default', 'state': 'lit', 'advancing': False}
2026-09-09 18:46:11,967 : INFO : EventManager : Event: ======'spinner_right_lit_hit'====== Args={'profile': 'default', 'state': 'lit', 'advancing': False}
2026-09-09 18:46:11,967 : INFO : EventManager : Event: ======'player_score'====== Args={'value': 1592478, 'prev_value': 1582478, 'change': 10000, 'player_num': 1, 'source': 'base'}
2026-09-09 18:46:11,998 : INFO : SwitchController : <<<<<<< 's_44_spinner_right' inactive >>>>>>>
2026-09-09 18:46:12,155 : INFO : SwitchController : <<<<<<< 's_44_spinner_right' active >>>>>>>
2026-09-09 18:46:12,155 : INFO : EventManager : Event: ======'s_44_spinner_right_active'====== Args={}
2026-09-09 18:46:12,155 : INFO : EventManager : Event: ======'sw_playfield_active'====== Args={}
2026-09-09 18:46:12,155 : INFO : EventManager : Event: ======'sw_spinners'====== Args={}
2026-09-09 18:46:12,155 : INFO : EventManager : Event: ======'machine_var_audits_switches_s_44_spinner_right'====== Args={'value': 2124, 'prev_value': 2123, 'change': 1}
2026-09-09 18:46:12,156 : INFO : EventManager : Event: ======'machine_var_audits_shots_spinner_right'====== Args={'value': 2123, 'prev_value': 2122, 'change': 1}
2026-09-09 18:46:12,156 : INFO : EventManager : Event: ======'spinner_right_hit'====== Args={'profile': 'default', 'state': 'lit', 'advancing': False}
2026-09-09 18:46:12,156 : INFO : EventManager : Event: ======'spinner_right_default_hit'====== Args={'profile': 'default', 'state': 'lit', 'advancing': False}
2026-09-09 18:46:12,156 : INFO : EventManager : Event: ======'spinner_right_default_lit_hit'====== Args={'profile': 'default', 'state': 'lit', 'advancing': False}
2026-09-09 18:46:12,156 : INFO : EventManager : Event: ======'spinner_right_lit_hit'====== Args={'profile': 'default', 'state': 'lit', 'advancing': False}
2026-09-09 18:46:12,157 : INFO : EventManager : Event: ======'player_score'====== Args={'value': 1602478, 'prev_value': 1592478, 'change': 10000, 'player_num': 1, 'source': 'base'}
2026-09-09 18:46:12,188 : INFO : SwitchController : <<<<<<< 's_44_spinner_right' inactive >>>>>>>
2026-09-09 18:46:12,393 : INFO : SwitchController : <<<<<<< 's_44_spinner_right' active >>>>>>>
2026-09-09 18:46:12,393 : INFO : EventManager : Event: ======'s_44_spinner_right_active'====== Args={}
2026-09-09 18:46:12,393 : INFO : EventManager : Event: ======'sw_playfield_active'====== Args={}
2026-09-09 18:46:12,393 : INFO : EventManager : Event: ======'sw_spinners'====== Args={}
2026-09-09 18:46:12,393 : INFO : EventManager : Event: ======'machine_var_audits_switches_s_44_spinner_right'====== Args={'value': 2125, 'prev_value': 2124, 'change': 1}
2026-09-09 18:46:12,394 : INFO : EventManager : Event: ======'machine_var_audits_shots_spinner_right'====== Args={'value': 2124, 'prev_value': 2123, 'change': 1}
2026-09-09 18:46:12,394 : INFO : EventManager : Event: ======'spinner_right_hit'====== Args={'profile': 'default', 'state': 'lit', 'advancing': False}
2026-09-09 18:46:12,394 : INFO : EventManager : Event: ======'spinner_right_default_hit'====== Args={'profile': 'default', 'state': 'lit', 'advancing': False}
2026-09-09 18:46:12,394 : INFO : EventManager : Event: ======'spinner_right_default_lit_hit'====== Args={'profile': 'default', 'state': 'lit', 'advancing': False}
2026-09-09 18:46:12,395 : INFO : EventManager : Event: ======'spinner_right_lit_hit'====== Args={'profile': 'default', 'state': 'lit', 'advancing': False}
2026-09-09 18:46:12,395 : INFO : EventManager : Event: ======'player_score'====== Args={'value': 1612478, 'prev_value': 1602478, 'change': 10000, 'player_num': 1, 'source': 'base'}
2026-09-09 18:46:12,440 : INFO : SwitchController : <<<<<<< 's_44_spinner_right' inactive >>>>>>>
2026-09-09 18:46:12,646 : INFO : SwitchController : <<<<<<< 's_44_spinner_right' active >>>>>>>
2026-09-09 18:46:12,646 : INFO : EventManager : Event: ======'s_44_spinner_right_active'====== Args={}
2026-09-09 18:46:12,647 : INFO : EventManager : Event: ======'sw_playfield_active'====== Args={}
2026-09-09 18:46:12,647 : INFO : EventManager : Event: ======'sw_spinners'====== Args={}
2026-09-09 18:46:12,647 : INFO : EventManager : Event: ======'machine_var_audits_switches_s_44_spinner_right'====== Args={'value': 2126, 'prev_value': 2125, 'change': 1}
2026-09-09 18:46:12,647 : INFO : EventManager : Event: ======'machine_var_audits_shots_spinner_right'====== Args={'value': 2125, 'prev_value': 2124, 'change': 1}
2026-09-09 18:46:12,648 : INFO : EventManager : Event: ======'spinner_right_hit'====== Args={'profile': 'default', 'state': 'lit', 'advancing': False}
2026-09-09 18:46:12,648 : INFO : EventManager : Event: ======'spinner_right_default_hit'====== Args={'profile': 'default', 'state': 'lit', 'advancing': False}
2026-09-09 18:46:12,648 : INFO : EventManager : Event: ======'spinner_right_default_lit_hit'====== Args={'profile': 'default', 'state': 'lit', 'advancing': False}
2026-09-09 18:46:12,648 : INFO : EventManager : Event: ======'spinner_right_lit_hit'====== Args={'profile': 'default', 'state': 'lit', 'advancing': False}
2026-09-09 18:46:12,648 : INFO : EventManager : Event: ======'player_score'====== Args={'value': 1622478, 'prev_value': 1612478, 'change': 10000, 'player_num': 1, 'source': 'base'}
2026-09-09 18:46:12,707 : INFO : SwitchController : <<<<<<< 's_44_spinner_right' inactive >>>>>>>
2026-09-09 18:46:12,883 : INFO : SwitchController : <<<<<<< 's_44_spinner_right' active >>>>>>>
2026-09-09 18:46:12,883 : INFO : EventManager : Event: ======'s_44_spinner_right_active'====== Args={}
2026-09-09 18:46:12,883 : INFO : EventManager : Event: ======'sw_playfield_active'====== Args={}
2026-09-09 18:46:12,883 : INFO : EventManager : Event: ======'sw_spinners'====== Args={}
2026-09-09 18:46:12,883 : INFO : EventManager : Event: ======'machine_var_audits_switches_s_44_spinner_right'====== Args={'value': 2127, 'prev_value': 2126, 'change': 1}
2026-09-09 18:46:12,884 : INFO : EventManager : Event: ======'machine_var_audits_shots_spinner_right'====== Args={'value': 2126, 'prev_value': 2125, 'change': 1}
2026-09-09 18:46:12,884 : INFO : EventManager : Event: ======'spinner_right_hit'====== Args={'profile': 'default', 'state': 'lit', 'advancing': False}
2026-09-09 18:46:12,884 : INFO : EventManager : Event: ======'spinner_right_default_hit'====== Args={'profile': 'default', 'state': 'lit', 'advancing': False}
2026-09-09 18:46:12,885 : INFO : EventManager : Event: ======'spinner_right_default_lit_hit'====== Args={'profile': 'default', 'state': 'lit', 'advancing': False}
2026-09-09 18:46:12,885 : INFO : EventManager : Event: ======'spinner_right_lit_hit'====== Args={'profile': 'default', 'state': 'lit', 'advancing': False}
2026-09-09 18:46:12,885 : INFO : EventManager : Event: ======'player_score'====== Args={'value': 1632478, 'prev_value': 1622478, 'change': 10000, 'player_num': 1, 'source': 'base'}
2026-09-09 18:46:12,947 : INFO : SwitchController : <<<<<<< 's_44_spinner_right' inactive >>>>>>>
2026-09-09 18:46:13,104 : INFO : SwitchController : <<<<<<< 's_44_spinner_right' active >>>>>>>
2026-09-09 18:46:13,104 : INFO : EventManager : Event: ======'s_44_spinner_right_active'====== Args={}
2026-09-09 18:46:13,104 : INFO : EventManager : Event: ======'sw_playfield_active'====== Args={}
2026-09-09 18:46:13,104 : INFO : EventManager : Event: ======'sw_spinners'====== Args={}
2026-09-09 18:46:13,104 : INFO : EventManager : Event: ======'machine_var_audits_switches_s_44_spinner_right'====== Args={'value': 2128, 'prev_value': 2127, 'change': 1}
2026-09-09 18:46:13,105 : INFO : EventManager : Event: ======'machine_var_audits_shots_spinner_right'====== Args={'value': 2127, 'prev_value': 2126, 'change': 1}
2026-09-09 18:46:13,105 : INFO : EventManager : Event: ======'spinner_right_hit'====== Args={'profile': 'default', 'state': 'lit', 'advancing': False}
2026-09-09 18:46:13,105 : INFO : EventManager : Event: ======'spinner_right_default_hit'====== Args={'profile': 'default', 'state': 'lit', 'advancing': False}
2026-09-09 18:46:13,105 : INFO : EventManager : Event: ======'spinner_right_default_lit_hit'====== Args={'profile': 'default', 'state': 'lit', 'advancing': False}
2026-09-09 18:46:13,106 : INFO : EventManager : Event: ======'spinner_right_lit_hit'====== Args={'profile': 'default', 'state': 'lit', 'advancing': False}
2026-09-09 18:46:13,106 : INFO : EventManager : Event: ======'player_score'====== Args={'value': 1642478, 'prev_value': 1632478, 'change': 10000, 'player_num': 1, 'source': 'base'}
2026-09-09 18:46:13,183 : INFO : SwitchController : <<<<<<< 's_44_spinner_right' inactive >>>>>>>
2026-09-09 18:46:13,310 : INFO : SwitchController : <<<<<<< 's_44_spinner_right' active >>>>>>>
2026-09-09 18:46:13,310 : INFO : EventManager : Event: ======'s_44_spinner_right_active'====== Args={}
2026-09-09 18:46:13,310 : INFO : EventManager : Event: ======'sw_playfield_active'====== Args={}
2026-09-09 18:46:13,310 : INFO : EventManager : Event: ======'sw_spinners'====== Args={}
2026-09-09 18:46:13,310 : INFO : EventManager : Event: ======'machine_var_audits_switches_s_44_spinner_right'====== Args={'value': 2129, 'prev_value': 2128, 'change': 1}
2026-09-09 18:46:13,311 : INFO : EventManager : Event: ======'machine_var_audits_shots_spinner_right'====== Args={'value': 2128, 'prev_value': 2127, 'change': 1}
2026-09-09 18:46:13,311 : INFO : EventManager : Event: ======'spinner_right_hit'====== Args={'profile': 'default', 'state': 'lit', 'advancing': False}
2026-09-09 18:46:13,311 : INFO : EventManager : Event: ======'spinner_right_default_hit'====== Args={'profile': 'default', 'state': 'lit', 'advancing': False}
2026-09-09 18:46:13,312 : INFO : EventManager : Event: ======'spinner_right_default_lit_hit'====== Args={'profile': 'default', 'state': 'lit', 'advancing': False}
2026-09-09 18:46:13,312 : INFO : EventManager : Event: ======'spinner_right_lit_hit'====== Args={'profile': 'default', 'state': 'lit', 'advancing': False}
2026-09-09 18:46:13,312 : INFO : EventManager : Event: ======'player_score'====== Args={'value': 1652478, 'prev_value': 1642478, 'change': 10000, 'player_num': 1, 'source': 'base'}
2026-09-09 18:46:13,403 : INFO : SwitchController : <<<<<<< 's_44_spinner_right' inactive >>>>>>>
2026-09-09 18:46:13,529 : INFO : SwitchController : <<<<<<< 's_44_spinner_right' active >>>>>>>
2026-09-09 18:46:13,529 : INFO : EventManager : Event: ======'s_44_spinner_right_active'====== Args={}
2026-09-09 18:46:13,529 : INFO : EventManager : Event: ======'sw_playfield_active'====== Args={}
2026-09-09 18:46:13,529 : INFO : EventManager : Event: ======'sw_spinners'====== Args={}
2026-09-09 18:46:13,530 : INFO : EventManager : Event: ======'machine_var_audits_switches_s_44_spinner_right'====== Args={'value': 2130, 'prev_value': 2129, 'change': 1}
2026-09-09 18:46:13,530 : INFO : EventManager : Event: ======'machine_var_audits_shots_spinner_right'====== Args={'value': 2129, 'prev_value': 2128, 'change': 1}
2026-09-09 18:46:13,531 : INFO : EventManager : Event: ======'spinner_right_hit'====== Args={'profile': 'default', 'state': 'lit', 'advancing': False}
2026-09-09 18:46:13,531 : INFO : EventManager : Event: ======'spinner_right_default_hit'====== Args={'profile': 'default', 'state': 'lit', 'advancing': False}
2026-09-09 18:46:13,531 : INFO : EventManager : Event: ======'spinner_right_default_lit_hit'====== Args={'profile': 'default', 'state': 'lit', 'advancing': False}
2026-09-09 18:46:13,531 : INFO : EventManager : Event: ======'spinner_right_lit_hit'====== Args={'profile': 'default', 'state': 'lit', 'advancing': False}
2026-09-09 18:46:13,531 : INFO : EventManager : Event: ======'player_score'====== Args={'value': 1662478, 'prev_value': 1652478, 'change': 10000, 'player_num': 1, 'source': 'base'}
2026-09-09 18:46:13,639 : INFO : SwitchController : <<<<<<< 's_44_spinner_right' inactive >>>>>>>
2026-09-09 18:46:13,718 : INFO : SwitchController : <<<<<<< 's_44_spinner_right' active >>>>>>>
2026-09-09 18:46:13,719 : INFO : EventManager : Event: ======'s_44_spinner_right_active'====== Args={}
2026-09-09 18:46:13,719 : INFO : EventManager : Event: ======'sw_playfield_active'====== Args={}
2026-09-09 18:46:13,719 : INFO : EventManager : Event: ======'sw_spinners'====== Args={}
2026-09-09 18:46:13,719 : INFO : EventManager : Event: ======'machine_var_audits_switches_s_44_spinner_right'====== Args={'value': 2131, 'prev_value': 2130, 'change': 1}
2026-09-09 18:46:13,719 : INFO : EventManager : Event: ======'machine_var_audits_shots_spinner_right'====== Args={'value': 2130, 'prev_value': 2129, 'change': 1}
2026-09-09 18:46:13,720 : INFO : EventManager : Event: ======'spinner_right_hit'====== Args={'profile': 'default', 'state': 'lit', 'advancing': False}
2026-09-09 18:46:13,720 : INFO : EventManager : Event: ======'spinner_right_default_hit'====== Args={'profile': 'default', 'state': 'lit', 'advancing': False}
2026-09-09 18:46:13,720 : INFO : EventManager : Event: ======'spinner_right_default_lit_hit'====== Args={'profile': 'default', 'state': 'lit', 'advancing': False}
2026-09-09 18:46:13,720 : INFO : EventManager : Event: ======'spinner_right_lit_hit'====== Args={'profile': 'default', 'state': 'lit', 'advancing': False}
2026-09-09 18:46:13,720 : INFO : EventManager : Event: ======'player_score'====== Args={'value': 1672478, 'prev_value': 1662478, 'change': 10000, 'player_num': 1, 'source': 'base'}
2026-09-09 18:46:13,892 : INFO : SwitchController : <<<<<<< 's_44_spinner_right' inactive >>>>>>>
2026-09-09 18:46:13,955 : INFO : SwitchController : <<<<<<< 's_44_spinner_right' active >>>>>>>
2026-09-09 18:46:13,955 : INFO : EventManager : Event: ======'s_44_spinner_right_active'====== Args={}
2026-09-09 18:46:13,955 : INFO : EventManager : Event: ======'sw_playfield_active'====== Args={}
2026-09-09 18:46:13,955 : INFO : EventManager : Event: ======'sw_spinners'====== Args={}
2026-09-09 18:46:13,955 : INFO : EventManager : Event: ======'machine_var_audits_switches_s_44_spinner_right'====== Args={'value': 2132, 'prev_value': 2131, 'change': 1}
2026-09-09 18:46:13,956 : INFO : EventManager : Event: ======'machine_var_audits_shots_spinner_right'====== Args={'value': 2131, 'prev_value': 2130, 'change': 1}
2026-09-09 18:46:13,956 : INFO : EventManager : Event: ======'spinner_right_hit'====== Args={'profile': 'default', 'state': 'lit', 'advancing': False}
2026-09-09 18:46:13,956 : INFO : EventManager : Event: ======'spinner_right_default_hit'====== Args={'profile': 'default', 'state': 'lit', 'advancing': False}
2026-09-09 18:46:13,956 : INFO : EventManager : Event: ======'spinner_right_default_lit_hit'====== Args={'profile': 'default', 'state': 'lit', 'advancing': False}
2026-09-09 18:46:13,957 : INFO : EventManager : Event: ======'spinner_right_lit_hit'====== Args={'profile': 'default', 'state': 'lit', 'advancing': False}
2026-09-09 18:46:13,957 : INFO : EventManager : Event: ======'player_score'====== Args={'value': 1682478, 'prev_value': 1672478, 'change': 10000, 'player_num': 1, 'source': 'base'}
2026-09-09 18:46:14,048 : INFO : SwitchController : <<<<<<< 's_59_saucer_right' active >>>>>>>
2026-09-09 18:46:14,049 : INFO : EventManager : Event: ======'sw_scoop'====== Args={}
2026-09-09 18:46:14,049 : INFO : EventManager : Event: ======'machine_var_audits_switches_s_59_saucer_right'====== Args={'value': 187, 'prev_value': 186, 'change': 1}
2026-09-09 18:46:14,049 : INFO : EventManager : Event: ======'player_score'====== Args={'value': 1682520, 'prev_value': 1682478, 'change': 42, 'player_num': 1, 'source': 'base'}
2026-09-09 18:46:14,555 : INFO : EventManager : Event: ======'balldevice_bd_right_vuk_ball_count_changed'====== Args={'balls': 1}
2026-09-09 18:46:14,555 : INFO : ball_device.bd_right_vuk : Received unexpected ball
2026-09-09 18:46:14,555 : INFO : EventManager : Event: ======'balldevice_captured_from_playfield'====== Args={'balls': 1}
2026-09-09 18:46:14,556 : INFO : EventManager : Event: ======'sw_playfield_active'====== Args={'balls': 1}
2026-09-09 18:46:14,556 : INFO : EventManager : Event: ======'playfield_ball_count_change'====== Args={'balls': 0, 'change': -1}
2026-09-09 18:46:14,556 : INFO : EventManager : Event: ======'balldevice_bd_right_vuk_ball_enter'====== Args={'new_balls': 1, 'unclaimed_balls': 1, 'new_available_balls': 1, 'device': <ball_device.bd_right_vuk>}
2026-09-09 18:46:14,557 : INFO : EventManager : Event: ======'ball_hold_brain_rot_right_saucer_hold_held_ball'====== Args={'balls_held': 1, 'total_balls_held': 1}
2026-09-09 18:46:14,557 : INFO : EventManager : Event: ======'ball_hold_brain_rot_right_saucer_hold_full'====== Args={'balls': 1}
2026-09-09 18:46:14,557 : INFO : EventManager : Event: ======'brain_rot_right_ball_locked'====== Args={'priority': 0}
2026-09-09 18:46:14,557 : INFO : EventManager : Event: ======'player_brain_rot_stage'====== Args={'value': 5, 'prev_value': 4, 'change': 1, 'player_num': 1, 'source': 'brain_rot'}
2026-09-09 18:46:14,558 : INFO : EventManager : Event: ======'player_brain_rot_right_ball_locked'====== Args={'value': 1, 'prev_value': 0, 'change': 1, 'player_num': 1, 'source': 'brain_rot'}
2026-09-09 18:46:14,558 : INFO : Timer.brain_rot_varitarget_display_delay : Starting Timer.
2026-09-09 18:46:14,558 : INFO : EventManager : Event: ======'timer_brain_rot_varitarget_display_delay_started'====== Args={'ticks': 0, 'ticks_remaining': 1}
2026-09-09 18:46:14,559 : INFO : EventManager : Event: ======'timer_brain_rot_varitarget_display_delay_tick'====== Args={'ticks': 0, 'ticks_remaining': 1}
2026-09-09 18:46:14,559 : INFO : EventManager : Event: ======'balldevice_balls_available'====== Args={}
2026-09-09 18:46:14,559 : INFO : EventManager : Event: ======'balldevice_bd_right_vuk_ball_entered'====== Args={'new_balls': 1, 'device': <ball_device.bd_right_vuk>}
2026-09-09 18:46:14,578 : INFO : EventManager : Event: ======'widget_ObjectiveWidget_removed'====== Args={'_from_bcp': True}
2026-09-09 18:46:14,578 : INFO : EventManager : Event: ======'widget_ArrowStraightWidget_removed'====== Args={'_from_bcp': True}
2026-09-09 18:46:14,650 : INFO : EventManager : Event: ======'player_brain_rot_brain_rot_varitarget_display_delay_tick'====== Args={'value': 1, 'prev_value': 0, 'change': 1, 'player_num': 1}
2026-09-09 18:46:14,650 : INFO : Timer.brain_rot_varitarget_display_delay : Timer Complete
2026-09-09 18:46:14,650 : INFO : Timer.brain_rot_varitarget_display_delay : Stopping Timer
2026-09-09 18:46:14,650 : INFO : EventManager : Event: ======'timer_brain_rot_varitarget_display_delay_stopped'====== Args={'ticks': 1, 'ticks_remaining': 1}
2026-09-09 18:46:14,650 : INFO : EventManager : Event: ======'timer_brain_rot_varitarget_display_delay_complete'====== Args={'ticks': 1, 'ticks_remaining': 1}
2026-09-09 18:46:14,660 : INFO : EventManager : Event: ======'widget_objective_widget_active'====== Args={'original_context': 'brain_rot', 'original_calling_context': 'timer_brain_rot_varitarget_display_delay_complete', 'priority': 1000.0, 'ticks': 1.0, 'ticks_remaining': 1.0, 'cmd': 'widgets_play', '_from_bcp': True}
2026-09-09 18:46:14,661 : INFO : EventManager : Event: ======'widget_arrow_straight_widget_active'====== Args={'original_context': 'brain_rot', 'original_calling_context': 'timer_brain_rot_varitarget_display_delay_complete', 'priority': 1000.0, 'ticks': 1.0, 'ticks_remaining': 1.0, 'cmd': 'widgets_play', '_from_bcp': True}
2026-09-09 18:46:17,799 : INFO : SwitchController : <<<<<<< 's_64_varitarget_position_1' active >>>>>>>
2026-09-09 18:46:17,799 : INFO : EventManager : Event: ======'playfield_active'====== Args={'source': 'varitarget_p1'}
2026-09-09 18:46:17,799 : INFO : EventManager : Event: ======'unexpected_ball_on_playfield'====== Args={}
2026-09-09 18:46:17,799 : INFO : EventManager : Event: ======'s_64_varitarget_position_1_active'====== Args={}
2026-09-09 18:46:17,799 : INFO : EventManager : Event: ======'sw_vari'====== Args={}
2026-09-09 18:46:17,799 : INFO : EventManager : Event: ======'machine_var_audits_switches_s_64_varitarget_position_1'====== Args={'value': 13566, 'prev_value': 13565, 'change': 1}
2026-09-09 18:46:17,800 : INFO : EventManager : Event: ======'glasses_pending_position_1'====== Args={'priority': 0}
2026-09-09 18:46:17,800 : INFO : EventManager : Event: ======'machine_var_audits_shots_varitarget_p1'====== Args={'value': 13543, 'prev_value': 13542, 'change': 1}
2026-09-09 18:46:17,800 : INFO : EventManager : Event: ======'varitarget_p1_hit'====== Args={'profile': 'default', 'state': 'lit', 'advancing': False}
2026-09-09 18:46:17,800 : INFO : EventManager : Event: ======'varitarget_p1_default_hit'====== Args={'profile': 'default', 'state': 'lit', 'advancing': False}
2026-09-09 18:46:17,801 : INFO : EventManager : Event: ======'varitarget_p1_default_lit_hit'====== Args={'profile': 'default', 'state': 'lit', 'advancing': False}
2026-09-09 18:46:17,801 : INFO : EventManager : Event: ======'varitarget_p1_lit_hit'====== Args={'profile': 'default', 'state': 'lit', 'advancing': False}
2026-09-09 18:46:17,801 : INFO : EventManager : Event: ======'varitarget_position_changed'====== Args={'priority': 0}
2026-09-09 18:46:17,801 : INFO : EventManager : Event: ======'varitarget_reset_stop'====== Args={'priority': 0}
2026-09-09 18:46:17,801 : INFO : EventManager : Event: ======'varitarget_reset_complete'====== Args={'priority': 0}
2026-09-09 18:46:17,801 : INFO : EventManager : Event: ======'glasses_position_confirm_restart'====== Args={'priority': 0}
2026-09-09 18:46:17,801 : INFO : EventManager : Event: ======'player_glasses_mode_glasses_position_confirm_tick'====== Args={'value': 0, 'prev_value': 1, 'change': -1, 'player_num': 1}
2026-09-09 18:46:17,801 : INFO : Timer.glasses_position_confirm : Starting Timer.
2026-09-09 18:46:17,801 : INFO : EventManager : Event: ======'timer_glasses_position_confirm_started'====== Args={'ticks': 0, 'ticks_remaining': 1}
2026-09-09 18:46:17,801 : INFO : EventManager : Event: ======'timer_glasses_position_confirm_tick'====== Args={'ticks': 0, 'ticks_remaining': 1}
2026-09-09 18:46:17,801 : INFO : EventManager : Event: ======'varitarget_positions_hit'====== Args={'shot': 'varitarget_p1'}
2026-09-09 18:46:17,801 : INFO : EventManager : Event: ======'varitarget_positions_lit_hit'====== Args={'shot': 'varitarget_p1'}
2026-09-09 18:46:17,801 : INFO : EventManager : Event: ======'varitarget_update_stable'====== Args={'priority': 0}
2026-09-09 18:46:17,802 : INFO : Timer.varitarget_reset_timer : Stopping Timer
2026-09-09 18:46:17,802 : INFO : EventManager : Event: ======'timer_varitarget_reset_timer_stopped'====== Args={'ticks': 0, 'ticks_remaining': 999999}
2026-09-09 18:46:17,802 : INFO : EventManager : Event: ======'player_score'====== Args={'value': 1682562, 'prev_value': 1682520, 'change': 42, 'player_num': 1, 'source': 'base'}
2026-09-09 18:46:17,846 : INFO : SwitchController : <<<<<<< 's_64_varitarget_position_1' inactive >>>>>>>
2026-09-09 18:46:18,117 : INFO : SwitchController : <<<<<<< 's_64_varitarget_position_1' active >>>>>>>
2026-09-09 18:46:18,117 : INFO : EventManager : Event: ======'playfield_active'====== Args={'source': 'varitarget_p1'}
2026-09-09 18:46:18,117 : INFO : EventManager : Event: ======'unexpected_ball_on_playfield'====== Args={}
2026-09-09 18:46:18,117 : INFO : EventManager : Event: ======'s_64_varitarget_position_1_active'====== Args={}
2026-09-09 18:46:18,117 : INFO : EventManager : Event: ======'sw_vari'====== Args={}
2026-09-09 18:46:18,117 : INFO : EventManager : Event: ======'machine_var_audits_switches_s_64_varitarget_position_1'====== Args={'value': 13567, 'prev_value': 13566, 'change': 1}
2026-09-09 18:46:18,118 : INFO : EventManager : Event: ======'glasses_pending_position_1'====== Args={'priority': 0}
2026-09-09 18:46:18,118 : INFO : EventManager : Event: ======'machine_var_audits_shots_varitarget_p1'====== Args={'value': 13544, 'prev_value': 13543, 'change': 1}
2026-09-09 18:46:18,118 : INFO : EventManager : Event: ======'varitarget_p1_hit'====== Args={'profile': 'default', 'state': 'lit', 'advancing': False}
2026-09-09 18:46:18,118 : INFO : EventManager : Event: ======'varitarget_p1_default_hit'====== Args={'profile': 'default', 'state': 'lit', 'advancing': False}
2026-09-09 18:46:18,118 : INFO : EventManager : Event: ======'varitarget_p1_default_lit_hit'====== Args={'profile': 'default', 'state': 'lit', 'advancing': False}
2026-09-09 18:46:18,118 : INFO : EventManager : Event: ======'varitarget_p1_lit_hit'====== Args={'profile': 'default', 'state': 'lit', 'advancing': False}
2026-09-09 18:46:18,119 : INFO : EventManager : Event: ======'varitarget_position_changed'====== Args={'priority': 0}
2026-09-09 18:46:18,119 : INFO : EventManager : Event: ======'varitarget_reset_stop'====== Args={'priority': 0}
2026-09-09 18:46:18,119 : INFO : EventManager : Event: ======'varitarget_reset_complete'====== Args={'priority': 0}
2026-09-09 18:46:18,119 : INFO : EventManager : Event: ======'glasses_position_confirm_restart'====== Args={'priority': 0}
2026-09-09 18:46:18,119 : INFO : EventManager : Event: ======'timer_glasses_position_confirm_tick'====== Args={'ticks': 0, 'ticks_remaining': 1}
2026-09-09 18:46:18,119 : INFO : EventManager : Event: ======'varitarget_positions_hit'====== Args={'shot': 'varitarget_p1'}
2026-09-09 18:46:18,119 : INFO : EventManager : Event: ======'varitarget_positions_lit_hit'====== Args={'shot': 'varitarget_p1'}
2026-09-09 18:46:18,119 : INFO : EventManager : Event: ======'varitarget_update_stable'====== Args={'priority': 0}
2026-09-09 18:46:18,119 : INFO : Timer.varitarget_reset_timer : Stopping Timer
2026-09-09 18:46:18,119 : INFO : EventManager : Event: ======'timer_varitarget_reset_timer_stopped'====== Args={'ticks': 0, 'ticks_remaining': 999999}
2026-09-09 18:46:18,119 : INFO : EventManager : Event: ======'player_score'====== Args={'value': 1682604, 'prev_value': 1682562, 'change': 42, 'player_num': 1, 'source': 'base'}
2026-09-09 18:46:18,164 : INFO : SwitchController : <<<<<<< 's_65_varitarget_position_2' active >>>>>>>
2026-09-09 18:46:18,164 : INFO : EventManager : Event: ======'playfield_active'====== Args={'source': 'varitarget_p2'}
2026-09-09 18:46:18,164 : INFO : EventManager : Event: ======'unexpected_ball_on_playfield'====== Args={}
2026-09-09 18:46:18,164 : INFO : EventManager : Event: ======'s_65_varitarget_position_2_active'====== Args={}
2026-09-09 18:46:18,164 : INFO : EventManager : Event: ======'sw_vari'====== Args={}
2026-09-09 18:46:18,164 : INFO : EventManager : Event: ======'machine_var_audits_switches_s_65_varitarget_position_2'====== Args={'value': 772, 'prev_value': 771, 'change': 1}
2026-09-09 18:46:18,165 : INFO : EventManager : Event: ======'glasses_pending_position_2'====== Args={'priority': 0}
2026-09-09 18:46:18,165 : INFO : EventManager : Event: ======'player_shot_varitarget_p2'====== Args={'value': 1, 'prev_value': 0, 'change': 1, 'player_num': 1}
2026-09-09 18:46:18,165 : INFO : EventManager : Event: ======'machine_var_audits_shots_varitarget_p2'====== Args={'value': 771, 'prev_value': 770, 'change': 1}
2026-09-09 18:46:18,166 : INFO : EventManager : Event: ======'varitarget_p2_hit'====== Args={'profile': 'default', 'state': 'unlit', 'advancing': True}
2026-09-09 18:46:18,166 : INFO : EventManager : Event: ======'varitarget_p2_default_hit'====== Args={'profile': 'default', 'state': 'unlit', 'advancing': True}
2026-09-09 18:46:18,166 : INFO : EventManager : Event: ======'varitarget_p2_default_unlit_hit'====== Args={'profile': 'default', 'state': 'unlit', 'advancing': True}
2026-09-09 18:46:18,166 : INFO : EventManager : Event: ======'varitarget_p2_unlit_hit'====== Args={'profile': 'default', 'state': 'unlit', 'advancing': True}
2026-09-09 18:46:18,166 : INFO : EventManager : Event: ======'varitarget_position_changed'====== Args={'priority': 0}
2026-09-09 18:46:18,166 : INFO : EventManager : Event: ======'player_varitarget_position'====== Args={'value': 2, 'prev_value': 1, 'change': 1, 'player_num': 1, 'source': 'base'}
2026-09-09 18:46:18,166 : INFO : EventManager : Event: ======'glasses_position_confirm_restart'====== Args={'priority': 0}
2026-09-09 18:46:18,166 : INFO : EventManager : Event: ======'player_glasses_pending_position'====== Args={'value': 2, 'prev_value': 1, 'change': 1, 'player_num': 1, 'source': 'glasses_mode'}
2026-09-09 18:46:18,166 : INFO : EventManager : Event: ======'timer_glasses_position_confirm_tick'====== Args={'ticks': 0, 'ticks_remaining': 1}
2026-09-09 18:46:18,166 : INFO : EventManager : Event: ======'varitarget_positions_hit'====== Args={'shot': 'varitarget_p2'}
2026-09-09 18:46:18,166 : INFO : EventManager : Event: ======'varitarget_positions_unlit_hit'====== Args={'shot': 'varitarget_p2'}
2026-09-09 18:46:18,166 : INFO : EventManager : Event: ======'varitarget_hit_begin'====== Args={'priority': 0}
2026-09-09 18:46:18,167 : INFO : EventManager : Event: ======'brain_rot_complete'====== Args={'priority': 0}
2026-09-09 18:46:18,167 : INFO : EventManager : Event: ======'varitarget_hit_window_start'====== Args={'priority': 0}
2026-09-09 18:46:18,167 : INFO : EventManager : Event: ======'player_varitarget_hit_active'====== Args={'value': 1, 'prev_value': 0, 'change': 1, 'player_num': 1, 'source': 'base'}
2026-09-09 18:46:18,167 : INFO : EventManager : Event: ======'player_varitarget_hit_max_pos'====== Args={'value': 2, 'prev_value': 1, 'change': 1, 'player_num': 1, 'source': 'base'}
2026-09-09 18:46:18,167 : INFO : ball_device.bd_left_vuk : Adding 1 ball(s) to the eject_queue with target <playfield.playfield>.
2026-09-09 18:46:18,167 : INFO : EventManager : Event: ======'balldevice_balls_available'====== Args={}
2026-09-09 18:46:18,167 : INFO : EventManager : Event: ======'ball_hold_brain_rot_left_saucer_hold_balls_released'====== Args={'balls_released': 1}
2026-09-09 18:46:18,167 : INFO : ball_device.bd_right_vuk : Adding 1 ball(s) to the eject_queue with target <playfield.playfield>.
2026-09-09 18:46:18,167 : INFO : EventManager : Event: ======'balldevice_balls_available'====== Args={}
2026-09-09 18:46:18,167 : INFO : EventManager : Event: ======'ball_hold_brain_rot_right_saucer_hold_balls_released'====== Args={'balls_released': 1}
2026-09-09 18:46:18,167 : INFO : EventManager : Event: ======'brain_rot_reward_won'====== Args={'priority': 0}
2026-09-09 18:46:18,167 : INFO : EventManager : Event: ======'brain_rot_multiball_stop'====== Args={'priority': 0}
2026-09-09 18:46:18,167 : INFO : EventManager : Event: ======'brain_rot_end_delay_start'====== Args={'priority': 0}
2026-09-09 18:46:18,168 : INFO : EventManager : Event: ======'player_brain_rot_stage'====== Args={'value': 6, 'prev_value': 5, 'change': 1, 'player_num': 1, 'source': 'brain_rot'}
2026-09-09 18:46:18,168 : INFO : EventManager : Event: ======'awareness_brain_rot_won'====== Args={'priority': 0}
2026-09-09 18:46:18,168 : INFO : EventManager : Event: ======'player_consume_completed'====== Args={'value': 1, 'prev_value': 0, 'change': 1, 'player_num': 1, 'source': 'base'}
2026-09-09 18:46:18,168 : INFO : EventManager : Event: ======'multiball_brain_rot_multiball_shoot_again_ended'====== Args={}
2026-09-09 18:46:18,169 : INFO : Timer.brain_rot_end_delay : Starting Timer.
2026-09-09 18:46:18,169 : INFO : EventManager : Event: ======'timer_brain_rot_end_delay_started'====== Args={'ticks': 0, 'ticks_remaining': 3}
2026-09-09 18:46:18,169 : INFO : EventManager : Event: ======'timer_brain_rot_end_delay_tick'====== Args={'ticks': 0, 'ticks_remaining': 3}
2026-09-09 18:46:18,169 : INFO : Timer.varitarget_hit_settle : Starting Timer.
2026-09-09 18:46:18,169 : INFO : EventManager : Event: ======'timer_varitarget_hit_settle_started'====== Args={'ticks': 3, 'ticks_remaining': 3}
2026-09-09 18:46:18,169 : INFO : EventManager : Event: ======'timer_varitarget_hit_settle_tick'====== Args={'ticks': 3, 'ticks_remaining': 3}
2026-09-09 18:46:18,169 : INFO : EventManager : Event: ======'player_score'====== Args={'value': 1682646, 'prev_value': 1682604, 'change': 42, 'player_num': 1, 'source': 'base'}
2026-09-09 18:46:18,171 : INFO : ball_device.bd_left_vuk : State: waiting_for_target_ready
2026-09-09 18:46:18,171 : INFO : EventManager : Event: ======'balldevice_bd_left_vuk_ball_eject_attempt'====== Args={'balls': 1, 'target': <playfield.playfield>, 'source': <ball_device.bd_left_vuk>, 'mechanical_eject': False, 'num_attempts': 0}
2026-09-09 18:46:18,171 : INFO : ball_device.bd_right_vuk : State: waiting_for_target_ready
2026-09-09 18:46:18,171 : INFO : EventManager : Event: ======'balldevice_bd_right_vuk_ball_eject_attempt'====== Args={'balls': 1, 'target': <playfield.playfield>, 'source': <ball_device.bd_right_vuk>, 'mechanical_eject': False, 'num_attempts': 0}
2026-09-09 18:46:18,171 : INFO : ball_device.bd_right_vuk : State: ejecting
2026-09-09 18:46:18,171 : INFO : ball_device.bd_right_vuk : Ejecting ball to <playfield.playfield>
2026-09-09 18:46:18,171 : INFO : EventManager : Event: ======'balldevice_bd_right_vuk_ejecting_ball'====== Args={'balls': 1, 'target': <playfield.playfield>, 'source': <ball_device.bd_right_vuk>, 'mechanical_eject': False, 'num_attempts': 0}
2026-09-09 18:46:18,172 : INFO : ball_device.bd_left_vuk : State: ejecting
2026-09-09 18:46:18,172 : INFO : ball_device.bd_left_vuk : Ejecting ball to <playfield.playfield>
2026-09-09 18:46:18,172 : INFO : EventManager : Event: ======'balldevice_bd_left_vuk_ejecting_ball'====== Args={'balls': 1, 'target': <playfield.playfield>, 'source': <ball_device.bd_left_vuk>, 'mechanical_eject': False, 'num_attempts': 0}
2026-09-09 18:46:18,172 : INFO : ball_device.bd_left_vuk : Wait for ball to leave device
2026-09-09 18:46:18,172 : INFO : coil.c_29_saucer_left : Pulsing Driver for 10ms (1.0 pulse_power)
2026-09-09 18:46:18,173 : INFO : ball_device.bd_right_vuk : Wait for ball to leave device
2026-09-09 18:46:18,179 : INFO : EventManager : Event: ======'widget_ObjectiveWidget_removed'====== Args={'_from_bcp': True}
2026-09-09 18:46:18,179 : INFO : EventManager : Event: ======'widget_ArrowStraightWidget_removed'====== Args={'_from_bcp': True}
2026-09-09 18:46:18,183 : INFO : EventManager : Event: ======'widget_AwardPopup_removed'====== Args={'_from_bcp': True}
2026-09-09 18:46:18,184 : INFO : EventManager : Event: ======'widget_ModeTitleWidget_removed'====== Args={'_from_bcp': True}
2026-09-09 18:46:18,190 : INFO : coil.c_15_saucer_right : Pulsing Driver for 10ms (1.0 pulse_power)
2026-09-09 18:46:18,191 : INFO : EventManager : Event: ======'widget_brain_rot_pass_widget_active'====== Args={'original_context': 'brain_rot', 'original_calling_context': 'brain_rot_reward_won', 'priority': 1000.0, 'cmd': 'widgets_play', '_from_bcp': True}
2026-09-09 18:46:18,193 : INFO : SwitchController : <<<<<<< 's_81_saucer_left' inactive >>>>>>>
2026-09-09 18:46:18,193 : INFO : EventManager : Event: ======'s_81_saucer_left_inactive'====== Args={}
2026-09-09 18:46:18,194 : INFO : ball_device.bd_left_vuk : State: ball_left
2026-09-09 18:46:18,194 : INFO : ball_device.bd_left_vuk : Ball left
2026-09-09 18:46:18,194 : INFO : ball_device.bd_left_vuk : Wait for confirm with timeout 3.0
2026-09-09 18:46:18,211 : INFO : SwitchController : <<<<<<< 's_81_saucer_left' active >>>>>>>
2026-09-09 18:46:18,211 : INFO : EventManager : Event: ======'playfield_active'====== Args={'source': 'resistance_saucer_stage_5'}
2026-09-09 18:46:18,211 : INFO : EventManager : Event: ======'machine_var_audits_switches_s_81_saucer_left'====== Args={'value': 475, 'prev_value': 474, 'change': 1}
2026-09-09 18:46:18,211 : INFO : SwitchController : <<<<<<< 's_81_saucer_left' inactive >>>>>>>
2026-09-09 18:46:18,212 : INFO : ball_device.bd_left_vuk : Got eject confirm
2026-09-09 18:46:18,212 : INFO : ball_device.bd_left_vuk : Eject successful
2026-09-09 18:46:18,212 : INFO : EventManager : Event: ======'balldevice_bd_left_vuk_ball_eject_success'====== Args={'balls': 1, 'target': <playfield.playfield>}
2026-09-09 18:46:18,212 : INFO : EventManager : Event: ======'balldevice_playfield_ball_enter'====== Args={'new_balls': 1, 'unclaimed_balls': 1, 'device': <playfield.playfield>}
2026-09-09 18:46:18,212 : INFO : EventManager : Event: ======'playfield_ball_count_change'====== Args={'balls': 1, 'change': 1}
2026-09-09 18:46:18,213 : INFO : EventManager : Event: ======'balldevice_bd_left_vuk_ball_count_changed'====== Args={'balls': 0}
2026-09-09 18:46:18,227 : INFO : SwitchController : <<<<<<< 's_59_saucer_right' inactive >>>>>>>
2026-09-09 18:46:18,228 : INFO : SwitchController : <<<<<<< 's_65_varitarget_position_2' inactive >>>>>>>
2026-09-09 18:46:18,228 : INFO : ball_device.bd_right_vuk : State: ball_left
2026-09-09 18:46:18,229 : INFO : ball_device.bd_right_vuk : Ball left
2026-09-09 18:46:18,229 : INFO : ball_device.bd_right_vuk : Wait for confirm with timeout 3.0
2026-09-09 18:46:18,259 : INFO : EventManager : Event: ======'player_base_varitarget_hit_settle_tick'====== Args={'value': 2, 'prev_value': 3, 'change': -1, 'player_num': 1}
2026-09-09 18:46:18,259 : INFO : EventManager : Event: ======'timer_varitarget_hit_settle_tick'====== Args={'ticks': 2, 'ticks_remaining': 2}
2026-09-09 18:46:18,339 : INFO : SwitchController : <<<<<<< 's_65_varitarget_position_2' active >>>>>>>
2026-09-09 18:46:18,339 : INFO : EventManager : Event: ======'s_65_varitarget_position_2_active'====== Args={}
2026-09-09 18:46:18,339 : INFO : EventManager : Event: ======'sw_vari'====== Args={}
2026-09-09 18:46:18,339 : INFO : EventManager : Event: ======'machine_var_audits_switches_s_65_varitarget_position_2'====== Args={'value': 773, 'prev_value': 772, 'change': 1}
2026-09-09 18:46:18,340 : INFO : EventManager : Event: ======'glasses_pending_position_2'====== Args={'priority': 0}
2026-09-09 18:46:18,340 : INFO : EventManager : Event: ======'machine_var_audits_shots_varitarget_p2'====== Args={'value': 772, 'prev_value': 771, 'change': 1}
2026-09-09 18:46:18,340 : INFO : EventManager : Event: ======'varitarget_p2_hit'====== Args={'profile': 'default', 'state': 'lit', 'advancing': False}
2026-09-09 18:46:18,340 : INFO : EventManager : Event: ======'varitarget_p2_default_hit'====== Args={'profile': 'default', 'state': 'lit', 'advancing': False}
2026-09-09 18:46:18,340 : INFO : EventManager : Event: ======'varitarget_p2_default_lit_hit'====== Args={'profile': 'default', 'state': 'lit', 'advancing': False}
2026-09-09 18:46:18,340 : INFO : EventManager : Event: ======'varitarget_p2_lit_hit'====== Args={'profile': 'default', 'state': 'lit', 'advancing': False}
2026-09-09 18:46:18,340 : INFO : EventManager : Event: ======'varitarget_position_changed'====== Args={'priority': 0}
2026-09-09 18:46:18,340 : INFO : EventManager : Event: ======'glasses_position_confirm_restart'====== Args={'priority': 0}
2026-09-09 18:46:18,340 : INFO : EventManager : Event: ======'timer_glasses_position_confirm_tick'====== Args={'ticks': 0, 'ticks_remaining': 1}
2026-09-09 18:46:18,340 : INFO : EventManager : Event: ======'varitarget_positions_hit'====== Args={'shot': 'varitarget_p2'}
2026-09-09 18:46:18,340 : INFO : EventManager : Event: ======'varitarget_positions_lit_hit'====== Args={'shot': 'varitarget_p2'}
2026-09-09 18:46:18,341 : INFO : EventManager : Event: ======'varitarget_hit_window_restart'====== Args={'priority': 0}
2026-09-09 18:46:18,341 : INFO : EventManager : Event: ======'varitarget_hit_update_max'====== Args={'priority': 0}
2026-09-09 18:46:18,341 : INFO : EventManager : Event: ======'player_base_varitarget_hit_settle_tick'====== Args={'value': 3, 'prev_value': 2, 'change': 1, 'player_num': 1}
2026-09-09 18:46:18,341 : INFO : EventManager : Event: ======'timer_varitarget_hit_settle_tick'====== Args={'ticks': 3, 'ticks_remaining': 3}
2026-09-09 18:46:18,341 : INFO : EventManager : Event: ======'player_score'====== Args={'value': 1682688, 'prev_value': 1682646, 'change': 42, 'player_num': 1, 'source': 'base'}
2026-09-09 18:46:18,355 : INFO : SwitchController : <<<<<<< 's_60_top_lane_c' active >>>>>>>
2026-09-09 18:46:18,355 : INFO : EventManager : Event: ======'s_60_top_lane_c_active'====== Args={}
2026-09-09 18:46:18,355 : INFO : EventManager : Event: ======'sw_playfield_active'====== Args={}
2026-09-09 18:46:18,355 : INFO : EventManager : Event: ======'sw_top_lanes'====== Args={}
2026-09-09 18:46:18,356 : INFO : EventManager : Event: ======'machine_var_audits_switches_s_60_top_lane_c'====== Args={'value': 1020, 'prev_value': 1019, 'change': 1}
2026-09-09 18:46:18,356 : INFO : EventManager : Event: ======'top_lane_c_turn_on'====== Args={'priority': 0}
2026-09-09 18:46:18,356 : INFO : EventManager : Event: ======'top_lanes_check'====== Args={'priority': 0}
2026-09-09 18:46:18,356 : INFO : EventManager : Event: ======'player_top_lane_c_lit'====== Args={'value': 1, 'prev_value': 0, 'change': 1, 'player_num': 1, 'source': 'spinner_2x_qualify'}
2026-09-09 18:46:18,356 : INFO : EventManager : Event: ======'spinner_2x_stop'====== Args={'priority': 0}
2026-09-09 18:46:18,357 : INFO : EventManager : Event: ======'player_score'====== Args={'value': 1687688, 'prev_value': 1682688, 'change': 5000, 'player_num': 1, 'source': 'base'}
2026-09-09 18:46:18,371 : INFO : SwitchController : <<<<<<< 's_60_top_lane_c' inactive >>>>>>>
2026-09-09 18:46:18,387 : INFO : SwitchController : <<<<<<< 's_60_top_lane_c' active >>>>>>>
2026-09-09 18:46:18,387 : INFO : EventManager : Event: ======'s_60_top_lane_c_active'====== Args={}
2026-09-09 18:46:18,387 : INFO : EventManager : Event: ======'sw_playfield_active'====== Args={}
2026-09-09 18:46:18,387 : INFO : EventManager : Event: ======'sw_top_lanes'====== Args={}
2026-09-09 18:46:18,387 : INFO : EventManager : Event: ======'machine_var_audits_switches_s_60_top_lane_c'====== Args={'value': 1021, 'prev_value': 1020, 'change': 1}
2026-09-09 18:46:18,388 : INFO : EventManager : Event: ======'top_lane_c_turn_off'====== Args={'priority': 0}
2026-09-09 18:46:18,388 : INFO : EventManager : Event: ======'top_lanes_check'====== Args={'priority': 0}
2026-09-09 18:46:18,389 : INFO : EventManager : Event: ======'player_top_lane_c_lit'====== Args={'value': 0, 'prev_value': 1, 'change': -1, 'player_num': 1, 'source': 'spinner_2x_qualify'}
2026-09-09 18:46:18,389 : INFO : EventManager : Event: ======'spinner_2x_stop'====== Args={'priority': 0}
2026-09-09 18:46:18,389 : INFO : EventManager : Event: ======'player_score'====== Args={'value': 1692688, 'prev_value': 1687688, 'change': 5000, 'player_num': 1, 'source': 'base'}
2026-09-09 18:46:18,403 : INFO : SwitchController : <<<<<<< 's_60_top_lane_c' inactive >>>>>>>
2026-09-09 18:46:18,419 : INFO : SwitchController : <<<<<<< 's_60_top_lane_c' active >>>>>>>
2026-09-09 18:46:18,419 : INFO : EventManager : Event: ======'s_60_top_lane_c_active'====== Args={}
2026-09-09 18:46:18,419 : INFO : EventManager : Event: ======'sw_playfield_active'====== Args={}
2026-09-09 18:46:18,419 : INFO : EventManager : Event: ======'sw_top_lanes'====== Args={}
2026-09-09 18:46:18,419 : INFO : EventManager : Event: ======'machine_var_audits_switches_s_60_top_lane_c'====== Args={'value': 1022, 'prev_value': 1021, 'change': 1}
2026-09-09 18:46:18,420 : INFO : EventManager : Event: ======'top_lane_c_turn_on'====== Args={'priority': 0}
2026-09-09 18:46:18,420 : INFO : EventManager : Event: ======'top_lanes_check'====== Args={'priority': 0}
2026-09-09 18:46:18,420 : INFO : EventManager : Event: ======'player_top_lane_c_lit'====== Args={'value': 1, 'prev_value': 0, 'change': 1, 'player_num': 1, 'source': 'spinner_2x_qualify'}
2026-09-09 18:46:18,420 : INFO : EventManager : Event: ======'spinner_2x_stop'====== Args={'priority': 0}
2026-09-09 18:46:18,420 : INFO : EventManager : Event: ======'player_score'====== Args={'value': 1697688, 'prev_value': 1692688, 'change': 5000, 'player_num': 1, 'source': 'base'}
2026-09-09 18:46:18,421 : INFO : EventManager : Event: ======'player_base_varitarget_hit_settle_tick'====== Args={'value': 2, 'prev_value': 3, 'change': -1, 'player_num': 1}
2026-09-09 18:46:18,421 : INFO : EventManager : Event: ======'timer_varitarget_hit_settle_tick'====== Args={'ticks': 2, 'ticks_remaining': 2}
2026-09-09 18:46:18,434 : INFO : SwitchController : <<<<<<< 's_60_top_lane_c' inactive >>>>>>>
2026-09-09 18:46:18,514 : INFO : EventManager : Event: ======'player_base_varitarget_hit_settle_tick'====== Args={'value': 1, 'prev_value': 2, 'change': -1, 'player_num': 1}
2026-09-09 18:46:18,514 : INFO : EventManager : Event: ======'timer_varitarget_hit_settle_tick'====== Args={'ticks': 1, 'ticks_remaining': 1}
2026-09-09 18:46:18,626 : INFO : EventManager : Event: ======'player_base_varitarget_hit_settle_tick'====== Args={'value': 0, 'prev_value': 1, 'change': -1, 'player_num': 1}
2026-09-09 18:46:18,626 : INFO : Timer.varitarget_hit_settle : Timer Complete
2026-09-09 18:46:18,626 : INFO : Timer.varitarget_hit_settle : Stopping Timer
2026-09-09 18:46:18,626 : INFO : EventManager : Event: ======'timer_varitarget_hit_settle_stopped'====== Args={'ticks': 0, 'ticks_remaining': 1}
2026-09-09 18:46:18,626 : INFO : EventManager : Event: ======'timer_varitarget_hit_settle_complete'====== Args={'ticks': 0, 'ticks_remaining': 1}
2026-09-09 18:46:18,627 : INFO : EventManager : Event: ======'varitarget_hit_end'====== Args={'priority': 0}
2026-09-09 18:46:18,627 : INFO : EventManager : Event: ======'varitarget_award_from_moved'====== Args={'priority': 0}
2026-09-09 18:46:18,627 : INFO : EventManager : Event: ======'player_varitarget_hit_active'====== Args={'value': 0, 'prev_value': 1, 'change': -1, 'player_num': 1, 'source': 'base'}
2026-09-09 18:46:18,627 : INFO : EventManager : Event: ======'player_varitarget_hit_moved'====== Args={'value': 1, 'prev_value': 0, 'change': 1, 'player_num': 1, 'source': 'base'}
2026-09-09 18:46:18,628 : INFO : EventManager : Event: ======'player_varitarget_stable_position'====== Args={'value': 2, 'prev_value': 1, 'change': 1, 'player_num': 1, 'source': 'base'}
2026-09-09 18:46:18,628 : INFO : EventManager : Event: ======'varitarget_moved_1'====== Args={'priority': 0}
2026-09-09 18:46:18,704 : INFO : ball_device.bd_left_vuk : State: idle
2026-09-09 18:46:19,146 : INFO : EventManager : Event: ======'player_brain_rot_brain_rot_end_delay_tick'====== Args={'value': 1, 'prev_value': 0, 'change': 1, 'player_num': 1}
2026-09-09 18:46:19,146 : INFO : EventManager : Event: ======'timer_brain_rot_end_delay_tick'====== Args={'ticks': 1, 'ticks_remaining': 2}
2026-09-09 18:46:19,321 : INFO : EventManager : Event: ======'player_glasses_mode_glasses_position_confirm_tick'====== Args={'value': 1, 'prev_value': 0, 'change': 1, 'player_num': 1}
2026-09-09 18:46:19,322 : INFO : Timer.glasses_position_confirm : Timer Complete
2026-09-09 18:46:19,322 : INFO : Timer.glasses_position_confirm : Stopping Timer
2026-09-09 18:46:19,322 : INFO : EventManager : Event: ======'timer_glasses_position_confirm_stopped'====== Args={'ticks': 1, 'ticks_remaining': 1}
2026-09-09 18:46:19,322 : INFO : EventManager : Event: ======'timer_glasses_position_confirm_complete'====== Args={'ticks': 1, 'ticks_remaining': 1}
2026-09-09 18:46:19,322 : INFO : EventManager : Event: ======'varitarget_position_2_confirmed'====== Args={'priority': 0}
2026-09-09 18:46:19,322 : INFO : EventManager : Event: ======'glasses_enter_state_2'====== Args={'priority': 0}
2026-09-09 18:46:19,323 : INFO : EventManager : Event: ======'glasses_stop_all_shows'====== Args={'priority': 0}
2026-09-09 18:46:19,323 : INFO : EventManager : Event: ======'glasses_state_timer_restart'====== Args={'priority': 0}
2026-09-09 18:46:19,323 : INFO : EventManager : Event: ======'glasses_home_pulse_timer_stop'====== Args={'priority': 0}
2026-09-09 18:46:19,323 : INFO : EventManager : Event: ======'glasses_homing_cancel'====== Args={'priority': 0}
2026-09-09 18:46:19,323 : INFO : EventManager : Event: ======'glasses_start_state_2'====== Args={'priority': 0}
2026-09-09 18:46:19,323 : INFO : EventManager : Event: ======'player_glasses_current_state'====== Args={'value': 2, 'prev_value': 1, 'change': 1, 'player_num': 1, 'source': 'glasses_mode'}
2026-09-09 18:46:19,323 : INFO : EventManager : Event: ======'player_glasses_confirmed_position'====== Args={'value': 2, 'prev_value': 1, 'change': 1, 'player_num': 1, 'source': 'glasses_mode'}
2026-09-09 18:46:19,323 : INFO : Timer.glasses_state_timer : Starting Timer.
2026-09-09 18:46:19,323 : INFO : EventManager : Event: ======'timer_glasses_state_timer_started'====== Args={'ticks': 0, 'ticks_remaining': 10}
2026-09-09 18:46:19,324 : INFO : EventManager : Event: ======'timer_glasses_state_timer_tick'====== Args={'ticks': 0, 'ticks_remaining': 10}
2026-09-09 18:46:19,324 : INFO : Timer.glasses_home_pulse_timer : Stopping Timer
2026-09-09 18:46:19,324 : INFO : EventManager : Event: ======'timer_glasses_home_pulse_timer_stopped'====== Args={'ticks': 0, 'ticks_remaining': 0}
2026-09-09 18:46:20,141 : INFO : EventManager : Event: ======'player_brain_rot_brain_rot_end_delay_tick'====== Args={'value': 2, 'prev_value': 1, 'change': 1, 'player_num': 1}
2026-09-09 18:46:20,141 : INFO : EventManager : Event: ======'timer_brain_rot_end_delay_tick'====== Args={'ticks': 2, 'ticks_remaining': 1}
2026-09-09 18:46:20,316 : INFO : EventManager : Event: ======'player_glasses_mode_glasses_state_timer_tick'====== Args={'value': 1, 'prev_value': 0, 'change': 1, 'player_num': 1}
2026-09-09 18:46:20,316 : INFO : EventManager : Event: ======'timer_glasses_state_timer_tick'====== Args={'ticks': 1, 'ticks_remaining': 9}
2026-09-09 18:46:21,151 : INFO : EventManager : Event: ======'player_brain_rot_brain_rot_end_delay_tick'====== Args={'value': 3, 'prev_value': 2, 'change': 1, 'player_num': 1}
2026-09-09 18:46:21,151 : INFO : Timer.brain_rot_end_delay : Timer Complete
2026-09-09 18:46:21,151 : INFO : Timer.brain_rot_end_delay : Stopping Timer
2026-09-09 18:46:21,151 : INFO : EventManager : Event: ======'timer_brain_rot_end_delay_stopped'====== Args={'ticks': 3, 'ticks_remaining': 1}
2026-09-09 18:46:21,151 : INFO : EventManager : Event: ======'timer_brain_rot_end_delay_complete'====== Args={'ticks': 3, 'ticks_remaining': 1}
2026-09-09 18:46:21,152 : INFO : EventManager : Event: ======'brain_rot_stop'====== Args={'priority': 0}
2026-09-09 18:46:21,152 : INFO : EventManager : Event: ======'mode_brain_rot_will_stop'====== Args={}
2026-09-09 18:46:21,152 : INFO : EventManager : Event: ======'mode_brain_rot_stopping'====== Args={}
2026-09-09 18:46:21,153 : INFO : EventManager : Event: ======'multiball_brain_rot_multiball_shoot_again_ended'====== Args={}
2026-09-09 18:46:21,153 : INFO : Mode.brain_rot : Stopped.
2026-09-09 18:46:21,153 : INFO : EventManager : Event: ======'modes_active_modes_changed'====== Args={}
2026-09-09 18:46:21,153 : INFO : EventManager : Event: ======'mode_brain_rot_stopped'====== Args={}
2026-09-09 18:46:21,154 : INFO : EventManager : Event: ======'clear'====== Args={'key': 'brain_rot'}
2026-09-09 18:46:21,154 : INFO : EventManager : Event: ======'awareness_finish_brain_rot'====== Args={'priority': 0}
2026-09-09 18:46:21,154 : INFO : EventManager : Event: ======'awareness_next_target_175'====== Args={'priority': 0}
2026-09-09 18:46:21,154 : INFO : EventManager : Event: ======'player_awareness'====== Args={'value': 0, 'prev_value': 102, 'change': -102, 'player_num': 1, 'source': 'awareness'}
2026-09-09 18:46:21,154 : INFO : EventManager : Event: ======'player_awareness_percent'====== Args={'value': 0, 'prev_value': 102, 'change': -102, 'player_num': 1, 'source': 'awareness'}
2026-09-09 18:46:21,154 : INFO : EventManager : Event: ======'player_awareness_qualified'====== Args={'value': 0, 'prev_value': 1, 'change': -1, 'player_num': 1, 'source': 'awareness'}
2026-09-09 18:46:21,154 : INFO : EventManager : Event: ======'player_awareness_mysteries_collected'====== Args={'value': 1, 'prev_value': 0, 'change': 1, 'player_num': 1, 'source': 'awareness'}
2026-09-09 18:46:21,154 : INFO : EventManager : Event: ======'player_awareness_target'====== Args={'value': 175, 'prev_value': 100, 'change': 75, 'player_num': 1, 'source': 'awareness'}
2026-09-09 18:46:21,155 : INFO : Timer.brain_rot_varitarget_display_delay : Stopping Timer
2026-09-09 18:46:21,155 : INFO : EventManager : Event: ======'timer_brain_rot_varitarget_display_delay_stopped'====== Args={'ticks': 1, 'ticks_remaining': 1}
2026-09-09 18:46:21,155 : INFO : Timer.brain_rot_left_lock_display_delay : Stopping Timer
2026-09-09 18:46:21,155 : INFO : EventManager : Event: ======'timer_brain_rot_left_lock_display_delay_stopped'====== Args={'ticks': 1, 'ticks_remaining': 1}
2026-09-09 18:46:21,155 : INFO : Timer.brain_rot_multiball_reset_delay : Stopping Timer
2026-09-09 18:46:21,155 : INFO : EventManager : Event: ======'timer_brain_rot_multiball_reset_delay_stopped'====== Args={'ticks': 1, 'ticks_remaining': 1}
2026-09-09 18:46:21,155 : INFO : Timer.brain_rot_right_lock_display_delay : Stopping Timer
2026-09-09 18:46:21,155 : INFO : EventManager : Event: ======'timer_brain_rot_right_lock_display_delay_stopped'====== Args={'ticks': 1, 'ticks_remaining': 1}
2026-09-09 18:46:21,156 : INFO : Timer.brain_rot_end_delay : Stopping Timer
2026-09-09 18:46:21,156 : INFO : EventManager : Event: ======'timer_brain_rot_end_delay_stopped'====== Args={'ticks': 3, 'ticks_remaining': 1}
2026-09-09 18:46:21,156 : INFO : Timer.brain_rot_right_spinner_display_delay : Stopping Timer
2026-09-09 18:46:21,156 : INFO : EventManager : Event: ======'timer_brain_rot_right_spinner_display_delay_stopped'====== Args={'ticks': 1, 'ticks_remaining': 1}
2026-09-09 18:46:21,178 : INFO : EventManager : Event: ======'widget_BrainRotPassWidget_removed'====== Args={'_from_bcp': True}
2026-09-09 18:46:21,231 : INFO : ball_device.bd_right_vuk : State: failed_confirm
2026-09-09 18:46:21,231 : INFO : ball_device.bd_right_vuk : Got timeout (3.0s) before confirm from <playfield.playfield>
2026-09-09 18:46:21,327 : INFO : EventManager : Event: ======'player_glasses_mode_glasses_state_timer_tick'====== Args={'value': 2, 'prev_value': 1, 'change': 1, 'player_num': 1}
2026-09-09 18:46:21,328 : INFO : EventManager : Event: ======'timer_glasses_state_timer_tick'====== Args={'ticks': 2, 'ticks_remaining': 8}
2026-09-09 18:46:21,329 : INFO : ball_device.bd_right_vuk : Confirming eject because target is playfield and ball did not return.
2026-09-09 18:46:21,329 : INFO : ball_device.bd_right_vuk : Eject successful
2026-09-09 18:46:21,329 : INFO : EventManager : Event: ======'balldevice_bd_right_vuk_ball_eject_success'====== Args={'balls': 1, 'target': <playfield.playfield>}
2026-09-09 18:46:21,330 : INFO : EventManager : Event: ======'balldevice_playfield_ball_enter'====== Args={'new_balls': 1, 'unclaimed_balls': 1, 'device': <playfield.playfield>}
2026-09-09 18:46:21,330 : INFO : EventManager : Event: ======'playfield_ball_count_change'====== Args={'balls': 2, 'change': 1}
2026-09-09 18:46:21,330 : INFO : EventManager : Event: ======'balldevice_bd_right_vuk_ball_count_changed'====== Args={'balls': 0}
2026-09-09 18:46:21,330 : INFO : ball_device.bd_right_vuk : State: idle
2026-09-09 18:46:22,322 : INFO : EventManager : Event: ======'player_glasses_mode_glasses_state_timer_tick'====== Args={'value': 3, 'prev_value': 2, 'change': 1, 'player_num': 1}
2026-09-09 18:46:22,322 : INFO : EventManager : Event: ======'timer_glasses_state_timer_tick'====== Args={'ticks': 3, 'ticks_remaining': 7}
2026-09-09 18:46:23,318 : INFO : EventManager : Event: ======'player_glasses_mode_glasses_state_timer_tick'====== Args={'value': 4, 'prev_value': 3, 'change': 1, 'player_num': 1}
2026-09-09 18:46:23,318 : INFO : EventManager : Event: ======'timer_glasses_state_timer_tick'====== Args={'ticks': 4, 'ticks_remaining': 6}
2026-09-09 18:46:24,327 : INFO : EventManager : Event: ======'player_glasses_mode_glasses_state_timer_tick'====== Args={'value': 5, 'prev_value': 4, 'change': 1, 'player_num': 1}
2026-09-09 18:46:24,327 : INFO : EventManager : Event: ======'timer_glasses_state_timer_tick'====== Args={'ticks': 5, 'ticks_remaining': 5}
2026-09-09 18:46:25,323 : INFO : EventManager : Event: ======'player_glasses_mode_glasses_state_timer_tick'====== Args={'value': 6, 'prev_value': 5, 'change': 1, 'player_num': 1}
2026-09-09 18:46:25,323 : INFO : EventManager : Event: ======'timer_glasses_state_timer_tick'====== Args={'ticks': 6, 'ticks_remaining': 4}
2026-09-09 18:46:26,320 : INFO : EventManager : Event: ======'player_glasses_mode_glasses_state_timer_tick'====== Args={'value': 7, 'prev_value': 6, 'change': 1, 'player_num': 1}
2026-09-09 18:46:26,320 : INFO : EventManager : Event: ======'timer_glasses_state_timer_tick'====== Args={'ticks': 7, 'ticks_remaining': 3}
2026-09-09 18:46:27,312 : INFO : EventManager : Event: ======'player_glasses_mode_glasses_state_timer_tick'====== Args={'value': 8, 'prev_value': 7, 'change': 1, 'player_num': 1}
2026-09-09 18:46:27,313 : INFO : EventManager : Event: ======'timer_glasses_state_timer_tick'====== Args={'ticks': 8, 'ticks_remaining': 2}
2026-09-09 18:46:28,323 : INFO : EventManager : Event: ======'player_glasses_mode_glasses_state_timer_tick'====== Args={'value': 9, 'prev_value': 8, 'change': 1, 'player_num': 1}
2026-09-09 18:46:28,323 : INFO : EventManager : Event: ======'timer_glasses_state_timer_tick'====== Args={'ticks': 9, 'ticks_remaining': 1}
2026-09-09 18:46:29,322 : INFO : EventManager : Event: ======'player_glasses_mode_glasses_state_timer_tick'====== Args={'value': 10, 'prev_value': 9, 'change': 1, 'player_num': 1}
2026-09-09 18:46:29,322 : INFO : Timer.glasses_state_timer : Timer Complete
2026-09-09 18:46:29,322 : INFO : Timer.glasses_state_timer : Stopping Timer
2026-09-09 18:46:29,322 : INFO : EventManager : Event: ======'timer_glasses_state_timer_stopped'====== Args={'ticks': 10, 'ticks_remaining': 1}
2026-09-09 18:46:29,322 : INFO : EventManager : Event: ======'timer_glasses_state_timer_complete'====== Args={'ticks': 10, 'ticks_remaining': 1}
2026-09-09 18:46:29,325 : INFO : EventManager : Event: ======'varitarget_position_2_complete'====== Args={'priority': 0}
2026-09-09 18:46:29,325 : INFO : EventManager : Event: ======'glasses_stop_all_shows'====== Args={'priority': 0}
2026-09-09 18:46:29,325 : INFO : EventManager : Event: ======'varitarget_homing'====== Args={'priority': 0}
2026-09-09 18:46:29,325 : INFO : EventManager : Event: ======'glasses_stop_all_shows'====== Args={'priority': 0}
2026-09-09 18:46:29,325 : INFO : EventManager : Event: ======'glasses_state_timer_stop'====== Args={'priority': 0}
2026-09-09 18:46:29,325 : INFO : EventManager : Event: ======'glasses_homing_setup'====== Args={'priority': 0}
2026-09-09 18:46:29,325 : INFO : EventManager : Event: ======'glasses_home_pulse_timer_restart'====== Args={'priority': 0}
2026-09-09 18:46:29,325 : INFO : Timer.glasses_state_timer : Stopping Timer
2026-09-09 18:46:29,325 : INFO : EventManager : Event: ======'timer_glasses_state_timer_stopped'====== Args={'ticks': 10, 'ticks_remaining': 1}
2026-09-09 18:46:29,326 : INFO : EventManager : Event: ======'player_glasses_current_state'====== Args={'value': 0, 'prev_value': 2, 'change': -2, 'player_num': 1, 'source': 'glasses_mode'}
2026-09-09 18:46:29,326 : INFO : EventManager : Event: ======'player_glasses_homing_active'====== Args={'value': 1, 'prev_value': 0, 'change': 1, 'player_num': 1, 'source': 'glasses_mode'}
2026-09-09 18:46:29,326 : INFO : EventManager : Event: ======'player_glasses_home_start_pos'====== Args={'value': 2, 'prev_value': 1, 'change': 1, 'player_num': 1, 'source': 'glasses_mode'}
2026-09-09 18:46:29,326 : INFO : Timer.glasses_home_pulse_timer : Starting Timer.
2026-09-09 18:46:29,326 : INFO : EventManager : Event: ======'timer_glasses_home_pulse_timer_started'====== Args={'ticks': 0, 'ticks_remaining': 10}
2026-09-09 18:46:29,326 : INFO : EventManager : Event: ======'timer_glasses_home_pulse_timer_tick'====== Args={'ticks': 0, 'ticks_remaining': 10}
2026-09-09 18:46:29,327 : INFO : EventManager : Event: ======'glasses_home_pulse'====== Args={'priority': 0}
2026-09-09 18:46:29,327 : INFO : coil.c_16_varitarget_reset : Pulsing Driver for 5ms (1.0 pulse_power)
2026-09-09 18:46:29,327 : INFO : EventManager : Event: ======'player_glasses_home_pulse_count'====== Args={'value': 1, 'prev_value': 0, 'change': 1, 'player_num': 1, 'source': 'glasses_mode'}
2026-09-09 18:46:29,354 : INFO : SwitchController : <<<<<<< 's_65_varitarget_position_2' inactive >>>>>>>
2026-09-09 18:46:29,370 : INFO : SwitchController : <<<<<<< 's_64_varitarget_position_1' inactive >>>>>>>
2026-09-09 18:46:29,386 : INFO : SwitchController : <<<<<<< 's_64_varitarget_position_1' active >>>>>>>
2026-09-09 18:46:29,386 : INFO : EventManager : Event: ======'s_64_varitarget_position_1_active'====== Args={}
2026-09-09 18:46:29,386 : INFO : EventManager : Event: ======'sw_vari'====== Args={}
2026-09-09 18:46:29,387 : INFO : EventManager : Event: ======'machine_var_audits_switches_s_64_varitarget_position_1'====== Args={'value': 13568, 'prev_value': 13567, 'change': 1}
2026-09-09 18:46:29,387 : INFO : SwitchController : <<<<<<< 's_64_varitarget_position_1' inactive >>>>>>>
2026-09-09 18:46:29,388 : INFO : EventManager : Event: ======'glasses_pending_position_1'====== Args={'priority': 0}
2026-09-09 18:46:29,388 : INFO : EventManager : Event: ======'machine_var_audits_shots_varitarget_p1'====== Args={'value': 13545, 'prev_value': 13544, 'change': 1}
2026-09-09 18:46:29,388 : INFO : EventManager : Event: ======'varitarget_p1_hit'====== Args={'profile': 'default', 'state': 'lit', 'advancing': False}
2026-09-09 18:46:29,388 : INFO : EventManager : Event: ======'varitarget_p1_default_hit'====== Args={'profile': 'default', 'state': 'lit', 'advancing': False}
2026-09-09 18:46:29,388 : INFO : EventManager : Event: ======'varitarget_p1_default_lit_hit'====== Args={'profile': 'default', 'state': 'lit', 'advancing': False}
2026-09-09 18:46:29,388 : INFO : EventManager : Event: ======'varitarget_p1_lit_hit'====== Args={'profile': 'default', 'state': 'lit', 'advancing': False}
2026-09-09 18:46:29,388 : INFO : EventManager : Event: ======'varitarget_position_changed'====== Args={'priority': 0}
2026-09-09 18:46:29,388 : INFO : EventManager : Event: ======'varitarget_reset_stop'====== Args={'priority': 0}
2026-09-09 18:46:29,388 : INFO : EventManager : Event: ======'varitarget_reset_complete'====== Args={'priority': 0}
2026-09-09 18:46:29,388 : INFO : EventManager : Event: ======'player_varitarget_position'====== Args={'value': 1, 'prev_value': 2, 'change': -1, 'player_num': 1, 'source': 'base'}
2026-09-09 18:46:29,388 : INFO : EventManager : Event: ======'glasses_position_confirm_restart'====== Args={'priority': 0}
2026-09-09 18:46:29,388 : INFO : EventManager : Event: ======'player_glasses_pending_position'====== Args={'value': 1, 'prev_value': 2, 'change': -1, 'player_num': 1, 'source': 'glasses_mode'}
2026-09-09 18:46:29,388 : INFO : EventManager : Event: ======'player_glasses_mode_glasses_position_confirm_tick'====== Args={'value': 0, 'prev_value': 1, 'change': -1, 'player_num': 1}
2026-09-09 18:46:29,389 : INFO : Timer.glasses_position_confirm : Starting Timer.
2026-09-09 18:46:29,389 : INFO : EventManager : Event: ======'timer_glasses_position_confirm_started'====== Args={'ticks': 0, 'ticks_remaining': 1}
2026-09-09 18:46:29,389 : INFO : EventManager : Event: ======'timer_glasses_position_confirm_tick'====== Args={'ticks': 0, 'ticks_remaining': 1}
2026-09-09 18:46:29,389 : INFO : EventManager : Event: ======'varitarget_positions_hit'====== Args={'shot': 'varitarget_p1'}
2026-09-09 18:46:29,389 : INFO : EventManager : Event: ======'varitarget_positions_lit_hit'====== Args={'shot': 'varitarget_p1'}
2026-09-09 18:46:29,389 : INFO : EventManager : Event: ======'varitarget_update_stable'====== Args={'priority': 0}
2026-09-09 18:46:29,389 : INFO : EventManager : Event: ======'player_varitarget_stable_position'====== Args={'value': 1, 'prev_value': 2, 'change': -1, 'player_num': 1, 'source': 'base'}
2026-09-09 18:46:29,389 : INFO : Timer.varitarget_reset_timer : Stopping Timer
2026-09-09 18:46:29,389 : INFO : EventManager : Event: ======'timer_varitarget_reset_timer_stopped'====== Args={'ticks': 0, 'ticks_remaining': 999999}
2026-09-09 18:46:29,389 : INFO : EventManager : Event: ======'player_score'====== Args={'value': 1697730, 'prev_value': 1697688, 'change': 42, 'player_num': 1, 'source': 'base'}
2026-09-09 18:46:29,512 : INFO : EventManager : Event: ======'player_glasses_mode_glasses_home_pulse_timer_tick'====== Args={'value': 1, 'prev_value': 0, 'change': 1, 'player_num': 1}
2026-09-09 18:46:29,512 : INFO : EventManager : Event: ======'timer_glasses_home_pulse_timer_tick'====== Args={'ticks': 1, 'ticks_remaining': 9}
2026-09-09 18:46:29,512 : INFO : EventManager : Event: ======'glasses_home_pulse'====== Args={'priority': 0}
2026-09-09 18:46:29,513 : INFO : coil.c_16_varitarget_reset : Pulsing Driver for 5ms (1.0 pulse_power)
2026-09-09 18:46:29,513 : INFO : EventManager : Event: ======'player_glasses_home_pulse_count'====== Args={'value': 2, 'prev_value': 1, 'change': 1, 'player_num': 1, 'source': 'glasses_mode'}
2026-09-09 18:46:29,528 : INFO : SwitchController : <<<<<<< 's_64_varitarget_position_1' active >>>>>>>
2026-09-09 18:46:29,528 : INFO : EventManager : Event: ======'s_64_varitarget_position_1_active'====== Args={}
2026-09-09 18:46:29,529 : INFO : EventManager : Event: ======'sw_vari'====== Args={}
2026-09-09 18:46:29,529 : INFO : EventManager : Event: ======'machine_var_audits_switches_s_64_varitarget_position_1'====== Args={'value': 13569, 'prev_value': 13568, 'change': 1}
2026-09-09 18:46:29,530 : INFO : EventManager : Event: ======'glasses_pending_position_1'====== Args={'priority': 0}
2026-09-09 18:46:29,530 : INFO : EventManager : Event: ======'machine_var_audits_shots_varitarget_p1'====== Args={'value': 13546, 'prev_value': 13545, 'change': 1}
2026-09-09 18:46:29,530 : INFO : EventManager : Event: ======'varitarget_p1_hit'====== Args={'profile': 'default', 'state': 'lit', 'advancing': False}
2026-09-09 18:46:29,530 : INFO : EventManager : Event: ======'varitarget_p1_default_hit'====== Args={'profile': 'default', 'state': 'lit', 'advancing': False}
2026-09-09 18:46:29,530 : INFO : EventManager : Event: ======'varitarget_p1_default_lit_hit'====== Args={'profile': 'default', 'state': 'lit', 'advancing': False}
2026-09-09 18:46:29,530 : INFO : EventManager : Event: ======'varitarget_p1_lit_hit'====== Args={'profile': 'default', 'state': 'lit', 'advancing': False}
2026-09-09 18:46:29,530 : INFO : EventManager : Event: ======'varitarget_position_changed'====== Args={'priority': 0}
2026-09-09 18:46:29,530 : INFO : EventManager : Event: ======'varitarget_reset_stop'====== Args={'priority': 0}
2026-09-09 18:46:29,530 : INFO : EventManager : Event: ======'varitarget_reset_complete'====== Args={'priority': 0}
2026-09-09 18:46:29,530 : INFO : EventManager : Event: ======'glasses_position_confirm_restart'====== Args={'priority': 0}
2026-09-09 18:46:29,530 : INFO : EventManager : Event: ======'timer_glasses_position_confirm_tick'====== Args={'ticks': 0, 'ticks_remaining': 1}
2026-09-09 18:46:29,531 : INFO : EventManager : Event: ======'varitarget_positions_hit'====== Args={'shot': 'varitarget_p1'}
2026-09-09 18:46:29,531 : INFO : EventManager : Event: ======'varitarget_positions_lit_hit'====== Args={'shot': 'varitarget_p1'}
2026-09-09 18:46:29,531 : INFO : EventManager : Event: ======'varitarget_update_stable'====== Args={'priority': 0}
2026-09-09 18:46:29,531 : INFO : Timer.varitarget_reset_timer : Stopping Timer
2026-09-09 18:46:29,531 : INFO : EventManager : Event: ======'timer_varitarget_reset_timer_stopped'====== Args={'ticks': 0, 'ticks_remaining': 999999}
2026-09-09 18:46:29,531 : INFO : EventManager : Event: ======'player_score'====== Args={'value': 1697772, 'prev_value': 1697730, 'change': 42, 'player_num': 1, 'source': 'base'}
2026-09-09 18:46:29,559 : INFO : SwitchController : <<<<<<< 's_64_varitarget_position_1' inactive >>>>>>>
2026-09-09 18:46:29,559 : INFO : SwitchController : <<<<<<< 's_64_varitarget_position_1' active >>>>>>>
2026-09-09 18:46:29,559 : INFO : EventManager : Event: ======'s_64_varitarget_position_1_active'====== Args={}
2026-09-09 18:46:29,559 : INFO : EventManager : Event: ======'sw_vari'====== Args={}
2026-09-09 18:46:29,559 : INFO : EventManager : Event: ======'machine_var_audits_switches_s_64_varitarget_position_1'====== Args={'value': 13570, 'prev_value': 13569, 'change': 1}
2026-09-09 18:46:29,560 : INFO : EventManager : Event: ======'glasses_pending_position_1'====== Args={'priority': 0}
2026-09-09 18:46:29,561 : INFO : EventManager : Event: ======'machine_var_audits_shots_varitarget_p1'====== Args={'value': 13547, 'prev_value': 13546, 'change': 1}
2026-09-09 18:46:29,561 : INFO : EventManager : Event: ======'varitarget_p1_hit'====== Args={'profile': 'default', 'state': 'lit', 'advancing': False}
2026-09-09 18:46:29,561 : INFO : EventManager : Event: ======'varitarget_p1_default_hit'====== Args={'profile': 'default', 'state': 'lit', 'advancing': False}
2026-09-09 18:46:29,561 : INFO : EventManager : Event: ======'varitarget_p1_default_lit_hit'====== Args={'profile': 'default', 'state': 'lit', 'advancing': False}
2026-09-09 18:46:29,561 : INFO : EventManager : Event: ======'varitarget_p1_lit_hit'====== Args={'profile': 'default', 'state': 'lit', 'advancing': False}
2026-09-09 18:46:29,561 : INFO : EventManager : Event: ======'varitarget_position_changed'====== Args={'priority': 0}
2026-09-09 18:46:29,561 : INFO : EventManager : Event: ======'varitarget_reset_stop'====== Args={'priority': 0}
2026-09-09 18:46:29,561 : INFO : EventManager : Event: ======'varitarget_reset_complete'====== Args={'priority': 0}
2026-09-09 18:46:29,561 : INFO : EventManager : Event: ======'glasses_position_confirm_restart'====== Args={'priority': 0}
2026-09-09 18:46:29,562 : INFO : EventManager : Event: ======'timer_glasses_position_confirm_tick'====== Args={'ticks': 0, 'ticks_remaining': 1}
2026-09-09 18:46:29,562 : INFO : EventManager : Event: ======'varitarget_positions_hit'====== Args={'shot': 'varitarget_p1'}
2026-09-09 18:46:29,562 : INFO : EventManager : Event: ======'varitarget_positions_lit_hit'====== Args={'shot': 'varitarget_p1'}
2026-09-09 18:46:29,562 : INFO : EventManager : Event: ======'varitarget_update_stable'====== Args={'priority': 0}
2026-09-09 18:46:29,562 : INFO : Timer.varitarget_reset_timer : Stopping Timer
2026-09-09 18:46:29,562 : INFO : EventManager : Event: ======'timer_varitarget_reset_timer_stopped'====== Args={'ticks': 0, 'ticks_remaining': 999999}
2026-09-09 18:46:29,562 : INFO : EventManager : Event: ======'player_score'====== Args={'value': 1697814, 'prev_value': 1697772, 'change': 42, 'player_num': 1, 'source': 'base'}
2026-09-09 18:46:29,703 : INFO : EventManager : Event: ======'player_glasses_mode_glasses_home_pulse_timer_tick'====== Args={'value': 2, 'prev_value': 1, 'change': 1, 'player_num': 1}
2026-09-09 18:46:29,703 : INFO : EventManager : Event: ======'timer_glasses_home_pulse_timer_tick'====== Args={'ticks': 2, 'ticks_remaining': 8}
2026-09-09 18:46:29,703 : INFO : EventManager : Event: ======'glasses_home_pulse'====== Args={'priority': 0}
2026-09-09 18:46:29,704 : INFO : coil.c_16_varitarget_reset : Pulsing Driver for 5ms (1.0 pulse_power)
2026-09-09 18:46:29,704 : INFO : EventManager : Event: ======'player_glasses_home_pulse_count'====== Args={'value': 3, 'prev_value': 2, 'change': 1, 'player_num': 1, 'source': 'glasses_mode'}
2026-09-09 18:46:29,734 : INFO : SwitchController : <<<<<<< 's_64_varitarget_position_1' inactive >>>>>>>
2026-09-09 18:46:29,908 : INFO : EventManager : Event: ======'player_glasses_mode_glasses_home_pulse_timer_tick'====== Args={'value': 3, 'prev_value': 2, 'change': 1, 'player_num': 1}
2026-09-09 18:46:29,908 : INFO : EventManager : Event: ======'timer_glasses_home_pulse_timer_tick'====== Args={'ticks': 3, 'ticks_remaining': 7}
2026-09-09 18:46:29,908 : INFO : EventManager : Event: ======'glasses_home_pulse'====== Args={'priority': 0}
2026-09-09 18:46:29,908 : INFO : coil.c_16_varitarget_reset : Pulsing Driver for 5ms (1.0 pulse_power)
2026-09-09 18:46:29,909 : INFO : EventManager : Event: ======'player_glasses_home_pulse_count'====== Args={'value': 4, 'prev_value': 3, 'change': 1, 'player_num': 1, 'source': 'glasses_mode'}
2026-09-09 18:46:30,115 : INFO : EventManager : Event: ======'player_glasses_mode_glasses_home_pulse_timer_tick'====== Args={'value': 4, 'prev_value': 3, 'change': 1, 'player_num': 1}
2026-09-09 18:46:30,115 : INFO : EventManager : Event: ======'timer_glasses_home_pulse_timer_tick'====== Args={'ticks': 4, 'ticks_remaining': 6}
2026-09-09 18:46:30,116 : INFO : EventManager : Event: ======'glasses_home_pulse'====== Args={'priority': 0}
2026-09-09 18:46:30,116 : INFO : coil.c_16_varitarget_reset : Pulsing Driver for 5ms (1.0 pulse_power)
2026-09-09 18:46:30,116 : INFO : EventManager : Event: ======'player_glasses_home_pulse_count'====== Args={'value': 5, 'prev_value': 4, 'change': 1, 'player_num': 1, 'source': 'glasses_mode'}
2026-09-09 18:46:30,145 : INFO : SwitchController : <<<<<<< 's_64_varitarget_position_1' active >>>>>>>
2026-09-09 18:46:30,145 : INFO : EventManager : Event: ======'s_64_varitarget_position_1_active'====== Args={}
2026-09-09 18:46:30,145 : INFO : EventManager : Event: ======'sw_vari'====== Args={}
2026-09-09 18:46:30,145 : INFO : EventManager : Event: ======'machine_var_audits_switches_s_64_varitarget_position_1'====== Args={'value': 13571, 'prev_value': 13570, 'change': 1}
2026-09-09 18:46:30,146 : INFO : SwitchController : <<<<<<< 's_64_varitarget_position_1' inactive >>>>>>>
2026-09-09 18:46:30,146 : INFO : EventManager : Event: ======'glasses_pending_position_1'====== Args={'priority': 0}
2026-09-09 18:46:30,146 : INFO : EventManager : Event: ======'machine_var_audits_shots_varitarget_p1'====== Args={'value': 13548, 'prev_value': 13547, 'change': 1}
2026-09-09 18:46:30,146 : INFO : EventManager : Event: ======'varitarget_p1_hit'====== Args={'profile': 'default', 'state': 'lit', 'advancing': False}
2026-09-09 18:46:30,146 : INFO : EventManager : Event: ======'varitarget_p1_default_hit'====== Args={'profile': 'default', 'state': 'lit', 'advancing': False}
2026-09-09 18:46:30,147 : INFO : EventManager : Event: ======'varitarget_p1_default_lit_hit'====== Args={'profile': 'default', 'state': 'lit', 'advancing': False}
2026-09-09 18:46:30,147 : INFO : EventManager : Event: ======'varitarget_p1_lit_hit'====== Args={'profile': 'default', 'state': 'lit', 'advancing': False}
2026-09-09 18:46:30,147 : INFO : EventManager : Event: ======'varitarget_position_changed'====== Args={'priority': 0}
2026-09-09 18:46:30,147 : INFO : EventManager : Event: ======'varitarget_reset_stop'====== Args={'priority': 0}
2026-09-09 18:46:30,147 : INFO : EventManager : Event: ======'varitarget_reset_complete'====== Args={'priority': 0}
2026-09-09 18:46:30,147 : INFO : EventManager : Event: ======'glasses_position_confirm_restart'====== Args={'priority': 0}
2026-09-09 18:46:30,147 : INFO : EventManager : Event: ======'timer_glasses_position_confirm_tick'====== Args={'ticks': 0, 'ticks_remaining': 1}
2026-09-09 18:46:30,147 : INFO : EventManager : Event: ======'varitarget_positions_hit'====== Args={'shot': 'varitarget_p1'}
2026-09-09 18:46:30,147 : INFO : EventManager : Event: ======'varitarget_positions_lit_hit'====== Args={'shot': 'varitarget_p1'}
2026-09-09 18:46:30,147 : INFO : EventManager : Event: ======'varitarget_update_stable'====== Args={'priority': 0}
2026-09-09 18:46:30,147 : INFO : Timer.varitarget_reset_timer : Stopping Timer
2026-09-09 18:46:30,147 : INFO : EventManager : Event: ======'timer_varitarget_reset_timer_stopped'====== Args={'ticks': 0, 'ticks_remaining': 999999}
2026-09-09 18:46:30,148 : INFO : EventManager : Event: ======'player_score'====== Args={'value': 1697856, 'prev_value': 1697814, 'change': 42, 'player_num': 1, 'source': 'base'}
2026-09-09 18:46:30,319 : INFO : EventManager : Event: ======'player_glasses_mode_glasses_home_pulse_timer_tick'====== Args={'value': 5, 'prev_value': 4, 'change': 1, 'player_num': 1}
2026-09-09 18:46:30,319 : INFO : EventManager : Event: ======'timer_glasses_home_pulse_timer_tick'====== Args={'ticks': 5, 'ticks_remaining': 5}
2026-09-09 18:46:30,320 : INFO : EventManager : Event: ======'glasses_home_pulse'====== Args={'priority': 0}
2026-09-09 18:46:30,320 : INFO : coil.c_16_varitarget_reset : Pulsing Driver for 5ms (1.0 pulse_power)
2026-09-09 18:46:30,320 : INFO : EventManager : Event: ======'player_glasses_home_pulse_count'====== Args={'value': 6, 'prev_value': 5, 'change': 1, 'player_num': 1, 'source': 'glasses_mode'}
2026-09-09 18:46:30,508 : INFO : EventManager : Event: ======'player_glasses_mode_glasses_home_pulse_timer_tick'====== Args={'value': 6, 'prev_value': 5, 'change': 1, 'player_num': 1}
2026-09-09 18:46:30,508 : INFO : EventManager : Event: ======'timer_glasses_home_pulse_timer_tick'====== Args={'ticks': 6, 'ticks_remaining': 4}
2026-09-09 18:46:30,508 : INFO : EventManager : Event: ======'glasses_home_pulse'====== Args={'priority': 0}
2026-09-09 18:46:30,509 : INFO : coil.c_16_varitarget_reset : Pulsing Driver for 5ms (1.0 pulse_power)
2026-09-09 18:46:30,509 : INFO : EventManager : Event: ======'player_glasses_home_pulse_count'====== Args={'value': 7, 'prev_value': 6, 'change': 1, 'player_num': 1, 'source': 'glasses_mode'}
2026-09-09 18:46:30,524 : INFO : SwitchController : <<<<<<< 's_64_varitarget_position_1' active >>>>>>>
2026-09-09 18:46:30,524 : INFO : EventManager : Event: ======'s_64_varitarget_position_1_active'====== Args={}
2026-09-09 18:46:30,524 : INFO : EventManager : Event: ======'sw_vari'====== Args={}
2026-09-09 18:46:30,524 : INFO : EventManager : Event: ======'machine_var_audits_switches_s_64_varitarget_position_1'====== Args={'value': 13572, 'prev_value': 13571, 'change': 1}
2026-09-09 18:46:30,525 : INFO : EventManager : Event: ======'glasses_pending_position_1'====== Args={'priority': 0}
2026-09-09 18:46:30,525 : INFO : EventManager : Event: ======'machine_var_audits_shots_varitarget_p1'====== Args={'value': 13549, 'prev_value': 13548, 'change': 1}
2026-09-09 18:46:30,525 : INFO : EventManager : Event: ======'varitarget_p1_hit'====== Args={'profile': 'default', 'state': 'lit', 'advancing': False}
2026-09-09 18:46:30,525 : INFO : EventManager : Event: ======'varitarget_p1_default_hit'====== Args={'profile': 'default', 'state': 'lit', 'advancing': False}
2026-09-09 18:46:30,525 : INFO : EventManager : Event: ======'varitarget_p1_default_lit_hit'====== Args={'profile': 'default', 'state': 'lit', 'advancing': False}
2026-09-09 18:46:30,526 : INFO : EventManager : Event: ======'varitarget_p1_lit_hit'====== Args={'profile': 'default', 'state': 'lit', 'advancing': False}
2026-09-09 18:46:30,526 : INFO : EventManager : Event: ======'varitarget_position_changed'====== Args={'priority': 0}
2026-09-09 18:46:30,526 : INFO : EventManager : Event: ======'varitarget_reset_stop'====== Args={'priority': 0}
2026-09-09 18:46:30,526 : INFO : EventManager : Event: ======'varitarget_reset_complete'====== Args={'priority': 0}
2026-09-09 18:46:30,526 : INFO : EventManager : Event: ======'glasses_position_confirm_restart'====== Args={'priority': 0}
2026-09-09 18:46:30,526 : INFO : EventManager : Event: ======'timer_glasses_position_confirm_tick'====== Args={'ticks': 0, 'ticks_remaining': 1}
2026-09-09 18:46:30,526 : INFO : EventManager : Event: ======'varitarget_positions_hit'====== Args={'shot': 'varitarget_p1'}
2026-09-09 18:46:30,526 : INFO : EventManager : Event: ======'varitarget_positions_lit_hit'====== Args={'shot': 'varitarget_p1'}
2026-09-09 18:46:30,526 : INFO : EventManager : Event: ======'varitarget_update_stable'====== Args={'priority': 0}
2026-09-09 18:46:30,526 : INFO : Timer.varitarget_reset_timer : Stopping Timer
2026-09-09 18:46:30,526 : INFO : EventManager : Event: ======'timer_varitarget_reset_timer_stopped'====== Args={'ticks': 0, 'ticks_remaining': 999999}
2026-09-09 18:46:30,526 : INFO : EventManager : Event: ======'player_score'====== Args={'value': 1697898, 'prev_value': 1697856, 'change': 42, 'player_num': 1, 'source': 'base'}
2026-09-09 18:46:30,539 : INFO : SwitchController : <<<<<<< 's_64_varitarget_position_1' inactive >>>>>>>
2026-09-09 18:46:30,571 : INFO : SwitchController : <<<<<<< 's_64_varitarget_position_1' active >>>>>>>
2026-09-09 18:46:30,571 : INFO : EventManager : Event: ======'s_64_varitarget_position_1_active'====== Args={}
2026-09-09 18:46:30,571 : INFO : EventManager : Event: ======'sw_vari'====== Args={}
2026-09-09 18:46:30,572 : INFO : EventManager : Event: ======'machine_var_audits_switches_s_64_varitarget_position_1'====== Args={'value': 13573, 'prev_value': 13572, 'change': 1}
2026-09-09 18:46:30,572 : INFO : EventManager : Event: ======'glasses_pending_position_1'====== Args={'priority': 0}
2026-09-09 18:46:30,572 : INFO : EventManager : Event: ======'machine_var_audits_shots_varitarget_p1'====== Args={'value': 13550, 'prev_value': 13549, 'change': 1}
2026-09-09 18:46:30,572 : INFO : EventManager : Event: ======'varitarget_p1_hit'====== Args={'profile': 'default', 'state': 'lit', 'advancing': False}
2026-09-09 18:46:30,572 : INFO : EventManager : Event: ======'varitarget_p1_default_hit'====== Args={'profile': 'default', 'state': 'lit', 'advancing': False}
2026-09-09 18:46:30,572 : INFO : EventManager : Event: ======'varitarget_p1_default_lit_hit'====== Args={'profile': 'default', 'state': 'lit', 'advancing': False}
2026-09-09 18:46:30,573 : INFO : EventManager : Event: ======'varitarget_p1_lit_hit'====== Args={'profile': 'default', 'state': 'lit', 'advancing': False}
2026-09-09 18:46:30,573 : INFO : EventManager : Event: ======'varitarget_position_changed'====== Args={'priority': 0}
2026-09-09 18:46:30,573 : INFO : EventManager : Event: ======'varitarget_reset_stop'====== Args={'priority': 0}
2026-09-09 18:46:30,573 : INFO : EventManager : Event: ======'varitarget_reset_complete'====== Args={'priority': 0}
2026-09-09 18:46:30,573 : INFO : EventManager : Event: ======'glasses_position_confirm_restart'====== Args={'priority': 0}
2026-09-09 18:46:30,573 : INFO : EventManager : Event: ======'timer_glasses_position_confirm_tick'====== Args={'ticks': 0, 'ticks_remaining': 1}
2026-09-09 18:46:30,573 : INFO : EventManager : Event: ======'varitarget_positions_hit'====== Args={'shot': 'varitarget_p1'}
2026-09-09 18:46:30,573 : INFO : EventManager : Event: ======'varitarget_positions_lit_hit'====== Args={'shot': 'varitarget_p1'}
2026-09-09 18:46:30,573 : INFO : EventManager : Event: ======'varitarget_update_stable'====== Args={'priority': 0}
2026-09-09 18:46:30,573 : INFO : Timer.varitarget_reset_timer : Stopping Timer
2026-09-09 18:46:30,573 : INFO : EventManager : Event: ======'timer_varitarget_reset_timer_stopped'====== Args={'ticks': 0, 'ticks_remaining': 999999}
2026-09-09 18:46:30,573 : INFO : EventManager : Event: ======'player_score'====== Args={'value': 1697940, 'prev_value': 1697898, 'change': 42, 'player_num': 1, 'source': 'base'}
2026-09-09 18:46:30,634 : INFO : SwitchController : <<<<<<< 's_64_varitarget_position_1' inactive >>>>>>>
2026-09-09 18:46:30,712 : INFO : EventManager : Event: ======'player_glasses_mode_glasses_home_pulse_timer_tick'====== Args={'value': 7, 'prev_value': 6, 'change': 1, 'player_num': 1}
2026-09-09 18:46:30,712 : INFO : EventManager : Event: ======'timer_glasses_home_pulse_timer_tick'====== Args={'ticks': 7, 'ticks_remaining': 3}
2026-09-09 18:46:30,712 : INFO : EventManager : Event: ======'glasses_home_pulse'====== Args={'priority': 0}
2026-09-09 18:46:30,713 : INFO : coil.c_16_varitarget_reset : Pulsing Driver for 5ms (1.0 pulse_power)
2026-09-09 18:46:30,713 : INFO : EventManager : Event: ======'player_glasses_home_pulse_count'====== Args={'value': 8, 'prev_value': 7, 'change': 1, 'player_num': 1, 'source': 'glasses_mode'}
2026-09-09 18:46:30,742 : INFO : SwitchController : <<<<<<< 's_64_varitarget_position_1' active >>>>>>>
2026-09-09 18:46:30,742 : INFO : EventManager : Event: ======'s_64_varitarget_position_1_active'====== Args={}
2026-09-09 18:46:30,742 : INFO : EventManager : Event: ======'sw_vari'====== Args={}
2026-09-09 18:46:30,742 : INFO : EventManager : Event: ======'machine_var_audits_switches_s_64_varitarget_position_1'====== Args={'value': 13574, 'prev_value': 13573, 'change': 1}
2026-09-09 18:46:30,743 : INFO : EventManager : Event: ======'glasses_pending_position_1'====== Args={'priority': 0}
2026-09-09 18:46:30,743 : INFO : EventManager : Event: ======'machine_var_audits_shots_varitarget_p1'====== Args={'value': 13551, 'prev_value': 13550, 'change': 1}
2026-09-09 18:46:30,743 : INFO : EventManager : Event: ======'varitarget_p1_hit'====== Args={'profile': 'default', 'state': 'lit', 'advancing': False}
2026-09-09 18:46:30,743 : INFO : EventManager : Event: ======'varitarget_p1_default_hit'====== Args={'profile': 'default', 'state': 'lit', 'advancing': False}
2026-09-09 18:46:30,743 : INFO : EventManager : Event: ======'varitarget_p1_default_lit_hit'====== Args={'profile': 'default', 'state': 'lit', 'advancing': False}
2026-09-09 18:46:30,743 : INFO : EventManager : Event: ======'varitarget_p1_lit_hit'====== Args={'profile': 'default', 'state': 'lit', 'advancing': False}
2026-09-09 18:46:30,743 : INFO : EventManager : Event: ======'varitarget_position_changed'====== Args={'priority': 0}
2026-09-09 18:46:30,743 : INFO : EventManager : Event: ======'varitarget_reset_stop'====== Args={'priority': 0}
2026-09-09 18:46:30,743 : INFO : EventManager : Event: ======'varitarget_reset_complete'====== Args={'priority': 0}
2026-09-09 18:46:30,744 : INFO : EventManager : Event: ======'glasses_position_confirm_restart'====== Args={'priority': 0}
2026-09-09 18:46:30,744 : INFO : EventManager : Event: ======'timer_glasses_position_confirm_tick'====== Args={'ticks': 0, 'ticks_remaining': 1}
2026-09-09 18:46:30,744 : INFO : EventManager : Event: ======'varitarget_positions_hit'====== Args={'shot': 'varitarget_p1'}
2026-09-09 18:46:30,744 : INFO : EventManager : Event: ======'varitarget_positions_lit_hit'====== Args={'shot': 'varitarget_p1'}
2026-09-09 18:46:30,744 : INFO : EventManager : Event: ======'varitarget_update_stable'====== Args={'priority': 0}
2026-09-09 18:46:30,744 : INFO : Timer.varitarget_reset_timer : Stopping Timer
2026-09-09 18:46:30,744 : INFO : EventManager : Event: ======'timer_varitarget_reset_timer_stopped'====== Args={'ticks': 0, 'ticks_remaining': 999999}
2026-09-09 18:46:30,744 : INFO : EventManager : Event: ======'player_score'====== Args={'value': 1697982, 'prev_value': 1697940, 'change': 42, 'player_num': 1, 'source': 'base'}
2026-09-09 18:46:30,744 : INFO : SwitchController : <<<<<<< 's_64_varitarget_position_1' inactive >>>>>>>
2026-09-09 18:46:30,773 : INFO : SwitchController : <<<<<<< 's_64_varitarget_position_1' active >>>>>>>
2026-09-09 18:46:30,773 : INFO : EventManager : Event: ======'s_64_varitarget_position_1_active'====== Args={}
2026-09-09 18:46:30,773 : INFO : EventManager : Event: ======'sw_vari'====== Args={}
2026-09-09 18:46:30,773 : INFO : EventManager : Event: ======'machine_var_audits_switches_s_64_varitarget_position_1'====== Args={'value': 13575, 'prev_value': 13574, 'change': 1}
2026-09-09 18:46:30,773 : INFO : SwitchController : <<<<<<< 's_64_varitarget_position_1' inactive >>>>>>>
2026-09-09 18:46:30,774 : INFO : EventManager : Event: ======'glasses_pending_position_1'====== Args={'priority': 0}
2026-09-09 18:46:30,774 : INFO : EventManager : Event: ======'machine_var_audits_shots_varitarget_p1'====== Args={'value': 13552, 'prev_value': 13551, 'change': 1}
2026-09-09 18:46:30,774 : INFO : EventManager : Event: ======'varitarget_p1_hit'====== Args={'profile': 'default', 'state': 'lit', 'advancing': False}
2026-09-09 18:46:30,774 : INFO : EventManager : Event: ======'varitarget_p1_default_hit'====== Args={'profile': 'default', 'state': 'lit', 'advancing': False}
2026-09-09 18:46:30,774 : INFO : EventManager : Event: ======'varitarget_p1_default_lit_hit'====== Args={'profile': 'default', 'state': 'lit', 'advancing': False}
2026-09-09 18:46:30,774 : INFO : EventManager : Event: ======'varitarget_p1_lit_hit'====== Args={'profile': 'default', 'state': 'lit', 'advancing': False}
2026-09-09 18:46:30,774 : INFO : EventManager : Event: ======'varitarget_position_changed'====== Args={'priority': 0}
2026-09-09 18:46:30,774 : INFO : EventManager : Event: ======'varitarget_reset_stop'====== Args={'priority': 0}
2026-09-09 18:46:30,774 : INFO : EventManager : Event: ======'varitarget_reset_complete'====== Args={'priority': 0}
2026-09-09 18:46:30,774 : INFO : EventManager : Event: ======'glasses_position_confirm_restart'====== Args={'priority': 0}
2026-09-09 18:46:30,774 : INFO : EventManager : Event: ======'timer_glasses_position_confirm_tick'====== Args={'ticks': 0, 'ticks_remaining': 1}
2026-09-09 18:46:30,775 : INFO : EventManager : Event: ======'varitarget_positions_hit'====== Args={'shot': 'varitarget_p1'}
2026-09-09 18:46:30,775 : INFO : EventManager : Event: ======'varitarget_positions_lit_hit'====== Args={'shot': 'varitarget_p1'}
2026-09-09 18:46:30,775 : INFO : EventManager : Event: ======'varitarget_update_stable'====== Args={'priority': 0}
2026-09-09 18:46:30,775 : INFO : Timer.varitarget_reset_timer : Stopping Timer
2026-09-09 18:46:30,775 : INFO : EventManager : Event: ======'timer_varitarget_reset_timer_stopped'====== Args={'ticks': 0, 'ticks_remaining': 999999}
2026-09-09 18:46:30,775 : INFO : EventManager : Event: ======'player_score'====== Args={'value': 1698024, 'prev_value': 1697982, 'change': 42, 'player_num': 1, 'source': 'base'}
2026-09-09 18:46:30,915 : INFO : EventManager : Event: ======'player_glasses_mode_glasses_home_pulse_timer_tick'====== Args={'value': 8, 'prev_value': 7, 'change': 1, 'player_num': 1}
2026-09-09 18:46:30,915 : INFO : EventManager : Event: ======'timer_glasses_home_pulse_timer_tick'====== Args={'ticks': 8, 'ticks_remaining': 2}
2026-09-09 18:46:30,915 : INFO : EventManager : Event: ======'glasses_home_pulse'====== Args={'priority': 0}
2026-09-09 18:46:30,916 : INFO : coil.c_16_varitarget_reset : Pulsing Driver for 5ms (1.0 pulse_power)
2026-09-09 18:46:30,916 : INFO : EventManager : Event: ======'player_glasses_home_pulse_count'====== Args={'value': 9, 'prev_value': 8, 'change': 1, 'player_num': 1, 'source': 'glasses_mode'}
2026-09-09 18:46:31,120 : INFO : EventManager : Event: ======'player_glasses_mode_glasses_home_pulse_timer_tick'====== Args={'value': 9, 'prev_value': 8, 'change': 1, 'player_num': 1}
2026-09-09 18:46:31,120 : INFO : EventManager : Event: ======'timer_glasses_home_pulse_timer_tick'====== Args={'ticks': 9, 'ticks_remaining': 1}
2026-09-09 18:46:31,120 : INFO : EventManager : Event: ======'glasses_home_pulse'====== Args={'priority': 0}
2026-09-09 18:46:31,121 : INFO : coil.c_16_varitarget_reset : Pulsing Driver for 5ms (1.0 pulse_power)
2026-09-09 18:46:31,121 : INFO : EventManager : Event: ======'player_glasses_home_pulse_count'====== Args={'value': 10, 'prev_value': 9, 'change': 1, 'player_num': 1, 'source': 'glasses_mode'}
2026-09-09 18:46:31,326 : INFO : EventManager : Event: ======'player_glasses_mode_glasses_home_pulse_timer_tick'====== Args={'value': 10, 'prev_value': 9, 'change': 1, 'player_num': 1}
2026-09-09 18:46:31,327 : INFO : Timer.glasses_home_pulse_timer : Timer Complete
2026-09-09 18:46:31,327 : INFO : Timer.glasses_home_pulse_timer : Stopping Timer
2026-09-09 18:46:31,327 : INFO : EventManager : Event: ======'timer_glasses_home_pulse_timer_stopped'====== Args={'ticks': 10, 'ticks_remaining': 1}
2026-09-09 18:46:31,327 : INFO : EventManager : Event: ======'timer_glasses_home_pulse_timer_complete'====== Args={'ticks': 10, 'ticks_remaining': 1}
2026-09-09 18:46:31,328 : INFO : EventManager : Event: ======'glasses_home_pulse_timer_stop'====== Args={'priority': 0}
2026-09-09 18:46:31,329 : INFO : EventManager : Event: ======'varitarget_homing_failed'====== Args={'priority': 0}
2026-09-09 18:46:31,329 : INFO : Timer.glasses_home_pulse_timer : Stopping Timer
2026-09-09 18:46:31,329 : INFO : EventManager : Event: ======'timer_glasses_home_pulse_timer_stopped'====== Args={'ticks': 10, 'ticks_remaining': 1}
2026-09-09 18:46:31,329 : INFO : EventManager : Event: ======'glasses_homing_cancel'====== Args={'priority': 0}
2026-09-09 18:46:31,329 : INFO : EventManager : Event: ======'player_glasses_homing_active'====== Args={'value': 0, 'prev_value': 1, 'change': -1, 'player_num': 1, 'source': 'glasses_mode'}
2026-09-09 18:46:31,765 : INFO : EventManager : Event: ======'player_glasses_mode_glasses_position_confirm_tick'====== Args={'value': 1, 'prev_value': 0, 'change': 1, 'player_num': 1}
2026-09-09 18:46:31,765 : INFO : Timer.glasses_position_confirm : Timer Complete
2026-09-09 18:46:31,765 : INFO : Timer.glasses_position_confirm : Stopping Timer
2026-09-09 18:46:31,765 : INFO : EventManager : Event: ======'timer_glasses_position_confirm_stopped'====== Args={'ticks': 1, 'ticks_remaining': 1}
2026-09-09 18:46:31,765 : INFO : EventManager : Event: ======'timer_glasses_position_confirm_complete'====== Args={'ticks': 1, 'ticks_remaining': 1}
2026-09-09 18:46:31,766 : INFO : EventManager : Event: ======'varitarget_position_1_confirmed'====== Args={'priority': 0}
2026-09-09 18:46:31,766 : INFO : EventManager : Event: ======'glasses_enter_state_1'====== Args={'priority': 0}
2026-09-09 18:46:31,766 : INFO : EventManager : Event: ======'glasses_stop_all_shows'====== Args={'priority': 0}
2026-09-09 18:46:31,766 : INFO : EventManager : Event: ======'glasses_state_timer_stop'====== Args={'priority': 0}
2026-09-09 18:46:31,766 : INFO : EventManager : Event: ======'glasses_home_pulse_timer_stop'====== Args={'priority': 0}
2026-09-09 18:46:31,766 : INFO : EventManager : Event: ======'glasses_homing_cancel'====== Args={'priority': 0}
2026-09-09 18:46:31,766 : INFO : EventManager : Event: ======'player_glasses_current_state'====== Args={'value': 1, 'prev_value': 0, 'change': 1, 'player_num': 1, 'source': 'glasses_mode'}
2026-09-09 18:46:31,766 : INFO : EventManager : Event: ======'player_glasses_confirmed_position'====== Args={'value': 1, 'prev_value': 2, 'change': -1, 'player_num': 1, 'source': 'glasses_mode'}
2026-09-09 18:46:31,767 : INFO : Timer.glasses_state_timer : Stopping Timer
2026-09-09 18:46:31,767 : INFO : EventManager : Event: ======'timer_glasses_state_timer_stopped'====== Args={'ticks': 10, 'ticks_remaining': 1}
2026-09-09 18:46:31,767 : INFO : Timer.glasses_home_pulse_timer : Stopping Timer
2026-09-09 18:46:31,767 : INFO : EventManager : Event: ======'timer_glasses_home_pulse_timer_stopped'====== Args={'ticks': 10, 'ticks_remaining': 1}
2026-09-09 18:46:35,228 : INFO : SwitchController : <<<<<<< 's_29_trough_6' active >>>>>>>
2026-09-09 18:46:35,228 : INFO : EventManager : Event: ======'machine_var_audits_switches_s_29_trough_6'====== Args={'value': 1764, 'prev_value': 1763, 'change': 1}
2026-09-09 18:46:35,528 : INFO : SwitchController : <<<<<<< 's_29_trough_6' inactive >>>>>>>
2026-09-09 18:46:35,558 : INFO : SwitchController : <<<<<<< 's_28_trough_5' active >>>>>>>
2026-09-09 18:46:35,558 : INFO : EventManager : Event: ======'machine_var_audits_switches_s_28_trough_5'====== Args={'value': 1593, 'prev_value': 1592, 'change': 1}
2026-09-09 18:46:35,667 : INFO : SwitchController : <<<<<<< 's_29_trough_6' active >>>>>>>
2026-09-09 18:46:35,667 : INFO : EventManager : Event: ======'machine_var_audits_switches_s_29_trough_6'====== Args={'value': 1765, 'prev_value': 1764, 'change': 1}
2026-09-09 18:46:35,683 : INFO : SwitchController : <<<<<<< 's_28_trough_5' inactive >>>>>>>
2026-09-09 18:46:35,683 : INFO : SwitchController : <<<<<<< 's_27_trough_4' active >>>>>>>
2026-09-09 18:46:35,683 : INFO : EventManager : Event: ======'machine_var_audits_switches_s_27_trough_4'====== Args={'value': 1804, 'prev_value': 1803, 'change': 1}
2026-09-09 18:46:35,730 : INFO : SwitchController : <<<<<<< 's_29_trough_6' inactive >>>>>>>
2026-09-09 18:46:35,762 : INFO : SwitchController : <<<<<<< 's_27_trough_4' inactive >>>>>>>
2026-09-09 18:46:35,777 : INFO : SwitchController : <<<<<<< 's_26_trough_3' active >>>>>>>
2026-09-09 18:46:35,777 : INFO : EventManager : Event: ======'machine_var_audits_switches_s_26_trough_3'====== Args={'value': 2225, 'prev_value': 2224, 'change': 1}
2026-09-09 18:46:35,778 : INFO : SwitchController : <<<<<<< 's_28_trough_5' active >>>>>>>
2026-09-09 18:46:35,778 : INFO : EventManager : Event: ======'machine_var_audits_switches_s_28_trough_5'====== Args={'value': 1594, 'prev_value': 1593, 'change': 1}
2026-09-09 18:46:35,826 : INFO : SwitchController : <<<<<<< 's_29_trough_6' active >>>>>>>
2026-09-09 18:46:35,826 : INFO : EventManager : Event: ======'machine_var_audits_switches_s_29_trough_6'====== Args={'value': 1766, 'prev_value': 1765, 'change': 1}
2026-09-09 18:46:35,856 : INFO : SwitchController : <<<<<<< 's_26_trough_3' inactive >>>>>>>
2026-09-09 18:46:35,856 : INFO : SwitchController : <<<<<<< 's_25_trough_2' active >>>>>>>
2026-09-09 18:46:35,856 : INFO : EventManager : Event: ======'machine_var_audits_switches_s_25_trough_2'====== Args={'value': 2581, 'prev_value': 2580, 'change': 1}
2026-09-09 18:46:35,920 : INFO : SwitchController : <<<<<<< 's_25_trough_2' inactive >>>>>>>
2026-09-09 18:46:35,935 : INFO : SwitchController : <<<<<<< 's_24_trough_1' active >>>>>>>
2026-09-09 18:46:35,935 : INFO : EventManager : Event: ======'machine_var_audits_switches_s_24_trough_1'====== Args={'value': 2615, 'prev_value': 2614, 'change': 1}
2026-09-09 18:46:35,936 : INFO : SwitchController : <<<<<<< 's_28_trough_5' inactive >>>>>>>
2026-09-09 18:46:35,951 : INFO : SwitchController : <<<<<<< 's_29_trough_6' inactive >>>>>>>
2026-09-09 18:46:35,952 : INFO : SwitchController : <<<<<<< 's_27_trough_4' active >>>>>>>
2026-09-09 18:46:35,952 : INFO : EventManager : Event: ======'machine_var_audits_switches_s_27_trough_4'====== Args={'value': 1805, 'prev_value': 1804, 'change': 1}
2026-09-09 18:46:35,967 : INFO : SwitchController : <<<<<<< 's_28_trough_5' active >>>>>>>
2026-09-09 18:46:35,967 : INFO : EventManager : Event: ======'machine_var_audits_switches_s_28_trough_5'====== Args={'value': 1595, 'prev_value': 1594, 'change': 1}
2026-09-09 18:46:36,079 : INFO : SwitchController : <<<<<<< 's_27_trough_4' inactive >>>>>>>
2026-09-09 18:46:36,095 : INFO : SwitchController : <<<<<<< 's_28_trough_5' inactive >>>>>>>
2026-09-09 18:46:36,095 : INFO : SwitchController : <<<<<<< 's_26_trough_3' active >>>>>>>
2026-09-09 18:46:36,095 : INFO : EventManager : Event: ======'machine_var_audits_switches_s_26_trough_3'====== Args={'value': 2226, 'prev_value': 2225, 'change': 1}
2026-09-09 18:46:36,111 : INFO : SwitchController : <<<<<<< 's_27_trough_4' active >>>>>>>
2026-09-09 18:46:36,111 : INFO : EventManager : Event: ======'machine_var_audits_switches_s_27_trough_4'====== Args={'value': 1806, 'prev_value': 1805, 'change': 1}
2026-09-09 18:46:36,205 : INFO : SwitchController : <<<<<<< 's_26_trough_3' inactive >>>>>>>
2026-09-09 18:46:36,205 : INFO : SwitchController : <<<<<<< 's_27_trough_4' inactive >>>>>>>
2026-09-09 18:46:36,221 : INFO : SwitchController : <<<<<<< 's_25_trough_2' active >>>>>>>
2026-09-09 18:46:36,221 : INFO : EventManager : Event: ======'machine_var_audits_switches_s_25_trough_2'====== Args={'value': 2582, 'prev_value': 2581, 'change': 1}
2026-09-09 18:46:36,222 : INFO : SwitchController : <<<<<<< 's_26_trough_3' active >>>>>>>
2026-09-09 18:46:36,222 : INFO : EventManager : Event: ======'machine_var_audits_switches_s_26_trough_3'====== Args={'value': 2227, 'prev_value': 2226, 'change': 1}
2026-09-09 18:46:36,727 : INFO : EventManager : Event: ======'balldevice_bd_trough_ball_count_changed'====== Args={'balls': 3}
2026-09-09 18:46:36,727 : INFO : ball_device.bd_trough : Received unexpected ball
2026-09-09 18:46:36,728 : INFO : EventManager : Event: ======'balldevice_captured_from_playfield'====== Args={'balls': 1}
2026-09-09 18:46:36,728 : INFO : EventManager : Event: ======'sw_playfield_active'====== Args={'balls': 1}
2026-09-09 18:46:36,728 : INFO : EventManager : Event: ======'playfield_ball_count_change'====== Args={'balls': 1, 'change': -1}
2026-09-09 18:46:36,729 : INFO : EventManager : Event: ======'balldevice_bd_trough_ball_enter'====== Args={'new_balls': 1, 'unclaimed_balls': 1, 'new_available_balls': 1, 'device': <ball_device.bd_trough>}
2026-09-09 18:46:36,729 : INFO : EventManager : Event: ======'ball_drain'====== Args={'device': <ball_device.bd_trough>, 'balls': 1}
2026-09-09 18:46:36,729 : INFO : EventManager : Event: ======'balls_in_play'====== Args={'balls': 2}
2026-09-09 18:46:36,729 : INFO : EventManager : Event: ======'multiball_brain_rot_multiball_ball_lost'====== Args={}
2026-09-09 18:46:36,730 : INFO : EventManager : Event: ======'balldevice_balls_available'====== Args={}
2026-09-09 18:46:36,730 : INFO : EventManager : Event: ======'balldevice_bd_trough_ball_entered'====== Args={'new_balls': 1, 'device': <ball_device.bd_trough>}
2026-09-09 18:46:36,730 : INFO : ball_device.bd_trough : Received unexpected ball
2026-09-09 18:46:36,730 : INFO : EventManager : Event: ======'balldevice_captured_from_playfield'====== Args={'balls': 1}
2026-09-09 18:46:36,730 : INFO : EventManager : Event: ======'sw_playfield_active'====== Args={'balls': 1}
2026-09-09 18:46:36,730 : INFO : EventManager : Event: ======'playfield_ball_count_change'====== Args={'balls': 0, 'change': -1}
2026-09-09 18:46:36,731 : INFO : EventManager : Event: ======'balldevice_bd_trough_ball_enter'====== Args={'new_balls': 1, 'unclaimed_balls': 1, 'new_available_balls': 1, 'device': <ball_device.bd_trough>}
2026-09-09 18:46:36,731 : INFO : EventManager : Event: ======'ball_drain'====== Args={'device': <ball_device.bd_trough>, 'balls': 1}
2026-09-09 18:46:36,731 : INFO : EventManager : Event: ======'balls_in_play'====== Args={'balls': 1}
2026-09-09 18:46:36,731 : INFO : EventManager : Event: ======'multiball_brain_rot_multiball_ball_lost'====== Args={}
2026-09-09 18:46:36,731 : INFO : EventManager : Event: ======'multiball_brain_rot_multiball_ended'====== Args={}
2026-09-09 18:46:36,732 : INFO : EventManager : Event: ======'balldevice_balls_available'====== Args={}
2026-09-09 18:46:36,732 : INFO : EventManager : Event: ======'balldevice_bd_trough_ball_entered'====== Args={'new_balls': 1, 'device': <ball_device.bd_trough>}
2026-09-09 18:46:36,732 : INFO : ball_device.bd_trough : Received unexpected ball
2026-09-09 18:46:36,732 : INFO : EventManager : Event: ======'balldevice_captured_from_playfield'====== Args={'balls': 1}
2026-09-09 18:46:36,732 : INFO : EventManager : Event: ======'sw_playfield_active'====== Args={'balls': 1}
2026-09-09 18:46:36,732 : INFO : EventManager : Event: ======'playfield_active'====== Args={'source': None}
2026-09-09 18:46:36,732 : INFO : EventManager : Event: ======'unexpected_ball_on_playfield'====== Args={}
2026-09-09 18:46:36,732 : INFO : EventManager : Event: ======'playfield_ball_count_change'====== Args={'balls': -1, 'change': -1}
2026-09-09 18:46:36,733 : INFO : EventManager : Event: ======'balldevice_bd_trough_ball_enter'====== Args={'new_balls': 1, 'unclaimed_balls': 1, 'new_available_balls': 1, 'device': <ball_device.bd_trough>}
2026-09-09 18:46:36,733 : INFO : EventManager : Event: ======'ball_drain'====== Args={'device': <ball_device.bd_trough>, 'balls': 1}
2026-09-09 18:46:36,733 : INFO : EventManager : Event: ======'ball_will_end'====== Args={}
2026-09-09 18:46:36,733 : INFO : EventManager : Event: ======'balldevice_balls_available'====== Args={}
2026-09-09 18:46:36,733 : INFO : EventManager : Event: ======'balldevice_bd_trough_ball_entered'====== Args={'new_balls': 1, 'device': <ball_device.bd_trough>}
2026-09-09 18:46:36,734 : INFO : EventManager : Event: ======'mode_stars_mode_will_stop'====== Args={}
2026-09-09 18:46:36,734 : INFO : EventManager : Event: ======'mode_stars_mode_stopping'====== Args={}
2026-09-09 18:46:36,734 : INFO : EventManager : Event: ======'mode_spinner_2x_qualify_will_stop'====== Args={}
2026-09-09 18:46:36,734 : INFO : EventManager : Event: ======'mode_spinner_2x_qualify_stopping'====== Args={}
2026-09-09 18:46:36,734 : INFO : EventManager : Event: ======'awareness_consume_ready_display_stop'====== Args={'priority': 0}
2026-09-09 18:46:36,734 : INFO : EventManager : Event: ======'awareness_consume_ready_lightshow_stop'====== Args={'priority': 0}
2026-09-09 18:46:36,734 : INFO : EventManager : Event: ======'mode_base_will_stop'====== Args={}
2026-09-09 18:46:36,734 : INFO : EventManager : Event: ======'mode_base_stopping'====== Args={}
2026-09-09 18:46:36,736 : INFO : Mode.spinner_2x_qualify : Stopped.
2026-09-09 18:46:36,736 : INFO : EventManager : Event: ======'modes_active_modes_changed'====== Args={}
2026-09-09 18:46:36,736 : INFO : EventManager : Event: ======'mode_spinner_2x_qualify_stopped'====== Args={}
2026-09-09 18:46:36,736 : INFO : EventManager : Event: ======'clear'====== Args={'key': 'spinner_2x_qualify'}
2026-09-09 18:46:36,736 : INFO : Mode.stars_mode : Stopped.
2026-09-09 18:46:36,736 : INFO : EventManager : Event: ======'modes_active_modes_changed'====== Args={}
2026-09-09 18:46:36,737 : INFO : EventManager : Event: ======'mode_stars_mode_stopped'====== Args={}
2026-09-09 18:46:36,737 : INFO : EventManager : Event: ======'clear'====== Args={'key': 'stars_mode'}
2026-09-09 18:46:36,737 : INFO : EventManager : Event: ======'mode_glasses_mode_will_stop'====== Args={}
2026-09-09 18:46:36,737 : INFO : EventManager : Event: ======'mode_glasses_mode_stopping'====== Args={}
2026-09-09 18:46:36,737 : INFO : EventManager : Event: ======'mode_super_pops_will_stop'====== Args={}
2026-09-09 18:46:36,737 : INFO : EventManager : Event: ======'mode_super_pops_stopping'====== Args={}
2026-09-09 18:46:36,737 : INFO : Timer.varitarget_reset_timer : Stopping Timer
2026-09-09 18:46:36,737 : INFO : EventManager : Event: ======'timer_varitarget_reset_timer_stopped'====== Args={'ticks': 0, 'ticks_remaining': 999999}
2026-09-09 18:46:36,737 : INFO : Timer.varitarget_hit_settle : Stopping Timer
2026-09-09 18:46:36,737 : INFO : EventManager : Event: ======'timer_varitarget_hit_settle_stopped'====== Args={'ticks': 0, 'ticks_remaining': 1}
2026-09-09 18:46:36,737 : INFO : Mode.base : Stopped.
2026-09-09 18:46:36,737 : INFO : EventManager : Event: ======'modes_active_modes_changed'====== Args={}
2026-09-09 18:46:36,738 : INFO : EventManager : Event: ======'mode_base_stopped'====== Args={}
2026-09-09 18:46:36,738 : INFO : EventManager : Event: ======'clear'====== Args={'key': 'base'}
2026-09-09 18:46:36,738 : INFO : EventManager : Event: ======'mode_shotgun_will_stop'====== Args={}
2026-09-09 18:46:36,738 : INFO : EventManager : Event: ======'mode_shotgun_stopping'====== Args={}
2026-09-09 18:46:36,739 : INFO : Timer.varitarget_reset_timer : Stopping Timer
2026-09-09 18:46:36,739 : INFO : EventManager : Event: ======'timer_varitarget_reset_timer_stopped'====== Args={'ticks': 0, 'ticks_remaining': 999999}
2026-09-09 18:46:36,739 : INFO : Timer.varitarget_hit_settle : Stopping Timer
2026-09-09 18:46:36,739 : INFO : EventManager : Event: ======'timer_varitarget_hit_settle_stopped'====== Args={'ticks': 0, 'ticks_remaining': 1}
2026-09-09 18:46:36,740 : INFO : Mode.super_pops : Stopped.
2026-09-09 18:46:36,740 : INFO : EventManager : Event: ======'modes_active_modes_changed'====== Args={}
2026-09-09 18:46:36,740 : INFO : EventManager : Event: ======'mode_super_pops_stopped'====== Args={}
2026-09-09 18:46:36,740 : INFO : EventManager : Event: ======'clear'====== Args={'key': 'super_pops'}
2026-09-09 18:46:36,740 : INFO : Timer.super_pops_mult_timer : Stopping Timer
2026-09-09 18:46:36,740 : INFO : EventManager : Event: ======'timer_super_pops_mult_timer_stopped'====== Args={'ticks': 0, 'ticks_remaining': 1}
2026-09-09 18:46:36,740 : INFO : Timer.stars_10x_timer : Stopping Timer
2026-09-09 18:46:36,740 : INFO : EventManager : Event: ======'timer_stars_10x_timer_stopped'====== Args={'ticks': 0, 'ticks_remaining': 0}
2026-09-09 18:46:36,740 : INFO : Timer.stars_s80_hold : Stopping Timer
2026-09-09 18:46:36,740 : INFO : EventManager : Event: ======'timer_stars_s80_hold_stopped'====== Args={'ticks': 0, 'ticks_remaining': 0}
2026-09-09 18:46:36,740 : INFO : EventManager : Event: ======'ball_ending'====== Args={}
2026-09-09 18:46:36,741 : INFO : EventManager : Event: ======'glasses_stop_all_shows'====== Args={'priority': 0}
2026-09-09 18:46:36,741 : INFO : EventManager : Event: ======'glasses_position_confirm_stop'====== Args={'priority': 0}
2026-09-09 18:46:36,741 : INFO : EventManager : Event: ======'glasses_state_timer_stop'====== Args={'priority': 0}
2026-09-09 18:46:36,741 : INFO : EventManager : Event: ======'glasses_home_pulse_timer_stop'====== Args={'priority': 0}
2026-09-09 18:46:36,741 : INFO : EventManager : Event: ======'glasses_homing_cancel'====== Args={'priority': 0}
2026-09-09 18:46:36,741 : INFO : Timer.glasses_position_confirm : Stopping Timer
2026-09-09 18:46:36,741 : INFO : EventManager : Event: ======'timer_glasses_position_confirm_stopped'====== Args={'ticks': 1, 'ticks_remaining': 1}
2026-09-09 18:46:36,741 : INFO : Timer.glasses_state_timer : Stopping Timer
2026-09-09 18:46:36,741 : INFO : EventManager : Event: ======'timer_glasses_state_timer_stopped'====== Args={'ticks': 10, 'ticks_remaining': 1}
2026-09-09 18:46:36,741 : INFO : Timer.glasses_home_pulse_timer : Stopping Timer
2026-09-09 18:46:36,741 : INFO : EventManager : Event: ======'timer_glasses_home_pulse_timer_stopped'====== Args={'ticks': 10, 'ticks_remaining': 1}
2026-09-09 18:46:36,741 : INFO : Mode.glasses_mode : Stopped.
2026-09-09 18:46:36,741 : INFO : EventManager : Event: ======'modes_active_modes_changed'====== Args={}
2026-09-09 18:46:36,742 : INFO : EventManager : Event: ======'mode_glasses_mode_stopped'====== Args={}
2026-09-09 18:46:36,742 : INFO : EventManager : Event: ======'clear'====== Args={'key': 'glasses_mode'}
2026-09-09 18:46:36,742 : INFO : Timer.glasses_position_confirm : Stopping Timer
2026-09-09 18:46:36,742 : INFO : EventManager : Event: ======'timer_glasses_position_confirm_stopped'====== Args={'ticks': 1, 'ticks_remaining': 1}
2026-09-09 18:46:36,742 : INFO : Timer.glasses_state_timer : Stopping Timer
2026-09-09 18:46:36,742 : INFO : EventManager : Event: ======'timer_glasses_state_timer_stopped'====== Args={'ticks': 10, 'ticks_remaining': 1}
2026-09-09 18:46:36,742 : INFO : Timer.glasses_home_pulse_timer : Stopping Timer
2026-09-09 18:46:36,742 : INFO : EventManager : Event: ======'timer_glasses_home_pulse_timer_stopped'====== Args={'ticks': 10, 'ticks_remaining': 1}
2026-09-09 18:46:36,742 : INFO : Timer.glasses_home_pulse_timer : Stopping Timer
2026-09-09 18:46:36,742 : INFO : EventManager : Event: ======'timer_glasses_home_pulse_timer_stopped'====== Args={'ticks': 10, 'ticks_remaining': 1}
2026-09-09 18:46:36,742 : INFO : Timer.glasses_position_confirm : Stopping Timer
2026-09-09 18:46:36,742 : INFO : EventManager : Event: ======'timer_glasses_position_confirm_stopped'====== Args={'ticks': 1, 'ticks_remaining': 1}
2026-09-09 18:46:36,742 : INFO : Timer.glasses_state_timer : Stopping Timer
2026-09-09 18:46:36,742 : INFO : EventManager : Event: ======'timer_glasses_state_timer_stopped'====== Args={'ticks': 10, 'ticks_remaining': 1}
2026-09-09 18:46:36,742 : INFO : Timer.top_lane_a_countdown_timer : Stopping Timer
2026-09-09 18:46:36,742 : INFO : EventManager : Event: ======'timer_top_lane_a_countdown_timer_stopped'====== Args={'ticks': 30, 'ticks_remaining': 0}
2026-09-09 18:46:36,742 : INFO : Timer.top_lane_b_countdown_timer : Stopping Timer
2026-09-09 18:46:36,743 : INFO : EventManager : Event: ======'timer_top_lane_b_countdown_timer_stopped'====== Args={'ticks': 30, 'ticks_remaining': 0}
2026-09-09 18:46:36,743 : INFO : Timer.fourbank_reset_check_timer : Stopping Timer
2026-09-09 18:46:36,743 : INFO : EventManager : Event: ======'timer_fourbank_reset_check_timer_stopped'====== Args={'ticks': 0, 'ticks_remaining': 0}
2026-09-09 18:46:36,743 : INFO : Timer.fourbank_reset_retry_timer : Stopping Timer
2026-09-09 18:46:36,743 : INFO : EventManager : Event: ======'timer_fourbank_reset_retry_timer_stopped'====== Args={'ticks': 0, 'ticks_remaining': 0}
2026-09-09 18:46:36,743 : INFO : Timer.threebank_reset_check_timer : Stopping Timer
2026-09-09 18:46:36,743 : INFO : EventManager : Event: ======'timer_threebank_reset_check_timer_stopped'====== Args={'ticks': 0, 'ticks_remaining': 0}
2026-09-09 18:46:36,743 : INFO : Timer.threebank_reset_retry_timer : Stopping Timer
2026-09-09 18:46:36,743 : INFO : EventManager : Event: ======'timer_threebank_reset_retry_timer_stopped'====== Args={'ticks': 0, 'ticks_remaining': 0}
2026-09-09 18:46:36,743 : INFO : Mode.shotgun : Stopped.
2026-09-09 18:46:36,743 : INFO : EventManager : Event: ======'modes_active_modes_changed'====== Args={}
2026-09-09 18:46:36,744 : INFO : EventManager : Event: ======'mode_shotgun_stopped'====== Args={}
2026-09-09 18:46:36,744 : INFO : EventManager : Event: ======'clear'====== Args={'key': 'shotgun'}
2026-09-09 18:46:36,744 : INFO : Timer.drop_1_4_7_step_3_timer : Stopping Timer
2026-09-09 18:46:36,745 : INFO : EventManager : Event: ======'timer_drop_1_4_7_step_3_timer_stopped'====== Args={'ticks': 0, 'ticks_remaining': 0}
2026-09-09 18:46:36,745 : INFO : Timer.top_lane_b_countdown_timer : Stopping Timer
2026-09-09 18:46:36,745 : INFO : EventManager : Event: ======'timer_top_lane_b_countdown_timer_stopped'====== Args={'ticks': 30, 'ticks_remaining': 0}
2026-09-09 18:46:36,745 : INFO : Timer.threebank_reset_check_timer : Stopping Timer
2026-09-09 18:46:36,745 : INFO : EventManager : Event: ======'timer_threebank_reset_check_timer_stopped'====== Args={'ticks': 0, 'ticks_remaining': 0}
2026-09-09 18:46:36,745 : INFO : Timer.fourbank_drop_3_trip_timer : Stopping Timer
2026-09-09 18:46:36,745 : INFO : EventManager : Event: ======'timer_fourbank_drop_3_trip_timer_stopped'====== Args={'ticks': 0, 'ticks_remaining': 0}
2026-09-09 18:46:36,745 : INFO : Timer.threebank_drop_3_trip_timer : Stopping Timer
2026-09-09 18:46:36,745 : INFO : EventManager : Event: ======'timer_threebank_drop_3_trip_timer_stopped'====== Args={'ticks': 0, 'ticks_remaining': 0}
2026-09-09 18:46:36,745 : INFO : Timer.drop_1_4_7_step_4_timer : Stopping Timer
2026-09-09 18:46:36,745 : INFO : EventManager : Event: ======'timer_drop_1_4_7_step_4_timer_stopped'====== Args={'ticks': 0, 'ticks_remaining': 0}
2026-09-09 18:46:36,745 : INFO : Timer.fourbank_reset_check_timer : Stopping Timer
2026-09-09 18:46:36,746 : INFO : EventManager : Event: ======'timer_fourbank_reset_check_timer_stopped'====== Args={'ticks': 0, 'ticks_remaining': 0}
2026-09-09 18:46:36,746 : INFO : Timer.threebank_reset_retry_timer : Stopping Timer
2026-09-09 18:46:36,746 : INFO : EventManager : Event: ======'timer_threebank_reset_retry_timer_stopped'====== Args={'ticks': 0, 'ticks_remaining': 0}
2026-09-09 18:46:36,746 : INFO : Timer.threebank_drop_1_trip_timer : Stopping Timer
2026-09-09 18:46:36,746 : INFO : EventManager : Event: ======'timer_threebank_drop_1_trip_timer_stopped'====== Args={'ticks': 0, 'ticks_remaining': 0}
2026-09-09 18:46:36,746 : INFO : Timer.drop_1_4_7_step_2_timer : Stopping Timer
2026-09-09 18:46:36,746 : INFO : EventManager : Event: ======'timer_drop_1_4_7_step_2_timer_stopped'====== Args={'ticks': 0, 'ticks_remaining': 0}
2026-09-09 18:46:36,746 : INFO : Timer.drop_1_4_7_ready_timer : Stopping Timer
2026-09-09 18:46:36,746 : INFO : EventManager : Event: ======'timer_drop_1_4_7_ready_timer_stopped'====== Args={'ticks': 0, 'ticks_remaining': 0}
2026-09-09 18:46:36,746 : INFO : Timer.top_lane_a_countdown_timer : Stopping Timer
2026-09-09 18:46:36,746 : INFO : EventManager : Event: ======'timer_top_lane_a_countdown_timer_stopped'====== Args={'ticks': 30, 'ticks_remaining': 0}
2026-09-09 18:46:36,746 : INFO : Timer.fourbank_reset_retry_timer : Stopping Timer
2026-09-09 18:46:36,746 : INFO : EventManager : Event: ======'timer_fourbank_reset_retry_timer_stopped'====== Args={'ticks': 0, 'ticks_remaining': 0}
2026-09-09 18:46:36,746 : INFO : Timer.fourbank_drop_2_trip_timer : Stopping Timer
2026-09-09 18:46:36,746 : INFO : EventManager : Event: ======'timer_fourbank_drop_2_trip_timer_stopped'====== Args={'ticks': 0, 'ticks_remaining': 0}
2026-09-09 18:46:36,747 : INFO : Timer.threebank_drop_2_trip_timer : Stopping Timer
2026-09-09 18:46:36,747 : INFO : EventManager : Event: ======'timer_threebank_drop_2_trip_timer_stopped'====== Args={'ticks': 0, 'ticks_remaining': 0}
2026-09-09 18:46:36,747 : INFO : EventManager : Event: ======'mode_resistance_will_stop'====== Args={}
2026-09-09 18:46:36,747 : INFO : EventManager : Event: ======'mode_resistance_stopping'====== Args={}
2026-09-09 18:46:36,747 : INFO : EventManager : Event: ======'mode_bonus_will_start'====== Args={'queue': <QueuedEvent>}
2026-09-09 18:46:36,748 : INFO : EventManager : Event: ======'mode_bonus_starting'====== Args={'queue': <QueuedEvent>}
2026-09-09 18:46:36,748 : INFO : Mode.bonus : Started. Priority: 500
2026-09-09 18:46:36,748 : INFO : EventManager : Event: ======'modes_active_modes_changed'====== Args={}
2026-09-09 18:46:36,748 : INFO : EventManager : Event: ======'mode_bonus_started'====== Args={'queue': <QueuedEvent>}
2026-09-09 18:46:36,748 : INFO : EventManager : Event: ======'bonus_start'====== Args={}
2026-09-09 18:46:36,748 : INFO : Mode.resistance : Stopped.
2026-09-09 18:46:36,748 : INFO : EventManager : Event: ======'modes_active_modes_changed'====== Args={}
2026-09-09 18:46:36,748 : INFO : EventManager : Event: ======'mode_resistance_stopped'====== Args={}
2026-09-09 18:46:36,749 : INFO : EventManager : Event: ======'clear'====== Args={'key': 'resistance'}
2026-09-09 18:46:36,749 : INFO : Timer.resistance_qual_lights_10_5_timer : Stopping Timer
2026-09-09 18:46:36,749 : INFO : EventManager : Event: ======'timer_resistance_qual_lights_10_5_timer_stopped'====== Args={'ticks': 5, 'ticks_remaining': 0}
2026-09-09 18:46:36,749 : INFO : Timer.state_3_resistance_active_timer : Stopping Timer
2026-09-09 18:46:36,749 : INFO : EventManager : Event: ======'timer_state_3_resistance_active_timer_stopped'====== Args={'ticks': 15, 'ticks_remaining': 0}
2026-09-09 18:46:36,749 : INFO : Timer.state_5_resistance_active_timer : Stopping Timer
2026-09-09 18:46:36,749 : INFO : EventManager : Event: ======'timer_state_5_resistance_active_timer_stopped'====== Args={'ticks': 10, 'ticks_remaining': 0}
2026-09-09 18:46:36,749 : INFO : Timer.right_inlane_countdown_timer : Stopping Timer
2026-09-09 18:46:36,749 : INFO : EventManager : Event: ======'timer_right_inlane_countdown_timer_stopped'====== Args={'ticks': 15, 'ticks_remaining': 0}
2026-09-09 18:46:36,749 : INFO : Timer.resistance_qual_lights_4_0_timer : Stopping Timer
2026-09-09 18:46:36,749 : INFO : EventManager : Event: ======'timer_resistance_qual_lights_4_0_timer_stopped'====== Args={'ticks': 4, 'ticks_remaining': 0}
2026-09-09 18:46:36,749 : INFO : Timer.state_4_resistance_active_timer : Stopping Timer
2026-09-09 18:46:36,749 : INFO : EventManager : Event: ======'timer_state_4_resistance_active_timer_stopped'====== Args={'ticks': 15, 'ticks_remaining': 0}
2026-09-09 18:46:36,749 : INFO : Timer.resistance_qual_lights_15_11_timer : Stopping Timer
2026-09-09 18:46:36,749 : INFO : EventManager : Event: ======'timer_resistance_qual_lights_15_11_timer_stopped'====== Args={'ticks': 4, 'ticks_remaining': 0}
2026-09-09 18:46:36,749 : INFO : Timer.state_2_resistance_active_timer : Stopping Timer
2026-09-09 18:46:36,750 : INFO : EventManager : Event: ======'timer_state_2_resistance_active_timer_stopped'====== Args={'ticks': 15, 'ticks_remaining': 0}
2026-09-09 18:46:36,780 : INFO : EventManager : Event: ======'slide_bonus_created'====== Args={'_from_bcp': True}
2026-09-09 18:46:36,780 : INFO : EventManager : Event: ======'slide_base_slide_inactive'====== Args={'is_removing': True, '_from_bcp': True}
2026-09-09 18:46:36,781 : INFO : EventManager : Event: ======'slide_bonus_active'====== Args={'original_context': 'bonus', 'original_calling_context': 'mode_bonus_started', 'priority': 500.0, 'queue': '<QueuedEvent>', 'cmd': 'slides_play', '_from_bcp': True}
2026-09-09 18:46:36,797 : INFO : EventManager : Event: ======'slide_base_slide_removed'====== Args={'_from_bcp': True}
2026-09-09 18:46:38,229 : INFO : Mode.bonus : Bonus Entry 'base_bonus': score: 0 player_score_entry: bonus_count=0
2026-09-09 18:46:38,229 : INFO : EventManager : Event: ======'bonus_entry'====== Args={'entry': 'base_bonus', 'score': 0, 'text': 'BONUS', 'bonus_score': 0, 'hits': 0}
2026-09-09 18:46:39,726 : INFO : EventManager : Event: ======'bonus_entry'====== Args={'entry': 'total', 'text': 'Total Bonus', 'score': 0}
2026-09-09 18:46:41,229 : INFO : EventManager : Event: ======'player_bonus_multiplier'====== Args={'value': 1, 'prev_value': 0, 'change': 1, 'player_num': 1}
2026-09-09 18:46:41,229 : INFO : EventManager : Event: ======'mode_bonus_will_stop'====== Args={}
2026-09-09 18:46:41,229 : INFO : EventManager : Event: ======'mode_bonus_stopping'====== Args={}
2026-09-09 18:46:41,229 : INFO : Mode.bonus : Stopped.
2026-09-09 18:46:41,229 : INFO : EventManager : Event: ======'modes_active_modes_changed'====== Args={}
2026-09-09 18:46:41,230 : INFO : EventManager : Event: ======'mode_bonus_stopped'====== Args={}
2026-09-09 18:46:41,230 : INFO : EventManager : Event: ======'clear'====== Args={'key': 'bonus'}
2026-09-09 18:46:41,231 : INFO : EventManager : Event: ======'mode_autoplunge_will_stop'====== Args={}
2026-09-09 18:46:41,231 : INFO : EventManager : Event: ======'mode_autoplunge_stopping'====== Args={}
2026-09-09 18:46:41,231 : INFO : Timer.t_auto_plunge : Stopping Timer
2026-09-09 18:46:41,231 : INFO : EventManager : Event: ======'timer_t_auto_plunge_stopped'====== Args={'ticks': 9, 'ticks_remaining': 9}
2026-09-09 18:46:41,231 : INFO : EventManager : Event: ======'mode_brian_combo_will_stop'====== Args={}
2026-09-09 18:46:41,232 : INFO : EventManager : Event: ======'mode_brian_combo_stopping'====== Args={}
2026-09-09 18:46:41,232 : INFO : EventManager : Event: ======'mode_awareness_will_stop'====== Args={}
2026-09-09 18:46:41,232 : INFO : EventManager : Event: ======'mode_awareness_stopping'====== Args={}
2026-09-09 18:46:41,232 : INFO : Mode.awareness : Stopped.
2026-09-09 18:46:41,232 : INFO : EventManager : Event: ======'modes_active_modes_changed'====== Args={}
2026-09-09 18:46:41,232 : INFO : EventManager : Event: ======'mode_awareness_stopped'====== Args={}
2026-09-09 18:46:41,233 : INFO : EventManager : Event: ======'clear'====== Args={'key': 'awareness'}
2026-09-09 18:46:41,233 : INFO : Mode.brian_combo : Stopped.
2026-09-09 18:46:41,233 : INFO : EventManager : Event: ======'modes_active_modes_changed'====== Args={}
2026-09-09 18:46:41,233 : INFO : EventManager : Event: ======'mode_brian_combo_stopped'====== Args={}
2026-09-09 18:46:41,233 : INFO : EventManager : Event: ======'clear'====== Args={'key': 'brian_combo'}
2026-09-09 18:46:41,233 : INFO : Mode.autoplunge : Stopped.
2026-09-09 18:46:41,233 : INFO : EventManager : Event: ======'modes_active_modes_changed'====== Args={}
2026-09-09 18:46:41,233 : INFO : EventManager : Event: ======'mode_autoplunge_stopped'====== Args={}
2026-09-09 18:46:41,233 : INFO : EventManager : Event: ======'clear'====== Args={'key': 'autoplunge'}
2026-09-09 18:46:41,233 : INFO : Timer.t_auto_plunge : Stopping Timer
2026-09-09 18:46:41,233 : INFO : EventManager : Event: ======'timer_t_auto_plunge_stopped'====== Args={'ticks': 9, 'ticks_remaining': 9}
2026-09-09 18:46:41,234 : INFO : EventManager : Event: ======'ball_ended'====== Args={}
2026-09-09 18:46:41,235 : INFO : EventManager : Event: ======'player_turn_will_end'====== Args={'player': <Player 1>, 'number': 1}
2026-09-09 18:46:41,240 : INFO : EventManager : Event: ======'player_turn_ending'====== Args={'player': <Player 1>, 'number': 1}
2026-09-09 18:46:41,241 : INFO : EventManager : Event: ======'player_turn_ended'====== Args={'player': <Player 1>, 'number': 1}
2026-09-09 18:46:41,241 : INFO : EventManager : Event: ======'player_turn_will_start'====== Args={'player': <Player 1>, 'number': 1}
2026-09-09 18:46:41,242 : INFO : EventManager : Event: ======'player_turn_starting'====== Args={'player': <Player 1>, 'number': 1}
2026-09-09 18:46:41,242 : INFO : EventManager : Event: ======'player_ball'====== Args={'value': 2, 'prev_value': 1, 'change': 1, 'player_num': 1}
2026-09-09 18:46:41,243 : INFO : EventManager : Event: ======'player_turn_started'====== Args={'player': <Player 1>, 'number': 1}
2026-09-09 18:46:41,243 : INFO : EventManager : Event: ======'ball_will_start'====== Args={'player': 1, 'ball': 2, 'balls_remaining': 1, 'is_extra_ball': False}
2026-09-09 18:46:41,243 : INFO : EventManager : Event: ======'ball_starting'====== Args={'player': 1, 'ball': 2, 'balls_remaining': 1, 'is_extra_ball': False}
2026-09-09 18:46:41,244 : INFO : EventManager : Event: ======'mode_skillshot_will_start'====== Args={'queue': <QueuedEvent>, 'player': 1, 'ball': 2, 'balls_remaining': 1, 'is_extra_ball': False}
2026-09-09 18:46:41,252 : INFO : EventManager : Event: ======'mode_skillshot_starting'====== Args={'queue': <QueuedEvent>, 'player': 1, 'ball': 2, 'balls_remaining': 1, 'is_extra_ball': False}
2026-09-09 18:46:41,252 : INFO : EventManager : Event: ======'mode_awareness_will_start'====== Args={'queue': <QueuedEvent>, 'player': 1, 'ball': 2, 'balls_remaining': 1, 'is_extra_ball': False}
2026-09-09 18:46:41,255 : INFO : EventManager : Event: ======'mode_awareness_starting'====== Args={'queue': <QueuedEvent>, 'player': 1, 'ball': 2, 'balls_remaining': 1, 'is_extra_ball': False}
2026-09-09 18:46:41,255 : INFO : EventManager : Event: ======'mode_base_will_start'====== Args={'queue': <QueuedEvent>, 'player': 1, 'ball': 2, 'balls_remaining': 1, 'is_extra_ball': False}
2026-09-09 18:46:41,258 : INFO : EventManager : Event: ======'player_base_varitarget_hit_settle_tick'====== Args={'value': 3, 'prev_value': 0, 'change': 3, 'player_num': 1}
2026-09-09 18:46:41,265 : INFO : EventManager : Event: ======'mode_base_starting'====== Args={'queue': <QueuedEvent>, 'player': 1, 'ball': 2, 'balls_remaining': 1, 'is_extra_ball': False}
2026-09-09 18:46:41,265 : INFO : coil.c_31_single_drop_1_reset : Pulsing Driver for 20ms (1.0 pulse_power)
2026-09-09 18:46:41,266 : INFO : Mode.base : Started. Priority: 100
2026-09-09 18:46:41,266 : INFO : EventManager : Event: ======'modes_active_modes_changed'====== Args={}
2026-09-09 18:46:41,266 : INFO : EventManager : Event: ======'mode_base_started'====== Args={'queue': <QueuedEvent>, 'player': 1, 'ball': 2, 'balls_remaining': 1, 'is_extra_ball': False}
2026-09-09 18:46:41,266 : INFO : EventManager : Event: ======'mode_glasses_mode_will_start'====== Args={'queue': <QueuedEvent>, 'player': 1, 'ball': 2, 'balls_remaining': 1, 'is_extra_ball': False}
2026-09-09 18:46:41,266 : INFO : EventManager : Event: ======'player_glasses_mode_glasses_position_confirm_tick'====== Args={'value': 0, 'prev_value': 1, 'change': -1, 'player_num': 1}
2026-09-09 18:46:41,266 : INFO : EventManager : Event: ======'player_glasses_mode_glasses_state_timer_tick'====== Args={'value': 0, 'prev_value': 10, 'change': -10, 'player_num': 1}
2026-09-09 18:46:41,266 : INFO : EventManager : Event: ======'player_glasses_mode_glasses_home_pulse_timer_tick'====== Args={'value': 0, 'prev_value': 10, 'change': -10, 'player_num': 1}
2026-09-09 18:46:41,271 : INFO : EventManager : Event: ======'mode_glasses_mode_starting'====== Args={'queue': <QueuedEvent>, 'player': 1, 'ball': 2, 'balls_remaining': 1, 'is_extra_ball': False}
2026-09-09 18:46:41,271 : INFO : EventManager : Event: ======'mode_super_pops_will_start'====== Args={'queue': <QueuedEvent>, 'player': 1, 'ball': 2, 'balls_remaining': 1, 'is_extra_ball': False}
2026-09-09 18:46:41,272 : INFO : EventManager : Unordered handler for class <Auditor> on event game_ended with priority 1. Handlers: [RegisteredHandler(callback=<bound method Auditor.disable of <Auditor>>, priority=1, kwargs={}, key=UUID('983999e7-9616-4633-afd5-f98d56c6010e'), condition=None, blocking_facility=None), RegisteredHandler(callback=<bound method Auditor._save_audits of <Auditor>>, priority=1, kwargs={}, key=UUID('7742616c-715d-4deb-ae82-eaadcfbeff5c'), condition=None, blocking_facility=None)]. The order of those handlers is not defined and they will be executed in random order. This might lead to race conditions and potential bugs.
2026-09-09 18:46:41,274 : INFO : EventManager : Event: ======'mode_super_pops_starting'====== Args={'queue': <QueuedEvent>, 'player': 1, 'ball': 2, 'balls_remaining': 1, 'is_extra_ball': False}
2026-09-09 18:46:41,274 : INFO : EventManager : Event: ======'mode_spinner_2x_qualify_will_start'====== Args={'queue': <QueuedEvent>, 'player': 1, 'ball': 2, 'balls_remaining': 1, 'is_extra_ball': False}
2026-09-09 18:46:41,276 : INFO : EventManager : Event: ======'mode_spinner_2x_qualify_starting'====== Args={'queue': <QueuedEvent>, 'player': 1, 'ball': 2, 'balls_remaining': 1, 'is_extra_ball': False}
2026-09-09 18:46:41,276 : INFO : EventManager : Event: ======'mode_shotgun_will_start'====== Args={'queue': <QueuedEvent>, 'player': 1, 'ball': 2, 'balls_remaining': 1, 'is_extra_ball': False}
2026-09-09 18:46:41,276 : INFO : EventManager : Unordered handler for class <timer.top_lane_a_countdown_timer> on event shotgun_stop_all with priority 1. Handlers: [RegisteredHandler(callback=<bound method Timer.stop of <timer.top_lane_a_countdown_timer>>, priority=1, kwargs={}, key=UUID('a2e21bb8-b82d-4ac0-bd66-ff500e831b70'), condition=None, blocking_facility=None), RegisteredHandler(callback=<bound method Timer.reset of <timer.top_lane_a_countdown_timer>>, priority=1, kwargs={}, key=UUID('acfc2539-b4d5-41d3-a4c1-478718c7f410'), condition=None, blocking_facility=None)]. The order of those handlers is not defined and they will be executed in random order. This might lead to race conditions and potential bugs.
2026-09-09 18:46:41,277 : INFO : EventManager : Unordered handler for class <timer.top_lane_a_countdown_timer> on event shotgun_stop_all with priority 1. Handlers: [RegisteredHandler(callback=<bound method Timer.stop of <timer.top_lane_a_countdown_timer>>, priority=1, kwargs={}, key=UUID('a2e21bb8-b82d-4ac0-bd66-ff500e831b70'), condition=None, blocking_facility=None), RegisteredHandler(callback=<bound method Timer.reset of <timer.top_lane_a_countdown_timer>>, priority=1, kwargs={}, key=UUID('acfc2539-b4d5-41d3-a4c1-478718c7f410'), condition=None, blocking_facility=None)]. The order of those handlers is not defined and they will be executed in random order. This might lead to race conditions and potential bugs.
2026-09-09 18:46:41,277 : INFO : EventManager : Unordered handler for class <timer.top_lane_a_countdown_timer> on event shotgun_stop_all with priority 1. Handlers: [RegisteredHandler(callback=<bound method Timer.stop of <timer.top_lane_a_countdown_timer>>, priority=1, kwargs={}, key=UUID('a2e21bb8-b82d-4ac0-bd66-ff500e831b70'), condition=None, blocking_facility=None), RegisteredHandler(callback=<bound method Timer.reset of <timer.top_lane_a_countdown_timer>>, priority=1, kwargs={}, key=UUID('acfc2539-b4d5-41d3-a4c1-478718c7f410'), condition=None, blocking_facility=None)]. The order of those handlers is not defined and they will be executed in random order. This might lead to race conditions and potential bugs.
2026-09-09 18:46:41,277 : INFO : EventManager : Unordered handler for class <timer.top_lane_b_countdown_timer> on event shotgun_stop_all with priority 1. Handlers: [RegisteredHandler(callback=<bound method Timer.stop of <timer.top_lane_b_countdown_timer>>, priority=1, kwargs={}, key=UUID('97a62ebe-bf5f-4fa9-a2cb-63adeb69dcae'), condition=None, blocking_facility=None), RegisteredHandler(callback=<bound method Timer.reset of <timer.top_lane_b_countdown_timer>>, priority=1, kwargs={}, key=UUID('b2a1bd6b-9f6a-4d5f-b02c-9a6cbdfe5bc2'), condition=None, blocking_facility=None)]. The order of those handlers is not defined and they will be executed in random order. This might lead to race conditions and potential bugs.
2026-09-09 18:46:41,277 : INFO : EventManager : Unordered handler for class <timer.top_lane_a_countdown_timer> on event shotgun_stop_all with priority 1. Handlers: [RegisteredHandler(callback=<bound method Timer.stop of <timer.top_lane_a_countdown_timer>>, priority=1, kwargs={}, key=UUID('a2e21bb8-b82d-4ac0-bd66-ff500e831b70'), condition=None, blocking_facility=None), RegisteredHandler(callback=<bound method Timer.reset of <timer.top_lane_a_countdown_timer>>, priority=1, kwargs={}, key=UUID('acfc2539-b4d5-41d3-a4c1-478718c7f410'), condition=None, blocking_facility=None)]. The order of those handlers is not defined and they will be executed in random order. This might lead to race conditions and potential bugs.
2026-09-09 18:46:41,277 : INFO : EventManager : Unordered handler for class <timer.top_lane_b_countdown_timer> on event shotgun_stop_all with priority 1. Handlers: [RegisteredHandler(callback=<bound method Timer.stop of <timer.top_lane_b_countdown_timer>>, priority=1, kwargs={}, key=UUID('97a62ebe-bf5f-4fa9-a2cb-63adeb69dcae'), condition=None, blocking_facility=None), RegisteredHandler(callback=<bound method Timer.reset of <timer.top_lane_b_countdown_timer>>, priority=1, kwargs={}, key=UUID('b2a1bd6b-9f6a-4d5f-b02c-9a6cbdfe5bc2'), condition=None, blocking_facility=None)]. The order of those handlers is not defined and they will be executed in random order. This might lead to race conditions and potential bugs.
2026-09-09 18:46:41,278 : INFO : EventManager : Unordered handler for class <timer.top_lane_a_countdown_timer> on event shotgun_stop_all with priority 1. Handlers: [RegisteredHandler(callback=<bound method Timer.stop of <timer.top_lane_a_countdown_timer>>, priority=1, kwargs={}, key=UUID('a2e21bb8-b82d-4ac0-bd66-ff500e831b70'), condition=None, blocking_facility=None), RegisteredHandler(callback=<bound method Timer.reset of <timer.top_lane_a_countdown_timer>>, priority=1, kwargs={}, key=UUID('acfc2539-b4d5-41d3-a4c1-478718c7f410'), condition=None, blocking_facility=None)]. The order of those handlers is not defined and they will be executed in random order. This might lead to race conditions and potential bugs.
2026-09-09 18:46:41,278 : INFO : EventManager : Unordered handler for class <timer.top_lane_b_countdown_timer> on event shotgun_stop_all with priority 1. Handlers: [RegisteredHandler(callback=<bound method Timer.stop of <timer.top_lane_b_countdown_timer>>, priority=1, kwargs={}, key=UUID('97a62ebe-bf5f-4fa9-a2cb-63adeb69dcae'), condition=None, blocking_facility=None), RegisteredHandler(callback=<bound method Timer.reset of <timer.top_lane_b_countdown_timer>>, priority=1, kwargs={}, key=UUID('b2a1bd6b-9f6a-4d5f-b02c-9a6cbdfe5bc2'), condition=None, blocking_facility=None)]. The order of those handlers is not defined and they will be executed in random order. This might lead to race conditions and potential bugs.
2026-09-09 18:46:41,278 : INFO : EventManager : Unordered handler for class <timer.top_lane_a_countdown_timer> on event shotgun_stop_all with priority 1. Handlers: [RegisteredHandler(callback=<bound method Timer.stop of <timer.top_lane_a_countdown_timer>>, priority=1, kwargs={}, key=UUID('a2e21bb8-b82d-4ac0-bd66-ff500e831b70'), condition=None, blocking_facility=None), RegisteredHandler(callback=<bound method Timer.reset of <timer.top_lane_a_countdown_timer>>, priority=1, kwargs={}, key=UUID('acfc2539-b4d5-41d3-a4c1-478718c7f410'), condition=None, blocking_facility=None)]. The order of those handlers is not defined and they will be executed in random order. This might lead to race conditions and potential bugs.
2026-09-09 18:46:41,278 : INFO : EventManager : Unordered handler for class <timer.top_lane_b_countdown_timer> on event shotgun_stop_all with priority 1. Handlers: [RegisteredHandler(callback=<bound method Timer.stop of <timer.top_lane_b_countdown_timer>>, priority=1, kwargs={}, key=UUID('97a62ebe-bf5f-4fa9-a2cb-63adeb69dcae'), condition=None, blocking_facility=None), RegisteredHandler(callback=<bound method Timer.reset of <timer.top_lane_b_countdown_timer>>, priority=1, kwargs={}, key=UUID('b2a1bd6b-9f6a-4d5f-b02c-9a6cbdfe5bc2'), condition=None, blocking_facility=None)]. The order of those handlers is not defined and they will be executed in random order. This might lead to race conditions and potential bugs.
2026-09-09 18:46:41,278 : INFO : EventManager : Unordered handler for class <timer.top_lane_a_countdown_timer> on event shotgun_stop_all with priority 1. Handlers: [RegisteredHandler(callback=<bound method Timer.stop of <timer.top_lane_a_countdown_timer>>, priority=1, kwargs={}, key=UUID('a2e21bb8-b82d-4ac0-bd66-ff500e831b70'), condition=None, blocking_facility=None), RegisteredHandler(callback=<bound method Timer.reset of <timer.top_lane_a_countdown_timer>>, priority=1, kwargs={}, key=UUID('acfc2539-b4d5-41d3-a4c1-478718c7f410'), condition=None, blocking_facility=None)]. The order of those handlers is not defined and they will be executed in random order. This might lead to race conditions and potential bugs.
2026-09-09 18:46:41,279 : INFO : EventManager : Unordered handler for class <timer.top_lane_b_countdown_timer> on event shotgun_stop_all with priority 1. Handlers: [RegisteredHandler(callback=<bound method Timer.stop of <timer.top_lane_b_countdown_timer>>, priority=1, kwargs={}, key=UUID('97a62ebe-bf5f-4fa9-a2cb-63adeb69dcae'), condition=None, blocking_facility=None), RegisteredHandler(callback=<bound method Timer.reset of <timer.top_lane_b_countdown_timer>>, priority=1, kwargs={}, key=UUID('b2a1bd6b-9f6a-4d5f-b02c-9a6cbdfe5bc2'), condition=None, blocking_facility=None)]. The order of those handlers is not defined and they will be executed in random order. This might lead to race conditions and potential bugs.
2026-09-09 18:46:41,284 : INFO : EventManager : Unordered handler for class <timer.top_lane_a_countdown_timer> on event shotgun_stop_all with priority 1. Handlers: [RegisteredHandler(callback=<bound method Timer.stop of <timer.top_lane_a_countdown_timer>>, priority=1, kwargs={}, key=UUID('a2e21bb8-b82d-4ac0-bd66-ff500e831b70'), condition=None, blocking_facility=None), RegisteredHandler(callback=<bound method Timer.reset of <timer.top_lane_a_countdown_timer>>, priority=1, kwargs={}, key=UUID('acfc2539-b4d5-41d3-a4c1-478718c7f410'), condition=None, blocking_facility=None)]. The order of those handlers is not defined and they will be executed in random order. This might lead to race conditions and potential bugs.
2026-09-09 18:46:41,285 : INFO : EventManager : Unordered handler for class <timer.top_lane_b_countdown_timer> on event shotgun_stop_all with priority 1. Handlers: [RegisteredHandler(callback=<bound method Timer.stop of <timer.top_lane_b_countdown_timer>>, priority=1, kwargs={}, key=UUID('97a62ebe-bf5f-4fa9-a2cb-63adeb69dcae'), condition=None, blocking_facility=None), RegisteredHandler(callback=<bound method Timer.reset of <timer.top_lane_b_countdown_timer>>, priority=1, kwargs={}, key=UUID('b2a1bd6b-9f6a-4d5f-b02c-9a6cbdfe5bc2'), condition=None, blocking_facility=None)]. The order of those handlers is not defined and they will be executed in random order. This might lead to race conditions and potential bugs.
2026-09-09 18:46:41,286 : INFO : EventManager : Unordered handler for class <timer.top_lane_a_countdown_timer> on event shotgun_stop_all with priority 1. Handlers: [RegisteredHandler(callback=<bound method Timer.stop of <timer.top_lane_a_countdown_timer>>, priority=1, kwargs={}, key=UUID('a2e21bb8-b82d-4ac0-bd66-ff500e831b70'), condition=None, blocking_facility=None), RegisteredHandler(callback=<bound method Timer.reset of <timer.top_lane_a_countdown_timer>>, priority=1, kwargs={}, key=UUID('acfc2539-b4d5-41d3-a4c1-478718c7f410'), condition=None, blocking_facility=None)]. The order of those handlers is not defined and they will be executed in random order. This might lead to race conditions and potential bugs.
2026-09-09 18:46:41,286 : INFO : EventManager : Unordered handler for class <timer.top_lane_b_countdown_timer> on event shotgun_stop_all with priority 1. Handlers: [RegisteredHandler(callback=<bound method Timer.stop of <timer.top_lane_b_countdown_timer>>, priority=1, kwargs={}, key=UUID('97a62ebe-bf5f-4fa9-a2cb-63adeb69dcae'), condition=None, blocking_facility=None), RegisteredHandler(callback=<bound method Timer.reset of <timer.top_lane_b_countdown_timer>>, priority=1, kwargs={}, key=UUID('b2a1bd6b-9f6a-4d5f-b02c-9a6cbdfe5bc2'), condition=None, blocking_facility=None)]. The order of those handlers is not defined and they will be executed in random order. This might lead to race conditions and potential bugs.
2026-09-09 18:46:41,288 : INFO : EventManager : Event: ======'mode_shotgun_starting'====== Args={'queue': <QueuedEvent>, 'player': 1, 'ball': 2, 'balls_remaining': 1, 'is_extra_ball': False}
2026-09-09 18:46:41,288 : INFO : EventManager : Event: ======'varitarget_yaml_loaded'====== Args={'priority': 0}
2026-09-09 18:46:41,288 : INFO : EventManager : Event: ======'player_varitarget_reset_attempts'====== Args={'value': 0, 'prev_value': 2, 'change': -2, 'player_num': 1, 'source': 'base'}
2026-09-09 18:46:41,289 : INFO : EventManager : Event: ======'player_varitarget_hit_max_pos'====== Args={'value': 1, 'prev_value': 2, 'change': -1, 'player_num': 1, 'source': 'base'}
2026-09-09 18:46:41,289 : INFO : EventManager : Event: ======'player_varitarget_hit_moved'====== Args={'value': 0, 'prev_value': 1, 'change': -1, 'player_num': 1, 'source': 'base'}
2026-09-09 18:46:41,289 : INFO : Mode.shotgun : Started. Priority: 120
2026-09-09 18:46:41,289 : INFO : EventManager : Event: ======'modes_active_modes_changed'====== Args={}
2026-09-09 18:46:41,289 : INFO : EventManager : Event: ======'mode_shotgun_started'====== Args={'queue': <QueuedEvent>, 'player': 1, 'ball': 2, 'balls_remaining': 1, 'is_extra_ball': False}
2026-09-09 18:46:41,289 : INFO : EventManager : Event: ======'shotgun_all_lights_off'====== Args={'priority': 0}
2026-09-09 18:46:41,289 : INFO : EventManager : Event: ======'shotgun_lane_a_relight'====== Args={'priority': 0}
2026-09-09 18:46:41,290 : INFO : Mode.spinner_2x_qualify : Started. Priority: 150
2026-09-09 18:46:41,290 : INFO : EventManager : Event: ======'modes_active_modes_changed'====== Args={}
2026-09-09 18:46:41,290 : INFO : EventManager : Event: ======'mode_spinner_2x_qualify_started'====== Args={'queue': <QueuedEvent>, 'player': 1, 'ball': 2, 'balls_remaining': 1, 'is_extra_ball': False}
2026-09-09 18:46:41,290 : INFO : EventManager : Event: ======'spinner_2x_stop'====== Args={'priority': 0}
2026-09-09 18:46:41,290 : INFO : EventManager : Event: ======'player_top_lane_c_lit'====== Args={'value': 0, 'prev_value': 1, 'change': -1, 'player_num': 1, 'source': 'spinner_2x_qualify'}
2026-09-09 18:46:41,290 : INFO : Mode.glasses_mode : Started. Priority: 800
2026-09-09 18:46:41,290 : INFO : EventManager : Event: ======'modes_active_modes_changed'====== Args={}
2026-09-09 18:46:41,290 : INFO : EventManager : Event: ======'mode_glasses_mode_started'====== Args={'queue': <QueuedEvent>, 'player': 1, 'ball': 2, 'balls_remaining': 1, 'is_extra_ball': False}
2026-09-09 18:46:41,290 : INFO : EventManager : Event: ======'glasses_mode_loaded'====== Args={'priority': 0}
2026-09-09 18:46:41,290 : INFO : EventManager : Event: ======'glasses_stop_all_shows'====== Args={'priority': 0}
2026-09-09 18:46:41,290 : INFO : EventManager : Event: ======'glasses_init_vars'====== Args={'priority': 0}
2026-09-09 18:46:41,290 : INFO : EventManager : Event: ======'player_glasses_home_start_pos'====== Args={'value': 1, 'prev_value': 2, 'change': -1, 'player_num': 1, 'source': 'glasses_mode'}
2026-09-09 18:46:41,290 : INFO : EventManager : Event: ======'player_glasses_home_pulse_count'====== Args={'value': 0, 'prev_value': 10, 'change': -10, 'player_num': 1, 'source': 'glasses_mode'}
2026-09-09 18:46:41,290 : INFO : Mode.awareness : Started. Priority: 105
2026-09-09 18:46:41,291 : INFO : EventManager : Event: ======'modes_active_modes_changed'====== Args={}
2026-09-09 18:46:41,291 : INFO : EventManager : Event: ======'mode_awareness_started'====== Args={'queue': <QueuedEvent>, 'player': 1, 'ball': 2, 'balls_remaining': 1, 'is_extra_ball': False}
2026-09-09 18:46:41,291 : INFO : Mode.skillshot : Started. Priority: 200
2026-09-09 18:46:41,291 : INFO : EventManager : Event: ======'modes_active_modes_changed'====== Args={}
2026-09-09 18:46:41,291 : INFO : EventManager : Event: ======'mode_skillshot_started'====== Args={'queue': <QueuedEvent>, 'player': 1, 'ball': 2, 'balls_remaining': 1, 'is_extra_ball': False}
2026-09-09 18:46:41,291 : INFO : EventManager : Event: ======'player_skillshot_left_plunger'====== Args={'value': 0, 'prev_value': 1, 'change': -1, 'player_num': 1, 'source': 'skillshot'}
2026-09-09 18:46:41,291 : INFO : EventManager : Event: ======'player_skillshot_first_switch_seen'====== Args={'value': 0, 'prev_value': 1, 'change': -1, 'player_num': 1, 'source': 'skillshot'}
2026-09-09 18:46:41,291 : INFO : EventManager : Event: ======'player_skillshot_phase1_success'====== Args={'value': 0, 'prev_value': 1, 'change': -1, 'player_num': 1, 'source': 'skillshot'}
2026-09-09 18:46:41,291 : INFO : EventManager : Event: ======'balls_in_play'====== Args={'balls': 1}
2026-09-09 18:46:41,291 : INFO : EventManager : Event: ======'ball_started'====== Args={'player': 1, 'ball': 2, 'balls_remaining': 1, 'is_extra_ball': False}
2026-09-09 18:46:41,292 : INFO : EventManager : Event: ======'mode_resistance_will_start'====== Args={'player': 1, 'ball': 2, 'balls_remaining': 1, 'is_extra_ball': False}
2026-09-09 18:46:41,299 : INFO : EventManager : Event: ======'mode_resistance_starting'====== Args={'player': 1, 'ball': 2, 'balls_remaining': 1, 'is_extra_ball': False}
2026-09-09 18:46:41,299 : INFO : EventManager : Event: ======'mode_stars_mode_will_start'====== Args={'player': 1, 'ball': 2, 'balls_remaining': 1, 'is_extra_ball': False}
2026-09-09 18:46:41,303 : INFO : EventManager : Event: ======'mode_stars_mode_starting'====== Args={'player': 1, 'ball': 2, 'balls_remaining': 1, 'is_extra_ball': False}
2026-09-09 18:46:41,303 : INFO : EventManager : Event: ======'mode_autoplunge_will_start'====== Args={'player': 1, 'ball': 2, 'balls_remaining': 1, 'is_extra_ball': False}
2026-09-09 18:46:41,303 : INFO : EventManager : Event: ======'player_autoplunge_t_auto_plunge_tick'====== Args={'value': 10, 'prev_value': 9, 'change': 1, 'player_num': 1}
2026-09-09 18:46:41,304 : INFO : EventManager : Event: ======'mode_autoplunge_starting'====== Args={'player': 1, 'ball': 2, 'balls_remaining': 1, 'is_extra_ball': False}
2026-09-09 18:46:41,304 : INFO : EventManager : Event: ======'mode_brian_combo_will_start'====== Args={'player': 1, 'ball': 2, 'balls_remaining': 1, 'is_extra_ball': False}
2026-09-09 18:46:41,305 : INFO : EventManager : Event: ======'mode_brian_combo_starting'====== Args={'player': 1, 'ball': 2, 'balls_remaining': 1, 'is_extra_ball': False}
2026-09-09 18:46:41,305 : INFO : EventManager : Event: ======'varitarget_reset_request'====== Args={'priority': 0}
2026-09-09 18:46:41,307 : INFO : EventManager : Event: ======'player_launch_ball_save_used'====== Args={'value': 0, 'prev_value': 1, 'change': -1, 'player_num': 1, 'source': 'base'}
2026-09-09 18:46:41,308 : INFO : EventManager : Event: ======'varitarget_reset_begin'====== Args={'priority': 0}
2026-09-09 18:46:41,308 : INFO : EventManager : Event: ======'varitarget_reset_attempts_clear'====== Args={'priority': 0}
2026-09-09 18:46:41,308 : INFO : EventManager : Event: ======'varitarget_reset_step'====== Args={'priority': 0}
2026-09-09 18:46:41,308 : INFO : EventManager : Event: ======'varitarget_reset_start'====== Args={'priority': 0}
2026-09-09 18:46:41,308 : INFO : coil.c_16_varitarget_reset : Pulsing Driver for 5ms (1.0 pulse_power)
2026-09-09 18:46:41,308 : INFO : EventManager : Event: ======'player_varitarget_reset_attempts'====== Args={'value': 1, 'prev_value': 0, 'change': 1, 'player_num': 1, 'source': 'base'}
2026-09-09 18:46:41,309 : INFO : Timer.varitarget_reset_timer : Starting Timer.
2026-09-09 18:46:41,309 : INFO : EventManager : Event: ======'timer_varitarget_reset_timer_started'====== Args={'ticks': 0, 'ticks_remaining': 999999}
2026-09-09 18:46:41,309 : INFO : EventManager : Event: ======'timer_varitarget_reset_timer_tick'====== Args={'ticks': 0, 'ticks_remaining': 999999}
2026-09-09 18:46:41,309 : INFO : EventManager : Event: ======'varitarget_reset_step'====== Args={'priority': 0}
2026-09-09 18:46:41,309 : INFO : coil.c_16_varitarget_reset : Pulsing Driver for 5ms (1.0 pulse_power)
2026-09-09 18:46:41,309 : INFO : EventManager : Event: ======'player_varitarget_reset_attempts'====== Args={'value': 2, 'prev_value': 1, 'change': 1, 'player_num': 1, 'source': 'base'}
2026-09-09 18:46:41,309 : INFO : Mode.brian_combo : Started. Priority: 120
2026-09-09 18:46:41,309 : INFO : EventManager : Event: ======'modes_active_modes_changed'====== Args={}
2026-09-09 18:46:41,309 : INFO : EventManager : Event: ======'mode_brian_combo_started'====== Args={'player': 1, 'ball': 2, 'balls_remaining': 1, 'is_extra_ball': False}
2026-09-09 18:46:41,309 : INFO : Mode.autoplunge : Started. Priority: 200
2026-09-09 18:46:41,309 : INFO : EventManager : Event: ======'modes_active_modes_changed'====== Args={}
2026-09-09 18:46:41,310 : INFO : EventManager : Event: ======'mode_autoplunge_started'====== Args={'player': 1, 'ball': 2, 'balls_remaining': 1, 'is_extra_ball': False}
2026-09-09 18:46:41,310 : INFO : Mode.stars_mode : Started. Priority: 220
2026-09-09 18:46:41,310 : INFO : EventManager : Event: ======'modes_active_modes_changed'====== Args={}
2026-09-09 18:46:41,310 : INFO : EventManager : Event: ======'mode_stars_mode_started'====== Args={'player': 1, 'ball': 2, 'balls_remaining': 1, 'is_extra_ball': False}
2026-09-09 18:46:41,310 : INFO : EventManager : Event: ======'player_stars_t63'====== Args={'value': 0, 'prev_value': 1, 'change': -1, 'player_num': 1, 'source': 'stars_mode'}
2026-09-09 18:46:41,310 : INFO : EventManager : Event: ======'player_stars_targets_lit_count'====== Args={'value': 0, 'prev_value': 1, 'change': -1, 'player_num': 1, 'source': 'stars_mode'}
2026-09-09 18:46:41,310 : INFO : Mode.resistance : Started. Priority: 500
2026-09-09 18:46:41,310 : INFO : EventManager : Event: ======'modes_active_modes_changed'====== Args={}
2026-09-09 18:46:41,310 : INFO : EventManager : Event: ======'mode_resistance_started'====== Args={'player': 1, 'ball': 2, 'balls_remaining': 1, 'is_extra_ball': False}
2026-09-09 18:46:41,311 : INFO : EventManager : Event: ======'resistance_waiting_for_qualification'====== Args={'priority': 0}
2026-09-09 18:46:41,311 : INFO : EventManager : Event: ======'logicblock_super_pops_phase1_counter_updated'====== Args={'value': 0, 'enabled': False}
2026-09-09 18:46:41,311 : INFO : EventManager : Event: ======'logicblock_super_pops_phase2_counter_updated'====== Args={'value': 0, 'enabled': False}
2026-09-09 18:46:41,311 : INFO : EventManager : Event: ======'logicblock_super_pops_phase3_counter_updated'====== Args={'value': 0, 'enabled': False}
2026-09-09 18:46:41,311 : INFO : EventManager : Event: ======'logicblock_super_pops_mega_counter_updated'====== Args={'value': 0, 'enabled': False}
2026-09-09 18:46:41,311 : INFO : Mode.super_pops : Started. Priority: 210
2026-09-09 18:46:41,311 : INFO : EventManager : Event: ======'modes_active_modes_changed'====== Args={}
2026-09-09 18:46:41,311 : INFO : EventManager : Event: ======'mode_super_pops_started'====== Args={'queue': <QueuedEvent>, 'player': 1, 'ball': 2, 'balls_remaining': 1, 'is_extra_ball': False}
2026-09-09 18:46:41,311 : INFO : EventManager : Event: ======'logicblock_super_pops_phase1_counter_updated'====== Args={'value': 0, 'enabled': True}
2026-09-09 18:46:41,311 : INFO : EventManager : Event: ======'logicblock_super_pops_phase1_counter_updated'====== Args={'value': 0, 'enabled': True}
2026-09-09 18:46:41,312 : INFO : EventManager : Event: ======'player_score'====== Args={'value': 2698024, 'prev_value': 1698024, 'change': 1000000, 'player_num': 1, 'source': 'super_pops'}
2026-09-09 18:46:41,313 : INFO : coil.c_40_fourbank_drop_reset : Pulsing Driver for 10ms (1.0 pulse_power)
2026-09-09 18:46:41,314 : INFO : EventManager : Event: ======'single_player_ball_started'====== Args={}
2026-09-09 18:46:41,315 : INFO : coil.c_40_fourbank_drop_reset : Pulsing Driver for 10ms (1.0 pulse_power)
2026-09-09 18:46:41,315 : INFO : EventManager : Event: ======'ball_start_target'====== Args={'target': 'playfield'}
2026-09-09 18:46:41,316 : INFO : ball_device.bd_plunger : Setting up player-controlled eject. Balls: 1, Target: <playfield.playfield>, player_controlled_eject_event: None
2026-09-09 18:46:41,316 : INFO : EventManager : Event: ======'balldevice_balls_available'====== Args={}
2026-09-09 18:46:41,318 : INFO : ball_device.bd_trough : State: waiting_for_target_ready
2026-09-09 18:46:41,318 : INFO : EventManager : Event: ======'balldevice_bd_trough_ball_eject_attempt'====== Args={'balls': 1, 'target': <ball_device.bd_plunger>, 'source': <ball_device.bd_trough>, 'mechanical_eject': True, 'num_attempts': 0}
2026-09-09 18:46:41,319 : INFO : ball_device.bd_plunger : State: waiting_for_ball
2026-09-09 18:46:41,319 : INFO : ball_device.bd_trough : State: ejecting
2026-09-09 18:46:41,319 : INFO : ball_device.bd_trough : Ejecting ball to <ball_device.bd_plunger>
2026-09-09 18:46:41,319 : INFO : EventManager : Event: ======'balldevice_bd_trough_ejecting_ball'====== Args={'balls': 1, 'target': <ball_device.bd_plunger>, 'source': <ball_device.bd_trough>, 'mechanical_eject': True, 'num_attempts': 0}
2026-09-09 18:46:41,320 : INFO : ball_device.bd_trough : Wait for ball to leave device
2026-09-09 18:46:41,340 : INFO : coil.c_02_trough_eject : Pulsing Driver for 16ms (1.0 pulse_power)
2026-09-09 18:46:41,340 : INFO : SwitchController : <<<<<<< 's_73_fourbank_drop_1' inactive (muted) >>>>>>>
2026-09-09 18:46:41,340 : INFO : SwitchController : <<<<<<< 's_74_fourbank_drop_2' inactive (muted) >>>>>>>
2026-09-09 18:46:41,341 : INFO : SwitchController : <<<<<<< 's_72_single_drop_1' inactive (muted) >>>>>>>
2026-09-09 18:46:41,350 : INFO : EventManager : Event: ======'slide_base_slide_created'====== Args={'_from_bcp': True}
2026-09-09 18:46:41,350 : INFO : EventManager : Event: ======'slide_bonus_inactive'====== Args={'is_removing': True, '_from_bcp': True}
2026-09-09 18:46:41,351 : INFO : EventManager : Event: ======'slide_base_slide_active'====== Args={'original_context': 'base', 'original_calling_context': 'mode_base_started', 'priority': 100.0, 'queue': '<QueuedEvent>', 'player': 1.0, 'ball': 2.0, 'balls_remaining': 1.0, 'is_extra_ball': False, 'cmd': 'slides_play', '_from_bcp': True}
2026-09-09 18:46:41,351 : INFO : EventManager : Event: ======'slide_bonus_removed'====== Args={'_from_bcp': True}
2026-09-09 18:46:41,370 : INFO : SwitchController : <<<<<<< 's_24_trough_1' inactive >>>>>>>
2026-09-09 18:46:41,370 : INFO : SwitchController : <<<<<<< 's_30_trough_jam' active >>>>>>>
2026-09-09 18:46:41,370 : INFO : EventManager : Event: ======'machine_var_audits_switches_s_30_trough_jam'====== Args={'value': 2624, 'prev_value': 2623, 'change': 1}
2026-09-09 18:46:41,371 : INFO : ball_device.bd_trough : State: ball_left
2026-09-09 18:46:41,371 : INFO : ball_device.bd_trough : Ball left
2026-09-09 18:46:41,371 : INFO : ball_device.bd_trough : Wait for confirm with timeout 10.0
2026-09-09 18:46:41,385 : INFO : SwitchController : <<<<<<< 's_30_trough_jam' inactive >>>>>>>
2026-09-09 18:46:41,496 : INFO : EventManager : Event: ======'player_base_varitarget_reset_timer_tick'====== Args={'value': 1, 'prev_value': 0, 'change': 1, 'player_num': 1}
2026-09-09 18:46:41,496 : INFO : EventManager : Event: ======'timer_varitarget_reset_timer_tick'====== Args={'ticks': 1, 'ticks_remaining': 999998}
2026-09-09 18:46:41,497 : INFO : EventManager : Event: ======'varitarget_reset_step'====== Args={'priority': 0}
2026-09-09 18:46:41,497 : INFO : coil.c_16_varitarget_reset : Pulsing Driver for 5ms (1.0 pulse_power)
2026-09-09 18:46:41,497 : INFO : EventManager : Event: ======'player_varitarget_reset_attempts'====== Args={'value': 3, 'prev_value': 2, 'change': 1, 'player_num': 1, 'source': 'base'}
2026-09-09 18:46:41,512 : INFO : SwitchController : <<<<<<< 's_64_varitarget_position_1' active >>>>>>>
2026-09-09 18:46:41,513 : INFO : EventManager : Event: ======'playfield_active'====== Args={'source': 'varitarget_p1'}
2026-09-09 18:46:41,513 : INFO : EventManager : Event: ======'unexpected_ball_on_playfield'====== Args={}
2026-09-09 18:46:41,513 : INFO : EventManager : Event: ======'s_64_varitarget_position_1_active'====== Args={}
2026-09-09 18:46:41,513 : INFO : EventManager : Event: ======'sw_vari'====== Args={}
2026-09-09 18:46:41,513 : INFO : EventManager : Event: ======'machine_var_audits_switches_s_64_varitarget_position_1'====== Args={'value': 13576, 'prev_value': 13575, 'change': 1}
2026-09-09 18:46:41,514 : INFO : EventManager : Event: ======'glasses_pending_position_1'====== Args={'priority': 0}
2026-09-09 18:46:41,514 : INFO : EventManager : Event: ======'machine_var_audits_shots_varitarget_p1'====== Args={'value': 13553, 'prev_value': 13552, 'change': 1}
2026-09-09 18:46:41,514 : INFO : EventManager : Event: ======'varitarget_p1_hit'====== Args={'profile': 'default', 'state': 'lit', 'advancing': False}
2026-09-09 18:46:41,514 : INFO : EventManager : Event: ======'varitarget_p1_default_hit'====== Args={'profile': 'default', 'state': 'lit', 'advancing': False}
2026-09-09 18:46:41,514 : INFO : EventManager : Event: ======'varitarget_p1_default_lit_hit'====== Args={'profile': 'default', 'state': 'lit', 'advancing': False}
2026-09-09 18:46:41,514 : INFO : EventManager : Event: ======'varitarget_p1_lit_hit'====== Args={'profile': 'default', 'state': 'lit', 'advancing': False}
2026-09-09 18:46:41,514 : INFO : EventManager : Event: ======'varitarget_position_changed'====== Args={'priority': 0}
2026-09-09 18:46:41,514 : INFO : EventManager : Event: ======'varitarget_reset_stop'====== Args={'priority': 0}
2026-09-09 18:46:41,514 : INFO : EventManager : Event: ======'varitarget_reset_complete'====== Args={'priority': 0}
2026-09-09 18:46:41,514 : INFO : EventManager : Event: ======'glasses_position_confirm_restart'====== Args={'priority': 0}
2026-09-09 18:46:41,515 : INFO : Timer.glasses_position_confirm : Starting Timer.
2026-09-09 18:46:41,515 : INFO : EventManager : Event: ======'timer_glasses_position_confirm_started'====== Args={'ticks': 0, 'ticks_remaining': 1}
2026-09-09 18:46:41,515 : INFO : EventManager : Event: ======'timer_glasses_position_confirm_tick'====== Args={'ticks': 0, 'ticks_remaining': 1}
2026-09-09 18:46:41,515 : INFO : EventManager : Event: ======'varitarget_positions_hit'====== Args={'shot': 'varitarget_p1'}
2026-09-09 18:46:41,515 : INFO : EventManager : Event: ======'varitarget_positions_lit_hit'====== Args={'shot': 'varitarget_p1'}
2026-09-09 18:46:41,515 : INFO : EventManager : Event: ======'varitarget_update_stable'====== Args={'priority': 0}
2026-09-09 18:46:41,515 : INFO : Timer.varitarget_reset_timer : Stopping Timer
2026-09-09 18:46:41,515 : INFO : EventManager : Event: ======'timer_varitarget_reset_timer_stopped'====== Args={'ticks': 1, 'ticks_remaining': 999998}
2026-09-09 18:46:41,515 : INFO : EventManager : Event: ======'player_score'====== Args={'value': 2698066, 'prev_value': 2698024, 'change': 42, 'player_num': 1, 'source': 'base'}
2026-09-09 18:46:41,528 : INFO : SwitchController : <<<<<<< 's_64_varitarget_position_1' inactive >>>>>>>
2026-09-09 18:46:41,590 : INFO : SwitchController : <<<<<<< 's_31_plunger_lane' active >>>>>>>
2026-09-09 18:46:41,590 : INFO : EventManager : Event: ======'s_31_plunger_lane_active'====== Args={}
2026-09-09 18:46:41,590 : INFO : EventManager : Event: ======'machine_var_audits_switches_s_31_plunger_lane'====== Args={'value': 2513, 'prev_value': 2512, 'change': 1}
2026-09-09 18:46:41,591 : INFO : Timer.t_auto_plunge : Starting Timer.
2026-09-09 18:46:41,591 : INFO : EventManager : Event: ======'timer_t_auto_plunge_started'====== Args={'ticks': 10, 'ticks_remaining': 10}
2026-09-09 18:46:41,591 : INFO : EventManager : Event: ======'timer_t_auto_plunge_tick'====== Args={'ticks': 10, 'ticks_remaining': 10}
2026-09-09 18:46:41,701 : INFO : SwitchController : <<<<<<< 's_26_trough_3' inactive >>>>>>>
2026-09-09 18:46:41,701 : INFO : SwitchController : <<<<<<< 's_25_trough_2' inactive >>>>>>>
2026-09-09 18:46:41,715 : INFO : SwitchController : <<<<<<< 's_24_trough_1' active >>>>>>>
2026-09-09 18:46:41,715 : INFO : EventManager : Event: ======'machine_var_audits_switches_s_24_trough_1'====== Args={'value': 2616, 'prev_value': 2615, 'change': 1}
2026-09-09 18:46:41,716 : INFO : SwitchController : <<<<<<< 's_25_trough_2' active >>>>>>>
2026-09-09 18:46:41,716 : INFO : EventManager : Event: ======'machine_var_audits_switches_s_25_trough_2'====== Args={'value': 2583, 'prev_value': 2582, 'change': 1}
2026-09-09 18:46:41,778 : INFO : EventManager : Event: ======'drop_target_dt_2_up'====== Args={'device': <drop_target.dt_2>}
2026-09-09 18:46:41,778 : INFO : EventManager : Event: ======'drop_target_dt_1_up'====== Args={'device': <drop_target.dt_1>}
2026-09-09 18:46:41,778 : INFO : EventManager : Event: ======'drop_target_dt_single_up'====== Args={'device': <drop_target.dt_single>}
2026-09-09 18:46:42,079 : INFO : ball_device.bd_plunger : Received ball from <ball_device.bd_trough>
2026-09-09 18:46:42,079 : INFO : EventManager : Event: ======'balldevice_bd_plunger_ball_enter'====== Args={'new_balls': 1, 'unclaimed_balls': 0, 'new_available_balls': 0, 'device': <ball_device.bd_plunger>}
2026-09-09 18:46:42,080 : INFO : EventManager : Event: ======'balldevice_bd_plunger_ball_entered'====== Args={'new_balls': 0, 'device': <ball_device.bd_plunger>}
2026-09-09 18:46:42,080 : INFO : EventManager : Event: ======'balldevice_bd_plunger_ball_count_changed'====== Args={'balls': 1}
2026-09-09 18:46:42,081 : INFO : ball_device.bd_trough : Got eject confirm
2026-09-09 18:46:42,081 : INFO : ball_device.bd_trough : Eject successful
2026-09-09 18:46:42,081 : INFO : EventManager : Event: ======'balldevice_bd_trough_ball_eject_success'====== Args={'balls': 1, 'target': <ball_device.bd_plunger>}
2026-09-09 18:46:42,081 : INFO : ball_device.bd_plunger : State: waiting_for_target_ready
2026-09-09 18:46:42,081 : INFO : EventManager : Event: ======'balldevice_bd_plunger_ball_eject_attempt'====== Args={'balls': 1, 'target': <playfield.playfield>, 'source': <ball_device.bd_plunger>, 'mechanical_eject': True, 'num_attempts': 0}
2026-09-09 18:46:42,081 : INFO : EventManager : Event: ======'balldevice_bd_trough_ball_count_changed'====== Args={'balls': 2}
2026-09-09 18:46:42,082 : INFO : ball_device.bd_trough : State: idle
2026-09-09 18:46:42,082 : INFO : ball_device.bd_plunger : State: ejecting
2026-09-09 18:46:42,082 : INFO : ball_device.bd_plunger : Ejecting ball to <playfield.playfield>
2026-09-09 18:46:42,082 : INFO : EventManager : Event: ======'balldevice_bd_plunger_ejecting_ball'====== Args={'balls': 1, 'target': <playfield.playfield>, 'source': <ball_device.bd_plunger>, 'mechanical_eject': True, 'num_attempts': 0}
2026-09-09 18:46:42,083 : INFO : ball_device.bd_plunger : Wait for ball to leave device
2026-09-09 18:46:42,519 : INFO : EventManager : Event: ======'player_glasses_mode_glasses_position_confirm_tick'====== Args={'value': 1, 'prev_value': 0, 'change': 1, 'player_num': 1}
2026-09-09 18:46:42,519 : INFO : Timer.glasses_position_confirm : Timer Complete
2026-09-09 18:46:42,519 : INFO : Timer.glasses_position_confirm : Stopping Timer
2026-09-09 18:46:42,519 : INFO : EventManager : Event: ======'timer_glasses_position_confirm_stopped'====== Args={'ticks': 1, 'ticks_remaining': 1}
2026-09-09 18:46:42,519 : INFO : EventManager : Event: ======'timer_glasses_position_confirm_complete'====== Args={'ticks': 1, 'ticks_remaining': 1}
2026-09-09 18:46:42,520 : INFO : EventManager : Event: ======'varitarget_position_1_confirmed'====== Args={'priority': 0}
2026-09-09 18:46:42,520 : INFO : EventManager : Event: ======'glasses_enter_state_1'====== Args={'priority': 0}
2026-09-09 18:46:42,520 : INFO : EventManager : Event: ======'glasses_stop_all_shows'====== Args={'priority': 0}
2026-09-09 18:46:42,520 : INFO : EventManager : Event: ======'glasses_state_timer_stop'====== Args={'priority': 0}
2026-09-09 18:46:42,520 : INFO : EventManager : Event: ======'glasses_home_pulse_timer_stop'====== Args={'priority': 0}
2026-09-09 18:46:42,520 : INFO : EventManager : Event: ======'glasses_homing_cancel'====== Args={'priority': 0}
2026-09-09 18:46:42,520 : INFO : Timer.glasses_state_timer : Stopping Timer
2026-09-09 18:46:42,520 : INFO : EventManager : Event: ======'timer_glasses_state_timer_stopped'====== Args={'ticks': 0, 'ticks_remaining': 1}
2026-09-09 18:46:42,520 : INFO : Timer.glasses_home_pulse_timer : Stopping Timer
2026-09-09 18:46:42,520 : INFO : EventManager : Event: ======'timer_glasses_home_pulse_timer_stopped'====== Args={'ticks': 0, 'ticks_remaining': 1}
2026-09-09 18:46:42,567 : INFO : EventManager : Event: ======'player_autoplunge_t_auto_plunge_tick'====== Args={'value': 9, 'prev_value': 10, 'change': -1, 'player_num': 1}
2026-09-09 18:46:42,567 : INFO : EventManager : Event: ======'timer_t_auto_plunge_tick'====== Args={'ticks': 9, 'ticks_remaining': 9}
2026-09-09 18:46:43,562 : INFO : EventManager : Event: ======'player_autoplunge_t_auto_plunge_tick'====== Args={'value': 8, 'prev_value': 9, 'change': -1, 'player_num': 1}
2026-09-09 18:46:43,562 : INFO : EventManager : Event: ======'timer_t_auto_plunge_tick'====== Args={'ticks': 8, 'ticks_remaining': 8}
2026-09-09 18:46:44,573 : INFO : EventManager : Event: ======'player_autoplunge_t_auto_plunge_tick'====== Args={'value': 7, 'prev_value': 8, 'change': -1, 'player_num': 1}
2026-09-09 18:46:44,573 : INFO : EventManager : Event: ======'timer_t_auto_plunge_tick'====== Args={'ticks': 7, 'ticks_remaining': 7}
2026-09-09 18:46:45,567 : INFO : EventManager : Event: ======'player_autoplunge_t_auto_plunge_tick'====== Args={'value': 6, 'prev_value': 7, 'change': -1, 'player_num': 1}
2026-09-09 18:46:45,567 : INFO : EventManager : Event: ======'timer_t_auto_plunge_tick'====== Args={'ticks': 6, 'ticks_remaining': 6}
2026-09-09 18:46:46,561 : INFO : EventManager : Event: ======'player_autoplunge_t_auto_plunge_tick'====== Args={'value': 5, 'prev_value': 6, 'change': -1, 'player_num': 1}
2026-09-09 18:46:46,561 : INFO : EventManager : Event: ======'timer_t_auto_plunge_tick'====== Args={'ticks': 5, 'ticks_remaining': 5}
2026-09-09 18:46:47,570 : INFO : EventManager : Event: ======'player_autoplunge_t_auto_plunge_tick'====== Args={'value': 4, 'prev_value': 5, 'change': -1, 'player_num': 1}
2026-09-09 18:46:47,570 : INFO : EventManager : Event: ======'timer_t_auto_plunge_tick'====== Args={'ticks': 4, 'ticks_remaining': 4}
2026-09-09 18:46:48,564 : INFO : EventManager : Event: ======'player_autoplunge_t_auto_plunge_tick'====== Args={'value': 3, 'prev_value': 4, 'change': -1, 'player_num': 1}
2026-09-09 18:46:48,564 : INFO : EventManager : Event: ======'timer_t_auto_plunge_tick'====== Args={'ticks': 3, 'ticks_remaining': 3}
2026-09-09 18:46:49,561 : INFO : EventManager : Event: ======'player_autoplunge_t_auto_plunge_tick'====== Args={'value': 2, 'prev_value': 3, 'change': -1, 'player_num': 1}
2026-09-09 18:46:49,562 : INFO : EventManager : Event: ======'timer_t_auto_plunge_tick'====== Args={'ticks': 2, 'ticks_remaining': 2}
2026-09-09 18:46:50,570 : INFO : EventManager : Event: ======'player_autoplunge_t_auto_plunge_tick'====== Args={'value': 1, 'prev_value': 2, 'change': -1, 'player_num': 1}
2026-09-09 18:46:50,570 : INFO : EventManager : Event: ======'timer_t_auto_plunge_tick'====== Args={'ticks': 1, 'ticks_remaining': 1}
2026-09-09 18:46:51,565 : INFO : EventManager : Event: ======'player_autoplunge_t_auto_plunge_tick'====== Args={'value': 0, 'prev_value': 1, 'change': -1, 'player_num': 1}
2026-09-09 18:46:51,565 : INFO : Timer.t_auto_plunge : Timer Complete
2026-09-09 18:46:51,565 : INFO : Timer.t_auto_plunge : Stopping Timer
2026-09-09 18:46:51,565 : INFO : EventManager : Event: ======'timer_t_auto_plunge_stopped'====== Args={'ticks': 0, 'ticks_remaining': 1}
2026-09-09 18:46:51,565 : INFO : EventManager : Event: ======'timer_t_auto_plunge_complete'====== Args={'ticks': 0, 'ticks_remaining': 1}
2026-09-09 18:46:51,566 : INFO : coil.c_01_plunger : Pulsing Driver for 14ms (1.0 pulse_power)
2026-09-09 18:46:51,597 : INFO : SwitchController : <<<<<<< 's_31_plunger_lane' inactive >>>>>>>
2026-09-09 18:46:51,597 : INFO : EventManager : Event: ======'s_31_plunger_lane_inactive'====== Args={}
2026-09-09 18:46:51,597 : INFO : EventManager : Event: ======'skillshot_plunger_left'====== Args={'priority': 0}
2026-09-09 18:46:51,597 : INFO : Timer.t_auto_plunge : Stopping Timer
2026-09-09 18:46:51,598 : INFO : EventManager : Event: ======'timer_t_auto_plunge_stopped'====== Args={'ticks': 0, 'ticks_remaining': 1}
2026-09-09 18:46:51,598 : INFO : EventManager : Event: ======'ball_save_request'====== Args={'priority': 0}
2026-09-09 18:46:51,598 : INFO : EventManager : Event: ======'player_skillshot_left_plunger'====== Args={'value': 1, 'prev_value': 0, 'change': 1, 'player_num': 1, 'source': 'skillshot'}
2026-09-09 18:46:51,598 : INFO : EventManager : Event: ======'player_launch_ball_save_used'====== Args={'value': 1, 'prev_value': 0, 'change': 1, 'player_num': 1, 'source': 'base'}
2026-09-09 18:46:51,598 : INFO : EventManager : Event: ======'ball_save_bs_default_timer_start'====== Args={}
2026-09-09 18:46:51,599 : INFO : EventManager : Event: ======'ball_save_bs_default_enabled'====== Args={}
2026-09-09 18:46:51,600 : INFO : ball_device.bd_plunger : State: ball_left
2026-09-09 18:46:51,600 : INFO : ball_device.bd_plunger : Ball left
2026-09-09 18:46:51,600 : INFO : ball_device.bd_plunger : Wait for confirm with timeout 4.0
2026-09-09 18:46:52,636 : INFO : SwitchController : <<<<<<< 's_71_spinner_left' inactive >>>>>>>
2026-09-09 18:46:52,731 : INFO : SwitchController : <<<<<<< 's_71_spinner_left' active >>>>>>>
2026-09-09 18:46:52,731 : INFO : EventManager : Event: ======'playfield_active'====== Args={'source': 'spinner_left'}
2026-09-09 18:46:52,731 : INFO : EventManager : Event: ======'s_71_spinner_left_active'====== Args={}
2026-09-09 18:46:52,731 : INFO : EventManager : Event: ======'sw_playfield_active'====== Args={}
2026-09-09 18:46:52,732 : INFO : EventManager : Event: ======'sw_spinners'====== Args={}
2026-09-09 18:46:52,732 : INFO : EventManager : Event: ======'machine_var_audits_switches_s_71_spinner_left'====== Args={'value': 2246, 'prev_value': 2245, 'change': 1}
2026-09-09 18:46:52,733 : INFO : EventManager : Event: ======'skillshot_phase1_success'====== Args={'priority': 0}
2026-09-09 18:46:52,733 : INFO : EventManager : Event: ======'skillshot_complete'====== Args={'priority': 0}
2026-09-09 18:46:52,733 : INFO : EventManager : Event: ======'awareness_add_2'====== Args={'priority': 0}
2026-09-09 18:46:52,733 : INFO : EventManager : Event: ======'machine_var_audits_shots_spinner_left'====== Args={'value': 2242, 'prev_value': 2241, 'change': 1}
2026-09-09 18:46:52,733 : INFO : EventManager : Event: ======'spinner_left_hit'====== Args={'profile': 'default', 'state': 'lit', 'advancing': False}
2026-09-09 18:46:52,733 : INFO : EventManager : Event: ======'spinner_left_default_hit'====== Args={'profile': 'default', 'state': 'lit', 'advancing': False}
2026-09-09 18:46:52,733 : INFO : EventManager : Event: ======'spinner_left_default_lit_hit'====== Args={'profile': 'default', 'state': 'lit', 'advancing': False}
2026-09-09 18:46:52,733 : INFO : EventManager : Event: ======'spinner_left_lit_hit'====== Args={'profile': 'default', 'state': 'lit', 'advancing': False}
2026-09-09 18:46:52,734 : INFO : EventManager : Event: ======'player_skillshot_first_switch_seen'====== Args={'value': 1, 'prev_value': 0, 'change': 1, 'player_num': 1, 'source': 'skillshot'}
2026-09-09 18:46:52,734 : INFO : EventManager : Event: ======'player_skillshot_phase1_success'====== Args={'value': 1, 'prev_value': 0, 'change': 1, 'player_num': 1, 'source': 'skillshot'}
2026-09-09 18:46:52,734 : INFO : EventManager : Event: ======'player_score'====== Args={'value': 3198066, 'prev_value': 2698066, 'change': 500000, 'player_num': 1, 'source': 'skillshot'}
2026-09-09 18:46:52,734 : INFO : EventManager : Event: ======'mode_skillshot_will_stop'====== Args={}
2026-09-09 18:46:52,734 : INFO : EventManager : Event: ======'mode_skillshot_stopping'====== Args={}
2026-09-09 18:46:52,734 : INFO : EventManager : Event: ======'player_awareness'====== Args={'value': 2, 'prev_value': 0, 'change': 2, 'player_num': 1, 'source': 'awareness'}
2026-09-09 18:46:52,734 : INFO : EventManager : Event: ======'player_awareness_percent'====== Args={'value': 1, 'prev_value': 0, 'change': 1, 'player_num': 1, 'source': 'awareness'}
2026-09-09 18:46:52,735 : INFO : EventManager : Event: ======'playfield_active'====== Args={'source': None}
2026-09-09 18:46:52,735 : INFO : EventManager : Event: ======'player_score'====== Args={'value': 3208066, 'prev_value': 3198066, 'change': 10000, 'player_num': 1, 'source': 'base'}
2026-09-09 18:46:52,735 : INFO : Mode.skillshot : Stopped.
2026-09-09 18:46:52,735 : INFO : EventManager : Event: ======'modes_active_modes_changed'====== Args={}
2026-09-09 18:46:52,735 : INFO : EventManager : Event: ======'mode_skillshot_stopped'====== Args={}
2026-09-09 18:46:52,735 : INFO : EventManager : Event: ======'clear'====== Args={'key': 'skillshot'}
2026-09-09 18:46:52,741 : INFO : ball_device.bd_plunger : Got eject confirm
2026-09-09 18:46:52,741 : INFO : ball_device.bd_plunger : Eject successful
2026-09-09 18:46:52,741 : INFO : EventManager : Event: ======'balldevice_bd_plunger_ball_eject_success'====== Args={'balls': 1, 'target': <playfield.playfield>}
2026-09-09 18:46:52,742 : INFO : EventManager : Event: ======'balldevice_playfield_ball_enter'====== Args={'new_balls': 1, 'unclaimed_balls': 1, 'device': <playfield.playfield>}
2026-09-09 18:46:52,742 : INFO : EventManager : Event: ======'playfield_ball_count_change'====== Args={'balls': 0, 'change': 1}
2026-09-09 18:46:52,742 : INFO : EventManager : Event: ======'balldevice_bd_plunger_ball_count_changed'====== Args={'balls': 0}
2026-09-09 18:46:52,742 : INFO : ball_device.bd_plunger : State: idle
2026-09-09 18:46:52,795 : INFO : SwitchController : <<<<<<< 's_71_spinner_left' inactive >>>>>>>
2026-09-09 18:46:52,954 : INFO : SwitchController : <<<<<<< 's_71_spinner_left' active >>>>>>>
2026-09-09 18:46:52,954 : INFO : EventManager : Event: ======'playfield_active'====== Args={'source': 'spinner_left'}
2026-09-09 18:46:52,954 : INFO : EventManager : Event: ======'unexpected_ball_on_playfield'====== Args={}
2026-09-09 18:46:52,954 : INFO : EventManager : Event: ======'s_71_spinner_left_active'====== Args={}
2026-09-09 18:46:52,954 : INFO : EventManager : Event: ======'sw_playfield_active'====== Args={}
2026-09-09 18:46:52,954 : INFO : EventManager : Event: ======'sw_spinners'====== Args={}
2026-09-09 18:46:52,954 : INFO : EventManager : Event: ======'machine_var_audits_switches_s_71_spinner_left'====== Args={'value': 2247, 'prev_value': 2246, 'change': 1}
2026-09-09 18:46:52,955 : INFO : EventManager : Event: ======'awareness_add_2'====== Args={'priority': 0}
2026-09-09 18:46:52,955 : INFO : EventManager : Event: ======'machine_var_audits_shots_spinner_left'====== Args={'value': 2243, 'prev_value': 2242, 'change': 1}
2026-09-09 18:46:52,955 : INFO : EventManager : Event: ======'spinner_left_hit'====== Args={'profile': 'default', 'state': 'lit', 'advancing': False}
2026-09-09 18:46:52,955 : INFO : EventManager : Event: ======'spinner_left_default_hit'====== Args={'profile': 'default', 'state': 'lit', 'advancing': False}
2026-09-09 18:46:52,955 : INFO : EventManager : Event: ======'spinner_left_default_lit_hit'====== Args={'profile': 'default', 'state': 'lit', 'advancing': False}
2026-09-09 18:46:52,955 : INFO : EventManager : Event: ======'spinner_left_lit_hit'====== Args={'profile': 'default', 'state': 'lit', 'advancing': False}
2026-09-09 18:46:52,955 : INFO : EventManager : Event: ======'player_awareness'====== Args={'value': 4, 'prev_value': 2, 'change': 2, 'player_num': 1, 'source': 'awareness'}
2026-09-09 18:46:52,956 : INFO : EventManager : Event: ======'player_awareness_percent'====== Args={'value': 2, 'prev_value': 1, 'change': 1, 'player_num': 1, 'source': 'awareness'}
2026-09-09 18:46:52,956 : INFO : EventManager : Event: ======'playfield_active'====== Args={'source': None}
2026-09-09 18:46:52,956 : INFO : EventManager : Event: ======'unexpected_ball_on_playfield'====== Args={}
2026-09-09 18:46:52,956 : INFO : EventManager : Event: ======'player_score'====== Args={'value': 3218066, 'prev_value': 3208066, 'change': 10000, 'player_num': 1, 'source': 'base'}
2026-09-09 18:46:53,033 : INFO : SwitchController : <<<<<<< 's_71_spinner_left' inactive >>>>>>>
2026-09-09 18:46:53,304 : INFO : SwitchController : <<<<<<< 's_71_spinner_left' active >>>>>>>
2026-09-09 18:46:53,304 : INFO : EventManager : Event: ======'playfield_active'====== Args={'source': 'spinner_left'}
2026-09-09 18:46:53,304 : INFO : EventManager : Event: ======'unexpected_ball_on_playfield'====== Args={}
2026-09-09 18:46:53,304 : INFO : EventManager : Event: ======'s_71_spinner_left_active'====== Args={}
2026-09-09 18:46:53,305 : INFO : EventManager : Event: ======'sw_playfield_active'====== Args={}
2026-09-09 18:46:53,305 : INFO : EventManager : Event: ======'sw_spinners'====== Args={}
2026-09-09 18:46:53,305 : INFO : EventManager : Event: ======'machine_var_audits_switches_s_71_spinner_left'====== Args={'value': 2248, 'prev_value': 2247, 'change': 1}
2026-09-09 18:46:53,305 : INFO : EventManager : Event: ======'awareness_add_2'====== Args={'priority': 0}
2026-09-09 18:46:53,305 : INFO : EventManager : Event: ======'machine_var_audits_shots_spinner_left'====== Args={'value': 2244, 'prev_value': 2243, 'change': 1}
2026-09-09 18:46:53,305 : INFO : EventManager : Event: ======'spinner_left_hit'====== Args={'profile': 'default', 'state': 'lit', 'advancing': False}
2026-09-09 18:46:53,306 : INFO : EventManager : Event: ======'spinner_left_default_hit'====== Args={'profile': 'default', 'state': 'lit', 'advancing': False}
2026-09-09 18:46:53,306 : INFO : EventManager : Event: ======'spinner_left_default_lit_hit'====== Args={'profile': 'default', 'state': 'lit', 'advancing': False}
2026-09-09 18:46:53,306 : INFO : EventManager : Event: ======'spinner_left_lit_hit'====== Args={'profile': 'default', 'state': 'lit', 'advancing': False}
2026-09-09 18:46:53,306 : INFO : EventManager : Event: ======'player_awareness'====== Args={'value': 6, 'prev_value': 4, 'change': 2, 'player_num': 1, 'source': 'awareness'}
2026-09-09 18:46:53,306 : INFO : EventManager : Event: ======'player_awareness_percent'====== Args={'value': 3, 'prev_value': 2, 'change': 1, 'player_num': 1, 'source': 'awareness'}
2026-09-09 18:46:53,306 : INFO : EventManager : Event: ======'playfield_active'====== Args={'source': None}
2026-09-09 18:46:53,306 : INFO : EventManager : Event: ======'unexpected_ball_on_playfield'====== Args={}
2026-09-09 18:46:53,307 : INFO : EventManager : Event: ======'player_score'====== Args={'value': 3228066, 'prev_value': 3218066, 'change': 10000, 'player_num': 1, 'source': 'base'}
2026-09-09 18:46:53,432 : INFO : SwitchController : <<<<<<< 's_71_spinner_left' inactive >>>>>>>
2026-09-09 18:46:53,493 : INFO : SwitchController : <<<<<<< 's_58_pop_bumper_left' active >>>>>>>
2026-09-09 18:46:53,493 : INFO : EventManager : Event: ======'s_58_pop_bumper_left_active'====== Args={}
2026-09-09 18:46:53,493 : INFO : EventManager : Event: ======'sw_pops'====== Args={}
2026-09-09 18:46:53,493 : INFO : EventManager : Event: ======'playfield_active'====== Args={'source': 'ac_pop_1'}
2026-09-09 18:46:53,493 : INFO : EventManager : Event: ======'unexpected_ball_on_playfield'====== Args={}
2026-09-09 18:46:53,493 : INFO : EventManager : Event: ======'machine_var_audits_switches_s_58_pop_bumper_left'====== Args={'value': 3580, 'prev_value': 3579, 'change': 1}
2026-09-09 18:46:53,494 : INFO : EventManager : Event: ======'logicblock_super_pops_phase1_counter_updated'====== Args={'value': 1, 'enabled': True}
2026-09-09 18:46:53,494 : INFO : EventManager : Event: ======'counter_super_pops_phase1_counter_hit'====== Args={'count': 1, 'hits': 1, 'remaining': 4}
2026-09-09 18:46:53,494 : INFO : EventManager : Event: ======'logicblock_super_pops_phase1_counter_hit'====== Args={'count': 1, 'hits': 1, 'remaining': 4}
2026-09-09 18:46:53,494 : INFO : EventManager : Event: ======'awareness_add_1'====== Args={'priority': 0}
2026-09-09 18:46:53,495 : INFO : EventManager : Event: ======'player_awareness'====== Args={'value': 7, 'prev_value': 6, 'change': 1, 'player_num': 1, 'source': 'awareness'}
2026-09-09 18:46:53,496 : INFO : EventManager : Event: ======'player_awareness_percent'====== Args={'value': 4, 'prev_value': 3, 'change': 1, 'player_num': 1, 'source': 'awareness'}
2026-09-09 18:46:53,497 : INFO : EventManager : Event: ======'player_score'====== Args={'value': 3228108, 'prev_value': 3228066, 'change': 42, 'player_num': 1, 'source': 'base'}
2026-09-09 18:46:53,498 : INFO : SwitchController : <<<<<<< 's_58_pop_bumper_left' inactive >>>>>>>
2026-09-09 18:46:53,557 : INFO : SwitchController : <<<<<<< 's_71_spinner_left' active >>>>>>>
2026-09-09 18:46:53,557 : INFO : EventManager : Event: ======'playfield_active'====== Args={'source': 'spinner_left'}
2026-09-09 18:46:53,557 : INFO : EventManager : Event: ======'unexpected_ball_on_playfield'====== Args={}
2026-09-09 18:46:53,557 : INFO : EventManager : Event: ======'s_71_spinner_left_active'====== Args={}
2026-09-09 18:46:53,557 : INFO : EventManager : Event: ======'sw_playfield_active'====== Args={}
2026-09-09 18:46:53,557 : INFO : EventManager : Event: ======'sw_spinners'====== Args={}
2026-09-09 18:46:53,557 : INFO : EventManager : Event: ======'machine_var_audits_switches_s_71_spinner_left'====== Args={'value': 2249, 'prev_value': 2248, 'change': 1}
2026-09-09 18:46:53,558 : INFO : EventManager : Event: ======'awareness_add_2'====== Args={'priority': 0}
2026-09-09 18:46:53,558 : INFO : EventManager : Event: ======'machine_var_audits_shots_spinner_left'====== Args={'value': 2245, 'prev_value': 2244, 'change': 1}
2026-09-09 18:46:53,558 : INFO : EventManager : Event: ======'spinner_left_hit'====== Args={'profile': 'default', 'state': 'lit', 'advancing': False}
2026-09-09 18:46:53,558 : INFO : EventManager : Event: ======'spinner_left_default_hit'====== Args={'profile': 'default', 'state': 'lit', 'advancing': False}
2026-09-09 18:46:53,558 : INFO : EventManager : Event: ======'spinner_left_default_lit_hit'====== Args={'profile': 'default', 'state': 'lit', 'advancing': False}
2026-09-09 18:46:53,559 : INFO : EventManager : Event: ======'spinner_left_lit_hit'====== Args={'profile': 'default', 'state': 'lit', 'advancing': False}
2026-09-09 18:46:53,559 : INFO : EventManager : Event: ======'player_awareness'====== Args={'value': 9, 'prev_value': 7, 'change': 2, 'player_num': 1, 'source': 'awareness'}
2026-09-09 18:46:53,559 : INFO : EventManager : Event: ======'player_awareness_percent'====== Args={'value': 5, 'prev_value': 4, 'change': 1, 'player_num': 1, 'source': 'awareness'}
2026-09-09 18:46:53,559 : INFO : EventManager : Event: ======'playfield_active'====== Args={'source': None}
2026-09-09 18:46:53,559 : INFO : EventManager : Event: ======'unexpected_ball_on_playfield'====== Args={}
2026-09-09 18:46:53,559 : INFO : EventManager : Event: ======'player_score'====== Args={'value': 3238108, 'prev_value': 3228108, 'change': 10000, 'player_num': 1, 'source': 'base'}
2026-09-09 18:46:53,777 : INFO : SwitchController : <<<<<<< 's_71_spinner_left' inactive >>>>>>>
2026-09-09 18:46:53,888 : INFO : SwitchController : <<<<<<< 's_71_spinner_left' active >>>>>>>
2026-09-09 18:46:53,888 : INFO : EventManager : Event: ======'playfield_active'====== Args={'source': 'spinner_left'}
2026-09-09 18:46:53,888 : INFO : EventManager : Event: ======'unexpected_ball_on_playfield'====== Args={}
2026-09-09 18:46:53,888 : INFO : EventManager : Event: ======'s_71_spinner_left_active'====== Args={}
2026-09-09 18:46:53,888 : INFO : EventManager : Event: ======'sw_playfield_active'====== Args={}
2026-09-09 18:46:53,888 : INFO : EventManager : Event: ======'sw_spinners'====== Args={}
2026-09-09 18:46:53,888 : INFO : EventManager : Event: ======'machine_var_audits_switches_s_71_spinner_left'====== Args={'value': 2250, 'prev_value': 2249, 'change': 1}
2026-09-09 18:46:53,889 : INFO : EventManager : Event: ======'awareness_add_2'====== Args={'priority': 0}
2026-09-09 18:46:53,889 : INFO : EventManager : Event: ======'machine_var_audits_shots_spinner_left'====== Args={'value': 2246, 'prev_value': 2245, 'change': 1}
2026-09-09 18:46:53,890 : INFO : EventManager : Event: ======'spinner_left_hit'====== Args={'profile': 'default', 'state': 'lit', 'advancing': False}
2026-09-09 18:46:53,890 : INFO : EventManager : Event: ======'spinner_left_default_hit'====== Args={'profile': 'default', 'state': 'lit', 'advancing': False}
2026-09-09 18:46:53,890 : INFO : EventManager : Event: ======'spinner_left_default_lit_hit'====== Args={'profile': 'default', 'state': 'lit', 'advancing': False}
2026-09-09 18:46:53,890 : INFO : EventManager : Event: ======'spinner_left_lit_hit'====== Args={'profile': 'default', 'state': 'lit', 'advancing': False}
2026-09-09 18:46:53,890 : INFO : EventManager : Event: ======'player_awareness'====== Args={'value': 11, 'prev_value': 9, 'change': 2, 'player_num': 1, 'source': 'awareness'}
2026-09-09 18:46:53,890 : INFO : EventManager : Event: ======'player_awareness_percent'====== Args={'value': 6, 'prev_value': 5, 'change': 1, 'player_num': 1, 'source': 'awareness'}
2026-09-09 18:46:53,890 : INFO : EventManager : Event: ======'playfield_active'====== Args={'source': None}
2026-09-09 18:46:53,891 : INFO : EventManager : Event: ======'unexpected_ball_on_playfield'====== Args={}
2026-09-09 18:46:53,891 : INFO : EventManager : Event: ======'player_score'====== Args={'value': 3248108, 'prev_value': 3238108, 'change': 10000, 'player_num': 1, 'source': 'base'}
2026-09-09 18:46:53,919 : INFO : SwitchController : <<<<<<< 's_58_pop_bumper_left' active >>>>>>>
2026-09-09 18:46:53,919 : INFO : EventManager : Event: ======'s_58_pop_bumper_left_active'====== Args={}
2026-09-09 18:46:53,919 : INFO : EventManager : Event: ======'sw_pops'====== Args={}
2026-09-09 18:46:53,919 : INFO : EventManager : Event: ======'playfield_active'====== Args={'source': 'ac_pop_1'}
2026-09-09 18:46:53,919 : INFO : EventManager : Event: ======'unexpected_ball_on_playfield'====== Args={}
2026-09-09 18:46:53,920 : INFO : EventManager : Event: ======'machine_var_audits_switches_s_58_pop_bumper_left'====== Args={'value': 3581, 'prev_value': 3580, 'change': 1}
2026-09-09 18:46:53,921 : INFO : EventManager : Event: ======'logicblock_super_pops_phase1_counter_updated'====== Args={'value': 2, 'enabled': True}
2026-09-09 18:46:53,921 : INFO : EventManager : Event: ======'counter_super_pops_phase1_counter_hit'====== Args={'count': 2, 'hits': 2, 'remaining': 3}
2026-09-09 18:46:53,921 : INFO : EventManager : Event: ======'logicblock_super_pops_phase1_counter_hit'====== Args={'count': 2, 'hits': 2, 'remaining': 3}
2026-09-09 18:46:53,921 : INFO : EventManager : Event: ======'awareness_add_1'====== Args={'priority': 0}
2026-09-09 18:46:53,922 : INFO : EventManager : Event: ======'player_awareness'====== Args={'value': 12, 'prev_value': 11, 'change': 1, 'player_num': 1, 'source': 'awareness'}
2026-09-09 18:46:53,922 : INFO : EventManager : Event: ======'player_score'====== Args={'value': 3248150, 'prev_value': 3248108, 'change': 42, 'player_num': 1, 'source': 'base'}
2026-09-09 18:46:53,935 : INFO : SwitchController : <<<<<<< 's_58_pop_bumper_left' inactive >>>>>>>
2026-09-09 18:46:56,173 : INFO : SwitchController : <<<<<<< 's_16_right_flipper' active >>>>>>>
2026-09-09 18:46:56,173 : INFO : EventManager : Event: ======'s_16_right_flipper_active'====== Args={}
2026-09-09 18:46:56,173 : INFO : EventManager : Event: ======'machine_var_audits_switches_s_16_right_flipper'====== Args={'value': 10595, 'prev_value': 10594, 'change': 1}
2026-09-09 18:46:56,174 : INFO : EventManager : Event: ======'player_bonus_count'====== Args={'value': 1, 'prev_value': 0, 'change': 1, 'player_num': 1, 'source': 'base'}
2026-09-09 18:46:56,219 : INFO : SwitchController : <<<<<<< 's_17_right_flipper_upper' active >>>>>>>
2026-09-09 18:46:56,219 : INFO : EventManager : Event: ======'machine_var_audits_switches_s_17_right_flipper_upper'====== Args={'value': 7694, 'prev_value': 7693, 'change': 1}
2026-09-09 18:46:56,428 : INFO : SwitchController : <<<<<<< 's_17_right_flipper_upper' inactive >>>>>>>
2026-09-09 18:46:56,442 : INFO : SwitchController : <<<<<<< 's_16_right_flipper' inactive >>>>>>>
2026-09-09 18:46:56,965 : INFO : SwitchController : <<<<<<< 's_29_trough_6' active >>>>>>>
2026-09-09 18:46:56,965 : INFO : EventManager : Event: ======'machine_var_audits_switches_s_29_trough_6'====== Args={'value': 1767, 'prev_value': 1766, 'change': 1}
2026-09-09 18:46:57,457 : INFO : EventManager : Event: ======'balldevice_bd_trough_ball_count_changed'====== Args={'balls': 3}
2026-09-09 18:46:57,457 : INFO : ball_device.bd_trough : Received unexpected ball
2026-09-09 18:46:57,457 : INFO : EventManager : Event: ======'balldevice_captured_from_playfield'====== Args={'balls': 1}
2026-09-09 18:46:57,457 : INFO : EventManager : Event: ======'sw_playfield_active'====== Args={'balls': 1}
2026-09-09 18:46:57,457 : INFO : EventManager : Event: ======'playfield_active'====== Args={'source': None}
2026-09-09 18:46:57,457 : INFO : EventManager : Event: ======'unexpected_ball_on_playfield'====== Args={}
2026-09-09 18:46:57,457 : INFO : EventManager : Event: ======'playfield_ball_count_change'====== Args={'balls': -1, 'change': -1}
2026-09-09 18:46:57,458 : INFO : EventManager : Event: ======'balldevice_bd_trough_ball_enter'====== Args={'new_balls': 1, 'unclaimed_balls': 1, 'new_available_balls': 1, 'device': <ball_device.bd_trough>}
2026-09-09 18:46:57,458 : INFO : EventManager : Event: ======'ball_drain'====== Args={'device': <ball_device.bd_trough>, 'balls': 1}
2026-09-09 18:46:57,458 : INFO : EventManager : Event: ======'ball_save_bs_default_saving_ball'====== Args={'balls': 1, 'early_save': False}
2026-09-09 18:46:57,458 : INFO : ball_device.bd_plunger : Adding 1 ball(s) to the eject_queue with target <playfield.playfield>.
2026-09-09 18:46:57,458 : INFO : EventManager : Event: ======'balldevice_balls_available'====== Args={}
2026-09-09 18:46:57,459 : INFO : EventManager : Event: ======'ball_save_bs_default_disabled'====== Args={}
2026-09-09 18:46:57,459 : INFO : EventManager : Event: ======'balldevice_balls_available'====== Args={}
2026-09-09 18:46:57,460 : INFO : EventManager : Event: ======'balldevice_bd_trough_ball_entered'====== Args={'new_balls': 1, 'device': <ball_device.bd_trough>}
2026-09-09 18:46:57,460 : INFO : ball_device.bd_trough : State: waiting_for_target_ready
2026-09-09 18:46:57,461 : INFO : EventManager : Event: ======'balldevice_bd_trough_ball_eject_attempt'====== Args={'balls': 1, 'target': <ball_device.bd_plunger>, 'source': <ball_device.bd_trough>, 'mechanical_eject': False, 'num_attempts': 0}
2026-09-09 18:46:57,461 : INFO : ball_device.bd_plunger : State: waiting_for_ball
2026-09-09 18:46:57,461 : INFO : ball_device.bd_trough : State: ejecting
2026-09-09 18:46:57,461 : INFO : ball_device.bd_trough : Ejecting ball to <ball_device.bd_plunger>
2026-09-09 18:46:57,462 : INFO : EventManager : Event: ======'balldevice_bd_trough_ejecting_ball'====== Args={'balls': 1, 'target': <ball_device.bd_plunger>, 'source': <ball_device.bd_trough>, 'mechanical_eject': False, 'num_attempts': 0}
2026-09-09 18:46:57,462 : INFO : SwitchController : <<<<<<< 's_29_trough_6' inactive >>>>>>>
2026-09-09 18:46:57,502 : INFO : SwitchController : <<<<<<< 's_28_trough_5' active >>>>>>>
2026-09-09 18:46:57,502 : INFO : EventManager : Event: ======'machine_var_audits_switches_s_28_trough_5'====== Args={'value': 1596, 'prev_value': 1595, 'change': 1}
2026-09-09 18:46:57,522 : INFO : EventManager : Event: ======'widget_award_popup_widget_active'====== Args={'original_context': '_global', 'original_calling_context': 'ball_save_bs_default_saving_ball', 'priority': 0.0, 'balls': 1.0, 'early_save': False, 'cmd': 'widgets_play', '_from_bcp': True}
2026-09-09 18:46:57,707 : INFO : SwitchController : <<<<<<< 's_28_trough_5' inactive >>>>>>>
2026-09-09 18:46:57,723 : INFO : SwitchController : <<<<<<< 's_27_trough_4' active >>>>>>>
2026-09-09 18:46:57,723 : INFO : EventManager : Event: ======'machine_var_audits_switches_s_27_trough_4'====== Args={'value': 1807, 'prev_value': 1806, 'change': 1}
2026-09-09 18:46:57,850 : INFO : SwitchController : <<<<<<< 's_27_trough_4' inactive >>>>>>>
2026-09-09 18:46:57,866 : INFO : SwitchController : <<<<<<< 's_26_trough_3' active >>>>>>>
2026-09-09 18:46:57,866 : INFO : EventManager : Event: ======'machine_var_audits_switches_s_26_trough_3'====== Args={'value': 2228, 'prev_value': 2227, 'change': 1}
2026-09-09 18:46:58,358 : INFO : ball_device.bd_trough : Wait for ball to leave device
2026-09-09 18:46:58,358 : INFO : coil.c_02_trough_eject : Pulsing Driver for 16ms (1.0 pulse_power)
2026-09-09 18:46:58,390 : INFO : SwitchController : <<<<<<< 's_24_trough_1' inactive >>>>>>>
2026-09-09 18:46:58,390 : INFO : SwitchController : <<<<<<< 's_30_trough_jam' active >>>>>>>
2026-09-09 18:46:58,390 : INFO : EventManager : Event: ======'machine_var_audits_switches_s_30_trough_jam'====== Args={'value': 2625, 'prev_value': 2624, 'change': 1}
2026-09-09 18:46:58,391 : INFO : ball_device.bd_trough : State: ball_left
2026-09-09 18:46:58,391 : INFO : ball_device.bd_trough : Ball left
2026-09-09 18:46:58,391 : INFO : ball_device.bd_trough : Wait for confirm with timeout 10.0
2026-09-09 18:46:58,406 : INFO : SwitchController : <<<<<<< 's_30_trough_jam' inactive >>>>>>>
2026-09-09 18:46:58,597 : INFO : SwitchController : <<<<<<< 's_31_plunger_lane' active >>>>>>>
2026-09-09 18:46:58,597 : INFO : EventManager : Event: ======'s_31_plunger_lane_active'====== Args={}
2026-09-09 18:46:58,597 : INFO : EventManager : Event: ======'machine_var_audits_switches_s_31_plunger_lane'====== Args={'value': 2514, 'prev_value': 2513, 'change': 1}
2026-09-09 18:46:58,598 : INFO : Timer.t_auto_plunge : Starting Timer.
2026-09-09 18:46:58,598 : INFO : Timer.t_auto_plunge : Timer Complete
2026-09-09 18:46:58,598 : INFO : Timer.t_auto_plunge : Stopping Timer
2026-09-09 18:46:58,598 : INFO : EventManager : Event: ======'timer_t_auto_plunge_stopped'====== Args={'ticks': 0, 'ticks_remaining': 1}
2026-09-09 18:46:58,598 : INFO : EventManager : Event: ======'timer_t_auto_plunge_complete'====== Args={'ticks': 0, 'ticks_remaining': 1}
2026-09-09 18:46:58,599 : INFO : coil.c_01_plunger : Pulsing Driver for 14ms (1.0 pulse_power)
2026-09-09 18:46:58,629 : INFO : SwitchController : <<<<<<< 's_31_plunger_lane' inactive >>>>>>>
2026-09-09 18:46:58,693 : INFO : SwitchController : <<<<<<< 's_25_trough_2' inactive >>>>>>>
2026-09-09 18:46:58,709 : INFO : SwitchController : <<<<<<< 's_26_trough_3' inactive >>>>>>>
2026-09-09 18:46:58,709 : INFO : SwitchController : <<<<<<< 's_24_trough_1' active >>>>>>>
2026-09-09 18:46:58,709 : INFO : EventManager : Event: ======'machine_var_audits_switches_s_24_trough_1'====== Args={'value': 2617, 'prev_value': 2616, 'change': 1}
2026-09-09 18:46:58,741 : INFO : SwitchController : <<<<<<< 's_25_trough_2' active >>>>>>>
2026-09-09 18:46:58,741 : INFO : EventManager : Event: ======'machine_var_audits_switches_s_25_trough_2'====== Args={'value': 2584, 'prev_value': 2583, 'change': 1}
2026-09-09 18:46:59,106 : INFO : EventManager : Event: ======'s_31_plunger_lane_inactive'====== Args={}
2026-09-09 18:46:59,106 : INFO : Timer.t_auto_plunge : Stopping Timer
2026-09-09 18:46:59,106 : INFO : EventManager : Event: ======'timer_t_auto_plunge_stopped'====== Args={'ticks': 0, 'ticks_remaining': 1}
2026-09-09 18:46:59,250 : INFO : SwitchController : <<<<<<< 's_60_top_lane_c' active >>>>>>>
2026-09-09 18:46:59,250 : INFO : EventManager : Event: ======'playfield_active'====== Args={'source': 'resistance_top_lane_stage_2'}
2026-09-09 18:46:59,250 : INFO : EventManager : Event: ======'unexpected_ball_on_playfield'====== Args={}
2026-09-09 18:46:59,250 : INFO : EventManager : Event: ======'playfield_active'====== Args={'source': 'resistance_top_lane_stage_3'}
2026-09-09 18:46:59,250 : INFO : EventManager : Event: ======'unexpected_ball_on_playfield'====== Args={}
2026-09-09 18:46:59,250 : INFO : EventManager : Event: ======'playfield_active'====== Args={'source': 'resistance_top_lane_stage_4'}
2026-09-09 18:46:59,251 : INFO : EventManager : Event: ======'unexpected_ball_on_playfield'====== Args={}
2026-09-09 18:46:59,251 : INFO : EventManager : Event: ======'s_60_top_lane_c_active'====== Args={}
2026-09-09 18:46:59,251 : INFO : EventManager : Event: ======'sw_playfield_active'====== Args={}
2026-09-09 18:46:59,251 : INFO : EventManager : Event: ======'sw_top_lanes'====== Args={}
2026-09-09 18:46:59,251 : INFO : EventManager : Event: ======'machine_var_audits_switches_s_60_top_lane_c'====== Args={'value': 1023, 'prev_value': 1022, 'change': 1}
2026-09-09 18:46:59,251 : INFO : EventManager : Event: ======'top_lane_c_turn_on'====== Args={'priority': 0}
2026-09-09 18:46:59,252 : INFO : EventManager : Event: ======'awareness_add_3'====== Args={'priority': 0}
2026-09-09 18:46:59,252 : INFO : EventManager : Event: ======'top_lanes_check'====== Args={'priority': 0}
2026-09-09 18:46:59,252 : INFO : EventManager : Event: ======'player_top_lane_c_lit'====== Args={'value': 1, 'prev_value': 0, 'change': 1, 'player_num': 1, 'source': 'spinner_2x_qualify'}
2026-09-09 18:46:59,252 : INFO : EventManager : Event: ======'spinner_2x_stop'====== Args={'priority': 0}
2026-09-09 18:46:59,252 : INFO : EventManager : Event: ======'player_awareness'====== Args={'value': 15, 'prev_value': 12, 'change': 3, 'player_num': 1, 'source': 'awareness'}
2026-09-09 18:46:59,252 : INFO : EventManager : Event: ======'player_awareness_percent'====== Args={'value': 8, 'prev_value': 6, 'change': 2, 'player_num': 1, 'source': 'awareness'}
2026-09-09 18:46:59,253 : INFO : EventManager : Event: ======'playfield_active'====== Args={'source': None}
2026-09-09 18:46:59,253 : INFO : EventManager : Event: ======'unexpected_ball_on_playfield'====== Args={}
2026-09-09 18:46:59,253 : INFO : EventManager : Event: ======'player_score'====== Args={'value': 3253150, 'prev_value': 3248150, 'change': 5000, 'player_num': 1, 'source': 'base'}
2026-09-09 18:46:59,282 : INFO : SwitchController : <<<<<<< 's_60_top_lane_c' inactive >>>>>>>
2026-09-09 18:46:59,771 : INFO : SwitchController : <<<<<<< 's_63_stand_up_target_3' active >>>>>>>
2026-09-09 18:46:59,771 : INFO : EventManager : Event: ======'s_63_stand_up_target_3_active'====== Args={}
2026-09-09 18:46:59,771 : INFO : EventManager : Event: ======'sw_playfield_active'====== Args={}
2026-09-09 18:46:59,771 : INFO : EventManager : Event: ======'sw_standups'====== Args={}
2026-09-09 18:46:59,771 : INFO : EventManager : Event: ======'machine_var_audits_switches_s_63_stand_up_target_3'====== Args={'value': 488, 'prev_value': 487, 'change': 1}
2026-09-09 18:46:59,772 : INFO : EventManager : Event: ======'stars_t63_on'====== Args={'priority': 0}
2026-09-09 18:46:59,772 : INFO : EventManager : Event: ======'awareness_add_4'====== Args={'priority': 0}
2026-09-09 18:46:59,772 : INFO : EventManager : Event: ======'stars_count_updated'====== Args={'priority': 0}
2026-09-09 18:46:59,772 : INFO : EventManager : Event: ======'stars_monitor_t63_on'====== Args={'priority': 0}
2026-09-09 18:46:59,772 : INFO : EventManager : Event: ======'player_stars_t63'====== Args={'value': 1, 'prev_value': 0, 'change': 1, 'player_num': 1, 'source': 'stars_mode'}
2026-09-09 18:46:59,772 : INFO : EventManager : Event: ======'player_stars_targets_lit_count'====== Args={'value': 1, 'prev_value': 0, 'change': 1, 'player_num': 1, 'source': 'stars_mode'}
2026-09-09 18:46:59,773 : INFO : EventManager : Event: ======'player_awareness'====== Args={'value': 19, 'prev_value': 15, 'change': 4, 'player_num': 1, 'source': 'awareness'}
2026-09-09 18:46:59,773 : INFO : EventManager : Event: ======'player_awareness_percent'====== Args={'value': 10, 'prev_value': 8, 'change': 2, 'player_num': 1, 'source': 'awareness'}
2026-09-09 18:46:59,773 : INFO : EventManager : Event: ======'playfield_active'====== Args={'source': None}
2026-09-09 18:46:59,773 : INFO : EventManager : Event: ======'unexpected_ball_on_playfield'====== Args={}
2026-09-09 18:46:59,773 : INFO : EventManager : Event: ======'player_score'====== Args={'value': 3253192, 'prev_value': 3253150, 'change': 42, 'player_num': 1, 'source': 'base'}
2026-09-09 18:46:59,787 : INFO : SwitchController : <<<<<<< 's_63_stand_up_target_3' inactive >>>>>>>
2026-09-09 18:46:59,844 : INFO : EventManager : Event: ======'widget_AwardPopup_removed'====== Args={'_from_bcp': True}
2026-09-09 18:47:00,628 : INFO : SwitchController : <<<<<<< 's_61_top_lane_b' active >>>>>>>
2026-09-09 18:47:00,628 : INFO : EventManager : Event: ======'s_61_top_lane_b_active'====== Args={}
2026-09-09 18:47:00,628 : INFO : EventManager : Event: ======'sw_playfield_active'====== Args={}
2026-09-09 18:47:00,628 : INFO : EventManager : Event: ======'sw_top_lanes'====== Args={}
2026-09-09 18:47:00,628 : INFO : EventManager : Event: ======'machine_var_audits_switches_s_61_top_lane_b'====== Args={'value': 909, 'prev_value': 908, 'change': 1}
2026-09-09 18:47:00,629 : INFO : EventManager : Event: ======'top_lane_b_turn_on'====== Args={'priority': 0}
2026-09-09 18:47:00,629 : INFO : EventManager : Event: ======'shotgun_lane_b_charged'====== Args={'priority': 0}
2026-09-09 18:47:00,629 : INFO : EventManager : Event: ======'awareness_add_3'====== Args={'priority': 0}
2026-09-09 18:47:00,629 : INFO : EventManager : Event: ======'top_lanes_check'====== Args={'priority': 0}
2026-09-09 18:47:00,629 : INFO : EventManager : Event: ======'player_top_lane_b_lit'====== Args={'value': 1, 'prev_value': 0, 'change': 1, 'player_num': 1, 'source': 'spinner_2x_qualify'}
2026-09-09 18:47:00,629 : INFO : EventManager : Event: ======'spinner_2x_stop'====== Args={'priority': 0}
2026-09-09 18:47:00,630 : INFO : EventManager : Event: ======'shotgun_qualified'====== Args={'priority': 0}
2026-09-09 18:47:00,630 : INFO : EventManager : Event: ======'player_shotgun_lane_b_active'====== Args={'value': 1, 'prev_value': 0, 'change': 1, 'player_num': 1, 'source': 'shotgun'}
2026-09-09 18:47:00,630 : INFO : EventManager : Event: ======'alien_first_started'====== Args={'priority': 0}
2026-09-09 18:47:00,630 : INFO : EventManager : Event: ======'player_shotgun_qualified'====== Args={'value': 1, 'prev_value': 0, 'change': 1, 'player_num': 1, 'source': 'shotgun'}
2026-09-09 18:47:00,630 : INFO : EventManager : Event: ======'fourbank_reset_attempts_clear'====== Args={'priority': 0}
2026-09-09 18:47:00,630 : INFO : EventManager : Event: ======'fourbank_reset_request'====== Args={'priority': 0}
2026-09-09 18:47:00,631 : INFO : coil.c_40_fourbank_drop_reset : Pulsing Driver for 10ms (1.0 pulse_power)
2026-09-09 18:47:00,631 : INFO : EventManager : Event: ======'fourbank_reset_requested'====== Args={'priority': 0}
2026-09-09 18:47:00,631 : INFO : EventManager : Event: ======'player_fourbank_reset_request'====== Args={'value': 1, 'prev_value': 0, 'change': 1, 'player_num': 1, 'source': 'shotgun'}
2026-09-09 18:47:00,631 : INFO : EventManager : Event: ======'player_fourbank_reset_attempts'====== Args={'value': 1, 'prev_value': 0, 'change': 1, 'player_num': 1, 'source': 'shotgun'}
2026-09-09 18:47:00,631 : INFO : EventManager : Event: ======'player_fourbank_reset_requested'====== Args={'value': 1, 'prev_value': 0, 'change': 1, 'player_num': 1, 'source': 'shotgun'}
2026-09-09 18:47:00,631 : INFO : Timer.fourbank_reset_check_timer : Starting Timer.
2026-09-09 18:47:00,631 : INFO : EventManager : Event: ======'timer_fourbank_reset_check_timer_started'====== Args={'ticks': 0, 'ticks_remaining': 1}
2026-09-09 18:47:00,631 : INFO : EventManager : Event: ======'timer_fourbank_reset_check_timer_tick'====== Args={'ticks': 0, 'ticks_remaining': 1}
2026-09-09 18:47:00,631 : INFO : EventManager : Event: ======'player_awareness'====== Args={'value': 22, 'prev_value': 19, 'change': 3, 'player_num': 1, 'source': 'awareness'}
2026-09-09 18:47:00,632 : INFO : EventManager : Event: ======'player_awareness_percent'====== Args={'value': 12, 'prev_value': 10, 'change': 2, 'player_num': 1, 'source': 'awareness'}
2026-09-09 18:47:00,632 : INFO : EventManager : Event: ======'playfield_active'====== Args={'source': None}
2026-09-09 18:47:00,632 : INFO : EventManager : Event: ======'unexpected_ball_on_playfield'====== Args={}
2026-09-09 18:47:00,632 : INFO : EventManager : Event: ======'player_score'====== Args={'value': 3258192, 'prev_value': 3253192, 'change': 5000, 'player_num': 1, 'source': 'base'}
2026-09-09 18:47:00,677 : INFO : SwitchController : <<<<<<< 's_61_top_lane_b' inactive >>>>>>>
2026-09-09 18:47:00,681 : INFO : EventManager : Event: ======'widget_award_popup_widget_active'====== Args={'original_context': 'shotgun', 'original_calling_context': 'shotgun_qualified', 'priority': 120.0, 'cmd': 'widgets_play', '_from_bcp': True}
2026-09-09 18:47:00,883 : INFO : EventManager : Event: ======'player_shotgun_fourbank_reset_check_timer_tick'====== Args={'value': 1, 'prev_value': 0, 'change': 1, 'player_num': 1}
2026-09-09 18:47:00,884 : INFO : Timer.fourbank_reset_check_timer : Timer Complete
2026-09-09 18:47:00,884 : INFO : Timer.fourbank_reset_check_timer : Stopping Timer
2026-09-09 18:47:00,884 : INFO : EventManager : Event: ======'timer_fourbank_reset_check_timer_stopped'====== Args={'ticks': 1, 'ticks_remaining': 1}
2026-09-09 18:47:00,884 : INFO : EventManager : Event: ======'timer_fourbank_reset_check_timer_complete'====== Args={'ticks': 1, 'ticks_remaining': 1}
2026-09-09 18:47:00,884 : INFO : EventManager : Event: ======'fourbank_reset_confirmed'====== Args={'priority': 0}
2026-09-09 18:47:00,885 : INFO : EventManager : Event: ======'fourbank_drop_4_only'====== Args={'priority': 0}
2026-09-09 18:47:00,885 : INFO : EventManager : Event: ======'player_fourbank_reset_confirmed'====== Args={'value': 1, 'prev_value': 0, 'change': 1, 'player_num': 1, 'source': 'shotgun'}
2026-09-09 18:47:00,885 : INFO : EventManager : Event: ======'player_fourbank_reset_request'====== Args={'value': 0, 'prev_value': 1, 'change': -1, 'player_num': 1, 'source': 'shotgun'}
2026-09-09 18:47:00,885 : INFO : EventManager : Event: ======'player_fourbank_reset_requested'====== Args={'value': 0, 'prev_value': 1, 'change': -1, 'player_num': 1, 'source': 'shotgun'}
2026-09-09 18:47:00,886 : INFO : coil.c_33_fourbank_drop_1_trip : Pulsing Driver for 8ms (1.0 pulse_power)
2026-09-09 18:47:00,886 : INFO : EventManager : Event: ======'fourbank_drop_1_tripped'====== Args={'priority': 0}
2026-09-09 18:47:00,886 : INFO : Timer.fourbank_drop_2_trip_timer : Starting Timer.
2026-09-09 18:47:00,886 : INFO : EventManager : Event: ======'timer_fourbank_drop_2_trip_timer_started'====== Args={'ticks': 0, 'ticks_remaining': 1}
2026-09-09 18:47:00,886 : INFO : EventManager : Event: ======'timer_fourbank_drop_2_trip_timer_tick'====== Args={'ticks': 0, 'ticks_remaining': 1}
2026-09-09 18:47:00,932 : INFO : SwitchController : <<<<<<< 's_73_fourbank_drop_1' active >>>>>>>
2026-09-09 18:47:00,933 : INFO : EventManager : Event: ======'playfield_active'====== Args={'source': 'shot_dt_1'}
2026-09-09 18:47:00,933 : INFO : EventManager : Event: ======'unexpected_ball_on_playfield'====== Args={}
2026-09-09 18:47:00,933 : INFO : EventManager : Event: ======'s_73_fourbank_drop_1_active'====== Args={}
2026-09-09 18:47:00,933 : INFO : EventManager : Event: ======'sw_drop_target'====== Args={}
2026-09-09 18:47:00,933 : INFO : EventManager : Event: ======'playfield_active'====== Args={'source': 'dt_1'}
2026-09-09 18:47:00,933 : INFO : EventManager : Event: ======'unexpected_ball_on_playfield'====== Args={}
2026-09-09 18:47:00,933 : INFO : EventManager : Event: ======'drop_target_dt_1_down'====== Args={'device': <drop_target.dt_1>}
2026-09-09 18:47:00,933 : INFO : EventManager : Event: ======'drop_target_bank_dt_bank_1_4_mixed'====== Args={'prev_value': <DropTargetBankState.MIXED: 'mixed'>, 'down': 1}
2026-09-09 18:47:00,933 : INFO : EventManager : Event: ======'machine_var_audits_switches_s_73_fourbank_drop_1'====== Args={'value': 481, 'prev_value': 480, 'change': 1}
2026-09-09 18:47:00,934 : INFO : EventManager : Event: ======'awareness_add_5'====== Args={'priority': 0}
2026-09-09 18:47:00,934 : INFO : EventManager : Event: ======'machine_var_audits_shots_shot_dt_1'====== Args={'value': 454, 'prev_value': 453, 'change': 1}
2026-09-09 18:47:00,934 : INFO : EventManager : Event: ======'shot_dt_1_hit'====== Args={'profile': 'default', 'state': 'lit', 'advancing': False}
2026-09-09 18:47:00,934 : INFO : EventManager : Event: ======'shot_dt_1_default_hit'====== Args={'profile': 'default', 'state': 'lit', 'advancing': False}
2026-09-09 18:47:00,934 : INFO : EventManager : Event: ======'shot_dt_1_default_lit_hit'====== Args={'profile': 'default', 'state': 'lit', 'advancing': False}
2026-09-09 18:47:00,935 : INFO : EventManager : Event: ======'shot_dt_1_lit_hit'====== Args={'profile': 'default', 'state': 'lit', 'advancing': False}
2026-09-09 18:47:00,935 : INFO : EventManager : Event: ======'player_awareness'====== Args={'value': 27, 'prev_value': 22, 'change': 5, 'player_num': 1, 'source': 'awareness'}
2026-09-09 18:47:00,935 : INFO : EventManager : Event: ======'player_awareness_percent'====== Args={'value': 15, 'prev_value': 12, 'change': 3, 'player_num': 1, 'source': 'awareness'}
2026-09-09 18:47:00,935 : INFO : EventManager : Event: ======'player_score'====== Args={'value': 3258234, 'prev_value': 3258192, 'change': 42, 'player_num': 1, 'source': 'base'}
2026-09-09 18:47:00,964 : INFO : SwitchController : <<<<<<< 's_57_pop_bumper_center' active >>>>>>>
2026-09-09 18:47:00,964 : INFO : EventManager : Event: ======'s_57_pop_bumper_center_active'====== Args={}
2026-09-09 18:47:00,965 : INFO : EventManager : Event: ======'sw_pops'====== Args={}
2026-09-09 18:47:00,965 : INFO : EventManager : Event: ======'playfield_active'====== Args={'source': 'ac_pop_2'}
2026-09-09 18:47:00,965 : INFO : EventManager : Event: ======'unexpected_ball_on_playfield'====== Args={}
2026-09-09 18:47:00,965 : INFO : EventManager : Event: ======'machine_var_audits_switches_s_57_pop_bumper_center'====== Args={'value': 2339, 'prev_value': 2338, 'change': 1}
2026-09-09 18:47:00,965 : INFO : EventManager : Event: ======'logicblock_super_pops_phase1_counter_updated'====== Args={'value': 3, 'enabled': True}
2026-09-09 18:47:00,966 : INFO : EventManager : Event: ======'counter_super_pops_phase1_counter_hit'====== Args={'count': 3, 'hits': 3, 'remaining': 2}
2026-09-09 18:47:00,966 : INFO : EventManager : Event: ======'logicblock_super_pops_phase1_counter_hit'====== Args={'count': 3, 'hits': 3, 'remaining': 2}
2026-09-09 18:47:00,966 : INFO : EventManager : Event: ======'awareness_add_1'====== Args={'priority': 0}
2026-09-09 18:47:00,966 : INFO : EventManager : Event: ======'player_awareness'====== Args={'value': 28, 'prev_value': 27, 'change': 1, 'player_num': 1, 'source': 'awareness'}
2026-09-09 18:47:00,966 : INFO : EventManager : Event: ======'player_awareness_percent'====== Args={'value': 16, 'prev_value': 15, 'change': 1, 'player_num': 1, 'source': 'awareness'}
2026-09-09 18:47:00,966 : INFO : EventManager : Event: ======'player_score'====== Args={'value': 3258276, 'prev_value': 3258234, 'change': 42, 'player_num': 1, 'source': 'base'}
2026-09-09 18:47:00,994 : INFO : SwitchController : <<<<<<< 's_57_pop_bumper_center' inactive >>>>>>>
2026-09-09 18:47:00,994 : INFO : SwitchController : <<<<<<< 's_64_varitarget_position_1' active >>>>>>>
2026-09-09 18:47:00,994 : INFO : EventManager : Event: ======'playfield_active'====== Args={'source': 'varitarget_p1'}
2026-09-09 18:47:00,994 : INFO : EventManager : Event: ======'unexpected_ball_on_playfield'====== Args={}
2026-09-09 18:47:00,994 : INFO : EventManager : Event: ======'s_64_varitarget_position_1_active'====== Args={}
2026-09-09 18:47:00,994 : INFO : EventManager : Event: ======'sw_vari'====== Args={}
2026-09-09 18:47:00,994 : INFO : EventManager : Event: ======'machine_var_audits_switches_s_64_varitarget_position_1'====== Args={'value': 13577, 'prev_value': 13576, 'change': 1}
2026-09-09 18:47:00,995 : INFO : EventManager : Event: ======'glasses_pending_position_1'====== Args={'priority': 0}
2026-09-09 18:47:00,995 : INFO : EventManager : Event: ======'machine_var_audits_shots_varitarget_p1'====== Args={'value': 13554, 'prev_value': 13553, 'change': 1}
2026-09-09 18:47:00,996 : INFO : EventManager : Event: ======'varitarget_p1_hit'====== Args={'profile': 'default', 'state': 'lit', 'advancing': False}
2026-09-09 18:47:00,996 : INFO : EventManager : Event: ======'varitarget_p1_default_hit'====== Args={'profile': 'default', 'state': 'lit', 'advancing': False}
2026-09-09 18:47:00,996 : INFO : EventManager : Event: ======'varitarget_p1_default_lit_hit'====== Args={'profile': 'default', 'state': 'lit', 'advancing': False}
2026-09-09 18:47:00,996 : INFO : EventManager : Event: ======'varitarget_p1_lit_hit'====== Args={'profile': 'default', 'state': 'lit', 'advancing': False}
2026-09-09 18:47:00,996 : INFO : EventManager : Event: ======'varitarget_position_changed'====== Args={'priority': 0}
2026-09-09 18:47:00,996 : INFO : EventManager : Event: ======'varitarget_reset_stop'====== Args={'priority': 0}
2026-09-09 18:47:00,996 : INFO : EventManager : Event: ======'varitarget_reset_complete'====== Args={'priority': 0}
2026-09-09 18:47:00,996 : INFO : EventManager : Event: ======'glasses_position_confirm_restart'====== Args={'priority': 0}
2026-09-09 18:47:00,996 : INFO : EventManager : Event: ======'player_glasses_mode_glasses_position_confirm_tick'====== Args={'value': 0, 'prev_value': 1, 'change': -1, 'player_num': 1}
2026-09-09 18:47:00,996 : INFO : Timer.glasses_position_confirm : Starting Timer.
2026-09-09 18:47:00,997 : INFO : EventManager : Event: ======'timer_glasses_position_confirm_started'====== Args={'ticks': 0, 'ticks_remaining': 1}
2026-09-09 18:47:00,997 : INFO : EventManager : Event: ======'timer_glasses_position_confirm_tick'====== Args={'ticks': 0, 'ticks_remaining': 1}
2026-09-09 18:47:00,997 : INFO : EventManager : Event: ======'varitarget_positions_hit'====== Args={'shot': 'varitarget_p1'}
2026-09-09 18:47:00,997 : INFO : EventManager : Event: ======'varitarget_positions_lit_hit'====== Args={'shot': 'varitarget_p1'}
2026-09-09 18:47:00,997 : INFO : EventManager : Event: ======'varitarget_update_stable'====== Args={'priority': 0}
2026-09-09 18:47:00,997 : INFO : Timer.varitarget_reset_timer : Stopping Timer
2026-09-09 18:47:00,997 : INFO : EventManager : Event: ======'timer_varitarget_reset_timer_stopped'====== Args={'ticks': 1, 'ticks_remaining': 999998}
2026-09-09 18:47:00,997 : INFO : EventManager : Event: ======'player_score'====== Args={'value': 3258318, 'prev_value': 3258276, 'change': 42, 'player_num': 1, 'source': 'base'}
2026-09-09 18:47:00,998 : INFO : SwitchController : <<<<<<< 's_64_varitarget_position_1' inactive >>>>>>>
2026-09-09 18:47:01,026 : INFO : SwitchController : <<<<<<< 's_58_pop_bumper_left' active >>>>>>>
2026-09-09 18:47:01,026 : INFO : EventManager : Event: ======'s_58_pop_bumper_left_active'====== Args={}
2026-09-09 18:47:01,026 : INFO : EventManager : Event: ======'sw_pops'====== Args={}
2026-09-09 18:47:01,026 : INFO : EventManager : Event: ======'playfield_active'====== Args={'source': 'ac_pop_1'}
2026-09-09 18:47:01,027 : INFO : EventManager : Event: ======'unexpected_ball_on_playfield'====== Args={}
2026-09-09 18:47:01,027 : INFO : EventManager : Event: ======'machine_var_audits_switches_s_58_pop_bumper_left'====== Args={'value': 3582, 'prev_value': 3581, 'change': 1}
2026-09-09 18:47:01,027 : INFO : EventManager : Event: ======'logicblock_super_pops_phase1_counter_updated'====== Args={'value': 4, 'enabled': True}
2026-09-09 18:47:01,027 : INFO : EventManager : Event: ======'counter_super_pops_phase1_counter_hit'====== Args={'count': 4, 'hits': 4, 'remaining': 1}
2026-09-09 18:47:01,027 : INFO : EventManager : Event: ======'logicblock_super_pops_phase1_counter_hit'====== Args={'count': 4, 'hits': 4, 'remaining': 1}
2026-09-09 18:47:01,028 : INFO : EventManager : Event: ======'awareness_add_1'====== Args={'priority': 0}
2026-09-09 18:47:01,028 : INFO : EventManager : Event: ======'player_awareness'====== Args={'value': 29, 'prev_value': 28, 'change': 1, 'player_num': 1, 'source': 'awareness'}
2026-09-09 18:47:01,028 : INFO : EventManager : Event: ======'player_score'====== Args={'value': 3258360, 'prev_value': 3258318, 'change': 42, 'player_num': 1, 'source': 'base'}
2026-09-09 18:47:01,030 : INFO : SwitchController : <<<<<<< 's_58_pop_bumper_left' inactive >>>>>>>
2026-09-09 18:47:01,058 : INFO : SwitchController : <<<<<<< 's_58_pop_bumper_left' active >>>>>>>
2026-09-09 18:47:01,059 : INFO : EventManager : Event: ======'playfield_active'====== Args={'source': 'ac_pop_1'}
2026-09-09 18:47:01,059 : INFO : EventManager : Event: ======'unexpected_ball_on_playfield'====== Args={}
2026-09-09 18:47:01,059 : INFO : EventManager : Event: ======'machine_var_audits_switches_s_58_pop_bumper_left'====== Args={'value': 3583, 'prev_value': 3582, 'change': 1}
2026-09-09 18:47:01,059 : INFO : SwitchController : <<<<<<< 's_64_varitarget_position_1' active >>>>>>>
2026-09-09 18:47:01,059 : INFO : EventManager : Event: ======'playfield_active'====== Args={'source': 'varitarget_p1'}
2026-09-09 18:47:01,059 : INFO : EventManager : Event: ======'unexpected_ball_on_playfield'====== Args={}
2026-09-09 18:47:01,059 : INFO : EventManager : Event: ======'s_64_varitarget_position_1_active'====== Args={}
2026-09-09 18:47:01,059 : INFO : EventManager : Event: ======'sw_vari'====== Args={}
2026-09-09 18:47:01,060 : INFO : EventManager : Event: ======'machine_var_audits_switches_s_64_varitarget_position_1'====== Args={'value': 13578, 'prev_value': 13577, 'change': 1}
2026-09-09 18:47:01,060 : INFO : SwitchController : <<<<<<< 's_58_pop_bumper_left' inactive >>>>>>>
2026-09-09 18:47:01,060 : INFO : EventManager : Event: ======'glasses_pending_position_1'====== Args={'priority': 0}
2026-09-09 18:47:01,060 : INFO : EventManager : Event: ======'machine_var_audits_shots_varitarget_p1'====== Args={'value': 13555, 'prev_value': 13554, 'change': 1}
2026-09-09 18:47:01,061 : INFO : EventManager : Event: ======'varitarget_p1_hit'====== Args={'profile': 'default', 'state': 'lit', 'advancing': False}
2026-09-09 18:47:01,061 : INFO : EventManager : Event: ======'varitarget_p1_default_hit'====== Args={'profile': 'default', 'state': 'lit', 'advancing': False}
2026-09-09 18:47:01,061 : INFO : EventManager : Event: ======'varitarget_p1_default_lit_hit'====== Args={'profile': 'default', 'state': 'lit', 'advancing': False}
2026-09-09 18:47:01,061 : INFO : EventManager : Event: ======'varitarget_p1_lit_hit'====== Args={'profile': 'default', 'state': 'lit', 'advancing': False}
2026-09-09 18:47:01,061 : INFO : EventManager : Event: ======'varitarget_position_changed'====== Args={'priority': 0}
2026-09-09 18:47:01,061 : INFO : EventManager : Event: ======'varitarget_reset_stop'====== Args={'priority': 0}
2026-09-09 18:47:01,061 : INFO : EventManager : Event: ======'varitarget_reset_complete'====== Args={'priority': 0}
2026-09-09 18:47:01,061 : INFO : EventManager : Event: ======'glasses_position_confirm_restart'====== Args={'priority': 0}
2026-09-09 18:47:01,061 : INFO : EventManager : Event: ======'timer_glasses_position_confirm_tick'====== Args={'ticks': 0, 'ticks_remaining': 1}
2026-09-09 18:47:01,061 : INFO : EventManager : Event: ======'varitarget_positions_hit'====== Args={'shot': 'varitarget_p1'}
2026-09-09 18:47:01,061 : INFO : EventManager : Event: ======'varitarget_positions_lit_hit'====== Args={'shot': 'varitarget_p1'}
2026-09-09 18:47:01,061 : INFO : EventManager : Event: ======'varitarget_update_stable'====== Args={'priority': 0}
2026-09-09 18:47:01,061 : INFO : Timer.varitarget_reset_timer : Stopping Timer
2026-09-09 18:47:01,061 : INFO : EventManager : Event: ======'timer_varitarget_reset_timer_stopped'====== Args={'ticks': 1, 'ticks_remaining': 999998}
2026-09-09 18:47:01,062 : INFO : EventManager : Event: ======'player_score'====== Args={'value': 3258402, 'prev_value': 3258360, 'change': 42, 'player_num': 1, 'source': 'base'}
2026-09-09 18:47:01,063 : INFO : EventManager : Event: ======'player_shotgun_fourbank_drop_2_trip_timer_tick'====== Args={'value': 1, 'prev_value': 0, 'change': 1, 'player_num': 1}
2026-09-09 18:47:01,063 : INFO : Timer.fourbank_drop_2_trip_timer : Timer Complete
2026-09-09 18:47:01,063 : INFO : Timer.fourbank_drop_2_trip_timer : Stopping Timer
2026-09-09 18:47:01,063 : INFO : EventManager : Event: ======'timer_fourbank_drop_2_trip_timer_stopped'====== Args={'ticks': 1, 'ticks_remaining': 1}
2026-09-09 18:47:01,063 : INFO : EventManager : Event: ======'timer_fourbank_drop_2_trip_timer_complete'====== Args={'ticks': 1, 'ticks_remaining': 1}
2026-09-09 18:47:01,063 : INFO : coil.c_34_fourbank_drop_2_trip : Pulsing Driver for 8ms (1.0 pulse_power)
2026-09-09 18:47:01,064 : INFO : EventManager : Event: ======'fourbank_drop_2_tripped'====== Args={'priority': 0}
2026-09-09 18:47:01,064 : INFO : Timer.fourbank_drop_3_trip_timer : Starting Timer.
2026-09-09 18:47:01,064 : INFO : EventManager : Event: ======'timer_fourbank_drop_3_trip_timer_started'====== Args={'ticks': 0, 'ticks_remaining': 1}
2026-09-09 18:47:01,064 : INFO : EventManager : Event: ======'timer_fourbank_drop_3_trip_timer_tick'====== Args={'ticks': 0, 'ticks_remaining': 1}
2026-09-09 18:47:01,065 : INFO : SwitchController : <<<<<<< 's_64_varitarget_position_1' inactive >>>>>>>
2026-09-09 18:47:01,104 : INFO : SwitchController : <<<<<<< 's_74_fourbank_drop_2' active >>>>>>>
2026-09-09 18:47:01,104 : INFO : EventManager : Event: ======'playfield_active'====== Args={'source': 'shot_dt_2'}
2026-09-09 18:47:01,104 : INFO : EventManager : Event: ======'unexpected_ball_on_playfield'====== Args={}
2026-09-09 18:47:01,105 : INFO : EventManager : Event: ======'s_74_fourbank_drop_2_active'====== Args={}
2026-09-09 18:47:01,105 : INFO : EventManager : Event: ======'sw_drop_target'====== Args={}
2026-09-09 18:47:01,105 : INFO : EventManager : Event: ======'playfield_active'====== Args={'source': 'dt_2'}
2026-09-09 18:47:01,105 : INFO : EventManager : Event: ======'unexpected_ball_on_playfield'====== Args={}
2026-09-09 18:47:01,105 : INFO : EventManager : Event: ======'drop_target_dt_2_down'====== Args={'device': <drop_target.dt_2>}
2026-09-09 18:47:01,105 : INFO : EventManager : Event: ======'drop_target_bank_dt_bank_1_4_mixed'====== Args={'prev_value': <DropTargetBankState.MIXED: 'mixed'>, 'down': 2}
2026-09-09 18:47:01,105 : INFO : EventManager : Event: ======'machine_var_audits_switches_s_74_fourbank_drop_2'====== Args={'value': 501, 'prev_value': 500, 'change': 1}
2026-09-09 18:47:01,106 : INFO : EventManager : Event: ======'awareness_add_5'====== Args={'priority': 0}
2026-09-09 18:47:01,106 : INFO : EventManager : Event: ======'machine_var_audits_shots_shot_dt_2'====== Args={'value': 491, 'prev_value': 490, 'change': 1}
2026-09-09 18:47:01,106 : INFO : EventManager : Event: ======'shot_dt_2_hit'====== Args={'profile': 'default', 'state': 'lit', 'advancing': False}
2026-09-09 18:47:01,106 : INFO : EventManager : Event: ======'shot_dt_2_default_hit'====== Args={'profile': 'default', 'state': 'lit', 'advancing': False}
2026-09-09 18:47:01,106 : INFO : EventManager : Event: ======'shot_dt_2_default_lit_hit'====== Args={'profile': 'default', 'state': 'lit', 'advancing': False}
2026-09-09 18:47:01,106 : INFO : EventManager : Event: ======'shot_dt_2_lit_hit'====== Args={'profile': 'default', 'state': 'lit', 'advancing': False}
2026-09-09 18:47:01,106 : INFO : EventManager : Event: ======'player_awareness'====== Args={'value': 34, 'prev_value': 29, 'change': 5, 'player_num': 1, 'source': 'awareness'}
2026-09-09 18:47:01,106 : INFO : EventManager : Event: ======'player_awareness_percent'====== Args={'value': 19, 'prev_value': 16, 'change': 3, 'player_num': 1, 'source': 'awareness'}
2026-09-09 18:47:01,106 : INFO : EventManager : Event: ======'player_score'====== Args={'value': 3258444, 'prev_value': 3258402, 'change': 42, 'player_num': 1, 'source': 'base'}
2026-09-09 18:47:01,136 : INFO : SwitchController : <<<<<<< 's_16_right_flipper' active >>>>>>>
2026-09-09 18:47:01,136 : INFO : EventManager : Event: ======'s_16_right_flipper_active'====== Args={}
2026-09-09 18:47:01,136 : INFO : EventManager : Event: ======'machine_var_audits_switches_s_16_right_flipper'====== Args={'value': 10596, 'prev_value': 10595, 'change': 1}
2026-09-09 18:47:01,137 : INFO : EventManager : Event: ======'player_bonus_count'====== Args={'value': 2, 'prev_value': 1, 'change': 1, 'player_num': 1, 'source': 'base'}
2026-09-09 18:47:01,153 : INFO : SwitchController : <<<<<<< 's_17_right_flipper_upper' active >>>>>>>
2026-09-09 18:47:01,153 : INFO : EventManager : Event: ======'machine_var_audits_switches_s_17_right_flipper_upper'====== Args={'value': 7695, 'prev_value': 7694, 'change': 1}
2026-09-09 18:47:01,185 : INFO : SwitchController : <<<<<<< 's_64_varitarget_position_1' active >>>>>>>
2026-09-09 18:47:01,185 : INFO : EventManager : Event: ======'playfield_active'====== Args={'source': 'varitarget_p1'}
2026-09-09 18:47:01,185 : INFO : EventManager : Event: ======'unexpected_ball_on_playfield'====== Args={}
2026-09-09 18:47:01,185 : INFO : EventManager : Event: ======'s_64_varitarget_position_1_active'====== Args={}
2026-09-09 18:47:01,185 : INFO : EventManager : Event: ======'sw_vari'====== Args={}
2026-09-09 18:47:01,185 : INFO : EventManager : Event: ======'machine_var_audits_switches_s_64_varitarget_position_1'====== Args={'value': 13579, 'prev_value': 13578, 'change': 1}
2026-09-09 18:47:01,186 : INFO : EventManager : Event: ======'glasses_pending_position_1'====== Args={'priority': 0}
2026-09-09 18:47:01,186 : INFO : EventManager : Event: ======'machine_var_audits_shots_varitarget_p1'====== Args={'value': 13556, 'prev_value': 13555, 'change': 1}
2026-09-09 18:47:01,186 : INFO : EventManager : Event: ======'varitarget_p1_hit'====== Args={'profile': 'default', 'state': 'lit', 'advancing': False}
2026-09-09 18:47:01,186 : INFO : EventManager : Event: ======'varitarget_p1_default_hit'====== Args={'profile': 'default', 'state': 'lit', 'advancing': False}
2026-09-09 18:47:01,186 : INFO : EventManager : Event: ======'varitarget_p1_default_lit_hit'====== Args={'profile': 'default', 'state': 'lit', 'advancing': False}
2026-09-09 18:47:01,186 : INFO : EventManager : Event: ======'varitarget_p1_lit_hit'====== Args={'profile': 'default', 'state': 'lit', 'advancing': False}
2026-09-09 18:47:01,186 : INFO : EventManager : Event: ======'varitarget_position_changed'====== Args={'priority': 0}
2026-09-09 18:47:01,187 : INFO : EventManager : Event: ======'varitarget_reset_stop'====== Args={'priority': 0}
2026-09-09 18:47:01,187 : INFO : EventManager : Event: ======'varitarget_reset_complete'====== Args={'priority': 0}
2026-09-09 18:47:01,187 : INFO : EventManager : Event: ======'glasses_position_confirm_restart'====== Args={'priority': 0}
2026-09-09 18:47:01,187 : INFO : EventManager : Event: ======'timer_glasses_position_confirm_tick'====== Args={'ticks': 0, 'ticks_remaining': 1}
2026-09-09 18:47:01,187 : INFO : EventManager : Event: ======'varitarget_positions_hit'====== Args={'shot': 'varitarget_p1'}
2026-09-09 18:47:01,187 : INFO : EventManager : Event: ======'varitarget_positions_lit_hit'====== Args={'shot': 'varitarget_p1'}
2026-09-09 18:47:01,187 : INFO : EventManager : Event: ======'varitarget_update_stable'====== Args={'priority': 0}
2026-09-09 18:47:01,187 : INFO : Timer.varitarget_reset_timer : Stopping Timer
2026-09-09 18:47:01,187 : INFO : EventManager : Event: ======'timer_varitarget_reset_timer_stopped'====== Args={'ticks': 1, 'ticks_remaining': 999998}
2026-09-09 18:47:01,187 : INFO : EventManager : Event: ======'player_score'====== Args={'value': 3258486, 'prev_value': 3258444, 'change': 42, 'player_num': 1, 'source': 'base'}
2026-09-09 18:47:01,200 : INFO : SwitchController : <<<<<<< 's_64_varitarget_position_1' inactive >>>>>>>
2026-09-09 18:47:01,262 : INFO : EventManager : Event: ======'player_shotgun_fourbank_drop_3_trip_timer_tick'====== Args={'value': 1, 'prev_value': 0, 'change': 1, 'player_num': 1}
2026-09-09 18:47:01,263 : INFO : Timer.fourbank_drop_3_trip_timer : Timer Complete
2026-09-09 18:47:01,263 : INFO : Timer.fourbank_drop_3_trip_timer : Stopping Timer
2026-09-09 18:47:01,263 : INFO : EventManager : Event: ======'timer_fourbank_drop_3_trip_timer_stopped'====== Args={'ticks': 1, 'ticks_remaining': 1}
2026-09-09 18:47:01,263 : INFO : EventManager : Event: ======'timer_fourbank_drop_3_trip_timer_complete'====== Args={'ticks': 1, 'ticks_remaining': 1}
2026-09-09 18:47:01,263 : INFO : coil.c_35_fourbank_drop_3_trip : Pulsing Driver for 8ms (1.0 pulse_power)
2026-09-09 18:47:01,263 : INFO : EventManager : Event: ======'fourbank_drop_3_tripped'====== Args={'priority': 0}
2026-09-09 18:47:01,263 : INFO : Timer.threebank_drop_1_trip_timer : Starting Timer.
2026-09-09 18:47:01,263 : INFO : EventManager : Event: ======'timer_threebank_drop_1_trip_timer_started'====== Args={'ticks': 0, 'ticks_remaining': 1}
2026-09-09 18:47:01,264 : INFO : EventManager : Event: ======'timer_threebank_drop_1_trip_timer_tick'====== Args={'ticks': 0, 'ticks_remaining': 1}
2026-09-09 18:47:01,310 : INFO : SwitchController : <<<<<<< 's_75_fourbank_drop_3' active >>>>>>>
2026-09-09 18:47:01,310 : INFO : EventManager : Event: ======'playfield_active'====== Args={'source': 'shot_dt_3'}
2026-09-09 18:47:01,310 : INFO : EventManager : Event: ======'unexpected_ball_on_playfield'====== Args={}
2026-09-09 18:47:01,310 : INFO : EventManager : Event: ======'s_75_fourbank_drop_3_active'====== Args={}
2026-09-09 18:47:01,310 : INFO : EventManager : Event: ======'sw_drop_target'====== Args={}
2026-09-09 18:47:01,310 : INFO : EventManager : Event: ======'playfield_active'====== Args={'source': 'dt_3'}
2026-09-09 18:47:01,310 : INFO : EventManager : Event: ======'unexpected_ball_on_playfield'====== Args={}
2026-09-09 18:47:01,310 : INFO : EventManager : Event: ======'drop_target_dt_3_down'====== Args={'device': <drop_target.dt_3>}
2026-09-09 18:47:01,311 : INFO : EventManager : Event: ======'drop_target_bank_dt_bank_1_4_mixed'====== Args={'prev_value': <DropTargetBankState.MIXED: 'mixed'>, 'down': 3}
2026-09-09 18:47:01,311 : INFO : EventManager : Event: ======'machine_var_audits_switches_s_75_fourbank_drop_3'====== Args={'value': 487, 'prev_value': 486, 'change': 1}
2026-09-09 18:47:01,311 : INFO : EventManager : Event: ======'awareness_add_5'====== Args={'priority': 0}
2026-09-09 18:47:01,311 : INFO : EventManager : Event: ======'player_shot_shot_dt_3'====== Args={'value': 1, 'prev_value': 0, 'change': 1, 'player_num': 1}
2026-09-09 18:47:01,312 : INFO : EventManager : Event: ======'machine_var_audits_shots_shot_dt_3'====== Args={'value': 474, 'prev_value': 473, 'change': 1}
2026-09-09 18:47:01,312 : INFO : EventManager : Event: ======'shot_dt_3_hit'====== Args={'profile': 'default', 'state': 'unlit', 'advancing': True}
2026-09-09 18:47:01,312 : INFO : EventManager : Event: ======'shot_dt_3_default_hit'====== Args={'profile': 'default', 'state': 'unlit', 'advancing': True}
2026-09-09 18:47:01,312 : INFO : EventManager : Event: ======'shot_dt_3_default_unlit_hit'====== Args={'profile': 'default', 'state': 'unlit', 'advancing': True}
2026-09-09 18:47:01,312 : INFO : EventManager : Event: ======'shot_dt_3_unlit_hit'====== Args={'profile': 'default', 'state': 'unlit', 'advancing': True}
2026-09-09 18:47:01,312 : INFO : EventManager : Event: ======'player_awareness'====== Args={'value': 39, 'prev_value': 34, 'change': 5, 'player_num': 1, 'source': 'awareness'}
2026-09-09 18:47:01,312 : INFO : EventManager : Event: ======'player_awareness_percent'====== Args={'value': 22, 'prev_value': 19, 'change': 3, 'player_num': 1, 'source': 'awareness'}
2026-09-09 18:47:01,313 : INFO : EventManager : Event: ======'player_score'====== Args={'value': 3258528, 'prev_value': 3258486, 'change': 42, 'player_num': 1, 'source': 'base'}
2026-09-09 18:47:01,436 : INFO : SwitchController : <<<<<<< 's_58_pop_bumper_left' active >>>>>>>
2026-09-09 18:47:01,436 : INFO : EventManager : Event: ======'s_58_pop_bumper_left_active'====== Args={}
2026-09-09 18:47:01,436 : INFO : EventManager : Event: ======'sw_pops'====== Args={}
2026-09-09 18:47:01,436 : INFO : EventManager : Event: ======'playfield_active'====== Args={'source': 'ac_pop_1'}
2026-09-09 18:47:01,436 : INFO : EventManager : Event: ======'unexpected_ball_on_playfield'====== Args={}
2026-09-09 18:47:01,436 : INFO : EventManager : Event: ======'machine_var_audits_switches_s_58_pop_bumper_left'====== Args={'value': 3584, 'prev_value': 3583, 'change': 1}
2026-09-09 18:47:01,437 : INFO : EventManager : Event: ======'logicblock_super_pops_phase1_counter_updated'====== Args={'value': 5, 'enabled': True}
2026-09-09 18:47:01,437 : INFO : EventManager : Event: ======'counter_super_pops_phase1_counter_hit'====== Args={'count': 5, 'hits': 5, 'remaining': 0}
2026-09-09 18:47:01,437 : INFO : EventManager : Event: ======'logicblock_super_pops_phase1_counter_hit'====== Args={'count': 5, 'hits': 5, 'remaining': 0}
2026-09-09 18:47:01,437 : INFO : EventManager : Event: ======'super_pops_phase1_start'====== Args={}
2026-09-09 18:47:01,437 : INFO : EventManager : Event: ======'logicblock_super_pops_phase1_counter_updated'====== Args={'value': 0, 'enabled': True}
2026-09-09 18:47:01,438 : INFO : EventManager : Event: ======'logicblock_super_pops_phase1_counter_updated'====== Args={'value': 0, 'enabled': False}
2026-09-09 18:47:01,438 : INFO : EventManager : Event: ======'awareness_add_1'====== Args={'priority': 0}
2026-09-09 18:47:01,438 : INFO : EventManager : Event: ======'logicblock_super_pops_phase2_counter_updated'====== Args={'value': 0, 'enabled': True}
2026-09-09 18:47:01,438 : INFO : EventManager : Event: ======'logicblock_super_pops_phase2_counter_updated'====== Args={'value': 0, 'enabled': True}
2026-09-09 18:47:01,438 : INFO : EventManager : Event: ======'super_pops_timer_phase1'====== Args={'priority': 0}
2026-09-09 18:47:01,438 : INFO : EventManager : Event: ======'player_super_pops_multiplier'====== Args={'value': 2, 'prev_value': 1, 'change': 1, 'player_num': 1, 'source': 'super_pops'}
2026-09-09 18:47:01,438 : INFO : EventManager : Event: ======'super_pops_timer_phase1_jump'====== Args={'priority': 0}
2026-09-09 18:47:01,439 : INFO : EventManager : Event: ======'player_super_pops_super_pops_mult_timer_tick'====== Args={'value': 10, 'prev_value': 0, 'change': 10, 'player_num': 1}
2026-09-09 18:47:01,439 : INFO : EventManager : Event: ======'player_awareness'====== Args={'value': 40, 'prev_value': 39, 'change': 1, 'player_num': 1, 'source': 'awareness'}
2026-09-09 18:47:01,439 : INFO : EventManager : Event: ======'player_score'====== Args={'value': 3258570, 'prev_value': 3258528, 'change': 42, 'player_num': 1, 'source': 'base'}
2026-09-09 18:47:01,439 : INFO : EventManager : Event: ======'player_shotgun_threebank_drop_1_trip_timer_tick'====== Args={'value': 1, 'prev_value': 0, 'change': 1, 'player_num': 1}
2026-09-09 18:47:01,440 : INFO : Timer.threebank_drop_1_trip_timer : Timer Complete
2026-09-09 18:47:01,440 : INFO : Timer.threebank_drop_1_trip_timer : Stopping Timer
2026-09-09 18:47:01,440 : INFO : EventManager : Event: ======'timer_threebank_drop_1_trip_timer_stopped'====== Args={'ticks': 1, 'ticks_remaining': 1}
2026-09-09 18:47:01,440 : INFO : EventManager : Event: ======'timer_threebank_drop_1_trip_timer_complete'====== Args={'ticks': 1, 'ticks_remaining': 1}
2026-09-09 18:47:01,440 : INFO : coil.c_37_threebank_drop_1_trip : Pulsing Driver for 8ms (1.0 pulse_power)
2026-09-09 18:47:01,440 : INFO : EventManager : Event: ======'threebank_drop_1_tripped'====== Args={'priority': 0}
2026-09-09 18:47:01,440 : INFO : Timer.threebank_drop_2_trip_timer : Starting Timer.
2026-09-09 18:47:01,440 : INFO : EventManager : Event: ======'timer_threebank_drop_2_trip_timer_started'====== Args={'ticks': 0, 'ticks_remaining': 1}
2026-09-09 18:47:01,440 : INFO : EventManager : Event: ======'timer_threebank_drop_2_trip_timer_tick'====== Args={'ticks': 0, 'ticks_remaining': 1}
2026-09-09 18:47:01,467 : INFO : SwitchController : <<<<<<< 's_58_pop_bumper_left' inactive >>>>>>>
2026-09-09 18:47:01,467 : INFO : SwitchController : <<<<<<< 's_77_threebank_drop_1' active >>>>>>>
2026-09-09 18:47:01,467 : INFO : EventManager : Event: ======'playfield_active'====== Args={'source': 'shot_dt_5'}
2026-09-09 18:47:01,467 : INFO : EventManager : Event: ======'unexpected_ball_on_playfield'====== Args={}
2026-09-09 18:47:01,467 : INFO : EventManager : Event: ======'s_77_threebank_drop_1_active'====== Args={}
2026-09-09 18:47:01,467 : INFO : EventManager : Event: ======'sw_drop_target'====== Args={}
2026-09-09 18:47:01,467 : INFO : EventManager : Event: ======'playfield_active'====== Args={'source': 'dt_5'}
2026-09-09 18:47:01,467 : INFO : EventManager : Event: ======'unexpected_ball_on_playfield'====== Args={}
2026-09-09 18:47:01,467 : INFO : EventManager : Event: ======'drop_target_dt_5_down'====== Args={'device': <drop_target.dt_5>}
2026-09-09 18:47:01,468 : INFO : EventManager : Event: ======'drop_target_bank_dt_bank_5_7_mixed'====== Args={'prev_value': <DropTargetBankState.UP: 'up'>, 'down': 1}
2026-09-09 18:47:01,468 : INFO : EventManager : Event: ======'machine_var_audits_switches_s_77_threebank_drop_1'====== Args={'value': 735, 'prev_value': 734, 'change': 1}
2026-09-09 18:47:01,468 : INFO : SwitchController : <<<<<<< 's_58_pop_bumper_left' active >>>>>>>
2026-09-09 18:47:01,468 : INFO : EventManager : Event: ======'playfield_active'====== Args={'source': 'ac_pop_1'}
2026-09-09 18:47:01,468 : INFO : EventManager : Event: ======'unexpected_ball_on_playfield'====== Args={}
2026-09-09 18:47:01,468 : INFO : EventManager : Event: ======'machine_var_audits_switches_s_58_pop_bumper_left'====== Args={'value': 3585, 'prev_value': 3584, 'change': 1}
2026-09-09 18:47:01,468 : INFO : SwitchController : <<<<<<< 's_58_pop_bumper_left' inactive >>>>>>>
2026-09-09 18:47:01,470 : INFO : EventManager : Event: ======'awareness_add_5'====== Args={'priority': 0}
2026-09-09 18:47:01,470 : INFO : EventManager : Event: ======'player_shot_shot_dt_5'====== Args={'value': 1, 'prev_value': 0, 'change': 1, 'player_num': 1}
2026-09-09 18:47:01,470 : INFO : EventManager : Event: ======'machine_var_audits_shots_shot_dt_5'====== Args={'value': 426, 'prev_value': 425, 'change': 1}
2026-09-09 18:47:01,470 : INFO : EventManager : Event: ======'shot_dt_5_hit'====== Args={'profile': 'default', 'state': 'unlit', 'advancing': True}
2026-09-09 18:47:01,470 : INFO : EventManager : Event: ======'shot_dt_5_default_hit'====== Args={'profile': 'default', 'state': 'unlit', 'advancing': True}
2026-09-09 18:47:01,470 : INFO : EventManager : Event: ======'shot_dt_5_default_unlit_hit'====== Args={'profile': 'default', 'state': 'unlit', 'advancing': True}
2026-09-09 18:47:01,470 : INFO : EventManager : Event: ======'shot_dt_5_unlit_hit'====== Args={'profile': 'default', 'state': 'unlit', 'advancing': True}
2026-09-09 18:47:01,471 : INFO : EventManager : Event: ======'player_awareness'====== Args={'value': 45, 'prev_value': 40, 'change': 5, 'player_num': 1, 'source': 'awareness'}
2026-09-09 18:47:01,471 : INFO : EventManager : Event: ======'awareness_progress_display_start'====== Args={'priority': 0}
2026-09-09 18:47:01,471 : INFO : EventManager : Event: ======'player_awareness_percent'====== Args={'value': 25, 'prev_value': 22, 'change': 3, 'player_num': 1, 'source': 'awareness'}
2026-09-09 18:47:01,471 : INFO : EventManager : Event: ======'player_score'====== Args={'value': 3258612, 'prev_value': 3258570, 'change': 42, 'player_num': 1, 'source': 'base'}
2026-09-09 18:47:01,472 : INFO : SwitchController : <<<<<<< 's_58_pop_bumper_left' active >>>>>>>
2026-09-09 18:47:01,472 : INFO : EventManager : Event: ======'playfield_active'====== Args={'source': 'ac_pop_1'}
2026-09-09 18:47:01,472 : INFO : EventManager : Event: ======'unexpected_ball_on_playfield'====== Args={}
2026-09-09 18:47:01,473 : INFO : EventManager : Event: ======'machine_var_audits_switches_s_58_pop_bumper_left'====== Args={'value': 3586, 'prev_value': 3585, 'change': 1}
2026-09-09 18:47:01,482 : INFO : SwitchController : <<<<<<< 's_64_varitarget_position_1' active >>>>>>>
2026-09-09 18:47:01,483 : INFO : EventManager : Event: ======'playfield_active'====== Args={'source': 'varitarget_p1'}
2026-09-09 18:47:01,483 : INFO : EventManager : Event: ======'unexpected_ball_on_playfield'====== Args={}
2026-09-09 18:47:01,483 : INFO : EventManager : Event: ======'s_64_varitarget_position_1_active'====== Args={}
2026-09-09 18:47:01,483 : INFO : EventManager : Event: ======'sw_vari'====== Args={}
2026-09-09 18:47:01,483 : INFO : EventManager : Event: ======'machine_var_audits_switches_s_64_varitarget_position_1'====== Args={'value': 13580, 'prev_value': 13579, 'change': 1}
2026-09-09 18:47:01,483 : INFO : SwitchController : <<<<<<< 's_58_pop_bumper_left' inactive >>>>>>>
2026-09-09 18:47:01,483 : INFO : SwitchController : <<<<<<< 's_64_varitarget_position_1' inactive >>>>>>>
2026-09-09 18:47:01,484 : INFO : EventManager : Event: ======'glasses_pending_position_1'====== Args={'priority': 0}
2026-09-09 18:47:01,484 : INFO : EventManager : Event: ======'machine_var_audits_shots_varitarget_p1'====== Args={'value': 13557, 'prev_value': 13556, 'change': 1}
2026-09-09 18:47:01,484 : INFO : EventManager : Event: ======'varitarget_p1_hit'====== Args={'profile': 'default', 'state': 'lit', 'advancing': False}
2026-09-09 18:47:01,484 : INFO : EventManager : Event: ======'varitarget_p1_default_hit'====== Args={'profile': 'default', 'state': 'lit', 'advancing': False}
2026-09-09 18:47:01,484 : INFO : EventManager : Event: ======'varitarget_p1_default_lit_hit'====== Args={'profile': 'default', 'state': 'lit', 'advancing': False}
2026-09-09 18:47:01,484 : INFO : EventManager : Event: ======'varitarget_p1_lit_hit'====== Args={'profile': 'default', 'state': 'lit', 'advancing': False}
2026-09-09 18:47:01,484 : INFO : EventManager : Event: ======'varitarget_position_changed'====== Args={'priority': 0}
2026-09-09 18:47:01,484 : INFO : EventManager : Event: ======'varitarget_reset_stop'====== Args={'priority': 0}
2026-09-09 18:47:01,484 : INFO : EventManager : Event: ======'varitarget_reset_complete'====== Args={'priority': 0}
2026-09-09 18:47:01,484 : INFO : EventManager : Event: ======'glasses_position_confirm_restart'====== Args={'priority': 0}
2026-09-09 18:47:01,485 : INFO : EventManager : Event: ======'timer_glasses_position_confirm_tick'====== Args={'ticks': 0, 'ticks_remaining': 1}
2026-09-09 18:47:01,485 : INFO : EventManager : Event: ======'varitarget_positions_hit'====== Args={'shot': 'varitarget_p1'}
2026-09-09 18:47:01,485 : INFO : EventManager : Event: ======'varitarget_positions_lit_hit'====== Args={'shot': 'varitarget_p1'}
2026-09-09 18:47:01,485 : INFO : EventManager : Event: ======'varitarget_update_stable'====== Args={'priority': 0}
2026-09-09 18:47:01,485 : INFO : Timer.varitarget_reset_timer : Stopping Timer
2026-09-09 18:47:01,485 : INFO : EventManager : Event: ======'timer_varitarget_reset_timer_stopped'====== Args={'ticks': 1, 'ticks_remaining': 999998}
2026-09-09 18:47:01,485 : INFO : EventManager : Event: ======'player_score'====== Args={'value': 3258654, 'prev_value': 3258612, 'change': 42, 'player_num': 1, 'source': 'base'}
2026-09-09 18:47:01,488 : INFO : EventManager : Event: ======'widget_awareness_progress_widget_active'====== Args={'original_context': 'awareness', 'original_calling_context': 'awareness_progress_display_start', 'priority': 105.0, 'cmd': 'widgets_play', '_from_bcp': True}
2026-09-09 18:47:01,515 : INFO : SwitchController : <<<<<<< 's_56_pop_bumper_right' active >>>>>>>
2026-09-09 18:47:01,515 : INFO : EventManager : Event: ======'s_56_pop_bumper_right_active'====== Args={}
2026-09-09 18:47:01,515 : INFO : EventManager : Event: ======'sw_pops'====== Args={}
2026-09-09 18:47:01,515 : INFO : EventManager : Event: ======'playfield_active'====== Args={'source': 'ac_pop_3'}
2026-09-09 18:47:01,516 : INFO : EventManager : Event: ======'unexpected_ball_on_playfield'====== Args={}
2026-09-09 18:47:01,516 : INFO : EventManager : Event: ======'machine_var_audits_switches_s_56_pop_bumper_right'====== Args={'value': 1032, 'prev_value': 1031, 'change': 1}
2026-09-09 18:47:01,517 : INFO : EventManager : Event: ======'player_score'====== Args={'value': 3258696, 'prev_value': 3258654, 'change': 42, 'player_num': 1, 'source': 'super_pops'}
2026-09-09 18:47:01,517 : INFO : EventManager : Event: ======'logicblock_super_pops_phase2_counter_updated'====== Args={'value': 1, 'enabled': True}
2026-09-09 18:47:01,517 : INFO : EventManager : Event: ======'counter_super_pops_phase2_counter_hit'====== Args={'count': 1, 'hits': 1, 'remaining': 9}
2026-09-09 18:47:01,517 : INFO : EventManager : Event: ======'logicblock_super_pops_phase2_counter_hit'====== Args={'count': 1, 'hits': 1, 'remaining': 9}
2026-09-09 18:47:01,517 : INFO : EventManager : Event: ======'awareness_add_1'====== Args={'priority': 0}
2026-09-09 18:47:01,517 : INFO : EventManager : Event: ======'player_awareness'====== Args={'value': 46, 'prev_value': 45, 'change': 1, 'player_num': 1, 'source': 'awareness'}
2026-09-09 18:47:01,517 : INFO : EventManager : Event: ======'player_awareness_percent'====== Args={'value': 26, 'prev_value': 25, 'change': 1, 'player_num': 1, 'source': 'awareness'}
2026-09-09 18:47:01,518 : INFO : EventManager : Event: ======'player_score'====== Args={'value': 3258738, 'prev_value': 3258696, 'change': 42, 'player_num': 1, 'source': 'base'}
2026-09-09 18:47:01,530 : INFO : EventManager : Event: ======'super_pops_timer_phase1_start'====== Args={'priority': 0}
2026-09-09 18:47:01,530 : INFO : Timer.super_pops_mult_timer : Starting Timer.
2026-09-09 18:47:01,531 : INFO : EventManager : Event: ======'timer_super_pops_mult_timer_started'====== Args={'ticks': 10, 'ticks_remaining': 10}
2026-09-09 18:47:01,531 : INFO : EventManager : Event: ======'timer_super_pops_mult_timer_tick'====== Args={'ticks': 10, 'ticks_remaining': 10}
2026-09-09 18:47:01,531 : INFO : SwitchController : <<<<<<< 's_56_pop_bumper_right' inactive >>>>>>>
2026-09-09 18:47:01,548 : INFO : SwitchController : <<<<<<< 's_64_varitarget_position_1' active >>>>>>>
2026-09-09 18:47:01,548 : INFO : EventManager : Event: ======'playfield_active'====== Args={'source': 'varitarget_p1'}
2026-09-09 18:47:01,548 : INFO : EventManager : Event: ======'unexpected_ball_on_playfield'====== Args={}
2026-09-09 18:47:01,549 : INFO : EventManager : Event: ======'s_64_varitarget_position_1_active'====== Args={}
2026-09-09 18:47:01,549 : INFO : EventManager : Event: ======'sw_vari'====== Args={}
2026-09-09 18:47:01,549 : INFO : EventManager : Event: ======'machine_var_audits_switches_s_64_varitarget_position_1'====== Args={'value': 13581, 'prev_value': 13580, 'change': 1}
2026-09-09 18:47:01,549 : INFO : EventManager : Event: ======'glasses_pending_position_1'====== Args={'priority': 0}
2026-09-09 18:47:01,550 : INFO : EventManager : Event: ======'machine_var_audits_shots_varitarget_p1'====== Args={'value': 13558, 'prev_value': 13557, 'change': 1}
2026-09-09 18:47:01,550 : INFO : EventManager : Event: ======'varitarget_p1_hit'====== Args={'profile': 'default', 'state': 'lit', 'advancing': False}
2026-09-09 18:47:01,550 : INFO : EventManager : Event: ======'varitarget_p1_default_hit'====== Args={'profile': 'default', 'state': 'lit', 'advancing': False}
2026-09-09 18:47:01,550 : INFO : EventManager : Event: ======'varitarget_p1_default_lit_hit'====== Args={'profile': 'default', 'state': 'lit', 'advancing': False}
2026-09-09 18:47:01,550 : INFO : EventManager : Event: ======'varitarget_p1_lit_hit'====== Args={'profile': 'default', 'state': 'lit', 'advancing': False}
2026-09-09 18:47:01,550 : INFO : EventManager : Event: ======'varitarget_position_changed'====== Args={'priority': 0}
2026-09-09 18:47:01,550 : INFO : EventManager : Event: ======'varitarget_reset_stop'====== Args={'priority': 0}
2026-09-09 18:47:01,550 : INFO : EventManager : Event: ======'varitarget_reset_complete'====== Args={'priority': 0}
2026-09-09 18:47:01,550 : INFO : EventManager : Event: ======'glasses_position_confirm_restart'====== Args={'priority': 0}
2026-09-09 18:47:01,550 : INFO : EventManager : Event: ======'timer_glasses_position_confirm_tick'====== Args={'ticks': 0, 'ticks_remaining': 1}
2026-09-09 18:47:01,550 : INFO : EventManager : Event: ======'varitarget_positions_hit'====== Args={'shot': 'varitarget_p1'}
2026-09-09 18:47:01,550 : INFO : EventManager : Event: ======'varitarget_positions_lit_hit'====== Args={'shot': 'varitarget_p1'}
2026-09-09 18:47:01,551 : INFO : EventManager : Event: ======'varitarget_update_stable'====== Args={'priority': 0}
2026-09-09 18:47:01,551 : INFO : Timer.varitarget_reset_timer : Stopping Timer
2026-09-09 18:47:01,551 : INFO : EventManager : Event: ======'timer_varitarget_reset_timer_stopped'====== Args={'ticks': 1, 'ticks_remaining': 999998}
2026-09-09 18:47:01,551 : INFO : EventManager : Event: ======'player_score'====== Args={'value': 3258780, 'prev_value': 3258738, 'change': 42, 'player_num': 1, 'source': 'base'}
2026-09-09 18:47:01,552 : INFO : SwitchController : <<<<<<< 's_64_varitarget_position_1' inactive >>>>>>>
2026-09-09 18:47:01,562 : INFO : SwitchController : <<<<<<< 's_58_pop_bumper_left' active >>>>>>>
2026-09-09 18:47:01,563 : INFO : EventManager : Event: ======'s_58_pop_bumper_left_active'====== Args={}
2026-09-09 18:47:01,563 : INFO : EventManager : Event: ======'sw_pops'====== Args={}
2026-09-09 18:47:01,563 : INFO : EventManager : Event: ======'playfield_active'====== Args={'source': 'ac_pop_1'}
2026-09-09 18:47:01,563 : INFO : EventManager : Event: ======'unexpected_ball_on_playfield'====== Args={}
2026-09-09 18:47:01,563 : INFO : EventManager : Event: ======'machine_var_audits_switches_s_58_pop_bumper_left'====== Args={'value': 3587, 'prev_value': 3586, 'change': 1}
2026-09-09 18:47:01,564 : INFO : SwitchController : <<<<<<< 's_58_pop_bumper_left' inactive >>>>>>>
2026-09-09 18:47:01,564 : INFO : EventManager : Event: ======'player_score'====== Args={'value': 3258822, 'prev_value': 3258780, 'change': 42, 'player_num': 1, 'source': 'super_pops'}
2026-09-09 18:47:01,565 : INFO : EventManager : Event: ======'logicblock_super_pops_phase2_counter_updated'====== Args={'value': 2, 'enabled': True}
2026-09-09 18:47:01,565 : INFO : EventManager : Event: ======'counter_super_pops_phase2_counter_hit'====== Args={'count': 2, 'hits': 2, 'remaining': 8}
2026-09-09 18:47:01,565 : INFO : EventManager : Event: ======'logicblock_super_pops_phase2_counter_hit'====== Args={'count': 2, 'hits': 2, 'remaining': 8}
2026-09-09 18:47:01,565 : INFO : EventManager : Event: ======'awareness_add_1'====== Args={'priority': 0}
2026-09-09 18:47:01,565 : INFO : EventManager : Event: ======'player_awareness'====== Args={'value': 47, 'prev_value': 46, 'change': 1, 'player_num': 1, 'source': 'awareness'}
2026-09-09 18:47:01,566 : INFO : EventManager : Event: ======'player_score'====== Args={'value': 3258864, 'prev_value': 3258822, 'change': 42, 'player_num': 1, 'source': 'base'}
2026-09-09 18:47:01,566 : INFO : SwitchController : <<<<<<< 's_64_varitarget_position_1' active >>>>>>>
2026-09-09 18:47:01,566 : INFO : EventManager : Event: ======'playfield_active'====== Args={'source': 'varitarget_p1'}
2026-09-09 18:47:01,566 : INFO : EventManager : Event: ======'unexpected_ball_on_playfield'====== Args={}
2026-09-09 18:47:01,566 : INFO : EventManager : Event: ======'s_64_varitarget_position_1_active'====== Args={}
2026-09-09 18:47:01,566 : INFO : EventManager : Event: ======'sw_vari'====== Args={}
2026-09-09 18:47:01,566 : INFO : EventManager : Event: ======'machine_var_audits_switches_s_64_varitarget_position_1'====== Args={'value': 13582, 'prev_value': 13581, 'change': 1}
2026-09-09 18:47:01,567 : INFO : EventManager : Event: ======'glasses_pending_position_1'====== Args={'priority': 0}
2026-09-09 18:47:01,567 : INFO : EventManager : Event: ======'machine_var_audits_shots_varitarget_p1'====== Args={'value': 13559, 'prev_value': 13558, 'change': 1}
2026-09-09 18:47:01,567 : INFO : EventManager : Event: ======'varitarget_p1_hit'====== Args={'profile': 'default', 'state': 'lit', 'advancing': False}
2026-09-09 18:47:01,567 : INFO : EventManager : Event: ======'varitarget_p1_default_hit'====== Args={'profile': 'default', 'state': 'lit', 'advancing': False}
2026-09-09 18:47:01,567 : INFO : EventManager : Event: ======'varitarget_p1_default_lit_hit'====== Args={'profile': 'default', 'state': 'lit', 'advancing': False}
2026-09-09 18:47:01,567 : INFO : EventManager : Event: ======'varitarget_p1_lit_hit'====== Args={'profile': 'default', 'state': 'lit', 'advancing': False}
2026-09-09 18:47:01,567 : INFO : EventManager : Event: ======'varitarget_position_changed'====== Args={'priority': 0}
2026-09-09 18:47:01,567 : INFO : EventManager : Event: ======'varitarget_reset_stop'====== Args={'priority': 0}
2026-09-09 18:47:01,567 : INFO : EventManager : Event: ======'varitarget_reset_complete'====== Args={'priority': 0}
2026-09-09 18:47:01,567 : INFO : EventManager : Event: ======'glasses_position_confirm_restart'====== Args={'priority': 0}
2026-09-09 18:47:01,568 : INFO : EventManager : Event: ======'timer_glasses_position_confirm_tick'====== Args={'ticks': 0, 'ticks_remaining': 1}
2026-09-09 18:47:01,568 : INFO : EventManager : Event: ======'varitarget_positions_hit'====== Args={'shot': 'varitarget_p1'}
2026-09-09 18:47:01,568 : INFO : EventManager : Event: ======'varitarget_positions_lit_hit'====== Args={'shot': 'varitarget_p1'}
2026-09-09 18:47:01,568 : INFO : EventManager : Event: ======'varitarget_update_stable'====== Args={'priority': 0}
2026-09-09 18:47:01,568 : INFO : Timer.varitarget_reset_timer : Stopping Timer
2026-09-09 18:47:01,568 : INFO : EventManager : Event: ======'timer_varitarget_reset_timer_stopped'====== Args={'ticks': 1, 'ticks_remaining': 999998}
2026-09-09 18:47:01,568 : INFO : EventManager : Event: ======'player_score'====== Args={'value': 3258906, 'prev_value': 3258864, 'change': 42, 'player_num': 1, 'source': 'base'}
2026-09-09 18:47:01,579 : INFO : SwitchController : <<<<<<< 's_64_varitarget_position_1' inactive >>>>>>>
2026-09-09 18:47:01,594 : INFO : SwitchController : <<<<<<< 's_64_varitarget_position_1' active >>>>>>>
2026-09-09 18:47:01,594 : INFO : EventManager : Event: ======'playfield_active'====== Args={'source': 'varitarget_p1'}
2026-09-09 18:47:01,594 : INFO : EventManager : Event: ======'unexpected_ball_on_playfield'====== Args={}
2026-09-09 18:47:01,594 : INFO : EventManager : Event: ======'s_64_varitarget_position_1_active'====== Args={}
2026-09-09 18:47:01,594 : INFO : EventManager : Event: ======'sw_vari'====== Args={}
2026-09-09 18:47:01,594 : INFO : EventManager : Event: ======'machine_var_audits_switches_s_64_varitarget_position_1'====== Args={'value': 13583, 'prev_value': 13582, 'change': 1}
2026-09-09 18:47:01,595 : INFO : SwitchController : <<<<<<< 's_58_pop_bumper_left' active >>>>>>>
2026-09-09 18:47:01,595 : INFO : EventManager : Event: ======'playfield_active'====== Args={'source': 'ac_pop_1'}
2026-09-09 18:47:01,595 : INFO : EventManager : Event: ======'unexpected_ball_on_playfield'====== Args={}
2026-09-09 18:47:01,595 : INFO : EventManager : Event: ======'machine_var_audits_switches_s_58_pop_bumper_left'====== Args={'value': 3588, 'prev_value': 3587, 'change': 1}
2026-09-09 18:47:01,595 : INFO : SwitchController : <<<<<<< 's_58_pop_bumper_left' inactive >>>>>>>
2026-09-09 18:47:01,595 : INFO : EventManager : Event: ======'glasses_pending_position_1'====== Args={'priority': 0}
2026-09-09 18:47:01,596 : INFO : EventManager : Event: ======'machine_var_audits_shots_varitarget_p1'====== Args={'value': 13560, 'prev_value': 13559, 'change': 1}
2026-09-09 18:47:01,596 : INFO : EventManager : Event: ======'varitarget_p1_hit'====== Args={'profile': 'default', 'state': 'lit', 'advancing': False}
2026-09-09 18:47:01,596 : INFO : EventManager : Event: ======'varitarget_p1_default_hit'====== Args={'profile': 'default', 'state': 'lit', 'advancing': False}
2026-09-09 18:47:01,596 : INFO : EventManager : Event: ======'varitarget_p1_default_lit_hit'====== Args={'profile': 'default', 'state': 'lit', 'advancing': False}
2026-09-09 18:47:01,596 : INFO : EventManager : Event: ======'varitarget_p1_lit_hit'====== Args={'profile': 'default', 'state': 'lit', 'advancing': False}
2026-09-09 18:47:01,596 : INFO : EventManager : Event: ======'varitarget_position_changed'====== Args={'priority': 0}
2026-09-09 18:47:01,596 : INFO : EventManager : Event: ======'varitarget_reset_stop'====== Args={'priority': 0}
2026-09-09 18:47:01,596 : INFO : EventManager : Event: ======'varitarget_reset_complete'====== Args={'priority': 0}
2026-09-09 18:47:01,596 : INFO : EventManager : Event: ======'glasses_position_confirm_restart'====== Args={'priority': 0}
2026-09-09 18:47:01,596 : INFO : EventManager : Event: ======'timer_glasses_position_confirm_tick'====== Args={'ticks': 0, 'ticks_remaining': 1}
2026-09-09 18:47:01,596 : INFO : EventManager : Event: ======'varitarget_positions_hit'====== Args={'shot': 'varitarget_p1'}
2026-09-09 18:47:01,596 : INFO : EventManager : Event: ======'varitarget_positions_lit_hit'====== Args={'shot': 'varitarget_p1'}
2026-09-09 18:47:01,596 : INFO : EventManager : Event: ======'varitarget_update_stable'====== Args={'priority': 0}
2026-09-09 18:47:01,596 : INFO : Timer.varitarget_reset_timer : Stopping Timer
2026-09-09 18:47:01,597 : INFO : EventManager : Event: ======'timer_varitarget_reset_timer_stopped'====== Args={'ticks': 1, 'ticks_remaining': 999998}
2026-09-09 18:47:01,597 : INFO : EventManager : Event: ======'player_score'====== Args={'value': 3258948, 'prev_value': 3258906, 'change': 42, 'player_num': 1, 'source': 'base'}
2026-09-09 18:47:01,610 : INFO : SwitchController : <<<<<<< 's_58_pop_bumper_left' active >>>>>>>
2026-09-09 18:47:01,611 : INFO : EventManager : Event: ======'playfield_active'====== Args={'source': 'ac_pop_1'}
2026-09-09 18:47:01,611 : INFO : EventManager : Event: ======'unexpected_ball_on_playfield'====== Args={}
2026-09-09 18:47:01,611 : INFO : EventManager : Event: ======'machine_var_audits_switches_s_58_pop_bumper_left'====== Args={'value': 3589, 'prev_value': 3588, 'change': 1}
2026-09-09 18:47:01,626 : INFO : EventManager : Event: ======'player_shotgun_threebank_drop_2_trip_timer_tick'====== Args={'value': 1, 'prev_value': 0, 'change': 1, 'player_num': 1}
2026-09-09 18:47:01,627 : INFO : Timer.threebank_drop_2_trip_timer : Timer Complete
2026-09-09 18:47:01,627 : INFO : Timer.threebank_drop_2_trip_timer : Stopping Timer
2026-09-09 18:47:01,627 : INFO : EventManager : Event: ======'timer_threebank_drop_2_trip_timer_stopped'====== Args={'ticks': 1, 'ticks_remaining': 1}
2026-09-09 18:47:01,627 : INFO : EventManager : Event: ======'timer_threebank_drop_2_trip_timer_complete'====== Args={'ticks': 1, 'ticks_remaining': 1}
2026-09-09 18:47:01,628 : INFO : coil.c_38_threebank_drop_2_trip : Pulsing Driver for 8ms (1.0 pulse_power)
2026-09-09 18:47:01,628 : INFO : EventManager : Event: ======'threebank_drop_2_tripped'====== Args={'priority': 0}
2026-09-09 18:47:01,628 : INFO : Timer.threebank_drop_3_trip_timer : Starting Timer.
2026-09-09 18:47:01,628 : INFO : EventManager : Event: ======'timer_threebank_drop_3_trip_timer_started'====== Args={'ticks': 0, 'ticks_remaining': 1}
2026-09-09 18:47:01,628 : INFO : EventManager : Event: ======'timer_threebank_drop_3_trip_timer_tick'====== Args={'ticks': 0, 'ticks_remaining': 1}
2026-09-09 18:47:01,643 : INFO : SwitchController : <<<<<<< 's_64_varitarget_position_1' inactive >>>>>>>
2026-09-09 18:47:01,643 : INFO : SwitchController : <<<<<<< 's_64_varitarget_position_1' active >>>>>>>
2026-09-09 18:47:01,643 : INFO : EventManager : Event: ======'playfield_active'====== Args={'source': 'varitarget_p1'}
2026-09-09 18:47:01,643 : INFO : EventManager : Event: ======'unexpected_ball_on_playfield'====== Args={}
2026-09-09 18:47:01,643 : INFO : EventManager : Event: ======'s_64_varitarget_position_1_active'====== Args={}
2026-09-09 18:47:01,643 : INFO : EventManager : Event: ======'sw_vari'====== Args={}
2026-09-09 18:47:01,643 : INFO : EventManager : Event: ======'machine_var_audits_switches_s_64_varitarget_position_1'====== Args={'value': 13584, 'prev_value': 13583, 'change': 1}
2026-09-09 18:47:01,644 : INFO : EventManager : Event: ======'glasses_pending_position_1'====== Args={'priority': 0}
2026-09-09 18:47:01,644 : INFO : EventManager : Event: ======'machine_var_audits_shots_varitarget_p1'====== Args={'value': 13561, 'prev_value': 13560, 'change': 1}
2026-09-09 18:47:01,644 : INFO : EventManager : Event: ======'varitarget_p1_hit'====== Args={'profile': 'default', 'state': 'lit', 'advancing': False}
2026-09-09 18:47:01,644 : INFO : EventManager : Event: ======'varitarget_p1_default_hit'====== Args={'profile': 'default', 'state': 'lit', 'advancing': False}
2026-09-09 18:47:01,644 : INFO : EventManager : Event: ======'varitarget_p1_default_lit_hit'====== Args={'profile': 'default', 'state': 'lit', 'advancing': False}
2026-09-09 18:47:01,644 : INFO : EventManager : Event: ======'varitarget_p1_lit_hit'====== Args={'profile': 'default', 'state': 'lit', 'advancing': False}
2026-09-09 18:47:01,644 : INFO : EventManager : Event: ======'varitarget_position_changed'====== Args={'priority': 0}
2026-09-09 18:47:01,644 : INFO : EventManager : Event: ======'varitarget_reset_stop'====== Args={'priority': 0}
2026-09-09 18:47:01,644 : INFO : EventManager : Event: ======'varitarget_reset_complete'====== Args={'priority': 0}
2026-09-09 18:47:01,644 : INFO : EventManager : Event: ======'glasses_position_confirm_restart'====== Args={'priority': 0}
2026-09-09 18:47:01,644 : INFO : EventManager : Event: ======'timer_glasses_position_confirm_tick'====== Args={'ticks': 0, 'ticks_remaining': 1}
2026-09-09 18:47:01,644 : INFO : EventManager : Event: ======'varitarget_positions_hit'====== Args={'shot': 'varitarget_p1'}
2026-09-09 18:47:01,645 : INFO : EventManager : Event: ======'varitarget_positions_lit_hit'====== Args={'shot': 'varitarget_p1'}
2026-09-09 18:47:01,645 : INFO : EventManager : Event: ======'varitarget_update_stable'====== Args={'priority': 0}
2026-09-09 18:47:01,645 : INFO : Timer.varitarget_reset_timer : Stopping Timer
2026-09-09 18:47:01,645 : INFO : EventManager : Event: ======'timer_varitarget_reset_timer_stopped'====== Args={'ticks': 1, 'ticks_remaining': 999998}
2026-09-09 18:47:01,645 : INFO : EventManager : Event: ======'player_score'====== Args={'value': 3258990, 'prev_value': 3258948, 'change': 42, 'player_num': 1, 'source': 'base'}
2026-09-09 18:47:01,659 : INFO : SwitchController : <<<<<<< 's_64_varitarget_position_1' inactive >>>>>>>
2026-09-09 18:47:01,660 : INFO : SwitchController : <<<<<<< 's_78_threebank_drop_2' active >>>>>>>
2026-09-09 18:47:01,660 : INFO : EventManager : Event: ======'playfield_active'====== Args={'source': 'shot_dt_6'}
2026-09-09 18:47:01,660 : INFO : EventManager : Event: ======'unexpected_ball_on_playfield'====== Args={}
2026-09-09 18:47:01,660 : INFO : EventManager : Event: ======'s_78_threebank_drop_2_active'====== Args={}
2026-09-09 18:47:01,660 : INFO : EventManager : Event: ======'sw_drop_target'====== Args={}
2026-09-09 18:47:01,660 : INFO : EventManager : Event: ======'playfield_active'====== Args={'source': 'dt_6'}
2026-09-09 18:47:01,660 : INFO : EventManager : Event: ======'unexpected_ball_on_playfield'====== Args={}
2026-09-09 18:47:01,660 : INFO : EventManager : Event: ======'drop_target_dt_6_down'====== Args={'device': <drop_target.dt_6>}
2026-09-09 18:47:01,660 : INFO : EventManager : Event: ======'drop_target_bank_dt_bank_5_7_mixed'====== Args={'prev_value': <DropTargetBankState.MIXED: 'mixed'>, 'down': 2}
2026-09-09 18:47:01,660 : INFO : EventManager : Event: ======'machine_var_audits_switches_s_78_threebank_drop_2'====== Args={'value': 443, 'prev_value': 442, 'change': 1}
2026-09-09 18:47:01,661 : INFO : EventManager : Event: ======'awareness_add_5'====== Args={'priority': 0}
2026-09-09 18:47:01,661 : INFO : EventManager : Event: ======'player_shot_shot_dt_6'====== Args={'value': 1, 'prev_value': 0, 'change': 1, 'player_num': 1}
2026-09-09 18:47:01,662 : INFO : EventManager : Event: ======'machine_var_audits_shots_shot_dt_6'====== Args={'value': 420, 'prev_value': 419, 'change': 1}
2026-09-09 18:47:01,662 : INFO : EventManager : Event: ======'shot_dt_6_hit'====== Args={'profile': 'default', 'state': 'unlit', 'advancing': True}
2026-09-09 18:47:01,662 : INFO : EventManager : Event: ======'shot_dt_6_default_hit'====== Args={'profile': 'default', 'state': 'unlit', 'advancing': True}
2026-09-09 18:47:01,662 : INFO : EventManager : Event: ======'shot_dt_6_default_unlit_hit'====== Args={'profile': 'default', 'state': 'unlit', 'advancing': True}
2026-09-09 18:47:01,662 : INFO : EventManager : Event: ======'shot_dt_6_unlit_hit'====== Args={'profile': 'default', 'state': 'unlit', 'advancing': True}
2026-09-09 18:47:01,662 : INFO : EventManager : Event: ======'player_awareness'====== Args={'value': 52, 'prev_value': 47, 'change': 5, 'player_num': 1, 'source': 'awareness'}
2026-09-09 18:47:01,662 : INFO : EventManager : Event: ======'player_awareness_percent'====== Args={'value': 29, 'prev_value': 26, 'change': 3, 'player_num': 1, 'source': 'awareness'}
2026-09-09 18:47:01,662 : INFO : EventManager : Event: ======'player_score'====== Args={'value': 3259032, 'prev_value': 3258990, 'change': 42, 'player_num': 1, 'source': 'base'}
2026-09-09 18:47:01,705 : INFO : SwitchController : <<<<<<< 's_17_right_flipper_upper' inactive >>>>>>>
2026-09-09 18:47:01,705 : INFO : SwitchController : <<<<<<< 's_16_right_flipper' inactive >>>>>>>
2026-09-09 18:47:01,705 : INFO : SwitchController : <<<<<<< 's_58_pop_bumper_left' inactive >>>>>>>
2026-09-09 18:47:01,722 : INFO : SwitchController : <<<<<<< 's_61_top_lane_b' active >>>>>>>
2026-09-09 18:47:01,723 : INFO : EventManager : Event: ======'s_61_top_lane_b_active'====== Args={}
2026-09-09 18:47:01,723 : INFO : EventManager : Event: ======'sw_playfield_active'====== Args={}
2026-09-09 18:47:01,723 : INFO : EventManager : Event: ======'sw_top_lanes'====== Args={}
2026-09-09 18:47:01,723 : INFO : EventManager : Event: ======'machine_var_audits_switches_s_61_top_lane_b'====== Args={'value': 910, 'prev_value': 909, 'change': 1}
2026-09-09 18:47:01,723 : INFO : SwitchController : <<<<<<< 's_61_top_lane_b' inactive >>>>>>>
2026-09-09 18:47:01,724 : INFO : SwitchController : <<<<<<< 's_64_varitarget_position_1' active >>>>>>>
2026-09-09 18:47:01,724 : INFO : EventManager : Event: ======'playfield_active'====== Args={'source': 'varitarget_p1'}
2026-09-09 18:47:01,724 : INFO : EventManager : Event: ======'unexpected_ball_on_playfield'====== Args={}
2026-09-09 18:47:01,724 : INFO : EventManager : Event: ======'s_64_varitarget_position_1_active'====== Args={}
2026-09-09 18:47:01,724 : INFO : EventManager : Event: ======'sw_vari'====== Args={}
2026-09-09 18:47:01,724 : INFO : EventManager : Event: ======'machine_var_audits_switches_s_64_varitarget_position_1'====== Args={'value': 13585, 'prev_value': 13584, 'change': 1}
2026-09-09 18:47:01,724 : INFO : SwitchController : <<<<<<< 's_61_top_lane_b' active >>>>>>>
2026-09-09 18:47:01,724 : INFO : EventManager : Event: ======'s_61_top_lane_b_active'====== Args={}
2026-09-09 18:47:01,724 : INFO : EventManager : Event: ======'sw_playfield_active'====== Args={}
2026-09-09 18:47:01,724 : INFO : EventManager : Event: ======'sw_top_lanes'====== Args={}
2026-09-09 18:47:01,724 : INFO : EventManager : Event: ======'machine_var_audits_switches_s_61_top_lane_b'====== Args={'value': 911, 'prev_value': 910, 'change': 1}
2026-09-09 18:47:01,725 : INFO : EventManager : Event: ======'top_lane_b_turn_off'====== Args={'priority': 0}
2026-09-09 18:47:01,725 : INFO : EventManager : Event: ======'shotgun_lane_b_charged'====== Args={'priority': 0}
2026-09-09 18:47:01,725 : INFO : EventManager : Event: ======'awareness_add_3'====== Args={'priority': 0}
2026-09-09 18:47:01,725 : INFO : EventManager : Event: ======'top_lanes_check'====== Args={'priority': 0}
2026-09-09 18:47:01,725 : INFO : EventManager : Event: ======'player_top_lane_b_lit'====== Args={'value': 0, 'prev_value': 1, 'change': -1, 'player_num': 1, 'source': 'spinner_2x_qualify'}
2026-09-09 18:47:01,725 : INFO : EventManager : Event: ======'spinner_2x_stop'====== Args={'priority': 0}
2026-09-09 18:47:01,725 : INFO : EventManager : Event: ======'player_awareness'====== Args={'value': 55, 'prev_value': 52, 'change': 3, 'player_num': 1, 'source': 'awareness'}
2026-09-09 18:47:01,726 : INFO : EventManager : Event: ======'player_awareness_percent'====== Args={'value': 31, 'prev_value': 29, 'change': 2, 'player_num': 1, 'source': 'awareness'}
2026-09-09 18:47:01,726 : INFO : EventManager : Event: ======'playfield_active'====== Args={'source': None}
2026-09-09 18:47:01,726 : INFO : EventManager : Event: ======'unexpected_ball_on_playfield'====== Args={}
2026-09-09 18:47:01,726 : INFO : EventManager : Event: ======'player_score'====== Args={'value': 3264032, 'prev_value': 3259032, 'change': 5000, 'player_num': 1, 'source': 'base'}
2026-09-09 18:47:01,726 : INFO : EventManager : Event: ======'glasses_pending_position_1'====== Args={'priority': 0}
2026-09-09 18:47:01,726 : INFO : EventManager : Event: ======'machine_var_audits_shots_varitarget_p1'====== Args={'value': 13562, 'prev_value': 13561, 'change': 1}
2026-09-09 18:47:01,726 : INFO : EventManager : Event: ======'varitarget_p1_hit'====== Args={'profile': 'default', 'state': 'lit', 'advancing': False}
2026-09-09 18:47:01,726 : INFO : EventManager : Event: ======'varitarget_p1_default_hit'====== Args={'profile': 'default', 'state': 'lit', 'advancing': False}
2026-09-09 18:47:01,726 : INFO : EventManager : Event: ======'varitarget_p1_default_lit_hit'====== Args={'profile': 'default', 'state': 'lit', 'advancing': False}
2026-09-09 18:47:01,726 : INFO : EventManager : Event: ======'varitarget_p1_lit_hit'====== Args={'profile': 'default', 'state': 'lit', 'advancing': False}
2026-09-09 18:47:01,726 : INFO : EventManager : Event: ======'varitarget_position_changed'====== Args={'priority': 0}
2026-09-09 18:47:01,726 : INFO : EventManager : Event: ======'varitarget_reset_stop'====== Args={'priority': 0}
2026-09-09 18:47:01,726 : INFO : EventManager : Event: ======'varitarget_reset_complete'====== Args={'priority': 0}
2026-09-09 18:47:01,726 : INFO : EventManager : Event: ======'glasses_position_confirm_restart'====== Args={'priority': 0}
2026-09-09 18:47:01,727 : INFO : EventManager : Event: ======'timer_glasses_position_confirm_tick'====== Args={'ticks': 0, 'ticks_remaining': 1}
2026-09-09 18:47:01,727 : INFO : EventManager : Event: ======'varitarget_positions_hit'====== Args={'shot': 'varitarget_p1'}
2026-09-09 18:47:01,727 : INFO : EventManager : Event: ======'varitarget_positions_lit_hit'====== Args={'shot': 'varitarget_p1'}
2026-09-09 18:47:01,727 : INFO : EventManager : Event: ======'varitarget_update_stable'====== Args={'priority': 0}
2026-09-09 18:47:01,727 : INFO : Timer.varitarget_reset_timer : Stopping Timer
2026-09-09 18:47:01,727 : INFO : EventManager : Event: ======'timer_varitarget_reset_timer_stopped'====== Args={'ticks': 1, 'ticks_remaining': 999998}
2026-09-09 18:47:01,727 : INFO : EventManager : Event: ======'player_score'====== Args={'value': 3264074, 'prev_value': 3264032, 'change': 42, 'player_num': 1, 'source': 'base'}
2026-09-09 18:47:01,727 : INFO : EventManager : Event: ======'top_lane_b_turn_on'====== Args={'priority': 0}
2026-09-09 18:47:01,727 : INFO : EventManager : Event: ======'shotgun_lane_b_charged'====== Args={'priority': 0}
2026-09-09 18:47:01,727 : INFO : EventManager : Event: ======'awareness_add_3'====== Args={'priority': 0}
2026-09-09 18:47:01,727 : INFO : EventManager : Event: ======'top_lanes_check'====== Args={'priority': 0}
2026-09-09 18:47:01,727 : INFO : EventManager : Event: ======'player_top_lane_b_lit'====== Args={'value': 1, 'prev_value': 0, 'change': 1, 'player_num': 1, 'source': 'spinner_2x_qualify'}
2026-09-09 18:47:01,727 : INFO : EventManager : Event: ======'spinner_2x_stop'====== Args={'priority': 0}
2026-09-09 18:47:01,728 : INFO : EventManager : Event: ======'player_awareness'====== Args={'value': 58, 'prev_value': 55, 'change': 3, 'player_num': 1, 'source': 'awareness'}
2026-09-09 18:47:01,728 : INFO : EventManager : Event: ======'player_awareness_percent'====== Args={'value': 33, 'prev_value': 31, 'change': 2, 'player_num': 1, 'source': 'awareness'}
2026-09-09 18:47:01,728 : INFO : EventManager : Event: ======'playfield_active'====== Args={'source': None}
2026-09-09 18:47:01,728 : INFO : EventManager : Event: ======'unexpected_ball_on_playfield'====== Args={}
2026-09-09 18:47:01,728 : INFO : EventManager : Event: ======'player_score'====== Args={'value': 3269074, 'prev_value': 3264074, 'change': 5000, 'player_num': 1, 'source': 'base'}
2026-09-09 18:47:01,737 : INFO : SwitchController : <<<<<<< 's_64_varitarget_position_1' inactive >>>>>>>
2026-09-09 18:47:01,754 : INFO : SwitchController : <<<<<<< 's_61_top_lane_b' inactive >>>>>>>
2026-09-09 18:47:01,755 : INFO : SwitchController : <<<<<<< 's_61_top_lane_b' active >>>>>>>
2026-09-09 18:47:01,755 : INFO : EventManager : Event: ======'s_61_top_lane_b_active'====== Args={}
2026-09-09 18:47:01,755 : INFO : EventManager : Event: ======'sw_playfield_active'====== Args={}
2026-09-09 18:47:01,755 : INFO : EventManager : Event: ======'sw_top_lanes'====== Args={}
2026-09-09 18:47:01,755 : INFO : EventManager : Event: ======'machine_var_audits_switches_s_61_top_lane_b'====== Args={'value': 912, 'prev_value': 911, 'change': 1}
2026-09-09 18:47:01,756 : INFO : EventManager : Event: ======'top_lane_b_turn_off'====== Args={'priority': 0}
2026-09-09 18:47:01,756 : INFO : EventManager : Event: ======'shotgun_lane_b_charged'====== Args={'priority': 0}
2026-09-09 18:47:01,756 : INFO : EventManager : Event: ======'awareness_add_3'====== Args={'priority': 0}
2026-09-09 18:47:01,756 : INFO : EventManager : Event: ======'top_lanes_check'====== Args={'priority': 0}
2026-09-09 18:47:01,756 : INFO : EventManager : Event: ======'player_top_lane_b_lit'====== Args={'value': 0, 'prev_value': 1, 'change': -1, 'player_num': 1, 'source': 'spinner_2x_qualify'}
2026-09-09 18:47:01,756 : INFO : EventManager : Event: ======'spinner_2x_stop'====== Args={'priority': 0}
2026-09-09 18:47:01,757 : INFO : EventManager : Event: ======'player_awareness'====== Args={'value': 61, 'prev_value': 58, 'change': 3, 'player_num': 1, 'source': 'awareness'}
2026-09-09 18:47:01,757 : INFO : EventManager : Event: ======'player_awareness_percent'====== Args={'value': 34, 'prev_value': 33, 'change': 1, 'player_num': 1, 'source': 'awareness'}
2026-09-09 18:47:01,757 : INFO : EventManager : Event: ======'playfield_active'====== Args={'source': None}
2026-09-09 18:47:01,757 : INFO : EventManager : Event: ======'unexpected_ball_on_playfield'====== Args={}
2026-09-09 18:47:01,757 : INFO : EventManager : Event: ======'player_score'====== Args={'value': 3274074, 'prev_value': 3269074, 'change': 5000, 'player_num': 1, 'source': 'base'}
2026-09-09 18:47:01,817 : INFO : EventManager : Event: ======'player_shotgun_threebank_drop_3_trip_timer_tick'====== Args={'value': 1, 'prev_value': 0, 'change': 1, 'player_num': 1}
2026-09-09 18:47:01,818 : INFO : Timer.threebank_drop_3_trip_timer : Timer Complete
2026-09-09 18:47:01,818 : INFO : Timer.threebank_drop_3_trip_timer : Stopping Timer
2026-09-09 18:47:01,818 : INFO : EventManager : Event: ======'timer_threebank_drop_3_trip_timer_stopped'====== Args={'ticks': 1, 'ticks_remaining': 1}
2026-09-09 18:47:01,818 : INFO : EventManager : Event: ======'timer_threebank_drop_3_trip_timer_complete'====== Args={'ticks': 1, 'ticks_remaining': 1}
2026-09-09 18:47:01,818 : INFO : coil.c_39_threebank_drop_3_trip : Pulsing Driver for 8ms (1.0 pulse_power)
2026-09-09 18:47:01,819 : INFO : EventManager : Event: ======'threebank_drop_3_tripped'====== Args={'priority': 0}
2026-09-09 18:47:01,819 : INFO : EventManager : Event: ======'shotgun_mode_active_started'====== Args={'priority': 0}
2026-09-09 18:47:01,819 : INFO : EventManager : Event: ======'player_shotgun_mode_active'====== Args={'value': 1, 'prev_value': 0, 'change': 1, 'player_num': 1, 'source': 'shotgun'}
2026-09-09 18:47:01,850 : INFO : SwitchController : <<<<<<< 's_61_top_lane_b' inactive >>>>>>>
2026-09-09 18:47:01,864 : INFO : SwitchController : <<<<<<< 's_61_top_lane_b' active >>>>>>>
2026-09-09 18:47:01,864 : INFO : EventManager : Event: ======'s_61_top_lane_b_active'====== Args={}
2026-09-09 18:47:01,864 : INFO : EventManager : Event: ======'sw_playfield_active'====== Args={}
2026-09-09 18:47:01,864 : INFO : EventManager : Event: ======'sw_top_lanes'====== Args={}
2026-09-09 18:47:01,864 : INFO : EventManager : Event: ======'machine_var_audits_switches_s_61_top_lane_b'====== Args={'value': 913, 'prev_value': 912, 'change': 1}
2026-09-09 18:47:01,865 : INFO : SwitchController : <<<<<<< 's_79_threebank_drop_3' active >>>>>>>
2026-09-09 18:47:01,865 : INFO : EventManager : Event: ======'playfield_active'====== Args={'source': 'shot_dt_7'}
2026-09-09 18:47:01,865 : INFO : EventManager : Event: ======'unexpected_ball_on_playfield'====== Args={}
2026-09-09 18:47:01,865 : INFO : EventManager : Event: ======'s_79_threebank_drop_3_active'====== Args={}
2026-09-09 18:47:01,865 : INFO : EventManager : Event: ======'sw_drop_target'====== Args={}
2026-09-09 18:47:01,865 : INFO : EventManager : Event: ======'playfield_active'====== Args={'source': 'dt_7'}
2026-09-09 18:47:01,865 : INFO : EventManager : Event: ======'unexpected_ball_on_playfield'====== Args={}
2026-09-09 18:47:01,865 : INFO : EventManager : Event: ======'drop_target_dt_7_down'====== Args={'device': <drop_target.dt_7>}
2026-09-09 18:47:01,865 : INFO : EventManager : Event: ======'drop_target_bank_dt_bank_5_7_down'====== Args={}
2026-09-09 18:47:01,865 : INFO : EventManager : Event: ======'machine_var_audits_switches_s_79_threebank_drop_3'====== Args={'value': 429, 'prev_value': 428, 'change': 1}
2026-09-09 18:47:01,865 : INFO : SwitchController : <<<<<<< 's_61_top_lane_b' inactive >>>>>>>
2026-09-09 18:47:01,866 : INFO : EventManager : Event: ======'top_lane_b_turn_on'====== Args={'priority': 0}
2026-09-09 18:47:01,866 : INFO : EventManager : Event: ======'shotgun_lane_b_charged'====== Args={'priority': 0}
2026-09-09 18:47:01,866 : INFO : EventManager : Event: ======'awareness_add_3'====== Args={'priority': 0}
2026-09-09 18:47:01,866 : INFO : EventManager : Event: ======'top_lanes_check'====== Args={'priority': 0}
2026-09-09 18:47:01,866 : INFO : EventManager : Event: ======'player_top_lane_b_lit'====== Args={'value': 1, 'prev_value': 0, 'change': 1, 'player_num': 1, 'source': 'spinner_2x_qualify'}
2026-09-09 18:47:01,866 : INFO : EventManager : Event: ======'spinner_2x_stop'====== Args={'priority': 0}
2026-09-09 18:47:01,867 : INFO : EventManager : Event: ======'player_awareness'====== Args={'value': 64, 'prev_value': 61, 'change': 3, 'player_num': 1, 'source': 'awareness'}
2026-09-09 18:47:01,867 : INFO : EventManager : Event: ======'player_awareness_percent'====== Args={'value': 36, 'prev_value': 34, 'change': 2, 'player_num': 1, 'source': 'awareness'}
2026-09-09 18:47:01,867 : INFO : EventManager : Event: ======'playfield_active'====== Args={'source': None}
2026-09-09 18:47:01,867 : INFO : EventManager : Event: ======'unexpected_ball_on_playfield'====== Args={}
2026-09-09 18:47:01,867 : INFO : EventManager : Event: ======'player_score'====== Args={'value': 3279074, 'prev_value': 3274074, 'change': 5000, 'player_num': 1, 'source': 'base'}
2026-09-09 18:47:01,867 : INFO : EventManager : Event: ======'awareness_add_5'====== Args={'priority': 0}
2026-09-09 18:47:01,867 : INFO : EventManager : Event: ======'player_shot_shot_dt_7'====== Args={'value': 1, 'prev_value': 0, 'change': 1, 'player_num': 1}
2026-09-09 18:47:01,868 : INFO : EventManager : Event: ======'machine_var_audits_shots_shot_dt_7'====== Args={'value': 420, 'prev_value': 419, 'change': 1}
2026-09-09 18:47:01,868 : INFO : EventManager : Event: ======'shot_dt_7_hit'====== Args={'profile': 'default', 'state': 'unlit', 'advancing': True}
2026-09-09 18:47:01,868 : INFO : EventManager : Event: ======'shot_dt_7_default_hit'====== Args={'profile': 'default', 'state': 'unlit', 'advancing': True}
2026-09-09 18:47:01,868 : INFO : EventManager : Event: ======'shot_dt_7_default_unlit_hit'====== Args={'profile': 'default', 'state': 'unlit', 'advancing': True}
2026-09-09 18:47:01,868 : INFO : EventManager : Event: ======'shot_dt_7_unlit_hit'====== Args={'profile': 'default', 'state': 'unlit', 'advancing': True}
2026-09-09 18:47:01,868 : INFO : EventManager : Event: ======'player_awareness'====== Args={'value': 69, 'prev_value': 64, 'change': 5, 'player_num': 1, 'source': 'awareness'}
2026-09-09 18:47:01,868 : INFO : EventManager : Event: ======'player_awareness_percent'====== Args={'value': 39, 'prev_value': 36, 'change': 3, 'player_num': 1, 'source': 'awareness'}
2026-09-09 18:47:01,868 : INFO : EventManager : Event: ======'player_score'====== Args={'value': 3279116, 'prev_value': 3279074, 'change': 42, 'player_num': 1, 'source': 'base'}
2026-09-09 18:47:02,354 : INFO : SwitchController : <<<<<<< 's_57_pop_bumper_center' active >>>>>>>
2026-09-09 18:47:02,355 : INFO : EventManager : Event: ======'s_57_pop_bumper_center_active'====== Args={}
2026-09-09 18:47:02,355 : INFO : EventManager : Event: ======'sw_pops'====== Args={}
2026-09-09 18:47:02,355 : INFO : EventManager : Event: ======'playfield_active'====== Args={'source': 'ac_pop_2'}
2026-09-09 18:47:02,355 : INFO : EventManager : Event: ======'unexpected_ball_on_playfield'====== Args={}
2026-09-09 18:47:02,355 : INFO : EventManager : Event: ======'machine_var_audits_switches_s_57_pop_bumper_center'====== Args={'value': 2340, 'prev_value': 2339, 'change': 1}
2026-09-09 18:47:02,355 : INFO : EventManager : Event: ======'player_score'====== Args={'value': 3279158, 'prev_value': 3279116, 'change': 42, 'player_num': 1, 'source': 'super_pops'}
2026-09-09 18:47:02,356 : INFO : EventManager : Event: ======'logicblock_super_pops_phase2_counter_updated'====== Args={'value': 3, 'enabled': True}
2026-09-09 18:47:02,356 : INFO : EventManager : Event: ======'counter_super_pops_phase2_counter_hit'====== Args={'count': 3, 'hits': 3, 'remaining': 7}
2026-09-09 18:47:02,356 : INFO : EventManager : Event: ======'logicblock_super_pops_phase2_counter_hit'====== Args={'count': 3, 'hits': 3, 'remaining': 7}
2026-09-09 18:47:02,356 : INFO : EventManager : Event: ======'awareness_add_1'====== Args={'priority': 0}
2026-09-09 18:47:02,356 : INFO : EventManager : Event: ======'player_awareness'====== Args={'value': 70, 'prev_value': 69, 'change': 1, 'player_num': 1, 'source': 'awareness'}
2026-09-09 18:47:02,356 : INFO : EventManager : Event: ======'player_awareness_percent'====== Args={'value': 40, 'prev_value': 39, 'change': 1, 'player_num': 1, 'source': 'awareness'}
2026-09-09 18:47:02,356 : INFO : EventManager : Event: ======'player_score'====== Args={'value': 3279200, 'prev_value': 3279158, 'change': 42, 'player_num': 1, 'source': 'base'}
2026-09-09 18:47:02,370 : INFO : SwitchController : <<<<<<< 's_57_pop_bumper_center' inactive >>>>>>>
2026-09-09 18:47:02,387 : INFO : SwitchController : <<<<<<< 's_64_varitarget_position_1' active >>>>>>>
2026-09-09 18:47:02,387 : INFO : EventManager : Event: ======'playfield_active'====== Args={'source': 'varitarget_p1'}
2026-09-09 18:47:02,387 : INFO : EventManager : Event: ======'unexpected_ball_on_playfield'====== Args={}
2026-09-09 18:47:02,387 : INFO : EventManager : Event: ======'s_64_varitarget_position_1_active'====== Args={}
2026-09-09 18:47:02,387 : INFO : EventManager : Event: ======'sw_vari'====== Args={}
2026-09-09 18:47:02,387 : INFO : EventManager : Event: ======'machine_var_audits_switches_s_64_varitarget_position_1'====== Args={'value': 13586, 'prev_value': 13585, 'change': 1}
2026-09-09 18:47:02,388 : INFO : EventManager : Event: ======'glasses_pending_position_1'====== Args={'priority': 0}
2026-09-09 18:47:02,388 : INFO : EventManager : Event: ======'machine_var_audits_shots_varitarget_p1'====== Args={'value': 13563, 'prev_value': 13562, 'change': 1}
2026-09-09 18:47:02,388 : INFO : EventManager : Event: ======'varitarget_p1_hit'====== Args={'profile': 'default', 'state': 'lit', 'advancing': False}
2026-09-09 18:47:02,388 : INFO : EventManager : Event: ======'varitarget_p1_default_hit'====== Args={'profile': 'default', 'state': 'lit', 'advancing': False}
2026-09-09 18:47:02,388 : INFO : EventManager : Event: ======'varitarget_p1_default_lit_hit'====== Args={'profile': 'default', 'state': 'lit', 'advancing': False}
2026-09-09 18:47:02,388 : INFO : EventManager : Event: ======'varitarget_p1_lit_hit'====== Args={'profile': 'default', 'state': 'lit', 'advancing': False}
2026-09-09 18:47:02,388 : INFO : EventManager : Event: ======'varitarget_position_changed'====== Args={'priority': 0}
2026-09-09 18:47:02,388 : INFO : EventManager : Event: ======'varitarget_reset_stop'====== Args={'priority': 0}
2026-09-09 18:47:02,388 : INFO : EventManager : Event: ======'varitarget_reset_complete'====== Args={'priority': 0}
2026-09-09 18:47:02,388 : INFO : EventManager : Event: ======'glasses_position_confirm_restart'====== Args={'priority': 0}
2026-09-09 18:47:02,389 : INFO : EventManager : Event: ======'timer_glasses_position_confirm_tick'====== Args={'ticks': 0, 'ticks_remaining': 1}
2026-09-09 18:47:02,389 : INFO : EventManager : Event: ======'varitarget_positions_hit'====== Args={'shot': 'varitarget_p1'}
2026-09-09 18:47:02,389 : INFO : EventManager : Event: ======'varitarget_positions_lit_hit'====== Args={'shot': 'varitarget_p1'}
2026-09-09 18:47:02,389 : INFO : EventManager : Event: ======'varitarget_update_stable'====== Args={'priority': 0}
2026-09-09 18:47:02,389 : INFO : Timer.varitarget_reset_timer : Stopping Timer
2026-09-09 18:47:02,389 : INFO : EventManager : Event: ======'timer_varitarget_reset_timer_stopped'====== Args={'ticks': 1, 'ticks_remaining': 999998}
2026-09-09 18:47:02,389 : INFO : EventManager : Event: ======'player_score'====== Args={'value': 3279242, 'prev_value': 3279200, 'change': 42, 'player_num': 1, 'source': 'base'}
2026-09-09 18:47:02,436 : INFO : SwitchController : <<<<<<< 's_64_varitarget_position_1' inactive >>>>>>>
2026-09-09 18:47:02,466 : INFO : SwitchController : <<<<<<< 's_64_varitarget_position_1' active >>>>>>>
2026-09-09 18:47:02,466 : INFO : EventManager : Event: ======'playfield_active'====== Args={'source': 'varitarget_p1'}
2026-09-09 18:47:02,466 : INFO : EventManager : Event: ======'unexpected_ball_on_playfield'====== Args={}
2026-09-09 18:47:02,466 : INFO : EventManager : Event: ======'s_64_varitarget_position_1_active'====== Args={}
2026-09-09 18:47:02,466 : INFO : EventManager : Event: ======'sw_vari'====== Args={}
2026-09-09 18:47:02,466 : INFO : EventManager : Event: ======'machine_var_audits_switches_s_64_varitarget_position_1'====== Args={'value': 13587, 'prev_value': 13586, 'change': 1}
2026-09-09 18:47:02,467 : INFO : EventManager : Event: ======'glasses_pending_position_1'====== Args={'priority': 0}
2026-09-09 18:47:02,467 : INFO : EventManager : Event: ======'machine_var_audits_shots_varitarget_p1'====== Args={'value': 13564, 'prev_value': 13563, 'change': 1}
2026-09-09 18:47:02,467 : INFO : EventManager : Event: ======'varitarget_p1_hit'====== Args={'profile': 'default', 'state': 'lit', 'advancing': False}
2026-09-09 18:47:02,467 : INFO : EventManager : Event: ======'varitarget_p1_default_hit'====== Args={'profile': 'default', 'state': 'lit', 'advancing': False}
2026-09-09 18:47:02,467 : INFO : EventManager : Event: ======'varitarget_p1_default_lit_hit'====== Args={'profile': 'default', 'state': 'lit', 'advancing': False}
2026-09-09 18:47:02,467 : INFO : EventManager : Event: ======'varitarget_p1_lit_hit'====== Args={'profile': 'default', 'state': 'lit', 'advancing': False}
2026-09-09 18:47:02,467 : INFO : EventManager : Event: ======'varitarget_position_changed'====== Args={'priority': 0}
2026-09-09 18:47:02,467 : INFO : EventManager : Event: ======'varitarget_reset_stop'====== Args={'priority': 0}
2026-09-09 18:47:02,467 : INFO : EventManager : Event: ======'varitarget_reset_complete'====== Args={'priority': 0}
2026-09-09 18:47:02,467 : INFO : EventManager : Event: ======'glasses_position_confirm_restart'====== Args={'priority': 0}
2026-09-09 18:47:02,468 : INFO : EventManager : Event: ======'timer_glasses_position_confirm_tick'====== Args={'ticks': 0, 'ticks_remaining': 1}
2026-09-09 18:47:02,468 : INFO : EventManager : Event: ======'varitarget_positions_hit'====== Args={'shot': 'varitarget_p1'}
2026-09-09 18:47:02,468 : INFO : EventManager : Event: ======'varitarget_positions_lit_hit'====== Args={'shot': 'varitarget_p1'}
2026-09-09 18:47:02,468 : INFO : EventManager : Event: ======'varitarget_update_stable'====== Args={'priority': 0}
2026-09-09 18:47:02,468 : INFO : Timer.varitarget_reset_timer : Stopping Timer
2026-09-09 18:47:02,468 : INFO : EventManager : Event: ======'timer_varitarget_reset_timer_stopped'====== Args={'ticks': 1, 'ticks_remaining': 999998}
2026-09-09 18:47:02,468 : INFO : EventManager : Event: ======'player_score'====== Args={'value': 3279284, 'prev_value': 3279242, 'change': 42, 'player_num': 1, 'source': 'base'}
2026-09-09 18:47:02,513 : INFO : SwitchController : <<<<<<< 's_64_varitarget_position_1' inactive >>>>>>>
2026-09-09 18:47:02,529 : INFO : EventManager : Event: ======'player_super_pops_super_pops_mult_timer_tick'====== Args={'value': 9, 'prev_value': 10, 'change': -1, 'player_num': 1}
2026-09-09 18:47:02,530 : INFO : EventManager : Event: ======'timer_super_pops_mult_timer_tick'====== Args={'ticks': 9, 'ticks_remaining': 9}
2026-09-09 18:47:02,798 : INFO : SwitchController : <<<<<<< 's_58_pop_bumper_left' active >>>>>>>
2026-09-09 18:47:02,798 : INFO : EventManager : Event: ======'s_58_pop_bumper_left_active'====== Args={}
2026-09-09 18:47:02,798 : INFO : EventManager : Event: ======'sw_pops'====== Args={}
2026-09-09 18:47:02,798 : INFO : EventManager : Event: ======'playfield_active'====== Args={'source': 'ac_pop_1'}
2026-09-09 18:47:02,798 : INFO : EventManager : Event: ======'unexpected_ball_on_playfield'====== Args={}
2026-09-09 18:47:02,799 : INFO : EventManager : Event: ======'machine_var_audits_switches_s_58_pop_bumper_left'====== Args={'value': 3590, 'prev_value': 3589, 'change': 1}
2026-09-09 18:47:02,799 : INFO : EventManager : Event: ======'player_score'====== Args={'value': 3279326, 'prev_value': 3279284, 'change': 42, 'player_num': 1, 'source': 'super_pops'}
2026-09-09 18:47:02,800 : INFO : EventManager : Event: ======'logicblock_super_pops_phase2_counter_updated'====== Args={'value': 4, 'enabled': True}
2026-09-09 18:47:02,800 : INFO : EventManager : Event: ======'counter_super_pops_phase2_counter_hit'====== Args={'count': 4, 'hits': 4, 'remaining': 6}
2026-09-09 18:47:02,800 : INFO : EventManager : Event: ======'logicblock_super_pops_phase2_counter_hit'====== Args={'count': 4, 'hits': 4, 'remaining': 6}
2026-09-09 18:47:02,800 : INFO : EventManager : Event: ======'awareness_add_1'====== Args={'priority': 0}
2026-09-09 18:47:02,800 : INFO : EventManager : Event: ======'player_awareness'====== Args={'value': 71, 'prev_value': 70, 'change': 1, 'player_num': 1, 'source': 'awareness'}
2026-09-09 18:47:02,801 : INFO : EventManager : Event: ======'player_score'====== Args={'value': 3279368, 'prev_value': 3279326, 'change': 42, 'player_num': 1, 'source': 'base'}
2026-09-09 18:47:02,828 : INFO : SwitchController : <<<<<<< 's_58_pop_bumper_left' inactive >>>>>>>
2026-09-09 18:47:02,860 : INFO : SwitchController : <<<<<<< 's_64_varitarget_position_1' active >>>>>>>
2026-09-09 18:47:02,860 : INFO : EventManager : Event: ======'playfield_active'====== Args={'source': 'varitarget_p1'}
2026-09-09 18:47:02,860 : INFO : EventManager : Event: ======'unexpected_ball_on_playfield'====== Args={}
2026-09-09 18:47:02,860 : INFO : EventManager : Event: ======'s_64_varitarget_position_1_active'====== Args={}
2026-09-09 18:47:02,860 : INFO : EventManager : Event: ======'sw_vari'====== Args={}
2026-09-09 18:47:02,860 : INFO : EventManager : Event: ======'machine_var_audits_switches_s_64_varitarget_position_1'====== Args={'value': 13588, 'prev_value': 13587, 'change': 1}
2026-09-09 18:47:02,861 : INFO : SwitchController : <<<<<<< 's_64_varitarget_position_1' inactive >>>>>>>
2026-09-09 18:47:02,861 : INFO : EventManager : Event: ======'glasses_pending_position_1'====== Args={'priority': 0}
2026-09-09 18:47:02,861 : INFO : EventManager : Event: ======'machine_var_audits_shots_varitarget_p1'====== Args={'value': 13565, 'prev_value': 13564, 'change': 1}
2026-09-09 18:47:02,861 : INFO : EventManager : Event: ======'varitarget_p1_hit'====== Args={'profile': 'default', 'state': 'lit', 'advancing': False}
2026-09-09 18:47:02,861 : INFO : EventManager : Event: ======'varitarget_p1_default_hit'====== Args={'profile': 'default', 'state': 'lit', 'advancing': False}
2026-09-09 18:47:02,862 : INFO : EventManager : Event: ======'varitarget_p1_default_lit_hit'====== Args={'profile': 'default', 'state': 'lit', 'advancing': False}
2026-09-09 18:47:02,862 : INFO : EventManager : Event: ======'varitarget_p1_lit_hit'====== Args={'profile': 'default', 'state': 'lit', 'advancing': False}
2026-09-09 18:47:02,862 : INFO : EventManager : Event: ======'varitarget_position_changed'====== Args={'priority': 0}
2026-09-09 18:47:02,862 : INFO : EventManager : Event: ======'varitarget_reset_stop'====== Args={'priority': 0}
2026-09-09 18:47:02,862 : INFO : EventManager : Event: ======'varitarget_reset_complete'====== Args={'priority': 0}
2026-09-09 18:47:02,862 : INFO : EventManager : Event: ======'glasses_position_confirm_restart'====== Args={'priority': 0}
2026-09-09 18:47:02,862 : INFO : EventManager : Event: ======'timer_glasses_position_confirm_tick'====== Args={'ticks': 0, 'ticks_remaining': 1}
2026-09-09 18:47:02,862 : INFO : EventManager : Event: ======'varitarget_positions_hit'====== Args={'shot': 'varitarget_p1'}
2026-09-09 18:47:02,862 : INFO : EventManager : Event: ======'varitarget_positions_lit_hit'====== Args={'shot': 'varitarget_p1'}
2026-09-09 18:47:02,863 : INFO : EventManager : Event: ======'varitarget_update_stable'====== Args={'priority': 0}
2026-09-09 18:47:02,863 : INFO : Timer.varitarget_reset_timer : Stopping Timer
2026-09-09 18:47:02,863 : INFO : EventManager : Event: ======'timer_varitarget_reset_timer_stopped'====== Args={'ticks': 1, 'ticks_remaining': 999998}
2026-09-09 18:47:02,863 : INFO : EventManager : Event: ======'player_score'====== Args={'value': 3279410, 'prev_value': 3279368, 'change': 42, 'player_num': 1, 'source': 'base'}
2026-09-09 18:47:03,145 : INFO : SwitchController : <<<<<<< 's_57_pop_bumper_center' active >>>>>>>
2026-09-09 18:47:03,146 : INFO : EventManager : Event: ======'s_57_pop_bumper_center_active'====== Args={}
2026-09-09 18:47:03,146 : INFO : EventManager : Event: ======'sw_pops'====== Args={}
2026-09-09 18:47:03,146 : INFO : EventManager : Event: ======'playfield_active'====== Args={'source': 'ac_pop_2'}
2026-09-09 18:47:03,146 : INFO : EventManager : Event: ======'unexpected_ball_on_playfield'====== Args={}
2026-09-09 18:47:03,146 : INFO : EventManager : Event: ======'machine_var_audits_switches_s_57_pop_bumper_center'====== Args={'value': 2341, 'prev_value': 2340, 'change': 1}
2026-09-09 18:47:03,147 : INFO : EventManager : Event: ======'player_score'====== Args={'value': 3279452, 'prev_value': 3279410, 'change': 42, 'player_num': 1, 'source': 'super_pops'}
2026-09-09 18:47:03,147 : INFO : EventManager : Event: ======'logicblock_super_pops_phase2_counter_updated'====== Args={'value': 5, 'enabled': True}
2026-09-09 18:47:03,147 : INFO : EventManager : Event: ======'counter_super_pops_phase2_counter_hit'====== Args={'count': 5, 'hits': 5, 'remaining': 5}
2026-09-09 18:47:03,147 : INFO : EventManager : Event: ======'logicblock_super_pops_phase2_counter_hit'====== Args={'count': 5, 'hits': 5, 'remaining': 5}
2026-09-09 18:47:03,147 : INFO : EventManager : Event: ======'awareness_add_1'====== Args={'priority': 0}
2026-09-09 18:47:03,148 : INFO : EventManager : Event: ======'player_awareness'====== Args={'value': 72, 'prev_value': 71, 'change': 1, 'player_num': 1, 'source': 'awareness'}
2026-09-09 18:47:03,148 : INFO : EventManager : Event: ======'player_awareness_percent'====== Args={'value': 41, 'prev_value': 40, 'change': 1, 'player_num': 1, 'source': 'awareness'}
2026-09-09 18:47:03,149 : INFO : EventManager : Event: ======'player_score'====== Args={'value': 3279494, 'prev_value': 3279452, 'change': 42, 'player_num': 1, 'source': 'base'}
2026-09-09 18:47:03,161 : INFO : SwitchController : <<<<<<< 's_57_pop_bumper_center' inactive >>>>>>>
2026-09-09 18:47:03,161 : INFO : SwitchController : <<<<<<< 's_64_varitarget_position_1' active >>>>>>>
2026-09-09 18:47:03,161 : INFO : EventManager : Event: ======'playfield_active'====== Args={'source': 'varitarget_p1'}
2026-09-09 18:47:03,161 : INFO : EventManager : Event: ======'unexpected_ball_on_playfield'====== Args={}
2026-09-09 18:47:03,161 : INFO : EventManager : Event: ======'s_64_varitarget_position_1_active'====== Args={}
2026-09-09 18:47:03,161 : INFO : EventManager : Event: ======'sw_vari'====== Args={}
2026-09-09 18:47:03,162 : INFO : EventManager : Event: ======'machine_var_audits_switches_s_64_varitarget_position_1'====== Args={'value': 13589, 'prev_value': 13588, 'change': 1}
2026-09-09 18:47:03,163 : INFO : EventManager : Event: ======'glasses_pending_position_1'====== Args={'priority': 0}
2026-09-09 18:47:03,163 : INFO : EventManager : Event: ======'machine_var_audits_shots_varitarget_p1'====== Args={'value': 13566, 'prev_value': 13565, 'change': 1}
2026-09-09 18:47:03,163 : INFO : EventManager : Event: ======'varitarget_p1_hit'====== Args={'profile': 'default', 'state': 'lit', 'advancing': False}
2026-09-09 18:47:03,163 : INFO : EventManager : Event: ======'varitarget_p1_default_hit'====== Args={'profile': 'default', 'state': 'lit', 'advancing': False}
2026-09-09 18:47:03,163 : INFO : EventManager : Event: ======'varitarget_p1_default_lit_hit'====== Args={'profile': 'default', 'state': 'lit', 'advancing': False}
2026-09-09 18:47:03,163 : INFO : EventManager : Event: ======'varitarget_p1_lit_hit'====== Args={'profile': 'default', 'state': 'lit', 'advancing': False}
2026-09-09 18:47:03,163 : INFO : EventManager : Event: ======'varitarget_position_changed'====== Args={'priority': 0}
2026-09-09 18:47:03,163 : INFO : EventManager : Event: ======'varitarget_reset_stop'====== Args={'priority': 0}
2026-09-09 18:47:03,163 : INFO : EventManager : Event: ======'varitarget_reset_complete'====== Args={'priority': 0}
2026-09-09 18:47:03,163 : INFO : EventManager : Event: ======'glasses_position_confirm_restart'====== Args={'priority': 0}
2026-09-09 18:47:03,163 : INFO : EventManager : Event: ======'timer_glasses_position_confirm_tick'====== Args={'ticks': 0, 'ticks_remaining': 1}
2026-09-09 18:47:03,164 : INFO : EventManager : Event: ======'varitarget_positions_hit'====== Args={'shot': 'varitarget_p1'}
2026-09-09 18:47:03,164 : INFO : EventManager : Event: ======'varitarget_positions_lit_hit'====== Args={'shot': 'varitarget_p1'}
2026-09-09 18:47:03,164 : INFO : EventManager : Event: ======'varitarget_update_stable'====== Args={'priority': 0}
2026-09-09 18:47:03,164 : INFO : Timer.varitarget_reset_timer : Stopping Timer
2026-09-09 18:47:03,164 : INFO : EventManager : Event: ======'timer_varitarget_reset_timer_stopped'====== Args={'ticks': 1, 'ticks_remaining': 999998}
2026-09-09 18:47:03,164 : INFO : EventManager : Event: ======'player_score'====== Args={'value': 3279536, 'prev_value': 3279494, 'change': 42, 'player_num': 1, 'source': 'base'}
2026-09-09 18:47:03,165 : INFO : SwitchController : <<<<<<< 's_64_varitarget_position_1' inactive >>>>>>>
2026-09-09 18:47:03,192 : INFO : SwitchController : <<<<<<< 's_56_pop_bumper_right' active >>>>>>>
2026-09-09 18:47:03,193 : INFO : EventManager : Event: ======'s_56_pop_bumper_right_active'====== Args={}
2026-09-09 18:47:03,193 : INFO : EventManager : Event: ======'sw_pops'====== Args={}
2026-09-09 18:47:03,193 : INFO : EventManager : Event: ======'playfield_active'====== Args={'source': 'ac_pop_3'}
2026-09-09 18:47:03,193 : INFO : EventManager : Event: ======'unexpected_ball_on_playfield'====== Args={}
2026-09-09 18:47:03,193 : INFO : EventManager : Event: ======'machine_var_audits_switches_s_56_pop_bumper_right'====== Args={'value': 1033, 'prev_value': 1032, 'change': 1}
2026-09-09 18:47:03,193 : INFO : SwitchController : <<<<<<< 's_64_varitarget_position_1' active >>>>>>>
2026-09-09 18:47:03,193 : INFO : EventManager : Event: ======'playfield_active'====== Args={'source': 'varitarget_p1'}
2026-09-09 18:47:03,193 : INFO : EventManager : Event: ======'unexpected_ball_on_playfield'====== Args={}
2026-09-09 18:47:03,193 : INFO : EventManager : Event: ======'s_64_varitarget_position_1_active'====== Args={}
2026-09-09 18:47:03,193 : INFO : EventManager : Event: ======'sw_vari'====== Args={}
2026-09-09 18:47:03,193 : INFO : EventManager : Event: ======'machine_var_audits_switches_s_64_varitarget_position_1'====== Args={'value': 13590, 'prev_value': 13589, 'change': 1}
2026-09-09 18:47:03,194 : INFO : SwitchController : <<<<<<< 's_64_varitarget_position_1' inactive >>>>>>>
2026-09-09 18:47:03,194 : INFO : EventManager : Event: ======'player_score'====== Args={'value': 3279578, 'prev_value': 3279536, 'change': 42, 'player_num': 1, 'source': 'super_pops'}
2026-09-09 18:47:03,194 : INFO : EventManager : Event: ======'logicblock_super_pops_phase2_counter_updated'====== Args={'value': 6, 'enabled': True}
2026-09-09 18:47:03,194 : INFO : EventManager : Event: ======'counter_super_pops_phase2_counter_hit'====== Args={'count': 6, 'hits': 6, 'remaining': 4}
2026-09-09 18:47:03,195 : INFO : EventManager : Event: ======'logicblock_super_pops_phase2_counter_hit'====== Args={'count': 6, 'hits': 6, 'remaining': 4}
2026-09-09 18:47:03,195 : INFO : EventManager : Event: ======'awareness_add_1'====== Args={'priority': 0}
2026-09-09 18:47:03,195 : INFO : EventManager : Event: ======'player_awareness'====== Args={'value': 73, 'prev_value': 72, 'change': 1, 'player_num': 1, 'source': 'awareness'}
2026-09-09 18:47:03,195 : INFO : EventManager : Event: ======'player_score'====== Args={'value': 3279620, 'prev_value': 3279578, 'change': 42, 'player_num': 1, 'source': 'base'}
2026-09-09 18:47:03,195 : INFO : EventManager : Event: ======'glasses_pending_position_1'====== Args={'priority': 0}
2026-09-09 18:47:03,195 : INFO : EventManager : Event: ======'machine_var_audits_shots_varitarget_p1'====== Args={'value': 13567, 'prev_value': 13566, 'change': 1}
2026-09-09 18:47:03,195 : INFO : EventManager : Event: ======'varitarget_p1_hit'====== Args={'profile': 'default', 'state': 'lit', 'advancing': False}
2026-09-09 18:47:03,195 : INFO : EventManager : Event: ======'varitarget_p1_default_hit'====== Args={'profile': 'default', 'state': 'lit', 'advancing': False}
2026-09-09 18:47:03,195 : INFO : EventManager : Event: ======'varitarget_p1_default_lit_hit'====== Args={'profile': 'default', 'state': 'lit', 'advancing': False}
2026-09-09 18:47:03,196 : INFO : EventManager : Event: ======'varitarget_p1_lit_hit'====== Args={'profile': 'default', 'state': 'lit', 'advancing': False}
2026-09-09 18:47:03,196 : INFO : EventManager : Event: ======'varitarget_position_changed'====== Args={'priority': 0}
2026-09-09 18:47:03,196 : INFO : EventManager : Event: ======'varitarget_reset_stop'====== Args={'priority': 0}
2026-09-09 18:47:03,196 : INFO : EventManager : Event: ======'varitarget_reset_complete'====== Args={'priority': 0}
2026-09-09 18:47:03,196 : INFO : EventManager : Event: ======'glasses_position_confirm_restart'====== Args={'priority': 0}
2026-09-09 18:47:03,196 : INFO : EventManager : Event: ======'timer_glasses_position_confirm_tick'====== Args={'ticks': 0, 'ticks_remaining': 1}
2026-09-09 18:47:03,196 : INFO : EventManager : Event: ======'varitarget_positions_hit'====== Args={'shot': 'varitarget_p1'}
2026-09-09 18:47:03,196 : INFO : EventManager : Event: ======'varitarget_positions_lit_hit'====== Args={'shot': 'varitarget_p1'}
2026-09-09 18:47:03,196 : INFO : EventManager : Event: ======'varitarget_update_stable'====== Args={'priority': 0}
2026-09-09 18:47:03,196 : INFO : Timer.varitarget_reset_timer : Stopping Timer
2026-09-09 18:47:03,196 : INFO : EventManager : Event: ======'timer_varitarget_reset_timer_stopped'====== Args={'ticks': 1, 'ticks_remaining': 999998}
2026-09-09 18:47:03,197 : INFO : EventManager : Event: ======'player_score'====== Args={'value': 3279662, 'prev_value': 3279620, 'change': 42, 'player_num': 1, 'source': 'base'}
2026-09-09 18:47:03,197 : INFO : SwitchController : <<<<<<< 's_56_pop_bumper_right' inactive >>>>>>>
2026-09-09 18:47:03,207 : INFO : SwitchController : <<<<<<< 's_64_varitarget_position_1' active >>>>>>>
2026-09-09 18:47:03,208 : INFO : EventManager : Event: ======'playfield_active'====== Args={'source': 'varitarget_p1'}
2026-09-09 18:47:03,208 : INFO : EventManager : Event: ======'unexpected_ball_on_playfield'====== Args={}
2026-09-09 18:47:03,208 : INFO : EventManager : Event: ======'s_64_varitarget_position_1_active'====== Args={}
2026-09-09 18:47:03,208 : INFO : EventManager : Event: ======'sw_vari'====== Args={}
2026-09-09 18:47:03,208 : INFO : EventManager : Event: ======'machine_var_audits_switches_s_64_varitarget_position_1'====== Args={'value': 13591, 'prev_value': 13590, 'change': 1}
2026-09-09 18:47:03,208 : INFO : EventManager : Event: ======'glasses_pending_position_1'====== Args={'priority': 0}
2026-09-09 18:47:03,208 : INFO : EventManager : Event: ======'machine_var_audits_shots_varitarget_p1'====== Args={'value': 13568, 'prev_value': 13567, 'change': 1}
2026-09-09 18:47:03,208 : INFO : EventManager : Event: ======'varitarget_p1_hit'====== Args={'profile': 'default', 'state': 'lit', 'advancing': False}
2026-09-09 18:47:03,208 : INFO : EventManager : Event: ======'varitarget_p1_default_hit'====== Args={'profile': 'default', 'state': 'lit', 'advancing': False}
2026-09-09 18:47:03,208 : INFO : EventManager : Event: ======'varitarget_p1_default_lit_hit'====== Args={'profile': 'default', 'state': 'lit', 'advancing': False}
2026-09-09 18:47:03,208 : INFO : EventManager : Event: ======'varitarget_p1_lit_hit'====== Args={'profile': 'default', 'state': 'lit', 'advancing': False}
2026-09-09 18:47:03,208 : INFO : EventManager : Event: ======'varitarget_position_changed'====== Args={'priority': 0}
2026-09-09 18:47:03,208 : INFO : EventManager : Event: ======'varitarget_reset_stop'====== Args={'priority': 0}
2026-09-09 18:47:03,208 : INFO : EventManager : Event: ======'varitarget_reset_complete'====== Args={'priority': 0}
2026-09-09 18:47:03,208 : INFO : EventManager : Event: ======'glasses_position_confirm_restart'====== Args={'priority': 0}
2026-09-09 18:47:03,209 : INFO : EventManager : Event: ======'timer_glasses_position_confirm_tick'====== Args={'ticks': 0, 'ticks_remaining': 1}
2026-09-09 18:47:03,209 : INFO : EventManager : Event: ======'varitarget_positions_hit'====== Args={'shot': 'varitarget_p1'}
2026-09-09 18:47:03,209 : INFO : EventManager : Event: ======'varitarget_positions_lit_hit'====== Args={'shot': 'varitarget_p1'}
2026-09-09 18:47:03,209 : INFO : EventManager : Event: ======'varitarget_update_stable'====== Args={'priority': 0}
2026-09-09 18:47:03,209 : INFO : Timer.varitarget_reset_timer : Stopping Timer
2026-09-09 18:47:03,209 : INFO : EventManager : Event: ======'timer_varitarget_reset_timer_stopped'====== Args={'ticks': 1, 'ticks_remaining': 999998}
2026-09-09 18:47:03,209 : INFO : EventManager : Event: ======'player_score'====== Args={'value': 3279704, 'prev_value': 3279662, 'change': 42, 'player_num': 1, 'source': 'base'}
2026-09-09 18:47:03,209 : INFO : SwitchController : <<<<<<< 's_64_varitarget_position_1' inactive >>>>>>>
2026-09-09 18:47:03,303 : INFO : SwitchController : <<<<<<< 's_56_pop_bumper_right' active >>>>>>>
2026-09-09 18:47:03,303 : INFO : EventManager : Event: ======'s_56_pop_bumper_right_active'====== Args={}
2026-09-09 18:47:03,304 : INFO : EventManager : Event: ======'sw_pops'====== Args={}
2026-09-09 18:47:03,304 : INFO : EventManager : Event: ======'playfield_active'====== Args={'source': 'ac_pop_3'}
2026-09-09 18:47:03,304 : INFO : EventManager : Event: ======'unexpected_ball_on_playfield'====== Args={}
2026-09-09 18:47:03,304 : INFO : EventManager : Event: ======'machine_var_audits_switches_s_56_pop_bumper_right'====== Args={'value': 1034, 'prev_value': 1033, 'change': 1}
2026-09-09 18:47:03,304 : INFO : EventManager : Event: ======'player_score'====== Args={'value': 3279746, 'prev_value': 3279704, 'change': 42, 'player_num': 1, 'source': 'super_pops'}
2026-09-09 18:47:03,305 : INFO : EventManager : Event: ======'logicblock_super_pops_phase2_counter_updated'====== Args={'value': 7, 'enabled': True}
2026-09-09 18:47:03,305 : INFO : EventManager : Event: ======'counter_super_pops_phase2_counter_hit'====== Args={'count': 7, 'hits': 7, 'remaining': 3}
2026-09-09 18:47:03,305 : INFO : EventManager : Event: ======'logicblock_super_pops_phase2_counter_hit'====== Args={'count': 7, 'hits': 7, 'remaining': 3}
2026-09-09 18:47:03,305 : INFO : EventManager : Event: ======'awareness_add_1'====== Args={'priority': 0}
2026-09-09 18:47:03,306 : INFO : EventManager : Event: ======'player_awareness'====== Args={'value': 74, 'prev_value': 73, 'change': 1, 'player_num': 1, 'source': 'awareness'}
2026-09-09 18:47:03,306 : INFO : EventManager : Event: ======'player_awareness_percent'====== Args={'value': 42, 'prev_value': 41, 'change': 1, 'player_num': 1, 'source': 'awareness'}
2026-09-09 18:47:03,306 : INFO : EventManager : Event: ======'player_score'====== Args={'value': 3279788, 'prev_value': 3279746, 'change': 42, 'player_num': 1, 'source': 'base'}
2026-09-09 18:47:03,307 : INFO : SwitchController : <<<<<<< 's_56_pop_bumper_right' inactive >>>>>>>
2026-09-09 18:47:03,397 : INFO : SwitchController : <<<<<<< 's_58_pop_bumper_left' active >>>>>>>
2026-09-09 18:47:03,397 : INFO : EventManager : Event: ======'s_58_pop_bumper_left_active'====== Args={}
2026-09-09 18:47:03,397 : INFO : EventManager : Event: ======'sw_pops'====== Args={}
2026-09-09 18:47:03,397 : INFO : EventManager : Event: ======'playfield_active'====== Args={'source': 'ac_pop_1'}
2026-09-09 18:47:03,397 : INFO : EventManager : Event: ======'unexpected_ball_on_playfield'====== Args={}
2026-09-09 18:47:03,397 : INFO : EventManager : Event: ======'machine_var_audits_switches_s_58_pop_bumper_left'====== Args={'value': 3591, 'prev_value': 3590, 'change': 1}
2026-09-09 18:47:03,398 : INFO : EventManager : Event: ======'player_score'====== Args={'value': 3279830, 'prev_value': 3279788, 'change': 42, 'player_num': 1, 'source': 'super_pops'}
2026-09-09 18:47:03,399 : INFO : EventManager : Event: ======'logicblock_super_pops_phase2_counter_updated'====== Args={'value': 8, 'enabled': True}
2026-09-09 18:47:03,399 : INFO : EventManager : Event: ======'counter_super_pops_phase2_counter_hit'====== Args={'count': 8, 'hits': 8, 'remaining': 2}
2026-09-09 18:47:03,399 : INFO : EventManager : Event: ======'logicblock_super_pops_phase2_counter_hit'====== Args={'count': 8, 'hits': 8, 'remaining': 2}
2026-09-09 18:47:03,399 : INFO : EventManager : Event: ======'awareness_add_1'====== Args={'priority': 0}
2026-09-09 18:47:03,400 : INFO : EventManager : Event: ======'player_awareness'====== Args={'value': 75, 'prev_value': 74, 'change': 1, 'player_num': 1, 'source': 'awareness'}
2026-09-09 18:47:03,400 : INFO : EventManager : Event: ======'player_score'====== Args={'value': 3279872, 'prev_value': 3279830, 'change': 42, 'player_num': 1, 'source': 'base'}
2026-09-09 18:47:03,430 : INFO : SwitchController : <<<<<<< 's_58_pop_bumper_left' inactive >>>>>>>
2026-09-09 18:47:03,462 : INFO : SwitchController : <<<<<<< 's_64_varitarget_position_1' active >>>>>>>
2026-09-09 18:47:03,462 : INFO : EventManager : Event: ======'playfield_active'====== Args={'source': 'varitarget_p1'}
2026-09-09 18:47:03,462 : INFO : EventManager : Event: ======'unexpected_ball_on_playfield'====== Args={}
2026-09-09 18:47:03,462 : INFO : EventManager : Event: ======'s_64_varitarget_position_1_active'====== Args={}
2026-09-09 18:47:03,462 : INFO : EventManager : Event: ======'sw_vari'====== Args={}
2026-09-09 18:47:03,463 : INFO : EventManager : Event: ======'machine_var_audits_switches_s_64_varitarget_position_1'====== Args={'value': 13592, 'prev_value': 13591, 'change': 1}
2026-09-09 18:47:03,463 : INFO : EventManager : Event: ======'glasses_pending_position_1'====== Args={'priority': 0}
2026-09-09 18:47:03,463 : INFO : EventManager : Event: ======'machine_var_audits_shots_varitarget_p1'====== Args={'value': 13569, 'prev_value': 13568, 'change': 1}
2026-09-09 18:47:03,463 : INFO : EventManager : Event: ======'varitarget_p1_hit'====== Args={'profile': 'default', 'state': 'lit', 'advancing': False}
2026-09-09 18:47:03,463 : INFO : EventManager : Event: ======'varitarget_p1_default_hit'====== Args={'profile': 'default', 'state': 'lit', 'advancing': False}
2026-09-09 18:47:03,463 : INFO : EventManager : Event: ======'varitarget_p1_default_lit_hit'====== Args={'profile': 'default', 'state': 'lit', 'advancing': False}
2026-09-09 18:47:03,464 : INFO : EventManager : Event: ======'varitarget_p1_lit_hit'====== Args={'profile': 'default', 'state': 'lit', 'advancing': False}
2026-09-09 18:47:03,464 : INFO : EventManager : Event: ======'varitarget_position_changed'====== Args={'priority': 0}
2026-09-09 18:47:03,464 : INFO : EventManager : Event: ======'varitarget_reset_stop'====== Args={'priority': 0}
2026-09-09 18:47:03,464 : INFO : EventManager : Event: ======'varitarget_reset_complete'====== Args={'priority': 0}
2026-09-09 18:47:03,464 : INFO : EventManager : Event: ======'glasses_position_confirm_restart'====== Args={'priority': 0}
2026-09-09 18:47:03,464 : INFO : EventManager : Event: ======'timer_glasses_position_confirm_tick'====== Args={'ticks': 0, 'ticks_remaining': 1}
2026-09-09 18:47:03,464 : INFO : EventManager : Event: ======'varitarget_positions_hit'====== Args={'shot': 'varitarget_p1'}
2026-09-09 18:47:03,464 : INFO : EventManager : Event: ======'varitarget_positions_lit_hit'====== Args={'shot': 'varitarget_p1'}
2026-09-09 18:47:03,464 : INFO : EventManager : Event: ======'varitarget_update_stable'====== Args={'priority': 0}
2026-09-09 18:47:03,464 : INFO : Timer.varitarget_reset_timer : Stopping Timer
2026-09-09 18:47:03,464 : INFO : EventManager : Event: ======'timer_varitarget_reset_timer_stopped'====== Args={'ticks': 1, 'ticks_remaining': 999998}
2026-09-09 18:47:03,465 : INFO : EventManager : Event: ======'player_score'====== Args={'value': 3279914, 'prev_value': 3279872, 'change': 42, 'player_num': 1, 'source': 'base'}
2026-09-09 18:47:03,476 : INFO : SwitchController : <<<<<<< 's_64_varitarget_position_1' inactive >>>>>>>
2026-09-09 18:47:03,476 : INFO : SwitchController : <<<<<<< 's_64_varitarget_position_1' active >>>>>>>
2026-09-09 18:47:03,476 : INFO : EventManager : Event: ======'playfield_active'====== Args={'source': 'varitarget_p1'}
2026-09-09 18:47:03,476 : INFO : EventManager : Event: ======'unexpected_ball_on_playfield'====== Args={}
2026-09-09 18:47:03,477 : INFO : EventManager : Event: ======'s_64_varitarget_position_1_active'====== Args={}
2026-09-09 18:47:03,477 : INFO : EventManager : Event: ======'sw_vari'====== Args={}
2026-09-09 18:47:03,477 : INFO : EventManager : Event: ======'machine_var_audits_switches_s_64_varitarget_position_1'====== Args={'value': 13593, 'prev_value': 13592, 'change': 1}
2026-09-09 18:47:03,477 : INFO : EventManager : Event: ======'glasses_pending_position_1'====== Args={'priority': 0}
2026-09-09 18:47:03,477 : INFO : EventManager : Event: ======'machine_var_audits_shots_varitarget_p1'====== Args={'value': 13570, 'prev_value': 13569, 'change': 1}
2026-09-09 18:47:03,478 : INFO : EventManager : Event: ======'varitarget_p1_hit'====== Args={'profile': 'default', 'state': 'lit', 'advancing': False}
2026-09-09 18:47:03,478 : INFO : EventManager : Event: ======'varitarget_p1_default_hit'====== Args={'profile': 'default', 'state': 'lit', 'advancing': False}
2026-09-09 18:47:03,478 : INFO : EventManager : Event: ======'varitarget_p1_default_lit_hit'====== Args={'profile': 'default', 'state': 'lit', 'advancing': False}
2026-09-09 18:47:03,478 : INFO : EventManager : Event: ======'varitarget_p1_lit_hit'====== Args={'profile': 'default', 'state': 'lit', 'advancing': False}
2026-09-09 18:47:03,478 : INFO : EventManager : Event: ======'varitarget_position_changed'====== Args={'priority': 0}
2026-09-09 18:47:03,478 : INFO : EventManager : Event: ======'varitarget_reset_stop'====== Args={'priority': 0}
2026-09-09 18:47:03,478 : INFO : EventManager : Event: ======'varitarget_reset_complete'====== Args={'priority': 0}
2026-09-09 18:47:03,478 : INFO : EventManager : Event: ======'glasses_position_confirm_restart'====== Args={'priority': 0}
2026-09-09 18:47:03,479 : INFO : EventManager : Event: ======'timer_glasses_position_confirm_tick'====== Args={'ticks': 0, 'ticks_remaining': 1}
2026-09-09 18:47:03,479 : INFO : EventManager : Event: ======'varitarget_positions_hit'====== Args={'shot': 'varitarget_p1'}
2026-09-09 18:47:03,479 : INFO : EventManager : Event: ======'varitarget_positions_lit_hit'====== Args={'shot': 'varitarget_p1'}
2026-09-09 18:47:03,479 : INFO : EventManager : Event: ======'varitarget_update_stable'====== Args={'priority': 0}
2026-09-09 18:47:03,479 : INFO : Timer.varitarget_reset_timer : Stopping Timer
2026-09-09 18:47:03,479 : INFO : EventManager : Event: ======'timer_varitarget_reset_timer_stopped'====== Args={'ticks': 1, 'ticks_remaining': 999998}
2026-09-09 18:47:03,479 : INFO : EventManager : Event: ======'player_score'====== Args={'value': 3279956, 'prev_value': 3279914, 'change': 42, 'player_num': 1, 'source': 'base'}
2026-09-09 18:47:03,480 : INFO : SwitchController : <<<<<<< 's_64_varitarget_position_1' inactive >>>>>>>
2026-09-09 18:47:03,492 : INFO : SwitchController : <<<<<<< 's_64_varitarget_position_1' active >>>>>>>
2026-09-09 18:47:03,492 : INFO : EventManager : Event: ======'playfield_active'====== Args={'source': 'varitarget_p1'}
2026-09-09 18:47:03,492 : INFO : EventManager : Event: ======'unexpected_ball_on_playfield'====== Args={}
2026-09-09 18:47:03,492 : INFO : EventManager : Event: ======'s_64_varitarget_position_1_active'====== Args={}
2026-09-09 18:47:03,493 : INFO : EventManager : Event: ======'sw_vari'====== Args={}
2026-09-09 18:47:03,493 : INFO : EventManager : Event: ======'machine_var_audits_switches_s_64_varitarget_position_1'====== Args={'value': 13594, 'prev_value': 13593, 'change': 1}
2026-09-09 18:47:03,493 : INFO : SwitchController : <<<<<<< 's_64_varitarget_position_1' inactive >>>>>>>
2026-09-09 18:47:03,493 : INFO : EventManager : Event: ======'glasses_pending_position_1'====== Args={'priority': 0}
2026-09-09 18:47:03,493 : INFO : EventManager : Event: ======'machine_var_audits_shots_varitarget_p1'====== Args={'value': 13571, 'prev_value': 13570, 'change': 1}
2026-09-09 18:47:03,493 : INFO : EventManager : Event: ======'varitarget_p1_hit'====== Args={'profile': 'default', 'state': 'lit', 'advancing': False}
2026-09-09 18:47:03,493 : INFO : EventManager : Event: ======'varitarget_p1_default_hit'====== Args={'profile': 'default', 'state': 'lit', 'advancing': False}
2026-09-09 18:47:03,493 : INFO : EventManager : Event: ======'varitarget_p1_default_lit_hit'====== Args={'profile': 'default', 'state': 'lit', 'advancing': False}
2026-09-09 18:47:03,494 : INFO : EventManager : Event: ======'varitarget_p1_lit_hit'====== Args={'profile': 'default', 'state': 'lit', 'advancing': False}
2026-09-09 18:47:03,494 : INFO : EventManager : Event: ======'varitarget_position_changed'====== Args={'priority': 0}
2026-09-09 18:47:03,494 : INFO : EventManager : Event: ======'varitarget_reset_stop'====== Args={'priority': 0}
2026-09-09 18:47:03,494 : INFO : EventManager : Event: ======'varitarget_reset_complete'====== Args={'priority': 0}
2026-09-09 18:47:03,494 : INFO : EventManager : Event: ======'glasses_position_confirm_restart'====== Args={'priority': 0}
2026-09-09 18:47:03,494 : INFO : EventManager : Event: ======'timer_glasses_position_confirm_tick'====== Args={'ticks': 0, 'ticks_remaining': 1}
2026-09-09 18:47:03,494 : INFO : EventManager : Event: ======'varitarget_positions_hit'====== Args={'shot': 'varitarget_p1'}
2026-09-09 18:47:03,494 : INFO : EventManager : Event: ======'varitarget_positions_lit_hit'====== Args={'shot': 'varitarget_p1'}
2026-09-09 18:47:03,494 : INFO : EventManager : Event: ======'varitarget_update_stable'====== Args={'priority': 0}
2026-09-09 18:47:03,494 : INFO : Timer.varitarget_reset_timer : Stopping Timer
2026-09-09 18:47:03,494 : INFO : EventManager : Event: ======'timer_varitarget_reset_timer_stopped'====== Args={'ticks': 1, 'ticks_remaining': 999998}
2026-09-09 18:47:03,494 : INFO : EventManager : Event: ======'player_score'====== Args={'value': 3279998, 'prev_value': 3279956, 'change': 42, 'player_num': 1, 'source': 'base'}
2026-09-09 18:47:03,523 : INFO : EventManager : Event: ======'player_super_pops_super_pops_mult_timer_tick'====== Args={'value': 8, 'prev_value': 9, 'change': -1, 'player_num': 1}
2026-09-09 18:47:03,523 : INFO : EventManager : Event: ======'timer_super_pops_mult_timer_tick'====== Args={'ticks': 8, 'ticks_remaining': 8}
2026-09-09 18:47:03,810 : INFO : SwitchController : <<<<<<< 's_08_left_flipper' active >>>>>>>
2026-09-09 18:47:03,810 : INFO : EventManager : Event: ======'s_08_left_flipper_active'====== Args={}
2026-09-09 18:47:03,810 : INFO : EventManager : Event: ======'machine_var_audits_switches_s_08_left_flipper'====== Args={'value': 6241, 'prev_value': 6240, 'change': 1}
2026-09-09 18:47:03,811 : INFO : EventManager : Event: ======'player_bonus_count'====== Args={'value': 3, 'prev_value': 2, 'change': 1, 'player_num': 1, 'source': 'base'}
2026-09-09 18:47:03,838 : INFO : SwitchController : <<<<<<< 's_64_varitarget_position_1' active >>>>>>>
2026-09-09 18:47:03,838 : INFO : EventManager : Event: ======'playfield_active'====== Args={'source': 'varitarget_p1'}
2026-09-09 18:47:03,838 : INFO : EventManager : Event: ======'unexpected_ball_on_playfield'====== Args={}
2026-09-09 18:47:03,838 : INFO : EventManager : Event: ======'s_64_varitarget_position_1_active'====== Args={}
2026-09-09 18:47:03,838 : INFO : EventManager : Event: ======'sw_vari'====== Args={}
2026-09-09 18:47:03,838 : INFO : EventManager : Event: ======'machine_var_audits_switches_s_64_varitarget_position_1'====== Args={'value': 13595, 'prev_value': 13594, 'change': 1}
2026-09-09 18:47:03,839 : INFO : SwitchController : <<<<<<< 's_64_varitarget_position_1' inactive >>>>>>>
2026-09-09 18:47:03,839 : INFO : EventManager : Event: ======'glasses_pending_position_1'====== Args={'priority': 0}
2026-09-09 18:47:03,840 : INFO : EventManager : Event: ======'machine_var_audits_shots_varitarget_p1'====== Args={'value': 13572, 'prev_value': 13571, 'change': 1}
2026-09-09 18:47:03,840 : INFO : EventManager : Event: ======'varitarget_p1_hit'====== Args={'profile': 'default', 'state': 'lit', 'advancing': False}
2026-09-09 18:47:03,840 : INFO : EventManager : Event: ======'varitarget_p1_default_hit'====== Args={'profile': 'default', 'state': 'lit', 'advancing': False}
2026-09-09 18:47:03,840 : INFO : EventManager : Event: ======'varitarget_p1_default_lit_hit'====== Args={'profile': 'default', 'state': 'lit', 'advancing': False}
2026-09-09 18:47:03,840 : INFO : EventManager : Event: ======'varitarget_p1_lit_hit'====== Args={'profile': 'default', 'state': 'lit', 'advancing': False}
2026-09-09 18:47:03,840 : INFO : EventManager : Event: ======'varitarget_position_changed'====== Args={'priority': 0}
2026-09-09 18:47:03,840 : INFO : EventManager : Event: ======'varitarget_reset_stop'====== Args={'priority': 0}
2026-09-09 18:47:03,840 : INFO : EventManager : Event: ======'varitarget_reset_complete'====== Args={'priority': 0}
2026-09-09 18:47:03,840 : INFO : EventManager : Event: ======'glasses_position_confirm_restart'====== Args={'priority': 0}
2026-09-09 18:47:03,841 : INFO : EventManager : Event: ======'timer_glasses_position_confirm_tick'====== Args={'ticks': 0, 'ticks_remaining': 1}
2026-09-09 18:47:03,841 : INFO : EventManager : Event: ======'varitarget_positions_hit'====== Args={'shot': 'varitarget_p1'}
2026-09-09 18:47:03,841 : INFO : EventManager : Event: ======'varitarget_positions_lit_hit'====== Args={'shot': 'varitarget_p1'}
2026-09-09 18:47:03,841 : INFO : EventManager : Event: ======'varitarget_update_stable'====== Args={'priority': 0}
2026-09-09 18:47:03,841 : INFO : Timer.varitarget_reset_timer : Stopping Timer
2026-09-09 18:47:03,841 : INFO : EventManager : Event: ======'timer_varitarget_reset_timer_stopped'====== Args={'ticks': 1, 'ticks_remaining': 999998}
2026-09-09 18:47:03,841 : INFO : EventManager : Event: ======'player_score'====== Args={'value': 3280040, 'prev_value': 3279998, 'change': 42, 'player_num': 1, 'source': 'base'}
2026-09-09 18:47:03,869 : INFO : SwitchController : <<<<<<< 's_64_varitarget_position_1' active >>>>>>>
2026-09-09 18:47:03,869 : INFO : EventManager : Event: ======'playfield_active'====== Args={'source': 'varitarget_p1'}
2026-09-09 18:47:03,869 : INFO : EventManager : Event: ======'unexpected_ball_on_playfield'====== Args={}
2026-09-09 18:47:03,869 : INFO : EventManager : Event: ======'s_64_varitarget_position_1_active'====== Args={}
2026-09-09 18:47:03,869 : INFO : EventManager : Event: ======'sw_vari'====== Args={}
2026-09-09 18:47:03,869 : INFO : EventManager : Event: ======'machine_var_audits_switches_s_64_varitarget_position_1'====== Args={'value': 13596, 'prev_value': 13595, 'change': 1}
2026-09-09 18:47:03,870 : INFO : EventManager : Event: ======'glasses_pending_position_1'====== Args={'priority': 0}
2026-09-09 18:47:03,870 : INFO : EventManager : Event: ======'machine_var_audits_shots_varitarget_p1'====== Args={'value': 13573, 'prev_value': 13572, 'change': 1}
2026-09-09 18:47:03,870 : INFO : EventManager : Event: ======'varitarget_p1_hit'====== Args={'profile': 'default', 'state': 'lit', 'advancing': False}
2026-09-09 18:47:03,870 : INFO : EventManager : Event: ======'varitarget_p1_default_hit'====== Args={'profile': 'default', 'state': 'lit', 'advancing': False}
2026-09-09 18:47:03,870 : INFO : EventManager : Event: ======'varitarget_p1_default_lit_hit'====== Args={'profile': 'default', 'state': 'lit', 'advancing': False}
2026-09-09 18:47:03,870 : INFO : EventManager : Event: ======'varitarget_p1_lit_hit'====== Args={'profile': 'default', 'state': 'lit', 'advancing': False}
2026-09-09 18:47:03,870 : INFO : EventManager : Event: ======'varitarget_position_changed'====== Args={'priority': 0}
2026-09-09 18:47:03,870 : INFO : EventManager : Event: ======'varitarget_reset_stop'====== Args={'priority': 0}
2026-09-09 18:47:03,871 : INFO : EventManager : Event: ======'varitarget_reset_complete'====== Args={'priority': 0}
2026-09-09 18:47:03,871 : INFO : EventManager : Event: ======'glasses_position_confirm_restart'====== Args={'priority': 0}
2026-09-09 18:47:03,871 : INFO : EventManager : Event: ======'timer_glasses_position_confirm_tick'====== Args={'ticks': 0, 'ticks_remaining': 1}
2026-09-09 18:47:03,871 : INFO : EventManager : Event: ======'varitarget_positions_hit'====== Args={'shot': 'varitarget_p1'}
2026-09-09 18:47:03,871 : INFO : EventManager : Event: ======'varitarget_positions_lit_hit'====== Args={'shot': 'varitarget_p1'}
2026-09-09 18:47:03,871 : INFO : EventManager : Event: ======'varitarget_update_stable'====== Args={'priority': 0}
2026-09-09 18:47:03,871 : INFO : Timer.varitarget_reset_timer : Stopping Timer
2026-09-09 18:47:03,871 : INFO : EventManager : Event: ======'timer_varitarget_reset_timer_stopped'====== Args={'ticks': 1, 'ticks_remaining': 999998}
2026-09-09 18:47:03,871 : INFO : EventManager : Event: ======'player_score'====== Args={'value': 3280082, 'prev_value': 3280040, 'change': 42, 'player_num': 1, 'source': 'base'}
2026-09-09 18:47:03,965 : INFO : SwitchController : <<<<<<< 's_34_right_sling' active >>>>>>>
2026-09-09 18:47:03,965 : INFO : EventManager : Event: ======'playfield_active'====== Args={'source': 'shot_slingshot_r'}
2026-09-09 18:47:03,966 : INFO : EventManager : Event: ======'unexpected_ball_on_playfield'====== Args={}
2026-09-09 18:47:03,966 : INFO : EventManager : Event: ======'s_34_right_sling_active'====== Args={}
2026-09-09 18:47:03,966 : INFO : EventManager : Event: ======'sw_slingshot'====== Args={}
2026-09-09 18:47:03,966 : INFO : EventManager : Event: ======'playfield_active'====== Args={'source': 'ac_sling_right'}
2026-09-09 18:47:03,966 : INFO : EventManager : Event: ======'unexpected_ball_on_playfield'====== Args={}
2026-09-09 18:47:03,966 : INFO : EventManager : Event: ======'machine_var_audits_switches_s_34_right_sling'====== Args={'value': 726, 'prev_value': 725, 'change': 1}
2026-09-09 18:47:03,967 : INFO : EventManager : Event: ======'awareness_add_1'====== Args={'priority': 0}
2026-09-09 18:47:03,967 : INFO : EventManager : Event: ======'machine_var_audits_shots_shot_slingshot_r'====== Args={'value': 725, 'prev_value': 724, 'change': 1}
2026-09-09 18:47:03,967 : INFO : EventManager : Event: ======'shot_slingshot_r_hit'====== Args={'profile': 'default', 'state': 'lit', 'advancing': False}
2026-09-09 18:47:03,967 : INFO : EventManager : Event: ======'shot_slingshot_r_default_hit'====== Args={'profile': 'default', 'state': 'lit', 'advancing': False}
2026-09-09 18:47:03,967 : INFO : EventManager : Event: ======'shot_slingshot_r_default_lit_hit'====== Args={'profile': 'default', 'state': 'lit', 'advancing': False}
2026-09-09 18:47:03,967 : INFO : EventManager : Event: ======'shot_slingshot_r_lit_hit'====== Args={'profile': 'default', 'state': 'lit', 'advancing': False}
2026-09-09 18:47:03,967 : INFO : EventManager : Event: ======'player_awareness'====== Args={'value': 76, 'prev_value': 75, 'change': 1, 'player_num': 1, 'source': 'awareness'}
2026-09-09 18:47:03,968 : INFO : EventManager : Event: ======'player_awareness_percent'====== Args={'value': 43, 'prev_value': 42, 'change': 1, 'player_num': 1, 'source': 'awareness'}
2026-09-09 18:47:03,968 : INFO : EventManager : Event: ======'player_score'====== Args={'value': 3280124, 'prev_value': 3280082, 'change': 42, 'player_num': 1, 'source': 'base'}
2026-09-09 18:47:03,969 : INFO : SwitchController : <<<<<<< 's_34_right_sling' inactive >>>>>>>
2026-09-09 18:47:03,998 : INFO : SwitchController : <<<<<<< 's_64_varitarget_position_1' inactive >>>>>>>
2026-09-09 18:47:04,077 : INFO : SwitchController : <<<<<<< 's_42_stand_up_target_1' active >>>>>>>
2026-09-09 18:47:04,078 : INFO : EventManager : Event: ======'playfield_active'====== Args={'source': 'shot_impossible'}
2026-09-09 18:47:04,078 : INFO : EventManager : Event: ======'unexpected_ball_on_playfield'====== Args={}
2026-09-09 18:47:04,078 : INFO : EventManager : Event: ======'s_42_stand_up_target_1_active'====== Args={}
2026-09-09 18:47:04,078 : INFO : EventManager : Event: ======'sw_playfield_active'====== Args={}
2026-09-09 18:47:04,078 : INFO : EventManager : Event: ======'sw_standups'====== Args={}
2026-09-09 18:47:04,078 : INFO : EventManager : Event: ======'machine_var_audits_switches_s_42_stand_up_target_1'====== Args={'value': 196, 'prev_value': 195, 'change': 1}
2026-09-09 18:47:04,078 : INFO : SwitchController : <<<<<<< 's_42_stand_up_target_1' inactive >>>>>>>
2026-09-09 18:47:04,079 : INFO : EventManager : Event: ======'stars_t42_on'====== Args={'priority': 0}
2026-09-09 18:47:04,079 : INFO : EventManager : Event: ======'awareness_add_4'====== Args={'priority': 0}
2026-09-09 18:47:04,079 : INFO : EventManager : Event: ======'player_shot_shot_impossible'====== Args={'value': 1, 'prev_value': 0, 'change': 1, 'player_num': 1}
2026-09-09 18:47:04,079 : INFO : EventManager : Event: ======'machine_var_audits_shots_shot_impossible'====== Args={'value': 196, 'prev_value': 195, 'change': 1}
2026-09-09 18:47:04,079 : INFO : EventManager : Event: ======'shot_impossible_hit'====== Args={'profile': 'default', 'state': 'unlit', 'advancing': True}
2026-09-09 18:47:04,080 : INFO : EventManager : Event: ======'shot_impossible_default_hit'====== Args={'profile': 'default', 'state': 'unlit', 'advancing': True}
2026-09-09 18:47:04,080 : INFO : EventManager : Event: ======'shot_impossible_default_unlit_hit'====== Args={'profile': 'default', 'state': 'unlit', 'advancing': True}
2026-09-09 18:47:04,080 : INFO : EventManager : Event: ======'shot_impossible_unlit_hit'====== Args={'profile': 'default', 'state': 'unlit', 'advancing': True}
2026-09-09 18:47:04,080 : INFO : EventManager : Event: ======'stars_count_updated'====== Args={'priority': 0}
2026-09-09 18:47:04,080 : INFO : EventManager : Event: ======'stars_monitor_t42_on'====== Args={'priority': 0}
2026-09-09 18:47:04,080 : INFO : EventManager : Event: ======'player_stars_t42'====== Args={'value': 1, 'prev_value': 0, 'change': 1, 'player_num': 1, 'source': 'stars_mode'}
2026-09-09 18:47:04,080 : INFO : EventManager : Event: ======'player_stars_targets_lit_count'====== Args={'value': 2, 'prev_value': 1, 'change': 1, 'player_num': 1, 'source': 'stars_mode'}
2026-09-09 18:47:04,080 : INFO : EventManager : Event: ======'player_awareness'====== Args={'value': 80, 'prev_value': 76, 'change': 4, 'player_num': 1, 'source': 'awareness'}
2026-09-09 18:47:04,081 : INFO : EventManager : Event: ======'player_awareness_percent'====== Args={'value': 45, 'prev_value': 43, 'change': 2, 'player_num': 1, 'source': 'awareness'}
2026-09-09 18:47:04,081 : INFO : EventManager : Event: ======'playfield_active'====== Args={'source': None}
2026-09-09 18:47:04,081 : INFO : EventManager : Event: ======'unexpected_ball_on_playfield'====== Args={}
2026-09-09 18:47:04,081 : INFO : EventManager : Event: ======'player_score'====== Args={'value': 3280166, 'prev_value': 3280124, 'change': 42, 'player_num': 1, 'source': 'base'}
2026-09-09 18:47:04,093 : INFO : SwitchController : <<<<<<< 's_64_varitarget_position_1' active >>>>>>>
2026-09-09 18:47:04,093 : INFO : EventManager : Event: ======'playfield_active'====== Args={'source': 'varitarget_p1'}
2026-09-09 18:47:04,093 : INFO : EventManager : Event: ======'unexpected_ball_on_playfield'====== Args={}
2026-09-09 18:47:04,093 : INFO : EventManager : Event: ======'s_64_varitarget_position_1_active'====== Args={}
2026-09-09 18:47:04,093 : INFO : EventManager : Event: ======'sw_vari'====== Args={}
2026-09-09 18:47:04,094 : INFO : EventManager : Event: ======'machine_var_audits_switches_s_64_varitarget_position_1'====== Args={'value': 13597, 'prev_value': 13596, 'change': 1}
2026-09-09 18:47:04,094 : INFO : SwitchController : <<<<<<< 's_64_varitarget_position_1' inactive >>>>>>>
2026-09-09 18:47:04,094 : INFO : EventManager : Event: ======'glasses_pending_position_1'====== Args={'priority': 0}
2026-09-09 18:47:04,094 : INFO : EventManager : Event: ======'machine_var_audits_shots_varitarget_p1'====== Args={'value': 13574, 'prev_value': 13573, 'change': 1}
2026-09-09 18:47:04,094 : INFO : EventManager : Event: ======'varitarget_p1_hit'====== Args={'profile': 'default', 'state': 'lit', 'advancing': False}
2026-09-09 18:47:04,094 : INFO : EventManager : Event: ======'varitarget_p1_default_hit'====== Args={'profile': 'default', 'state': 'lit', 'advancing': False}
2026-09-09 18:47:04,094 : INFO : EventManager : Event: ======'varitarget_p1_default_lit_hit'====== Args={'profile': 'default', 'state': 'lit', 'advancing': False}
2026-09-09 18:47:04,094 : INFO : EventManager : Event: ======'varitarget_p1_lit_hit'====== Args={'profile': 'default', 'state': 'lit', 'advancing': False}
2026-09-09 18:47:04,095 : INFO : EventManager : Event: ======'varitarget_position_changed'====== Args={'priority': 0}
2026-09-09 18:47:04,095 : INFO : EventManager : Event: ======'varitarget_reset_stop'====== Args={'priority': 0}
2026-09-09 18:47:04,095 : INFO : EventManager : Event: ======'varitarget_reset_complete'====== Args={'priority': 0}
2026-09-09 18:47:04,095 : INFO : EventManager : Event: ======'glasses_position_confirm_restart'====== Args={'priority': 0}
2026-09-09 18:47:04,095 : INFO : EventManager : Event: ======'timer_glasses_position_confirm_tick'====== Args={'ticks': 0, 'ticks_remaining': 1}
2026-09-09 18:47:04,095 : INFO : EventManager : Event: ======'varitarget_positions_hit'====== Args={'shot': 'varitarget_p1'}
2026-09-09 18:47:04,095 : INFO : EventManager : Event: ======'varitarget_positions_lit_hit'====== Args={'shot': 'varitarget_p1'}
2026-09-09 18:47:04,095 : INFO : EventManager : Event: ======'varitarget_update_stable'====== Args={'priority': 0}
2026-09-09 18:47:04,095 : INFO : Timer.varitarget_reset_timer : Stopping Timer
2026-09-09 18:47:04,095 : INFO : EventManager : Event: ======'timer_varitarget_reset_timer_stopped'====== Args={'ticks': 1, 'ticks_remaining': 999998}
2026-09-09 18:47:04,095 : INFO : EventManager : Event: ======'player_score'====== Args={'value': 3280208, 'prev_value': 3280166, 'change': 42, 'player_num': 1, 'source': 'base'}
2026-09-09 18:47:04,155 : INFO : SwitchController : <<<<<<< 's_08_left_flipper' inactive >>>>>>>
2026-09-09 18:47:04,521 : INFO : EventManager : Event: ======'player_super_pops_super_pops_mult_timer_tick'====== Args={'value': 7, 'prev_value': 8, 'change': -1, 'player_num': 1}
2026-09-09 18:47:04,521 : INFO : EventManager : Event: ======'timer_super_pops_mult_timer_tick'====== Args={'ticks': 7, 'ticks_remaining': 7}
2026-09-09 18:47:05,085 : INFO : EventManager : Event: ======'widget_AwardPopup_removed'====== Args={'_from_bcp': True}
2026-09-09 18:47:05,108 : INFO : EventManager : Event: ======'player_glasses_mode_glasses_position_confirm_tick'====== Args={'value': 1, 'prev_value': 0, 'change': 1, 'player_num': 1}
2026-09-09 18:47:05,108 : INFO : Timer.glasses_position_confirm : Timer Complete
2026-09-09 18:47:05,108 : INFO : Timer.glasses_position_confirm : Stopping Timer
2026-09-09 18:47:05,108 : INFO : EventManager : Event: ======'timer_glasses_position_confirm_stopped'====== Args={'ticks': 1, 'ticks_remaining': 1}
2026-09-09 18:47:05,108 : INFO : EventManager : Event: ======'timer_glasses_position_confirm_complete'====== Args={'ticks': 1, 'ticks_remaining': 1}
2026-09-09 18:47:05,108 : INFO : EventManager : Event: ======'varitarget_position_1_confirmed'====== Args={'priority': 0}
2026-09-09 18:47:05,109 : INFO : EventManager : Event: ======'glasses_enter_state_1'====== Args={'priority': 0}
2026-09-09 18:47:05,109 : INFO : EventManager : Event: ======'glasses_stop_all_shows'====== Args={'priority': 0}
2026-09-09 18:47:05,109 : INFO : EventManager : Event: ======'glasses_state_timer_stop'====== Args={'priority': 0}
2026-09-09 18:47:05,109 : INFO : EventManager : Event: ======'glasses_home_pulse_timer_stop'====== Args={'priority': 0}
2026-09-09 18:47:05,109 : INFO : EventManager : Event: ======'glasses_homing_cancel'====== Args={'priority': 0}
2026-09-09 18:47:05,109 : INFO : Timer.glasses_state_timer : Stopping Timer
2026-09-09 18:47:05,109 : INFO : EventManager : Event: ======'timer_glasses_state_timer_stopped'====== Args={'ticks': 0, 'ticks_remaining': 1}
2026-09-09 18:47:05,109 : INFO : Timer.glasses_home_pulse_timer : Stopping Timer
2026-09-09 18:47:05,109 : INFO : EventManager : Event: ======'timer_glasses_home_pulse_timer_stopped'====== Args={'ticks': 0, 'ticks_remaining': 1}
2026-09-09 18:47:05,251 : INFO : SwitchController : <<<<<<< 's_16_right_flipper' active >>>>>>>
2026-09-09 18:47:05,251 : INFO : EventManager : Event: ======'s_16_right_flipper_active'====== Args={}
2026-09-09 18:47:05,251 : INFO : EventManager : Event: ======'machine_var_audits_switches_s_16_right_flipper'====== Args={'value': 10597, 'prev_value': 10596, 'change': 1}
2026-09-09 18:47:05,252 : INFO : EventManager : Event: ======'player_bonus_count'====== Args={'value': 4, 'prev_value': 3, 'change': 1, 'player_num': 1, 'source': 'base'}
2026-09-09 18:47:05,282 : INFO : SwitchController : <<<<<<< 's_17_right_flipper_upper' active >>>>>>>
2026-09-09 18:47:05,282 : INFO : EventManager : Event: ======'machine_var_audits_switches_s_17_right_flipper_upper'====== Args={'value': 7696, 'prev_value': 7695, 'change': 1}
2026-09-09 18:47:05,283 : INFO : SwitchController : <<<<<<< 's_64_varitarget_position_1' active >>>>>>>
2026-09-09 18:47:05,283 : INFO : EventManager : Event: ======'playfield_active'====== Args={'source': 'varitarget_p1'}
2026-09-09 18:47:05,283 : INFO : EventManager : Event: ======'unexpected_ball_on_playfield'====== Args={}
2026-09-09 18:47:05,283 : INFO : EventManager : Event: ======'s_64_varitarget_position_1_active'====== Args={}
2026-09-09 18:47:05,283 : INFO : EventManager : Event: ======'sw_vari'====== Args={}
2026-09-09 18:47:05,283 : INFO : EventManager : Event: ======'machine_var_audits_switches_s_64_varitarget_position_1'====== Args={'value': 13598, 'prev_value': 13597, 'change': 1}
2026-09-09 18:47:05,284 : INFO : EventManager : Event: ======'glasses_pending_position_1'====== Args={'priority': 0}
2026-09-09 18:47:05,284 : INFO : EventManager : Event: ======'machine_var_audits_shots_varitarget_p1'====== Args={'value': 13575, 'prev_value': 13574, 'change': 1}
2026-09-09 18:47:05,284 : INFO : EventManager : Event: ======'varitarget_p1_hit'====== Args={'profile': 'default', 'state': 'lit', 'advancing': False}
2026-09-09 18:47:05,284 : INFO : EventManager : Event: ======'varitarget_p1_default_hit'====== Args={'profile': 'default', 'state': 'lit', 'advancing': False}
2026-09-09 18:47:05,284 : INFO : EventManager : Event: ======'varitarget_p1_default_lit_hit'====== Args={'profile': 'default', 'state': 'lit', 'advancing': False}
2026-09-09 18:47:05,284 : INFO : EventManager : Event: ======'varitarget_p1_lit_hit'====== Args={'profile': 'default', 'state': 'lit', 'advancing': False}
2026-09-09 18:47:05,284 : INFO : EventManager : Event: ======'varitarget_position_changed'====== Args={'priority': 0}
2026-09-09 18:47:05,284 : INFO : EventManager : Event: ======'varitarget_reset_stop'====== Args={'priority': 0}
2026-09-09 18:47:05,284 : INFO : EventManager : Event: ======'varitarget_reset_complete'====== Args={'priority': 0}
2026-09-09 18:47:05,284 : INFO : EventManager : Event: ======'glasses_position_confirm_restart'====== Args={'priority': 0}
2026-09-09 18:47:05,284 : INFO : EventManager : Event: ======'player_glasses_mode_glasses_position_confirm_tick'====== Args={'value': 0, 'prev_value': 1, 'change': -1, 'player_num': 1}
2026-09-09 18:47:05,285 : INFO : Timer.glasses_position_confirm : Starting Timer.
2026-09-09 18:47:05,285 : INFO : EventManager : Event: ======'timer_glasses_position_confirm_started'====== Args={'ticks': 0, 'ticks_remaining': 1}
2026-09-09 18:47:05,285 : INFO : EventManager : Event: ======'timer_glasses_position_confirm_tick'====== Args={'ticks': 0, 'ticks_remaining': 1}
2026-09-09 18:47:05,285 : INFO : EventManager : Event: ======'varitarget_positions_hit'====== Args={'shot': 'varitarget_p1'}
2026-09-09 18:47:05,285 : INFO : EventManager : Event: ======'varitarget_positions_lit_hit'====== Args={'shot': 'varitarget_p1'}
2026-09-09 18:47:05,285 : INFO : EventManager : Event: ======'varitarget_update_stable'====== Args={'priority': 0}
2026-09-09 18:47:05,285 : INFO : Timer.varitarget_reset_timer : Stopping Timer
2026-09-09 18:47:05,285 : INFO : EventManager : Event: ======'timer_varitarget_reset_timer_stopped'====== Args={'ticks': 1, 'ticks_remaining': 999998}
2026-09-09 18:47:05,285 : INFO : EventManager : Event: ======'player_score'====== Args={'value': 3280250, 'prev_value': 3280208, 'change': 42, 'player_num': 1, 'source': 'base'}
2026-09-09 18:47:05,313 : INFO : SwitchController : <<<<<<< 's_64_varitarget_position_1' inactive >>>>>>>
2026-09-09 18:47:05,314 : INFO : SwitchController : <<<<<<< 's_64_varitarget_position_1' active >>>>>>>
2026-09-09 18:47:05,314 : INFO : EventManager : Event: ======'playfield_active'====== Args={'source': 'varitarget_p1'}
2026-09-09 18:47:05,314 : INFO : EventManager : Event: ======'unexpected_ball_on_playfield'====== Args={}
2026-09-09 18:47:05,314 : INFO : EventManager : Event: ======'s_64_varitarget_position_1_active'====== Args={}
2026-09-09 18:47:05,314 : INFO : EventManager : Event: ======'sw_vari'====== Args={}
2026-09-09 18:47:05,314 : INFO : EventManager : Event: ======'machine_var_audits_switches_s_64_varitarget_position_1'====== Args={'value': 13599, 'prev_value': 13598, 'change': 1}
2026-09-09 18:47:05,315 : INFO : EventManager : Event: ======'glasses_pending_position_1'====== Args={'priority': 0}
2026-09-09 18:47:05,315 : INFO : EventManager : Event: ======'machine_var_audits_shots_varitarget_p1'====== Args={'value': 13576, 'prev_value': 13575, 'change': 1}
2026-09-09 18:47:05,315 : INFO : EventManager : Event: ======'varitarget_p1_hit'====== Args={'profile': 'default', 'state': 'lit', 'advancing': False}
2026-09-09 18:47:05,315 : INFO : EventManager : Event: ======'varitarget_p1_default_hit'====== Args={'profile': 'default', 'state': 'lit', 'advancing': False}
2026-09-09 18:47:05,315 : INFO : EventManager : Event: ======'varitarget_p1_default_lit_hit'====== Args={'profile': 'default', 'state': 'lit', 'advancing': False}
2026-09-09 18:47:05,315 : INFO : EventManager : Event: ======'varitarget_p1_lit_hit'====== Args={'profile': 'default', 'state': 'lit', 'advancing': False}
2026-09-09 18:47:05,315 : INFO : EventManager : Event: ======'varitarget_position_changed'====== Args={'priority': 0}
2026-09-09 18:47:05,315 : INFO : EventManager : Event: ======'varitarget_reset_stop'====== Args={'priority': 0}
2026-09-09 18:47:05,315 : INFO : EventManager : Event: ======'varitarget_reset_complete'====== Args={'priority': 0}
2026-09-09 18:47:05,315 : INFO : EventManager : Event: ======'glasses_position_confirm_restart'====== Args={'priority': 0}
2026-09-09 18:47:05,316 : INFO : EventManager : Event: ======'timer_glasses_position_confirm_tick'====== Args={'ticks': 0, 'ticks_remaining': 1}
2026-09-09 18:47:05,316 : INFO : EventManager : Event: ======'varitarget_positions_hit'====== Args={'shot': 'varitarget_p1'}
2026-09-09 18:47:05,316 : INFO : EventManager : Event: ======'varitarget_positions_lit_hit'====== Args={'shot': 'varitarget_p1'}
2026-09-09 18:47:05,316 : INFO : EventManager : Event: ======'varitarget_update_stable'====== Args={'priority': 0}
2026-09-09 18:47:05,316 : INFO : Timer.varitarget_reset_timer : Stopping Timer
2026-09-09 18:47:05,316 : INFO : EventManager : Event: ======'timer_varitarget_reset_timer_stopped'====== Args={'ticks': 1, 'ticks_remaining': 999998}
2026-09-09 18:47:05,316 : INFO : EventManager : Event: ======'player_score'====== Args={'value': 3280292, 'prev_value': 3280250, 'change': 42, 'player_num': 1, 'source': 'base'}
2026-09-09 18:47:05,360 : INFO : SwitchController : <<<<<<< 's_64_varitarget_position_1' inactive >>>>>>>
2026-09-09 18:47:05,424 : INFO : SwitchController : <<<<<<< 's_64_varitarget_position_1' active >>>>>>>
2026-09-09 18:47:05,424 : INFO : EventManager : Event: ======'playfield_active'====== Args={'source': 'varitarget_p1'}
2026-09-09 18:47:05,424 : INFO : EventManager : Event: ======'unexpected_ball_on_playfield'====== Args={}
2026-09-09 18:47:05,424 : INFO : EventManager : Event: ======'s_64_varitarget_position_1_active'====== Args={}
2026-09-09 18:47:05,424 : INFO : EventManager : Event: ======'sw_vari'====== Args={}
2026-09-09 18:47:05,424 : INFO : EventManager : Event: ======'machine_var_audits_switches_s_64_varitarget_position_1'====== Args={'value': 13600, 'prev_value': 13599, 'change': 1}
2026-09-09 18:47:05,425 : INFO : EventManager : Event: ======'glasses_pending_position_1'====== Args={'priority': 0}
2026-09-09 18:47:05,425 : INFO : EventManager : Event: ======'machine_var_audits_shots_varitarget_p1'====== Args={'value': 13577, 'prev_value': 13576, 'change': 1}
2026-09-09 18:47:05,425 : INFO : EventManager : Event: ======'varitarget_p1_hit'====== Args={'profile': 'default', 'state': 'lit', 'advancing': False}
2026-09-09 18:47:05,425 : INFO : EventManager : Event: ======'varitarget_p1_default_hit'====== Args={'profile': 'default', 'state': 'lit', 'advancing': False}
2026-09-09 18:47:05,425 : INFO : EventManager : Event: ======'varitarget_p1_default_lit_hit'====== Args={'profile': 'default', 'state': 'lit', 'advancing': False}
2026-09-09 18:47:05,425 : INFO : EventManager : Event: ======'varitarget_p1_lit_hit'====== Args={'profile': 'default', 'state': 'lit', 'advancing': False}
2026-09-09 18:47:05,425 : INFO : EventManager : Event: ======'varitarget_position_changed'====== Args={'priority': 0}
2026-09-09 18:47:05,425 : INFO : EventManager : Event: ======'varitarget_reset_stop'====== Args={'priority': 0}
2026-09-09 18:47:05,426 : INFO : EventManager : Event: ======'varitarget_reset_complete'====== Args={'priority': 0}
2026-09-09 18:47:05,426 : INFO : EventManager : Event: ======'glasses_position_confirm_restart'====== Args={'priority': 0}
2026-09-09 18:47:05,426 : INFO : EventManager : Event: ======'timer_glasses_position_confirm_tick'====== Args={'ticks': 0, 'ticks_remaining': 1}
2026-09-09 18:47:05,426 : INFO : EventManager : Event: ======'varitarget_positions_hit'====== Args={'shot': 'varitarget_p1'}
2026-09-09 18:47:05,426 : INFO : EventManager : Event: ======'varitarget_positions_lit_hit'====== Args={'shot': 'varitarget_p1'}
2026-09-09 18:47:05,426 : INFO : EventManager : Event: ======'varitarget_update_stable'====== Args={'priority': 0}
2026-09-09 18:47:05,426 : INFO : Timer.varitarget_reset_timer : Stopping Timer
2026-09-09 18:47:05,426 : INFO : EventManager : Event: ======'timer_varitarget_reset_timer_stopped'====== Args={'ticks': 1, 'ticks_remaining': 999998}
2026-09-09 18:47:05,426 : INFO : EventManager : Event: ======'player_score'====== Args={'value': 3280334, 'prev_value': 3280292, 'change': 42, 'player_num': 1, 'source': 'base'}
2026-09-09 18:47:05,518 : INFO : EventManager : Event: ======'player_super_pops_super_pops_mult_timer_tick'====== Args={'value': 6, 'prev_value': 7, 'change': -1, 'player_num': 1}
2026-09-09 18:47:05,518 : INFO : EventManager : Event: ======'timer_super_pops_mult_timer_tick'====== Args={'ticks': 6, 'ticks_remaining': 6}
2026-09-09 18:47:06,022 : INFO : SwitchController : <<<<<<< 's_17_right_flipper_upper' inactive >>>>>>>
2026-09-09 18:47:06,022 : INFO : SwitchController : <<<<<<< 's_16_right_flipper' inactive >>>>>>>
2026-09-09 18:47:06,210 : INFO : SwitchController : <<<<<<< 's_64_varitarget_position_1' inactive >>>>>>>
2026-09-09 18:47:06,257 : INFO : SwitchController : <<<<<<< 's_64_varitarget_position_1' active >>>>>>>
2026-09-09 18:47:06,257 : INFO : EventManager : Event: ======'playfield_active'====== Args={'source': 'varitarget_p1'}
2026-09-09 18:47:06,257 : INFO : EventManager : Event: ======'unexpected_ball_on_playfield'====== Args={}
2026-09-09 18:47:06,257 : INFO : EventManager : Event: ======'s_64_varitarget_position_1_active'====== Args={}
2026-09-09 18:47:06,257 : INFO : EventManager : Event: ======'sw_vari'====== Args={}
2026-09-09 18:47:06,257 : INFO : EventManager : Event: ======'machine_var_audits_switches_s_64_varitarget_position_1'====== Args={'value': 13601, 'prev_value': 13600, 'change': 1}
2026-09-09 18:47:06,258 : INFO : SwitchController : <<<<<<< 's_64_varitarget_position_1' inactive >>>>>>>
2026-09-09 18:47:06,258 : INFO : EventManager : Event: ======'glasses_pending_position_1'====== Args={'priority': 0}
2026-09-09 18:47:06,259 : INFO : EventManager : Event: ======'machine_var_audits_shots_varitarget_p1'====== Args={'value': 13578, 'prev_value': 13577, 'change': 1}
2026-09-09 18:47:06,259 : INFO : EventManager : Event: ======'varitarget_p1_hit'====== Args={'profile': 'default', 'state': 'lit', 'advancing': False}
2026-09-09 18:47:06,259 : INFO : EventManager : Event: ======'varitarget_p1_default_hit'====== Args={'profile': 'default', 'state': 'lit', 'advancing': False}
2026-09-09 18:47:06,259 : INFO : EventManager : Event: ======'varitarget_p1_default_lit_hit'====== Args={'profile': 'default', 'state': 'lit', 'advancing': False}
2026-09-09 18:47:06,259 : INFO : EventManager : Event: ======'varitarget_p1_lit_hit'====== Args={'profile': 'default', 'state': 'lit', 'advancing': False}
2026-09-09 18:47:06,259 : INFO : EventManager : Event: ======'varitarget_position_changed'====== Args={'priority': 0}
2026-09-09 18:47:06,260 : INFO : EventManager : Event: ======'varitarget_reset_stop'====== Args={'priority': 0}
2026-09-09 18:47:06,260 : INFO : EventManager : Event: ======'varitarget_reset_complete'====== Args={'priority': 0}
2026-09-09 18:47:06,260 : INFO : EventManager : Event: ======'glasses_position_confirm_restart'====== Args={'priority': 0}
2026-09-09 18:47:06,260 : INFO : EventManager : Event: ======'timer_glasses_position_confirm_tick'====== Args={'ticks': 0, 'ticks_remaining': 1}
2026-09-09 18:47:06,260 : INFO : EventManager : Event: ======'varitarget_positions_hit'====== Args={'shot': 'varitarget_p1'}
2026-09-09 18:47:06,260 : INFO : EventManager : Event: ======'varitarget_positions_lit_hit'====== Args={'shot': 'varitarget_p1'}
2026-09-09 18:47:06,260 : INFO : EventManager : Event: ======'varitarget_update_stable'====== Args={'priority': 0}
2026-09-09 18:47:06,260 : INFO : Timer.varitarget_reset_timer : Stopping Timer
2026-09-09 18:47:06,260 : INFO : EventManager : Event: ======'timer_varitarget_reset_timer_stopped'====== Args={'ticks': 1, 'ticks_remaining': 999998}
2026-09-09 18:47:06,260 : INFO : EventManager : Event: ======'player_score'====== Args={'value': 3280376, 'prev_value': 3280334, 'change': 42, 'player_num': 1, 'source': 'base'}
2026-09-09 18:47:06,526 : INFO : EventManager : Event: ======'player_super_pops_super_pops_mult_timer_tick'====== Args={'value': 5, 'prev_value': 6, 'change': -1, 'player_num': 1}
2026-09-09 18:47:06,526 : INFO : EventManager : Event: ======'timer_super_pops_mult_timer_tick'====== Args={'ticks': 5, 'ticks_remaining': 5}
2026-09-09 18:47:06,558 : INFO : SwitchController : <<<<<<< 's_64_varitarget_position_1' active >>>>>>>
2026-09-09 18:47:06,559 : INFO : EventManager : Event: ======'playfield_active'====== Args={'source': 'varitarget_p1'}
2026-09-09 18:47:06,559 : INFO : EventManager : Event: ======'unexpected_ball_on_playfield'====== Args={}
2026-09-09 18:47:06,559 : INFO : EventManager : Event: ======'s_64_varitarget_position_1_active'====== Args={}
2026-09-09 18:47:06,559 : INFO : EventManager : Event: ======'sw_vari'====== Args={}
2026-09-09 18:47:06,559 : INFO : EventManager : Event: ======'machine_var_audits_switches_s_64_varitarget_position_1'====== Args={'value': 13602, 'prev_value': 13601, 'change': 1}
2026-09-09 18:47:06,560 : INFO : EventManager : Event: ======'glasses_pending_position_1'====== Args={'priority': 0}
2026-09-09 18:47:06,560 : INFO : EventManager : Event: ======'machine_var_audits_shots_varitarget_p1'====== Args={'value': 13579, 'prev_value': 13578, 'change': 1}
2026-09-09 18:47:06,560 : INFO : EventManager : Event: ======'varitarget_p1_hit'====== Args={'profile': 'default', 'state': 'lit', 'advancing': False}
2026-09-09 18:47:06,560 : INFO : EventManager : Event: ======'varitarget_p1_default_hit'====== Args={'profile': 'default', 'state': 'lit', 'advancing': False}
2026-09-09 18:47:06,560 : INFO : EventManager : Event: ======'varitarget_p1_default_lit_hit'====== Args={'profile': 'default', 'state': 'lit', 'advancing': False}
2026-09-09 18:47:06,560 : INFO : EventManager : Event: ======'varitarget_p1_lit_hit'====== Args={'profile': 'default', 'state': 'lit', 'advancing': False}
2026-09-09 18:47:06,560 : INFO : EventManager : Event: ======'varitarget_position_changed'====== Args={'priority': 0}
2026-09-09 18:47:06,560 : INFO : EventManager : Event: ======'varitarget_reset_stop'====== Args={'priority': 0}
2026-09-09 18:47:06,560 : INFO : EventManager : Event: ======'varitarget_reset_complete'====== Args={'priority': 0}
2026-09-09 18:47:06,560 : INFO : EventManager : Event: ======'glasses_position_confirm_restart'====== Args={'priority': 0}
2026-09-09 18:47:06,560 : INFO : EventManager : Event: ======'timer_glasses_position_confirm_tick'====== Args={'ticks': 0, 'ticks_remaining': 1}
2026-09-09 18:47:06,560 : INFO : EventManager : Event: ======'varitarget_positions_hit'====== Args={'shot': 'varitarget_p1'}
2026-09-09 18:47:06,561 : INFO : EventManager : Event: ======'varitarget_positions_lit_hit'====== Args={'shot': 'varitarget_p1'}
2026-09-09 18:47:06,561 : INFO : EventManager : Event: ======'varitarget_update_stable'====== Args={'priority': 0}
2026-09-09 18:47:06,561 : INFO : Timer.varitarget_reset_timer : Stopping Timer
2026-09-09 18:47:06,561 : INFO : EventManager : Event: ======'timer_varitarget_reset_timer_stopped'====== Args={'ticks': 1, 'ticks_remaining': 999998}
2026-09-09 18:47:06,561 : INFO : EventManager : Event: ======'player_score'====== Args={'value': 3280418, 'prev_value': 3280376, 'change': 42, 'player_num': 1, 'source': 'base'}
2026-09-09 18:47:06,561 : INFO : SwitchController : <<<<<<< 's_16_right_flipper' active >>>>>>>
2026-09-09 18:47:06,561 : INFO : EventManager : Event: ======'s_16_right_flipper_active'====== Args={}
2026-09-09 18:47:06,562 : INFO : EventManager : Event: ======'machine_var_audits_switches_s_16_right_flipper'====== Args={'value': 10598, 'prev_value': 10597, 'change': 1}
2026-09-09 18:47:06,562 : INFO : SwitchController : <<<<<<< 's_17_right_flipper_upper' active >>>>>>>
2026-09-09 18:47:06,562 : INFO : EventManager : Event: ======'machine_var_audits_switches_s_17_right_flipper_upper'====== Args={'value': 7697, 'prev_value': 7696, 'change': 1}
2026-09-09 18:47:06,562 : INFO : EventManager : Event: ======'player_bonus_count'====== Args={'value': 5, 'prev_value': 4, 'change': 1, 'player_num': 1, 'source': 'base'}
2026-09-09 18:47:06,621 : INFO : SwitchController : <<<<<<< 's_64_varitarget_position_1' inactive >>>>>>>
2026-09-09 18:47:06,827 : INFO : SwitchController : <<<<<<< 's_17_right_flipper_upper' inactive >>>>>>>
2026-09-09 18:47:06,827 : INFO : SwitchController : <<<<<<< 's_16_right_flipper' inactive >>>>>>>
2026-09-09 18:47:06,827 : INFO : SwitchController : <<<<<<< 's_83_stand_up_target_bank_2' active >>>>>>>
2026-09-09 18:47:06,827 : INFO : EventManager : Event: ======'playfield_active'====== Args={'source': 'shot_sut_2'}
2026-09-09 18:47:06,827 : INFO : EventManager : Event: ======'unexpected_ball_on_playfield'====== Args={}
2026-09-09 18:47:06,827 : INFO : EventManager : Event: ======'playfield_active'====== Args={'source': 'shot_sut_blue'}
2026-09-09 18:47:06,827 : INFO : EventManager : Event: ======'unexpected_ball_on_playfield'====== Args={}
2026-09-09 18:47:06,827 : INFO : EventManager : Event: ======'s_83_stand_up_target_bank_2_active'====== Args={}
2026-09-09 18:47:06,827 : INFO : EventManager : Event: ======'sw_playfield_active'====== Args={}
2026-09-09 18:47:06,828 : INFO : EventManager : Event: ======'sw_targets'====== Args={}
2026-09-09 18:47:06,828 : INFO : EventManager : Event: ======'machine_var_audits_switches_s_83_stand_up_target_bank_2'====== Args={'value': 1750, 'prev_value': 1749, 'change': 1}
2026-09-09 18:47:06,828 : INFO : EventManager : Event: ======'awareness_add_4'====== Args={'priority': 0}
2026-09-09 18:47:06,829 : INFO : EventManager : Event: ======'machine_var_audits_shots_shot_sut_2'====== Args={'value': 1750, 'prev_value': 1749, 'change': 1}
2026-09-09 18:47:06,829 : INFO : EventManager : Event: ======'shot_sut_2_hit'====== Args={'profile': 'default', 'state': 'lit', 'advancing': False}
2026-09-09 18:47:06,829 : INFO : EventManager : Event: ======'shot_sut_2_default_hit'====== Args={'profile': 'default', 'state': 'lit', 'advancing': False}
2026-09-09 18:47:06,829 : INFO : EventManager : Event: ======'shot_sut_2_default_lit_hit'====== Args={'profile': 'default', 'state': 'lit', 'advancing': False}
2026-09-09 18:47:06,829 : INFO : EventManager : Event: ======'shot_sut_2_lit_hit'====== Args={'profile': 'default', 'state': 'lit', 'advancing': False}
2026-09-09 18:47:06,829 : INFO : EventManager : Event: ======'machine_var_audits_shots_shot_sut_blue'====== Args={'value': 2304, 'prev_value': 2303, 'change': 1}
2026-09-09 18:47:06,829 : INFO : EventManager : Event: ======'shot_sut_blue_hit'====== Args={'profile': 'default', 'state': 'lit', 'advancing': False}
2026-09-09 18:47:06,830 : INFO : EventManager : Event: ======'shot_sut_blue_default_hit'====== Args={'profile': 'default', 'state': 'lit', 'advancing': False}
2026-09-09 18:47:06,830 : INFO : EventManager : Event: ======'shot_sut_blue_default_lit_hit'====== Args={'profile': 'default', 'state': 'lit', 'advancing': False}
2026-09-09 18:47:06,830 : INFO : EventManager : Event: ======'shot_sut_blue_lit_hit'====== Args={'profile': 'default', 'state': 'lit', 'advancing': False}
2026-09-09 18:47:06,830 : INFO : EventManager : Event: ======'player_awareness'====== Args={'value': 84, 'prev_value': 80, 'change': 4, 'player_num': 1, 'source': 'awareness'}
2026-09-09 18:47:06,830 : INFO : EventManager : Event: ======'player_awareness_percent'====== Args={'value': 48, 'prev_value': 45, 'change': 3, 'player_num': 1, 'source': 'awareness'}
2026-09-09 18:47:06,830 : INFO : EventManager : Event: ======'playfield_active'====== Args={'source': None}
2026-09-09 18:47:06,830 : INFO : EventManager : Event: ======'unexpected_ball_on_playfield'====== Args={}
2026-09-09 18:47:06,830 : INFO : EventManager : Event: ======'player_score'====== Args={'value': 3280460, 'prev_value': 3280418, 'change': 42, 'player_num': 1, 'source': 'base'}
2026-09-09 18:47:06,843 : INFO : SwitchController : <<<<<<< 's_83_stand_up_target_bank_2' inactive >>>>>>>
2026-09-09 18:47:06,874 : INFO : SwitchController : <<<<<<< 's_76_fourbank_drop_4' active >>>>>>>
2026-09-09 18:47:06,874 : INFO : EventManager : Event: ======'playfield_active'====== Args={'source': 'shot_dt_4'}
2026-09-09 18:47:06,874 : INFO : EventManager : Event: ======'unexpected_ball_on_playfield'====== Args={}
2026-09-09 18:47:06,874 : INFO : EventManager : Event: ======'s_76_fourbank_drop_4_active'====== Args={}
2026-09-09 18:47:06,874 : INFO : EventManager : Event: ======'sw_drop_target'====== Args={}
2026-09-09 18:47:06,874 : INFO : EventManager : Event: ======'playfield_active'====== Args={'source': 'dt_4'}
2026-09-09 18:47:06,874 : INFO : EventManager : Event: ======'unexpected_ball_on_playfield'====== Args={}
2026-09-09 18:47:06,875 : INFO : EventManager : Event: ======'drop_target_dt_4_down'====== Args={'device': <drop_target.dt_4>}
2026-09-09 18:47:06,875 : INFO : EventManager : Event: ======'drop_target_bank_dt_bank_1_4_down'====== Args={}
2026-09-09 18:47:06,875 : INFO : EventManager : Event: ======'machine_var_audits_switches_s_76_fourbank_drop_4'====== Args={'value': 453, 'prev_value': 452, 'change': 1}
2026-09-09 18:47:06,875 : INFO : EventManager : Event: ======'alien_first_hit'====== Args={'priority': 0}
2026-09-09 18:47:06,876 : INFO : EventManager : Event: ======'awareness_add_5'====== Args={'priority': 0}
2026-09-09 18:47:06,876 : INFO : EventManager : Event: ======'player_shot_shot_dt_4'====== Args={'value': 1, 'prev_value': 0, 'change': 1, 'player_num': 1}
2026-09-09 18:47:06,876 : INFO : EventManager : Event: ======'machine_var_audits_shots_shot_dt_4'====== Args={'value': 423, 'prev_value': 422, 'change': 1}
2026-09-09 18:47:06,876 : INFO : EventManager : Event: ======'shot_dt_4_hit'====== Args={'profile': 'default', 'state': 'unlit', 'advancing': True}
2026-09-09 18:47:06,876 : INFO : EventManager : Event: ======'shot_dt_4_default_hit'====== Args={'profile': 'default', 'state': 'unlit', 'advancing': True}
2026-09-09 18:47:06,876 : INFO : EventManager : Event: ======'shot_dt_4_default_unlit_hit'====== Args={'profile': 'default', 'state': 'unlit', 'advancing': True}
2026-09-09 18:47:06,876 : INFO : EventManager : Event: ======'shot_dt_4_unlit_hit'====== Args={'profile': 'default', 'state': 'unlit', 'advancing': True}
2026-09-09 18:47:06,876 : INFO : EventManager : Event: ======'shotgun_stop_all'====== Args={'priority': 0}
2026-09-09 18:47:06,876 : INFO : EventManager : Event: ======'shotgun_sequence_reset'====== Args={'priority': 0}
2026-09-09 18:47:06,877 : INFO : EventManager : Event: ======'player_score'====== Args={'value': 3780460, 'prev_value': 3280460, 'change': 500000, 'player_num': 1, 'source': 'shotgun'}
2026-09-09 18:47:06,877 : INFO : EventManager : Event: ======'player_alien_first_achieved'====== Args={'value': 1, 'prev_value': 0, 'change': 1, 'player_num': 1, 'source': 'shotgun'}
2026-09-09 18:47:06,877 : INFO : EventManager : Event: ======'player_shotgun_mode_active'====== Args={'value': 0, 'prev_value': 1, 'change': -1, 'player_num': 1, 'source': 'shotgun'}
2026-09-09 18:47:06,877 : INFO : Timer.top_lane_a_countdown_timer : Stopping Timer
2026-09-09 18:47:06,877 : INFO : EventManager : Event: ======'timer_top_lane_a_countdown_timer_stopped'====== Args={'ticks': 30, 'ticks_remaining': 0}
2026-09-09 18:47:06,877 : INFO : Timer.top_lane_b_countdown_timer : Stopping Timer
2026-09-09 18:47:06,877 : INFO : EventManager : Event: ======'timer_top_lane_b_countdown_timer_stopped'====== Args={'ticks': 30, 'ticks_remaining': 0}
2026-09-09 18:47:06,877 : INFO : Timer.fourbank_reset_check_timer : Stopping Timer
2026-09-09 18:47:06,877 : INFO : EventManager : Event: ======'timer_fourbank_reset_check_timer_stopped'====== Args={'ticks': 1, 'ticks_remaining': 1}
2026-09-09 18:47:06,877 : INFO : Timer.fourbank_reset_retry_timer : Stopping Timer
2026-09-09 18:47:06,878 : INFO : EventManager : Event: ======'timer_fourbank_reset_retry_timer_stopped'====== Args={'ticks': 0, 'ticks_remaining': 0}
2026-09-09 18:47:06,878 : INFO : Timer.threebank_reset_check_timer : Stopping Timer
2026-09-09 18:47:06,878 : INFO : EventManager : Event: ======'timer_threebank_reset_check_timer_stopped'====== Args={'ticks': 0, 'ticks_remaining': 0}
2026-09-09 18:47:06,878 : INFO : Timer.threebank_reset_retry_timer : Stopping Timer
2026-09-09 18:47:06,878 : INFO : EventManager : Event: ======'timer_threebank_reset_retry_timer_stopped'====== Args={'ticks': 0, 'ticks_remaining': 0}
2026-09-09 18:47:06,878 : INFO : EventManager : Event: ======'player_shotgun_lane_a_active'====== Args={'value': 0, 'prev_value': 1, 'change': -1, 'player_num': 1, 'source': 'shotgun'}
2026-09-09 18:47:06,878 : INFO : EventManager : Event: ======'player_shotgun_lane_b_active'====== Args={'value': 0, 'prev_value': 1, 'change': -1, 'player_num': 1, 'source': 'shotgun'}
2026-09-09 18:47:06,878 : INFO : EventManager : Event: ======'player_shotgun_qualified'====== Args={'value': 0, 'prev_value': 1, 'change': -1, 'player_num': 1, 'source': 'shotgun'}
2026-09-09 18:47:06,878 : INFO : EventManager : Event: ======'player_fourbank_reset_confirmed'====== Args={'value': 0, 'prev_value': 1, 'change': -1, 'player_num': 1, 'source': 'shotgun'}
2026-09-09 18:47:06,878 : INFO : EventManager : Event: ======'player_fourbank_reset_attempts'====== Args={'value': 0, 'prev_value': 1, 'change': -1, 'player_num': 1, 'source': 'shotgun'}
2026-09-09 18:47:06,878 : INFO : EventManager : Event: ======'player_awareness'====== Args={'value': 89, 'prev_value': 84, 'change': 5, 'player_num': 1, 'source': 'awareness'}
2026-09-09 18:47:06,879 : INFO : EventManager : Event: ======'player_awareness_percent'====== Args={'value': 50, 'prev_value': 48, 'change': 2, 'player_num': 1, 'source': 'awareness'}
2026-09-09 18:47:06,879 : INFO : EventManager : Event: ======'player_score'====== Args={'value': 3780502, 'prev_value': 3780460, 'change': 42, 'player_num': 1, 'source': 'base'}
2026-09-09 18:47:06,899 : INFO : EventManager : Event: ======'widget_award_popup_widget_active'====== Args={'original_context': 'shotgun', 'original_calling_context': 'alien_first_hit', 'priority': 120.0, 'cmd': 'widgets_play', '_from_bcp': True}
2026-09-09 18:47:07,113 : INFO : SwitchController : <<<<<<< 's_64_varitarget_position_1' active >>>>>>>
2026-09-09 18:47:07,113 : INFO : EventManager : Event: ======'playfield_active'====== Args={'source': 'varitarget_p1'}
2026-09-09 18:47:07,114 : INFO : EventManager : Event: ======'unexpected_ball_on_playfield'====== Args={}
2026-09-09 18:47:07,114 : INFO : EventManager : Event: ======'s_64_varitarget_position_1_active'====== Args={}
2026-09-09 18:47:07,114 : INFO : EventManager : Event: ======'sw_vari'====== Args={}
2026-09-09 18:47:07,114 : INFO : EventManager : Event: ======'machine_var_audits_switches_s_64_varitarget_position_1'====== Args={'value': 13603, 'prev_value': 13602, 'change': 1}
2026-09-09 18:47:07,115 : INFO : EventManager : Event: ======'glasses_pending_position_1'====== Args={'priority': 0}
2026-09-09 18:47:07,115 : INFO : EventManager : Event: ======'machine_var_audits_shots_varitarget_p1'====== Args={'value': 13580, 'prev_value': 13579, 'change': 1}
2026-09-09 18:47:07,115 : INFO : EventManager : Event: ======'varitarget_p1_hit'====== Args={'profile': 'default', 'state': 'lit', 'advancing': False}
2026-09-09 18:47:07,115 : INFO : EventManager : Event: ======'varitarget_p1_default_hit'====== Args={'profile': 'default', 'state': 'lit', 'advancing': False}
2026-09-09 18:47:07,115 : INFO : EventManager : Event: ======'varitarget_p1_default_lit_hit'====== Args={'profile': 'default', 'state': 'lit', 'advancing': False}
2026-09-09 18:47:07,115 : INFO : EventManager : Event: ======'varitarget_p1_lit_hit'====== Args={'profile': 'default', 'state': 'lit', 'advancing': False}
2026-09-09 18:47:07,116 : INFO : EventManager : Event: ======'varitarget_position_changed'====== Args={'priority': 0}
2026-09-09 18:47:07,116 : INFO : EventManager : Event: ======'varitarget_reset_stop'====== Args={'priority': 0}
2026-09-09 18:47:07,116 : INFO : EventManager : Event: ======'varitarget_reset_complete'====== Args={'priority': 0}
2026-09-09 18:47:07,116 : INFO : EventManager : Event: ======'glasses_position_confirm_restart'====== Args={'priority': 0}
2026-09-09 18:47:07,116 : INFO : EventManager : Event: ======'timer_glasses_position_confirm_tick'====== Args={'ticks': 0, 'ticks_remaining': 1}
2026-09-09 18:47:07,116 : INFO : EventManager : Event: ======'varitarget_positions_hit'====== Args={'shot': 'varitarget_p1'}
2026-09-09 18:47:07,116 : INFO : EventManager : Event: ======'varitarget_positions_lit_hit'====== Args={'shot': 'varitarget_p1'}
2026-09-09 18:47:07,116 : INFO : EventManager : Event: ======'varitarget_update_stable'====== Args={'priority': 0}
2026-09-09 18:47:07,116 : INFO : Timer.varitarget_reset_timer : Stopping Timer
2026-09-09 18:47:07,116 : INFO : EventManager : Event: ======'timer_varitarget_reset_timer_stopped'====== Args={'ticks': 1, 'ticks_remaining': 999998}
2026-09-09 18:47:07,116 : INFO : EventManager : Event: ======'player_score'====== Args={'value': 3780544, 'prev_value': 3780502, 'change': 42, 'player_num': 1, 'source': 'base'}
2026-09-09 18:47:07,144 : INFO : SwitchController : <<<<<<< 's_64_varitarget_position_1' inactive >>>>>>>
2026-09-09 18:47:07,160 : INFO : SwitchController : <<<<<<< 's_64_varitarget_position_1' active >>>>>>>
2026-09-09 18:47:07,160 : INFO : EventManager : Event: ======'playfield_active'====== Args={'source': 'varitarget_p1'}
2026-09-09 18:47:07,160 : INFO : EventManager : Event: ======'unexpected_ball_on_playfield'====== Args={}
2026-09-09 18:47:07,160 : INFO : EventManager : Event: ======'s_64_varitarget_position_1_active'====== Args={}
2026-09-09 18:47:07,160 : INFO : EventManager : Event: ======'sw_vari'====== Args={}
2026-09-09 18:47:07,160 : INFO : EventManager : Event: ======'machine_var_audits_switches_s_64_varitarget_position_1'====== Args={'value': 13604, 'prev_value': 13603, 'change': 1}
2026-09-09 18:47:07,160 : INFO : SwitchController : <<<<<<< 's_64_varitarget_position_1' inactive >>>>>>>
2026-09-09 18:47:07,161 : INFO : EventManager : Event: ======'glasses_pending_position_1'====== Args={'priority': 0}
2026-09-09 18:47:07,161 : INFO : EventManager : Event: ======'machine_var_audits_shots_varitarget_p1'====== Args={'value': 13581, 'prev_value': 13580, 'change': 1}
2026-09-09 18:47:07,161 : INFO : EventManager : Event: ======'varitarget_p1_hit'====== Args={'profile': 'default', 'state': 'lit', 'advancing': False}
2026-09-09 18:47:07,161 : INFO : EventManager : Event: ======'varitarget_p1_default_hit'====== Args={'profile': 'default', 'state': 'lit', 'advancing': False}
2026-09-09 18:47:07,161 : INFO : EventManager : Event: ======'varitarget_p1_default_lit_hit'====== Args={'profile': 'default', 'state': 'lit', 'advancing': False}
2026-09-09 18:47:07,161 : INFO : EventManager : Event: ======'varitarget_p1_lit_hit'====== Args={'profile': 'default', 'state': 'lit', 'advancing': False}
2026-09-09 18:47:07,161 : INFO : EventManager : Event: ======'varitarget_position_changed'====== Args={'priority': 0}
2026-09-09 18:47:07,161 : INFO : EventManager : Event: ======'varitarget_reset_stop'====== Args={'priority': 0}
2026-09-09 18:47:07,161 : INFO : EventManager : Event: ======'varitarget_reset_complete'====== Args={'priority': 0}
2026-09-09 18:47:07,161 : INFO : EventManager : Event: ======'glasses_position_confirm_restart'====== Args={'priority': 0}
2026-09-09 18:47:07,162 : INFO : EventManager : Event: ======'timer_glasses_position_confirm_tick'====== Args={'ticks': 0, 'ticks_remaining': 1}
2026-09-09 18:47:07,162 : INFO : EventManager : Event: ======'varitarget_positions_hit'====== Args={'shot': 'varitarget_p1'}
2026-09-09 18:47:07,162 : INFO : EventManager : Event: ======'varitarget_positions_lit_hit'====== Args={'shot': 'varitarget_p1'}
2026-09-09 18:47:07,162 : INFO : EventManager : Event: ======'varitarget_update_stable'====== Args={'priority': 0}
2026-09-09 18:47:07,162 : INFO : Timer.varitarget_reset_timer : Stopping Timer
2026-09-09 18:47:07,162 : INFO : EventManager : Event: ======'timer_varitarget_reset_timer_stopped'====== Args={'ticks': 1, 'ticks_remaining': 999998}
2026-09-09 18:47:07,162 : INFO : EventManager : Event: ======'player_score'====== Args={'value': 3780586, 'prev_value': 3780544, 'change': 42, 'player_num': 1, 'source': 'base'}
2026-09-09 18:47:07,522 : INFO : EventManager : Event: ======'player_super_pops_super_pops_mult_timer_tick'====== Args={'value': 4, 'prev_value': 5, 'change': -1, 'player_num': 1}
2026-09-09 18:47:07,522 : INFO : EventManager : Event: ======'timer_super_pops_mult_timer_tick'====== Args={'ticks': 4, 'ticks_remaining': 4}
2026-09-09 18:47:07,888 : INFO : SwitchController : <<<<<<< 's_16_right_flipper' active >>>>>>>
2026-09-09 18:47:07,888 : INFO : EventManager : Event: ======'s_16_right_flipper_active'====== Args={}
2026-09-09 18:47:07,888 : INFO : EventManager : Event: ======'machine_var_audits_switches_s_16_right_flipper'====== Args={'value': 10599, 'prev_value': 10598, 'change': 1}
2026-09-09 18:47:07,889 : INFO : SwitchController : <<<<<<< 's_17_right_flipper_upper' active >>>>>>>
2026-09-09 18:47:07,889 : INFO : EventManager : Event: ======'machine_var_audits_switches_s_17_right_flipper_upper'====== Args={'value': 7698, 'prev_value': 7697, 'change': 1}
2026-09-09 18:47:07,889 : INFO : EventManager : Event: ======'player_bonus_count'====== Args={'value': 6, 'prev_value': 5, 'change': 1, 'player_num': 1, 'source': 'base'}
2026-09-09 18:47:07,903 : INFO : SwitchController : <<<<<<< 's_64_varitarget_position_1' active >>>>>>>
2026-09-09 18:47:07,903 : INFO : EventManager : Event: ======'playfield_active'====== Args={'source': 'varitarget_p1'}
2026-09-09 18:47:07,903 : INFO : EventManager : Event: ======'unexpected_ball_on_playfield'====== Args={}
2026-09-09 18:47:07,903 : INFO : EventManager : Event: ======'s_64_varitarget_position_1_active'====== Args={}
2026-09-09 18:47:07,903 : INFO : EventManager : Event: ======'sw_vari'====== Args={}
2026-09-09 18:47:07,903 : INFO : EventManager : Event: ======'machine_var_audits_switches_s_64_varitarget_position_1'====== Args={'value': 13605, 'prev_value': 13604, 'change': 1}
2026-09-09 18:47:07,904 : INFO : EventManager : Event: ======'glasses_pending_position_1'====== Args={'priority': 0}
2026-09-09 18:47:07,904 : INFO : EventManager : Event: ======'machine_var_audits_shots_varitarget_p1'====== Args={'value': 13582, 'prev_value': 13581, 'change': 1}
2026-09-09 18:47:07,904 : INFO : EventManager : Event: ======'varitarget_p1_hit'====== Args={'profile': 'default', 'state': 'lit', 'advancing': False}
2026-09-09 18:47:07,904 : INFO : EventManager : Event: ======'varitarget_p1_default_hit'====== Args={'profile': 'default', 'state': 'lit', 'advancing': False}
2026-09-09 18:47:07,905 : INFO : EventManager : Event: ======'varitarget_p1_default_lit_hit'====== Args={'profile': 'default', 'state': 'lit', 'advancing': False}
2026-09-09 18:47:07,905 : INFO : EventManager : Event: ======'varitarget_p1_lit_hit'====== Args={'profile': 'default', 'state': 'lit', 'advancing': False}
2026-09-09 18:47:07,905 : INFO : EventManager : Event: ======'varitarget_position_changed'====== Args={'priority': 0}
2026-09-09 18:47:07,905 : INFO : EventManager : Event: ======'varitarget_reset_stop'====== Args={'priority': 0}
2026-09-09 18:47:07,905 : INFO : EventManager : Event: ======'varitarget_reset_complete'====== Args={'priority': 0}
2026-09-09 18:47:07,905 : INFO : EventManager : Event: ======'glasses_position_confirm_restart'====== Args={'priority': 0}
2026-09-09 18:47:07,905 : INFO : EventManager : Event: ======'timer_glasses_position_confirm_tick'====== Args={'ticks': 0, 'ticks_remaining': 1}
2026-09-09 18:47:07,905 : INFO : EventManager : Event: ======'varitarget_positions_hit'====== Args={'shot': 'varitarget_p1'}
2026-09-09 18:47:07,905 : INFO : EventManager : Event: ======'varitarget_positions_lit_hit'====== Args={'shot': 'varitarget_p1'}
2026-09-09 18:47:07,905 : INFO : EventManager : Event: ======'varitarget_update_stable'====== Args={'priority': 0}
2026-09-09 18:47:07,905 : INFO : Timer.varitarget_reset_timer : Stopping Timer
2026-09-09 18:47:07,905 : INFO : EventManager : Event: ======'timer_varitarget_reset_timer_stopped'====== Args={'ticks': 1, 'ticks_remaining': 999998}
2026-09-09 18:47:07,905 : INFO : EventManager : Event: ======'player_score'====== Args={'value': 3780628, 'prev_value': 3780586, 'change': 42, 'player_num': 1, 'source': 'base'}
2026-09-09 18:47:07,919 : INFO : SwitchController : <<<<<<< 's_64_varitarget_position_1' inactive >>>>>>>
2026-09-09 18:47:08,176 : INFO : SwitchController : <<<<<<< 's_08_left_flipper' active >>>>>>>
2026-09-09 18:47:08,176 : INFO : EventManager : Event: ======'s_08_left_flipper_active'====== Args={}
2026-09-09 18:47:08,176 : INFO : EventManager : Event: ======'flipper_cancel'====== Args={'triggering_group': 1, 'triggering_switch': 's_08_left_flipper'}
2026-09-09 18:47:08,176 : INFO : EventManager : Event: ======'machine_var_audits_switches_s_08_left_flipper'====== Args={'value': 6242, 'prev_value': 6241, 'change': 1}
2026-09-09 18:47:08,177 : INFO : EventManager : Event: ======'player_bonus_count'====== Args={'value': 7, 'prev_value': 6, 'change': 1, 'player_num': 1, 'source': 'base'}
2026-09-09 18:47:08,192 : INFO : SwitchController : <<<<<<< 's_64_varitarget_position_1' active >>>>>>>
2026-09-09 18:47:08,192 : INFO : EventManager : Event: ======'playfield_active'====== Args={'source': 'varitarget_p1'}
2026-09-09 18:47:08,192 : INFO : EventManager : Event: ======'unexpected_ball_on_playfield'====== Args={}
2026-09-09 18:47:08,192 : INFO : EventManager : Event: ======'s_64_varitarget_position_1_active'====== Args={}
2026-09-09 18:47:08,192 : INFO : EventManager : Event: ======'sw_vari'====== Args={}
2026-09-09 18:47:08,192 : INFO : EventManager : Event: ======'machine_var_audits_switches_s_64_varitarget_position_1'====== Args={'value': 13606, 'prev_value': 13605, 'change': 1}
2026-09-09 18:47:08,193 : INFO : EventManager : Event: ======'glasses_pending_position_1'====== Args={'priority': 0}
2026-09-09 18:47:08,193 : INFO : EventManager : Event: ======'machine_var_audits_shots_varitarget_p1'====== Args={'value': 13583, 'prev_value': 13582, 'change': 1}
2026-09-09 18:47:08,193 : INFO : EventManager : Event: ======'varitarget_p1_hit'====== Args={'profile': 'default', 'state': 'lit', 'advancing': False}
2026-09-09 18:47:08,193 : INFO : EventManager : Event: ======'varitarget_p1_default_hit'====== Args={'profile': 'default', 'state': 'lit', 'advancing': False}
2026-09-09 18:47:08,193 : INFO : EventManager : Event: ======'varitarget_p1_default_lit_hit'====== Args={'profile': 'default', 'state': 'lit', 'advancing': False}
2026-09-09 18:47:08,193 : INFO : EventManager : Event: ======'varitarget_p1_lit_hit'====== Args={'profile': 'default', 'state': 'lit', 'advancing': False}
2026-09-09 18:47:08,193 : INFO : EventManager : Event: ======'varitarget_position_changed'====== Args={'priority': 0}
2026-09-09 18:47:08,193 : INFO : EventManager : Event: ======'varitarget_reset_stop'====== Args={'priority': 0}
2026-09-09 18:47:08,193 : INFO : EventManager : Event: ======'varitarget_reset_complete'====== Args={'priority': 0}
2026-09-09 18:47:08,193 : INFO : EventManager : Event: ======'glasses_position_confirm_restart'====== Args={'priority': 0}
2026-09-09 18:47:08,193 : INFO : EventManager : Event: ======'timer_glasses_position_confirm_tick'====== Args={'ticks': 0, 'ticks_remaining': 1}
2026-09-09 18:47:08,193 : INFO : EventManager : Event: ======'varitarget_positions_hit'====== Args={'shot': 'varitarget_p1'}
2026-09-09 18:47:08,193 : INFO : EventManager : Event: ======'varitarget_positions_lit_hit'====== Args={'shot': 'varitarget_p1'}
2026-09-09 18:47:08,193 : INFO : EventManager : Event: ======'varitarget_update_stable'====== Args={'priority': 0}
2026-09-09 18:47:08,193 : INFO : Timer.varitarget_reset_timer : Stopping Timer
2026-09-09 18:47:08,193 : INFO : EventManager : Event: ======'timer_varitarget_reset_timer_stopped'====== Args={'ticks': 1, 'ticks_remaining': 999998}
2026-09-09 18:47:08,193 : INFO : EventManager : Event: ======'player_score'====== Args={'value': 3780670, 'prev_value': 3780628, 'change': 42, 'player_num': 1, 'source': 'base'}
2026-09-09 18:47:08,222 : INFO : SwitchController : <<<<<<< 's_64_varitarget_position_1' inactive >>>>>>>
2026-09-09 18:47:08,222 : INFO : SwitchController : <<<<<<< 's_17_right_flipper_upper' inactive >>>>>>>
2026-09-09 18:47:08,222 : INFO : SwitchController : <<<<<<< 's_16_right_flipper' inactive >>>>>>>
2026-09-09 18:47:08,222 : INFO : EventManager : Event: ======'both_flippers_one'====== Args={'triggering_group': 2, 'triggering_switch': 's_16_right_flipper'}
2026-09-09 18:47:08,222 : INFO : SwitchController : <<<<<<< 's_64_varitarget_position_1' active >>>>>>>
2026-09-09 18:47:08,223 : INFO : EventManager : Event: ======'playfield_active'====== Args={'source': 'varitarget_p1'}
2026-09-09 18:47:08,223 : INFO : EventManager : Event: ======'unexpected_ball_on_playfield'====== Args={}
2026-09-09 18:47:08,223 : INFO : EventManager : Event: ======'s_64_varitarget_position_1_active'====== Args={}
2026-09-09 18:47:08,223 : INFO : EventManager : Event: ======'sw_vari'====== Args={}
2026-09-09 18:47:08,223 : INFO : EventManager : Event: ======'machine_var_audits_switches_s_64_varitarget_position_1'====== Args={'value': 13607, 'prev_value': 13606, 'change': 1}
2026-09-09 18:47:08,223 : INFO : EventManager : Event: ======'glasses_pending_position_1'====== Args={'priority': 0}
2026-09-09 18:47:08,223 : INFO : EventManager : Event: ======'machine_var_audits_shots_varitarget_p1'====== Args={'value': 13584, 'prev_value': 13583, 'change': 1}
2026-09-09 18:47:08,224 : INFO : EventManager : Event: ======'varitarget_p1_hit'====== Args={'profile': 'default', 'state': 'lit', 'advancing': False}
2026-09-09 18:47:08,224 : INFO : EventManager : Event: ======'varitarget_p1_default_hit'====== Args={'profile': 'default', 'state': 'lit', 'advancing': False}
2026-09-09 18:47:08,224 : INFO : EventManager : Event: ======'varitarget_p1_default_lit_hit'====== Args={'profile': 'default', 'state': 'lit', 'advancing': False}
2026-09-09 18:47:08,224 : INFO : EventManager : Event: ======'varitarget_p1_lit_hit'====== Args={'profile': 'default', 'state': 'lit', 'advancing': False}
2026-09-09 18:47:08,224 : INFO : EventManager : Event: ======'varitarget_position_changed'====== Args={'priority': 0}
2026-09-09 18:47:08,224 : INFO : EventManager : Event: ======'varitarget_reset_stop'====== Args={'priority': 0}
2026-09-09 18:47:08,224 : INFO : EventManager : Event: ======'varitarget_reset_complete'====== Args={'priority': 0}
2026-09-09 18:47:08,224 : INFO : EventManager : Event: ======'glasses_position_confirm_restart'====== Args={'priority': 0}
2026-09-09 18:47:08,224 : INFO : EventManager : Event: ======'timer_glasses_position_confirm_tick'====== Args={'ticks': 0, 'ticks_remaining': 1}
2026-09-09 18:47:08,224 : INFO : EventManager : Event: ======'varitarget_positions_hit'====== Args={'shot': 'varitarget_p1'}
2026-09-09 18:47:08,224 : INFO : EventManager : Event: ======'varitarget_positions_lit_hit'====== Args={'shot': 'varitarget_p1'}
2026-09-09 18:47:08,224 : INFO : EventManager : Event: ======'varitarget_update_stable'====== Args={'priority': 0}
2026-09-09 18:47:08,225 : INFO : Timer.varitarget_reset_timer : Stopping Timer
2026-09-09 18:47:08,225 : INFO : EventManager : Event: ======'timer_varitarget_reset_timer_stopped'====== Args={'ticks': 1, 'ticks_remaining': 999998}
2026-09-09 18:47:08,225 : INFO : EventManager : Event: ======'player_score'====== Args={'value': 3780712, 'prev_value': 3780670, 'change': 42, 'player_num': 1, 'source': 'base'}
2026-09-09 18:47:08,270 : INFO : SwitchController : <<<<<<< 's_64_varitarget_position_1' inactive >>>>>>>
2026-09-09 18:47:08,270 : INFO : SwitchController : <<<<<<< 's_64_varitarget_position_1' active >>>>>>>
2026-09-09 18:47:08,270 : INFO : EventManager : Event: ======'playfield_active'====== Args={'source': 'varitarget_p1'}
2026-09-09 18:47:08,271 : INFO : EventManager : Event: ======'unexpected_ball_on_playfield'====== Args={}
2026-09-09 18:47:08,271 : INFO : EventManager : Event: ======'s_64_varitarget_position_1_active'====== Args={}
2026-09-09 18:47:08,271 : INFO : EventManager : Event: ======'sw_vari'====== Args={}
2026-09-09 18:47:08,271 : INFO : EventManager : Event: ======'machine_var_audits_switches_s_64_varitarget_position_1'====== Args={'value': 13608, 'prev_value': 13607, 'change': 1}
2026-09-09 18:47:08,272 : INFO : EventManager : Event: ======'glasses_pending_position_1'====== Args={'priority': 0}
2026-09-09 18:47:08,272 : INFO : EventManager : Event: ======'machine_var_audits_shots_varitarget_p1'====== Args={'value': 13585, 'prev_value': 13584, 'change': 1}
2026-09-09 18:47:08,272 : INFO : EventManager : Event: ======'varitarget_p1_hit'====== Args={'profile': 'default', 'state': 'lit', 'advancing': False}
2026-09-09 18:47:08,272 : INFO : EventManager : Event: ======'varitarget_p1_default_hit'====== Args={'profile': 'default', 'state': 'lit', 'advancing': False}
2026-09-09 18:47:08,272 : INFO : EventManager : Event: ======'varitarget_p1_default_lit_hit'====== Args={'profile': 'default', 'state': 'lit', 'advancing': False}
2026-09-09 18:47:08,272 : INFO : EventManager : Event: ======'varitarget_p1_lit_hit'====== Args={'profile': 'default', 'state': 'lit', 'advancing': False}
2026-09-09 18:47:08,272 : INFO : EventManager : Event: ======'varitarget_position_changed'====== Args={'priority': 0}
2026-09-09 18:47:08,272 : INFO : EventManager : Event: ======'varitarget_reset_stop'====== Args={'priority': 0}
2026-09-09 18:47:08,272 : INFO : EventManager : Event: ======'varitarget_reset_complete'====== Args={'priority': 0}
2026-09-09 18:47:08,272 : INFO : EventManager : Event: ======'glasses_position_confirm_restart'====== Args={'priority': 0}
2026-09-09 18:47:08,272 : INFO : EventManager : Event: ======'timer_glasses_position_confirm_tick'====== Args={'ticks': 0, 'ticks_remaining': 1}
2026-09-09 18:47:08,272 : INFO : EventManager : Event: ======'varitarget_positions_hit'====== Args={'shot': 'varitarget_p1'}
2026-09-09 18:47:08,273 : INFO : EventManager : Event: ======'varitarget_positions_lit_hit'====== Args={'shot': 'varitarget_p1'}
2026-09-09 18:47:08,273 : INFO : EventManager : Event: ======'varitarget_update_stable'====== Args={'priority': 0}
2026-09-09 18:47:08,273 : INFO : Timer.varitarget_reset_timer : Stopping Timer
2026-09-09 18:47:08,273 : INFO : EventManager : Event: ======'timer_varitarget_reset_timer_stopped'====== Args={'ticks': 1, 'ticks_remaining': 999998}
2026-09-09 18:47:08,273 : INFO : EventManager : Event: ======'player_score'====== Args={'value': 3780754, 'prev_value': 3780712, 'change': 42, 'player_num': 1, 'source': 'base'}
2026-09-09 18:47:08,303 : INFO : SwitchController : <<<<<<< 's_64_varitarget_position_1' inactive >>>>>>>
2026-09-09 18:47:08,318 : INFO : SwitchController : <<<<<<< 's_64_varitarget_position_1' active >>>>>>>
2026-09-09 18:47:08,318 : INFO : EventManager : Event: ======'playfield_active'====== Args={'source': 'varitarget_p1'}
2026-09-09 18:47:08,319 : INFO : EventManager : Event: ======'unexpected_ball_on_playfield'====== Args={}
2026-09-09 18:47:08,319 : INFO : EventManager : Event: ======'s_64_varitarget_position_1_active'====== Args={}
2026-09-09 18:47:08,319 : INFO : EventManager : Event: ======'sw_vari'====== Args={}
2026-09-09 18:47:08,319 : INFO : EventManager : Event: ======'machine_var_audits_switches_s_64_varitarget_position_1'====== Args={'value': 13609, 'prev_value': 13608, 'change': 1}
2026-09-09 18:47:08,319 : INFO : EventManager : Event: ======'glasses_pending_position_1'====== Args={'priority': 0}
2026-09-09 18:47:08,319 : INFO : EventManager : Event: ======'machine_var_audits_shots_varitarget_p1'====== Args={'value': 13586, 'prev_value': 13585, 'change': 1}
2026-09-09 18:47:08,320 : INFO : EventManager : Event: ======'varitarget_p1_hit'====== Args={'profile': 'default', 'state': 'lit', 'advancing': False}
2026-09-09 18:47:08,320 : INFO : EventManager : Event: ======'varitarget_p1_default_hit'====== Args={'profile': 'default', 'state': 'lit', 'advancing': False}
2026-09-09 18:47:08,320 : INFO : EventManager : Event: ======'varitarget_p1_default_lit_hit'====== Args={'profile': 'default', 'state': 'lit', 'advancing': False}
2026-09-09 18:47:08,320 : INFO : EventManager : Event: ======'varitarget_p1_lit_hit'====== Args={'profile': 'default', 'state': 'lit', 'advancing': False}
2026-09-09 18:47:08,320 : INFO : EventManager : Event: ======'varitarget_position_changed'====== Args={'priority': 0}
2026-09-09 18:47:08,320 : INFO : EventManager : Event: ======'varitarget_reset_stop'====== Args={'priority': 0}
2026-09-09 18:47:08,320 : INFO : EventManager : Event: ======'varitarget_reset_complete'====== Args={'priority': 0}
2026-09-09 18:47:08,320 : INFO : EventManager : Event: ======'glasses_position_confirm_restart'====== Args={'priority': 0}
2026-09-09 18:47:08,320 : INFO : EventManager : Event: ======'timer_glasses_position_confirm_tick'====== Args={'ticks': 0, 'ticks_remaining': 1}
2026-09-09 18:47:08,320 : INFO : EventManager : Event: ======'varitarget_positions_hit'====== Args={'shot': 'varitarget_p1'}
2026-09-09 18:47:08,320 : INFO : EventManager : Event: ======'varitarget_positions_lit_hit'====== Args={'shot': 'varitarget_p1'}
2026-09-09 18:47:08,320 : INFO : EventManager : Event: ======'varitarget_update_stable'====== Args={'priority': 0}
2026-09-09 18:47:08,320 : INFO : Timer.varitarget_reset_timer : Stopping Timer
2026-09-09 18:47:08,320 : INFO : EventManager : Event: ======'timer_varitarget_reset_timer_stopped'====== Args={'ticks': 1, 'ticks_remaining': 999998}
2026-09-09 18:47:08,320 : INFO : EventManager : Event: ======'player_score'====== Args={'value': 3780796, 'prev_value': 3780754, 'change': 42, 'player_num': 1, 'source': 'base'}
2026-09-09 18:47:08,398 : INFO : SwitchController : <<<<<<< 's_64_varitarget_position_1' inactive >>>>>>>
2026-09-09 18:47:08,398 : INFO : ball_device.bd_trough : State: failed_confirm
2026-09-09 18:47:08,398 : INFO : ball_device.bd_trough : Got timeout (10.0s) before confirm from <ball_device.bd_plunger>
2026-09-09 18:47:08,399 : INFO : ball_device.bd_plunger : Expecting incoming ball which may skip the device.
2026-09-09 18:47:08,400 : INFO : EventManager : Event: ======'balldevice_bd_plunger_ejecting_ball'====== Args={'balls': 1, 'target': <playfield.playfield>, 'source': <ball_device.bd_plunger>, 'mechanical_eject': False, 'num_attempts': 1}
2026-09-09 18:47:08,523 : INFO : EventManager : Event: ======'player_super_pops_super_pops_mult_timer_tick'====== Args={'value': 3, 'prev_value': 4, 'change': -1, 'player_num': 1}
2026-09-09 18:47:08,523 : INFO : EventManager : Event: ======'timer_super_pops_mult_timer_tick'====== Args={'ticks': 3, 'ticks_remaining': 3}
2026-09-09 18:47:08,823 : INFO : SwitchController : <<<<<<< 's_08_left_flipper' inactive >>>>>>>
2026-09-09 18:47:08,823 : INFO : EventManager : Event: ======'both_flippers_inactive'====== Args={'triggering_group': 1, 'triggering_switch': 's_08_left_flipper'}
2026-09-09 18:47:08,948 : INFO : SwitchController : <<<<<<< 's_64_varitarget_position_1' active >>>>>>>
2026-09-09 18:47:08,948 : INFO : EventManager : Event: ======'playfield_active'====== Args={'source': 'varitarget_p1'}
2026-09-09 18:47:08,948 : INFO : EventManager : Event: ======'s_64_varitarget_position_1_active'====== Args={}
2026-09-09 18:47:08,948 : INFO : EventManager : Event: ======'sw_vari'====== Args={}
2026-09-09 18:47:08,948 : INFO : EventManager : Event: ======'machine_var_audits_switches_s_64_varitarget_position_1'====== Args={'value': 13610, 'prev_value': 13609, 'change': 1}
2026-09-09 18:47:08,949 : INFO : EventManager : Event: ======'glasses_pending_position_1'====== Args={'priority': 0}
2026-09-09 18:47:08,949 : INFO : EventManager : Event: ======'machine_var_audits_shots_varitarget_p1'====== Args={'value': 13587, 'prev_value': 13586, 'change': 1}
2026-09-09 18:47:08,949 : INFO : EventManager : Event: ======'varitarget_p1_hit'====== Args={'profile': 'default', 'state': 'lit', 'advancing': False}
2026-09-09 18:47:08,949 : INFO : EventManager : Event: ======'varitarget_p1_default_hit'====== Args={'profile': 'default', 'state': 'lit', 'advancing': False}
2026-09-09 18:47:08,949 : INFO : EventManager : Event: ======'varitarget_p1_default_lit_hit'====== Args={'profile': 'default', 'state': 'lit', 'advancing': False}
2026-09-09 18:47:08,949 : INFO : EventManager : Event: ======'varitarget_p1_lit_hit'====== Args={'profile': 'default', 'state': 'lit', 'advancing': False}
2026-09-09 18:47:08,949 : INFO : EventManager : Event: ======'varitarget_position_changed'====== Args={'priority': 0}
2026-09-09 18:47:08,950 : INFO : EventManager : Event: ======'varitarget_reset_stop'====== Args={'priority': 0}
2026-09-09 18:47:08,950 : INFO : EventManager : Event: ======'varitarget_reset_complete'====== Args={'priority': 0}
2026-09-09 18:47:08,950 : INFO : EventManager : Event: ======'glasses_position_confirm_restart'====== Args={'priority': 0}
2026-09-09 18:47:08,950 : INFO : EventManager : Event: ======'timer_glasses_position_confirm_tick'====== Args={'ticks': 0, 'ticks_remaining': 1}
2026-09-09 18:47:08,950 : INFO : EventManager : Event: ======'varitarget_positions_hit'====== Args={'shot': 'varitarget_p1'}
2026-09-09 18:47:08,950 : INFO : EventManager : Event: ======'varitarget_positions_lit_hit'====== Args={'shot': 'varitarget_p1'}
2026-09-09 18:47:08,950 : INFO : EventManager : Event: ======'varitarget_update_stable'====== Args={'priority': 0}
2026-09-09 18:47:08,950 : INFO : Timer.varitarget_reset_timer : Stopping Timer
2026-09-09 18:47:08,950 : INFO : EventManager : Event: ======'timer_varitarget_reset_timer_stopped'====== Args={'ticks': 1, 'ticks_remaining': 999998}
2026-09-09 18:47:08,950 : INFO : EventManager : Event: ======'player_score'====== Args={'value': 3780838, 'prev_value': 3780796, 'change': 42, 'player_num': 1, 'source': 'base'}
2026-09-09 18:47:08,951 : INFO : ball_device.bd_plunger : Got confirm for skipping ball.
2026-09-09 18:47:08,951 : INFO : ball_device.bd_plunger : Eject successful
2026-09-09 18:47:08,951 : INFO : EventManager : Event: ======'balldevice_bd_plunger_ball_eject_success'====== Args={'balls': 1, 'target': <playfield.playfield>}
2026-09-09 18:47:08,952 : INFO : EventManager : Event: ======'balldevice_playfield_ball_enter'====== Args={'new_balls': 1, 'unclaimed_balls': 1, 'device': <playfield.playfield>}
2026-09-09 18:47:08,952 : INFO : EventManager : Event: ======'playfield_ball_count_change'====== Args={'balls': 0, 'change': 1}
2026-09-09 18:47:08,952 : INFO : ball_device.bd_plunger : State: idle
2026-09-09 18:47:08,953 : INFO : ball_device.bd_trough : Eject successful
2026-09-09 18:47:08,953 : INFO : EventManager : Event: ======'balldevice_bd_trough_ball_eject_success'====== Args={'balls': 1, 'target': <ball_device.bd_plunger>}
2026-09-09 18:47:08,954 : INFO : EventManager : Event: ======'balldevice_bd_trough_ball_count_changed'====== Args={'balls': 2}
2026-09-09 18:47:08,954 : INFO : ball_device.bd_trough : State: idle
2026-09-09 18:47:08,979 : INFO : SwitchController : <<<<<<< 's_64_varitarget_position_1' inactive >>>>>>>
2026-09-09 18:47:09,201 : INFO : SwitchController : <<<<<<< 's_08_left_flipper' active >>>>>>>
2026-09-09 18:47:09,202 : INFO : EventManager : Event: ======'s_08_left_flipper_active'====== Args={}
2026-09-09 18:47:09,202 : INFO : EventManager : Event: ======'machine_var_audits_switches_s_08_left_flipper'====== Args={'value': 6243, 'prev_value': 6242, 'change': 1}
2026-09-09 18:47:09,202 : INFO : EventManager : Event: ======'player_bonus_count'====== Args={'value': 8, 'prev_value': 7, 'change': 1, 'player_num': 1, 'source': 'base'}
2026-09-09 18:47:09,232 : INFO : SwitchController : <<<<<<< 's_64_varitarget_position_1' active >>>>>>>
2026-09-09 18:47:09,232 : INFO : EventManager : Event: ======'playfield_active'====== Args={'source': 'varitarget_p1'}
2026-09-09 18:47:09,232 : INFO : EventManager : Event: ======'unexpected_ball_on_playfield'====== Args={}
2026-09-09 18:47:09,232 : INFO : EventManager : Event: ======'s_64_varitarget_position_1_active'====== Args={}
2026-09-09 18:47:09,232 : INFO : EventManager : Event: ======'sw_vari'====== Args={}
2026-09-09 18:47:09,232 : INFO : EventManager : Event: ======'machine_var_audits_switches_s_64_varitarget_position_1'====== Args={'value': 13611, 'prev_value': 13610, 'change': 1}
2026-09-09 18:47:09,233 : INFO : SwitchController : <<<<<<< 's_64_varitarget_position_1' inactive >>>>>>>
2026-09-09 18:47:09,233 : INFO : EventManager : Event: ======'glasses_pending_position_1'====== Args={'priority': 0}
2026-09-09 18:47:09,233 : INFO : EventManager : Event: ======'machine_var_audits_shots_varitarget_p1'====== Args={'value': 13588, 'prev_value': 13587, 'change': 1}
2026-09-09 18:47:09,233 : INFO : EventManager : Event: ======'varitarget_p1_hit'====== Args={'profile': 'default', 'state': 'lit', 'advancing': False}
2026-09-09 18:47:09,234 : INFO : EventManager : Event: ======'varitarget_p1_default_hit'====== Args={'profile': 'default', 'state': 'lit', 'advancing': False}
2026-09-09 18:47:09,234 : INFO : EventManager : Event: ======'varitarget_p1_default_lit_hit'====== Args={'profile': 'default', 'state': 'lit', 'advancing': False}
2026-09-09 18:47:09,234 : INFO : EventManager : Event: ======'varitarget_p1_lit_hit'====== Args={'profile': 'default', 'state': 'lit', 'advancing': False}
2026-09-09 18:47:09,234 : INFO : EventManager : Event: ======'varitarget_position_changed'====== Args={'priority': 0}
2026-09-09 18:47:09,234 : INFO : EventManager : Event: ======'varitarget_reset_stop'====== Args={'priority': 0}
2026-09-09 18:47:09,234 : INFO : EventManager : Event: ======'varitarget_reset_complete'====== Args={'priority': 0}
2026-09-09 18:47:09,234 : INFO : EventManager : Event: ======'glasses_position_confirm_restart'====== Args={'priority': 0}
2026-09-09 18:47:09,234 : INFO : EventManager : Event: ======'timer_glasses_position_confirm_tick'====== Args={'ticks': 0, 'ticks_remaining': 1}
2026-09-09 18:47:09,234 : INFO : EventManager : Event: ======'varitarget_positions_hit'====== Args={'shot': 'varitarget_p1'}
2026-09-09 18:47:09,234 : INFO : EventManager : Event: ======'varitarget_positions_lit_hit'====== Args={'shot': 'varitarget_p1'}
2026-09-09 18:47:09,234 : INFO : EventManager : Event: ======'varitarget_update_stable'====== Args={'priority': 0}
2026-09-09 18:47:09,234 : INFO : Timer.varitarget_reset_timer : Stopping Timer
2026-09-09 18:47:09,234 : INFO : EventManager : Event: ======'timer_varitarget_reset_timer_stopped'====== Args={'ticks': 1, 'ticks_remaining': 999998}
2026-09-09 18:47:09,235 : INFO : EventManager : Event: ======'player_score'====== Args={'value': 3780880, 'prev_value': 3780838, 'change': 42, 'player_num': 1, 'source': 'base'}
2026-09-09 18:47:09,265 : INFO : SwitchController : <<<<<<< 's_64_varitarget_position_1' active >>>>>>>
2026-09-09 18:47:09,265 : INFO : EventManager : Event: ======'playfield_active'====== Args={'source': 'varitarget_p1'}
2026-09-09 18:47:09,265 : INFO : EventManager : Event: ======'unexpected_ball_on_playfield'====== Args={}
2026-09-09 18:47:09,265 : INFO : EventManager : Event: ======'s_64_varitarget_position_1_active'====== Args={}
2026-09-09 18:47:09,265 : INFO : EventManager : Event: ======'sw_vari'====== Args={}
2026-09-09 18:47:09,265 : INFO : EventManager : Event: ======'machine_var_audits_switches_s_64_varitarget_position_1'====== Args={'value': 13612, 'prev_value': 13611, 'change': 1}
2026-09-09 18:47:09,266 : INFO : EventManager : Event: ======'glasses_pending_position_1'====== Args={'priority': 0}
2026-09-09 18:47:09,266 : INFO : EventManager : Event: ======'machine_var_audits_shots_varitarget_p1'====== Args={'value': 13589, 'prev_value': 13588, 'change': 1}
2026-09-09 18:47:09,266 : INFO : EventManager : Event: ======'varitarget_p1_hit'====== Args={'profile': 'default', 'state': 'lit', 'advancing': False}
2026-09-09 18:47:09,266 : INFO : EventManager : Event: ======'varitarget_p1_default_hit'====== Args={'profile': 'default', 'state': 'lit', 'advancing': False}
2026-09-09 18:47:09,266 : INFO : EventManager : Event: ======'varitarget_p1_default_lit_hit'====== Args={'profile': 'default', 'state': 'lit', 'advancing': False}
2026-09-09 18:47:09,266 : INFO : EventManager : Event: ======'varitarget_p1_lit_hit'====== Args={'profile': 'default', 'state': 'lit', 'advancing': False}
2026-09-09 18:47:09,266 : INFO : EventManager : Event: ======'varitarget_position_changed'====== Args={'priority': 0}
2026-09-09 18:47:09,266 : INFO : EventManager : Event: ======'varitarget_reset_stop'====== Args={'priority': 0}
2026-09-09 18:47:09,266 : INFO : EventManager : Event: ======'varitarget_reset_complete'====== Args={'priority': 0}
2026-09-09 18:47:09,266 : INFO : EventManager : Event: ======'glasses_position_confirm_restart'====== Args={'priority': 0}
2026-09-09 18:47:09,266 : INFO : EventManager : Event: ======'timer_glasses_position_confirm_tick'====== Args={'ticks': 0, 'ticks_remaining': 1}
2026-09-09 18:47:09,267 : INFO : EventManager : Event: ======'varitarget_positions_hit'====== Args={'shot': 'varitarget_p1'}
2026-09-09 18:47:09,267 : INFO : EventManager : Event: ======'varitarget_positions_lit_hit'====== Args={'shot': 'varitarget_p1'}
2026-09-09 18:47:09,267 : INFO : EventManager : Event: ======'varitarget_update_stable'====== Args={'priority': 0}
2026-09-09 18:47:09,267 : INFO : Timer.varitarget_reset_timer : Stopping Timer
2026-09-09 18:47:09,267 : INFO : EventManager : Event: ======'timer_varitarget_reset_timer_stopped'====== Args={'ticks': 1, 'ticks_remaining': 999998}
2026-09-09 18:47:09,267 : INFO : EventManager : Event: ======'player_score'====== Args={'value': 3780922, 'prev_value': 3780880, 'change': 42, 'player_num': 1, 'source': 'base'}
2026-09-09 18:47:09,280 : INFO : SwitchController : <<<<<<< 's_64_varitarget_position_1' inactive >>>>>>>
2026-09-09 18:47:09,297 : INFO : SwitchController : <<<<<<< 's_64_varitarget_position_1' active >>>>>>>
2026-09-09 18:47:09,297 : INFO : EventManager : Event: ======'playfield_active'====== Args={'source': 'varitarget_p1'}
2026-09-09 18:47:09,297 : INFO : EventManager : Event: ======'unexpected_ball_on_playfield'====== Args={}
2026-09-09 18:47:09,297 : INFO : EventManager : Event: ======'s_64_varitarget_position_1_active'====== Args={}
2026-09-09 18:47:09,297 : INFO : EventManager : Event: ======'sw_vari'====== Args={}
2026-09-09 18:47:09,297 : INFO : EventManager : Event: ======'machine_var_audits_switches_s_64_varitarget_position_1'====== Args={'value': 13613, 'prev_value': 13612, 'change': 1}
2026-09-09 18:47:09,298 : INFO : EventManager : Event: ======'glasses_pending_position_1'====== Args={'priority': 0}
2026-09-09 18:47:09,298 : INFO : EventManager : Event: ======'machine_var_audits_shots_varitarget_p1'====== Args={'value': 13590, 'prev_value': 13589, 'change': 1}
2026-09-09 18:47:09,298 : INFO : EventManager : Event: ======'varitarget_p1_hit'====== Args={'profile': 'default', 'state': 'lit', 'advancing': False}
2026-09-09 18:47:09,298 : INFO : EventManager : Event: ======'varitarget_p1_default_hit'====== Args={'profile': 'default', 'state': 'lit', 'advancing': False}
2026-09-09 18:47:09,298 : INFO : EventManager : Event: ======'varitarget_p1_default_lit_hit'====== Args={'profile': 'default', 'state': 'lit', 'advancing': False}
2026-09-09 18:47:09,299 : INFO : EventManager : Event: ======'varitarget_p1_lit_hit'====== Args={'profile': 'default', 'state': 'lit', 'advancing': False}
2026-09-09 18:47:09,299 : INFO : EventManager : Event: ======'varitarget_position_changed'====== Args={'priority': 0}
2026-09-09 18:47:09,299 : INFO : EventManager : Event: ======'varitarget_reset_stop'====== Args={'priority': 0}
2026-09-09 18:47:09,299 : INFO : EventManager : Event: ======'varitarget_reset_complete'====== Args={'priority': 0}
2026-09-09 18:47:09,299 : INFO : EventManager : Event: ======'glasses_position_confirm_restart'====== Args={'priority': 0}
2026-09-09 18:47:09,299 : INFO : EventManager : Event: ======'timer_glasses_position_confirm_tick'====== Args={'ticks': 0, 'ticks_remaining': 1}
2026-09-09 18:47:09,299 : INFO : EventManager : Event: ======'varitarget_positions_hit'====== Args={'shot': 'varitarget_p1'}
2026-09-09 18:47:09,299 : INFO : EventManager : Event: ======'varitarget_positions_lit_hit'====== Args={'shot': 'varitarget_p1'}
2026-09-09 18:47:09,299 : INFO : EventManager : Event: ======'varitarget_update_stable'====== Args={'priority': 0}
2026-09-09 18:47:09,299 : INFO : Timer.varitarget_reset_timer : Stopping Timer
2026-09-09 18:47:09,299 : INFO : EventManager : Event: ======'timer_varitarget_reset_timer_stopped'====== Args={'ticks': 1, 'ticks_remaining': 999998}
2026-09-09 18:47:09,299 : INFO : EventManager : Event: ======'player_score'====== Args={'value': 3780964, 'prev_value': 3780922, 'change': 42, 'player_num': 1, 'source': 'base'}
2026-09-09 18:47:09,313 : INFO : SwitchController : <<<<<<< 's_64_varitarget_position_1' inactive >>>>>>>
2026-09-09 18:47:09,327 : INFO : SwitchController : <<<<<<< 's_64_varitarget_position_1' active >>>>>>>
2026-09-09 18:47:09,327 : INFO : EventManager : Event: ======'playfield_active'====== Args={'source': 'varitarget_p1'}
2026-09-09 18:47:09,327 : INFO : EventManager : Event: ======'unexpected_ball_on_playfield'====== Args={}
2026-09-09 18:47:09,327 : INFO : EventManager : Event: ======'s_64_varitarget_position_1_active'====== Args={}
2026-09-09 18:47:09,327 : INFO : EventManager : Event: ======'sw_vari'====== Args={}
2026-09-09 18:47:09,327 : INFO : EventManager : Event: ======'machine_var_audits_switches_s_64_varitarget_position_1'====== Args={'value': 13614, 'prev_value': 13613, 'change': 1}
2026-09-09 18:47:09,328 : INFO : EventManager : Event: ======'glasses_pending_position_1'====== Args={'priority': 0}
2026-09-09 18:47:09,328 : INFO : EventManager : Event: ======'machine_var_audits_shots_varitarget_p1'====== Args={'value': 13591, 'prev_value': 13590, 'change': 1}
2026-09-09 18:47:09,328 : INFO : EventManager : Event: ======'varitarget_p1_hit'====== Args={'profile': 'default', 'state': 'lit', 'advancing': False}
2026-09-09 18:47:09,328 : INFO : EventManager : Event: ======'varitarget_p1_default_hit'====== Args={'profile': 'default', 'state': 'lit', 'advancing': False}
2026-09-09 18:47:09,328 : INFO : EventManager : Event: ======'varitarget_p1_default_lit_hit'====== Args={'profile': 'default', 'state': 'lit', 'advancing': False}
2026-09-09 18:47:09,328 : INFO : EventManager : Event: ======'varitarget_p1_lit_hit'====== Args={'profile': 'default', 'state': 'lit', 'advancing': False}
2026-09-09 18:47:09,328 : INFO : EventManager : Event: ======'varitarget_position_changed'====== Args={'priority': 0}
2026-09-09 18:47:09,328 : INFO : EventManager : Event: ======'varitarget_reset_stop'====== Args={'priority': 0}
2026-09-09 18:47:09,328 : INFO : EventManager : Event: ======'varitarget_reset_complete'====== Args={'priority': 0}
2026-09-09 18:47:09,328 : INFO : EventManager : Event: ======'glasses_position_confirm_restart'====== Args={'priority': 0}
2026-09-09 18:47:09,329 : INFO : EventManager : Event: ======'timer_glasses_position_confirm_tick'====== Args={'ticks': 0, 'ticks_remaining': 1}
2026-09-09 18:47:09,329 : INFO : EventManager : Event: ======'varitarget_positions_hit'====== Args={'shot': 'varitarget_p1'}
2026-09-09 18:47:09,329 : INFO : EventManager : Event: ======'varitarget_positions_lit_hit'====== Args={'shot': 'varitarget_p1'}
2026-09-09 18:47:09,329 : INFO : EventManager : Event: ======'varitarget_update_stable'====== Args={'priority': 0}
2026-09-09 18:47:09,329 : INFO : Timer.varitarget_reset_timer : Stopping Timer
2026-09-09 18:47:09,329 : INFO : EventManager : Event: ======'timer_varitarget_reset_timer_stopped'====== Args={'ticks': 1, 'ticks_remaining': 999998}
2026-09-09 18:47:09,329 : INFO : EventManager : Event: ======'player_score'====== Args={'value': 3781006, 'prev_value': 3780964, 'change': 42, 'player_num': 1, 'source': 'base'}
2026-09-09 18:47:09,359 : INFO : SwitchController : <<<<<<< 's_64_varitarget_position_1' inactive >>>>>>>
2026-09-09 18:47:09,391 : INFO : SwitchController : <<<<<<< 's_64_varitarget_position_1' active >>>>>>>
2026-09-09 18:47:09,391 : INFO : EventManager : Event: ======'playfield_active'====== Args={'source': 'varitarget_p1'}
2026-09-09 18:47:09,391 : INFO : EventManager : Event: ======'unexpected_ball_on_playfield'====== Args={}
2026-09-09 18:47:09,391 : INFO : EventManager : Event: ======'s_64_varitarget_position_1_active'====== Args={}
2026-09-09 18:47:09,391 : INFO : EventManager : Event: ======'sw_vari'====== Args={}
2026-09-09 18:47:09,391 : INFO : EventManager : Event: ======'machine_var_audits_switches_s_64_varitarget_position_1'====== Args={'value': 13615, 'prev_value': 13614, 'change': 1}
2026-09-09 18:47:09,392 : INFO : EventManager : Event: ======'glasses_pending_position_1'====== Args={'priority': 0}
2026-09-09 18:47:09,392 : INFO : EventManager : Event: ======'machine_var_audits_shots_varitarget_p1'====== Args={'value': 13592, 'prev_value': 13591, 'change': 1}
2026-09-09 18:47:09,392 : INFO : EventManager : Event: ======'varitarget_p1_hit'====== Args={'profile': 'default', 'state': 'lit', 'advancing': False}
2026-09-09 18:47:09,392 : INFO : EventManager : Event: ======'varitarget_p1_default_hit'====== Args={'profile': 'default', 'state': 'lit', 'advancing': False}
2026-09-09 18:47:09,392 : INFO : EventManager : Event: ======'varitarget_p1_default_lit_hit'====== Args={'profile': 'default', 'state': 'lit', 'advancing': False}
2026-09-09 18:47:09,392 : INFO : EventManager : Event: ======'varitarget_p1_lit_hit'====== Args={'profile': 'default', 'state': 'lit', 'advancing': False}
2026-09-09 18:47:09,392 : INFO : EventManager : Event: ======'varitarget_position_changed'====== Args={'priority': 0}
2026-09-09 18:47:09,392 : INFO : EventManager : Event: ======'varitarget_reset_stop'====== Args={'priority': 0}
2026-09-09 18:47:09,392 : INFO : EventManager : Event: ======'varitarget_reset_complete'====== Args={'priority': 0}
2026-09-09 18:47:09,392 : INFO : EventManager : Event: ======'glasses_position_confirm_restart'====== Args={'priority': 0}
2026-09-09 18:47:09,392 : INFO : EventManager : Event: ======'timer_glasses_position_confirm_tick'====== Args={'ticks': 0, 'ticks_remaining': 1}
2026-09-09 18:47:09,393 : INFO : EventManager : Event: ======'varitarget_positions_hit'====== Args={'shot': 'varitarget_p1'}
2026-09-09 18:47:09,393 : INFO : EventManager : Event: ======'varitarget_positions_lit_hit'====== Args={'shot': 'varitarget_p1'}
2026-09-09 18:47:09,393 : INFO : EventManager : Event: ======'varitarget_update_stable'====== Args={'priority': 0}
2026-09-09 18:47:09,393 : INFO : Timer.varitarget_reset_timer : Stopping Timer
2026-09-09 18:47:09,393 : INFO : EventManager : Event: ======'timer_varitarget_reset_timer_stopped'====== Args={'ticks': 1, 'ticks_remaining': 999998}
2026-09-09 18:47:09,393 : INFO : EventManager : Event: ======'player_score'====== Args={'value': 3781048, 'prev_value': 3781006, 'change': 42, 'player_num': 1, 'source': 'base'}
2026-09-09 18:47:09,407 : INFO : SwitchController : <<<<<<< 's_64_varitarget_position_1' inactive >>>>>>>
2026-09-09 18:47:09,425 : INFO : SwitchController : <<<<<<< 's_64_varitarget_position_1' active >>>>>>>
2026-09-09 18:47:09,425 : INFO : EventManager : Event: ======'playfield_active'====== Args={'source': 'varitarget_p1'}
2026-09-09 18:47:09,425 : INFO : EventManager : Event: ======'unexpected_ball_on_playfield'====== Args={}
2026-09-09 18:47:09,425 : INFO : EventManager : Event: ======'s_64_varitarget_position_1_active'====== Args={}
2026-09-09 18:47:09,425 : INFO : EventManager : Event: ======'sw_vari'====== Args={}
2026-09-09 18:47:09,425 : INFO : EventManager : Event: ======'machine_var_audits_switches_s_64_varitarget_position_1'====== Args={'value': 13616, 'prev_value': 13615, 'change': 1}
2026-09-09 18:47:09,426 : INFO : EventManager : Event: ======'glasses_pending_position_1'====== Args={'priority': 0}
2026-09-09 18:47:09,426 : INFO : EventManager : Event: ======'machine_var_audits_shots_varitarget_p1'====== Args={'value': 13593, 'prev_value': 13592, 'change': 1}
2026-09-09 18:47:09,426 : INFO : EventManager : Event: ======'varitarget_p1_hit'====== Args={'profile': 'default', 'state': 'lit', 'advancing': False}
2026-09-09 18:47:09,426 : INFO : EventManager : Event: ======'varitarget_p1_default_hit'====== Args={'profile': 'default', 'state': 'lit', 'advancing': False}
2026-09-09 18:47:09,426 : INFO : EventManager : Event: ======'varitarget_p1_default_lit_hit'====== Args={'profile': 'default', 'state': 'lit', 'advancing': False}
2026-09-09 18:47:09,426 : INFO : EventManager : Event: ======'varitarget_p1_lit_hit'====== Args={'profile': 'default', 'state': 'lit', 'advancing': False}
2026-09-09 18:47:09,426 : INFO : EventManager : Event: ======'varitarget_position_changed'====== Args={'priority': 0}
2026-09-09 18:47:09,426 : INFO : EventManager : Event: ======'varitarget_reset_stop'====== Args={'priority': 0}
2026-09-09 18:47:09,426 : INFO : EventManager : Event: ======'varitarget_reset_complete'====== Args={'priority': 0}
2026-09-09 18:47:09,426 : INFO : EventManager : Event: ======'glasses_position_confirm_restart'====== Args={'priority': 0}
2026-09-09 18:47:09,426 : INFO : EventManager : Event: ======'timer_glasses_position_confirm_tick'====== Args={'ticks': 0, 'ticks_remaining': 1}
2026-09-09 18:47:09,426 : INFO : EventManager : Event: ======'varitarget_positions_hit'====== Args={'shot': 'varitarget_p1'}
2026-09-09 18:47:09,426 : INFO : EventManager : Event: ======'varitarget_positions_lit_hit'====== Args={'shot': 'varitarget_p1'}
2026-09-09 18:47:09,426 : INFO : EventManager : Event: ======'varitarget_update_stable'====== Args={'priority': 0}
2026-09-09 18:47:09,426 : INFO : Timer.varitarget_reset_timer : Stopping Timer
2026-09-09 18:47:09,427 : INFO : EventManager : Event: ======'timer_varitarget_reset_timer_stopped'====== Args={'ticks': 1, 'ticks_remaining': 999998}
2026-09-09 18:47:09,427 : INFO : EventManager : Event: ======'player_score'====== Args={'value': 3781090, 'prev_value': 3781048, 'change': 42, 'player_num': 1, 'source': 'base'}
2026-09-09 18:47:09,439 : INFO : SwitchController : <<<<<<< 's_64_varitarget_position_1' inactive >>>>>>>
2026-09-09 18:47:09,487 : INFO : SwitchController : <<<<<<< 's_58_pop_bumper_left' active >>>>>>>
2026-09-09 18:47:09,487 : INFO : EventManager : Event: ======'s_58_pop_bumper_left_active'====== Args={}
2026-09-09 18:47:09,487 : INFO : EventManager : Event: ======'sw_pops'====== Args={}
2026-09-09 18:47:09,488 : INFO : EventManager : Event: ======'playfield_active'====== Args={'source': 'ac_pop_1'}
2026-09-09 18:47:09,488 : INFO : EventManager : Event: ======'unexpected_ball_on_playfield'====== Args={}
2026-09-09 18:47:09,488 : INFO : EventManager : Event: ======'machine_var_audits_switches_s_58_pop_bumper_left'====== Args={'value': 3592, 'prev_value': 3591, 'change': 1}
2026-09-09 18:47:09,488 : INFO : SwitchController : <<<<<<< 's_64_varitarget_position_1' active >>>>>>>
2026-09-09 18:47:09,488 : INFO : EventManager : Event: ======'playfield_active'====== Args={'source': 'varitarget_p1'}
2026-09-09 18:47:09,488 : INFO : EventManager : Event: ======'unexpected_ball_on_playfield'====== Args={}
2026-09-09 18:47:09,488 : INFO : EventManager : Event: ======'s_64_varitarget_position_1_active'====== Args={}
2026-09-09 18:47:09,488 : INFO : EventManager : Event: ======'sw_vari'====== Args={}
2026-09-09 18:47:09,488 : INFO : EventManager : Event: ======'machine_var_audits_switches_s_64_varitarget_position_1'====== Args={'value': 13617, 'prev_value': 13616, 'change': 1}
2026-09-09 18:47:09,489 : INFO : EventManager : Event: ======'player_score'====== Args={'value': 3781132, 'prev_value': 3781090, 'change': 42, 'player_num': 1, 'source': 'super_pops'}
2026-09-09 18:47:09,490 : INFO : EventManager : Event: ======'logicblock_super_pops_phase2_counter_updated'====== Args={'value': 9, 'enabled': True}
2026-09-09 18:47:09,490 : INFO : EventManager : Event: ======'counter_super_pops_phase2_counter_hit'====== Args={'count': 9, 'hits': 9, 'remaining': 1}
2026-09-09 18:47:09,490 : INFO : EventManager : Event: ======'logicblock_super_pops_phase2_counter_hit'====== Args={'count': 9, 'hits': 9, 'remaining': 1}
2026-09-09 18:47:09,490 : INFO : EventManager : Event: ======'awareness_add_1'====== Args={'priority': 0}
2026-09-09 18:47:09,490 : INFO : EventManager : Event: ======'player_awareness'====== Args={'value': 90, 'prev_value': 89, 'change': 1, 'player_num': 1, 'source': 'awareness'}
2026-09-09 18:47:09,490 : INFO : EventManager : Event: ======'player_awareness_percent'====== Args={'value': 51, 'prev_value': 50, 'change': 1, 'player_num': 1, 'source': 'awareness'}
2026-09-09 18:47:09,490 : INFO : EventManager : Event: ======'player_score'====== Args={'value': 3781174, 'prev_value': 3781132, 'change': 42, 'player_num': 1, 'source': 'base'}
2026-09-09 18:47:09,490 : INFO : EventManager : Event: ======'glasses_pending_position_1'====== Args={'priority': 0}
2026-09-09 18:47:09,491 : INFO : EventManager : Event: ======'machine_var_audits_shots_varitarget_p1'====== Args={'value': 13594, 'prev_value': 13593, 'change': 1}
2026-09-09 18:47:09,491 : INFO : EventManager : Event: ======'varitarget_p1_hit'====== Args={'profile': 'default', 'state': 'lit', 'advancing': False}
2026-09-09 18:47:09,491 : INFO : EventManager : Event: ======'varitarget_p1_default_hit'====== Args={'profile': 'default', 'state': 'lit', 'advancing': False}
2026-09-09 18:47:09,491 : INFO : EventManager : Event: ======'varitarget_p1_default_lit_hit'====== Args={'profile': 'default', 'state': 'lit', 'advancing': False}
2026-09-09 18:47:09,491 : INFO : EventManager : Event: ======'varitarget_p1_lit_hit'====== Args={'profile': 'default', 'state': 'lit', 'advancing': False}
2026-09-09 18:47:09,491 : INFO : EventManager : Event: ======'varitarget_position_changed'====== Args={'priority': 0}
2026-09-09 18:47:09,491 : INFO : EventManager : Event: ======'varitarget_reset_stop'====== Args={'priority': 0}
2026-09-09 18:47:09,491 : INFO : EventManager : Event: ======'varitarget_reset_complete'====== Args={'priority': 0}
2026-09-09 18:47:09,491 : INFO : EventManager : Event: ======'glasses_position_confirm_restart'====== Args={'priority': 0}
2026-09-09 18:47:09,491 : INFO : EventManager : Event: ======'timer_glasses_position_confirm_tick'====== Args={'ticks': 0, 'ticks_remaining': 1}
2026-09-09 18:47:09,491 : INFO : EventManager : Event: ======'varitarget_positions_hit'====== Args={'shot': 'varitarget_p1'}
2026-09-09 18:47:09,491 : INFO : EventManager : Event: ======'varitarget_positions_lit_hit'====== Args={'shot': 'varitarget_p1'}
2026-09-09 18:47:09,491 : INFO : EventManager : Event: ======'varitarget_update_stable'====== Args={'priority': 0}
2026-09-09 18:47:09,491 : INFO : Timer.varitarget_reset_timer : Stopping Timer
2026-09-09 18:47:09,491 : INFO : EventManager : Event: ======'timer_varitarget_reset_timer_stopped'====== Args={'ticks': 1, 'ticks_remaining': 999998}
2026-09-09 18:47:09,491 : INFO : EventManager : Event: ======'player_score'====== Args={'value': 3781216, 'prev_value': 3781174, 'change': 42, 'player_num': 1, 'source': 'base'}
2026-09-09 18:47:09,492 : INFO : SwitchController : <<<<<<< 's_64_varitarget_position_1' inactive >>>>>>>
2026-09-09 18:47:09,503 : INFO : SwitchController : <<<<<<< 's_64_varitarget_position_1' active >>>>>>>
2026-09-09 18:47:09,503 : INFO : EventManager : Event: ======'playfield_active'====== Args={'source': 'varitarget_p1'}
2026-09-09 18:47:09,503 : INFO : EventManager : Event: ======'unexpected_ball_on_playfield'====== Args={}
2026-09-09 18:47:09,503 : INFO : EventManager : Event: ======'s_64_varitarget_position_1_active'====== Args={}
2026-09-09 18:47:09,504 : INFO : EventManager : Event: ======'sw_vari'====== Args={}
2026-09-09 18:47:09,504 : INFO : EventManager : Event: ======'machine_var_audits_switches_s_64_varitarget_position_1'====== Args={'value': 13618, 'prev_value': 13617, 'change': 1}
2026-09-09 18:47:09,504 : INFO : SwitchController : <<<<<<< 's_58_pop_bumper_left' inactive >>>>>>>
2026-09-09 18:47:09,504 : INFO : EventManager : Event: ======'glasses_pending_position_1'====== Args={'priority': 0}
2026-09-09 18:47:09,504 : INFO : EventManager : Event: ======'machine_var_audits_shots_varitarget_p1'====== Args={'value': 13595, 'prev_value': 13594, 'change': 1}
2026-09-09 18:47:09,505 : INFO : EventManager : Event: ======'varitarget_p1_hit'====== Args={'profile': 'default', 'state': 'lit', 'advancing': False}
2026-09-09 18:47:09,505 : INFO : EventManager : Event: ======'varitarget_p1_default_hit'====== Args={'profile': 'default', 'state': 'lit', 'advancing': False}
2026-09-09 18:47:09,505 : INFO : EventManager : Event: ======'varitarget_p1_default_lit_hit'====== Args={'profile': 'default', 'state': 'lit', 'advancing': False}
2026-09-09 18:47:09,505 : INFO : EventManager : Event: ======'varitarget_p1_lit_hit'====== Args={'profile': 'default', 'state': 'lit', 'advancing': False}
2026-09-09 18:47:09,505 : INFO : EventManager : Event: ======'varitarget_position_changed'====== Args={'priority': 0}
2026-09-09 18:47:09,505 : INFO : EventManager : Event: ======'varitarget_reset_stop'====== Args={'priority': 0}
2026-09-09 18:47:09,505 : INFO : EventManager : Event: ======'varitarget_reset_complete'====== Args={'priority': 0}
2026-09-09 18:47:09,505 : INFO : EventManager : Event: ======'glasses_position_confirm_restart'====== Args={'priority': 0}
2026-09-09 18:47:09,505 : INFO : EventManager : Event: ======'timer_glasses_position_confirm_tick'====== Args={'ticks': 0, 'ticks_remaining': 1}
2026-09-09 18:47:09,505 : INFO : EventManager : Event: ======'varitarget_positions_hit'====== Args={'shot': 'varitarget_p1'}
2026-09-09 18:47:09,505 : INFO : EventManager : Event: ======'varitarget_positions_lit_hit'====== Args={'shot': 'varitarget_p1'}
2026-09-09 18:47:09,505 : INFO : EventManager : Event: ======'varitarget_update_stable'====== Args={'priority': 0}
2026-09-09 18:47:09,505 : INFO : Timer.varitarget_reset_timer : Stopping Timer
2026-09-09 18:47:09,505 : INFO : EventManager : Event: ======'timer_varitarget_reset_timer_stopped'====== Args={'ticks': 1, 'ticks_remaining': 999998}
2026-09-09 18:47:09,505 : INFO : EventManager : Event: ======'player_score'====== Args={'value': 3781258, 'prev_value': 3781216, 'change': 42, 'player_num': 1, 'source': 'base'}
2026-09-09 18:47:09,519 : INFO : EventManager : Event: ======'player_super_pops_super_pops_mult_timer_tick'====== Args={'value': 2, 'prev_value': 3, 'change': -1, 'player_num': 1}
2026-09-09 18:47:09,520 : INFO : EventManager : Event: ======'timer_super_pops_mult_timer_tick'====== Args={'ticks': 2, 'ticks_remaining': 2}
2026-09-09 18:47:09,520 : INFO : SwitchController : <<<<<<< 's_64_varitarget_position_1' inactive >>>>>>>
2026-09-09 18:47:09,520 : INFO : SwitchController : <<<<<<< 's_64_varitarget_position_1' active >>>>>>>
2026-09-09 18:47:09,520 : INFO : EventManager : Event: ======'playfield_active'====== Args={'source': 'varitarget_p1'}
2026-09-09 18:47:09,520 : INFO : EventManager : Event: ======'unexpected_ball_on_playfield'====== Args={}
2026-09-09 18:47:09,520 : INFO : EventManager : Event: ======'s_64_varitarget_position_1_active'====== Args={}
2026-09-09 18:47:09,520 : INFO : EventManager : Event: ======'sw_vari'====== Args={}
2026-09-09 18:47:09,520 : INFO : EventManager : Event: ======'machine_var_audits_switches_s_64_varitarget_position_1'====== Args={'value': 13619, 'prev_value': 13618, 'change': 1}
2026-09-09 18:47:09,521 : INFO : EventManager : Event: ======'glasses_pending_position_1'====== Args={'priority': 0}
2026-09-09 18:47:09,521 : INFO : EventManager : Event: ======'machine_var_audits_shots_varitarget_p1'====== Args={'value': 13596, 'prev_value': 13595, 'change': 1}
2026-09-09 18:47:09,521 : INFO : EventManager : Event: ======'varitarget_p1_hit'====== Args={'profile': 'default', 'state': 'lit', 'advancing': False}
2026-09-09 18:47:09,521 : INFO : EventManager : Event: ======'varitarget_p1_default_hit'====== Args={'profile': 'default', 'state': 'lit', 'advancing': False}
2026-09-09 18:47:09,521 : INFO : EventManager : Event: ======'varitarget_p1_default_lit_hit'====== Args={'profile': 'default', 'state': 'lit', 'advancing': False}
2026-09-09 18:47:09,521 : INFO : EventManager : Event: ======'varitarget_p1_lit_hit'====== Args={'profile': 'default', 'state': 'lit', 'advancing': False}
2026-09-09 18:47:09,521 : INFO : EventManager : Event: ======'varitarget_position_changed'====== Args={'priority': 0}
2026-09-09 18:47:09,522 : INFO : EventManager : Event: ======'varitarget_reset_stop'====== Args={'priority': 0}
2026-09-09 18:47:09,522 : INFO : EventManager : Event: ======'varitarget_reset_complete'====== Args={'priority': 0}
2026-09-09 18:47:09,522 : INFO : EventManager : Event: ======'glasses_position_confirm_restart'====== Args={'priority': 0}
2026-09-09 18:47:09,522 : INFO : EventManager : Event: ======'timer_glasses_position_confirm_tick'====== Args={'ticks': 0, 'ticks_remaining': 1}
2026-09-09 18:47:09,522 : INFO : EventManager : Event: ======'varitarget_positions_hit'====== Args={'shot': 'varitarget_p1'}
2026-09-09 18:47:09,522 : INFO : EventManager : Event: ======'varitarget_positions_lit_hit'====== Args={'shot': 'varitarget_p1'}
2026-09-09 18:47:09,522 : INFO : EventManager : Event: ======'varitarget_update_stable'====== Args={'priority': 0}
2026-09-09 18:47:09,522 : INFO : Timer.varitarget_reset_timer : Stopping Timer
2026-09-09 18:47:09,522 : INFO : EventManager : Event: ======'timer_varitarget_reset_timer_stopped'====== Args={'ticks': 1, 'ticks_remaining': 999998}
2026-09-09 18:47:09,522 : INFO : EventManager : Event: ======'player_score'====== Args={'value': 3781300, 'prev_value': 3781258, 'change': 42, 'player_num': 1, 'source': 'base'}
2026-09-09 18:47:09,523 : INFO : SwitchController : <<<<<<< 's_64_varitarget_position_1' inactive >>>>>>>
2026-09-09 18:47:10,295 : INFO : SwitchController : <<<<<<< 's_08_left_flipper' inactive >>>>>>>
2026-09-09 18:47:10,530 : INFO : EventManager : Event: ======'player_glasses_mode_glasses_position_confirm_tick'====== Args={'value': 1, 'prev_value': 0, 'change': 1, 'player_num': 1}
2026-09-09 18:47:10,531 : INFO : Timer.glasses_position_confirm : Timer Complete
2026-09-09 18:47:10,531 : INFO : Timer.glasses_position_confirm : Stopping Timer
2026-09-09 18:47:10,531 : INFO : EventManager : Event: ======'timer_glasses_position_confirm_stopped'====== Args={'ticks': 1, 'ticks_remaining': 1}
2026-09-09 18:47:10,531 : INFO : EventManager : Event: ======'timer_glasses_position_confirm_complete'====== Args={'ticks': 1, 'ticks_remaining': 1}
2026-09-09 18:47:10,532 : INFO : EventManager : Event: ======'player_super_pops_super_pops_mult_timer_tick'====== Args={'value': 1, 'prev_value': 2, 'change': -1, 'player_num': 1}
2026-09-09 18:47:10,532 : INFO : EventManager : Event: ======'timer_super_pops_mult_timer_tick'====== Args={'ticks': 1, 'ticks_remaining': 1}
2026-09-09 18:47:10,533 : INFO : EventManager : Event: ======'varitarget_position_1_confirmed'====== Args={'priority': 0}
2026-09-09 18:47:10,533 : INFO : EventManager : Event: ======'glasses_enter_state_1'====== Args={'priority': 0}
2026-09-09 18:47:10,533 : INFO : EventManager : Event: ======'glasses_stop_all_shows'====== Args={'priority': 0}
2026-09-09 18:47:10,533 : INFO : EventManager : Event: ======'glasses_state_timer_stop'====== Args={'priority': 0}
2026-09-09 18:47:10,533 : INFO : EventManager : Event: ======'glasses_home_pulse_timer_stop'====== Args={'priority': 0}
2026-09-09 18:47:10,533 : INFO : EventManager : Event: ======'glasses_homing_cancel'====== Args={'priority': 0}
2026-09-09 18:47:10,533 : INFO : Timer.glasses_state_timer : Stopping Timer
2026-09-09 18:47:10,533 : INFO : EventManager : Event: ======'timer_glasses_state_timer_stopped'====== Args={'ticks': 0, 'ticks_remaining': 1}
2026-09-09 18:47:10,533 : INFO : Timer.glasses_home_pulse_timer : Stopping Timer
2026-09-09 18:47:10,533 : INFO : EventManager : Event: ======'timer_glasses_home_pulse_timer_stopped'====== Args={'ticks': 0, 'ticks_remaining': 1}
2026-09-09 18:47:11,082 : INFO : SwitchController : <<<<<<< 's_08_left_flipper' active >>>>>>>
2026-09-09 18:47:11,082 : INFO : EventManager : Event: ======'s_08_left_flipper_active'====== Args={}
2026-09-09 18:47:11,082 : INFO : EventManager : Event: ======'machine_var_audits_switches_s_08_left_flipper'====== Args={'value': 6244, 'prev_value': 6243, 'change': 1}
2026-09-09 18:47:11,083 : INFO : EventManager : Event: ======'player_bonus_count'====== Args={'value': 9, 'prev_value': 8, 'change': 1, 'player_num': 1, 'source': 'base'}
2026-09-09 18:47:11,287 : INFO : SwitchController : <<<<<<< 's_08_left_flipper' inactive >>>>>>>
2026-09-09 18:47:11,305 : INFO : SwitchController : <<<<<<< 's_64_varitarget_position_1' active >>>>>>>
2026-09-09 18:47:11,305 : INFO : EventManager : Event: ======'playfield_active'====== Args={'source': 'varitarget_p1'}
2026-09-09 18:47:11,305 : INFO : EventManager : Event: ======'unexpected_ball_on_playfield'====== Args={}
2026-09-09 18:47:11,305 : INFO : EventManager : Event: ======'s_64_varitarget_position_1_active'====== Args={}
2026-09-09 18:47:11,305 : INFO : EventManager : Event: ======'sw_vari'====== Args={}
2026-09-09 18:47:11,305 : INFO : EventManager : Event: ======'machine_var_audits_switches_s_64_varitarget_position_1'====== Args={'value': 13620, 'prev_value': 13619, 'change': 1}
2026-09-09 18:47:11,305 : INFO : SwitchController : <<<<<<< 's_64_varitarget_position_1' inactive >>>>>>>
2026-09-09 18:47:11,306 : INFO : EventManager : Event: ======'glasses_pending_position_1'====== Args={'priority': 0}
2026-09-09 18:47:11,306 : INFO : EventManager : Event: ======'machine_var_audits_shots_varitarget_p1'====== Args={'value': 13597, 'prev_value': 13596, 'change': 1}
2026-09-09 18:47:11,306 : INFO : EventManager : Event: ======'varitarget_p1_hit'====== Args={'profile': 'default', 'state': 'lit', 'advancing': False}
2026-09-09 18:47:11,306 : INFO : EventManager : Event: ======'varitarget_p1_default_hit'====== Args={'profile': 'default', 'state': 'lit', 'advancing': False}
2026-09-09 18:47:11,306 : INFO : EventManager : Event: ======'varitarget_p1_default_lit_hit'====== Args={'profile': 'default', 'state': 'lit', 'advancing': False}
2026-09-09 18:47:11,306 : INFO : EventManager : Event: ======'varitarget_p1_lit_hit'====== Args={'profile': 'default', 'state': 'lit', 'advancing': False}
2026-09-09 18:47:11,306 : INFO : EventManager : Event: ======'varitarget_position_changed'====== Args={'priority': 0}
2026-09-09 18:47:11,306 : INFO : EventManager : Event: ======'varitarget_reset_stop'====== Args={'priority': 0}
2026-09-09 18:47:11,306 : INFO : EventManager : Event: ======'varitarget_reset_complete'====== Args={'priority': 0}
2026-09-09 18:47:11,306 : INFO : EventManager : Event: ======'glasses_position_confirm_restart'====== Args={'priority': 0}
2026-09-09 18:47:11,307 : INFO : EventManager : Event: ======'player_glasses_mode_glasses_position_confirm_tick'====== Args={'value': 0, 'prev_value': 1, 'change': -1, 'player_num': 1}
2026-09-09 18:47:11,307 : INFO : Timer.glasses_position_confirm : Starting Timer.
2026-09-09 18:47:11,307 : INFO : EventManager : Event: ======'timer_glasses_position_confirm_started'====== Args={'ticks': 0, 'ticks_remaining': 1}
2026-09-09 18:47:11,307 : INFO : EventManager : Event: ======'timer_glasses_position_confirm_tick'====== Args={'ticks': 0, 'ticks_remaining': 1}
2026-09-09 18:47:11,307 : INFO : EventManager : Event: ======'varitarget_positions_hit'====== Args={'shot': 'varitarget_p1'}
2026-09-09 18:47:11,307 : INFO : EventManager : Event: ======'varitarget_positions_lit_hit'====== Args={'shot': 'varitarget_p1'}
2026-09-09 18:47:11,307 : INFO : EventManager : Event: ======'varitarget_update_stable'====== Args={'priority': 0}
2026-09-09 18:47:11,307 : INFO : Timer.varitarget_reset_timer : Stopping Timer
2026-09-09 18:47:11,307 : INFO : EventManager : Event: ======'timer_varitarget_reset_timer_stopped'====== Args={'ticks': 1, 'ticks_remaining': 999998}
2026-09-09 18:47:11,307 : INFO : EventManager : Event: ======'player_score'====== Args={'value': 3781342, 'prev_value': 3781300, 'change': 42, 'player_num': 1, 'source': 'base'}
2026-09-09 18:47:11,333 : INFO : SwitchController : <<<<<<< 's_64_varitarget_position_1' active >>>>>>>
2026-09-09 18:47:11,333 : INFO : EventManager : Event: ======'playfield_active'====== Args={'source': 'varitarget_p1'}
2026-09-09 18:47:11,333 : INFO : EventManager : Event: ======'unexpected_ball_on_playfield'====== Args={}
2026-09-09 18:47:11,333 : INFO : EventManager : Event: ======'s_64_varitarget_position_1_active'====== Args={}
2026-09-09 18:47:11,333 : INFO : EventManager : Event: ======'sw_vari'====== Args={}
2026-09-09 18:47:11,333 : INFO : EventManager : Event: ======'machine_var_audits_switches_s_64_varitarget_position_1'====== Args={'value': 13621, 'prev_value': 13620, 'change': 1}
2026-09-09 18:47:11,334 : INFO : EventManager : Event: ======'glasses_pending_position_1'====== Args={'priority': 0}
2026-09-09 18:47:11,334 : INFO : EventManager : Event: ======'machine_var_audits_shots_varitarget_p1'====== Args={'value': 13598, 'prev_value': 13597, 'change': 1}
2026-09-09 18:47:11,334 : INFO : EventManager : Event: ======'varitarget_p1_hit'====== Args={'profile': 'default', 'state': 'lit', 'advancing': False}
2026-09-09 18:47:11,335 : INFO : EventManager : Event: ======'varitarget_p1_default_hit'====== Args={'profile': 'default', 'state': 'lit', 'advancing': False}
2026-09-09 18:47:11,335 : INFO : EventManager : Event: ======'varitarget_p1_default_lit_hit'====== Args={'profile': 'default', 'state': 'lit', 'advancing': False}
2026-09-09 18:47:11,335 : INFO : EventManager : Event: ======'varitarget_p1_lit_hit'====== Args={'profile': 'default', 'state': 'lit', 'advancing': False}
2026-09-09 18:47:11,335 : INFO : EventManager : Event: ======'varitarget_position_changed'====== Args={'priority': 0}
2026-09-09 18:47:11,335 : INFO : EventManager : Event: ======'varitarget_reset_stop'====== Args={'priority': 0}
2026-09-09 18:47:11,335 : INFO : EventManager : Event: ======'varitarget_reset_complete'====== Args={'priority': 0}
2026-09-09 18:47:11,335 : INFO : EventManager : Event: ======'glasses_position_confirm_restart'====== Args={'priority': 0}
2026-09-09 18:47:11,335 : INFO : EventManager : Event: ======'timer_glasses_position_confirm_tick'====== Args={'ticks': 0, 'ticks_remaining': 1}
2026-09-09 18:47:11,335 : INFO : EventManager : Event: ======'varitarget_positions_hit'====== Args={'shot': 'varitarget_p1'}
2026-09-09 18:47:11,335 : INFO : EventManager : Event: ======'varitarget_positions_lit_hit'====== Args={'shot': 'varitarget_p1'}
2026-09-09 18:47:11,335 : INFO : EventManager : Event: ======'varitarget_update_stable'====== Args={'priority': 0}
2026-09-09 18:47:11,335 : INFO : Timer.varitarget_reset_timer : Stopping Timer
2026-09-09 18:47:11,335 : INFO : EventManager : Event: ======'timer_varitarget_reset_timer_stopped'====== Args={'ticks': 1, 'ticks_remaining': 999998}
2026-09-09 18:47:11,335 : INFO : EventManager : Event: ======'player_score'====== Args={'value': 3781384, 'prev_value': 3781342, 'change': 42, 'player_num': 1, 'source': 'base'}
2026-09-09 18:47:11,349 : INFO : SwitchController : <<<<<<< 's_64_varitarget_position_1' inactive >>>>>>>
2026-09-09 18:47:11,349 : INFO : SwitchController : <<<<<<< 's_40_stand_up_target_5' active >>>>>>>
2026-09-09 18:47:11,350 : INFO : EventManager : Event: ======'playfield_active'====== Args={'source': 'resistance_qualify_target_5'}
2026-09-09 18:47:11,350 : INFO : EventManager : Event: ======'unexpected_ball_on_playfield'====== Args={}
2026-09-09 18:47:11,350 : INFO : EventManager : Event: ======'s_40_stand_up_target_5_active'====== Args={}
2026-09-09 18:47:11,350 : INFO : EventManager : Event: ======'sw_playfield_active'====== Args={}
2026-09-09 18:47:11,350 : INFO : EventManager : Event: ======'sw_standups'====== Args={}
2026-09-09 18:47:11,350 : INFO : EventManager : Event: ======'machine_var_audits_switches_s_40_stand_up_target_5'====== Args={'value': 459, 'prev_value': 458, 'change': 1}
2026-09-09 18:47:11,351 : INFO : EventManager : Event: ======'stars_t40_on'====== Args={'priority': 0}
2026-09-09 18:47:11,351 : INFO : EventManager : Event: ======'awareness_add_4'====== Args={'priority': 0}
2026-09-09 18:47:11,351 : INFO : EventManager : Event: ======'stars_count_updated'====== Args={'priority': 0}
2026-09-09 18:47:11,351 : INFO : EventManager : Event: ======'stars_monitor_t40_on'====== Args={'priority': 0}
2026-09-09 18:47:11,351 : INFO : EventManager : Event: ======'player_stars_t40'====== Args={'value': 1, 'prev_value': 0, 'change': 1, 'player_num': 1, 'source': 'stars_mode'}
2026-09-09 18:47:11,351 : INFO : EventManager : Event: ======'player_stars_targets_lit_count'====== Args={'value': 3, 'prev_value': 2, 'change': 1, 'player_num': 1, 'source': 'stars_mode'}
2026-09-09 18:47:11,351 : INFO : EventManager : Event: ======'player_awareness'====== Args={'value': 94, 'prev_value': 90, 'change': 4, 'player_num': 1, 'source': 'awareness'}
2026-09-09 18:47:11,352 : INFO : EventManager : Event: ======'player_awareness_percent'====== Args={'value': 53, 'prev_value': 51, 'change': 2, 'player_num': 1, 'source': 'awareness'}
2026-09-09 18:47:11,352 : INFO : EventManager : Event: ======'playfield_active'====== Args={'source': None}
2026-09-09 18:47:11,352 : INFO : EventManager : Event: ======'unexpected_ball_on_playfield'====== Args={}
2026-09-09 18:47:11,352 : INFO : EventManager : Event: ======'player_score'====== Args={'value': 3781426, 'prev_value': 3781384, 'change': 42, 'player_num': 1, 'source': 'base'}
2026-09-09 18:47:11,365 : INFO : SwitchController : <<<<<<< 's_64_varitarget_position_1' active >>>>>>>
2026-09-09 18:47:11,365 : INFO : EventManager : Event: ======'playfield_active'====== Args={'source': 'varitarget_p1'}
2026-09-09 18:47:11,365 : INFO : EventManager : Event: ======'unexpected_ball_on_playfield'====== Args={}
2026-09-09 18:47:11,365 : INFO : EventManager : Event: ======'s_64_varitarget_position_1_active'====== Args={}
2026-09-09 18:47:11,365 : INFO : EventManager : Event: ======'sw_vari'====== Args={}
2026-09-09 18:47:11,366 : INFO : EventManager : Event: ======'machine_var_audits_switches_s_64_varitarget_position_1'====== Args={'value': 13622, 'prev_value': 13621, 'change': 1}
2026-09-09 18:47:11,366 : INFO : SwitchController : <<<<<<< 's_40_stand_up_target_5' inactive >>>>>>>
2026-09-09 18:47:11,366 : INFO : EventManager : Event: ======'glasses_pending_position_1'====== Args={'priority': 0}
2026-09-09 18:47:11,367 : INFO : EventManager : Event: ======'machine_var_audits_shots_varitarget_p1'====== Args={'value': 13599, 'prev_value': 13598, 'change': 1}
2026-09-09 18:47:11,367 : INFO : EventManager : Event: ======'varitarget_p1_hit'====== Args={'profile': 'default', 'state': 'lit', 'advancing': False}
2026-09-09 18:47:11,367 : INFO : EventManager : Event: ======'varitarget_p1_default_hit'====== Args={'profile': 'default', 'state': 'lit', 'advancing': False}
2026-09-09 18:47:11,367 : INFO : EventManager : Event: ======'varitarget_p1_default_lit_hit'====== Args={'profile': 'default', 'state': 'lit', 'advancing': False}
2026-09-09 18:47:11,367 : INFO : EventManager : Event: ======'varitarget_p1_lit_hit'====== Args={'profile': 'default', 'state': 'lit', 'advancing': False}
2026-09-09 18:47:11,367 : INFO : EventManager : Event: ======'varitarget_position_changed'====== Args={'priority': 0}
2026-09-09 18:47:11,367 : INFO : EventManager : Event: ======'varitarget_reset_stop'====== Args={'priority': 0}
2026-09-09 18:47:11,367 : INFO : EventManager : Event: ======'varitarget_reset_complete'====== Args={'priority': 0}
2026-09-09 18:47:11,367 : INFO : EventManager : Event: ======'glasses_position_confirm_restart'====== Args={'priority': 0}
2026-09-09 18:47:11,367 : INFO : EventManager : Event: ======'timer_glasses_position_confirm_tick'====== Args={'ticks': 0, 'ticks_remaining': 1}
2026-09-09 18:47:11,367 : INFO : EventManager : Event: ======'varitarget_positions_hit'====== Args={'shot': 'varitarget_p1'}
2026-09-09 18:47:11,367 : INFO : EventManager : Event: ======'varitarget_positions_lit_hit'====== Args={'shot': 'varitarget_p1'}
2026-09-09 18:47:11,367 : INFO : EventManager : Event: ======'varitarget_update_stable'====== Args={'priority': 0}
2026-09-09 18:47:11,368 : INFO : Timer.varitarget_reset_timer : Stopping Timer
2026-09-09 18:47:11,368 : INFO : EventManager : Event: ======'timer_varitarget_reset_timer_stopped'====== Args={'ticks': 1, 'ticks_remaining': 999998}
2026-09-09 18:47:11,368 : INFO : EventManager : Event: ======'player_score'====== Args={'value': 3781468, 'prev_value': 3781426, 'change': 42, 'player_num': 1, 'source': 'base'}
2026-09-09 18:47:11,381 : INFO : SwitchController : <<<<<<< 's_64_varitarget_position_1' inactive >>>>>>>
2026-09-09 18:47:11,397 : INFO : SwitchController : <<<<<<< 's_64_varitarget_position_1' active >>>>>>>
2026-09-09 18:47:11,397 : INFO : EventManager : Event: ======'playfield_active'====== Args={'source': 'varitarget_p1'}
2026-09-09 18:47:11,397 : INFO : EventManager : Event: ======'unexpected_ball_on_playfield'====== Args={}
2026-09-09 18:47:11,397 : INFO : EventManager : Event: ======'s_64_varitarget_position_1_active'====== Args={}
2026-09-09 18:47:11,397 : INFO : EventManager : Event: ======'sw_vari'====== Args={}
2026-09-09 18:47:11,397 : INFO : EventManager : Event: ======'machine_var_audits_switches_s_64_varitarget_position_1'====== Args={'value': 13623, 'prev_value': 13622, 'change': 1}
2026-09-09 18:47:11,398 : INFO : SwitchController : <<<<<<< 's_64_varitarget_position_1' inactive >>>>>>>
2026-09-09 18:47:11,398 : INFO : EventManager : Event: ======'glasses_pending_position_1'====== Args={'priority': 0}
2026-09-09 18:47:11,399 : INFO : EventManager : Event: ======'machine_var_audits_shots_varitarget_p1'====== Args={'value': 13600, 'prev_value': 13599, 'change': 1}
2026-09-09 18:47:11,399 : INFO : EventManager : Event: ======'varitarget_p1_hit'====== Args={'profile': 'default', 'state': 'lit', 'advancing': False}
2026-09-09 18:47:11,399 : INFO : EventManager : Event: ======'varitarget_p1_default_hit'====== Args={'profile': 'default', 'state': 'lit', 'advancing': False}
2026-09-09 18:47:11,399 : INFO : EventManager : Event: ======'varitarget_p1_default_lit_hit'====== Args={'profile': 'default', 'state': 'lit', 'advancing': False}
2026-09-09 18:47:11,399 : INFO : EventManager : Event: ======'varitarget_p1_lit_hit'====== Args={'profile': 'default', 'state': 'lit', 'advancing': False}
2026-09-09 18:47:11,399 : INFO : EventManager : Event: ======'varitarget_position_changed'====== Args={'priority': 0}
2026-09-09 18:47:11,399 : INFO : EventManager : Event: ======'varitarget_reset_stop'====== Args={'priority': 0}
2026-09-09 18:47:11,399 : INFO : EventManager : Event: ======'varitarget_reset_complete'====== Args={'priority': 0}
2026-09-09 18:47:11,399 : INFO : EventManager : Event: ======'glasses_position_confirm_restart'====== Args={'priority': 0}
2026-09-09 18:47:11,399 : INFO : EventManager : Event: ======'timer_glasses_position_confirm_tick'====== Args={'ticks': 0, 'ticks_remaining': 1}
2026-09-09 18:47:11,400 : INFO : EventManager : Event: ======'varitarget_positions_hit'====== Args={'shot': 'varitarget_p1'}
2026-09-09 18:47:11,400 : INFO : EventManager : Event: ======'varitarget_positions_lit_hit'====== Args={'shot': 'varitarget_p1'}
2026-09-09 18:47:11,400 : INFO : EventManager : Event: ======'varitarget_update_stable'====== Args={'priority': 0}
2026-09-09 18:47:11,400 : INFO : Timer.varitarget_reset_timer : Stopping Timer
2026-09-09 18:47:11,400 : INFO : EventManager : Event: ======'timer_varitarget_reset_timer_stopped'====== Args={'ticks': 1, 'ticks_remaining': 999998}
2026-09-09 18:47:11,400 : INFO : EventManager : Event: ======'player_score'====== Args={'value': 3781510, 'prev_value': 3781468, 'change': 42, 'player_num': 1, 'source': 'base'}
2026-09-09 18:47:11,522 : INFO : EventManager : Event: ======'player_super_pops_super_pops_mult_timer_tick'====== Args={'value': 0, 'prev_value': 1, 'change': -1, 'player_num': 1}
2026-09-09 18:47:11,522 : INFO : Timer.super_pops_mult_timer : Timer Complete
2026-09-09 18:47:11,522 : INFO : Timer.super_pops_mult_timer : Stopping Timer
2026-09-09 18:47:11,522 : INFO : EventManager : Event: ======'timer_super_pops_mult_timer_stopped'====== Args={'ticks': 0, 'ticks_remaining': 1}
2026-09-09 18:47:11,522 : INFO : EventManager : Event: ======'timer_super_pops_mult_timer_complete'====== Args={'ticks': 0, 'ticks_remaining': 1}
2026-09-09 18:47:11,523 : INFO : EventManager : Event: ======'player_super_pops_multiplier'====== Args={'value': 1, 'prev_value': 2, 'change': -1, 'player_num': 1, 'source': 'super_pops'}
2026-09-09 18:47:12,045 : INFO : SwitchController : <<<<<<< 's_37_left_sling' active >>>>>>>
2026-09-09 18:47:12,045 : INFO : EventManager : Event: ======'playfield_active'====== Args={'source': 'shot_slingshot_l'}
2026-09-09 18:47:12,045 : INFO : EventManager : Event: ======'unexpected_ball_on_playfield'====== Args={}
2026-09-09 18:47:12,045 : INFO : EventManager : Event: ======'s_37_left_sling_active'====== Args={}
2026-09-09 18:47:12,045 : INFO : EventManager : Event: ======'sw_slingshot'====== Args={}
2026-09-09 18:47:12,045 : INFO : EventManager : Event: ======'playfield_active'====== Args={'source': 'ac_sling_left'}
2026-09-09 18:47:12,045 : INFO : EventManager : Event: ======'unexpected_ball_on_playfield'====== Args={}
2026-09-09 18:47:12,045 : INFO : EventManager : Event: ======'machine_var_audits_switches_s_37_left_sling'====== Args={'value': 479, 'prev_value': 478, 'change': 1}
2026-09-09 18:47:12,046 : INFO : EventManager : Event: ======'awareness_add_1'====== Args={'priority': 0}
2026-09-09 18:47:12,046 : INFO : EventManager : Event: ======'player_shot_shot_slingshot_l'====== Args={'value': 1, 'prev_value': 0, 'change': 1, 'player_num': 1}
2026-09-09 18:47:12,046 : INFO : EventManager : Event: ======'machine_var_audits_shots_shot_slingshot_l'====== Args={'value': 479, 'prev_value': 478, 'change': 1}
2026-09-09 18:47:12,047 : INFO : EventManager : Event: ======'shot_slingshot_l_hit'====== Args={'profile': 'default', 'state': 'unlit', 'advancing': True}
2026-09-09 18:47:12,047 : INFO : EventManager : Event: ======'shot_slingshot_l_default_hit'====== Args={'profile': 'default', 'state': 'unlit', 'advancing': True}
2026-09-09 18:47:12,047 : INFO : EventManager : Event: ======'shot_slingshot_l_default_unlit_hit'====== Args={'profile': 'default', 'state': 'unlit', 'advancing': True}
2026-09-09 18:47:12,047 : INFO : EventManager : Event: ======'shot_slingshot_l_unlit_hit'====== Args={'profile': 'default', 'state': 'unlit', 'advancing': True}
2026-09-09 18:47:12,047 : INFO : EventManager : Event: ======'player_awareness'====== Args={'value': 95, 'prev_value': 94, 'change': 1, 'player_num': 1, 'source': 'awareness'}
2026-09-09 18:47:12,047 : INFO : EventManager : Event: ======'player_awareness_percent'====== Args={'value': 54, 'prev_value': 53, 'change': 1, 'player_num': 1, 'source': 'awareness'}
2026-09-09 18:47:12,048 : INFO : EventManager : Event: ======'player_score'====== Args={'value': 3781552, 'prev_value': 3781510, 'change': 42, 'player_num': 1, 'source': 'base'}
2026-09-09 18:47:12,050 : INFO : SwitchController : <<<<<<< 's_37_left_sling' inactive >>>>>>>
2026-09-09 18:47:12,393 : INFO : EventManager : Event: ======'player_glasses_mode_glasses_position_confirm_tick'====== Args={'value': 1, 'prev_value': 0, 'change': 1, 'player_num': 1}
2026-09-09 18:47:12,393 : INFO : Timer.glasses_position_confirm : Timer Complete
2026-09-09 18:47:12,393 : INFO : Timer.glasses_position_confirm : Stopping Timer
2026-09-09 18:47:12,393 : INFO : EventManager : Event: ======'timer_glasses_position_confirm_stopped'====== Args={'ticks': 1, 'ticks_remaining': 1}
2026-09-09 18:47:12,393 : INFO : EventManager : Event: ======'timer_glasses_position_confirm_complete'====== Args={'ticks': 1, 'ticks_remaining': 1}
2026-09-09 18:47:12,394 : INFO : EventManager : Event: ======'varitarget_position_1_confirmed'====== Args={'priority': 0}
2026-09-09 18:47:12,394 : INFO : EventManager : Event: ======'glasses_enter_state_1'====== Args={'priority': 0}
2026-09-09 18:47:12,394 : INFO : EventManager : Event: ======'glasses_stop_all_shows'====== Args={'priority': 0}
2026-09-09 18:47:12,394 : INFO : EventManager : Event: ======'glasses_state_timer_stop'====== Args={'priority': 0}
2026-09-09 18:47:12,394 : INFO : EventManager : Event: ======'glasses_home_pulse_timer_stop'====== Args={'priority': 0}
2026-09-09 18:47:12,394 : INFO : EventManager : Event: ======'glasses_homing_cancel'====== Args={'priority': 0}
2026-09-09 18:47:12,394 : INFO : Timer.glasses_state_timer : Stopping Timer
2026-09-09 18:47:12,394 : INFO : EventManager : Event: ======'timer_glasses_state_timer_stopped'====== Args={'ticks': 0, 'ticks_remaining': 1}
2026-09-09 18:47:12,395 : INFO : Timer.glasses_home_pulse_timer : Stopping Timer
2026-09-09 18:47:12,395 : INFO : EventManager : Event: ======'timer_glasses_home_pulse_timer_stopped'====== Args={'ticks': 0, 'ticks_remaining': 1}
2026-09-09 18:47:13,357 : INFO : SwitchController : <<<<<<< 's_16_right_flipper' active >>>>>>>
2026-09-09 18:47:13,357 : INFO : EventManager : Event: ======'s_16_right_flipper_active'====== Args={}
2026-09-09 18:47:13,357 : INFO : EventManager : Event: ======'machine_var_audits_switches_s_16_right_flipper'====== Args={'value': 10600, 'prev_value': 10599, 'change': 1}
2026-09-09 18:47:13,358 : INFO : SwitchController : <<<<<<< 's_17_right_flipper_upper' active >>>>>>>
2026-09-09 18:47:13,358 : INFO : EventManager : Event: ======'machine_var_audits_switches_s_17_right_flipper_upper'====== Args={'value': 7699, 'prev_value': 7698, 'change': 1}
2026-09-09 18:47:13,358 : INFO : EventManager : Event: ======'player_bonus_count'====== Args={'value': 10, 'prev_value': 9, 'change': 1, 'player_num': 1, 'source': 'base'}
2026-09-09 18:47:13,388 : INFO : SwitchController : <<<<<<< 's_64_varitarget_position_1' active >>>>>>>
2026-09-09 18:47:13,388 : INFO : EventManager : Event: ======'playfield_active'====== Args={'source': 'varitarget_p1'}
2026-09-09 18:47:13,388 : INFO : EventManager : Event: ======'unexpected_ball_on_playfield'====== Args={}
2026-09-09 18:47:13,388 : INFO : EventManager : Event: ======'s_64_varitarget_position_1_active'====== Args={}
2026-09-09 18:47:13,388 : INFO : EventManager : Event: ======'sw_vari'====== Args={}
2026-09-09 18:47:13,388 : INFO : EventManager : Event: ======'machine_var_audits_switches_s_64_varitarget_position_1'====== Args={'value': 13624, 'prev_value': 13623, 'change': 1}
2026-09-09 18:47:13,389 : INFO : SwitchController : <<<<<<< 's_64_varitarget_position_1' inactive >>>>>>>
2026-09-09 18:47:13,389 : INFO : EventManager : Event: ======'glasses_pending_position_1'====== Args={'priority': 0}
2026-09-09 18:47:13,389 : INFO : EventManager : Event: ======'machine_var_audits_shots_varitarget_p1'====== Args={'value': 13601, 'prev_value': 13600, 'change': 1}
2026-09-09 18:47:13,390 : INFO : EventManager : Event: ======'varitarget_p1_hit'====== Args={'profile': 'default', 'state': 'lit', 'advancing': False}
2026-09-09 18:47:13,390 : INFO : EventManager : Event: ======'varitarget_p1_default_hit'====== Args={'profile': 'default', 'state': 'lit', 'advancing': False}
2026-09-09 18:47:13,390 : INFO : EventManager : Event: ======'varitarget_p1_default_lit_hit'====== Args={'profile': 'default', 'state': 'lit', 'advancing': False}
2026-09-09 18:47:13,390 : INFO : EventManager : Event: ======'varitarget_p1_lit_hit'====== Args={'profile': 'default', 'state': 'lit', 'advancing': False}
2026-09-09 18:47:13,390 : INFO : EventManager : Event: ======'varitarget_position_changed'====== Args={'priority': 0}
2026-09-09 18:47:13,390 : INFO : EventManager : Event: ======'varitarget_reset_stop'====== Args={'priority': 0}
2026-09-09 18:47:13,390 : INFO : EventManager : Event: ======'varitarget_reset_complete'====== Args={'priority': 0}
2026-09-09 18:47:13,390 : INFO : EventManager : Event: ======'glasses_position_confirm_restart'====== Args={'priority': 0}
2026-09-09 18:47:13,390 : INFO : EventManager : Event: ======'player_glasses_mode_glasses_position_confirm_tick'====== Args={'value': 0, 'prev_value': 1, 'change': -1, 'player_num': 1}
2026-09-09 18:47:13,390 : INFO : Timer.glasses_position_confirm : Starting Timer.
2026-09-09 18:47:13,391 : INFO : EventManager : Event: ======'timer_glasses_position_confirm_started'====== Args={'ticks': 0, 'ticks_remaining': 1}
2026-09-09 18:47:13,391 : INFO : EventManager : Event: ======'timer_glasses_position_confirm_tick'====== Args={'ticks': 0, 'ticks_remaining': 1}
2026-09-09 18:47:13,391 : INFO : EventManager : Event: ======'varitarget_positions_hit'====== Args={'shot': 'varitarget_p1'}
2026-09-09 18:47:13,391 : INFO : EventManager : Event: ======'varitarget_positions_lit_hit'====== Args={'shot': 'varitarget_p1'}
2026-09-09 18:47:13,391 : INFO : EventManager : Event: ======'varitarget_update_stable'====== Args={'priority': 0}
2026-09-09 18:47:13,391 : INFO : Timer.varitarget_reset_timer : Stopping Timer
2026-09-09 18:47:13,391 : INFO : EventManager : Event: ======'timer_varitarget_reset_timer_stopped'====== Args={'ticks': 1, 'ticks_remaining': 999998}
2026-09-09 18:47:13,391 : INFO : EventManager : Event: ======'player_score'====== Args={'value': 3781594, 'prev_value': 3781552, 'change': 42, 'player_num': 1, 'source': 'base'}
2026-09-09 18:47:13,561 : INFO : SwitchController : <<<<<<< 's_17_right_flipper_upper' inactive >>>>>>>
2026-09-09 18:47:13,576 : INFO : SwitchController : <<<<<<< 's_16_right_flipper' inactive >>>>>>>
2026-09-09 18:47:13,606 : INFO : SwitchController : <<<<<<< 's_08_left_flipper' active >>>>>>>
2026-09-09 18:47:13,606 : INFO : EventManager : Event: ======'s_08_left_flipper_active'====== Args={}
2026-09-09 18:47:13,606 : INFO : EventManager : Event: ======'machine_var_audits_switches_s_08_left_flipper'====== Args={'value': 6245, 'prev_value': 6244, 'change': 1}
2026-09-09 18:47:13,607 : INFO : EventManager : Event: ======'player_bonus_count'====== Args={'value': 11, 'prev_value': 10, 'change': 1, 'player_num': 1, 'source': 'base'}
2026-09-09 18:47:13,780 : INFO : SwitchController : <<<<<<< 's_08_left_flipper' inactive >>>>>>>
2026-09-09 18:47:14,001 : INFO : SwitchController : <<<<<<< 's_35_left_inlane' active >>>>>>>
2026-09-09 18:47:14,001 : INFO : EventManager : Event: ======'s_35_left_inlane_active'====== Args={}
2026-09-09 18:47:14,001 : INFO : EventManager : Event: ======'sw_playfield_active'====== Args={}
2026-09-09 18:47:14,001 : INFO : EventManager : Event: ======'sw_inlane'====== Args={}
2026-09-09 18:47:14,001 : INFO : EventManager : Event: ======'machine_var_audits_switches_s_35_left_inlane'====== Args={'value': 302, 'prev_value': 301, 'change': 1}
2026-09-09 18:47:14,002 : INFO : EventManager : Event: ======'awareness_add_2'====== Args={'priority': 0}
2026-09-09 18:47:14,002 : INFO : EventManager : Event: ======'player_awareness'====== Args={'value': 97, 'prev_value': 95, 'change': 2, 'player_num': 1, 'source': 'awareness'}
2026-09-09 18:47:14,002 : INFO : EventManager : Event: ======'player_awareness_percent'====== Args={'value': 55, 'prev_value': 54, 'change': 1, 'player_num': 1, 'source': 'awareness'}
2026-09-09 18:47:14,002 : INFO : EventManager : Event: ======'playfield_active'====== Args={'source': None}
2026-09-09 18:47:14,003 : INFO : EventManager : Event: ======'unexpected_ball_on_playfield'====== Args={}
2026-09-09 18:47:14,003 : INFO : EventManager : Event: ======'player_score'====== Args={'value': 3791594, 'prev_value': 3781594, 'change': 10000, 'player_num': 1, 'source': 'base'}
2026-09-09 18:47:14,255 : INFO : SwitchController : <<<<<<< 's_35_left_inlane' inactive >>>>>>>
2026-09-09 18:47:14,398 : INFO : EventManager : Event: ======'player_glasses_mode_glasses_position_confirm_tick'====== Args={'value': 1, 'prev_value': 0, 'change': 1, 'player_num': 1}
2026-09-09 18:47:14,398 : INFO : Timer.glasses_position_confirm : Timer Complete
2026-09-09 18:47:14,398 : INFO : Timer.glasses_position_confirm : Stopping Timer
2026-09-09 18:47:14,398 : INFO : EventManager : Event: ======'timer_glasses_position_confirm_stopped'====== Args={'ticks': 1, 'ticks_remaining': 1}
2026-09-09 18:47:14,398 : INFO : EventManager : Event: ======'timer_glasses_position_confirm_complete'====== Args={'ticks': 1, 'ticks_remaining': 1}
2026-09-09 18:47:14,399 : INFO : EventManager : Event: ======'varitarget_position_1_confirmed'====== Args={'priority': 0}
2026-09-09 18:47:14,399 : INFO : EventManager : Event: ======'glasses_enter_state_1'====== Args={'priority': 0}
2026-09-09 18:47:14,399 : INFO : EventManager : Event: ======'glasses_stop_all_shows'====== Args={'priority': 0}
2026-09-09 18:47:14,399 : INFO : EventManager : Event: ======'glasses_state_timer_stop'====== Args={'priority': 0}
2026-09-09 18:47:14,399 : INFO : EventManager : Event: ======'glasses_home_pulse_timer_stop'====== Args={'priority': 0}
2026-09-09 18:47:14,399 : INFO : EventManager : Event: ======'glasses_homing_cancel'====== Args={'priority': 0}
2026-09-09 18:47:14,399 : INFO : Timer.glasses_state_timer : Stopping Timer
2026-09-09 18:47:14,399 : INFO : EventManager : Event: ======'timer_glasses_state_timer_stopped'====== Args={'ticks': 0, 'ticks_remaining': 1}
2026-09-09 18:47:14,399 : INFO : Timer.glasses_home_pulse_timer : Stopping Timer
2026-09-09 18:47:14,399 : INFO : EventManager : Event: ======'timer_glasses_home_pulse_timer_stopped'====== Args={'ticks': 0, 'ticks_remaining': 1}
2026-09-09 18:47:14,937 : INFO : SwitchController : <<<<<<< 's_08_left_flipper' active >>>>>>>
2026-09-09 18:47:14,937 : INFO : EventManager : Event: ======'s_08_left_flipper_active'====== Args={}
2026-09-09 18:47:14,937 : INFO : EventManager : Event: ======'machine_var_audits_switches_s_08_left_flipper'====== Args={'value': 6246, 'prev_value': 6245, 'change': 1}
2026-09-09 18:47:14,938 : INFO : EventManager : Event: ======'player_bonus_count'====== Args={'value': 12, 'prev_value': 11, 'change': 1, 'player_num': 1, 'source': 'base'}
2026-09-09 18:47:15,139 : INFO : SwitchController : <<<<<<< 's_08_left_flipper' inactive >>>>>>>
2026-09-09 18:47:15,219 : INFO : SwitchController : <<<<<<< 's_41_stand_up_target_6' active >>>>>>>
2026-09-09 18:47:15,219 : INFO : EventManager : Event: ======'playfield_active'====== Args={'source': 'resistance_qualify_target_6'}
2026-09-09 18:47:15,219 : INFO : EventManager : Event: ======'unexpected_ball_on_playfield'====== Args={}
2026-09-09 18:47:15,219 : INFO : EventManager : Event: ======'s_41_stand_up_target_6_active'====== Args={}
2026-09-09 18:47:15,219 : INFO : EventManager : Event: ======'sw_playfield_active'====== Args={}
2026-09-09 18:47:15,219 : INFO : EventManager : Event: ======'sw_standups'====== Args={}
2026-09-09 18:47:15,219 : INFO : EventManager : Event: ======'machine_var_audits_switches_s_41_stand_up_target_6'====== Args={'value': 2676, 'prev_value': 2675, 'change': 1}
2026-09-09 18:47:15,220 : INFO : SwitchController : <<<<<<< 's_41_stand_up_target_6' inactive >>>>>>>
2026-09-09 18:47:15,220 : INFO : EventManager : Event: ======'stars_t41_on'====== Args={'priority': 0}
2026-09-09 18:47:15,220 : INFO : EventManager : Event: ======'brian_combo_step1'====== Args={'priority': 0}
2026-09-09 18:47:15,220 : INFO : EventManager : Event: ======'awareness_add_4'====== Args={'priority': 0}
2026-09-09 18:47:15,220 : INFO : EventManager : Event: ======'stars_count_updated'====== Args={'priority': 0}
2026-09-09 18:47:15,221 : INFO : EventManager : Event: ======'stars_monitor_t41_on'====== Args={'priority': 0}
2026-09-09 18:47:15,221 : INFO : EventManager : Event: ======'player_stars_t41'====== Args={'value': 1, 'prev_value': 0, 'change': 1, 'player_num': 1, 'source': 'stars_mode'}
2026-09-09 18:47:15,221 : INFO : EventManager : Event: ======'player_stars_targets_lit_count'====== Args={'value': 4, 'prev_value': 3, 'change': 1, 'player_num': 1, 'source': 'stars_mode'}
2026-09-09 18:47:15,221 : INFO : EventManager : Event: ======'player_brian_combo_step'====== Args={'value': 1, 'prev_value': 0, 'change': 1, 'player_num': 1, 'source': 'brian_combo'}
2026-09-09 18:47:15,221 : INFO : EventManager : Event: ======'player_awareness'====== Args={'value': 101, 'prev_value': 97, 'change': 4, 'player_num': 1, 'source': 'awareness'}
2026-09-09 18:47:15,221 : INFO : EventManager : Event: ======'player_awareness_percent'====== Args={'value': 57, 'prev_value': 55, 'change': 2, 'player_num': 1, 'source': 'awareness'}
2026-09-09 18:47:15,221 : INFO : EventManager : Event: ======'playfield_active'====== Args={'source': None}
2026-09-09 18:47:15,222 : INFO : EventManager : Event: ======'unexpected_ball_on_playfield'====== Args={}
2026-09-09 18:47:15,222 : INFO : EventManager : Event: ======'player_score'====== Args={'value': 3791636, 'prev_value': 3791594, 'change': 42, 'player_num': 1, 'source': 'base'}
2026-09-09 18:47:15,234 : INFO : SwitchController : <<<<<<< 's_41_stand_up_target_6' active >>>>>>>
2026-09-09 18:47:15,234 : INFO : EventManager : Event: ======'playfield_active'====== Args={'source': 'resistance_qualify_target_6'}
2026-09-09 18:47:15,234 : INFO : EventManager : Event: ======'unexpected_ball_on_playfield'====== Args={}
2026-09-09 18:47:15,234 : INFO : EventManager : Event: ======'s_41_stand_up_target_6_active'====== Args={}
2026-09-09 18:47:15,234 : INFO : EventManager : Event: ======'sw_playfield_active'====== Args={}
2026-09-09 18:47:15,235 : INFO : EventManager : Event: ======'sw_standups'====== Args={}
2026-09-09 18:47:15,235 : INFO : EventManager : Event: ======'machine_var_audits_switches_s_41_stand_up_target_6'====== Args={'value': 2677, 'prev_value': 2676, 'change': 1}
2026-09-09 18:47:15,235 : INFO : EventManager : Event: ======'stars_t41_off'====== Args={'priority': 0}
2026-09-09 18:47:15,236 : INFO : EventManager : Event: ======'brian_combo_step1'====== Args={'priority': 0}
2026-09-09 18:47:15,236 : INFO : EventManager : Event: ======'awareness_add_4'====== Args={'priority': 0}
2026-09-09 18:47:15,236 : INFO : EventManager : Event: ======'stars_count_updated'====== Args={'priority': 0}
2026-09-09 18:47:15,236 : INFO : EventManager : Event: ======'stars_monitor_t41_off'====== Args={'priority': 0}
2026-09-09 18:47:15,236 : INFO : EventManager : Event: ======'player_stars_t41'====== Args={'value': 0, 'prev_value': 1, 'change': -1, 'player_num': 1, 'source': 'stars_mode'}
2026-09-09 18:47:15,236 : INFO : EventManager : Event: ======'player_stars_targets_lit_count'====== Args={'value': 3, 'prev_value': 4, 'change': -1, 'player_num': 1, 'source': 'stars_mode'}
2026-09-09 18:47:15,236 : INFO : EventManager : Event: ======'player_awareness'====== Args={'value': 105, 'prev_value': 101, 'change': 4, 'player_num': 1, 'source': 'awareness'}
2026-09-09 18:47:15,236 : INFO : EventManager : Event: ======'player_awareness_percent'====== Args={'value': 60, 'prev_value': 57, 'change': 3, 'player_num': 1, 'source': 'awareness'}
2026-09-09 18:47:15,237 : INFO : EventManager : Event: ======'playfield_active'====== Args={'source': None}
2026-09-09 18:47:15,237 : INFO : EventManager : Event: ======'unexpected_ball_on_playfield'====== Args={}
2026-09-09 18:47:15,237 : INFO : EventManager : Event: ======'player_score'====== Args={'value': 3791678, 'prev_value': 3791636, 'change': 42, 'player_num': 1, 'source': 'base'}
2026-09-09 18:47:15,237 : INFO : SwitchController : <<<<<<< 's_41_stand_up_target_6' inactive >>>>>>>
2026-09-09 18:47:15,264 : INFO : SwitchController : <<<<<<< 's_41_stand_up_target_6' active >>>>>>>
2026-09-09 18:47:15,264 : INFO : EventManager : Event: ======'playfield_active'====== Args={'source': 'resistance_qualify_target_6'}
2026-09-09 18:47:15,264 : INFO : EventManager : Event: ======'unexpected_ball_on_playfield'====== Args={}
2026-09-09 18:47:15,264 : INFO : EventManager : Event: ======'s_41_stand_up_target_6_active'====== Args={}
2026-09-09 18:47:15,264 : INFO : EventManager : Event: ======'sw_playfield_active'====== Args={}
2026-09-09 18:47:15,264 : INFO : EventManager : Event: ======'sw_standups'====== Args={}
2026-09-09 18:47:15,264 : INFO : EventManager : Event: ======'machine_var_audits_switches_s_41_stand_up_target_6'====== Args={'value': 2678, 'prev_value': 2677, 'change': 1}
2026-09-09 18:47:15,265 : INFO : SwitchController : <<<<<<< 's_41_stand_up_target_6' inactive >>>>>>>
2026-09-09 18:47:15,265 : INFO : EventManager : Event: ======'stars_t41_on'====== Args={'priority': 0}
2026-09-09 18:47:15,266 : INFO : EventManager : Event: ======'brian_combo_step1'====== Args={'priority': 0}
2026-09-09 18:47:15,266 : INFO : EventManager : Event: ======'awareness_add_4'====== Args={'priority': 0}
2026-09-09 18:47:15,266 : INFO : EventManager : Event: ======'stars_count_updated'====== Args={'priority': 0}
2026-09-09 18:47:15,266 : INFO : EventManager : Event: ======'stars_monitor_t41_on'====== Args={'priority': 0}
2026-09-09 18:47:15,266 : INFO : EventManager : Event: ======'player_stars_t41'====== Args={'value': 1, 'prev_value': 0, 'change': 1, 'player_num': 1, 'source': 'stars_mode'}
2026-09-09 18:47:15,266 : INFO : EventManager : Event: ======'player_stars_targets_lit_count'====== Args={'value': 4, 'prev_value': 3, 'change': 1, 'player_num': 1, 'source': 'stars_mode'}
2026-09-09 18:47:15,266 : INFO : EventManager : Event: ======'player_awareness'====== Args={'value': 109, 'prev_value': 105, 'change': 4, 'player_num': 1, 'source': 'awareness'}
2026-09-09 18:47:15,267 : INFO : EventManager : Event: ======'player_awareness_percent'====== Args={'value': 62, 'prev_value': 60, 'change': 2, 'player_num': 1, 'source': 'awareness'}
2026-09-09 18:47:15,267 : INFO : EventManager : Event: ======'playfield_active'====== Args={'source': None}
2026-09-09 18:47:15,267 : INFO : EventManager : Event: ======'unexpected_ball_on_playfield'====== Args={}
2026-09-09 18:47:15,267 : INFO : EventManager : Event: ======'player_score'====== Args={'value': 3791720, 'prev_value': 3791678, 'change': 42, 'player_num': 1, 'source': 'base'}
2026-09-09 18:47:15,268 : INFO : SwitchController : <<<<<<< 's_41_stand_up_target_6' active >>>>>>>
2026-09-09 18:47:15,268 : INFO : EventManager : Event: ======'playfield_active'====== Args={'source': 'resistance_qualify_target_6'}
2026-09-09 18:47:15,268 : INFO : EventManager : Event: ======'unexpected_ball_on_playfield'====== Args={}
2026-09-09 18:47:15,268 : INFO : EventManager : Event: ======'s_41_stand_up_target_6_active'====== Args={}
2026-09-09 18:47:15,268 : INFO : EventManager : Event: ======'sw_playfield_active'====== Args={}
2026-09-09 18:47:15,268 : INFO : EventManager : Event: ======'sw_standups'====== Args={}
2026-09-09 18:47:15,268 : INFO : EventManager : Event: ======'machine_var_audits_switches_s_41_stand_up_target_6'====== Args={'value': 2679, 'prev_value': 2678, 'change': 1}
2026-09-09 18:47:15,268 : INFO : EventManager : Event: ======'stars_t41_off'====== Args={'priority': 0}
2026-09-09 18:47:15,268 : INFO : EventManager : Event: ======'brian_combo_step1'====== Args={'priority': 0}
2026-09-09 18:47:15,268 : INFO : EventManager : Event: ======'awareness_add_4'====== Args={'priority': 0}
2026-09-09 18:47:15,269 : INFO : EventManager : Event: ======'stars_count_updated'====== Args={'priority': 0}
2026-09-09 18:47:15,269 : INFO : EventManager : Event: ======'stars_monitor_t41_off'====== Args={'priority': 0}
2026-09-09 18:47:15,269 : INFO : EventManager : Event: ======'player_stars_t41'====== Args={'value': 0, 'prev_value': 1, 'change': -1, 'player_num': 1, 'source': 'stars_mode'}
2026-09-09 18:47:15,269 : INFO : EventManager : Event: ======'player_stars_targets_lit_count'====== Args={'value': 3, 'prev_value': 4, 'change': -1, 'player_num': 1, 'source': 'stars_mode'}
2026-09-09 18:47:15,269 : INFO : EventManager : Event: ======'player_awareness'====== Args={'value': 113, 'prev_value': 109, 'change': 4, 'player_num': 1, 'source': 'awareness'}
2026-09-09 18:47:15,269 : INFO : EventManager : Event: ======'player_awareness_percent'====== Args={'value': 64, 'prev_value': 62, 'change': 2, 'player_num': 1, 'source': 'awareness'}
2026-09-09 18:47:15,269 : INFO : EventManager : Event: ======'playfield_active'====== Args={'source': None}
2026-09-09 18:47:15,269 : INFO : EventManager : Event: ======'unexpected_ball_on_playfield'====== Args={}
2026-09-09 18:47:15,269 : INFO : EventManager : Event: ======'player_score'====== Args={'value': 3791762, 'prev_value': 3791720, 'change': 42, 'player_num': 1, 'source': 'base'}
2026-09-09 18:47:15,280 : INFO : SwitchController : <<<<<<< 's_41_stand_up_target_6' inactive >>>>>>>
2026-09-09 18:47:15,280 : INFO : SwitchController : <<<<<<< 's_41_stand_up_target_6' active >>>>>>>
2026-09-09 18:47:15,281 : INFO : EventManager : Event: ======'playfield_active'====== Args={'source': 'resistance_qualify_target_6'}
2026-09-09 18:47:15,281 : INFO : EventManager : Event: ======'unexpected_ball_on_playfield'====== Args={}
2026-09-09 18:47:15,281 : INFO : EventManager : Event: ======'s_41_stand_up_target_6_active'====== Args={}
2026-09-09 18:47:15,281 : INFO : EventManager : Event: ======'sw_playfield_active'====== Args={}
2026-09-09 18:47:15,281 : INFO : EventManager : Event: ======'sw_standups'====== Args={}
2026-09-09 18:47:15,281 : INFO : EventManager : Event: ======'machine_var_audits_switches_s_41_stand_up_target_6'====== Args={'value': 2680, 'prev_value': 2679, 'change': 1}
2026-09-09 18:47:15,281 : INFO : EventManager : Event: ======'stars_t41_on'====== Args={'priority': 0}
2026-09-09 18:47:15,281 : INFO : EventManager : Event: ======'brian_combo_step1'====== Args={'priority': 0}
2026-09-09 18:47:15,282 : INFO : EventManager : Event: ======'awareness_add_4'====== Args={'priority': 0}
2026-09-09 18:47:15,282 : INFO : EventManager : Event: ======'stars_count_updated'====== Args={'priority': 0}
2026-09-09 18:47:15,282 : INFO : EventManager : Event: ======'stars_monitor_t41_on'====== Args={'priority': 0}
2026-09-09 18:47:15,282 : INFO : EventManager : Event: ======'player_stars_t41'====== Args={'value': 1, 'prev_value': 0, 'change': 1, 'player_num': 1, 'source': 'stars_mode'}
2026-09-09 18:47:15,282 : INFO : EventManager : Event: ======'player_stars_targets_lit_count'====== Args={'value': 4, 'prev_value': 3, 'change': 1, 'player_num': 1, 'source': 'stars_mode'}
2026-09-09 18:47:15,282 : INFO : EventManager : Event: ======'player_awareness'====== Args={'value': 117, 'prev_value': 113, 'change': 4, 'player_num': 1, 'source': 'awareness'}
2026-09-09 18:47:15,283 : INFO : EventManager : Event: ======'player_awareness_percent'====== Args={'value': 66, 'prev_value': 64, 'change': 2, 'player_num': 1, 'source': 'awareness'}
2026-09-09 18:47:15,283 : INFO : EventManager : Event: ======'playfield_active'====== Args={'source': None}
2026-09-09 18:47:15,283 : INFO : EventManager : Event: ======'unexpected_ball_on_playfield'====== Args={}
2026-09-09 18:47:15,283 : INFO : EventManager : Event: ======'player_score'====== Args={'value': 3791804, 'prev_value': 3791762, 'change': 42, 'player_num': 1, 'source': 'base'}
2026-09-09 18:47:15,284 : INFO : SwitchController : <<<<<<< 's_41_stand_up_target_6' inactive >>>>>>>
2026-09-09 18:47:15,297 : INFO : SwitchController : <<<<<<< 's_41_stand_up_target_6' active >>>>>>>
2026-09-09 18:47:15,298 : INFO : EventManager : Event: ======'playfield_active'====== Args={'source': 'resistance_qualify_target_6'}
2026-09-09 18:47:15,298 : INFO : EventManager : Event: ======'unexpected_ball_on_playfield'====== Args={}
2026-09-09 18:47:15,298 : INFO : EventManager : Event: ======'s_41_stand_up_target_6_active'====== Args={}
2026-09-09 18:47:15,298 : INFO : EventManager : Event: ======'sw_playfield_active'====== Args={}
2026-09-09 18:47:15,298 : INFO : EventManager : Event: ======'sw_standups'====== Args={}
2026-09-09 18:47:15,298 : INFO : EventManager : Event: ======'machine_var_audits_switches_s_41_stand_up_target_6'====== Args={'value': 2681, 'prev_value': 2680, 'change': 1}
2026-09-09 18:47:15,298 : INFO : SwitchController : <<<<<<< 's_41_stand_up_target_6' inactive >>>>>>>
2026-09-09 18:47:15,299 : INFO : EventManager : Event: ======'stars_t41_off'====== Args={'priority': 0}
2026-09-09 18:47:15,299 : INFO : EventManager : Event: ======'brian_combo_step1'====== Args={'priority': 0}
2026-09-09 18:47:15,299 : INFO : EventManager : Event: ======'awareness_add_4'====== Args={'priority': 0}
2026-09-09 18:47:15,299 : INFO : EventManager : Event: ======'stars_count_updated'====== Args={'priority': 0}
2026-09-09 18:47:15,299 : INFO : EventManager : Event: ======'stars_monitor_t41_off'====== Args={'priority': 0}
2026-09-09 18:47:15,299 : INFO : EventManager : Event: ======'player_stars_t41'====== Args={'value': 0, 'prev_value': 1, 'change': -1, 'player_num': 1, 'source': 'stars_mode'}
2026-09-09 18:47:15,299 : INFO : EventManager : Event: ======'player_stars_targets_lit_count'====== Args={'value': 3, 'prev_value': 4, 'change': -1, 'player_num': 1, 'source': 'stars_mode'}
2026-09-09 18:47:15,299 : INFO : EventManager : Event: ======'player_awareness'====== Args={'value': 121, 'prev_value': 117, 'change': 4, 'player_num': 1, 'source': 'awareness'}
2026-09-09 18:47:15,300 : INFO : EventManager : Event: ======'player_awareness_percent'====== Args={'value': 69, 'prev_value': 66, 'change': 3, 'player_num': 1, 'source': 'awareness'}
2026-09-09 18:47:15,300 : INFO : EventManager : Event: ======'playfield_active'====== Args={'source': None}
2026-09-09 18:47:15,300 : INFO : EventManager : Event: ======'unexpected_ball_on_playfield'====== Args={}
2026-09-09 18:47:15,300 : INFO : EventManager : Event: ======'player_score'====== Args={'value': 3791846, 'prev_value': 3791804, 'change': 42, 'player_num': 1, 'source': 'base'}
2026-09-09 18:47:15,313 : INFO : SwitchController : <<<<<<< 's_41_stand_up_target_6' active >>>>>>>
2026-09-09 18:47:15,313 : INFO : EventManager : Event: ======'playfield_active'====== Args={'source': 'resistance_qualify_target_6'}
2026-09-09 18:47:15,313 : INFO : EventManager : Event: ======'unexpected_ball_on_playfield'====== Args={}
2026-09-09 18:47:15,313 : INFO : EventManager : Event: ======'s_41_stand_up_target_6_active'====== Args={}
2026-09-09 18:47:15,313 : INFO : EventManager : Event: ======'sw_playfield_active'====== Args={}
2026-09-09 18:47:15,313 : INFO : EventManager : Event: ======'sw_standups'====== Args={}
2026-09-09 18:47:15,313 : INFO : EventManager : Event: ======'machine_var_audits_switches_s_41_stand_up_target_6'====== Args={'value': 2682, 'prev_value': 2681, 'change': 1}
2026-09-09 18:47:15,314 : INFO : SwitchController : <<<<<<< 's_41_stand_up_target_6' inactive >>>>>>>
2026-09-09 18:47:15,314 : INFO : EventManager : Event: ======'stars_t41_on'====== Args={'priority': 0}
2026-09-09 18:47:15,314 : INFO : EventManager : Event: ======'brian_combo_step1'====== Args={'priority': 0}
2026-09-09 18:47:15,314 : INFO : EventManager : Event: ======'awareness_add_4'====== Args={'priority': 0}
2026-09-09 18:47:15,314 : INFO : EventManager : Event: ======'stars_count_updated'====== Args={'priority': 0}
2026-09-09 18:47:15,314 : INFO : EventManager : Event: ======'stars_monitor_t41_on'====== Args={'priority': 0}
2026-09-09 18:47:15,315 : INFO : EventManager : Event: ======'player_stars_t41'====== Args={'value': 1, 'prev_value': 0, 'change': 1, 'player_num': 1, 'source': 'stars_mode'}
2026-09-09 18:47:15,315 : INFO : EventManager : Event: ======'player_stars_targets_lit_count'====== Args={'value': 4, 'prev_value': 3, 'change': 1, 'player_num': 1, 'source': 'stars_mode'}
2026-09-09 18:47:15,315 : INFO : EventManager : Event: ======'player_awareness'====== Args={'value': 125, 'prev_value': 121, 'change': 4, 'player_num': 1, 'source': 'awareness'}
2026-09-09 18:47:15,315 : INFO : EventManager : Event: ======'player_awareness_percent'====== Args={'value': 71, 'prev_value': 69, 'change': 2, 'player_num': 1, 'source': 'awareness'}
2026-09-09 18:47:15,315 : INFO : EventManager : Event: ======'playfield_active'====== Args={'source': None}
2026-09-09 18:47:15,315 : INFO : EventManager : Event: ======'unexpected_ball_on_playfield'====== Args={}
2026-09-09 18:47:15,315 : INFO : EventManager : Event: ======'player_score'====== Args={'value': 3791888, 'prev_value': 3791846, 'change': 42, 'player_num': 1, 'source': 'base'}
2026-09-09 18:47:15,316 : INFO : SwitchController : <<<<<<< 's_41_stand_up_target_6' active >>>>>>>
2026-09-09 18:47:15,316 : INFO : EventManager : Event: ======'playfield_active'====== Args={'source': 'resistance_qualify_target_6'}
2026-09-09 18:47:15,317 : INFO : EventManager : Event: ======'unexpected_ball_on_playfield'====== Args={}
2026-09-09 18:47:15,317 : INFO : EventManager : Event: ======'s_41_stand_up_target_6_active'====== Args={}
2026-09-09 18:47:15,317 : INFO : EventManager : Event: ======'sw_playfield_active'====== Args={}
2026-09-09 18:47:15,317 : INFO : EventManager : Event: ======'sw_standups'====== Args={}
2026-09-09 18:47:15,317 : INFO : EventManager : Event: ======'machine_var_audits_switches_s_41_stand_up_target_6'====== Args={'value': 2683, 'prev_value': 2682, 'change': 1}
2026-09-09 18:47:15,317 : INFO : EventManager : Event: ======'stars_t41_off'====== Args={'priority': 0}
2026-09-09 18:47:15,317 : INFO : EventManager : Event: ======'brian_combo_step1'====== Args={'priority': 0}
2026-09-09 18:47:15,317 : INFO : EventManager : Event: ======'awareness_add_4'====== Args={'priority': 0}
2026-09-09 18:47:15,317 : INFO : EventManager : Event: ======'stars_count_updated'====== Args={'priority': 0}
2026-09-09 18:47:15,317 : INFO : EventManager : Event: ======'stars_monitor_t41_off'====== Args={'priority': 0}
2026-09-09 18:47:15,318 : INFO : EventManager : Event: ======'player_stars_t41'====== Args={'value': 0, 'prev_value': 1, 'change': -1, 'player_num': 1, 'source': 'stars_mode'}
2026-09-09 18:47:15,318 : INFO : EventManager : Event: ======'player_stars_targets_lit_count'====== Args={'value': 3, 'prev_value': 4, 'change': -1, 'player_num': 1, 'source': 'stars_mode'}
2026-09-09 18:47:15,318 : INFO : EventManager : Event: ======'player_awareness'====== Args={'value': 129, 'prev_value': 125, 'change': 4, 'player_num': 1, 'source': 'awareness'}
2026-09-09 18:47:15,318 : INFO : EventManager : Event: ======'player_awareness_percent'====== Args={'value': 73, 'prev_value': 71, 'change': 2, 'player_num': 1, 'source': 'awareness'}
2026-09-09 18:47:15,318 : INFO : EventManager : Event: ======'playfield_active'====== Args={'source': None}
2026-09-09 18:47:15,318 : INFO : EventManager : Event: ======'unexpected_ball_on_playfield'====== Args={}
2026-09-09 18:47:15,318 : INFO : EventManager : Event: ======'player_score'====== Args={'value': 3791930, 'prev_value': 3791888, 'change': 42, 'player_num': 1, 'source': 'base'}
2026-09-09 18:47:15,328 : INFO : SwitchController : <<<<<<< 's_41_stand_up_target_6' inactive >>>>>>>
2026-09-09 18:47:15,328 : INFO : SwitchController : <<<<<<< 's_41_stand_up_target_6' active >>>>>>>
2026-09-09 18:47:15,328 : INFO : EventManager : Event: ======'playfield_active'====== Args={'source': 'resistance_qualify_target_6'}
2026-09-09 18:47:15,328 : INFO : EventManager : Event: ======'unexpected_ball_on_playfield'====== Args={}
2026-09-09 18:47:15,328 : INFO : EventManager : Event: ======'s_41_stand_up_target_6_active'====== Args={}
2026-09-09 18:47:15,328 : INFO : EventManager : Event: ======'sw_playfield_active'====== Args={}
2026-09-09 18:47:15,328 : INFO : EventManager : Event: ======'sw_standups'====== Args={}
2026-09-09 18:47:15,328 : INFO : EventManager : Event: ======'machine_var_audits_switches_s_41_stand_up_target_6'====== Args={'value': 2684, 'prev_value': 2683, 'change': 1}
2026-09-09 18:47:15,329 : INFO : EventManager : Event: ======'stars_t41_on'====== Args={'priority': 0}
2026-09-09 18:47:15,329 : INFO : EventManager : Event: ======'brian_combo_step1'====== Args={'priority': 0}
2026-09-09 18:47:15,329 : INFO : EventManager : Event: ======'awareness_add_4'====== Args={'priority': 0}
2026-09-09 18:47:15,329 : INFO : EventManager : Event: ======'stars_count_updated'====== Args={'priority': 0}
2026-09-09 18:47:15,329 : INFO : EventManager : Event: ======'stars_monitor_t41_on'====== Args={'priority': 0}
2026-09-09 18:47:15,329 : INFO : EventManager : Event: ======'player_stars_t41'====== Args={'value': 1, 'prev_value': 0, 'change': 1, 'player_num': 1, 'source': 'stars_mode'}
2026-09-09 18:47:15,329 : INFO : EventManager : Event: ======'player_stars_targets_lit_count'====== Args={'value': 4, 'prev_value': 3, 'change': 1, 'player_num': 1, 'source': 'stars_mode'}
2026-09-09 18:47:15,330 : INFO : EventManager : Event: ======'player_awareness'====== Args={'value': 133, 'prev_value': 129, 'change': 4, 'player_num': 1, 'source': 'awareness'}
2026-09-09 18:47:15,330 : INFO : EventManager : Event: ======'player_awareness_percent'====== Args={'value': 76, 'prev_value': 73, 'change': 3, 'player_num': 1, 'source': 'awareness'}
2026-09-09 18:47:15,330 : INFO : EventManager : Event: ======'playfield_active'====== Args={'source': None}
2026-09-09 18:47:15,330 : INFO : EventManager : Event: ======'unexpected_ball_on_playfield'====== Args={}
2026-09-09 18:47:15,330 : INFO : EventManager : Event: ======'player_score'====== Args={'value': 3791972, 'prev_value': 3791930, 'change': 42, 'player_num': 1, 'source': 'base'}
2026-09-09 18:47:15,344 : INFO : SwitchController : <<<<<<< 's_41_stand_up_target_6' inactive >>>>>>>
2026-09-09 18:47:15,344 : INFO : SwitchController : <<<<<<< 's_41_stand_up_target_6' active >>>>>>>
2026-09-09 18:47:15,344 : INFO : EventManager : Event: ======'playfield_active'====== Args={'source': 'resistance_qualify_target_6'}
2026-09-09 18:47:15,344 : INFO : EventManager : Event: ======'unexpected_ball_on_playfield'====== Args={}
2026-09-09 18:47:15,345 : INFO : EventManager : Event: ======'s_41_stand_up_target_6_active'====== Args={}
2026-09-09 18:47:15,345 : INFO : EventManager : Event: ======'sw_playfield_active'====== Args={}
2026-09-09 18:47:15,345 : INFO : EventManager : Event: ======'sw_standups'====== Args={}
2026-09-09 18:47:15,345 : INFO : EventManager : Event: ======'machine_var_audits_switches_s_41_stand_up_target_6'====== Args={'value': 2685, 'prev_value': 2684, 'change': 1}
2026-09-09 18:47:15,345 : INFO : SwitchController : <<<<<<< 's_41_stand_up_target_6' inactive >>>>>>>
2026-09-09 18:47:15,345 : INFO : EventManager : Event: ======'stars_t41_off'====== Args={'priority': 0}
2026-09-09 18:47:15,345 : INFO : EventManager : Event: ======'brian_combo_step1'====== Args={'priority': 0}
2026-09-09 18:47:15,345 : INFO : EventManager : Event: ======'awareness_add_4'====== Args={'priority': 0}
2026-09-09 18:47:15,346 : INFO : EventManager : Event: ======'stars_count_updated'====== Args={'priority': 0}
2026-09-09 18:47:15,346 : INFO : EventManager : Event: ======'stars_monitor_t41_off'====== Args={'priority': 0}
2026-09-09 18:47:15,346 : INFO : EventManager : Event: ======'player_stars_t41'====== Args={'value': 0, 'prev_value': 1, 'change': -1, 'player_num': 1, 'source': 'stars_mode'}
2026-09-09 18:47:15,346 : INFO : EventManager : Event: ======'player_stars_targets_lit_count'====== Args={'value': 3, 'prev_value': 4, 'change': -1, 'player_num': 1, 'source': 'stars_mode'}
2026-09-09 18:47:15,346 : INFO : EventManager : Event: ======'player_awareness'====== Args={'value': 137, 'prev_value': 133, 'change': 4, 'player_num': 1, 'source': 'awareness'}
2026-09-09 18:47:15,346 : INFO : EventManager : Event: ======'player_awareness_percent'====== Args={'value': 78, 'prev_value': 76, 'change': 2, 'player_num': 1, 'source': 'awareness'}
2026-09-09 18:47:15,346 : INFO : EventManager : Event: ======'playfield_active'====== Args={'source': None}
2026-09-09 18:47:15,346 : INFO : EventManager : Event: ======'unexpected_ball_on_playfield'====== Args={}
2026-09-09 18:47:15,347 : INFO : EventManager : Event: ======'player_score'====== Args={'value': 3792014, 'prev_value': 3791972, 'change': 42, 'player_num': 1, 'source': 'base'}
2026-09-09 18:47:15,360 : INFO : SwitchController : <<<<<<< 's_41_stand_up_target_6' active >>>>>>>
2026-09-09 18:47:15,360 : INFO : EventManager : Event: ======'playfield_active'====== Args={'source': 'resistance_qualify_target_6'}
2026-09-09 18:47:15,360 : INFO : EventManager : Event: ======'unexpected_ball_on_playfield'====== Args={}
2026-09-09 18:47:15,360 : INFO : EventManager : Event: ======'s_41_stand_up_target_6_active'====== Args={}
2026-09-09 18:47:15,360 : INFO : EventManager : Event: ======'sw_playfield_active'====== Args={}
2026-09-09 18:47:15,360 : INFO : EventManager : Event: ======'sw_standups'====== Args={}
2026-09-09 18:47:15,360 : INFO : EventManager : Event: ======'machine_var_audits_switches_s_41_stand_up_target_6'====== Args={'value': 2686, 'prev_value': 2685, 'change': 1}
2026-09-09 18:47:15,361 : INFO : SwitchController : <<<<<<< 's_41_stand_up_target_6' inactive >>>>>>>
2026-09-09 18:47:15,361 : INFO : EventManager : Event: ======'stars_t41_on'====== Args={'priority': 0}
2026-09-09 18:47:15,361 : INFO : EventManager : Event: ======'brian_combo_step1'====== Args={'priority': 0}
2026-09-09 18:47:15,361 : INFO : EventManager : Event: ======'awareness_add_4'====== Args={'priority': 0}
2026-09-09 18:47:15,361 : INFO : EventManager : Event: ======'stars_count_updated'====== Args={'priority': 0}
2026-09-09 18:47:15,361 : INFO : EventManager : Event: ======'stars_monitor_t41_on'====== Args={'priority': 0}
2026-09-09 18:47:15,361 : INFO : EventManager : Event: ======'player_stars_t41'====== Args={'value': 1, 'prev_value': 0, 'change': 1, 'player_num': 1, 'source': 'stars_mode'}
2026-09-09 18:47:15,362 : INFO : EventManager : Event: ======'player_stars_targets_lit_count'====== Args={'value': 4, 'prev_value': 3, 'change': 1, 'player_num': 1, 'source': 'stars_mode'}
2026-09-09 18:47:15,362 : INFO : EventManager : Event: ======'player_awareness'====== Args={'value': 141, 'prev_value': 137, 'change': 4, 'player_num': 1, 'source': 'awareness'}
2026-09-09 18:47:15,362 : INFO : EventManager : Event: ======'player_awareness_percent'====== Args={'value': 80, 'prev_value': 78, 'change': 2, 'player_num': 1, 'source': 'awareness'}
2026-09-09 18:47:15,362 : INFO : EventManager : Event: ======'playfield_active'====== Args={'source': None}
2026-09-09 18:47:15,362 : INFO : EventManager : Event: ======'unexpected_ball_on_playfield'====== Args={}
2026-09-09 18:47:15,362 : INFO : EventManager : Event: ======'player_score'====== Args={'value': 3792056, 'prev_value': 3792014, 'change': 42, 'player_num': 1, 'source': 'base'}
2026-09-09 18:47:15,991 : INFO : SwitchController : <<<<<<< 's_16_right_flipper' active >>>>>>>
2026-09-09 18:47:15,991 : INFO : EventManager : Event: ======'s_16_right_flipper_active'====== Args={}
2026-09-09 18:47:15,991 : INFO : EventManager : Event: ======'machine_var_audits_switches_s_16_right_flipper'====== Args={'value': 10601, 'prev_value': 10600, 'change': 1}
2026-09-09 18:47:15,992 : INFO : SwitchController : <<<<<<< 's_17_right_flipper_upper' active >>>>>>>
2026-09-09 18:47:15,992 : INFO : EventManager : Event: ======'machine_var_audits_switches_s_17_right_flipper_upper'====== Args={'value': 7700, 'prev_value': 7699, 'change': 1}
2026-09-09 18:47:15,992 : INFO : EventManager : Event: ======'player_bonus_count'====== Args={'value': 13, 'prev_value': 12, 'change': 1, 'player_num': 1, 'source': 'base'}
2026-09-09 18:47:16,022 : INFO : SwitchController : <<<<<<< 's_64_varitarget_position_1' active >>>>>>>
2026-09-09 18:47:16,022 : INFO : EventManager : Event: ======'playfield_active'====== Args={'source': 'varitarget_p1'}
2026-09-09 18:47:16,022 : INFO : EventManager : Event: ======'unexpected_ball_on_playfield'====== Args={}
2026-09-09 18:47:16,022 : INFO : EventManager : Event: ======'s_64_varitarget_position_1_active'====== Args={}
2026-09-09 18:47:16,022 : INFO : EventManager : Event: ======'sw_vari'====== Args={}
2026-09-09 18:47:16,022 : INFO : EventManager : Event: ======'machine_var_audits_switches_s_64_varitarget_position_1'====== Args={'value': 13625, 'prev_value': 13624, 'change': 1}
2026-09-09 18:47:16,023 : INFO : SwitchController : <<<<<<< 's_64_varitarget_position_1' inactive >>>>>>>
2026-09-09 18:47:16,023 : INFO : EventManager : Event: ======'glasses_pending_position_1'====== Args={'priority': 0}
2026-09-09 18:47:16,023 : INFO : EventManager : Event: ======'machine_var_audits_shots_varitarget_p1'====== Args={'value': 13602, 'prev_value': 13601, 'change': 1}
2026-09-09 18:47:16,024 : INFO : EventManager : Event: ======'varitarget_p1_hit'====== Args={'profile': 'default', 'state': 'lit', 'advancing': False}
2026-09-09 18:47:16,024 : INFO : EventManager : Event: ======'varitarget_p1_default_hit'====== Args={'profile': 'default', 'state': 'lit', 'advancing': False}
2026-09-09 18:47:16,024 : INFO : EventManager : Event: ======'varitarget_p1_default_lit_hit'====== Args={'profile': 'default', 'state': 'lit', 'advancing': False}
2026-09-09 18:47:16,024 : INFO : EventManager : Event: ======'varitarget_p1_lit_hit'====== Args={'profile': 'default', 'state': 'lit', 'advancing': False}
2026-09-09 18:47:16,024 : INFO : EventManager : Event: ======'varitarget_position_changed'====== Args={'priority': 0}
2026-09-09 18:47:16,024 : INFO : EventManager : Event: ======'varitarget_reset_stop'====== Args={'priority': 0}
2026-09-09 18:47:16,024 : INFO : EventManager : Event: ======'varitarget_reset_complete'====== Args={'priority': 0}
2026-09-09 18:47:16,024 : INFO : EventManager : Event: ======'glasses_position_confirm_restart'====== Args={'priority': 0}
2026-09-09 18:47:16,024 : INFO : EventManager : Event: ======'player_glasses_mode_glasses_position_confirm_tick'====== Args={'value': 0, 'prev_value': 1, 'change': -1, 'player_num': 1}
2026-09-09 18:47:16,024 : INFO : Timer.glasses_position_confirm : Starting Timer.
2026-09-09 18:47:16,024 : INFO : EventManager : Event: ======'timer_glasses_position_confirm_started'====== Args={'ticks': 0, 'ticks_remaining': 1}
2026-09-09 18:47:16,025 : INFO : EventManager : Event: ======'timer_glasses_position_confirm_tick'====== Args={'ticks': 0, 'ticks_remaining': 1}
2026-09-09 18:47:16,025 : INFO : EventManager : Event: ======'varitarget_positions_hit'====== Args={'shot': 'varitarget_p1'}
2026-09-09 18:47:16,025 : INFO : EventManager : Event: ======'varitarget_positions_lit_hit'====== Args={'shot': 'varitarget_p1'}
2026-09-09 18:47:16,025 : INFO : EventManager : Event: ======'varitarget_update_stable'====== Args={'priority': 0}
2026-09-09 18:47:16,025 : INFO : Timer.varitarget_reset_timer : Stopping Timer
2026-09-09 18:47:16,025 : INFO : EventManager : Event: ======'timer_varitarget_reset_timer_stopped'====== Args={'ticks': 1, 'ticks_remaining': 999998}
2026-09-09 18:47:16,025 : INFO : EventManager : Event: ======'player_score'====== Args={'value': 3792098, 'prev_value': 3792056, 'change': 42, 'player_num': 1, 'source': 'base'}
2026-09-09 18:47:16,038 : INFO : SwitchController : <<<<<<< 's_64_varitarget_position_1' active >>>>>>>
2026-09-09 18:47:16,038 : INFO : EventManager : Event: ======'playfield_active'====== Args={'source': 'varitarget_p1'}
2026-09-09 18:47:16,038 : INFO : EventManager : Event: ======'unexpected_ball_on_playfield'====== Args={}
2026-09-09 18:47:16,038 : INFO : EventManager : Event: ======'s_64_varitarget_position_1_active'====== Args={}
2026-09-09 18:47:16,038 : INFO : EventManager : Event: ======'sw_vari'====== Args={}
2026-09-09 18:47:16,039 : INFO : EventManager : Event: ======'machine_var_audits_switches_s_64_varitarget_position_1'====== Args={'value': 13626, 'prev_value': 13625, 'change': 1}
2026-09-09 18:47:16,040 : INFO : EventManager : Event: ======'glasses_pending_position_1'====== Args={'priority': 0}
2026-09-09 18:47:16,040 : INFO : EventManager : Event: ======'machine_var_audits_shots_varitarget_p1'====== Args={'value': 13603, 'prev_value': 13602, 'change': 1}
2026-09-09 18:47:16,040 : INFO : EventManager : Event: ======'varitarget_p1_hit'====== Args={'profile': 'default', 'state': 'lit', 'advancing': False}
2026-09-09 18:47:16,040 : INFO : EventManager : Event: ======'varitarget_p1_default_hit'====== Args={'profile': 'default', 'state': 'lit', 'advancing': False}
2026-09-09 18:47:16,040 : INFO : EventManager : Event: ======'varitarget_p1_default_lit_hit'====== Args={'profile': 'default', 'state': 'lit', 'advancing': False}
2026-09-09 18:47:16,040 : INFO : EventManager : Event: ======'varitarget_p1_lit_hit'====== Args={'profile': 'default', 'state': 'lit', 'advancing': False}
2026-09-09 18:47:16,040 : INFO : EventManager : Event: ======'varitarget_position_changed'====== Args={'priority': 0}
2026-09-09 18:47:16,040 : INFO : EventManager : Event: ======'varitarget_reset_stop'====== Args={'priority': 0}
2026-09-09 18:47:16,040 : INFO : EventManager : Event: ======'varitarget_reset_complete'====== Args={'priority': 0}
2026-09-09 18:47:16,040 : INFO : EventManager : Event: ======'glasses_position_confirm_restart'====== Args={'priority': 0}
2026-09-09 18:47:16,040 : INFO : EventManager : Event: ======'timer_glasses_position_confirm_tick'====== Args={'ticks': 0, 'ticks_remaining': 1}
2026-09-09 18:47:16,041 : INFO : EventManager : Event: ======'varitarget_positions_hit'====== Args={'shot': 'varitarget_p1'}
2026-09-09 18:47:16,041 : INFO : EventManager : Event: ======'varitarget_positions_lit_hit'====== Args={'shot': 'varitarget_p1'}
2026-09-09 18:47:16,041 : INFO : EventManager : Event: ======'varitarget_update_stable'====== Args={'priority': 0}
2026-09-09 18:47:16,041 : INFO : Timer.varitarget_reset_timer : Stopping Timer
2026-09-09 18:47:16,041 : INFO : EventManager : Event: ======'timer_varitarget_reset_timer_stopped'====== Args={'ticks': 1, 'ticks_remaining': 999998}
2026-09-09 18:47:16,041 : INFO : EventManager : Event: ======'player_score'====== Args={'value': 3792140, 'prev_value': 3792098, 'change': 42, 'player_num': 1, 'source': 'base'}
2026-09-09 18:47:16,041 : INFO : SwitchController : <<<<<<< 's_64_varitarget_position_1' inactive >>>>>>>
2026-09-09 18:47:16,149 : INFO : SwitchController : <<<<<<< 's_08_left_flipper' active >>>>>>>
2026-09-09 18:47:16,149 : INFO : EventManager : Event: ======'s_08_left_flipper_active'====== Args={}
2026-09-09 18:47:16,149 : INFO : EventManager : Event: ======'flipper_cancel'====== Args={'triggering_group': 1, 'triggering_switch': 's_08_left_flipper'}
2026-09-09 18:47:16,149 : INFO : EventManager : Event: ======'machine_var_audits_switches_s_08_left_flipper'====== Args={'value': 6247, 'prev_value': 6246, 'change': 1}
2026-09-09 18:47:16,150 : INFO : EventManager : Event: ======'player_bonus_count'====== Args={'value': 14, 'prev_value': 13, 'change': 1, 'player_num': 1, 'source': 'base'}
2026-09-09 18:47:16,181 : INFO : SwitchController : <<<<<<< 's_64_varitarget_position_1' active >>>>>>>
2026-09-09 18:47:16,181 : INFO : EventManager : Event: ======'playfield_active'====== Args={'source': 'varitarget_p1'}
2026-09-09 18:47:16,181 : INFO : EventManager : Event: ======'unexpected_ball_on_playfield'====== Args={}
2026-09-09 18:47:16,181 : INFO : EventManager : Event: ======'s_64_varitarget_position_1_active'====== Args={}
2026-09-09 18:47:16,181 : INFO : EventManager : Event: ======'sw_vari'====== Args={}
2026-09-09 18:47:16,182 : INFO : EventManager : Event: ======'machine_var_audits_switches_s_64_varitarget_position_1'====== Args={'value': 13627, 'prev_value': 13626, 'change': 1}
2026-09-09 18:47:16,182 : INFO : EventManager : Event: ======'glasses_pending_position_1'====== Args={'priority': 0}
2026-09-09 18:47:16,182 : INFO : EventManager : Event: ======'machine_var_audits_shots_varitarget_p1'====== Args={'value': 13604, 'prev_value': 13603, 'change': 1}
2026-09-09 18:47:16,182 : INFO : EventManager : Event: ======'varitarget_p1_hit'====== Args={'profile': 'default', 'state': 'lit', 'advancing': False}
2026-09-09 18:47:16,182 : INFO : EventManager : Event: ======'varitarget_p1_default_hit'====== Args={'profile': 'default', 'state': 'lit', 'advancing': False}
2026-09-09 18:47:16,183 : INFO : EventManager : Event: ======'varitarget_p1_default_lit_hit'====== Args={'profile': 'default', 'state': 'lit', 'advancing': False}
2026-09-09 18:47:16,183 : INFO : EventManager : Event: ======'varitarget_p1_lit_hit'====== Args={'profile': 'default', 'state': 'lit', 'advancing': False}
2026-09-09 18:47:16,183 : INFO : EventManager : Event: ======'varitarget_position_changed'====== Args={'priority': 0}
2026-09-09 18:47:16,183 : INFO : EventManager : Event: ======'varitarget_reset_stop'====== Args={'priority': 0}
2026-09-09 18:47:16,183 : INFO : EventManager : Event: ======'varitarget_reset_complete'====== Args={'priority': 0}
2026-09-09 18:47:16,183 : INFO : EventManager : Event: ======'glasses_position_confirm_restart'====== Args={'priority': 0}
2026-09-09 18:47:16,183 : INFO : EventManager : Event: ======'timer_glasses_position_confirm_tick'====== Args={'ticks': 0, 'ticks_remaining': 1}
2026-09-09 18:47:16,183 : INFO : EventManager : Event: ======'varitarget_positions_hit'====== Args={'shot': 'varitarget_p1'}
2026-09-09 18:47:16,183 : INFO : EventManager : Event: ======'varitarget_positions_lit_hit'====== Args={'shot': 'varitarget_p1'}
2026-09-09 18:47:16,183 : INFO : EventManager : Event: ======'varitarget_update_stable'====== Args={'priority': 0}
2026-09-09 18:47:16,183 : INFO : Timer.varitarget_reset_timer : Stopping Timer
2026-09-09 18:47:16,183 : INFO : EventManager : Event: ======'timer_varitarget_reset_timer_stopped'====== Args={'ticks': 1, 'ticks_remaining': 999998}
2026-09-09 18:47:16,183 : INFO : EventManager : Event: ======'player_score'====== Args={'value': 3792182, 'prev_value': 3792140, 'change': 42, 'player_num': 1, 'source': 'base'}
2026-09-09 18:47:16,196 : INFO : SwitchController : <<<<<<< 's_17_right_flipper_upper' inactive >>>>>>>
2026-09-09 18:47:16,197 : INFO : SwitchController : <<<<<<< 's_16_right_flipper' inactive >>>>>>>
2026-09-09 18:47:16,197 : INFO : EventManager : Event: ======'both_flippers_one'====== Args={'triggering_group': 2, 'triggering_switch': 's_16_right_flipper'}
2026-09-09 18:47:16,228 : INFO : SwitchController : <<<<<<< 's_64_varitarget_position_1' inactive >>>>>>>
2026-09-09 18:47:16,355 : INFO : EventManager : Event: ======'ssh_posts_v_timeout'====== Args={}
2026-09-09 18:47:16,403 : INFO : SwitchController : <<<<<<< 's_08_left_flipper' inactive >>>>>>>
2026-09-09 18:47:16,403 : INFO : EventManager : Event: ======'both_flippers_inactive'====== Args={'triggering_group': 1, 'triggering_switch': 's_08_left_flipper'}
2026-09-09 18:47:17,004 : INFO : EventManager : Event: ======'ssh_clean_right_loop_timeout'====== Args={}
2026-09-09 18:47:17,004 : INFO : EventManager : Event: ======'ssh_clean_right_spinner_timeout'====== Args={}
2026-09-09 18:47:17,178 : INFO : EventManager : Event: ======'player_glasses_mode_glasses_position_confirm_tick'====== Args={'value': 1, 'prev_value': 0, 'change': 1, 'player_num': 1}
2026-09-09 18:47:17,178 : INFO : Timer.glasses_position_confirm : Timer Complete
2026-09-09 18:47:17,178 : INFO : Timer.glasses_position_confirm : Stopping Timer
2026-09-09 18:47:17,178 : INFO : EventManager : Event: ======'timer_glasses_position_confirm_stopped'====== Args={'ticks': 1, 'ticks_remaining': 1}
2026-09-09 18:47:17,178 : INFO : EventManager : Event: ======'timer_glasses_position_confirm_complete'====== Args={'ticks': 1, 'ticks_remaining': 1}
2026-09-09 18:47:17,180 : INFO : EventManager : Event: ======'varitarget_position_1_confirmed'====== Args={'priority': 0}
2026-09-09 18:47:17,180 : INFO : EventManager : Event: ======'glasses_enter_state_1'====== Args={'priority': 0}
2026-09-09 18:47:17,180 : INFO : EventManager : Event: ======'glasses_stop_all_shows'====== Args={'priority': 0}
2026-09-09 18:47:17,181 : INFO : EventManager : Event: ======'glasses_state_timer_stop'====== Args={'priority': 0}
2026-09-09 18:47:17,181 : INFO : EventManager : Event: ======'glasses_home_pulse_timer_stop'====== Args={'priority': 0}
2026-09-09 18:47:17,181 : INFO : EventManager : Event: ======'glasses_homing_cancel'====== Args={'priority': 0}
2026-09-09 18:47:17,181 : INFO : Timer.glasses_state_timer : Stopping Timer
2026-09-09 18:47:17,181 : INFO : EventManager : Event: ======'timer_glasses_state_timer_stopped'====== Args={'ticks': 0, 'ticks_remaining': 1}
2026-09-09 18:47:17,181 : INFO : Timer.glasses_home_pulse_timer : Stopping Timer
2026-09-09 18:47:17,181 : INFO : EventManager : Event: ======'timer_glasses_home_pulse_timer_stopped'====== Args={'ticks': 0, 'ticks_remaining': 1}
2026-09-09 18:47:17,686 : INFO : SwitchController : <<<<<<< 's_29_trough_6' active >>>>>>>
2026-09-09 18:47:17,686 : INFO : EventManager : Event: ======'machine_var_audits_switches_s_29_trough_6'====== Args={'value': 1768, 'prev_value': 1767, 'change': 1}
2026-09-09 18:47:17,717 : INFO : SwitchController : <<<<<<< 's_29_trough_6' inactive >>>>>>>
2026-09-09 18:47:17,733 : INFO : SwitchController : <<<<<<< 's_29_trough_6' active >>>>>>>
2026-09-09 18:47:17,733 : INFO : EventManager : Event: ======'machine_var_audits_switches_s_29_trough_6'====== Args={'value': 1769, 'prev_value': 1768, 'change': 1}
2026-09-09 18:47:17,983 : INFO : SwitchController : <<<<<<< 's_16_right_flipper' active >>>>>>>
2026-09-09 18:47:17,984 : INFO : EventManager : Event: ======'s_16_right_flipper_active'====== Args={}
2026-09-09 18:47:17,984 : INFO : EventManager : Event: ======'machine_var_audits_switches_s_16_right_flipper'====== Args={'value': 10602, 'prev_value': 10601, 'change': 1}
2026-09-09 18:47:17,985 : INFO : SwitchController : <<<<<<< 's_17_right_flipper_upper' active >>>>>>>
2026-09-09 18:47:17,985 : INFO : EventManager : Event: ======'machine_var_audits_switches_s_17_right_flipper_upper'====== Args={'value': 7701, 'prev_value': 7700, 'change': 1}
2026-09-09 18:47:17,986 : INFO : EventManager : Event: ======'player_bonus_count'====== Args={'value': 15, 'prev_value': 14, 'change': 1, 'player_num': 1, 'source': 'base'}
2026-09-09 18:47:17,998 : INFO : SwitchController : <<<<<<< 's_64_varitarget_position_1' active >>>>>>>
2026-09-09 18:47:17,998 : INFO : EventManager : Event: ======'playfield_active'====== Args={'source': 'varitarget_p1'}
2026-09-09 18:47:17,998 : INFO : EventManager : Event: ======'unexpected_ball_on_playfield'====== Args={}
2026-09-09 18:47:17,998 : INFO : EventManager : Event: ======'s_64_varitarget_position_1_active'====== Args={}
2026-09-09 18:47:17,998 : INFO : EventManager : Event: ======'sw_vari'====== Args={}
2026-09-09 18:47:17,998 : INFO : EventManager : Event: ======'machine_var_audits_switches_s_64_varitarget_position_1'====== Args={'value': 13628, 'prev_value': 13627, 'change': 1}
2026-09-09 18:47:17,999 : INFO : EventManager : Event: ======'glasses_pending_position_1'====== Args={'priority': 0}
2026-09-09 18:47:17,999 : INFO : EventManager : Event: ======'machine_var_audits_shots_varitarget_p1'====== Args={'value': 13605, 'prev_value': 13604, 'change': 1}
2026-09-09 18:47:18,000 : INFO : EventManager : Event: ======'varitarget_p1_hit'====== Args={'profile': 'default', 'state': 'lit', 'advancing': False}
2026-09-09 18:47:18,000 : INFO : EventManager : Event: ======'varitarget_p1_default_hit'====== Args={'profile': 'default', 'state': 'lit', 'advancing': False}
2026-09-09 18:47:18,000 : INFO : EventManager : Event: ======'varitarget_p1_default_lit_hit'====== Args={'profile': 'default', 'state': 'lit', 'advancing': False}
2026-09-09 18:47:18,000 : INFO : EventManager : Event: ======'varitarget_p1_lit_hit'====== Args={'profile': 'default', 'state': 'lit', 'advancing': False}
2026-09-09 18:47:18,000 : INFO : EventManager : Event: ======'varitarget_position_changed'====== Args={'priority': 0}
2026-09-09 18:47:18,000 : INFO : EventManager : Event: ======'varitarget_reset_stop'====== Args={'priority': 0}
2026-09-09 18:47:18,000 : INFO : EventManager : Event: ======'varitarget_reset_complete'====== Args={'priority': 0}
2026-09-09 18:47:18,000 : INFO : EventManager : Event: ======'glasses_position_confirm_restart'====== Args={'priority': 0}
2026-09-09 18:47:18,000 : INFO : EventManager : Event: ======'player_glasses_mode_glasses_position_confirm_tick'====== Args={'value': 0, 'prev_value': 1, 'change': -1, 'player_num': 1}
2026-09-09 18:47:18,000 : INFO : Timer.glasses_position_confirm : Starting Timer.
2026-09-09 18:47:18,000 : INFO : EventManager : Event: ======'timer_glasses_position_confirm_started'====== Args={'ticks': 0, 'ticks_remaining': 1}
2026-09-09 18:47:18,000 : INFO : EventManager : Event: ======'timer_glasses_position_confirm_tick'====== Args={'ticks': 0, 'ticks_remaining': 1}
2026-09-09 18:47:18,000 : INFO : EventManager : Event: ======'varitarget_positions_hit'====== Args={'shot': 'varitarget_p1'}
2026-09-09 18:47:18,001 : INFO : EventManager : Event: ======'varitarget_positions_lit_hit'====== Args={'shot': 'varitarget_p1'}
2026-09-09 18:47:18,001 : INFO : EventManager : Event: ======'varitarget_update_stable'====== Args={'priority': 0}
2026-09-09 18:47:18,001 : INFO : Timer.varitarget_reset_timer : Stopping Timer
2026-09-09 18:47:18,001 : INFO : EventManager : Event: ======'timer_varitarget_reset_timer_stopped'====== Args={'ticks': 1, 'ticks_remaining': 999998}
2026-09-09 18:47:18,001 : INFO : EventManager : Event: ======'player_score'====== Args={'value': 3792224, 'prev_value': 3792182, 'change': 42, 'player_num': 1, 'source': 'base'}
2026-09-09 18:47:18,014 : INFO : SwitchController : <<<<<<< 's_64_varitarget_position_1' inactive >>>>>>>
2026-09-09 18:47:18,014 : INFO : SwitchController : <<<<<<< 's_29_trough_6' inactive >>>>>>>
2026-09-09 18:47:18,029 : INFO : SwitchController : <<<<<<< 's_64_varitarget_position_1' active >>>>>>>
2026-09-09 18:47:18,029 : INFO : EventManager : Event: ======'playfield_active'====== Args={'source': 'varitarget_p1'}
2026-09-09 18:47:18,029 : INFO : EventManager : Event: ======'unexpected_ball_on_playfield'====== Args={}
2026-09-09 18:47:18,029 : INFO : EventManager : Event: ======'s_64_varitarget_position_1_active'====== Args={}
2026-09-09 18:47:18,029 : INFO : EventManager : Event: ======'sw_vari'====== Args={}
2026-09-09 18:47:18,029 : INFO : EventManager : Event: ======'machine_var_audits_switches_s_64_varitarget_position_1'====== Args={'value': 13629, 'prev_value': 13628, 'change': 1}
2026-09-09 18:47:18,030 : INFO : EventManager : Event: ======'glasses_pending_position_1'====== Args={'priority': 0}
2026-09-09 18:47:18,030 : INFO : EventManager : Event: ======'machine_var_audits_shots_varitarget_p1'====== Args={'value': 13606, 'prev_value': 13605, 'change': 1}
2026-09-09 18:47:18,030 : INFO : EventManager : Event: ======'varitarget_p1_hit'====== Args={'profile': 'default', 'state': 'lit', 'advancing': False}
2026-09-09 18:47:18,030 : INFO : EventManager : Event: ======'varitarget_p1_default_hit'====== Args={'profile': 'default', 'state': 'lit', 'advancing': False}
2026-09-09 18:47:18,030 : INFO : EventManager : Event: ======'varitarget_p1_default_lit_hit'====== Args={'profile': 'default', 'state': 'lit', 'advancing': False}
2026-09-09 18:47:18,030 : INFO : EventManager : Event: ======'varitarget_p1_lit_hit'====== Args={'profile': 'default', 'state': 'lit', 'advancing': False}
2026-09-09 18:47:18,031 : INFO : EventManager : Event: ======'varitarget_position_changed'====== Args={'priority': 0}
2026-09-09 18:47:18,031 : INFO : EventManager : Event: ======'varitarget_reset_stop'====== Args={'priority': 0}
2026-09-09 18:47:18,031 : INFO : EventManager : Event: ======'varitarget_reset_complete'====== Args={'priority': 0}
2026-09-09 18:47:18,031 : INFO : EventManager : Event: ======'glasses_position_confirm_restart'====== Args={'priority': 0}
2026-09-09 18:47:18,031 : INFO : EventManager : Event: ======'timer_glasses_position_confirm_tick'====== Args={'ticks': 0, 'ticks_remaining': 1}
2026-09-09 18:47:18,031 : INFO : EventManager : Event: ======'varitarget_positions_hit'====== Args={'shot': 'varitarget_p1'}
2026-09-09 18:47:18,031 : INFO : EventManager : Event: ======'varitarget_positions_lit_hit'====== Args={'shot': 'varitarget_p1'}
2026-09-09 18:47:18,031 : INFO : EventManager : Event: ======'varitarget_update_stable'====== Args={'priority': 0}
2026-09-09 18:47:18,031 : INFO : Timer.varitarget_reset_timer : Stopping Timer
2026-09-09 18:47:18,031 : INFO : EventManager : Event: ======'timer_varitarget_reset_timer_stopped'====== Args={'ticks': 1, 'ticks_remaining': 999998}
2026-09-09 18:47:18,031 : INFO : EventManager : Event: ======'player_score'====== Args={'value': 3792266, 'prev_value': 3792224, 'change': 42, 'player_num': 1, 'source': 'base'}
2026-09-09 18:47:18,061 : INFO : SwitchController : <<<<<<< 's_28_trough_5' active >>>>>>>
2026-09-09 18:47:18,061 : INFO : EventManager : Event: ======'machine_var_audits_switches_s_28_trough_5'====== Args={'value': 1597, 'prev_value': 1596, 'change': 1}
2026-09-09 18:47:18,062 : INFO : SwitchController : <<<<<<< 's_17_right_flipper_upper' inactive >>>>>>>
2026-09-09 18:47:18,062 : INFO : SwitchController : <<<<<<< 's_64_varitarget_position_1' inactive >>>>>>>
2026-09-09 18:47:18,063 : INFO : SwitchController : <<<<<<< 's_16_right_flipper' inactive >>>>>>>
2026-09-09 18:47:18,155 : INFO : SwitchController : <<<<<<< 's_16_right_flipper' active >>>>>>>
2026-09-09 18:47:18,155 : INFO : EventManager : Event: ======'s_16_right_flipper_active'====== Args={}
2026-09-09 18:47:18,155 : INFO : EventManager : Event: ======'machine_var_audits_switches_s_16_right_flipper'====== Args={'value': 10603, 'prev_value': 10602, 'change': 1}
2026-09-09 18:47:18,156 : INFO : EventManager : Event: ======'player_bonus_count'====== Args={'value': 16, 'prev_value': 15, 'change': 1, 'player_num': 1, 'source': 'base'}
2026-09-09 18:47:18,172 : INFO : SwitchController : <<<<<<< 's_17_right_flipper_upper' active >>>>>>>
2026-09-09 18:47:18,172 : INFO : EventManager : Event: ======'machine_var_audits_switches_s_17_right_flipper_upper'====== Args={'value': 7702, 'prev_value': 7701, 'change': 1}
2026-09-09 18:47:18,218 : INFO : SwitchController : <<<<<<< 's_64_varitarget_position_1' active >>>>>>>
2026-09-09 18:47:18,218 : INFO : EventManager : Event: ======'playfield_active'====== Args={'source': 'varitarget_p1'}
2026-09-09 18:47:18,218 : INFO : EventManager : Event: ======'unexpected_ball_on_playfield'====== Args={}
2026-09-09 18:47:18,218 : INFO : EventManager : Event: ======'s_64_varitarget_position_1_active'====== Args={}
2026-09-09 18:47:18,218 : INFO : EventManager : Event: ======'sw_vari'====== Args={}
2026-09-09 18:47:18,218 : INFO : EventManager : Event: ======'machine_var_audits_switches_s_64_varitarget_position_1'====== Args={'value': 13630, 'prev_value': 13629, 'change': 1}
2026-09-09 18:47:18,219 : INFO : EventManager : Event: ======'glasses_pending_position_1'====== Args={'priority': 0}
2026-09-09 18:47:18,219 : INFO : EventManager : Event: ======'machine_var_audits_shots_varitarget_p1'====== Args={'value': 13607, 'prev_value': 13606, 'change': 1}
2026-09-09 18:47:18,220 : INFO : EventManager : Event: ======'varitarget_p1_hit'====== Args={'profile': 'default', 'state': 'lit', 'advancing': False}
2026-09-09 18:47:18,220 : INFO : EventManager : Event: ======'varitarget_p1_default_hit'====== Args={'profile': 'default', 'state': 'lit', 'advancing': False}
2026-09-09 18:47:18,220 : INFO : EventManager : Event: ======'varitarget_p1_default_lit_hit'====== Args={'profile': 'default', 'state': 'lit', 'advancing': False}
2026-09-09 18:47:18,220 : INFO : EventManager : Event: ======'varitarget_p1_lit_hit'====== Args={'profile': 'default', 'state': 'lit', 'advancing': False}
2026-09-09 18:47:18,220 : INFO : EventManager : Event: ======'varitarget_position_changed'====== Args={'priority': 0}
2026-09-09 18:47:18,220 : INFO : EventManager : Event: ======'varitarget_reset_stop'====== Args={'priority': 0}
2026-09-09 18:47:18,220 : INFO : EventManager : Event: ======'varitarget_reset_complete'====== Args={'priority': 0}
2026-09-09 18:47:18,220 : INFO : EventManager : Event: ======'glasses_position_confirm_restart'====== Args={'priority': 0}
2026-09-09 18:47:18,220 : INFO : EventManager : Event: ======'timer_glasses_position_confirm_tick'====== Args={'ticks': 0, 'ticks_remaining': 1}
2026-09-09 18:47:18,220 : INFO : EventManager : Event: ======'varitarget_positions_hit'====== Args={'shot': 'varitarget_p1'}
2026-09-09 18:47:18,220 : INFO : EventManager : Event: ======'varitarget_positions_lit_hit'====== Args={'shot': 'varitarget_p1'}
2026-09-09 18:47:18,220 : INFO : EventManager : Event: ======'varitarget_update_stable'====== Args={'priority': 0}
2026-09-09 18:47:18,221 : INFO : Timer.varitarget_reset_timer : Stopping Timer
2026-09-09 18:47:18,221 : INFO : EventManager : Event: ======'timer_varitarget_reset_timer_stopped'====== Args={'ticks': 1, 'ticks_remaining': 999998}
2026-09-09 18:47:18,221 : INFO : EventManager : Event: ======'player_score'====== Args={'value': 3792308, 'prev_value': 3792266, 'change': 42, 'player_num': 1, 'source': 'base'}
2026-09-09 18:47:18,221 : INFO : SwitchController : <<<<<<< 's_64_varitarget_position_1' inactive >>>>>>>
2026-09-09 18:47:18,234 : INFO : SwitchController : <<<<<<< 's_28_trough_5' inactive >>>>>>>
2026-09-09 18:47:18,250 : INFO : SwitchController : <<<<<<< 's_27_trough_4' active >>>>>>>
2026-09-09 18:47:18,250 : INFO : EventManager : Event: ======'machine_var_audits_switches_s_27_trough_4'====== Args={'value': 1808, 'prev_value': 1807, 'change': 1}
2026-09-09 18:47:18,251 : INFO : SwitchController : <<<<<<< 's_17_right_flipper_upper' inactive >>>>>>>
2026-09-09 18:47:18,266 : INFO : SwitchController : <<<<<<< 's_16_right_flipper' inactive >>>>>>>
2026-09-09 18:47:18,360 : INFO : SwitchController : <<<<<<< 's_16_right_flipper' active >>>>>>>
2026-09-09 18:47:18,360 : INFO : EventManager : Event: ======'s_16_right_flipper_active'====== Args={}
2026-09-09 18:47:18,360 : INFO : EventManager : Event: ======'machine_var_audits_switches_s_16_right_flipper'====== Args={'value': 10604, 'prev_value': 10603, 'change': 1}
2026-09-09 18:47:18,361 : INFO : EventManager : Event: ======'player_bonus_count'====== Args={'value': 17, 'prev_value': 16, 'change': 1, 'player_num': 1, 'source': 'base'}
2026-09-09 18:47:18,376 : INFO : SwitchController : <<<<<<< 's_17_right_flipper_upper' active >>>>>>>
2026-09-09 18:47:18,376 : INFO : EventManager : Event: ======'machine_var_audits_switches_s_17_right_flipper_upper'====== Args={'value': 7703, 'prev_value': 7702, 'change': 1}
2026-09-09 18:47:18,377 : INFO : SwitchController : <<<<<<< 's_27_trough_4' inactive >>>>>>>
2026-09-09 18:47:18,392 : INFO : SwitchController : <<<<<<< 's_26_trough_3' active >>>>>>>
2026-09-09 18:47:18,392 : INFO : EventManager : Event: ======'machine_var_audits_switches_s_26_trough_3'====== Args={'value': 2229, 'prev_value': 2228, 'change': 1}
2026-09-09 18:47:18,408 : INFO : SwitchController : <<<<<<< 's_17_right_flipper_upper' inactive >>>>>>>
2026-09-09 18:47:18,425 : INFO : SwitchController : <<<<<<< 's_16_right_flipper' inactive >>>>>>>
2026-09-09 18:47:18,899 : INFO : EventManager : Event: ======'balldevice_bd_trough_ball_count_changed'====== Args={'balls': 3}
2026-09-09 18:47:18,899 : INFO : ball_device.bd_trough : Received unexpected ball
2026-09-09 18:47:18,899 : INFO : EventManager : Event: ======'balldevice_captured_from_playfield'====== Args={'balls': 1}
2026-09-09 18:47:18,900 : INFO : EventManager : Event: ======'sw_playfield_active'====== Args={'balls': 1}
2026-09-09 18:47:18,900 : INFO : EventManager : Event: ======'playfield_active'====== Args={'source': None}
2026-09-09 18:47:18,900 : INFO : EventManager : Event: ======'unexpected_ball_on_playfield'====== Args={}
2026-09-09 18:47:18,900 : INFO : EventManager : Event: ======'playfield_ball_count_change'====== Args={'balls': -1, 'change': -1}
2026-09-09 18:47:18,900 : INFO : EventManager : Event: ======'balldevice_bd_trough_ball_enter'====== Args={'new_balls': 1, 'unclaimed_balls': 1, 'new_available_balls': 1, 'device': <ball_device.bd_trough>}
2026-09-09 18:47:18,901 : INFO : EventManager : Event: ======'ball_drain'====== Args={'device': <ball_device.bd_trough>, 'balls': 1}
2026-09-09 18:47:18,902 : INFO : EventManager : Event: ======'ball_will_end'====== Args={}
2026-09-09 18:47:18,902 : INFO : EventManager : Event: ======'balldevice_balls_available'====== Args={}
2026-09-09 18:47:18,902 : INFO : EventManager : Event: ======'balldevice_bd_trough_ball_entered'====== Args={'new_balls': 1, 'device': <ball_device.bd_trough>}
2026-09-09 18:47:18,902 : INFO : EventManager : Event: ======'mode_stars_mode_will_stop'====== Args={}
2026-09-09 18:47:18,902 : INFO : EventManager : Event: ======'mode_stars_mode_stopping'====== Args={}
2026-09-09 18:47:18,902 : INFO : EventManager : Event: ======'mode_spinner_2x_qualify_will_stop'====== Args={}
2026-09-09 18:47:18,903 : INFO : EventManager : Event: ======'mode_spinner_2x_qualify_stopping'====== Args={}
2026-09-09 18:47:18,903 : INFO : EventManager : Event: ======'awareness_consume_ready_display_stop'====== Args={'priority': 0}
2026-09-09 18:47:18,903 : INFO : EventManager : Event: ======'awareness_consume_ready_lightshow_stop'====== Args={'priority': 0}
2026-09-09 18:47:18,903 : INFO : EventManager : Event: ======'mode_base_will_stop'====== Args={}
2026-09-09 18:47:18,903 : INFO : EventManager : Event: ======'mode_base_stopping'====== Args={}
2026-09-09 18:47:18,903 : INFO : Mode.spinner_2x_qualify : Stopped.
2026-09-09 18:47:18,903 : INFO : EventManager : Event: ======'modes_active_modes_changed'====== Args={}
2026-09-09 18:47:18,903 : INFO : EventManager : Event: ======'mode_spinner_2x_qualify_stopped'====== Args={}
2026-09-09 18:47:18,903 : INFO : EventManager : Event: ======'clear'====== Args={'key': 'spinner_2x_qualify'}
2026-09-09 18:47:18,904 : INFO : Mode.stars_mode : Stopped.
2026-09-09 18:47:18,904 : INFO : EventManager : Event: ======'modes_active_modes_changed'====== Args={}
2026-09-09 18:47:18,904 : INFO : EventManager : Event: ======'mode_stars_mode_stopped'====== Args={}
2026-09-09 18:47:18,904 : INFO : EventManager : Event: ======'clear'====== Args={'key': 'stars_mode'}
2026-09-09 18:47:18,904 : INFO : EventManager : Event: ======'mode_glasses_mode_will_stop'====== Args={}
2026-09-09 18:47:18,904 : INFO : EventManager : Event: ======'mode_glasses_mode_stopping'====== Args={}
2026-09-09 18:47:18,904 : INFO : EventManager : Event: ======'mode_super_pops_will_stop'====== Args={}
2026-09-09 18:47:18,904 : INFO : EventManager : Event: ======'mode_super_pops_stopping'====== Args={}
2026-09-09 18:47:18,904 : INFO : Timer.varitarget_reset_timer : Stopping Timer
2026-09-09 18:47:18,905 : INFO : EventManager : Event: ======'timer_varitarget_reset_timer_stopped'====== Args={'ticks': 1, 'ticks_remaining': 999998}
2026-09-09 18:47:18,905 : INFO : Timer.varitarget_hit_settle : Stopping Timer
2026-09-09 18:47:18,905 : INFO : EventManager : Event: ======'timer_varitarget_hit_settle_stopped'====== Args={'ticks': 3, 'ticks_remaining': 1}
2026-09-09 18:47:18,905 : INFO : Mode.base : Stopped.
2026-09-09 18:47:18,905 : INFO : EventManager : Event: ======'modes_active_modes_changed'====== Args={}
2026-09-09 18:47:18,907 : INFO : EventManager : Event: ======'mode_base_stopped'====== Args={}
2026-09-09 18:47:18,907 : INFO : EventManager : Event: ======'clear'====== Args={'key': 'base'}
2026-09-09 18:47:18,907 : INFO : EventManager : Event: ======'mode_shotgun_will_stop'====== Args={}
2026-09-09 18:47:18,907 : INFO : EventManager : Event: ======'mode_shotgun_stopping'====== Args={}
2026-09-09 18:47:18,908 : INFO : Timer.varitarget_reset_timer : Stopping Timer
2026-09-09 18:47:18,908 : INFO : EventManager : Event: ======'timer_varitarget_reset_timer_stopped'====== Args={'ticks': 1, 'ticks_remaining': 999998}
2026-09-09 18:47:18,908 : INFO : Timer.varitarget_hit_settle : Stopping Timer
2026-09-09 18:47:18,908 : INFO : EventManager : Event: ======'timer_varitarget_hit_settle_stopped'====== Args={'ticks': 3, 'ticks_remaining': 1}
2026-09-09 18:47:18,909 : INFO : Mode.super_pops : Stopped.
2026-09-09 18:47:18,909 : INFO : EventManager : Event: ======'modes_active_modes_changed'====== Args={}
2026-09-09 18:47:18,909 : INFO : EventManager : Event: ======'mode_super_pops_stopped'====== Args={}
2026-09-09 18:47:18,909 : INFO : EventManager : Event: ======'clear'====== Args={'key': 'super_pops'}
2026-09-09 18:47:18,909 : INFO : Timer.super_pops_mult_timer : Stopping Timer
2026-09-09 18:47:18,909 : INFO : EventManager : Event: ======'timer_super_pops_mult_timer_stopped'====== Args={'ticks': 0, 'ticks_remaining': 1}
2026-09-09 18:47:18,909 : INFO : Timer.stars_10x_timer : Stopping Timer
2026-09-09 18:47:18,909 : INFO : EventManager : Event: ======'timer_stars_10x_timer_stopped'====== Args={'ticks': 0, 'ticks_remaining': 0}
2026-09-09 18:47:18,909 : INFO : Timer.stars_s80_hold : Stopping Timer
2026-09-09 18:47:18,909 : INFO : EventManager : Event: ======'timer_stars_s80_hold_stopped'====== Args={'ticks': 0, 'ticks_remaining': 0}
2026-09-09 18:47:18,909 : INFO : EventManager : Event: ======'ball_ending'====== Args={}
2026-09-09 18:47:18,910 : INFO : EventManager : Event: ======'glasses_stop_all_shows'====== Args={'priority': 0}
2026-09-09 18:47:18,910 : INFO : EventManager : Event: ======'glasses_position_confirm_stop'====== Args={'priority': 0}
2026-09-09 18:47:18,910 : INFO : EventManager : Event: ======'glasses_state_timer_stop'====== Args={'priority': 0}
2026-09-09 18:47:18,910 : INFO : EventManager : Event: ======'glasses_home_pulse_timer_stop'====== Args={'priority': 0}
2026-09-09 18:47:18,910 : INFO : EventManager : Event: ======'glasses_homing_cancel'====== Args={'priority': 0}
2026-09-09 18:47:18,910 : INFO : Timer.glasses_position_confirm : Stopping Timer
2026-09-09 18:47:18,910 : INFO : EventManager : Event: ======'timer_glasses_position_confirm_stopped'====== Args={'ticks': 0, 'ticks_remaining': 1}
2026-09-09 18:47:18,910 : INFO : Timer.glasses_state_timer : Stopping Timer
2026-09-09 18:47:18,910 : INFO : EventManager : Event: ======'timer_glasses_state_timer_stopped'====== Args={'ticks': 0, 'ticks_remaining': 1}
2026-09-09 18:47:18,910 : INFO : Timer.glasses_home_pulse_timer : Stopping Timer
2026-09-09 18:47:18,910 : INFO : EventManager : Event: ======'timer_glasses_home_pulse_timer_stopped'====== Args={'ticks': 0, 'ticks_remaining': 1}
2026-09-09 18:47:18,910 : INFO : Mode.glasses_mode : Stopped.
2026-09-09 18:47:18,910 : INFO : EventManager : Event: ======'modes_active_modes_changed'====== Args={}
2026-09-09 18:47:18,911 : INFO : EventManager : Event: ======'mode_glasses_mode_stopped'====== Args={}
2026-09-09 18:47:18,911 : INFO : EventManager : Event: ======'clear'====== Args={'key': 'glasses_mode'}
2026-09-09 18:47:18,911 : INFO : Timer.glasses_position_confirm : Stopping Timer
2026-09-09 18:47:18,911 : INFO : EventManager : Event: ======'timer_glasses_position_confirm_stopped'====== Args={'ticks': 0, 'ticks_remaining': 1}
2026-09-09 18:47:18,911 : INFO : Timer.glasses_state_timer : Stopping Timer
2026-09-09 18:47:18,911 : INFO : EventManager : Event: ======'timer_glasses_state_timer_stopped'====== Args={'ticks': 0, 'ticks_remaining': 1}
2026-09-09 18:47:18,911 : INFO : Timer.glasses_home_pulse_timer : Stopping Timer
2026-09-09 18:47:18,911 : INFO : EventManager : Event: ======'timer_glasses_home_pulse_timer_stopped'====== Args={'ticks': 0, 'ticks_remaining': 1}
2026-09-09 18:47:18,911 : INFO : Timer.glasses_home_pulse_timer : Stopping Timer
2026-09-09 18:47:18,911 : INFO : EventManager : Event: ======'timer_glasses_home_pulse_timer_stopped'====== Args={'ticks': 0, 'ticks_remaining': 1}
2026-09-09 18:47:18,911 : INFO : Timer.glasses_position_confirm : Stopping Timer
2026-09-09 18:47:18,911 : INFO : EventManager : Event: ======'timer_glasses_position_confirm_stopped'====== Args={'ticks': 0, 'ticks_remaining': 1}
2026-09-09 18:47:18,911 : INFO : Timer.glasses_state_timer : Stopping Timer
2026-09-09 18:47:18,911 : INFO : EventManager : Event: ======'timer_glasses_state_timer_stopped'====== Args={'ticks': 0, 'ticks_remaining': 1}
2026-09-09 18:47:18,911 : INFO : Timer.top_lane_a_countdown_timer : Stopping Timer
2026-09-09 18:47:18,911 : INFO : EventManager : Event: ======'timer_top_lane_a_countdown_timer_stopped'====== Args={'ticks': 30, 'ticks_remaining': 30}
2026-09-09 18:47:18,911 : INFO : Timer.top_lane_b_countdown_timer : Stopping Timer
2026-09-09 18:47:18,911 : INFO : EventManager : Event: ======'timer_top_lane_b_countdown_timer_stopped'====== Args={'ticks': 30, 'ticks_remaining': 30}
2026-09-09 18:47:18,911 : INFO : Timer.fourbank_reset_check_timer : Stopping Timer
2026-09-09 18:47:18,911 : INFO : EventManager : Event: ======'timer_fourbank_reset_check_timer_stopped'====== Args={'ticks': 1, 'ticks_remaining': 1}
2026-09-09 18:47:18,911 : INFO : Timer.fourbank_reset_retry_timer : Stopping Timer
2026-09-09 18:47:18,912 : INFO : EventManager : Event: ======'timer_fourbank_reset_retry_timer_stopped'====== Args={'ticks': 0, 'ticks_remaining': 0}
2026-09-09 18:47:18,912 : INFO : Timer.threebank_reset_check_timer : Stopping Timer
2026-09-09 18:47:18,912 : INFO : EventManager : Event: ======'timer_threebank_reset_check_timer_stopped'====== Args={'ticks': 0, 'ticks_remaining': 0}
2026-09-09 18:47:18,912 : INFO : Timer.threebank_reset_retry_timer : Stopping Timer
2026-09-09 18:47:18,912 : INFO : EventManager : Event: ======'timer_threebank_reset_retry_timer_stopped'====== Args={'ticks': 0, 'ticks_remaining': 0}
2026-09-09 18:47:18,912 : INFO : Mode.shotgun : Stopped.
2026-09-09 18:47:18,912 : INFO : EventManager : Event: ======'modes_active_modes_changed'====== Args={}
2026-09-09 18:47:18,912 : INFO : EventManager : Event: ======'mode_shotgun_stopped'====== Args={}
2026-09-09 18:47:18,912 : INFO : EventManager : Event: ======'clear'====== Args={'key': 'shotgun'}
2026-09-09 18:47:18,912 : INFO : Timer.drop_1_4_7_step_3_timer : Stopping Timer
2026-09-09 18:47:18,913 : INFO : EventManager : Event: ======'timer_drop_1_4_7_step_3_timer_stopped'====== Args={'ticks': 0, 'ticks_remaining': 0}
2026-09-09 18:47:18,913 : INFO : Timer.top_lane_b_countdown_timer : Stopping Timer
2026-09-09 18:47:18,913 : INFO : EventManager : Event: ======'timer_top_lane_b_countdown_timer_stopped'====== Args={'ticks': 30, 'ticks_remaining': 30}
2026-09-09 18:47:18,913 : INFO : Timer.threebank_reset_check_timer : Stopping Timer
2026-09-09 18:47:18,913 : INFO : EventManager : Event: ======'timer_threebank_reset_check_timer_stopped'====== Args={'ticks': 0, 'ticks_remaining': 0}
2026-09-09 18:47:18,913 : INFO : Timer.fourbank_drop_3_trip_timer : Stopping Timer
2026-09-09 18:47:18,913 : INFO : EventManager : Event: ======'timer_fourbank_drop_3_trip_timer_stopped'====== Args={'ticks': 1, 'ticks_remaining': 1}
2026-09-09 18:47:18,913 : INFO : Timer.threebank_drop_3_trip_timer : Stopping Timer
2026-09-09 18:47:18,913 : INFO : EventManager : Event: ======'timer_threebank_drop_3_trip_timer_stopped'====== Args={'ticks': 1, 'ticks_remaining': 1}
2026-09-09 18:47:18,913 : INFO : Timer.drop_1_4_7_step_4_timer : Stopping Timer
2026-09-09 18:47:18,913 : INFO : EventManager : Event: ======'timer_drop_1_4_7_step_4_timer_stopped'====== Args={'ticks': 0, 'ticks_remaining': 0}
2026-09-09 18:47:18,913 : INFO : Timer.fourbank_reset_check_timer : Stopping Timer
2026-09-09 18:47:18,913 : INFO : EventManager : Event: ======'timer_fourbank_reset_check_timer_stopped'====== Args={'ticks': 1, 'ticks_remaining': 1}
2026-09-09 18:47:18,913 : INFO : Timer.threebank_reset_retry_timer : Stopping Timer
2026-09-09 18:47:18,913 : INFO : EventManager : Event: ======'timer_threebank_reset_retry_timer_stopped'====== Args={'ticks': 0, 'ticks_remaining': 0}
2026-09-09 18:47:18,914 : INFO : Timer.threebank_drop_1_trip_timer : Stopping Timer
2026-09-09 18:47:18,914 : INFO : EventManager : Event: ======'timer_threebank_drop_1_trip_timer_stopped'====== Args={'ticks': 1, 'ticks_remaining': 1}
2026-09-09 18:47:18,914 : INFO : Timer.drop_1_4_7_step_2_timer : Stopping Timer
2026-09-09 18:47:18,914 : INFO : EventManager : Event: ======'timer_drop_1_4_7_step_2_timer_stopped'====== Args={'ticks': 0, 'ticks_remaining': 0}
2026-09-09 18:47:18,914 : INFO : Timer.drop_1_4_7_ready_timer : Stopping Timer
2026-09-09 18:47:18,914 : INFO : EventManager : Event: ======'timer_drop_1_4_7_ready_timer_stopped'====== Args={'ticks': 0, 'ticks_remaining': 0}
2026-09-09 18:47:18,914 : INFO : Timer.top_lane_a_countdown_timer : Stopping Timer
2026-09-09 18:47:18,914 : INFO : EventManager : Event: ======'timer_top_lane_a_countdown_timer_stopped'====== Args={'ticks': 30, 'ticks_remaining': 30}
2026-09-09 18:47:18,914 : INFO : Timer.fourbank_reset_retry_timer : Stopping Timer
2026-09-09 18:47:18,914 : INFO : EventManager : Event: ======'timer_fourbank_reset_retry_timer_stopped'====== Args={'ticks': 0, 'ticks_remaining': 0}
2026-09-09 18:47:18,914 : INFO : Timer.fourbank_drop_2_trip_timer : Stopping Timer
2026-09-09 18:47:18,914 : INFO : EventManager : Event: ======'timer_fourbank_drop_2_trip_timer_stopped'====== Args={'ticks': 1, 'ticks_remaining': 1}
2026-09-09 18:47:18,914 : INFO : Timer.threebank_drop_2_trip_timer : Stopping Timer
2026-09-09 18:47:18,914 : INFO : EventManager : Event: ======'timer_threebank_drop_2_trip_timer_stopped'====== Args={'ticks': 1, 'ticks_remaining': 1}
2026-09-09 18:47:18,915 : INFO : EventManager : Event: ======'mode_resistance_will_stop'====== Args={}
2026-09-09 18:47:18,915 : INFO : EventManager : Event: ======'mode_resistance_stopping'====== Args={}
2026-09-09 18:47:18,915 : INFO : EventManager : Event: ======'mode_bonus_will_start'====== Args={'queue': <QueuedEvent>}
2026-09-09 18:47:18,916 : INFO : EventManager : Event: ======'mode_bonus_starting'====== Args={'queue': <QueuedEvent>}
2026-09-09 18:47:18,916 : INFO : Mode.bonus : Started. Priority: 500
2026-09-09 18:47:18,916 : INFO : EventManager : Event: ======'modes_active_modes_changed'====== Args={}
2026-09-09 18:47:18,916 : INFO : EventManager : Event: ======'mode_bonus_started'====== Args={'queue': <QueuedEvent>}
2026-09-09 18:47:18,916 : INFO : EventManager : Event: ======'bonus_start'====== Args={}
2026-09-09 18:47:18,917 : INFO : Mode.resistance : Stopped.
2026-09-09 18:47:18,917 : INFO : EventManager : Event: ======'modes_active_modes_changed'====== Args={}
2026-09-09 18:47:18,917 : INFO : EventManager : Event: ======'mode_resistance_stopped'====== Args={}
2026-09-09 18:47:18,917 : INFO : EventManager : Event: ======'clear'====== Args={'key': 'resistance'}
2026-09-09 18:47:18,917 : INFO : Timer.resistance_qual_lights_10_5_timer : Stopping Timer
2026-09-09 18:47:18,917 : INFO : EventManager : Event: ======'timer_resistance_qual_lights_10_5_timer_stopped'====== Args={'ticks': 5, 'ticks_remaining': 0}
2026-09-09 18:47:18,917 : INFO : Timer.state_3_resistance_active_timer : Stopping Timer
2026-09-09 18:47:18,917 : INFO : EventManager : Event: ======'timer_state_3_resistance_active_timer_stopped'====== Args={'ticks': 15, 'ticks_remaining': 0}
2026-09-09 18:47:18,917 : INFO : Timer.state_5_resistance_active_timer : Stopping Timer
2026-09-09 18:47:18,918 : INFO : EventManager : Event: ======'timer_state_5_resistance_active_timer_stopped'====== Args={'ticks': 10, 'ticks_remaining': 0}
2026-09-09 18:47:18,918 : INFO : Timer.right_inlane_countdown_timer : Stopping Timer
2026-09-09 18:47:18,918 : INFO : EventManager : Event: ======'timer_right_inlane_countdown_timer_stopped'====== Args={'ticks': 15, 'ticks_remaining': 0}
2026-09-09 18:47:18,918 : INFO : Timer.resistance_qual_lights_4_0_timer : Stopping Timer
2026-09-09 18:47:18,918 : INFO : EventManager : Event: ======'timer_resistance_qual_lights_4_0_timer_stopped'====== Args={'ticks': 4, 'ticks_remaining': 0}
2026-09-09 18:47:18,918 : INFO : Timer.state_4_resistance_active_timer : Stopping Timer
2026-09-09 18:47:18,918 : INFO : EventManager : Event: ======'timer_state_4_resistance_active_timer_stopped'====== Args={'ticks': 15, 'ticks_remaining': 0}
2026-09-09 18:47:18,918 : INFO : Timer.resistance_qual_lights_15_11_timer : Stopping Timer
2026-09-09 18:47:18,918 : INFO : EventManager : Event: ======'timer_resistance_qual_lights_15_11_timer_stopped'====== Args={'ticks': 4, 'ticks_remaining': 0}
2026-09-09 18:47:18,918 : INFO : Timer.state_2_resistance_active_timer : Stopping Timer
2026-09-09 18:47:18,918 : INFO : EventManager : Event: ======'timer_state_2_resistance_active_timer_stopped'====== Args={'ticks': 15, 'ticks_remaining': 0}
2026-09-09 18:47:18,937 : INFO : EventManager : Event: ======'slide_bonus_created'====== Args={'_from_bcp': True}
2026-09-09 18:47:18,937 : INFO : EventManager : Event: ======'slide_base_slide_inactive'====== Args={'is_removing': True, '_from_bcp': True}
2026-09-09 18:47:18,938 : INFO : EventManager : Event: ======'slide_bonus_active'====== Args={'original_context': 'bonus', 'original_calling_context': 'mode_bonus_started', 'priority': 500.0, 'queue': '<QueuedEvent>', 'cmd': 'slides_play', '_from_bcp': True}
2026-09-09 18:47:18,954 : INFO : EventManager : Event: ======'slide_base_slide_removed'====== Args={'_from_bcp': True}
2026-09-09 18:47:20,404 : INFO : Mode.bonus : Bonus Entry 'base_bonus': score: 170000 player_score_entry: bonus_count=17
2026-09-09 18:47:20,404 : INFO : EventManager : Event: ======'bonus_entry'====== Args={'entry': 'base_bonus', 'score': 170000, 'text': 'BONUS', 'bonus_score': 170000, 'hits': 17}
2026-09-09 18:47:21,893 : INFO : EventManager : Event: ======'player_score'====== Args={'value': 3962308, 'prev_value': 3792308, 'change': 170000, 'player_num': 1, 'source': 'bonus'}
2026-09-09 18:47:21,893 : INFO : EventManager : Event: ======'bonus_entry'====== Args={'entry': 'total', 'text': 'Total Bonus', 'score': 170000}
2026-09-09 18:47:23,391 : INFO : EventManager : Event: ======'mode_bonus_will_stop'====== Args={}
2026-09-09 18:47:23,391 : INFO : EventManager : Event: ======'mode_bonus_stopping'====== Args={}
2026-09-09 18:47:23,391 : INFO : Mode.bonus : Stopped.
2026-09-09 18:47:23,391 : INFO : EventManager : Event: ======'modes_active_modes_changed'====== Args={}
2026-09-09 18:47:23,391 : INFO : EventManager : Event: ======'mode_bonus_stopped'====== Args={}
2026-09-09 18:47:23,391 : INFO : EventManager : Event: ======'clear'====== Args={'key': 'bonus'}
2026-09-09 18:47:23,392 : INFO : EventManager : Event: ======'mode_autoplunge_will_stop'====== Args={}
2026-09-09 18:47:23,392 : INFO : EventManager : Event: ======'mode_autoplunge_stopping'====== Args={}
2026-09-09 18:47:23,392 : INFO : Timer.t_auto_plunge : Stopping Timer
2026-09-09 18:47:23,392 : INFO : EventManager : Event: ======'timer_t_auto_plunge_stopped'====== Args={'ticks': 0, 'ticks_remaining': 1}
2026-09-09 18:47:23,392 : INFO : EventManager : Event: ======'mode_brian_combo_will_stop'====== Args={}
2026-09-09 18:47:23,392 : INFO : EventManager : Event: ======'mode_brian_combo_stopping'====== Args={}
2026-09-09 18:47:23,392 : INFO : EventManager : Event: ======'mode_awareness_will_stop'====== Args={}
2026-09-09 18:47:23,393 : INFO : EventManager : Event: ======'mode_awareness_stopping'====== Args={}
2026-09-09 18:47:23,393 : INFO : Mode.awareness : Stopped.
2026-09-09 18:47:23,393 : INFO : EventManager : Event: ======'modes_active_modes_changed'====== Args={}
2026-09-09 18:47:23,393 : INFO : EventManager : Event: ======'mode_awareness_stopped'====== Args={}
2026-09-09 18:47:23,393 : INFO : EventManager : Event: ======'clear'====== Args={'key': 'awareness'}
2026-09-09 18:47:23,394 : INFO : Mode.brian_combo : Stopped.
2026-09-09 18:47:23,394 : INFO : EventManager : Event: ======'modes_active_modes_changed'====== Args={}
2026-09-09 18:47:23,394 : INFO : EventManager : Event: ======'mode_brian_combo_stopped'====== Args={}
2026-09-09 18:47:23,394 : INFO : EventManager : Event: ======'clear'====== Args={'key': 'brian_combo'}
2026-09-09 18:47:23,394 : INFO : Mode.autoplunge : Stopped.
2026-09-09 18:47:23,394 : INFO : EventManager : Event: ======'modes_active_modes_changed'====== Args={}
2026-09-09 18:47:23,394 : INFO : EventManager : Event: ======'mode_autoplunge_stopped'====== Args={}
2026-09-09 18:47:23,394 : INFO : EventManager : Event: ======'clear'====== Args={'key': 'autoplunge'}
2026-09-09 18:47:23,394 : INFO : Timer.t_auto_plunge : Stopping Timer
2026-09-09 18:47:23,394 : INFO : EventManager : Event: ======'timer_t_auto_plunge_stopped'====== Args={'ticks': 0, 'ticks_remaining': 1}
2026-09-09 18:47:23,395 : INFO : EventManager : Event: ======'ball_ended'====== Args={}
2026-09-09 18:47:23,397 : INFO : EventManager : Event: ======'player_turn_will_end'====== Args={'player': <Player 1>, 'number': 1}
2026-09-09 18:47:23,402 : INFO : EventManager : Event: ======'player_turn_ending'====== Args={'player': <Player 1>, 'number': 1}
2026-09-09 18:47:23,402 : INFO : EventManager : Event: ======'player_turn_ended'====== Args={'player': <Player 1>, 'number': 1}
2026-09-09 18:47:23,403 : INFO : EventManager : Event: ======'player_turn_will_start'====== Args={'player': <Player 1>, 'number': 1}
2026-09-09 18:47:23,404 : INFO : EventManager : Event: ======'player_turn_starting'====== Args={'player': <Player 1>, 'number': 1}
2026-09-09 18:47:23,404 : INFO : EventManager : Event: ======'player_ball'====== Args={'value': 3, 'prev_value': 2, 'change': 1, 'player_num': 1}
2026-09-09 18:47:23,404 : INFO : EventManager : Event: ======'player_turn_started'====== Args={'player': <Player 1>, 'number': 1}
2026-09-09 18:47:23,405 : INFO : EventManager : Event: ======'ball_will_start'====== Args={'player': 1, 'ball': 3, 'balls_remaining': 0, 'is_extra_ball': False}
2026-09-09 18:47:23,405 : INFO : EventManager : Event: ======'ball_starting'====== Args={'player': 1, 'ball': 3, 'balls_remaining': 0, 'is_extra_ball': False}
2026-09-09 18:47:23,406 : INFO : EventManager : Event: ======'mode_skillshot_will_start'====== Args={'queue': <QueuedEvent>, 'player': 1, 'ball': 3, 'balls_remaining': 0, 'is_extra_ball': False}
2026-09-09 18:47:23,414 : INFO : EventManager : Event: ======'mode_skillshot_starting'====== Args={'queue': <QueuedEvent>, 'player': 1, 'ball': 3, 'balls_remaining': 0, 'is_extra_ball': False}
2026-09-09 18:47:23,414 : INFO : EventManager : Event: ======'mode_awareness_will_start'====== Args={'queue': <QueuedEvent>, 'player': 1, 'ball': 3, 'balls_remaining': 0, 'is_extra_ball': False}
2026-09-09 18:47:23,418 : INFO : EventManager : Event: ======'mode_awareness_starting'====== Args={'queue': <QueuedEvent>, 'player': 1, 'ball': 3, 'balls_remaining': 0, 'is_extra_ball': False}
2026-09-09 18:47:23,418 : INFO : EventManager : Event: ======'mode_base_will_start'====== Args={'queue': <QueuedEvent>, 'player': 1, 'ball': 3, 'balls_remaining': 0, 'is_extra_ball': False}
2026-09-09 18:47:23,422 : INFO : EventManager : Event: ======'player_base_varitarget_reset_timer_tick'====== Args={'value': 0, 'prev_value': 1, 'change': -1, 'player_num': 1}
2026-09-09 18:47:23,427 : INFO : EventManager : Event: ======'mode_base_starting'====== Args={'queue': <QueuedEvent>, 'player': 1, 'ball': 3, 'balls_remaining': 0, 'is_extra_ball': False}
2026-09-09 18:47:23,428 : INFO : coil.c_40_fourbank_drop_reset : Pulsing Driver for 10ms (1.0 pulse_power)
2026-09-09 18:47:23,428 : INFO : coil.c_32_threebank_drop_reset : Pulsing Driver for 10ms (1.0 pulse_power)
2026-09-09 18:47:23,428 : INFO : coil.c_32_threebank_drop_reset : Pulsing Driver for 10ms (1.0 pulse_power)
2026-09-09 18:47:23,429 : INFO : Mode.base : Started. Priority: 100
2026-09-09 18:47:23,429 : INFO : EventManager : Event: ======'modes_active_modes_changed'====== Args={}
2026-09-09 18:47:23,429 : INFO : EventManager : Event: ======'mode_base_started'====== Args={'queue': <QueuedEvent>, 'player': 1, 'ball': 3, 'balls_remaining': 0, 'is_extra_ball': False}
2026-09-09 18:47:23,429 : INFO : EventManager : Event: ======'mode_glasses_mode_will_start'====== Args={'queue': <QueuedEvent>, 'player': 1, 'ball': 3, 'balls_remaining': 0, 'is_extra_ball': False}
2026-09-09 18:47:23,434 : INFO : EventManager : Event: ======'mode_glasses_mode_starting'====== Args={'queue': <QueuedEvent>, 'player': 1, 'ball': 3, 'balls_remaining': 0, 'is_extra_ball': False}
2026-09-09 18:47:23,434 : INFO : EventManager : Event: ======'mode_super_pops_will_start'====== Args={'queue': <QueuedEvent>, 'player': 1, 'ball': 3, 'balls_remaining': 0, 'is_extra_ball': False}
2026-09-09 18:47:23,435 : INFO : EventManager : Unordered handler for class <Auditor> on event game_ended with priority 1. Handlers: [RegisteredHandler(callback=<bound method Auditor.disable of <Auditor>>, priority=1, kwargs={}, key=UUID('983999e7-9616-4633-afd5-f98d56c6010e'), condition=None, blocking_facility=None), RegisteredHandler(callback=<bound method Auditor._save_audits of <Auditor>>, priority=1, kwargs={}, key=UUID('7742616c-715d-4deb-ae82-eaadcfbeff5c'), condition=None, blocking_facility=None)]. The order of those handlers is not defined and they will be executed in random order. This might lead to race conditions and potential bugs.
2026-09-09 18:47:23,437 : INFO : EventManager : Event: ======'mode_super_pops_starting'====== Args={'queue': <QueuedEvent>, 'player': 1, 'ball': 3, 'balls_remaining': 0, 'is_extra_ball': False}
2026-09-09 18:47:23,437 : INFO : EventManager : Event: ======'mode_spinner_2x_qualify_will_start'====== Args={'queue': <QueuedEvent>, 'player': 1, 'ball': 3, 'balls_remaining': 0, 'is_extra_ball': False}
2026-09-09 18:47:23,439 : INFO : EventManager : Event: ======'mode_spinner_2x_qualify_starting'====== Args={'queue': <QueuedEvent>, 'player': 1, 'ball': 3, 'balls_remaining': 0, 'is_extra_ball': False}
2026-09-09 18:47:23,439 : INFO : EventManager : Event: ======'mode_shotgun_will_start'====== Args={'queue': <QueuedEvent>, 'player': 1, 'ball': 3, 'balls_remaining': 0, 'is_extra_ball': False}
2026-09-09 18:47:23,440 : INFO : EventManager : Unordered handler for class <timer.top_lane_a_countdown_timer> on event shotgun_stop_all with priority 1. Handlers: [RegisteredHandler(callback=<bound method Timer.stop of <timer.top_lane_a_countdown_timer>>, priority=1, kwargs={}, key=UUID('4aaf2204-2b24-4c4d-adf3-930dbadf3cff'), condition=None, blocking_facility=None), RegisteredHandler(callback=<bound method Timer.reset of <timer.top_lane_a_countdown_timer>>, priority=1, kwargs={}, key=UUID('14e1287d-66be-48cf-92b5-c4eb4f081137'), condition=None, blocking_facility=None)]. The order of those handlers is not defined and they will be executed in random order. This might lead to race conditions and potential bugs.
2026-09-09 18:47:23,440 : INFO : EventManager : Unordered handler for class <timer.top_lane_a_countdown_timer> on event shotgun_stop_all with priority 1. Handlers: [RegisteredHandler(callback=<bound method Timer.stop of <timer.top_lane_a_countdown_timer>>, priority=1, kwargs={}, key=UUID('4aaf2204-2b24-4c4d-adf3-930dbadf3cff'), condition=None, blocking_facility=None), RegisteredHandler(callback=<bound method Timer.reset of <timer.top_lane_a_countdown_timer>>, priority=1, kwargs={}, key=UUID('14e1287d-66be-48cf-92b5-c4eb4f081137'), condition=None, blocking_facility=None)]. The order of those handlers is not defined and they will be executed in random order. This might lead to race conditions and potential bugs.
2026-09-09 18:47:23,440 : INFO : EventManager : Unordered handler for class <timer.top_lane_a_countdown_timer> on event shotgun_stop_all with priority 1. Handlers: [RegisteredHandler(callback=<bound method Timer.stop of <timer.top_lane_a_countdown_timer>>, priority=1, kwargs={}, key=UUID('4aaf2204-2b24-4c4d-adf3-930dbadf3cff'), condition=None, blocking_facility=None), RegisteredHandler(callback=<bound method Timer.reset of <timer.top_lane_a_countdown_timer>>, priority=1, kwargs={}, key=UUID('14e1287d-66be-48cf-92b5-c4eb4f081137'), condition=None, blocking_facility=None)]. The order of those handlers is not defined and they will be executed in random order. This might lead to race conditions and potential bugs.
2026-09-09 18:47:23,440 : INFO : EventManager : Unordered handler for class <timer.top_lane_b_countdown_timer> on event shotgun_stop_all with priority 1. Handlers: [RegisteredHandler(callback=<bound method Timer.stop of <timer.top_lane_b_countdown_timer>>, priority=1, kwargs={}, key=UUID('9788cc0b-4218-4922-a120-f8201ec82ed5'), condition=None, blocking_facility=None), RegisteredHandler(callback=<bound method Timer.reset of <timer.top_lane_b_countdown_timer>>, priority=1, kwargs={}, key=UUID('69fa8476-669f-460e-a1fa-e5c7ebca16d9'), condition=None, blocking_facility=None)]. The order of those handlers is not defined and they will be executed in random order. This might lead to race conditions and potential bugs.
2026-09-09 18:47:23,440 : INFO : EventManager : Event: ======'player_shotgun_fourbank_reset_check_timer_tick'====== Args={'value': 0, 'prev_value': 1, 'change': -1, 'player_num': 1}
2026-09-09 18:47:23,440 : INFO : EventManager : Unordered handler for class <timer.top_lane_a_countdown_timer> on event shotgun_stop_all with priority 1. Handlers: [RegisteredHandler(callback=<bound method Timer.stop of <timer.top_lane_a_countdown_timer>>, priority=1, kwargs={}, key=UUID('4aaf2204-2b24-4c4d-adf3-930dbadf3cff'), condition=None, blocking_facility=None), RegisteredHandler(callback=<bound method Timer.reset of <timer.top_lane_a_countdown_timer>>, priority=1, kwargs={}, key=UUID('14e1287d-66be-48cf-92b5-c4eb4f081137'), condition=None, blocking_facility=None)]. The order of those handlers is not defined and they will be executed in random order. This might lead to race conditions and potential bugs.
2026-09-09 18:47:23,440 : INFO : EventManager : Unordered handler for class <timer.top_lane_b_countdown_timer> on event shotgun_stop_all with priority 1. Handlers: [RegisteredHandler(callback=<bound method Timer.stop of <timer.top_lane_b_countdown_timer>>, priority=1, kwargs={}, key=UUID('9788cc0b-4218-4922-a120-f8201ec82ed5'), condition=None, blocking_facility=None), RegisteredHandler(callback=<bound method Timer.reset of <timer.top_lane_b_countdown_timer>>, priority=1, kwargs={}, key=UUID('69fa8476-669f-460e-a1fa-e5c7ebca16d9'), condition=None, blocking_facility=None)]. The order of those handlers is not defined and they will be executed in random order. This might lead to race conditions and potential bugs.
2026-09-09 18:47:23,441 : INFO : EventManager : Unordered handler for class <timer.top_lane_a_countdown_timer> on event shotgun_stop_all with priority 1. Handlers: [RegisteredHandler(callback=<bound method Timer.stop of <timer.top_lane_a_countdown_timer>>, priority=1, kwargs={}, key=UUID('4aaf2204-2b24-4c4d-adf3-930dbadf3cff'), condition=None, blocking_facility=None), RegisteredHandler(callback=<bound method Timer.reset of <timer.top_lane_a_countdown_timer>>, priority=1, kwargs={}, key=UUID('14e1287d-66be-48cf-92b5-c4eb4f081137'), condition=None, blocking_facility=None)]. The order of those handlers is not defined and they will be executed in random order. This might lead to race conditions and potential bugs.
2026-09-09 18:47:23,441 : INFO : EventManager : Unordered handler for class <timer.top_lane_b_countdown_timer> on event shotgun_stop_all with priority 1. Handlers: [RegisteredHandler(callback=<bound method Timer.stop of <timer.top_lane_b_countdown_timer>>, priority=1, kwargs={}, key=UUID('9788cc0b-4218-4922-a120-f8201ec82ed5'), condition=None, blocking_facility=None), RegisteredHandler(callback=<bound method Timer.reset of <timer.top_lane_b_countdown_timer>>, priority=1, kwargs={}, key=UUID('69fa8476-669f-460e-a1fa-e5c7ebca16d9'), condition=None, blocking_facility=None)]. The order of those handlers is not defined and they will be executed in random order. This might lead to race conditions and potential bugs.
2026-09-09 18:47:23,441 : INFO : EventManager : Unordered handler for class <timer.top_lane_a_countdown_timer> on event shotgun_stop_all with priority 1. Handlers: [RegisteredHandler(callback=<bound method Timer.stop of <timer.top_lane_a_countdown_timer>>, priority=1, kwargs={}, key=UUID('4aaf2204-2b24-4c4d-adf3-930dbadf3cff'), condition=None, blocking_facility=None), RegisteredHandler(callback=<bound method Timer.reset of <timer.top_lane_a_countdown_timer>>, priority=1, kwargs={}, key=UUID('14e1287d-66be-48cf-92b5-c4eb4f081137'), condition=None, blocking_facility=None)]. The order of those handlers is not defined and they will be executed in random order. This might lead to race conditions and potential bugs.
2026-09-09 18:47:23,441 : INFO : EventManager : Unordered handler for class <timer.top_lane_b_countdown_timer> on event shotgun_stop_all with priority 1. Handlers: [RegisteredHandler(callback=<bound method Timer.stop of <timer.top_lane_b_countdown_timer>>, priority=1, kwargs={}, key=UUID('9788cc0b-4218-4922-a120-f8201ec82ed5'), condition=None, blocking_facility=None), RegisteredHandler(callback=<bound method Timer.reset of <timer.top_lane_b_countdown_timer>>, priority=1, kwargs={}, key=UUID('69fa8476-669f-460e-a1fa-e5c7ebca16d9'), condition=None, blocking_facility=None)]. The order of those handlers is not defined and they will be executed in random order. This might lead to race conditions and potential bugs.
2026-09-09 18:47:23,441 : INFO : EventManager : Unordered handler for class <timer.top_lane_a_countdown_timer> on event shotgun_stop_all with priority 1. Handlers: [RegisteredHandler(callback=<bound method Timer.stop of <timer.top_lane_a_countdown_timer>>, priority=1, kwargs={}, key=UUID('4aaf2204-2b24-4c4d-adf3-930dbadf3cff'), condition=None, blocking_facility=None), RegisteredHandler(callback=<bound method Timer.reset of <timer.top_lane_a_countdown_timer>>, priority=1, kwargs={}, key=UUID('14e1287d-66be-48cf-92b5-c4eb4f081137'), condition=None, blocking_facility=None)]. The order of those handlers is not defined and they will be executed in random order. This might lead to race conditions and potential bugs.
2026-09-09 18:47:23,441 : INFO : EventManager : Unordered handler for class <timer.top_lane_b_countdown_timer> on event shotgun_stop_all with priority 1. Handlers: [RegisteredHandler(callback=<bound method Timer.stop of <timer.top_lane_b_countdown_timer>>, priority=1, kwargs={}, key=UUID('9788cc0b-4218-4922-a120-f8201ec82ed5'), condition=None, blocking_facility=None), RegisteredHandler(callback=<bound method Timer.reset of <timer.top_lane_b_countdown_timer>>, priority=1, kwargs={}, key=UUID('69fa8476-669f-460e-a1fa-e5c7ebca16d9'), condition=None, blocking_facility=None)]. The order of those handlers is not defined and they will be executed in random order. This might lead to race conditions and potential bugs.
2026-09-09 18:47:23,441 : INFO : EventManager : Event: ======'player_shotgun_fourbank_drop_2_trip_timer_tick'====== Args={'value': 0, 'prev_value': 1, 'change': -1, 'player_num': 1}
2026-09-09 18:47:23,441 : INFO : EventManager : Event: ======'player_shotgun_fourbank_drop_3_trip_timer_tick'====== Args={'value': 0, 'prev_value': 1, 'change': -1, 'player_num': 1}
2026-09-09 18:47:23,442 : INFO : EventManager : Event: ======'player_shotgun_threebank_drop_1_trip_timer_tick'====== Args={'value': 0, 'prev_value': 1, 'change': -1, 'player_num': 1}
2026-09-09 18:47:23,442 : INFO : EventManager : Event: ======'player_shotgun_threebank_drop_2_trip_timer_tick'====== Args={'value': 0, 'prev_value': 1, 'change': -1, 'player_num': 1}
2026-09-09 18:47:23,442 : INFO : EventManager : Event: ======'player_shotgun_threebank_drop_3_trip_timer_tick'====== Args={'value': 0, 'prev_value': 1, 'change': -1, 'player_num': 1}
2026-09-09 18:47:23,447 : INFO : EventManager : Unordered handler for class <timer.top_lane_a_countdown_timer> on event shotgun_stop_all with priority 1. Handlers: [RegisteredHandler(callback=<bound method Timer.stop of <timer.top_lane_a_countdown_timer>>, priority=1, kwargs={}, key=UUID('4aaf2204-2b24-4c4d-adf3-930dbadf3cff'), condition=None, blocking_facility=None), RegisteredHandler(callback=<bound method Timer.reset of <timer.top_lane_a_countdown_timer>>, priority=1, kwargs={}, key=UUID('14e1287d-66be-48cf-92b5-c4eb4f081137'), condition=None, blocking_facility=None)]. The order of those handlers is not defined and they will be executed in random order. This might lead to race conditions and potential bugs.
2026-09-09 18:47:23,447 : INFO : EventManager : Unordered handler for class <timer.top_lane_b_countdown_timer> on event shotgun_stop_all with priority 1. Handlers: [RegisteredHandler(callback=<bound method Timer.stop of <timer.top_lane_b_countdown_timer>>, priority=1, kwargs={}, key=UUID('9788cc0b-4218-4922-a120-f8201ec82ed5'), condition=None, blocking_facility=None), RegisteredHandler(callback=<bound method Timer.reset of <timer.top_lane_b_countdown_timer>>, priority=1, kwargs={}, key=UUID('69fa8476-669f-460e-a1fa-e5c7ebca16d9'), condition=None, blocking_facility=None)]. The order of those handlers is not defined and they will be executed in random order. This might lead to race conditions and potential bugs.
2026-09-09 18:47:23,449 : INFO : EventManager : Unordered handler for class <timer.top_lane_a_countdown_timer> on event shotgun_stop_all with priority 1. Handlers: [RegisteredHandler(callback=<bound method Timer.stop of <timer.top_lane_a_countdown_timer>>, priority=1, kwargs={}, key=UUID('4aaf2204-2b24-4c4d-adf3-930dbadf3cff'), condition=None, blocking_facility=None), RegisteredHandler(callback=<bound method Timer.reset of <timer.top_lane_a_countdown_timer>>, priority=1, kwargs={}, key=UUID('14e1287d-66be-48cf-92b5-c4eb4f081137'), condition=None, blocking_facility=None)]. The order of those handlers is not defined and they will be executed in random order. This might lead to race conditions and potential bugs.
2026-09-09 18:47:23,449 : INFO : EventManager : Unordered handler for class <timer.top_lane_b_countdown_timer> on event shotgun_stop_all with priority 1. Handlers: [RegisteredHandler(callback=<bound method Timer.stop of <timer.top_lane_b_countdown_timer>>, priority=1, kwargs={}, key=UUID('9788cc0b-4218-4922-a120-f8201ec82ed5'), condition=None, blocking_facility=None), RegisteredHandler(callback=<bound method Timer.reset of <timer.top_lane_b_countdown_timer>>, priority=1, kwargs={}, key=UUID('69fa8476-669f-460e-a1fa-e5c7ebca16d9'), condition=None, blocking_facility=None)]. The order of those handlers is not defined and they will be executed in random order. This might lead to race conditions and potential bugs.
2026-09-09 18:47:23,451 : INFO : EventManager : Event: ======'mode_shotgun_starting'====== Args={'queue': <QueuedEvent>, 'player': 1, 'ball': 3, 'balls_remaining': 0, 'is_extra_ball': False}
2026-09-09 18:47:23,452 : INFO : EventManager : Event: ======'varitarget_yaml_loaded'====== Args={'priority': 0}
2026-09-09 18:47:23,452 : INFO : EventManager : Event: ======'player_varitarget_reset_attempts'====== Args={'value': 0, 'prev_value': 3, 'change': -3, 'player_num': 1, 'source': 'base'}
2026-09-09 18:47:23,452 : INFO : Mode.shotgun : Started. Priority: 120
2026-09-09 18:47:23,452 : INFO : EventManager : Event: ======'modes_active_modes_changed'====== Args={}
2026-09-09 18:47:23,452 : INFO : EventManager : Event: ======'mode_shotgun_started'====== Args={'queue': <QueuedEvent>, 'player': 1, 'ball': 3, 'balls_remaining': 0, 'is_extra_ball': False}
2026-09-09 18:47:23,452 : INFO : EventManager : Event: ======'shotgun_all_lights_off'====== Args={'priority': 0}
2026-09-09 18:47:23,452 : INFO : EventManager : Event: ======'alien_first_status_relight'====== Args={'priority': 0}
2026-09-09 18:47:23,453 : INFO : Mode.spinner_2x_qualify : Started. Priority: 150
2026-09-09 18:47:23,453 : INFO : EventManager : Event: ======'modes_active_modes_changed'====== Args={}
2026-09-09 18:47:23,453 : INFO : EventManager : Event: ======'mode_spinner_2x_qualify_started'====== Args={'queue': <QueuedEvent>, 'player': 1, 'ball': 3, 'balls_remaining': 0, 'is_extra_ball': False}
2026-09-09 18:47:23,453 : INFO : EventManager : Event: ======'spinner_2x_stop'====== Args={'priority': 0}
2026-09-09 18:47:23,453 : INFO : EventManager : Event: ======'player_top_lane_b_lit'====== Args={'value': 0, 'prev_value': 1, 'change': -1, 'player_num': 1, 'source': 'spinner_2x_qualify'}
2026-09-09 18:47:23,453 : INFO : EventManager : Event: ======'player_top_lane_c_lit'====== Args={'value': 0, 'prev_value': 1, 'change': -1, 'player_num': 1, 'source': 'spinner_2x_qualify'}
2026-09-09 18:47:23,453 : INFO : Mode.glasses_mode : Started. Priority: 800
2026-09-09 18:47:23,453 : INFO : EventManager : Event: ======'modes_active_modes_changed'====== Args={}
2026-09-09 18:47:23,453 : INFO : EventManager : Event: ======'mode_glasses_mode_started'====== Args={'queue': <QueuedEvent>, 'player': 1, 'ball': 3, 'balls_remaining': 0, 'is_extra_ball': False}
2026-09-09 18:47:23,453 : INFO : EventManager : Event: ======'glasses_mode_loaded'====== Args={'priority': 0}
2026-09-09 18:47:23,453 : INFO : EventManager : Event: ======'glasses_stop_all_shows'====== Args={'priority': 0}
2026-09-09 18:47:23,453 : INFO : EventManager : Event: ======'glasses_init_vars'====== Args={'priority': 0}
2026-09-09 18:47:23,454 : INFO : Mode.awareness : Started. Priority: 105
2026-09-09 18:47:23,454 : INFO : EventManager : Event: ======'modes_active_modes_changed'====== Args={}
2026-09-09 18:47:23,454 : INFO : EventManager : Event: ======'mode_awareness_started'====== Args={'queue': <QueuedEvent>, 'player': 1, 'ball': 3, 'balls_remaining': 0, 'is_extra_ball': False}
2026-09-09 18:47:23,454 : INFO : Mode.skillshot : Started. Priority: 200
2026-09-09 18:47:23,454 : INFO : EventManager : Event: ======'modes_active_modes_changed'====== Args={}
2026-09-09 18:47:23,454 : INFO : EventManager : Event: ======'mode_skillshot_started'====== Args={'queue': <QueuedEvent>, 'player': 1, 'ball': 3, 'balls_remaining': 0, 'is_extra_ball': False}
2026-09-09 18:47:23,454 : INFO : EventManager : Event: ======'player_skillshot_left_plunger'====== Args={'value': 0, 'prev_value': 1, 'change': -1, 'player_num': 1, 'source': 'skillshot'}
2026-09-09 18:47:23,454 : INFO : EventManager : Event: ======'player_skillshot_first_switch_seen'====== Args={'value': 0, 'prev_value': 1, 'change': -1, 'player_num': 1, 'source': 'skillshot'}
2026-09-09 18:47:23,454 : INFO : EventManager : Event: ======'player_skillshot_phase1_success'====== Args={'value': 0, 'prev_value': 1, 'change': -1, 'player_num': 1, 'source': 'skillshot'}
2026-09-09 18:47:23,454 : INFO : EventManager : Event: ======'balls_in_play'====== Args={'balls': 1}
2026-09-09 18:47:23,455 : INFO : EventManager : Event: ======'ball_started'====== Args={'player': 1, 'ball': 3, 'balls_remaining': 0, 'is_extra_ball': False}
2026-09-09 18:47:23,456 : INFO : EventManager : Event: ======'mode_resistance_will_start'====== Args={'player': 1, 'ball': 3, 'balls_remaining': 0, 'is_extra_ball': False}
2026-09-09 18:47:23,460 : INFO : EventManager : Event: ======'mode_resistance_starting'====== Args={'player': 1, 'ball': 3, 'balls_remaining': 0, 'is_extra_ball': False}
2026-09-09 18:47:23,460 : INFO : EventManager : Event: ======'mode_stars_mode_will_start'====== Args={'player': 1, 'ball': 3, 'balls_remaining': 0, 'is_extra_ball': False}
2026-09-09 18:47:23,465 : INFO : EventManager : Event: ======'mode_stars_mode_starting'====== Args={'player': 1, 'ball': 3, 'balls_remaining': 0, 'is_extra_ball': False}
2026-09-09 18:47:23,466 : INFO : EventManager : Event: ======'mode_autoplunge_will_start'====== Args={'player': 1, 'ball': 3, 'balls_remaining': 0, 'is_extra_ball': False}
2026-09-09 18:47:23,466 : INFO : EventManager : Event: ======'player_autoplunge_t_auto_plunge_tick'====== Args={'value': 10, 'prev_value': 0, 'change': 10, 'player_num': 1}
2026-09-09 18:47:23,466 : INFO : EventManager : Event: ======'mode_autoplunge_starting'====== Args={'player': 1, 'ball': 3, 'balls_remaining': 0, 'is_extra_ball': False}
2026-09-09 18:47:23,466 : INFO : EventManager : Event: ======'mode_brian_combo_will_start'====== Args={'player': 1, 'ball': 3, 'balls_remaining': 0, 'is_extra_ball': False}
2026-09-09 18:47:23,467 : INFO : EventManager : Event: ======'mode_brian_combo_starting'====== Args={'player': 1, 'ball': 3, 'balls_remaining': 0, 'is_extra_ball': False}
2026-09-09 18:47:23,467 : INFO : EventManager : Event: ======'player_awareness'====== Args={'value': 0, 'prev_value': 141, 'change': -141, 'player_num': 1, 'source': 'awareness'}
2026-09-09 18:47:23,467 : INFO : EventManager : Event: ======'player_awareness_percent'====== Args={'value': 0, 'prev_value': 80, 'change': -80, 'player_num': 1, 'source': 'awareness'}
2026-09-09 18:47:23,467 : INFO : EventManager : Event: ======'knights_of_cydonia_started'====== Args={'priority': 0}
2026-09-09 18:47:23,467 : INFO : EventManager : Event: ======'varitarget_reset_request'====== Args={'priority': 0}
2026-09-09 18:47:23,468 : INFO : EventManager : Event: ======'player_launch_ball_save_used'====== Args={'value': 0, 'prev_value': 1, 'change': -1, 'player_num': 1, 'source': 'base'}
2026-09-09 18:47:23,469 : INFO : EventManager : Event: ======'varitarget_reset_begin'====== Args={'priority': 0}
2026-09-09 18:47:23,469 : INFO : EventManager : Event: ======'varitarget_reset_attempts_clear'====== Args={'priority': 0}
2026-09-09 18:47:23,470 : INFO : EventManager : Event: ======'varitarget_reset_step'====== Args={'priority': 0}
2026-09-09 18:47:23,470 : INFO : EventManager : Event: ======'varitarget_reset_start'====== Args={'priority': 0}
2026-09-09 18:47:23,470 : INFO : coil.c_16_varitarget_reset : Pulsing Driver for 5ms (1.0 pulse_power)
2026-09-09 18:47:23,470 : INFO : EventManager : Event: ======'player_varitarget_reset_attempts'====== Args={'value': 1, 'prev_value': 0, 'change': 1, 'player_num': 1, 'source': 'base'}
2026-09-09 18:47:23,470 : INFO : Timer.varitarget_reset_timer : Starting Timer.
2026-09-09 18:47:23,470 : INFO : EventManager : Event: ======'timer_varitarget_reset_timer_started'====== Args={'ticks': 0, 'ticks_remaining': 999999}
2026-09-09 18:47:23,470 : INFO : EventManager : Event: ======'timer_varitarget_reset_timer_tick'====== Args={'ticks': 0, 'ticks_remaining': 999999}
2026-09-09 18:47:23,470 : INFO : EventManager : Event: ======'varitarget_reset_step'====== Args={'priority': 0}
2026-09-09 18:47:23,470 : INFO : coil.c_16_varitarget_reset : Pulsing Driver for 5ms (1.0 pulse_power)
2026-09-09 18:47:23,471 : INFO : EventManager : Event: ======'player_varitarget_reset_attempts'====== Args={'value': 2, 'prev_value': 1, 'change': 1, 'player_num': 1, 'source': 'base'}
2026-09-09 18:47:23,471 : INFO : Mode.brian_combo : Started. Priority: 120
2026-09-09 18:47:23,471 : INFO : EventManager : Event: ======'modes_active_modes_changed'====== Args={}
2026-09-09 18:47:23,471 : INFO : EventManager : Event: ======'mode_brian_combo_started'====== Args={'player': 1, 'ball': 3, 'balls_remaining': 0, 'is_extra_ball': False}
2026-09-09 18:47:23,471 : INFO : EventManager : Event: ======'player_brian_combo_step'====== Args={'value': 0, 'prev_value': 1, 'change': -1, 'player_num': 1, 'source': 'brian_combo'}
2026-09-09 18:47:23,472 : INFO : Mode.autoplunge : Started. Priority: 200
2026-09-09 18:47:23,472 : INFO : EventManager : Event: ======'modes_active_modes_changed'====== Args={}
2026-09-09 18:47:23,472 : INFO : EventManager : Event: ======'mode_autoplunge_started'====== Args={'player': 1, 'ball': 3, 'balls_remaining': 0, 'is_extra_ball': False}
2026-09-09 18:47:23,472 : INFO : Mode.stars_mode : Started. Priority: 220
2026-09-09 18:47:23,472 : INFO : EventManager : Event: ======'modes_active_modes_changed'====== Args={}
2026-09-09 18:47:23,472 : INFO : EventManager : Event: ======'mode_stars_mode_started'====== Args={'player': 1, 'ball': 3, 'balls_remaining': 0, 'is_extra_ball': False}
2026-09-09 18:47:23,472 : INFO : EventManager : Event: ======'player_stars_t40'====== Args={'value': 0, 'prev_value': 1, 'change': -1, 'player_num': 1, 'source': 'stars_mode'}
2026-09-09 18:47:23,473 : INFO : EventManager : Event: ======'player_stars_t41'====== Args={'value': 0, 'prev_value': 1, 'change': -1, 'player_num': 1, 'source': 'stars_mode'}
2026-09-09 18:47:23,473 : INFO : EventManager : Event: ======'player_stars_t42'====== Args={'value': 0, 'prev_value': 1, 'change': -1, 'player_num': 1, 'source': 'stars_mode'}
2026-09-09 18:47:23,473 : INFO : EventManager : Event: ======'player_stars_t63'====== Args={'value': 0, 'prev_value': 1, 'change': -1, 'player_num': 1, 'source': 'stars_mode'}
2026-09-09 18:47:23,473 : INFO : EventManager : Event: ======'player_stars_targets_lit_count'====== Args={'value': 0, 'prev_value': 4, 'change': -4, 'player_num': 1, 'source': 'stars_mode'}
2026-09-09 18:47:23,473 : INFO : Mode.resistance : Started. Priority: 500
2026-09-09 18:47:23,473 : INFO : EventManager : Event: ======'modes_active_modes_changed'====== Args={}
2026-09-09 18:47:23,473 : INFO : EventManager : Event: ======'mode_resistance_started'====== Args={'player': 1, 'ball': 3, 'balls_remaining': 0, 'is_extra_ball': False}
2026-09-09 18:47:23,473 : INFO : EventManager : Event: ======'resistance_waiting_for_qualification'====== Args={'priority': 0}
2026-09-09 18:47:23,474 : INFO : EventManager : Event: ======'logicblock_super_pops_phase1_counter_updated'====== Args={'value': 0, 'enabled': False}
2026-09-09 18:47:23,474 : INFO : EventManager : Event: ======'logicblock_super_pops_phase2_counter_updated'====== Args={'value': 0, 'enabled': False}
2026-09-09 18:47:23,474 : INFO : EventManager : Event: ======'logicblock_super_pops_phase3_counter_updated'====== Args={'value': 0, 'enabled': False}
2026-09-09 18:47:23,474 : INFO : EventManager : Event: ======'logicblock_super_pops_mega_counter_updated'====== Args={'value': 0, 'enabled': False}
2026-09-09 18:47:23,474 : INFO : Mode.super_pops : Started. Priority: 210
2026-09-09 18:47:23,474 : INFO : EventManager : Event: ======'modes_active_modes_changed'====== Args={}
2026-09-09 18:47:23,474 : INFO : EventManager : Event: ======'mode_super_pops_started'====== Args={'queue': <QueuedEvent>, 'player': 1, 'ball': 3, 'balls_remaining': 0, 'is_extra_ball': False}
2026-09-09 18:47:23,474 : INFO : EventManager : Event: ======'logicblock_super_pops_phase1_counter_updated'====== Args={'value': 0, 'enabled': True}
2026-09-09 18:47:23,474 : INFO : EventManager : Event: ======'logicblock_super_pops_phase1_counter_updated'====== Args={'value': 0, 'enabled': True}
2026-09-09 18:47:23,474 : INFO : EventManager : Event: ======'player_score'====== Args={'value': 4962308, 'prev_value': 3962308, 'change': 1000000, 'player_num': 1, 'source': 'super_pops'}
2026-09-09 18:47:23,475 : INFO : EventManager : Event: ======'single_player_ball_started'====== Args={}
2026-09-09 18:47:23,475 : INFO : coil.c_40_fourbank_drop_reset : Pulsing Driver for 10ms (1.0 pulse_power)
2026-09-09 18:47:23,476 : INFO : coil.c_40_fourbank_drop_reset : Pulsing Driver for 10ms (1.0 pulse_power)
2026-09-09 18:47:23,476 : INFO : coil.c_40_fourbank_drop_reset : Pulsing Driver for 10ms (1.0 pulse_power)
2026-09-09 18:47:23,476 : INFO : EventManager : Event: ======'ball_start_target'====== Args={'target': 'playfield'}
2026-09-09 18:47:23,477 : INFO : ball_device.bd_plunger : Setting up player-controlled eject. Balls: 1, Target: <playfield.playfield>, player_controlled_eject_event: None
2026-09-09 18:47:23,477 : INFO : EventManager : Event: ======'balldevice_balls_available'====== Args={}
2026-09-09 18:47:23,479 : INFO : ball_device.bd_trough : State: waiting_for_target_ready
2026-09-09 18:47:23,479 : INFO : EventManager : Event: ======'balldevice_bd_trough_ball_eject_attempt'====== Args={'balls': 1, 'target': <ball_device.bd_plunger>, 'source': <ball_device.bd_trough>, 'mechanical_eject': True, 'num_attempts': 0}
2026-09-09 18:47:23,479 : INFO : ball_device.bd_plunger : State: waiting_for_ball
2026-09-09 18:47:23,479 : INFO : ball_device.bd_trough : State: ejecting
2026-09-09 18:47:23,479 : INFO : ball_device.bd_trough : Ejecting ball to <ball_device.bd_plunger>
2026-09-09 18:47:23,479 : INFO : EventManager : Event: ======'balldevice_bd_trough_ejecting_ball'====== Args={'balls': 1, 'target': <ball_device.bd_plunger>, 'source': <ball_device.bd_trough>, 'mechanical_eject': True, 'num_attempts': 0}
2026-09-09 18:47:23,480 : INFO : ball_device.bd_trough : Wait for ball to leave device
2026-09-09 18:47:23,503 : INFO : coil.c_32_threebank_drop_reset : Pulsing Driver for 10ms (1.0 pulse_power)
2026-09-09 18:47:23,503 : INFO : SwitchController : <<<<<<< 's_78_threebank_drop_2' inactive (muted) >>>>>>>
2026-09-09 18:47:23,503 : INFO : SwitchController : <<<<<<< 's_79_threebank_drop_3' inactive (muted) >>>>>>>
2026-09-09 18:47:23,503 : INFO : SwitchController : <<<<<<< 's_75_fourbank_drop_3' inactive (muted) >>>>>>>
2026-09-09 18:47:23,503 : INFO : SwitchController : <<<<<<< 's_73_fourbank_drop_1' inactive (muted) >>>>>>>
2026-09-09 18:47:23,503 : INFO : SwitchController : <<<<<<< 's_74_fourbank_drop_2' inactive (muted) >>>>>>>
2026-09-09 18:47:23,503 : INFO : SwitchController : <<<<<<< 's_77_threebank_drop_1' inactive (muted) >>>>>>>
2026-09-09 18:47:23,503 : INFO : SwitchController : <<<<<<< 's_76_fourbank_drop_4' inactive (muted) >>>>>>>
2026-09-09 18:47:23,521 : INFO : coil.c_02_trough_eject : Pulsing Driver for 16ms (1.0 pulse_power)
2026-09-09 18:47:23,521 : INFO : SwitchController : <<<<<<< 's_64_varitarget_position_1' active >>>>>>>
2026-09-09 18:47:23,521 : INFO : EventManager : Event: ======'playfield_active'====== Args={'source': 'varitarget_p1'}
2026-09-09 18:47:23,521 : INFO : EventManager : Event: ======'unexpected_ball_on_playfield'====== Args={}
2026-09-09 18:47:23,521 : INFO : EventManager : Event: ======'s_64_varitarget_position_1_active'====== Args={}
2026-09-09 18:47:23,521 : INFO : EventManager : Event: ======'sw_vari'====== Args={}
2026-09-09 18:47:23,521 : INFO : EventManager : Event: ======'machine_var_audits_switches_s_64_varitarget_position_1'====== Args={'value': 13631, 'prev_value': 13630, 'change': 1}
2026-09-09 18:47:23,522 : INFO : EventManager : Event: ======'glasses_pending_position_1'====== Args={'priority': 0}
2026-09-09 18:47:23,522 : INFO : EventManager : Event: ======'machine_var_audits_shots_varitarget_p1'====== Args={'value': 13608, 'prev_value': 13607, 'change': 1}
2026-09-09 18:47:23,522 : INFO : EventManager : Event: ======'varitarget_p1_hit'====== Args={'profile': 'default', 'state': 'lit', 'advancing': False}
2026-09-09 18:47:23,522 : INFO : EventManager : Event: ======'varitarget_p1_default_hit'====== Args={'profile': 'default', 'state': 'lit', 'advancing': False}
2026-09-09 18:47:23,522 : INFO : EventManager : Event: ======'varitarget_p1_default_lit_hit'====== Args={'profile': 'default', 'state': 'lit', 'advancing': False}
2026-09-09 18:47:23,523 : INFO : EventManager : Event: ======'varitarget_p1_lit_hit'====== Args={'profile': 'default', 'state': 'lit', 'advancing': False}
2026-09-09 18:47:23,523 : INFO : EventManager : Event: ======'varitarget_position_changed'====== Args={'priority': 0}
2026-09-09 18:47:23,523 : INFO : EventManager : Event: ======'varitarget_reset_stop'====== Args={'priority': 0}
2026-09-09 18:47:23,523 : INFO : EventManager : Event: ======'varitarget_reset_complete'====== Args={'priority': 0}
2026-09-09 18:47:23,523 : INFO : EventManager : Event: ======'glasses_position_confirm_restart'====== Args={'priority': 0}
2026-09-09 18:47:23,523 : INFO : Timer.glasses_position_confirm : Starting Timer.
2026-09-09 18:47:23,523 : INFO : EventManager : Event: ======'timer_glasses_position_confirm_started'====== Args={'ticks': 0, 'ticks_remaining': 1}
2026-09-09 18:47:23,523 : INFO : EventManager : Event: ======'timer_glasses_position_confirm_tick'====== Args={'ticks': 0, 'ticks_remaining': 1}
2026-09-09 18:47:23,523 : INFO : EventManager : Event: ======'varitarget_positions_hit'====== Args={'shot': 'varitarget_p1'}
2026-09-09 18:47:23,523 : INFO : EventManager : Event: ======'varitarget_positions_lit_hit'====== Args={'shot': 'varitarget_p1'}
2026-09-09 18:47:23,523 : INFO : EventManager : Event: ======'varitarget_update_stable'====== Args={'priority': 0}
2026-09-09 18:47:23,523 : INFO : Timer.varitarget_reset_timer : Stopping Timer
2026-09-09 18:47:23,524 : INFO : EventManager : Event: ======'timer_varitarget_reset_timer_stopped'====== Args={'ticks': 0, 'ticks_remaining': 999999}
2026-09-09 18:47:23,524 : INFO : EventManager : Event: ======'player_score'====== Args={'value': 4962350, 'prev_value': 4962308, 'change': 42, 'player_num': 1, 'source': 'base'}
2026-09-09 18:47:23,525 : INFO : SwitchController : <<<<<<< 's_64_varitarget_position_1' inactive >>>>>>>
2026-09-09 18:47:23,537 : INFO : EventManager : Event: ======'slide_base_slide_created'====== Args={'_from_bcp': True}
2026-09-09 18:47:23,538 : INFO : EventManager : Event: ======'slide_bonus_inactive'====== Args={'is_removing': True, '_from_bcp': True}
2026-09-09 18:47:23,538 : INFO : EventManager : Event: ======'slide_base_slide_active'====== Args={'original_context': 'base', 'original_calling_context': 'mode_base_started', 'priority': 100.0, 'queue': '<QueuedEvent>', 'player': 1.0, 'ball': 3.0, 'balls_remaining': 0.0, 'is_extra_ball': False, 'cmd': 'slides_play', '_from_bcp': True}
2026-09-09 18:47:23,538 : INFO : EventManager : Event: ======'slide_bonus_removed'====== Args={'_from_bcp': True}
2026-09-09 18:47:23,552 : INFO : SwitchController : <<<<<<< 's_77_threebank_drop_1' active (muted) >>>>>>>
2026-09-09 18:47:23,552 : INFO : EventManager : Event: ======'machine_var_audits_switches_s_77_threebank_drop_1'====== Args={'value': 736, 'prev_value': 735, 'change': 1}
2026-09-09 18:47:23,552 : INFO : SwitchController : <<<<<<< 's_24_trough_1' inactive >>>>>>>
2026-09-09 18:47:23,553 : INFO : SwitchController : <<<<<<< 's_30_trough_jam' active >>>>>>>
2026-09-09 18:47:23,553 : INFO : EventManager : Event: ======'machine_var_audits_switches_s_30_trough_jam'====== Args={'value': 2626, 'prev_value': 2625, 'change': 1}
2026-09-09 18:47:23,554 : INFO : ball_device.bd_trough : State: ball_left
2026-09-09 18:47:23,554 : INFO : ball_device.bd_trough : Ball left
2026-09-09 18:47:23,554 : INFO : ball_device.bd_trough : Wait for confirm with timeout 10.0
2026-09-09 18:47:23,568 : INFO : SwitchController : <<<<<<< 's_77_threebank_drop_1' inactive (muted) >>>>>>>
2026-09-09 18:47:23,583 : INFO : SwitchController : <<<<<<< 's_30_trough_jam' inactive >>>>>>>
2026-09-09 18:47:23,773 : INFO : SwitchController : <<<<<<< 's_31_plunger_lane' active >>>>>>>
2026-09-09 18:47:23,773 : INFO : EventManager : Event: ======'s_31_plunger_lane_active'====== Args={}
2026-09-09 18:47:23,773 : INFO : EventManager : Event: ======'machine_var_audits_switches_s_31_plunger_lane'====== Args={'value': 2515, 'prev_value': 2514, 'change': 1}
2026-09-09 18:47:23,774 : INFO : Timer.t_auto_plunge : Starting Timer.
2026-09-09 18:47:23,774 : INFO : EventManager : Event: ======'timer_t_auto_plunge_started'====== Args={'ticks': 10, 'ticks_remaining': 10}
2026-09-09 18:47:23,774 : INFO : EventManager : Event: ======'timer_t_auto_plunge_tick'====== Args={'ticks': 10, 'ticks_remaining': 10}
2026-09-09 18:47:23,868 : INFO : SwitchController : <<<<<<< 's_26_trough_3' inactive >>>>>>>
2026-09-09 18:47:23,868 : INFO : SwitchController : <<<<<<< 's_25_trough_2' inactive >>>>>>>
2026-09-09 18:47:23,900 : INFO : SwitchController : <<<<<<< 's_24_trough_1' active >>>>>>>
2026-09-09 18:47:23,900 : INFO : EventManager : Event: ======'machine_var_audits_switches_s_24_trough_1'====== Args={'value': 2618, 'prev_value': 2617, 'change': 1}
2026-09-09 18:47:23,900 : INFO : SwitchController : <<<<<<< 's_25_trough_2' active >>>>>>>
2026-09-09 18:47:23,901 : INFO : EventManager : Event: ======'machine_var_audits_switches_s_25_trough_2'====== Args={'value': 2585, 'prev_value': 2584, 'change': 1}
2026-09-09 18:47:23,931 : INFO : EventManager : Event: ======'drop_target_dt_5_up'====== Args={'device': <drop_target.dt_5>}
2026-09-09 18:47:23,932 : INFO : EventManager : Event: ======'drop_target_dt_4_up'====== Args={'device': <drop_target.dt_4>}
2026-09-09 18:47:23,932 : INFO : EventManager : Event: ======'drop_target_dt_7_up'====== Args={'device': <drop_target.dt_7>}
2026-09-09 18:47:23,932 : INFO : EventManager : Event: ======'drop_target_dt_3_up'====== Args={'device': <drop_target.dt_3>}
2026-09-09 18:47:23,932 : INFO : EventManager : Event: ======'drop_target_dt_2_up'====== Args={'device': <drop_target.dt_2>}
2026-09-09 18:47:23,932 : INFO : EventManager : Event: ======'drop_target_dt_1_up'====== Args={'device': <drop_target.dt_1>}
2026-09-09 18:47:23,933 : INFO : EventManager : Event: ======'drop_target_dt_6_up'====== Args={'device': <drop_target.dt_6>}
2026-09-09 18:47:24,266 : INFO : ball_device.bd_plunger : Received ball from <ball_device.bd_trough>
2026-09-09 18:47:24,266 : INFO : EventManager : Event: ======'balldevice_bd_plunger_ball_enter'====== Args={'new_balls': 1, 'unclaimed_balls': 0, 'new_available_balls': 0, 'device': <ball_device.bd_plunger>}
2026-09-09 18:47:24,267 : INFO : EventManager : Event: ======'balldevice_bd_plunger_ball_entered'====== Args={'new_balls': 0, 'device': <ball_device.bd_plunger>}
2026-09-09 18:47:24,267 : INFO : EventManager : Event: ======'balldevice_bd_plunger_ball_count_changed'====== Args={'balls': 1}
2026-09-09 18:47:24,268 : INFO : ball_device.bd_trough : Got eject confirm
2026-09-09 18:47:24,268 : INFO : ball_device.bd_trough : Eject successful
2026-09-09 18:47:24,268 : INFO : EventManager : Event: ======'balldevice_bd_trough_ball_eject_success'====== Args={'balls': 1, 'target': <ball_device.bd_plunger>}
2026-09-09 18:47:24,268 : INFO : ball_device.bd_plunger : State: waiting_for_target_ready
2026-09-09 18:47:24,268 : INFO : EventManager : Event: ======'balldevice_bd_plunger_ball_eject_attempt'====== Args={'balls': 1, 'target': <playfield.playfield>, 'source': <ball_device.bd_plunger>, 'mechanical_eject': True, 'num_attempts': 0}
2026-09-09 18:47:24,269 : INFO : EventManager : Event: ======'balldevice_bd_trough_ball_count_changed'====== Args={'balls': 2}
2026-09-09 18:47:24,269 : INFO : ball_device.bd_trough : State: idle
2026-09-09 18:47:24,269 : INFO : ball_device.bd_plunger : State: ejecting
2026-09-09 18:47:24,269 : INFO : ball_device.bd_plunger : Ejecting ball to <playfield.playfield>
2026-09-09 18:47:24,269 : INFO : EventManager : Event: ======'balldevice_bd_plunger_ejecting_ball'====== Args={'balls': 1, 'target': <playfield.playfield>, 'source': <ball_device.bd_plunger>, 'mechanical_eject': True, 'num_attempts': 0}
2026-09-09 18:47:24,270 : INFO : ball_device.bd_plunger : Wait for ball to leave device
2026-09-09 18:47:24,392 : INFO : SwitchController : <<<<<<< 's_16_right_flipper' active >>>>>>>
2026-09-09 18:47:24,392 : INFO : EventManager : Event: ======'s_16_right_flipper_active'====== Args={}
2026-09-09 18:47:24,392 : INFO : EventManager : Event: ======'machine_var_audits_switches_s_16_right_flipper'====== Args={'value': 10605, 'prev_value': 10604, 'change': 1}
2026-09-09 18:47:24,392 : INFO : EventManager : Event: ======'player_bonus_count'====== Args={'value': 1, 'prev_value': 0, 'change': 1, 'player_num': 1, 'source': 'base'}
2026-09-09 18:47:24,454 : INFO : SwitchController : <<<<<<< 's_17_right_flipper_upper' active >>>>>>>
2026-09-09 18:47:24,454 : INFO : EventManager : Event: ======'machine_var_audits_switches_s_17_right_flipper_upper'====== Args={'value': 7704, 'prev_value': 7703, 'change': 1}
2026-09-09 18:47:24,487 : INFO : SwitchController : <<<<<<< 's_64_varitarget_position_1' active >>>>>>>
2026-09-09 18:47:24,488 : INFO : EventManager : Event: ======'playfield_active'====== Args={'source': 'varitarget_p1'}
2026-09-09 18:47:24,488 : INFO : EventManager : Event: ======'s_64_varitarget_position_1_active'====== Args={}
2026-09-09 18:47:24,488 : INFO : EventManager : Event: ======'sw_vari'====== Args={}
2026-09-09 18:47:24,488 : INFO : EventManager : Event: ======'machine_var_audits_switches_s_64_varitarget_position_1'====== Args={'value': 13632, 'prev_value': 13631, 'change': 1}
2026-09-09 18:47:24,489 : INFO : EventManager : Event: ======'glasses_pending_position_1'====== Args={'priority': 0}
2026-09-09 18:47:24,489 : INFO : EventManager : Event: ======'machine_var_audits_shots_varitarget_p1'====== Args={'value': 13609, 'prev_value': 13608, 'change': 1}
2026-09-09 18:47:24,489 : INFO : EventManager : Event: ======'varitarget_p1_hit'====== Args={'profile': 'default', 'state': 'lit', 'advancing': False}
2026-09-09 18:47:24,489 : INFO : EventManager : Event: ======'varitarget_p1_default_hit'====== Args={'profile': 'default', 'state': 'lit', 'advancing': False}
2026-09-09 18:47:24,489 : INFO : EventManager : Event: ======'varitarget_p1_default_lit_hit'====== Args={'profile': 'default', 'state': 'lit', 'advancing': False}
2026-09-09 18:47:24,489 : INFO : EventManager : Event: ======'varitarget_p1_lit_hit'====== Args={'profile': 'default', 'state': 'lit', 'advancing': False}
2026-09-09 18:47:24,489 : INFO : EventManager : Event: ======'varitarget_position_changed'====== Args={'priority': 0}
2026-09-09 18:47:24,489 : INFO : EventManager : Event: ======'varitarget_reset_stop'====== Args={'priority': 0}
2026-09-09 18:47:24,489 : INFO : EventManager : Event: ======'varitarget_reset_complete'====== Args={'priority': 0}
2026-09-09 18:47:24,490 : INFO : EventManager : Event: ======'glasses_position_confirm_restart'====== Args={'priority': 0}
2026-09-09 18:47:24,490 : INFO : EventManager : Event: ======'timer_glasses_position_confirm_tick'====== Args={'ticks': 0, 'ticks_remaining': 1}
2026-09-09 18:47:24,490 : INFO : EventManager : Event: ======'varitarget_positions_hit'====== Args={'shot': 'varitarget_p1'}
2026-09-09 18:47:24,490 : INFO : EventManager : Event: ======'varitarget_positions_lit_hit'====== Args={'shot': 'varitarget_p1'}
2026-09-09 18:47:24,490 : INFO : EventManager : Event: ======'varitarget_update_stable'====== Args={'priority': 0}
2026-09-09 18:47:24,490 : INFO : Timer.varitarget_reset_timer : Stopping Timer
2026-09-09 18:47:24,490 : INFO : EventManager : Event: ======'timer_varitarget_reset_timer_stopped'====== Args={'ticks': 0, 'ticks_remaining': 999999}
2026-09-09 18:47:24,490 : INFO : EventManager : Event: ======'player_score'====== Args={'value': 4962392, 'prev_value': 4962350, 'change': 42, 'player_num': 1, 'source': 'base'}
2026-09-09 18:47:24,519 : INFO : SwitchController : <<<<<<< 's_64_varitarget_position_1' inactive >>>>>>>
2026-09-09 18:47:24,583 : INFO : SwitchController : <<<<<<< 's_17_right_flipper_upper' inactive >>>>>>>
2026-09-09 18:47:24,615 : INFO : SwitchController : <<<<<<< 's_16_right_flipper' inactive >>>>>>>
2026-09-09 18:47:24,771 : INFO : EventManager : Event: ======'player_autoplunge_t_auto_plunge_tick'====== Args={'value': 9, 'prev_value': 10, 'change': -1, 'player_num': 1}
2026-09-09 18:47:24,771 : INFO : EventManager : Event: ======'timer_t_auto_plunge_tick'====== Args={'ticks': 9, 'ticks_remaining': 9}
2026-09-09 18:47:25,483 : INFO : EventManager : Event: ======'player_glasses_mode_glasses_position_confirm_tick'====== Args={'value': 1, 'prev_value': 0, 'change': 1, 'player_num': 1}
2026-09-09 18:47:25,484 : INFO : Timer.glasses_position_confirm : Timer Complete
2026-09-09 18:47:25,484 : INFO : Timer.glasses_position_confirm : Stopping Timer
2026-09-09 18:47:25,484 : INFO : EventManager : Event: ======'timer_glasses_position_confirm_stopped'====== Args={'ticks': 1, 'ticks_remaining': 1}
2026-09-09 18:47:25,484 : INFO : EventManager : Event: ======'timer_glasses_position_confirm_complete'====== Args={'ticks': 1, 'ticks_remaining': 1}
2026-09-09 18:47:25,484 : INFO : EventManager : Event: ======'varitarget_position_1_confirmed'====== Args={'priority': 0}
2026-09-09 18:47:25,484 : INFO : EventManager : Event: ======'glasses_enter_state_1'====== Args={'priority': 0}
2026-09-09 18:47:25,484 : INFO : EventManager : Event: ======'glasses_stop_all_shows'====== Args={'priority': 0}
2026-09-09 18:47:25,485 : INFO : EventManager : Event: ======'glasses_state_timer_stop'====== Args={'priority': 0}
2026-09-09 18:47:25,485 : INFO : EventManager : Event: ======'glasses_home_pulse_timer_stop'====== Args={'priority': 0}
2026-09-09 18:47:25,485 : INFO : EventManager : Event: ======'glasses_homing_cancel'====== Args={'priority': 0}
2026-09-09 18:47:25,485 : INFO : Timer.glasses_state_timer : Stopping Timer
2026-09-09 18:47:25,485 : INFO : EventManager : Event: ======'timer_glasses_state_timer_stopped'====== Args={'ticks': 0, 'ticks_remaining': 1}
2026-09-09 18:47:25,485 : INFO : Timer.glasses_home_pulse_timer : Stopping Timer
2026-09-09 18:47:25,485 : INFO : EventManager : Event: ======'timer_glasses_home_pulse_timer_stopped'====== Args={'ticks': 0, 'ticks_remaining': 1}
2026-09-09 18:47:25,767 : INFO : EventManager : Event: ======'player_autoplunge_t_auto_plunge_tick'====== Args={'value': 8, 'prev_value': 9, 'change': -1, 'player_num': 1}
2026-09-09 18:47:25,767 : INFO : EventManager : Event: ======'timer_t_auto_plunge_tick'====== Args={'ticks': 8, 'ticks_remaining': 8}
2026-09-09 18:47:26,778 : INFO : EventManager : Event: ======'player_autoplunge_t_auto_plunge_tick'====== Args={'value': 7, 'prev_value': 8, 'change': -1, 'player_num': 1}
2026-09-09 18:47:26,778 : INFO : EventManager : Event: ======'timer_t_auto_plunge_tick'====== Args={'ticks': 7, 'ticks_remaining': 7}
2026-09-09 18:47:27,772 : INFO : EventManager : Event: ======'player_autoplunge_t_auto_plunge_tick'====== Args={'value': 6, 'prev_value': 7, 'change': -1, 'player_num': 1}
2026-09-09 18:47:27,772 : INFO : EventManager : Event: ======'timer_t_auto_plunge_tick'====== Args={'ticks': 6, 'ticks_remaining': 6}
2026-09-09 18:47:28,764 : INFO : EventManager : Event: ======'player_autoplunge_t_auto_plunge_tick'====== Args={'value': 5, 'prev_value': 6, 'change': -1, 'player_num': 1}
2026-09-09 18:47:28,764 : INFO : EventManager : Event: ======'timer_t_auto_plunge_tick'====== Args={'ticks': 5, 'ticks_remaining': 5}
2026-09-09 18:47:29,445 : INFO : SwitchController : <<<<<<< 's_64_varitarget_position_1' active >>>>>>>
2026-09-09 18:47:29,445 : INFO : EventManager : Event: ======'playfield_active'====== Args={'source': 'varitarget_p1'}
2026-09-09 18:47:29,445 : INFO : EventManager : Event: ======'s_64_varitarget_position_1_active'====== Args={}
2026-09-09 18:47:29,445 : INFO : EventManager : Event: ======'sw_vari'====== Args={}
2026-09-09 18:47:29,445 : INFO : EventManager : Event: ======'machine_var_audits_switches_s_64_varitarget_position_1'====== Args={'value': 13633, 'prev_value': 13632, 'change': 1}
2026-09-09 18:47:29,445 : INFO : SwitchController : <<<<<<< 's_64_varitarget_position_1' inactive >>>>>>>
2026-09-09 18:47:29,446 : INFO : EventManager : Event: ======'glasses_pending_position_1'====== Args={'priority': 0}
2026-09-09 18:47:29,446 : INFO : EventManager : Event: ======'machine_var_audits_shots_varitarget_p1'====== Args={'value': 13610, 'prev_value': 13609, 'change': 1}
2026-09-09 18:47:29,446 : INFO : EventManager : Event: ======'varitarget_p1_hit'====== Args={'profile': 'default', 'state': 'lit', 'advancing': False}
2026-09-09 18:47:29,446 : INFO : EventManager : Event: ======'varitarget_p1_default_hit'====== Args={'profile': 'default', 'state': 'lit', 'advancing': False}
2026-09-09 18:47:29,447 : INFO : EventManager : Event: ======'varitarget_p1_default_lit_hit'====== Args={'profile': 'default', 'state': 'lit', 'advancing': False}
2026-09-09 18:47:29,447 : INFO : EventManager : Event: ======'varitarget_p1_lit_hit'====== Args={'profile': 'default', 'state': 'lit', 'advancing': False}
2026-09-09 18:47:29,447 : INFO : EventManager : Event: ======'varitarget_position_changed'====== Args={'priority': 0}
2026-09-09 18:47:29,447 : INFO : EventManager : Event: ======'varitarget_reset_stop'====== Args={'priority': 0}
2026-09-09 18:47:29,447 : INFO : EventManager : Event: ======'varitarget_reset_complete'====== Args={'priority': 0}
2026-09-09 18:47:29,447 : INFO : EventManager : Event: ======'glasses_position_confirm_restart'====== Args={'priority': 0}
2026-09-09 18:47:29,447 : INFO : EventManager : Event: ======'player_glasses_mode_glasses_position_confirm_tick'====== Args={'value': 0, 'prev_value': 1, 'change': -1, 'player_num': 1}
2026-09-09 18:47:29,448 : INFO : Timer.glasses_position_confirm : Starting Timer.
2026-09-09 18:47:29,448 : INFO : EventManager : Event: ======'timer_glasses_position_confirm_started'====== Args={'ticks': 0, 'ticks_remaining': 1}
2026-09-09 18:47:29,448 : INFO : EventManager : Event: ======'timer_glasses_position_confirm_tick'====== Args={'ticks': 0, 'ticks_remaining': 1}
2026-09-09 18:47:29,448 : INFO : EventManager : Event: ======'varitarget_positions_hit'====== Args={'shot': 'varitarget_p1'}
2026-09-09 18:47:29,448 : INFO : EventManager : Event: ======'varitarget_positions_lit_hit'====== Args={'shot': 'varitarget_p1'}
2026-09-09 18:47:29,448 : INFO : EventManager : Event: ======'varitarget_update_stable'====== Args={'priority': 0}
2026-09-09 18:47:29,448 : INFO : Timer.varitarget_reset_timer : Stopping Timer
2026-09-09 18:47:29,448 : INFO : EventManager : Event: ======'timer_varitarget_reset_timer_stopped'====== Args={'ticks': 0, 'ticks_remaining': 999999}
2026-09-09 18:47:29,449 : INFO : EventManager : Event: ======'player_score'====== Args={'value': 4962434, 'prev_value': 4962392, 'change': 42, 'player_num': 1, 'source': 'base'}
2026-09-09 18:47:29,450 : INFO : SwitchController : <<<<<<< 's_64_varitarget_position_1' active >>>>>>>
2026-09-09 18:47:29,450 : INFO : EventManager : Event: ======'playfield_active'====== Args={'source': 'varitarget_p1'}
2026-09-09 18:47:29,450 : INFO : EventManager : Event: ======'s_64_varitarget_position_1_active'====== Args={}
2026-09-09 18:47:29,450 : INFO : EventManager : Event: ======'sw_vari'====== Args={}
2026-09-09 18:47:29,450 : INFO : EventManager : Event: ======'machine_var_audits_switches_s_64_varitarget_position_1'====== Args={'value': 13634, 'prev_value': 13633, 'change': 1}
2026-09-09 18:47:29,456 : INFO : EventManager : Event: ======'glasses_pending_position_1'====== Args={'priority': 0}
2026-09-09 18:47:29,456 : INFO : EventManager : Event: ======'machine_var_audits_shots_varitarget_p1'====== Args={'value': 13611, 'prev_value': 13610, 'change': 1}
2026-09-09 18:47:29,456 : INFO : EventManager : Event: ======'varitarget_p1_hit'====== Args={'profile': 'default', 'state': 'lit', 'advancing': False}
2026-09-09 18:47:29,456 : INFO : EventManager : Event: ======'varitarget_p1_default_hit'====== Args={'profile': 'default', 'state': 'lit', 'advancing': False}
2026-09-09 18:47:29,456 : INFO : EventManager : Event: ======'varitarget_p1_default_lit_hit'====== Args={'profile': 'default', 'state': 'lit', 'advancing': False}
2026-09-09 18:47:29,456 : INFO : EventManager : Event: ======'varitarget_p1_lit_hit'====== Args={'profile': 'default', 'state': 'lit', 'advancing': False}
2026-09-09 18:47:29,456 : INFO : EventManager : Event: ======'varitarget_position_changed'====== Args={'priority': 0}
2026-09-09 18:47:29,456 : INFO : EventManager : Event: ======'varitarget_reset_stop'====== Args={'priority': 0}
2026-09-09 18:47:29,457 : INFO : EventManager : Event: ======'varitarget_reset_complete'====== Args={'priority': 0}
2026-09-09 18:47:29,457 : INFO : EventManager : Event: ======'glasses_position_confirm_restart'====== Args={'priority': 0}
2026-09-09 18:47:29,457 : INFO : EventManager : Event: ======'timer_glasses_position_confirm_tick'====== Args={'ticks': 0, 'ticks_remaining': 1}
2026-09-09 18:47:29,457 : INFO : EventManager : Event: ======'varitarget_positions_hit'====== Args={'shot': 'varitarget_p1'}
2026-09-09 18:47:29,457 : INFO : EventManager : Event: ======'varitarget_positions_lit_hit'====== Args={'shot': 'varitarget_p1'}
2026-09-09 18:47:29,457 : INFO : EventManager : Event: ======'varitarget_update_stable'====== Args={'priority': 0}
2026-09-09 18:47:29,457 : INFO : Timer.varitarget_reset_timer : Stopping Timer
2026-09-09 18:47:29,457 : INFO : EventManager : Event: ======'timer_varitarget_reset_timer_stopped'====== Args={'ticks': 0, 'ticks_remaining': 999999}
2026-09-09 18:47:29,457 : INFO : EventManager : Event: ======'player_score'====== Args={'value': 4962476, 'prev_value': 4962434, 'change': 42, 'player_num': 1, 'source': 'base'}
2026-09-09 18:47:29,459 : INFO : SwitchController : <<<<<<< 's_64_varitarget_position_1' inactive >>>>>>>
2026-09-09 18:47:29,476 : INFO : SwitchController : <<<<<<< 's_64_varitarget_position_1' active >>>>>>>
2026-09-09 18:47:29,476 : INFO : EventManager : Event: ======'playfield_active'====== Args={'source': 'varitarget_p1'}
2026-09-09 18:47:29,476 : INFO : EventManager : Event: ======'s_64_varitarget_position_1_active'====== Args={}
2026-09-09 18:47:29,476 : INFO : EventManager : Event: ======'sw_vari'====== Args={}
2026-09-09 18:47:29,476 : INFO : EventManager : Event: ======'machine_var_audits_switches_s_64_varitarget_position_1'====== Args={'value': 13635, 'prev_value': 13634, 'change': 1}
2026-09-09 18:47:29,477 : INFO : EventManager : Event: ======'glasses_pending_position_1'====== Args={'priority': 0}
2026-09-09 18:47:29,477 : INFO : EventManager : Event: ======'machine_var_audits_shots_varitarget_p1'====== Args={'value': 13612, 'prev_value': 13611, 'change': 1}
2026-09-09 18:47:29,477 : INFO : EventManager : Event: ======'varitarget_p1_hit'====== Args={'profile': 'default', 'state': 'lit', 'advancing': False}
2026-09-09 18:47:29,477 : INFO : EventManager : Event: ======'varitarget_p1_default_hit'====== Args={'profile': 'default', 'state': 'lit', 'advancing': False}
2026-09-09 18:47:29,477 : INFO : EventManager : Event: ======'varitarget_p1_default_lit_hit'====== Args={'profile': 'default', 'state': 'lit', 'advancing': False}
2026-09-09 18:47:29,477 : INFO : EventManager : Event: ======'varitarget_p1_lit_hit'====== Args={'profile': 'default', 'state': 'lit', 'advancing': False}
2026-09-09 18:47:29,477 : INFO : EventManager : Event: ======'varitarget_position_changed'====== Args={'priority': 0}
2026-09-09 18:47:29,477 : INFO : EventManager : Event: ======'varitarget_reset_stop'====== Args={'priority': 0}
2026-09-09 18:47:29,477 : INFO : EventManager : Event: ======'varitarget_reset_complete'====== Args={'priority': 0}
2026-09-09 18:47:29,477 : INFO : EventManager : Event: ======'glasses_position_confirm_restart'====== Args={'priority': 0}
2026-09-09 18:47:29,478 : INFO : EventManager : Event: ======'timer_glasses_position_confirm_tick'====== Args={'ticks': 0, 'ticks_remaining': 1}
2026-09-09 18:47:29,478 : INFO : EventManager : Event: ======'varitarget_positions_hit'====== Args={'shot': 'varitarget_p1'}
2026-09-09 18:47:29,478 : INFO : EventManager : Event: ======'varitarget_positions_lit_hit'====== Args={'shot': 'varitarget_p1'}
2026-09-09 18:47:29,478 : INFO : EventManager : Event: ======'varitarget_update_stable'====== Args={'priority': 0}
2026-09-09 18:47:29,478 : INFO : Timer.varitarget_reset_timer : Stopping Timer
2026-09-09 18:47:29,478 : INFO : EventManager : Event: ======'timer_varitarget_reset_timer_stopped'====== Args={'ticks': 0, 'ticks_remaining': 999999}
2026-09-09 18:47:29,478 : INFO : EventManager : Event: ======'player_score'====== Args={'value': 4962518, 'prev_value': 4962476, 'change': 42, 'player_num': 1, 'source': 'base'}
2026-09-09 18:47:29,493 : INFO : SwitchController : <<<<<<< 's_64_varitarget_position_1' inactive >>>>>>>
2026-09-09 18:47:29,525 : INFO : SwitchController : <<<<<<< 's_64_varitarget_position_1' active >>>>>>>
2026-09-09 18:47:29,525 : INFO : EventManager : Event: ======'playfield_active'====== Args={'source': 'varitarget_p1'}
2026-09-09 18:47:29,525 : INFO : EventManager : Event: ======'s_64_varitarget_position_1_active'====== Args={}
2026-09-09 18:47:29,525 : INFO : EventManager : Event: ======'sw_vari'====== Args={}
2026-09-09 18:47:29,525 : INFO : EventManager : Event: ======'machine_var_audits_switches_s_64_varitarget_position_1'====== Args={'value': 13636, 'prev_value': 13635, 'change': 1}
2026-09-09 18:47:29,526 : INFO : EventManager : Event: ======'glasses_pending_position_1'====== Args={'priority': 0}
2026-09-09 18:47:29,526 : INFO : EventManager : Event: ======'machine_var_audits_shots_varitarget_p1'====== Args={'value': 13613, 'prev_value': 13612, 'change': 1}
2026-09-09 18:47:29,526 : INFO : EventManager : Event: ======'varitarget_p1_hit'====== Args={'profile': 'default', 'state': 'lit', 'advancing': False}
2026-09-09 18:47:29,526 : INFO : EventManager : Event: ======'varitarget_p1_default_hit'====== Args={'profile': 'default', 'state': 'lit', 'advancing': False}
2026-09-09 18:47:29,526 : INFO : EventManager : Event: ======'varitarget_p1_default_lit_hit'====== Args={'profile': 'default', 'state': 'lit', 'advancing': False}
2026-09-09 18:47:29,526 : INFO : EventManager : Event: ======'varitarget_p1_lit_hit'====== Args={'profile': 'default', 'state': 'lit', 'advancing': False}
2026-09-09 18:47:29,526 : INFO : EventManager : Event: ======'varitarget_position_changed'====== Args={'priority': 0}
2026-09-09 18:47:29,526 : INFO : EventManager : Event: ======'varitarget_reset_stop'====== Args={'priority': 0}
2026-09-09 18:47:29,527 : INFO : EventManager : Event: ======'varitarget_reset_complete'====== Args={'priority': 0}
2026-09-09 18:47:29,527 : INFO : EventManager : Event: ======'glasses_position_confirm_restart'====== Args={'priority': 0}
2026-09-09 18:47:29,527 : INFO : EventManager : Event: ======'timer_glasses_position_confirm_tick'====== Args={'ticks': 0, 'ticks_remaining': 1}
2026-09-09 18:47:29,527 : INFO : EventManager : Event: ======'varitarget_positions_hit'====== Args={'shot': 'varitarget_p1'}
2026-09-09 18:47:29,527 : INFO : EventManager : Event: ======'varitarget_positions_lit_hit'====== Args={'shot': 'varitarget_p1'}
2026-09-09 18:47:29,527 : INFO : EventManager : Event: ======'varitarget_update_stable'====== Args={'priority': 0}
2026-09-09 18:47:29,527 : INFO : Timer.varitarget_reset_timer : Stopping Timer
2026-09-09 18:47:29,527 : INFO : EventManager : Event: ======'timer_varitarget_reset_timer_stopped'====== Args={'ticks': 0, 'ticks_remaining': 999999}
2026-09-09 18:47:29,527 : INFO : EventManager : Event: ======'player_score'====== Args={'value': 4962560, 'prev_value': 4962518, 'change': 42, 'player_num': 1, 'source': 'base'}
2026-09-09 18:47:29,777 : INFO : EventManager : Event: ======'player_autoplunge_t_auto_plunge_tick'====== Args={'value': 4, 'prev_value': 5, 'change': -1, 'player_num': 1}
2026-09-09 18:47:29,777 : INFO : EventManager : Event: ======'timer_t_auto_plunge_tick'====== Args={'ticks': 4, 'ticks_remaining': 4}
2026-09-09 18:47:30,001 : INFO : SwitchController : <<<<<<< 's_64_varitarget_position_1' inactive >>>>>>>
2026-09-09 18:47:30,013 : INFO : SwitchController : <<<<<<< 's_64_varitarget_position_1' active >>>>>>>
2026-09-09 18:47:30,013 : INFO : EventManager : Event: ======'playfield_active'====== Args={'source': 'varitarget_p1'}
2026-09-09 18:47:30,013 : INFO : EventManager : Event: ======'s_64_varitarget_position_1_active'====== Args={}
2026-09-09 18:47:30,013 : INFO : EventManager : Event: ======'sw_vari'====== Args={}
2026-09-09 18:47:30,013 : INFO : EventManager : Event: ======'machine_var_audits_switches_s_64_varitarget_position_1'====== Args={'value': 13637, 'prev_value': 13636, 'change': 1}
2026-09-09 18:47:30,014 : INFO : EventManager : Event: ======'glasses_pending_position_1'====== Args={'priority': 0}
2026-09-09 18:47:30,014 : INFO : EventManager : Event: ======'machine_var_audits_shots_varitarget_p1'====== Args={'value': 13614, 'prev_value': 13613, 'change': 1}
2026-09-09 18:47:30,014 : INFO : EventManager : Event: ======'varitarget_p1_hit'====== Args={'profile': 'default', 'state': 'lit', 'advancing': False}
2026-09-09 18:47:30,014 : INFO : EventManager : Event: ======'varitarget_p1_default_hit'====== Args={'profile': 'default', 'state': 'lit', 'advancing': False}
2026-09-09 18:47:30,014 : INFO : EventManager : Event: ======'varitarget_p1_default_lit_hit'====== Args={'profile': 'default', 'state': 'lit', 'advancing': False}
2026-09-09 18:47:30,014 : INFO : EventManager : Event: ======'varitarget_p1_lit_hit'====== Args={'profile': 'default', 'state': 'lit', 'advancing': False}
2026-09-09 18:47:30,014 : INFO : EventManager : Event: ======'varitarget_position_changed'====== Args={'priority': 0}
2026-09-09 18:47:30,015 : INFO : EventManager : Event: ======'varitarget_reset_stop'====== Args={'priority': 0}
2026-09-09 18:47:30,015 : INFO : EventManager : Event: ======'varitarget_reset_complete'====== Args={'priority': 0}
2026-09-09 18:47:30,015 : INFO : EventManager : Event: ======'glasses_position_confirm_restart'====== Args={'priority': 0}
2026-09-09 18:47:30,015 : INFO : EventManager : Event: ======'timer_glasses_position_confirm_tick'====== Args={'ticks': 0, 'ticks_remaining': 1}
2026-09-09 18:47:30,015 : INFO : EventManager : Event: ======'varitarget_positions_hit'====== Args={'shot': 'varitarget_p1'}
2026-09-09 18:47:30,015 : INFO : EventManager : Event: ======'varitarget_positions_lit_hit'====== Args={'shot': 'varitarget_p1'}
2026-09-09 18:47:30,015 : INFO : EventManager : Event: ======'varitarget_update_stable'====== Args={'priority': 0}
2026-09-09 18:47:30,015 : INFO : Timer.varitarget_reset_timer : Stopping Timer
2026-09-09 18:47:30,015 : INFO : EventManager : Event: ======'timer_varitarget_reset_timer_stopped'====== Args={'ticks': 0, 'ticks_remaining': 999999}
2026-09-09 18:47:30,015 : INFO : EventManager : Event: ======'player_score'====== Args={'value': 4962602, 'prev_value': 4962560, 'change': 42, 'player_num': 1, 'source': 'base'}
2026-09-09 18:47:30,029 : INFO : SwitchController : <<<<<<< 's_64_varitarget_position_1' inactive >>>>>>>
2026-09-09 18:47:30,079 : INFO : SwitchController : <<<<<<< 's_64_varitarget_position_1' active >>>>>>>
2026-09-09 18:47:30,079 : INFO : EventManager : Event: ======'playfield_active'====== Args={'source': 'varitarget_p1'}
2026-09-09 18:47:30,079 : INFO : EventManager : Event: ======'s_64_varitarget_position_1_active'====== Args={}
2026-09-09 18:47:30,079 : INFO : EventManager : Event: ======'sw_vari'====== Args={}
2026-09-09 18:47:30,079 : INFO : EventManager : Event: ======'machine_var_audits_switches_s_64_varitarget_position_1'====== Args={'value': 13638, 'prev_value': 13637, 'change': 1}
2026-09-09 18:47:30,080 : INFO : EventManager : Event: ======'glasses_pending_position_1'====== Args={'priority': 0}
2026-09-09 18:47:30,080 : INFO : EventManager : Event: ======'machine_var_audits_shots_varitarget_p1'====== Args={'value': 13615, 'prev_value': 13614, 'change': 1}
2026-09-09 18:47:30,081 : INFO : EventManager : Event: ======'varitarget_p1_hit'====== Args={'profile': 'default', 'state': 'lit', 'advancing': False}
2026-09-09 18:47:30,083 : INFO : EventManager : Event: ======'varitarget_p1_default_hit'====== Args={'profile': 'default', 'state': 'lit', 'advancing': False}
2026-09-09 18:47:30,084 : INFO : EventManager : Event: ======'varitarget_p1_default_lit_hit'====== Args={'profile': 'default', 'state': 'lit', 'advancing': False}
2026-09-09 18:47:30,084 : INFO : EventManager : Event: ======'varitarget_p1_lit_hit'====== Args={'profile': 'default', 'state': 'lit', 'advancing': False}
2026-09-09 18:47:30,084 : INFO : EventManager : Event: ======'varitarget_position_changed'====== Args={'priority': 0}
2026-09-09 18:47:30,084 : INFO : EventManager : Event: ======'varitarget_reset_stop'====== Args={'priority': 0}
2026-09-09 18:47:30,084 : INFO : EventManager : Event: ======'varitarget_reset_complete'====== Args={'priority': 0}
2026-09-09 18:47:30,085 : INFO : EventManager : Event: ======'glasses_position_confirm_restart'====== Args={'priority': 0}
2026-09-09 18:47:30,085 : INFO : EventManager : Event: ======'timer_glasses_position_confirm_tick'====== Args={'ticks': 0, 'ticks_remaining': 1}
2026-09-09 18:47:30,085 : INFO : EventManager : Event: ======'varitarget_positions_hit'====== Args={'shot': 'varitarget_p1'}
2026-09-09 18:47:30,085 : INFO : EventManager : Event: ======'varitarget_positions_lit_hit'====== Args={'shot': 'varitarget_p1'}
2026-09-09 18:47:30,085 : INFO : EventManager : Event: ======'varitarget_update_stable'====== Args={'priority': 0}
2026-09-09 18:47:30,085 : INFO : Timer.varitarget_reset_timer : Stopping Timer
2026-09-09 18:47:30,085 : INFO : EventManager : Event: ======'timer_varitarget_reset_timer_stopped'====== Args={'ticks': 0, 'ticks_remaining': 999999}
2026-09-09 18:47:30,086 : INFO : EventManager : Event: ======'player_score'====== Args={'value': 4962644, 'prev_value': 4962602, 'change': 42, 'player_num': 1, 'source': 'base'}
2026-09-09 18:47:30,771 : INFO : EventManager : Event: ======'player_autoplunge_t_auto_plunge_tick'====== Args={'value': 3, 'prev_value': 4, 'change': -1, 'player_num': 1}
2026-09-09 18:47:30,771 : INFO : EventManager : Event: ======'timer_t_auto_plunge_tick'====== Args={'ticks': 3, 'ticks_remaining': 3}
2026-09-09 18:47:31,070 : INFO : EventManager : Event: ======'player_glasses_mode_glasses_position_confirm_tick'====== Args={'value': 1, 'prev_value': 0, 'change': 1, 'player_num': 1}
2026-09-09 18:47:31,070 : INFO : Timer.glasses_position_confirm : Timer Complete
2026-09-09 18:47:31,070 : INFO : Timer.glasses_position_confirm : Stopping Timer
2026-09-09 18:47:31,070 : INFO : EventManager : Event: ======'timer_glasses_position_confirm_stopped'====== Args={'ticks': 1, 'ticks_remaining': 1}
2026-09-09 18:47:31,070 : INFO : EventManager : Event: ======'timer_glasses_position_confirm_complete'====== Args={'ticks': 1, 'ticks_remaining': 1}
2026-09-09 18:47:31,071 : INFO : EventManager : Event: ======'varitarget_position_1_confirmed'====== Args={'priority': 0}
2026-09-09 18:47:31,071 : INFO : EventManager : Event: ======'glasses_enter_state_1'====== Args={'priority': 0}
2026-09-09 18:47:31,071 : INFO : EventManager : Event: ======'glasses_stop_all_shows'====== Args={'priority': 0}
2026-09-09 18:47:31,071 : INFO : EventManager : Event: ======'glasses_state_timer_stop'====== Args={'priority': 0}
2026-09-09 18:47:31,071 : INFO : EventManager : Event: ======'glasses_home_pulse_timer_stop'====== Args={'priority': 0}
2026-09-09 18:47:31,071 : INFO : EventManager : Event: ======'glasses_homing_cancel'====== Args={'priority': 0}
2026-09-09 18:47:31,071 : INFO : Timer.glasses_state_timer : Stopping Timer
2026-09-09 18:47:31,071 : INFO : EventManager : Event: ======'timer_glasses_state_timer_stopped'====== Args={'ticks': 0, 'ticks_remaining': 1}
2026-09-09 18:47:31,071 : INFO : Timer.glasses_home_pulse_timer : Stopping Timer
2026-09-09 18:47:31,071 : INFO : EventManager : Event: ======'timer_glasses_home_pulse_timer_stopped'====== Args={'ticks': 0, 'ticks_remaining': 1}
2026-09-09 18:47:31,778 : INFO : EventManager : Event: ======'player_autoplunge_t_auto_plunge_tick'====== Args={'value': 2, 'prev_value': 3, 'change': -1, 'player_num': 1}
2026-09-09 18:47:31,778 : INFO : EventManager : Event: ======'timer_t_auto_plunge_tick'====== Args={'ticks': 2, 'ticks_remaining': 2}
2026-09-09 18:47:32,441 : INFO : SwitchController : <<<<<<< 's_64_varitarget_position_1' inactive >>>>>>>
2026-09-09 18:47:32,771 : INFO : EventManager : Event: ======'player_autoplunge_t_auto_plunge_tick'====== Args={'value': 1, 'prev_value': 2, 'change': -1, 'player_num': 1}
2026-09-09 18:47:32,771 : INFO : EventManager : Event: ======'timer_t_auto_plunge_tick'====== Args={'ticks': 1, 'ticks_remaining': 1}
2026-09-09 18:47:33,623 : INFO : SwitchController : <<<<<<< 's_64_varitarget_position_1' active >>>>>>>
2026-09-09 18:47:33,623 : INFO : EventManager : Event: ======'playfield_active'====== Args={'source': 'varitarget_p1'}
2026-09-09 18:47:33,623 : INFO : EventManager : Event: ======'s_64_varitarget_position_1_active'====== Args={}
2026-09-09 18:47:33,623 : INFO : EventManager : Event: ======'sw_vari'====== Args={}
2026-09-09 18:47:33,624 : INFO : EventManager : Event: ======'machine_var_audits_switches_s_64_varitarget_position_1'====== Args={'value': 13639, 'prev_value': 13638, 'change': 1}
2026-09-09 18:47:33,625 : INFO : EventManager : Event: ======'glasses_pending_position_1'====== Args={'priority': 0}
2026-09-09 18:47:33,625 : INFO : EventManager : Event: ======'machine_var_audits_shots_varitarget_p1'====== Args={'value': 13616, 'prev_value': 13615, 'change': 1}
2026-09-09 18:47:33,625 : INFO : EventManager : Event: ======'varitarget_p1_hit'====== Args={'profile': 'default', 'state': 'lit', 'advancing': False}
2026-09-09 18:47:33,625 : INFO : EventManager : Event: ======'varitarget_p1_default_hit'====== Args={'profile': 'default', 'state': 'lit', 'advancing': False}
2026-09-09 18:47:33,625 : INFO : EventManager : Event: ======'varitarget_p1_default_lit_hit'====== Args={'profile': 'default', 'state': 'lit', 'advancing': False}
2026-09-09 18:47:33,625 : INFO : EventManager : Event: ======'varitarget_p1_lit_hit'====== Args={'profile': 'default', 'state': 'lit', 'advancing': False}
2026-09-09 18:47:33,625 : INFO : EventManager : Event: ======'varitarget_position_changed'====== Args={'priority': 0}
2026-09-09 18:47:33,625 : INFO : EventManager : Event: ======'varitarget_reset_stop'====== Args={'priority': 0}
2026-09-09 18:47:33,625 : INFO : EventManager : Event: ======'varitarget_reset_complete'====== Args={'priority': 0}
2026-09-09 18:47:33,625 : INFO : EventManager : Event: ======'glasses_position_confirm_restart'====== Args={'priority': 0}
2026-09-09 18:47:33,626 : INFO : EventManager : Event: ======'player_glasses_mode_glasses_position_confirm_tick'====== Args={'value': 0, 'prev_value': 1, 'change': -1, 'player_num': 1}
2026-09-09 18:47:33,626 : INFO : Timer.glasses_position_confirm : Starting Timer.
2026-09-09 18:47:33,626 : INFO : EventManager : Event: ======'timer_glasses_position_confirm_started'====== Args={'ticks': 0, 'ticks_remaining': 1}
2026-09-09 18:47:33,626 : INFO : EventManager : Event: ======'timer_glasses_position_confirm_tick'====== Args={'ticks': 0, 'ticks_remaining': 1}
2026-09-09 18:47:33,626 : INFO : EventManager : Event: ======'varitarget_positions_hit'====== Args={'shot': 'varitarget_p1'}
2026-09-09 18:47:33,626 : INFO : EventManager : Event: ======'varitarget_positions_lit_hit'====== Args={'shot': 'varitarget_p1'}
2026-09-09 18:47:33,626 : INFO : EventManager : Event: ======'varitarget_update_stable'====== Args={'priority': 0}
2026-09-09 18:47:33,626 : INFO : Timer.varitarget_reset_timer : Stopping Timer
2026-09-09 18:47:33,626 : INFO : EventManager : Event: ======'timer_varitarget_reset_timer_stopped'====== Args={'ticks': 0, 'ticks_remaining': 999999}
2026-09-09 18:47:33,626 : INFO : EventManager : Event: ======'player_score'====== Args={'value': 4962686, 'prev_value': 4962644, 'change': 42, 'player_num': 1, 'source': 'base'}
2026-09-09 18:47:33,633 : INFO : SwitchController : <<<<<<< 's_64_varitarget_position_1' inactive >>>>>>>
2026-09-09 18:47:33,766 : INFO : EventManager : Event: ======'player_autoplunge_t_auto_plunge_tick'====== Args={'value': 0, 'prev_value': 1, 'change': -1, 'player_num': 1}
2026-09-09 18:47:33,766 : INFO : Timer.t_auto_plunge : Timer Complete
2026-09-09 18:47:33,767 : INFO : Timer.t_auto_plunge : Stopping Timer
2026-09-09 18:47:33,767 : INFO : EventManager : Event: ======'timer_t_auto_plunge_stopped'====== Args={'ticks': 0, 'ticks_remaining': 1}
2026-09-09 18:47:33,767 : INFO : EventManager : Event: ======'timer_t_auto_plunge_complete'====== Args={'ticks': 0, 'ticks_remaining': 1}
2026-09-09 18:47:33,769 : INFO : coil.c_01_plunger : Pulsing Driver for 14ms (1.0 pulse_power)
2026-09-09 18:47:33,797 : INFO : SwitchController : <<<<<<< 's_31_plunger_lane' inactive >>>>>>>
2026-09-09 18:47:33,797 : INFO : EventManager : Event: ======'s_31_plunger_lane_inactive'====== Args={}
2026-09-09 18:47:33,798 : INFO : EventManager : Event: ======'skillshot_plunger_left'====== Args={'priority': 0}
2026-09-09 18:47:33,798 : INFO : Timer.t_auto_plunge : Stopping Timer
2026-09-09 18:47:33,798 : INFO : EventManager : Event: ======'timer_t_auto_plunge_stopped'====== Args={'ticks': 0, 'ticks_remaining': 1}
2026-09-09 18:47:33,798 : INFO : EventManager : Event: ======'ball_save_request'====== Args={'priority': 0}
2026-09-09 18:47:33,798 : INFO : EventManager : Event: ======'player_skillshot_left_plunger'====== Args={'value': 1, 'prev_value': 0, 'change': 1, 'player_num': 1, 'source': 'skillshot'}
2026-09-09 18:47:33,799 : INFO : EventManager : Event: ======'player_launch_ball_save_used'====== Args={'value': 1, 'prev_value': 0, 'change': 1, 'player_num': 1, 'source': 'base'}
2026-09-09 18:47:33,799 : INFO : EventManager : Event: ======'ball_save_bs_default_timer_start'====== Args={}
2026-09-09 18:47:33,799 : INFO : EventManager : Event: ======'ball_save_bs_default_enabled'====== Args={}
2026-09-09 18:47:33,801 : INFO : ball_device.bd_plunger : State: ball_left
2026-09-09 18:47:33,801 : INFO : ball_device.bd_plunger : Ball left
2026-09-09 18:47:33,801 : INFO : ball_device.bd_plunger : Wait for confirm with timeout 4.0
2026-09-09 18:47:34,208 : INFO : SwitchController : <<<<<<< 's_64_varitarget_position_1' active >>>>>>>
2026-09-09 18:47:34,208 : INFO : EventManager : Event: ======'playfield_active'====== Args={'source': 'varitarget_p1'}
2026-09-09 18:47:34,208 : INFO : EventManager : Event: ======'s_64_varitarget_position_1_active'====== Args={}
2026-09-09 18:47:34,208 : INFO : EventManager : Event: ======'sw_vari'====== Args={}
2026-09-09 18:47:34,208 : INFO : EventManager : Event: ======'machine_var_audits_switches_s_64_varitarget_position_1'====== Args={'value': 13640, 'prev_value': 13639, 'change': 1}
2026-09-09 18:47:34,209 : INFO : EventManager : Event: ======'glasses_pending_position_1'====== Args={'priority': 0}
2026-09-09 18:47:34,209 : INFO : EventManager : Event: ======'skillshot_phase1_success'====== Args={'priority': 0}
2026-09-09 18:47:34,209 : INFO : EventManager : Event: ======'skillshot_complete'====== Args={'priority': 0}
2026-09-09 18:47:34,209 : INFO : EventManager : Event: ======'machine_var_audits_shots_varitarget_p1'====== Args={'value': 13617, 'prev_value': 13616, 'change': 1}
2026-09-09 18:47:34,209 : INFO : EventManager : Event: ======'varitarget_p1_hit'====== Args={'profile': 'default', 'state': 'lit', 'advancing': False}
2026-09-09 18:47:34,209 : INFO : EventManager : Event: ======'varitarget_p1_default_hit'====== Args={'profile': 'default', 'state': 'lit', 'advancing': False}
2026-09-09 18:47:34,209 : INFO : EventManager : Event: ======'varitarget_p1_default_lit_hit'====== Args={'profile': 'default', 'state': 'lit', 'advancing': False}
2026-09-09 18:47:34,209 : INFO : EventManager : Event: ======'varitarget_p1_lit_hit'====== Args={'profile': 'default', 'state': 'lit', 'advancing': False}
2026-09-09 18:47:34,209 : INFO : EventManager : Event: ======'varitarget_position_changed'====== Args={'priority': 0}
2026-09-09 18:47:34,210 : INFO : EventManager : Event: ======'varitarget_reset_stop'====== Args={'priority': 0}
2026-09-09 18:47:34,210 : INFO : EventManager : Event: ======'varitarget_reset_complete'====== Args={'priority': 0}
2026-09-09 18:47:34,210 : INFO : EventManager : Event: ======'glasses_position_confirm_restart'====== Args={'priority': 0}
2026-09-09 18:47:34,210 : INFO : EventManager : Event: ======'timer_glasses_position_confirm_tick'====== Args={'ticks': 0, 'ticks_remaining': 1}
2026-09-09 18:47:34,210 : INFO : EventManager : Event: ======'player_skillshot_first_switch_seen'====== Args={'value': 1, 'prev_value': 0, 'change': 1, 'player_num': 1, 'source': 'skillshot'}
2026-09-09 18:47:34,210 : INFO : EventManager : Event: ======'player_skillshot_phase1_success'====== Args={'value': 1, 'prev_value': 0, 'change': 1, 'player_num': 1, 'source': 'skillshot'}
2026-09-09 18:47:34,210 : INFO : EventManager : Event: ======'player_score'====== Args={'value': 5462686, 'prev_value': 4962686, 'change': 500000, 'player_num': 1, 'source': 'skillshot'}
2026-09-09 18:47:34,210 : INFO : EventManager : Event: ======'mode_skillshot_will_stop'====== Args={}
2026-09-09 18:47:34,210 : INFO : EventManager : Event: ======'mode_skillshot_stopping'====== Args={}
2026-09-09 18:47:34,210 : INFO : EventManager : Event: ======'varitarget_positions_hit'====== Args={'shot': 'varitarget_p1'}
2026-09-09 18:47:34,210 : INFO : EventManager : Event: ======'varitarget_positions_lit_hit'====== Args={'shot': 'varitarget_p1'}
2026-09-09 18:47:34,211 : INFO : EventManager : Event: ======'varitarget_update_stable'====== Args={'priority': 0}
2026-09-09 18:47:34,211 : INFO : Timer.varitarget_reset_timer : Stopping Timer
2026-09-09 18:47:34,211 : INFO : EventManager : Event: ======'timer_varitarget_reset_timer_stopped'====== Args={'ticks': 0, 'ticks_remaining': 999999}
2026-09-09 18:47:34,211 : INFO : EventManager : Event: ======'player_score'====== Args={'value': 5462728, 'prev_value': 5462686, 'change': 42, 'player_num': 1, 'source': 'base'}
2026-09-09 18:47:34,211 : INFO : Mode.skillshot : Stopped.
2026-09-09 18:47:34,211 : INFO : EventManager : Event: ======'modes_active_modes_changed'====== Args={}
2026-09-09 18:47:34,211 : INFO : EventManager : Event: ======'mode_skillshot_stopped'====== Args={}
2026-09-09 18:47:34,211 : INFO : EventManager : Event: ======'clear'====== Args={'key': 'skillshot'}
2026-09-09 18:47:34,212 : INFO : SwitchController : <<<<<<< 's_64_varitarget_position_1' inactive >>>>>>>
2026-09-09 18:47:34,213 : INFO : ball_device.bd_plunger : Got eject confirm
2026-09-09 18:47:34,213 : INFO : ball_device.bd_plunger : Eject successful
2026-09-09 18:47:34,213 : INFO : EventManager : Event: ======'balldevice_bd_plunger_ball_eject_success'====== Args={'balls': 1, 'target': <playfield.playfield>}
2026-09-09 18:47:34,213 : INFO : EventManager : Event: ======'balldevice_playfield_ball_enter'====== Args={'new_balls': 1, 'unclaimed_balls': 1, 'device': <playfield.playfield>}
2026-09-09 18:47:34,213 : INFO : EventManager : Event: ======'playfield_ball_count_change'====== Args={'balls': 0, 'change': 1}
2026-09-09 18:47:34,213 : INFO : EventManager : Event: ======'balldevice_bd_plunger_ball_count_changed'====== Args={'balls': 0}
2026-09-09 18:47:34,213 : INFO : ball_device.bd_plunger : State: idle
2026-09-09 18:47:34,225 : INFO : SwitchController : <<<<<<< 's_64_varitarget_position_1' active >>>>>>>
2026-09-09 18:47:34,225 : INFO : EventManager : Event: ======'playfield_active'====== Args={'source': 'varitarget_p1'}
2026-09-09 18:47:34,225 : INFO : EventManager : Event: ======'unexpected_ball_on_playfield'====== Args={}
2026-09-09 18:47:34,225 : INFO : EventManager : Event: ======'s_64_varitarget_position_1_active'====== Args={}
2026-09-09 18:47:34,225 : INFO : EventManager : Event: ======'sw_vari'====== Args={}
2026-09-09 18:47:34,225 : INFO : EventManager : Event: ======'machine_var_audits_switches_s_64_varitarget_position_1'====== Args={'value': 13641, 'prev_value': 13640, 'change': 1}
2026-09-09 18:47:34,225 : INFO : EventManager : Event: ======'glasses_pending_position_1'====== Args={'priority': 0}
2026-09-09 18:47:34,226 : INFO : EventManager : Event: ======'machine_var_audits_shots_varitarget_p1'====== Args={'value': 13618, 'prev_value': 13617, 'change': 1}
2026-09-09 18:47:34,226 : INFO : EventManager : Event: ======'varitarget_p1_hit'====== Args={'profile': 'default', 'state': 'lit', 'advancing': False}
2026-09-09 18:47:34,226 : INFO : EventManager : Event: ======'varitarget_p1_default_hit'====== Args={'profile': 'default', 'state': 'lit', 'advancing': False}
2026-09-09 18:47:34,226 : INFO : EventManager : Event: ======'varitarget_p1_default_lit_hit'====== Args={'profile': 'default', 'state': 'lit', 'advancing': False}
2026-09-09 18:47:34,226 : INFO : EventManager : Event: ======'varitarget_p1_lit_hit'====== Args={'profile': 'default', 'state': 'lit', 'advancing': False}
2026-09-09 18:47:34,226 : INFO : EventManager : Event: ======'varitarget_position_changed'====== Args={'priority': 0}
2026-09-09 18:47:34,226 : INFO : EventManager : Event: ======'varitarget_reset_stop'====== Args={'priority': 0}
2026-09-09 18:47:34,226 : INFO : EventManager : Event: ======'varitarget_reset_complete'====== Args={'priority': 0}
2026-09-09 18:47:34,226 : INFO : EventManager : Event: ======'glasses_position_confirm_restart'====== Args={'priority': 0}
2026-09-09 18:47:34,226 : INFO : EventManager : Event: ======'timer_glasses_position_confirm_tick'====== Args={'ticks': 0, 'ticks_remaining': 1}
2026-09-09 18:47:34,226 : INFO : EventManager : Event: ======'varitarget_positions_hit'====== Args={'shot': 'varitarget_p1'}
2026-09-09 18:47:34,226 : INFO : EventManager : Event: ======'varitarget_positions_lit_hit'====== Args={'shot': 'varitarget_p1'}
2026-09-09 18:47:34,226 : INFO : EventManager : Event: ======'varitarget_update_stable'====== Args={'priority': 0}
2026-09-09 18:47:34,226 : INFO : Timer.varitarget_reset_timer : Stopping Timer
2026-09-09 18:47:34,227 : INFO : EventManager : Event: ======'timer_varitarget_reset_timer_stopped'====== Args={'ticks': 0, 'ticks_remaining': 999999}
2026-09-09 18:47:34,227 : INFO : EventManager : Event: ======'player_score'====== Args={'value': 5462770, 'prev_value': 5462728, 'change': 42, 'player_num': 1, 'source': 'base'}
2026-09-09 18:47:34,334 : INFO : SwitchController : <<<<<<< 's_64_varitarget_position_1' inactive >>>>>>>
2026-09-09 18:47:34,427 : INFO : SwitchController : <<<<<<< 's_64_varitarget_position_1' active >>>>>>>
2026-09-09 18:47:34,428 : INFO : EventManager : Event: ======'playfield_active'====== Args={'source': 'varitarget_p1'}
2026-09-09 18:47:34,428 : INFO : EventManager : Event: ======'unexpected_ball_on_playfield'====== Args={}
2026-09-09 18:47:34,428 : INFO : EventManager : Event: ======'s_64_varitarget_position_1_active'====== Args={}
2026-09-09 18:47:34,428 : INFO : EventManager : Event: ======'sw_vari'====== Args={}
2026-09-09 18:47:34,428 : INFO : EventManager : Event: ======'machine_var_audits_switches_s_64_varitarget_position_1'====== Args={'value': 13642, 'prev_value': 13641, 'change': 1}
2026-09-09 18:47:34,428 : INFO : SwitchController : <<<<<<< 's_64_varitarget_position_1' inactive >>>>>>>
2026-09-09 18:47:34,428 : INFO : EventManager : Event: ======'glasses_pending_position_1'====== Args={'priority': 0}
2026-09-09 18:47:34,429 : INFO : EventManager : Event: ======'machine_var_audits_shots_varitarget_p1'====== Args={'value': 13619, 'prev_value': 13618, 'change': 1}
2026-09-09 18:47:34,429 : INFO : EventManager : Event: ======'varitarget_p1_hit'====== Args={'profile': 'default', 'state': 'lit', 'advancing': False}
2026-09-09 18:47:34,429 : INFO : EventManager : Event: ======'varitarget_p1_default_hit'====== Args={'profile': 'default', 'state': 'lit', 'advancing': False}
2026-09-09 18:47:34,429 : INFO : EventManager : Event: ======'varitarget_p1_default_lit_hit'====== Args={'profile': 'default', 'state': 'lit', 'advancing': False}
2026-09-09 18:47:34,429 : INFO : EventManager : Event: ======'varitarget_p1_lit_hit'====== Args={'profile': 'default', 'state': 'lit', 'advancing': False}
2026-09-09 18:47:34,429 : INFO : EventManager : Event: ======'varitarget_position_changed'====== Args={'priority': 0}
2026-09-09 18:47:34,429 : INFO : EventManager : Event: ======'varitarget_reset_stop'====== Args={'priority': 0}
2026-09-09 18:47:34,429 : INFO : EventManager : Event: ======'varitarget_reset_complete'====== Args={'priority': 0}
2026-09-09 18:47:34,429 : INFO : EventManager : Event: ======'glasses_position_confirm_restart'====== Args={'priority': 0}
2026-09-09 18:47:34,429 : INFO : EventManager : Event: ======'timer_glasses_position_confirm_tick'====== Args={'ticks': 0, 'ticks_remaining': 1}
2026-09-09 18:47:34,429 : INFO : EventManager : Event: ======'varitarget_positions_hit'====== Args={'shot': 'varitarget_p1'}
2026-09-09 18:47:34,429 : INFO : EventManager : Event: ======'varitarget_positions_lit_hit'====== Args={'shot': 'varitarget_p1'}
2026-09-09 18:47:34,430 : INFO : EventManager : Event: ======'varitarget_update_stable'====== Args={'priority': 0}
2026-09-09 18:47:34,430 : INFO : Timer.varitarget_reset_timer : Stopping Timer
2026-09-09 18:47:34,430 : INFO : EventManager : Event: ======'timer_varitarget_reset_timer_stopped'====== Args={'ticks': 0, 'ticks_remaining': 999999}
2026-09-09 18:47:34,430 : INFO : EventManager : Event: ======'player_score'====== Args={'value': 5462812, 'prev_value': 5462770, 'change': 42, 'player_num': 1, 'source': 'base'}
2026-09-09 18:47:34,491 : INFO : SwitchController : <<<<<<< 's_63_stand_up_target_3' active >>>>>>>
2026-09-09 18:47:34,491 : INFO : EventManager : Event: ======'s_63_stand_up_target_3_active'====== Args={}
2026-09-09 18:47:34,491 : INFO : EventManager : Event: ======'sw_playfield_active'====== Args={}
2026-09-09 18:47:34,491 : INFO : EventManager : Event: ======'sw_standups'====== Args={}
2026-09-09 18:47:34,491 : INFO : EventManager : Event: ======'machine_var_audits_switches_s_63_stand_up_target_3'====== Args={'value': 489, 'prev_value': 488, 'change': 1}
2026-09-09 18:47:34,492 : INFO : EventManager : Event: ======'stars_t63_on'====== Args={'priority': 0}
2026-09-09 18:47:34,492 : INFO : EventManager : Event: ======'awareness_add_4'====== Args={'priority': 0}
2026-09-09 18:47:34,492 : INFO : EventManager : Event: ======'stars_count_updated'====== Args={'priority': 0}
2026-09-09 18:47:34,492 : INFO : EventManager : Event: ======'stars_monitor_t63_on'====== Args={'priority': 0}
2026-09-09 18:47:34,493 : INFO : EventManager : Event: ======'player_stars_t63'====== Args={'value': 1, 'prev_value': 0, 'change': 1, 'player_num': 1, 'source': 'stars_mode'}
2026-09-09 18:47:34,493 : INFO : EventManager : Event: ======'player_stars_targets_lit_count'====== Args={'value': 1, 'prev_value': 0, 'change': 1, 'player_num': 1, 'source': 'stars_mode'}
2026-09-09 18:47:34,493 : INFO : EventManager : Event: ======'player_awareness'====== Args={'value': 4, 'prev_value': 0, 'change': 4, 'player_num': 1, 'source': 'awareness'}
2026-09-09 18:47:34,493 : INFO : EventManager : Event: ======'player_awareness_percent'====== Args={'value': 2, 'prev_value': 0, 'change': 2, 'player_num': 1, 'source': 'awareness'}
2026-09-09 18:47:34,493 : INFO : EventManager : Event: ======'playfield_active'====== Args={'source': None}
2026-09-09 18:47:34,493 : INFO : EventManager : Event: ======'unexpected_ball_on_playfield'====== Args={}
2026-09-09 18:47:34,493 : INFO : EventManager : Event: ======'player_score'====== Args={'value': 5462854, 'prev_value': 5462812, 'change': 42, 'player_num': 1, 'source': 'base'}
2026-09-09 18:47:34,506 : INFO : SwitchController : <<<<<<< 's_63_stand_up_target_3' inactive >>>>>>>
2026-09-09 18:47:34,772 : INFO : Machine : Shutting down...
2026-09-09 18:47:34,772 : INFO : EventManager : Event: ======'shutdown'====== Args={}
2026-09-09 18:47:34,774 : INFO : EventManager : Event: ======'mode_game_will_stop'====== Args={}
2026-09-09 18:47:34,774 : INFO : EventManager : Event: ======'mode_game_stopping'====== Args={}
2026-09-09 18:47:34,774 : INFO : EventManager : Event: ======'mode_base_will_stop'====== Args={}
2026-09-09 18:47:34,774 : INFO : EventManager : Event: ======'mode_base_stopping'====== Args={}
2026-09-09 18:47:34,775 : INFO : EventManager : Event: ======'mode_glasses_mode_will_stop'====== Args={}
2026-09-09 18:47:34,775 : INFO : EventManager : Event: ======'mode_glasses_mode_stopping'====== Args={}
2026-09-09 18:47:34,775 : INFO : EventManager : Event: ======'mode_spinner_2x_qualify_will_stop'====== Args={}
2026-09-09 18:47:34,775 : INFO : EventManager : Event: ======'mode_spinner_2x_qualify_stopping'====== Args={}
2026-09-09 18:47:34,775 : INFO : EventManager : Event: ======'mode_brian_combo_will_stop'====== Args={}
2026-09-09 18:47:34,775 : INFO : EventManager : Event: ======'mode_brian_combo_stopping'====== Args={}
2026-09-09 18:47:34,775 : INFO : EventManager : Event: ======'mode_awareness_will_stop'====== Args={}
2026-09-09 18:47:34,775 : INFO : EventManager : Event: ======'mode_awareness_stopping'====== Args={}
2026-09-09 18:47:34,775 : INFO : EventManager : Event: ======'mode_autoplunge_will_stop'====== Args={}
2026-09-09 18:47:34,775 : INFO : EventManager : Event: ======'mode_autoplunge_stopping'====== Args={}
2026-09-09 18:47:34,775 : INFO : EventManager : Event: ======'mode_resistance_will_stop'====== Args={}
2026-09-09 18:47:34,775 : INFO : EventManager : Event: ======'mode_resistance_stopping'====== Args={}
2026-09-09 18:47:34,775 : INFO : EventManager : Event: ======'mode_super_pops_will_stop'====== Args={}
2026-09-09 18:47:34,775 : INFO : EventManager : Event: ======'mode_super_pops_stopping'====== Args={}
2026-09-09 18:47:34,775 : INFO : EventManager : Event: ======'mode_stars_mode_will_stop'====== Args={}
2026-09-09 18:47:34,775 : INFO : EventManager : Event: ======'mode_stars_mode_stopping'====== Args={}
2026-09-09 18:47:34,775 : INFO : EventManager : Event: ======'mode_shotgun_will_stop'====== Args={}
2026-09-09 18:47:34,775 : INFO : EventManager : Event: ======'mode_shotgun_stopping'====== Args={}
2026-09-09 18:47:34,776 : INFO : Mode.super_pops : Stopped.
2026-09-09 18:47:34,776 : INFO : EventManager : Event: ======'modes_active_modes_changed'====== Args={}
2026-09-09 18:47:34,776 : INFO : EventManager : Event: ======'mode_super_pops_stopped'====== Args={}
2026-09-09 18:47:34,776 : INFO : EventManager : Event: ======'clear'====== Args={'key': 'super_pops'}
2026-09-09 18:47:34,776 : INFO : Timer.super_pops_mult_timer : Stopping Timer
2026-09-09 18:47:34,776 : INFO : EventManager : Event: ======'timer_super_pops_mult_timer_stopped'====== Args={'ticks': 0, 'ticks_remaining': 1}
2026-09-09 18:47:34,776 : INFO : Mode.resistance : Stopped.
2026-09-09 18:47:34,776 : INFO : EventManager : Event: ======'modes_active_modes_changed'====== Args={}
2026-09-09 18:47:34,776 : INFO : EventManager : Event: ======'mode_resistance_stopped'====== Args={}
2026-09-09 18:47:34,777 : INFO : EventManager : Event: ======'clear'====== Args={'key': 'resistance'}
2026-09-09 18:47:34,777 : INFO : Timer.resistance_qual_lights_10_5_timer : Stopping Timer
2026-09-09 18:47:34,777 : INFO : EventManager : Event: ======'timer_resistance_qual_lights_10_5_timer_stopped'====== Args={'ticks': 5, 'ticks_remaining': 0}
2026-09-09 18:47:34,777 : INFO : Timer.state_3_resistance_active_timer : Stopping Timer
2026-09-09 18:47:34,777 : INFO : EventManager : Event: ======'timer_state_3_resistance_active_timer_stopped'====== Args={'ticks': 15, 'ticks_remaining': 0}
2026-09-09 18:47:34,777 : INFO : Timer.state_5_resistance_active_timer : Stopping Timer
2026-09-09 18:47:34,777 : INFO : EventManager : Event: ======'timer_state_5_resistance_active_timer_stopped'====== Args={'ticks': 10, 'ticks_remaining': 0}
2026-09-09 18:47:34,777 : INFO : Timer.right_inlane_countdown_timer : Stopping Timer
2026-09-09 18:47:34,777 : INFO : EventManager : Event: ======'timer_right_inlane_countdown_timer_stopped'====== Args={'ticks': 15, 'ticks_remaining': 0}
2026-09-09 18:47:34,777 : INFO : Timer.resistance_qual_lights_4_0_timer : Stopping Timer
2026-09-09 18:47:34,777 : INFO : EventManager : Event: ======'timer_resistance_qual_lights_4_0_timer_stopped'====== Args={'ticks': 4, 'ticks_remaining': 0}
2026-09-09 18:47:34,777 : INFO : Timer.state_4_resistance_active_timer : Stopping Timer
2026-09-09 18:47:34,777 : INFO : EventManager : Event: ======'timer_state_4_resistance_active_timer_stopped'====== Args={'ticks': 15, 'ticks_remaining': 0}
2026-09-09 18:47:34,777 : INFO : Timer.resistance_qual_lights_15_11_timer : Stopping Timer
2026-09-09 18:47:34,778 : INFO : EventManager : Event: ======'timer_resistance_qual_lights_15_11_timer_stopped'====== Args={'ticks': 4, 'ticks_remaining': 0}
2026-09-09 18:47:34,778 : INFO : Timer.state_2_resistance_active_timer : Stopping Timer
2026-09-09 18:47:34,778 : INFO : EventManager : Event: ======'timer_state_2_resistance_active_timer_stopped'====== Args={'ticks': 15, 'ticks_remaining': 0}
2026-09-09 18:47:34,778 : INFO : Mode.autoplunge : Stopped.
2026-09-09 18:47:34,778 : INFO : EventManager : Event: ======'modes_active_modes_changed'====== Args={}
2026-09-09 18:47:34,778 : INFO : EventManager : Event: ======'mode_autoplunge_stopped'====== Args={}
2026-09-09 18:47:34,778 : INFO : EventManager : Event: ======'clear'====== Args={'key': 'autoplunge'}
2026-09-09 18:47:34,778 : INFO : Timer.t_auto_plunge : Stopping Timer
2026-09-09 18:47:34,778 : INFO : EventManager : Event: ======'timer_t_auto_plunge_stopped'====== Args={'ticks': 0, 'ticks_remaining': 1}
2026-09-09 18:47:34,778 : INFO : Mode.awareness : Stopped.
2026-09-09 18:47:34,778 : INFO : EventManager : Event: ======'modes_active_modes_changed'====== Args={}
2026-09-09 18:47:34,778 : INFO : EventManager : Event: ======'mode_awareness_stopped'====== Args={}
2026-09-09 18:47:34,778 : INFO : EventManager : Event: ======'clear'====== Args={'key': 'awareness'}
2026-09-09 18:47:34,778 : INFO : Mode.brian_combo : Stopped.
2026-09-09 18:47:34,779 : INFO : EventManager : Event: ======'modes_active_modes_changed'====== Args={}
2026-09-09 18:47:34,779 : INFO : EventManager : Event: ======'mode_brian_combo_stopped'====== Args={}
2026-09-09 18:47:34,779 : INFO : EventManager : Event: ======'clear'====== Args={'key': 'brian_combo'}
2026-09-09 18:47:34,779 : INFO : Mode.spinner_2x_qualify : Stopped.
2026-09-09 18:47:34,779 : INFO : EventManager : Event: ======'modes_active_modes_changed'====== Args={}
2026-09-09 18:47:34,779 : INFO : EventManager : Event: ======'mode_spinner_2x_qualify_stopped'====== Args={}
2026-09-09 18:47:34,779 : INFO : EventManager : Event: ======'clear'====== Args={'key': 'spinner_2x_qualify'}
2026-09-09 18:47:34,780 : INFO : Timer.varitarget_reset_timer : Stopping Timer
2026-09-09 18:47:34,780 : INFO : EventManager : Event: ======'timer_varitarget_reset_timer_stopped'====== Args={'ticks': 0, 'ticks_remaining': 999999}
2026-09-09 18:47:34,780 : INFO : Timer.varitarget_hit_settle : Stopping Timer
2026-09-09 18:47:34,780 : INFO : EventManager : Event: ======'timer_varitarget_hit_settle_stopped'====== Args={'ticks': 3, 'ticks_remaining': 1}
2026-09-09 18:47:34,780 : INFO : Mode.base : Stopped.
2026-09-09 18:47:34,780 : INFO : EventManager : Event: ======'modes_active_modes_changed'====== Args={}
2026-09-09 18:47:34,781 : INFO : EventManager : Event: ======'mode_base_stopped'====== Args={}
2026-09-09 18:47:34,782 : INFO : EventManager : Event: ======'clear'====== Args={'key': 'base'}
2026-09-09 18:47:34,782 : INFO : EventManager : Event: ======'glasses_stop_all_shows'====== Args={'priority': 0}
2026-09-09 18:47:34,782 : INFO : EventManager : Event: ======'glasses_position_confirm_stop'====== Args={'priority': 0}
2026-09-09 18:47:34,782 : INFO : EventManager : Event: ======'glasses_state_timer_stop'====== Args={'priority': 0}
2026-09-09 18:47:34,782 : INFO : EventManager : Event: ======'glasses_home_pulse_timer_stop'====== Args={'priority': 0}
2026-09-09 18:47:34,782 : INFO : EventManager : Event: ======'glasses_homing_cancel'====== Args={'priority': 0}
2026-09-09 18:47:34,782 : INFO : Timer.glasses_position_confirm : Stopping Timer
2026-09-09 18:47:34,782 : INFO : EventManager : Event: ======'timer_glasses_position_confirm_stopped'====== Args={'ticks': 0, 'ticks_remaining': 1}
2026-09-09 18:47:34,782 : INFO : Timer.glasses_state_timer : Stopping Timer
2026-09-09 18:47:34,782 : INFO : EventManager : Event: ======'timer_glasses_state_timer_stopped'====== Args={'ticks': 0, 'ticks_remaining': 1}
2026-09-09 18:47:34,782 : INFO : Timer.glasses_home_pulse_timer : Stopping Timer
2026-09-09 18:47:34,782 : INFO : EventManager : Event: ======'timer_glasses_home_pulse_timer_stopped'====== Args={'ticks': 0, 'ticks_remaining': 1}
2026-09-09 18:47:34,782 : INFO : Mode.glasses_mode : Stopped.
2026-09-09 18:47:34,783 : INFO : EventManager : Event: ======'modes_active_modes_changed'====== Args={}
2026-09-09 18:47:34,783 : INFO : EventManager : Event: ======'mode_glasses_mode_stopped'====== Args={}
2026-09-09 18:47:34,783 : INFO : EventManager : Event: ======'clear'====== Args={'key': 'glasses_mode'}
2026-09-09 18:47:34,783 : INFO : Mode.stars_mode : Stopped.
2026-09-09 18:47:34,783 : INFO : EventManager : Event: ======'modes_active_modes_changed'====== Args={}
2026-09-09 18:47:34,783 : INFO : EventManager : Event: ======'mode_stars_mode_stopped'====== Args={}
2026-09-09 18:47:34,783 : INFO : EventManager : Event: ======'clear'====== Args={'key': 'stars_mode'}
2026-09-09 18:47:34,783 : INFO : Timer.top_lane_a_countdown_timer : Stopping Timer
2026-09-09 18:47:34,784 : INFO : EventManager : Event: ======'timer_top_lane_a_countdown_timer_stopped'====== Args={'ticks': 30, 'ticks_remaining': 30}
2026-09-09 18:47:34,784 : INFO : Timer.top_lane_b_countdown_timer : Stopping Timer
2026-09-09 18:47:34,784 : INFO : EventManager : Event: ======'timer_top_lane_b_countdown_timer_stopped'====== Args={'ticks': 30, 'ticks_remaining': 30}
2026-09-09 18:47:34,784 : INFO : Timer.fourbank_reset_check_timer : Stopping Timer
2026-09-09 18:47:34,784 : INFO : EventManager : Event: ======'timer_fourbank_reset_check_timer_stopped'====== Args={'ticks': 0, 'ticks_remaining': 1}
2026-09-09 18:47:34,784 : INFO : Timer.fourbank_reset_retry_timer : Stopping Timer
2026-09-09 18:47:34,784 : INFO : EventManager : Event: ======'timer_fourbank_reset_retry_timer_stopped'====== Args={'ticks': 0, 'ticks_remaining': 0}
2026-09-09 18:47:34,784 : INFO : Timer.threebank_reset_check_timer : Stopping Timer
2026-09-09 18:47:34,784 : INFO : EventManager : Event: ======'timer_threebank_reset_check_timer_stopped'====== Args={'ticks': 0, 'ticks_remaining': 0}
2026-09-09 18:47:34,784 : INFO : Timer.threebank_reset_retry_timer : Stopping Timer
2026-09-09 18:47:34,784 : INFO : EventManager : Event: ======'timer_threebank_reset_retry_timer_stopped'====== Args={'ticks': 0, 'ticks_remaining': 0}
2026-09-09 18:47:34,784 : INFO : Mode.shotgun : Stopped.
2026-09-09 18:47:34,784 : INFO : EventManager : Event: ======'modes_active_modes_changed'====== Args={}
2026-09-09 18:47:34,785 : INFO : EventManager : Event: ======'mode_shotgun_stopped'====== Args={}
2026-09-09 18:47:34,785 : INFO : EventManager : Event: ======'clear'====== Args={'key': 'shotgun'}
2026-09-09 18:47:34,785 : INFO : Timer.glasses_position_confirm : Stopping Timer
2026-09-09 18:47:34,785 : INFO : EventManager : Event: ======'timer_glasses_position_confirm_stopped'====== Args={'ticks': 0, 'ticks_remaining': 1}
2026-09-09 18:47:34,785 : INFO : Timer.glasses_state_timer : Stopping Timer
2026-09-09 18:47:34,785 : INFO : EventManager : Event: ======'timer_glasses_state_timer_stopped'====== Args={'ticks': 0, 'ticks_remaining': 1}
2026-09-09 18:47:34,785 : INFO : Timer.glasses_home_pulse_timer : Stopping Timer
2026-09-09 18:47:34,785 : INFO : EventManager : Event: ======'timer_glasses_home_pulse_timer_stopped'====== Args={'ticks': 0, 'ticks_remaining': 1}
2026-09-09 18:47:34,785 : INFO : Timer.drop_1_4_7_step_3_timer : Stopping Timer
2026-09-09 18:47:34,785 : INFO : EventManager : Event: ======'timer_drop_1_4_7_step_3_timer_stopped'====== Args={'ticks': 0, 'ticks_remaining': 0}
2026-09-09 18:47:34,785 : INFO : Timer.top_lane_b_countdown_timer : Stopping Timer
2026-09-09 18:47:34,785 : INFO : EventManager : Event: ======'timer_top_lane_b_countdown_timer_stopped'====== Args={'ticks': 30, 'ticks_remaining': 30}
2026-09-09 18:47:34,785 : INFO : Timer.threebank_reset_check_timer : Stopping Timer
2026-09-09 18:47:34,785 : INFO : EventManager : Event: ======'timer_threebank_reset_check_timer_stopped'====== Args={'ticks': 0, 'ticks_remaining': 0}
2026-09-09 18:47:34,785 : INFO : Timer.fourbank_drop_3_trip_timer : Stopping Timer
2026-09-09 18:47:34,785 : INFO : EventManager : Event: ======'timer_fourbank_drop_3_trip_timer_stopped'====== Args={'ticks': 0, 'ticks_remaining': 1}
2026-09-09 18:47:34,786 : INFO : Timer.threebank_drop_3_trip_timer : Stopping Timer
2026-09-09 18:47:34,786 : INFO : EventManager : Event: ======'timer_threebank_drop_3_trip_timer_stopped'====== Args={'ticks': 0, 'ticks_remaining': 1}
2026-09-09 18:47:34,786 : INFO : Timer.drop_1_4_7_step_4_timer : Stopping Timer
2026-09-09 18:47:34,786 : INFO : EventManager : Event: ======'timer_drop_1_4_7_step_4_timer_stopped'====== Args={'ticks': 0, 'ticks_remaining': 0}
2026-09-09 18:47:34,786 : INFO : Timer.fourbank_reset_check_timer : Stopping Timer
2026-09-09 18:47:34,786 : INFO : EventManager : Event: ======'timer_fourbank_reset_check_timer_stopped'====== Args={'ticks': 0, 'ticks_remaining': 1}
2026-09-09 18:47:34,786 : INFO : Timer.threebank_reset_retry_timer : Stopping Timer
2026-09-09 18:47:34,786 : INFO : EventManager : Event: ======'timer_threebank_reset_retry_timer_stopped'====== Args={'ticks': 0, 'ticks_remaining': 0}
2026-09-09 18:47:34,786 : INFO : Timer.threebank_drop_1_trip_timer : Stopping Timer
2026-09-09 18:47:34,786 : INFO : EventManager : Event: ======'timer_threebank_drop_1_trip_timer_stopped'====== Args={'ticks': 0, 'ticks_remaining': 1}
2026-09-09 18:47:34,786 : INFO : Timer.drop_1_4_7_step_2_timer : Stopping Timer
2026-09-09 18:47:34,786 : INFO : EventManager : Event: ======'timer_drop_1_4_7_step_2_timer_stopped'====== Args={'ticks': 0, 'ticks_remaining': 0}
2026-09-09 18:47:34,786 : INFO : Timer.drop_1_4_7_ready_timer : Stopping Timer
2026-09-09 18:47:34,786 : INFO : EventManager : Event: ======'timer_drop_1_4_7_ready_timer_stopped'====== Args={'ticks': 0, 'ticks_remaining': 0}
2026-09-09 18:47:34,786 : INFO : Timer.top_lane_a_countdown_timer : Stopping Timer
2026-09-09 18:47:34,786 : INFO : EventManager : Event: ======'timer_top_lane_a_countdown_timer_stopped'====== Args={'ticks': 30, 'ticks_remaining': 30}
2026-09-09 18:47:34,786 : INFO : Timer.fourbank_reset_retry_timer : Stopping Timer
2026-09-09 18:47:34,786 : INFO : EventManager : Event: ======'timer_fourbank_reset_retry_timer_stopped'====== Args={'ticks': 0, 'ticks_remaining': 0}
2026-09-09 18:47:34,786 : INFO : Timer.fourbank_drop_2_trip_timer : Stopping Timer
2026-09-09 18:47:34,786 : INFO : EventManager : Event: ======'timer_fourbank_drop_2_trip_timer_stopped'====== Args={'ticks': 0, 'ticks_remaining': 1}
2026-09-09 18:47:34,786 : INFO : Timer.threebank_drop_2_trip_timer : Stopping Timer
2026-09-09 18:47:34,786 : INFO : EventManager : Event: ======'timer_threebank_drop_2_trip_timer_stopped'====== Args={'ticks': 0, 'ticks_remaining': 1}
2026-09-09 18:47:34,787 : INFO : Timer.stars_10x_timer : Stopping Timer
2026-09-09 18:47:34,787 : INFO : EventManager : Event: ======'timer_stars_10x_timer_stopped'====== Args={'ticks': 0, 'ticks_remaining': 0}
2026-09-09 18:47:34,787 : INFO : Timer.stars_s80_hold : Stopping Timer
2026-09-09 18:47:34,787 : INFO : EventManager : Event: ======'timer_stars_s80_hold_stopped'====== Args={'ticks': 0, 'ticks_remaining': 0}
2026-09-09 18:47:34,787 : INFO : Timer.glasses_home_pulse_timer : Stopping Timer
2026-09-09 18:47:34,787 : INFO : EventManager : Event: ======'timer_glasses_home_pulse_timer_stopped'====== Args={'ticks': 0, 'ticks_remaining': 1}
2026-09-09 18:47:34,787 : INFO : Timer.glasses_position_confirm : Stopping Timer
2026-09-09 18:47:34,787 : INFO : EventManager : Event: ======'timer_glasses_position_confirm_stopped'====== Args={'ticks': 0, 'ticks_remaining': 1}
2026-09-09 18:47:34,787 : INFO : Timer.glasses_state_timer : Stopping Timer
2026-09-09 18:47:34,787 : INFO : EventManager : Event: ======'timer_glasses_state_timer_stopped'====== Args={'ticks': 0, 'ticks_remaining': 1}
2026-09-09 18:47:34,788 : INFO : Timer.varitarget_reset_timer : Stopping Timer
2026-09-09 18:47:34,788 : INFO : EventManager : Event: ======'timer_varitarget_reset_timer_stopped'====== Args={'ticks': 0, 'ticks_remaining': 999999}
2026-09-09 18:47:34,788 : INFO : Timer.varitarget_hit_settle : Stopping Timer
2026-09-09 18:47:34,788 : INFO : EventManager : Event: ======'timer_varitarget_hit_settle_stopped'====== Args={'ticks': 3, 'ticks_remaining': 1}
2026-09-09 18:47:34,789 : INFO : Mode.game : Stopped.
2026-09-09 18:47:34,789 : INFO : EventManager : Event: ======'modes_active_modes_changed'====== Args={}
2026-09-09 18:47:34,789 : INFO : EventManager : Event: ======'mode_game_stopped'====== Args={}
2026-09-09 18:47:34,789 : INFO : EventManager : Event: ======'clear'====== Args={'key': 'game'}
2026-09-09 18:47:34,887 : INFO : root : MPF run loop ended.
