2026-08-11 12:46:50,871 : INFO : root : Loading config.
2026-08-11 12:46:50,876 : INFO : YamlMultifileConfigLoader : Machine config file #1: config.yaml
2026-08-11 12:46:50,877 : INFO : ConfigProcessor : Loading config from cache: C:\Users\tl\AppData\Local\Temp\86f932e179f318f5dae29f066573dee9.mpf_cache
2026-08-11 12:46:50,995 : INFO : ConfigProcessor : Loading config from cache: C:\Users\tl\AppData\Local\Temp\5e7e3dd8e04e0aa46ea76018297218da.mpf_cache
2026-08-11 12:46:50,996 : INFO : ConfigProcessor : Loading config from cache: C:\Users\tl\AppData\Local\Temp\af6ad0dab2f43bd9cbdac83e0b2786ac.mpf_cache
2026-08-11 12:46:50,997 : INFO : ConfigProcessor : Loading config from cache: C:\Users\tl\AppData\Local\Temp\5e7e3dd8e04e0aa46ea76018297218da.mpf_cache
2026-08-11 12:46:50,998 : INFO : ConfigProcessor : Loading config from cache: C:\Users\tl\AppData\Local\Temp\078e3f4c59f1cd1bf0ff8685cc9e7ff5.mpf_cache
2026-08-11 12:46:50,999 : INFO : ConfigProcessor : Loading config from cache: C:\Users\tl\AppData\Local\Temp\279434e09bc5e8b073f441f36778b3c5.mpf_cache
2026-08-11 12:46:51,000 : INFO : ConfigProcessor : Loading config from cache: C:\Users\tl\AppData\Local\Temp\0f8a6fed03551fa5e1f599b5c511b7ce.mpf_cache
2026-08-11 12:46:51,001 : INFO : ConfigProcessor : Loading config from cache: C:\Users\tl\AppData\Local\Temp\f7ef3217062c4a128670875e2cb05ce9.mpf_cache
2026-08-11 12:46:51,002 : WARNING : ConfigProcessor : Config file in cache changed: C:\Users\tl\Documents\tl-pinball\modes\brain_rot\config\brain_rot.yaml
2026-08-11 12:46:51,002 : INFO : ConfigProcessor : Loading config from file C:\Users\tl\Documents\tl-pinball\modes\brain_rot\config\brain_rot.yaml.
2026-08-11 12:46:51,008 : INFO : ConfigProcessor : Loading config: C:\Users\tl\Documents\tl-pinball\modes\brain_rot\config\brain_rot.yaml
2026-08-11 12:46:51,009 : INFO : ConfigProcessor : Config file cache created: C:\Users\tl\AppData\Local\Temp\3e0da43cdf74c6e3f9d34deafe6b0c00.mpf_cache
2026-08-11 12:46:51,010 : INFO : ConfigProcessor : Loading config from cache: C:\Users\tl\AppData\Local\Temp\3f4b5828320b2882d8f6d86277da0e3c.mpf_cache
2026-08-11 12:46:51,010 : INFO : ConfigProcessor : Loading config from cache: C:\Users\tl\AppData\Local\Temp\e0885cd80287b6cf2bdb3b3b7e551419.mpf_cache
2026-08-11 12:46:51,011 : INFO : ConfigProcessor : Loading config from cache: C:\Users\tl\AppData\Local\Temp\21a3b6af72788c31c1bb21496f7d3280.mpf_cache
2026-08-11 12:46:51,013 : INFO : ConfigProcessor : Loading config from cache: C:\Users\tl\AppData\Local\Temp\5ad868424699ac3c9402d8d89c5742fa.mpf_cache
2026-08-11 12:46:51,014 : INFO : ConfigProcessor : Loading config from cache: C:\Users\tl\AppData\Local\Temp\b41aec6702196d0bd650320fa331266f.mpf_cache
2026-08-11 12:46:51,014 : INFO : ConfigProcessor : Loading config from cache: C:\Users\tl\AppData\Local\Temp\a951eeea2c167365e5a009cce33f51d8.mpf_cache
2026-08-11 12:46:51,015 : INFO : ConfigProcessor : Loading config from cache: C:\Users\tl\AppData\Local\Temp\f020dca9eec5e09763b9289397e6c32f.mpf_cache
2026-08-11 12:46:51,016 : INFO : ConfigProcessor : Loading config from cache: C:\Users\tl\AppData\Local\Temp\edce5a74ebf86ee6330810859c361ede.mpf_cache
2026-08-11 12:46:51,017 : INFO : ConfigProcessor : Loading config from cache: C:\Users\tl\AppData\Local\Temp\7c825e76f3d981841c3099d018a06a8f.mpf_cache
2026-08-11 12:46:51,018 : INFO : ConfigProcessor : Loading config from cache: C:\Users\tl\AppData\Local\Temp\4c1252d1f04cb61ecc91110937cfd225.mpf_cache
2026-08-11 12:46:51,019 : INFO : ConfigProcessor : Loading config from cache: C:\Users\tl\AppData\Local\Temp\8d6d681afe5a7b6e9186321cd98f18ca.mpf_cache
2026-08-11 12:46:51,021 : INFO : ConfigProcessor : Loading config from cache: C:\Users\tl\AppData\Local\Temp\6ca6a8b9cb340c3b8d36233eeb0719a5.mpf_cache
2026-08-11 12:46:51,022 : INFO : ConfigProcessor : Loading config from cache: C:\Users\tl\AppData\Local\Temp\d7f9969d1a13fb8a4ff98949110a3363.mpf_cache
2026-08-11 12:46:51,022 : INFO : ConfigProcessor : Loading config from cache: C:\Users\tl\AppData\Local\Temp\ea483b3190585f1b6f58e5d4b3be4053.mpf_cache
2026-08-11 12:46:51,023 : INFO : ConfigProcessor : Loading config from cache: C:\Users\tl\AppData\Local\Temp\29a24a1f58555604e17f1620fab88485.mpf_cache
2026-08-11 12:46:51,024 : INFO : ConfigProcessor : Loading config from cache: C:\Users\tl\AppData\Local\Temp\9e4f4ac993fe3c13c573513cb70c74c1.mpf_cache
2026-08-11 12:46:51,024 : INFO : ConfigProcessor : Loading config from cache: C:\Users\tl\AppData\Local\Temp\271b31ea91f7fc416a689202738fcb25.mpf_cache
2026-08-11 12:46:51,027 : INFO : ConfigProcessor : Loading config from cache: C:\Users\tl\AppData\Local\Temp\d5113bae71fe9b2600b29bf116525aac.mpf_cache
2026-08-11 12:46:51,028 : INFO : ConfigProcessor : Loading config from cache: C:\Users\tl\AppData\Local\Temp\ae5d383473e063efe671bf30ab478239.mpf_cache
2026-08-11 12:46:51,029 : INFO : ConfigProcessor : Loading config from cache: C:\Users\tl\AppData\Local\Temp\46870b44a1c011c86a746a823adf6b5a.mpf_cache
2026-08-11 12:46:51,030 : INFO : ConfigProcessor : Loading config from cache: C:\Users\tl\AppData\Local\Temp\0cf169c51710e2e034dc49f1aab9dfdd.mpf_cache
2026-08-11 12:46:51,035 : INFO : ConfigProcessor : Loading config from cache: C:\Users\tl\AppData\Local\Temp\7f1f48089af53c0812f6ef7352fae9fc.mpf_cache
2026-08-11 12:46:51,036 : INFO : ConfigProcessor : Loading config from cache: C:\Users\tl\AppData\Local\Temp\2cc33be7b212147eeee1bdfcda64fa9a.mpf_cache
2026-08-11 12:46:51,037 : INFO : ConfigProcessor : Loading config from cache: C:\Users\tl\AppData\Local\Temp\a16abf331f3e7de6af87e663850f3d9e.mpf_cache
2026-08-11 12:46:51,037 : INFO : ConfigProcessor : Loading config from cache: C:\Users\tl\AppData\Local\Temp\38e2b0a0c5cbde9df196d324be754e6f.mpf_cache
2026-08-11 12:46:51,038 : INFO : ConfigProcessor : Loading config from cache: C:\Users\tl\AppData\Local\Temp\e80dee9eca7c5982ccbcb422c91db859.mpf_cache
2026-08-11 12:46:51,038 : INFO : ConfigProcessor : Loading config from cache: C:\Users\tl\AppData\Local\Temp\0109be63d67329a8885529bd2a71548c.mpf_cache
2026-08-11 12:46:51,039 : INFO : ConfigProcessor : Loading config from cache: C:\Users\tl\AppData\Local\Temp\61bab561dcce3f0c07355166d6e0f761.mpf_cache
2026-08-11 12:46:51,040 : INFO : ConfigProcessor : Loading config from cache: C:\Users\tl\AppData\Local\Temp\25d2f8081a4f10d84b73dba07eba574c.mpf_cache
2026-08-11 12:46:51,040 : INFO : ConfigProcessor : Loading config from cache: C:\Users\tl\AppData\Local\Temp\5dff49294fdc1400ecd20df1617a2b2f.mpf_cache
2026-08-11 12:46:51,041 : INFO : ConfigProcessor : Loading config from cache: C:\Users\tl\AppData\Local\Temp\eb82598b1fb2ee02b221679b664276f0.mpf_cache
2026-08-11 12:46:51,041 : INFO : ConfigProcessor : Loading config from cache: C:\Users\tl\AppData\Local\Temp\ee5817e1bc6c76799d194e89aa39905b.mpf_cache
2026-08-11 12:46:51,042 : INFO : ConfigProcessor : Loading config from cache: C:\Users\tl\AppData\Local\Temp\b4fb504f89ca2ed519ed0a0e98e46a04.mpf_cache
2026-08-11 12:46:51,043 : INFO : ConfigProcessor : Loading config from cache: C:\Users\tl\AppData\Local\Temp\a6a2066a35a93afd7c5e023580b97319.mpf_cache
2026-08-11 12:46:51,043 : INFO : ConfigProcessor : Loading config from cache: C:\Users\tl\AppData\Local\Temp\b8c836a76b8f12a6f53828e327bc835b.mpf_cache
2026-08-11 12:46:51,044 : INFO : ConfigProcessor : Loading config from cache: C:\Users\tl\AppData\Local\Temp\a42c9a1e5925ead55e30ef9c3174b8d6.mpf_cache
2026-08-11 12:46:51,045 : INFO : ConfigProcessor : Loading config from cache: C:\Users\tl\AppData\Local\Temp\232eb4bb290f7b6232b4d79d1c841dd5.mpf_cache
2026-08-11 12:46:51,045 : INFO : ConfigProcessor : Loading config from cache: C:\Users\tl\AppData\Local\Temp\a2de7c1b2b3faf18b0affdedaa38907f.mpf_cache
2026-08-11 12:46:51,046 : INFO : ConfigProcessor : Loading config from cache: C:\Users\tl\AppData\Local\Temp\e26965993a19a15abbd54118f3bb1f6b.mpf_cache
2026-08-11 12:46:51,046 : INFO : ConfigProcessor : Loading config from cache: C:\Users\tl\AppData\Local\Temp\1a8067b3018dc540f40ee09fbd30147e.mpf_cache
2026-08-11 12:46:51,047 : INFO : ConfigProcessor : Loading config from cache: C:\Users\tl\AppData\Local\Temp\34d2c1cbec8fdaa1db7761a61cc7c1b6.mpf_cache
2026-08-11 12:46:51,048 : INFO : ConfigProcessor : Loading config from cache: C:\Users\tl\AppData\Local\Temp\4065fa59aedcbd523b942a40672a4db1.mpf_cache
2026-08-11 12:46:51,053 : INFO : ConfigProcessor : Loading config from cache: C:\Users\tl\AppData\Local\Temp\911efd7252939128e304c2322100ac37.mpf_cache
2026-08-11 12:46:51,053 : INFO : ConfigProcessor : Loading config from cache: C:\Users\tl\AppData\Local\Temp\95a50568c399a025ef217996526f3494.mpf_cache
2026-08-11 12:46:51,055 : INFO : ConfigProcessor : Loading config from cache: C:\Users\tl\AppData\Local\Temp\4fa9cf92dccc774be532e383b837572e.mpf_cache
2026-08-11 12:46:51,056 : INFO : ConfigProcessor : Loading config from cache: C:\Users\tl\AppData\Local\Temp\7d6afe43d2cd59003bd26d29f6951346.mpf_cache
2026-08-11 12:46:51,056 : INFO : ConfigProcessor : Loading config from cache: C:\Users\tl\AppData\Local\Temp\3ec53097f46dd8f92da5caf7a9362729.mpf_cache
2026-08-11 12:46:51,061 : INFO : ConfigProcessor : Loading config from cache: C:\Users\tl\AppData\Local\Temp\c36da47bad15180a41187d147cb7917e.mpf_cache
2026-08-11 12:46:51,062 : INFO : ConfigProcessor : Loading config from cache: C:\Users\tl\AppData\Local\Temp\ca9866041621d35ab6358609b63e90d5.mpf_cache
2026-08-11 12:46:51,062 : INFO : ConfigProcessor : Loading config from cache: C:\Users\tl\AppData\Local\Temp\d3b229dc9cb99a8202099f03c2a43090.mpf_cache
2026-08-11 12:46:51,063 : INFO : ConfigProcessor : Loading config from cache: C:\Users\tl\AppData\Local\Temp\81582981e74d3995e366d06d8338d799.mpf_cache
2026-08-11 12:46:51,067 : INFO : ConfigProcessor : Loading config from cache: C:\Users\tl\AppData\Local\Temp\5b34afe52ee194dd00e9309f3b7b7351.mpf_cache
2026-08-11 12:46:51,075 : INFO : ConfigProcessor : Loading config from cache: C:\Users\tl\AppData\Local\Temp\879969db85bf719d2fcb9e04ce9b1f2c.mpf_cache
2026-08-11 12:46:51,081 : INFO : ConfigProcessor : Loading config from cache: C:\Users\tl\AppData\Local\Temp\b4093eb1dd81447678927dbfa4b9c600.mpf_cache
2026-08-11 12:46:51,087 : INFO : ConfigProcessor : Loading config from cache: C:\Users\tl\AppData\Local\Temp\e35a82f552c222d594bf16e07246473c.mpf_cache
2026-08-11 12:46:51,088 : INFO : ConfigProcessor : Loading config from cache: C:\Users\tl\AppData\Local\Temp\a4723462ff8ee54e9440eae8a1a4781c.mpf_cache
2026-08-11 12:46:51,093 : INFO : ConfigProcessor : Loading config from cache: C:\Users\tl\AppData\Local\Temp\33800f163ed2f7721971ef060d638387.mpf_cache
2026-08-11 12:46:51,106 : INFO : ConfigProcessor : Loading config from cache: C:\Users\tl\AppData\Local\Temp\cfac8a12b8c870509d27980bb08852ae.mpf_cache
2026-08-11 12:46:51,111 : INFO : ConfigProcessor : Loading config from cache: C:\Users\tl\AppData\Local\Temp\83c76c71cb0df61411f4c0eb7dea7353.mpf_cache
2026-08-11 12:46:51,118 : INFO : ConfigProcessor : Loading config from cache: C:\Users\tl\AppData\Local\Temp\7db44b334d172168fab831ef3c57ff8b.mpf_cache
2026-08-11 12:46:51,189 : INFO : ConfigProcessor : Loading config from cache: C:\Users\tl\AppData\Local\Temp\0209fa69c7ceb7b65d8e49418413a2d4.mpf_cache
2026-08-11 12:46:51,309 : INFO : ConfigProcessor : Loading config from cache: C:\Users\tl\AppData\Local\Temp\9eec954e3a0a7462dea03c8c17cb64d9.mpf_cache
2026-08-11 12:46:51,450 : INFO : ConfigProcessor : Loading config from cache: C:\Users\tl\AppData\Local\Temp\456118bf1ce6b85e98a4b068670426da.mpf_cache
2026-08-11 12:46:51,534 : INFO : ConfigProcessor : Loading config from cache: C:\Users\tl\AppData\Local\Temp\5d7ea21ac1dbbe8d902c44335cb580f3.mpf_cache
2026-08-11 12:46:51,719 : INFO : ConfigProcessor : Loading config from cache: C:\Users\tl\AppData\Local\Temp\3c338cf0a5e3d861413d7d2f266c3053.mpf_cache
2026-08-11 12:46:51,759 : INFO : ConfigProcessor : Loading config from cache: C:\Users\tl\AppData\Local\Temp\7da579784f035f2b4609b04d18d514d9.mpf_cache
2026-08-11 12:46:51,773 : INFO : ConfigProcessor : Loading config from cache: C:\Users\tl\AppData\Local\Temp\ffa5a16e3925fe77c4aff5ce9d0caddb.mpf_cache
2026-08-11 12:46:51,778 : INFO : ConfigProcessor : Loading config from cache: C:\Users\tl\AppData\Local\Temp\08e4cfee44032ad50b613fdfc1c76afd.mpf_cache
2026-08-11 12:46:51,779 : INFO : ConfigProcessor : Loading config from cache: C:\Users\tl\AppData\Local\Temp\8f542fdb27a9c7af6359517ab8d171a1.mpf_cache
2026-08-11 12:46:51,780 : INFO : ConfigProcessor : Loading config from cache: C:\Users\tl\AppData\Local\Temp\c899bce83960d7b8a909fd30af5ba34c.mpf_cache
2026-08-11 12:46:51,780 : INFO : ConfigProcessor : Loading config from cache: C:\Users\tl\AppData\Local\Temp\e3f8c10279e680757f03e6b0889aa739.mpf_cache
2026-08-11 12:46:51,781 : INFO : ConfigProcessor : Loading config from cache: C:\Users\tl\AppData\Local\Temp\ff087817282734556151e8020b1fd49c.mpf_cache
2026-08-11 12:46:51,782 : INFO : ConfigProcessor : Loading config from cache: C:\Users\tl\AppData\Local\Temp\17b17d6e70b510a409968e15bd8ba63c.mpf_cache
2026-08-11 12:46:51,869 : INFO : ConfigProcessor : Loading config from cache: C:\Users\tl\AppData\Local\Temp\7597473749050946854e5e52d7c2d79a.mpf_cache
2026-08-11 12:46:51,885 : INFO : ConfigProcessor : Loading config from cache: C:\Users\tl\AppData\Local\Temp\31f3b89ebad27aaf6ad1cb7b6e8c1ae3.mpf_cache
2026-08-11 12:46:51,886 : INFO : ConfigProcessor : Loading config from cache: C:\Users\tl\AppData\Local\Temp\5bdc262ac811f8916946a10b325faaed.mpf_cache
2026-08-11 12:46:51,988 : INFO : ConfigProcessor : Loading config from cache: C:\Users\tl\AppData\Local\Temp\103bfb4fbd71af36419ab3f548a18d71.mpf_cache
2026-08-11 12:46:51,989 : INFO : ConfigProcessor : Loading config from cache: C:\Users\tl\AppData\Local\Temp\4262986a441bb7754780f112bb0e0c56.mpf_cache
2026-08-11 12:46:51,990 : INFO : ConfigProcessor : Loading config from cache: C:\Users\tl\AppData\Local\Temp\d572a2de143bf480090a737668938cb0.mpf_cache
2026-08-11 12:46:51,991 : INFO : ConfigProcessor : Loading config from cache: C:\Users\tl\AppData\Local\Temp\2e7beac76d3bca457a3a521575ba4ead.mpf_cache
2026-08-11 12:46:51,992 : INFO : ConfigProcessor : Loading config from cache: C:\Users\tl\AppData\Local\Temp\7c0931ffc6b13496fd8fae8b9d1b7a08.mpf_cache
2026-08-11 12:46:51,992 : INFO : ConfigProcessor : Loading config from cache: C:\Users\tl\AppData\Local\Temp\62404ae2e9ee2b95d65f52fccac154f0.mpf_cache
2026-08-11 12:46:51,993 : INFO : ConfigProcessor : Loading config from cache: C:\Users\tl\AppData\Local\Temp\d8c27512a4074d58955a247342afc0f0.mpf_cache
2026-08-11 12:46:51,996 : INFO : ConfigProcessor : Loading config from cache: C:\Users\tl\AppData\Local\Temp\537cd9276618929e3a64b374ceb3437f.mpf_cache
2026-08-11 12:46:51,996 : INFO : ConfigProcessor : Loading config from cache: C:\Users\tl\AppData\Local\Temp\cf29873bc64cfbd46b5a5b4c47c95532.mpf_cache
2026-08-11 12:46:52,027 : INFO : ConfigProcessor : Loading config from cache: C:\Users\tl\AppData\Local\Temp\16182b247314d06896cbae33110acd4c.mpf_cache
2026-08-11 12:46:52,029 : INFO : ConfigProcessor : Loading config from cache: C:\Users\tl\AppData\Local\Temp\13826b94a4b36b65ca4171a1d326006f.mpf_cache
2026-08-11 12:46:52,030 : INFO : ConfigProcessor : Loading config from cache: C:\Users\tl\AppData\Local\Temp\34a4b7622c4ff26b43be2fcb96c6a855.mpf_cache
2026-08-11 12:46:52,031 : INFO : ConfigProcessor : Loading config from cache: C:\Users\tl\AppData\Local\Temp\0560061596499ba9c1490154fdcef2ca.mpf_cache
2026-08-11 12:46:52,032 : INFO : ConfigProcessor : Loading config from cache: C:\Users\tl\AppData\Local\Temp\c1896ec26ad05d4cb3e6ad50fd8dc123.mpf_cache
2026-08-11 12:46:52,032 : INFO : ConfigProcessor : Loading config from cache: C:\Users\tl\AppData\Local\Temp\9894a77e77ebcad772e6ab40ada6f893.mpf_cache
2026-08-11 12:46:52,033 : INFO : ConfigProcessor : Loading config from cache: C:\Users\tl\AppData\Local\Temp\33a0313dc768edabc6062a57466c6435.mpf_cache
2026-08-11 12:46:52,033 : INFO : ConfigProcessor : Loading config from cache: C:\Users\tl\AppData\Local\Temp\51d1034df3c2d8154cfea3abae2369be.mpf_cache
2026-08-11 12:46:52,034 : INFO : ConfigProcessor : Loading config from cache: C:\Users\tl\AppData\Local\Temp\2904ce8d8b78981642dc8b63141b390e.mpf_cache
2026-08-11 12:46:52,035 : INFO : ConfigProcessor : Loading config from cache: C:\Users\tl\AppData\Local\Temp\de3c199f73b407edda0c6227f08684dc.mpf_cache
2026-08-11 12:46:52,035 : INFO : ConfigProcessor : Loading config from cache: C:\Users\tl\AppData\Local\Temp\5951b01dcffceee156e3aba13b4691bc.mpf_cache
2026-08-11 12:46:52,036 : INFO : ConfigProcessor : Loading config from cache: C:\Users\tl\AppData\Local\Temp\3ef5173c7a910a36727c66b6285f9c3e.mpf_cache
2026-08-11 12:46:52,036 : INFO : ConfigProcessor : Loading config from cache: C:\Users\tl\AppData\Local\Temp\d5aeeb96f0e3024d102ed6eef227158e.mpf_cache
2026-08-11 12:46:52,037 : INFO : ConfigProcessor : Loading config from cache: C:\Users\tl\AppData\Local\Temp\abac16fdcd8444e81c5d354009d45cba.mpf_cache
2026-08-11 12:46:52,038 : INFO : ConfigProcessor : Loading config from cache: C:\Users\tl\AppData\Local\Temp\1671f2a7e01818367d14934820caa625.mpf_cache
2026-08-11 12:46:52,039 : INFO : ConfigProcessor : Loading config from cache: C:\Users\tl\AppData\Local\Temp\f222a647edf3886b9afe02940fb5218b.mpf_cache
2026-08-11 12:46:52,039 : INFO : ConfigProcessor : Loading config from cache: C:\Users\tl\AppData\Local\Temp\413a5c2ee3ba22f15e31e85070bcc3a0.mpf_cache
2026-08-11 12:46:52,041 : INFO : ConfigProcessor : Loading config from cache: C:\Users\tl\AppData\Local\Temp\8441689a8d32c41acf7df12596aea2a1.mpf_cache
2026-08-11 12:46:52,041 : INFO : ConfigProcessor : Loading config from cache: C:\Users\tl\AppData\Local\Temp\2856cb3dd9823be7f227bcd3e9e74d9c.mpf_cache
2026-08-11 12:46:52,042 : INFO : ConfigProcessor : Loading config from cache: C:\Users\tl\AppData\Local\Temp\7bc597beac49bd83589c0f432d6df3a7.mpf_cache
2026-08-11 12:46:52,042 : INFO : ConfigProcessor : Loading config from cache: C:\Users\tl\AppData\Local\Temp\68aef743ce387ca4b0917854000ab96f.mpf_cache
2026-08-11 12:46:52,044 : INFO : ConfigProcessor : Loading config from cache: C:\Users\tl\AppData\Local\Temp\d8eab45dc417e5712e341a87d617345c.mpf_cache
2026-08-11 12:46:52,045 : INFO : ConfigProcessor : Loading config from cache: C:\Users\tl\AppData\Local\Temp\469f885a0d482cac3db6f093008cfd24.mpf_cache
2026-08-11 12:46:52,045 : INFO : ConfigProcessor : Loading config from cache: C:\Users\tl\AppData\Local\Temp\a268d193aab3d6536668c32d6da9263e.mpf_cache
2026-08-11 12:46:52,046 : INFO : ConfigProcessor : Loading config from cache: C:\Users\tl\AppData\Local\Temp\0ddc24559d577387e7f3127610d528ac.mpf_cache
2026-08-11 12:46:52,047 : INFO : ConfigProcessor : Loading config from cache: C:\Users\tl\AppData\Local\Temp\a63ea6967061a0c2197fb0bb68311879.mpf_cache
2026-08-11 12:46:52,047 : INFO : ConfigProcessor : Loading config from cache: C:\Users\tl\AppData\Local\Temp\43577826f0443b71968b5102aaf30af3.mpf_cache
2026-08-11 12:46:52,048 : INFO : ConfigProcessor : Loading config from cache: C:\Users\tl\AppData\Local\Temp\9c5a8c407413e80747afdb721a5b060d.mpf_cache
2026-08-11 12:46:52,048 : INFO : ConfigProcessor : Loading config from cache: C:\Users\tl\AppData\Local\Temp\af0cbbf8538bda34a0e26f98cdd5aca7.mpf_cache
2026-08-11 12:46:52,049 : INFO : ConfigProcessor : Loading config from cache: C:\Users\tl\AppData\Local\Temp\ce8d78fec460068c5bebc943ce9b6f30.mpf_cache
2026-08-11 12:46:52,049 : INFO : ConfigProcessor : Loading config from cache: C:\Users\tl\AppData\Local\Temp\31f829499efdcff804ebe1944d19d329.mpf_cache
2026-08-11 12:46:52,050 : INFO : ConfigProcessor : Loading config from cache: C:\Users\tl\AppData\Local\Temp\79045076bfba23d531ff144ac6757de4.mpf_cache
2026-08-11 12:46:52,050 : INFO : ConfigProcessor : Loading config from cache: C:\Users\tl\AppData\Local\Temp\b26d36d0781b7ac0f26418f65421592c.mpf_cache
2026-08-11 12:46:52,051 : INFO : ConfigProcessor : Loading config from cache: C:\Users\tl\AppData\Local\Temp\8b6f457abf3cfdd87417ebce16fa6732.mpf_cache
2026-08-11 12:46:52,052 : INFO : ConfigProcessor : Loading config from cache: C:\Users\tl\AppData\Local\Temp\c59e3da9fa5362a5c24ac789898ceb13.mpf_cache
2026-08-11 12:46:52,053 : INFO : ConfigProcessor : Loading config from cache: C:\Users\tl\AppData\Local\Temp\701f2c032cd9e807d4fb3fa2828f9b37.mpf_cache
2026-08-11 12:46:52,053 : INFO : ConfigProcessor : Loading config from cache: C:\Users\tl\AppData\Local\Temp\c801690053c2da5c09f6d10b42ee9917.mpf_cache
2026-08-11 12:46:52,054 : INFO : ConfigProcessor : Loading config from cache: C:\Users\tl\AppData\Local\Temp\2e335ca9623f971cc8240d357e9bde21.mpf_cache
2026-08-11 12:46:52,054 : INFO : ConfigProcessor : Loading config from cache: C:\Users\tl\AppData\Local\Temp\291432155100441a6a6d1cc35a9827e6.mpf_cache
2026-08-11 12:46:52,055 : INFO : ConfigProcessor : Loading config from cache: C:\Users\tl\AppData\Local\Temp\3a13ce866f38c1bdfd88cdf5d8a37b57.mpf_cache
2026-08-11 12:46:52,055 : INFO : ConfigProcessor : Loading config from cache: C:\Users\tl\AppData\Local\Temp\67766e06be15afe44bf4653d2e0643ac.mpf_cache
2026-08-11 12:46:52,056 : INFO : ConfigProcessor : Loading config from cache: C:\Users\tl\AppData\Local\Temp\4d0875bd28a5b9899fb2c6e9ca5fbaa0.mpf_cache
2026-08-11 12:46:52,057 : INFO : ConfigProcessor : Loading config from cache: C:\Users\tl\AppData\Local\Temp\013b41c20fe074e5f42d4da80ff7d4bd.mpf_cache
2026-08-11 12:46:52,058 : INFO : ConfigProcessor : Loading config from cache: C:\Users\tl\AppData\Local\Temp\c0155b29343fe146f8483b349919ea50.mpf_cache
2026-08-11 12:46:52,058 : INFO : Machine : Mission Pinball Framework Core Engine v0.80.0.dev12
2026-08-11 12:46:52,058 : INFO : Machine : Command line arguments: {'no_load_cache': False, 'create_config_cache': True, 'bcp': True, 'configfile': ['config.yaml'], 'force_assets_load': False, 'platform_integration_test': False, 'jsonlogging': False, 'logfile': 'logs\\2026-08-11-12-46-50-mpf-DESKTOP-HV85DRD.log', 'pause': False, 'production': False, 'text_ui': False, 'loglevel': 15, 'consoleloglevel': 20, 'force_platform': None, 'syslog_address': None, 'full_logfile_path': 'C:\\Users\\tl\\Documents\\tl-pinball\\logs\\2026-08-11-12-46-50-mpf-DESKTOP-HV85DRD.log'}
2026-08-11 12:46:52,058 : INFO : Machine : MPF path: C:\mpf\Lib\site-packages\mpf
2026-08-11 12:46:52,058 : INFO : Machine : Machine path: C:\Users\tl\Documents\tl-pinball
2026-08-11 12:46:52,058 : INFO : Machine : Platform: win32
2026-08-11 12:46:52,058 : INFO : Machine : Python executable location: C:\mpf\Scripts\python.exe
2026-08-11 12:46:52,059 : INFO : Machine : Python version: 3.12.7 (64-bit)
2026-08-11 12:46:52,060 : INFO : Machine : Initializing MPF...
2026-08-11 12:46:52,241 : INFO : FAST [NET] : Trying to connect to COM4 at 921600bps
2026-08-11 12:46:52,246 : INFO : FAST [NET] : Connected to COM4 at 921600bps
2026-08-11 12:46:52,348 : INFO : FAST [NET] : Connected to FP-CPU-2000 with firmware v02.26
2026-08-11 12:46:52,380 : INFO : FAST [NET] : Registered I/O Board 0: Model: FP-I/O-0024, Firmware: 01.10, Switches: 24, Drivers: 8
2026-08-11 12:46:52,396 : INFO : FAST [NET] : Registered I/O Board 1: Model: FP-I/O-1616, Firmware: 01.10, Switches: 16, Drivers: 16
2026-08-11 12:46:52,412 : INFO : FAST [NET] : Registered I/O Board 2: Model: FP-I/O-3208, Firmware: 01.10, Switches: 32, Drivers: 8
2026-08-11 12:46:52,427 : INFO : FAST [NET] : Registered I/O Board 3: Model: FP-I/O-1616, Firmware: 01.10, Switches: 16, Drivers: 16
2026-08-11 12:46:52,430 : INFO : FAST [EXP] : Trying to connect to COM5 at 921600bps
2026-08-11 12:46:52,434 : INFO : FAST [EXP] : Connected to COM5 at 921600bps
2026-08-11 12:46:52,539 : INFO : FAST [EXP] : Verifying hardware for EXP "ledcab" (FP-EXP-2000, @48) with ID string "EXP FP-EXP-2000  0.42", board address 48
2026-08-11 12:46:52,554 : INFO : FAST [EXP] : Verifying hardware for EXP "ledcab" (FP-EXP-2000, @48) with ID string "BRK FP-EXP-2000  0.42", board address 480
2026-08-11 12:46:53,560 : ERROR : FAST [EXP] : Timeout waiting for response to BR@48:. Retrying...
2026-08-11 12:46:54,565 : ERROR : FAST [EXP] : Timeout waiting for response to BR@48:. Retrying...
2026-08-11 12:46:54,595 : INFO : FAST [EXP] : Verifying hardware for EXP "ledpf1" (FP-EXP-0081, @84) with ID string "EXP FP-EXP-0081  0.38", board address 84
2026-08-11 12:46:54,611 : INFO : FAST [EXP] : Verifying hardware for EXP "ledpf1" (FP-EXP-0081, @84) with ID string "BRK FP-EXP-0081  0.38", board address 840
2026-08-11 12:46:54,627 : INFO : FAST [EXP] : Verifying hardware for EXP "ledpf1" (FP-EXP-0081, @84) with ID string "BRK FP-EXP-0081  0.38", board address 841
2026-08-11 12:46:54,659 : INFO : FAST [EXP] : Verifying hardware for EXP "ledpf2" (FP-EXP-0081, @85) with ID string "EXP FP-EXP-0081  0.48", board address 85
2026-08-11 12:46:54,675 : INFO : FAST [EXP] : Verifying hardware for EXP "ledpf2" (FP-EXP-0081, @85) with ID string "BRK FP-EXP-0081  0.48", board address 850
2026-08-11 12:46:54,691 : INFO : FAST [EXP] : Verifying hardware for EXP "ledpf2" (FP-EXP-0081, @85) with ID string "BRK FP-EXP-0081  0.48", board address 851
2026-08-11 12:46:54,707 : INFO : EventManager : Event: ======'machine_var_credits_string'====== Args={'value': 'FREE PLAY', 'prev_value': None, 'change': True}
2026-08-11 12:46:54,745 : INFO : EventManager : Event: ======'machine_var_master_volume'====== Args={'value': 0.5, 'prev_value': None, 'change': True}
2026-08-11 12:46:54,745 : INFO : EventManager : Event: ======'machine_var_player1_score'====== Args={'value': 3096596, 'prev_value': None, 'change': True}
2026-08-11 12:46:54,745 : INFO : EventManager : Event: ======'machine_var_last_game_score'====== Args={'value': 0, 'prev_value': None, 'change': True}
2026-08-11 12:46:54,745 : INFO : EventManager : Event: ======'machine_var_mpf_version'====== Args={'value': 'Mission Pinball Framework v0.80.0.dev12', 'prev_value': None, 'change': True}
2026-08-11 12:46:54,745 : INFO : EventManager : Event: ======'machine_var_mpf_extended_version'====== Args={'value': 'Mission Pinball Framework v0.80.0.dev12, Config version:6, Show version: 6, BCP version:1.1', 'prev_value': None, 'change': True}
2026-08-11 12:46:54,745 : INFO : EventManager : Event: ======'machine_var_python_version'====== Args={'value': '3.12.7', 'prev_value': None, 'change': True}
2026-08-11 12:46:54,775 : INFO : EventManager : Event: ======'machine_var_platform'====== Args={'value': 'Windows-10-10.0.19044-SP0', 'prev_value': None, 'change': True}
2026-08-11 12:46:54,775 : INFO : EventManager : Event: ======'machine_var_platform_system'====== Args={'value': 'Windows', 'prev_value': None, 'change': True}
2026-08-11 12:46:54,775 : INFO : EventManager : Event: ======'machine_var_platform_release'====== Args={'value': '10', 'prev_value': None, 'change': True}
2026-08-11 12:46:54,775 : INFO : EventManager : Event: ======'machine_var_platform_version'====== Args={'value': '10.0.19044', 'prev_value': None, 'change': True}
2026-08-11 12:46:54,776 : INFO : EventManager : Event: ======'machine_var_platform_machine'====== Args={'value': 'AMD64', 'prev_value': None, 'change': True}
2026-08-11 12:46:54,776 : INFO : EventManager : Event: ======'machine_var_log_file_path'====== Args={'value': 'C:\\Users\\tl\\Documents\\tl-pinball\\logs\\2026-08-11-12-46-50-mpf-DESKTOP-HV85DRD.log', 'prev_value': None, 'change': True}
2026-08-11 12:46:54,776 : INFO : EventManager : Event: ======'init_phase_1'====== Args={}
2026-08-11 12:46:54,933 : INFO : EventManager : Event: ======'drop_target_bank_dt_bank_1_4_up'====== Args={}
2026-08-11 12:46:54,933 : INFO : EventManager : Event: ======'drop_target_bank_dt_bank_5_7_up'====== Args={}
2026-08-11 12:46:57,505 : INFO : SwitchController : <<<<<<< 's_24_trough_1' active >>>>>>>
2026-08-11 12:46:57,505 : INFO : SwitchController : <<<<<<< 's_25_trough_2' active >>>>>>>
2026-08-11 12:46:57,505 : INFO : SwitchController : <<<<<<< 's_26_trough_3' active >>>>>>>
2026-08-11 12:46:57,505 : INFO : SwitchController : <<<<<<< 's_38_star_rollover_bottom' active >>>>>>>
2026-08-11 12:46:57,505 : INFO : SwitchController : <<<<<<< 's_44_spinner_right' active >>>>>>>
2026-08-11 12:46:57,505 : INFO : SwitchController : <<<<<<< 's_71_spinner_left' active >>>>>>>
2026-08-11 12:46:57,587 : INFO : EventManager : Event: ======'init_phase_2'====== Args={}
2026-08-11 12:46:57,588 : INFO : SwitchController : Found active switch: (40, [FAST Platform Interface]) <switch.s_24_trough_1>
2026-08-11 12:46:57,588 : INFO : SwitchController : Found active switch: (41, [FAST Platform Interface]) <switch.s_25_trough_2>
2026-08-11 12:46:57,588 : INFO : SwitchController : Found active switch: (42, [FAST Platform Interface]) <switch.s_26_trough_3>
2026-08-11 12:46:57,588 : INFO : SwitchController : Found active switch: (54, [FAST Platform Interface]) <switch.s_38_star_rollover_bottom>
2026-08-11 12:46:57,588 : INFO : SwitchController : Found active switch: (60, [FAST Platform Interface]) <switch.s_44_spinner_right>
2026-08-11 12:46:57,588 : INFO : SwitchController : Found active switch: (39, [FAST Platform Interface]) <switch.s_71_spinner_left>
2026-08-11 12:46:57,628 : INFO : EventManager : Event: ======'bcp_connection_attempt'====== Args={'name': 'local_display', 'host': 'localhost', 'port': 5050}
2026-08-11 12:46:57,630 : INFO : BCPClientSocket : Connecting BCP to 'local_display' at localhost:5050...
2026-08-11 12:46:57,641 : INFO : BCPClientSocket : Connected BCP to 'local_display' localhost:5050
2026-08-11 12:46:57,641 : INFO : EventManager : Event: ======'bcp_clients_connected'====== Args={}
2026-08-11 12:46:57,642 : INFO : ball_device.bd_plunger : BCH: Initial count: 0
2026-08-11 12:46:57,643 : INFO : ball_device.bd_plunger : State: idle
2026-08-11 12:46:58,013 : INFO : ball_device.bd_trough : BCH: Initial count: 3
2026-08-11 12:46:58,014 : INFO : ball_device.bd_trough : State: idle
2026-08-11 12:46:58,014 : INFO : ball_device.bd_left_vuk : BCH: Initial count: 0
2026-08-11 12:46:58,015 : INFO : ball_device.bd_left_vuk : State: idle
2026-08-11 12:46:58,016 : INFO : ball_device.bd_right_vuk : BCH: Initial count: 0
2026-08-11 12:46:58,016 : INFO : ball_device.bd_right_vuk : State: idle
2026-08-11 12:46:58,041 : INFO : EventManager : Event: ======'init_phase_3'====== Args={}
2026-08-11 12:48:27,144 : INFO : EventManager : Event: ======'init_phase_4'====== Args={}
2026-08-11 12:48:27,145 : INFO : BallController : Initial balls found: 3
2026-08-11 12:48:27,147 : INFO : EventManager : Event: ======'machine_var_audits_events_game_ended'====== Args={'value': 178, 'prev_value': None, 'change': True}
2026-08-11 12:48:27,147 : INFO : EventManager : Event: ======'machine_var_audits_events_game_started'====== Args={'value': 224, 'prev_value': None, 'change': True}
2026-08-11 12:48:27,147 : INFO : EventManager : Event: ======'machine_var_audits_missing_switches_s_00_service_esc'====== Args={'value': 224, 'prev_value': None, 'change': True}
2026-08-11 12:48:27,148 : INFO : EventManager : Event: ======'machine_var_audits_missing_switches_s_01_service_up'====== Args={'value': 224, 'prev_value': None, 'change': True}
2026-08-11 12:48:27,148 : INFO : EventManager : Event: ======'machine_var_audits_missing_switches_s_02_service_down'====== Args={'value': 224, 'prev_value': None, 'change': True}
2026-08-11 12:48:27,148 : INFO : EventManager : Event: ======'machine_var_audits_missing_switches_s_03_service_enter'====== Args={'value': 224, 'prev_value': None, 'change': True}
2026-08-11 12:48:27,148 : INFO : EventManager : Event: ======'machine_var_audits_missing_switches_s_16_right_flipper'====== Args={'value': 7, 'prev_value': None, 'change': True}
2026-08-11 12:48:27,148 : INFO : EventManager : Event: ======'machine_var_audits_missing_switches_s_17_right_flipper_upper'====== Args={'value': 7, 'prev_value': None, 'change': True}
2026-08-11 12:48:27,148 : INFO : EventManager : Event: ======'machine_var_audits_missing_switches_s_19_cab_arrow_left'====== Args={'value': 17, 'prev_value': None, 'change': True}
2026-08-11 12:48:27,148 : INFO : EventManager : Event: ======'machine_var_audits_missing_switches_s_20_cab_arrow_right'====== Args={'value': 17, 'prev_value': None, 'change': True}
2026-08-11 12:48:27,148 : INFO : EventManager : Event: ======'machine_var_audits_missing_switches_s_31_plunger_lane'====== Args={'value': 1, 'prev_value': None, 'change': True}
2026-08-11 12:48:27,148 : INFO : EventManager : Event: ======'machine_var_audits_missing_switches_s_32_right_inlane'====== Args={'value': 6, 'prev_value': None, 'change': True}
2026-08-11 12:48:27,148 : INFO : EventManager : Event: ======'machine_var_audits_missing_switches_s_33_right_outlane'====== Args={'value': 13, 'prev_value': None, 'change': True}
2026-08-11 12:48:27,148 : INFO : EventManager : Event: ======'machine_var_audits_missing_switches_s_34_right_sling'====== Args={'value': 2, 'prev_value': None, 'change': True}
2026-08-11 12:48:27,148 : INFO : EventManager : Event: ======'machine_var_audits_missing_switches_s_35_left_inlane'====== Args={'value': 11, 'prev_value': None, 'change': True}
2026-08-11 12:48:27,148 : INFO : EventManager : Event: ======'machine_var_audits_missing_switches_s_36_left_outlane'====== Args={'value': 13, 'prev_value': None, 'change': True}
2026-08-11 12:48:27,148 : INFO : EventManager : Event: ======'machine_var_audits_missing_switches_s_37_left_sling'====== Args={'value': 2, 'prev_value': None, 'change': True}
2026-08-11 12:48:27,148 : INFO : EventManager : Event: ======'machine_var_audits_missing_switches_s_38_star_rollover_bottom'====== Args={'value': 224, 'prev_value': None, 'change': True}
2026-08-11 12:48:27,148 : INFO : EventManager : Event: ======'machine_var_audits_missing_switches_s_39_star_rollover_top'====== Args={'value': 224, 'prev_value': None, 'change': True}
2026-08-11 12:48:27,148 : INFO : EventManager : Event: ======'machine_var_audits_missing_switches_s_40_stand_up_target_5'====== Args={'value': 8, 'prev_value': None, 'change': True}
2026-08-11 12:48:27,148 : INFO : EventManager : Event: ======'machine_var_audits_missing_switches_s_42_stand_up_target_1'====== Args={'value': 4, 'prev_value': None, 'change': True}
2026-08-11 12:48:27,148 : INFO : EventManager : Event: ======'machine_var_audits_missing_switches_s_43_stand_up_target_4'====== Args={'value': 10, 'prev_value': None, 'change': True}
2026-08-11 12:48:27,148 : INFO : EventManager : Event: ======'machine_var_audits_missing_switches_s_44_spinner_right'====== Args={'value': 3, 'prev_value': None, 'change': True}
2026-08-11 12:48:27,149 : INFO : EventManager : Event: ======'machine_var_audits_missing_switches_s_56_pop_bumper_right'====== Args={'value': 4, 'prev_value': None, 'change': True}
2026-08-11 12:48:27,149 : INFO : EventManager : Event: ======'machine_var_audits_missing_switches_s_57_pop_bumper_center'====== Args={'value': 4, 'prev_value': None, 'change': True}
2026-08-11 12:48:27,149 : INFO : EventManager : Event: ======'machine_var_audits_missing_switches_s_58_pop_bumper_left'====== Args={'value': 4, 'prev_value': None, 'change': True}
2026-08-11 12:48:27,149 : INFO : EventManager : Event: ======'machine_var_audits_missing_switches_s_59_saucer_right'====== Args={'value': 3, 'prev_value': None, 'change': True}
2026-08-11 12:48:27,149 : INFO : EventManager : Event: ======'machine_var_audits_missing_switches_s_61_top_lane_b'====== Args={'value': 6, 'prev_value': None, 'change': True}
2026-08-11 12:48:27,149 : INFO : EventManager : Event: ======'machine_var_audits_missing_switches_s_62_top_lane_a'====== Args={'value': 4, 'prev_value': None, 'change': True}
2026-08-11 12:48:27,149 : INFO : EventManager : Event: ======'machine_var_audits_missing_switches_s_63_stand_up_target_3'====== Args={'value': 2, 'prev_value': None, 'change': True}
2026-08-11 12:48:27,149 : INFO : EventManager : Event: ======'machine_var_audits_missing_switches_s_64_varitarget_position_1'====== Args={'value': 1, 'prev_value': None, 'change': True}
2026-08-11 12:48:27,149 : INFO : EventManager : Event: ======'machine_var_audits_missing_switches_s_65_varitarget_position_2'====== Args={'value': 3, 'prev_value': None, 'change': True}
2026-08-11 12:48:27,149 : INFO : EventManager : Event: ======'machine_var_audits_missing_switches_s_66_varitarget_position_3'====== Args={'value': 3, 'prev_value': None, 'change': True}
2026-08-11 12:48:27,149 : INFO : EventManager : Event: ======'machine_var_audits_missing_switches_s_67_varitarget_position_4'====== Args={'value': 8, 'prev_value': None, 'change': True}
2026-08-11 12:48:27,149 : INFO : EventManager : Event: ======'machine_var_audits_missing_switches_s_68_varitarget_position_5'====== Args={'value': 13, 'prev_value': None, 'change': True}
2026-08-11 12:48:27,149 : INFO : EventManager : Event: ======'machine_var_audits_missing_switches_s_69_varitarget_position_6'====== Args={'value': 13, 'prev_value': None, 'change': True}
2026-08-11 12:48:27,149 : INFO : EventManager : Event: ======'machine_var_audits_missing_switches_s_70_varitarget_position_7'====== Args={'value': 13, 'prev_value': None, 'change': True}
2026-08-11 12:48:27,149 : INFO : EventManager : Event: ======'machine_var_audits_missing_switches_s_73_fourbank_drop_1'====== Args={'value': 6, 'prev_value': None, 'change': True}
2026-08-11 12:48:27,149 : INFO : EventManager : Event: ======'machine_var_audits_missing_switches_s_74_fourbank_drop_2'====== Args={'value': 6, 'prev_value': None, 'change': True}
2026-08-11 12:48:27,149 : INFO : EventManager : Event: ======'machine_var_audits_missing_switches_s_75_fourbank_drop_3'====== Args={'value': 6, 'prev_value': None, 'change': True}
2026-08-11 12:48:27,149 : INFO : EventManager : Event: ======'machine_var_audits_missing_switches_s_76_fourbank_drop_4'====== Args={'value': 4, 'prev_value': None, 'change': True}
2026-08-11 12:48:27,149 : INFO : EventManager : Event: ======'machine_var_audits_missing_switches_s_77_threebank_drop_1'====== Args={'value': 4, 'prev_value': None, 'change': True}
2026-08-11 12:48:27,149 : INFO : EventManager : Event: ======'machine_var_audits_missing_switches_s_78_threebank_drop_2'====== Args={'value': 6, 'prev_value': None, 'change': True}
2026-08-11 12:48:27,149 : INFO : EventManager : Event: ======'machine_var_audits_missing_switches_s_79_threebank_drop_3'====== Args={'value': 6, 'prev_value': None, 'change': True}
2026-08-11 12:48:27,149 : INFO : EventManager : Event: ======'machine_var_audits_missing_switches_s_82_stand_up_target_bank_1'====== Args={'value': 10, 'prev_value': None, 'change': True}
2026-08-11 12:48:27,150 : INFO : EventManager : Event: ======'machine_var_audits_missing_switches_s_83_stand_up_target_bank_2'====== Args={'value': 6, 'prev_value': None, 'change': True}
2026-08-11 12:48:27,150 : INFO : EventManager : Event: ======'machine_var_audits_missing_switches_s_84_stand_up_target_bank_3'====== Args={'value': 13, 'prev_value': None, 'change': True}
2026-08-11 12:48:27,150 : INFO : EventManager : Event: ======'machine_var_audits_missing_switches_s_85_stand_up_target_bank_4'====== Args={'value': 10, 'prev_value': None, 'change': True}
2026-08-11 12:48:27,150 : INFO : EventManager : Event: ======'machine_var_audits_missing_switches_s_86_stand_up_target_bank_5'====== Args={'value': 10, 'prev_value': None, 'change': True}
2026-08-11 12:48:27,150 : INFO : EventManager : Event: ======'machine_var_audits_missing_switches_s_87_stand_up_target_bank_6'====== Args={'value': 10, 'prev_value': None, 'change': True}
2026-08-11 12:48:27,150 : INFO : EventManager : Event: ======'machine_var_audits_player_score'====== Args={'value': {'average': 6456754, 'top': [88603150, 76121812, 41009082, 40615668, 24862509, 20582688, 20168509, 18733570, 17644578, 17632184], 'total': 178}, 'prev_value': None, 'change': True}
2026-08-11 12:48:27,150 : INFO : EventManager : Event: ======'machine_var_audits_shots_resistance_qualify_target_5'====== Args={'value': 34, 'prev_value': None, 'change': True}
2026-08-11 12:48:27,150 : INFO : EventManager : Event: ======'machine_var_audits_shots_resistance_qualify_target_6'====== Args={'value': 30, 'prev_value': None, 'change': True}
2026-08-11 12:48:27,150 : INFO : EventManager : Event: ======'machine_var_audits_shots_resistance_saucer_stage_5'====== Args={'value': 1, 'prev_value': None, 'change': True}
2026-08-11 12:48:27,150 : INFO : EventManager : Event: ======'machine_var_audits_shots_resistance_single_drop_stage_5'====== Args={'value': 1, 'prev_value': None, 'change': True}
2026-08-11 12:48:27,150 : INFO : EventManager : Event: ======'machine_var_audits_shots_resistance_top_lane_stage_2'====== Args={'value': 19, 'prev_value': None, 'change': True}
2026-08-11 12:48:27,150 : INFO : EventManager : Event: ======'machine_var_audits_shots_resistance_top_lane_stage_3'====== Args={'value': 11, 'prev_value': None, 'change': True}
2026-08-11 12:48:27,150 : INFO : EventManager : Event: ======'machine_var_audits_shots_resistance_top_lane_stage_4'====== Args={'value': 5, 'prev_value': None, 'change': True}
2026-08-11 12:48:27,150 : INFO : EventManager : Event: ======'machine_var_audits_shots_shot_dt_1'====== Args={'value': 336, 'prev_value': None, 'change': True}
2026-08-11 12:48:27,150 : INFO : EventManager : Event: ======'machine_var_audits_shots_shot_dt_2'====== Args={'value': 363, 'prev_value': None, 'change': True}
2026-08-11 12:48:27,150 : INFO : EventManager : Event: ======'machine_var_audits_shots_shot_dt_3'====== Args={'value': 359, 'prev_value': None, 'change': True}
2026-08-11 12:48:27,150 : INFO : EventManager : Event: ======'machine_var_audits_shots_shot_dt_4'====== Args={'value': 324, 'prev_value': None, 'change': True}
2026-08-11 12:48:27,150 : INFO : EventManager : Event: ======'machine_var_audits_shots_shot_dt_5'====== Args={'value': 342, 'prev_value': None, 'change': True}
2026-08-11 12:48:27,150 : INFO : EventManager : Event: ======'machine_var_audits_shots_shot_dt_6'====== Args={'value': 329, 'prev_value': None, 'change': True}
2026-08-11 12:48:27,150 : INFO : EventManager : Event: ======'machine_var_audits_shots_shot_dt_7'====== Args={'value': 330, 'prev_value': None, 'change': True}
2026-08-11 12:48:27,150 : INFO : EventManager : Event: ======'machine_var_audits_shots_shot_impossible'====== Args={'value': 157, 'prev_value': None, 'change': True}
2026-08-11 12:48:27,150 : INFO : EventManager : Event: ======'machine_var_audits_shots_shot_slingshot_l'====== Args={'value': 388, 'prev_value': None, 'change': True}
2026-08-11 12:48:27,151 : INFO : EventManager : Event: ======'machine_var_audits_shots_shot_slingshot_r'====== Args={'value': 574, 'prev_value': None, 'change': True}
2026-08-11 12:48:27,151 : INFO : EventManager : Event: ======'machine_var_audits_shots_shot_sut_1'====== Args={'value': 170, 'prev_value': None, 'change': True}
2026-08-11 12:48:27,151 : INFO : EventManager : Event: ======'machine_var_audits_shots_shot_sut_2'====== Args={'value': 423, 'prev_value': None, 'change': True}
2026-08-11 12:48:27,151 : INFO : EventManager : Event: ======'machine_var_audits_shots_shot_sut_3'====== Args={'value': 241, 'prev_value': None, 'change': True}
2026-08-11 12:48:27,151 : INFO : EventManager : Event: ======'machine_var_audits_shots_shot_sut_4'====== Args={'value': 254, 'prev_value': None, 'change': True}
2026-08-11 12:48:27,151 : INFO : EventManager : Event: ======'machine_var_audits_shots_shot_sut_5'====== Args={'value': 399, 'prev_value': None, 'change': True}
2026-08-11 12:48:27,151 : INFO : EventManager : Event: ======'machine_var_audits_shots_shot_sut_6'====== Args={'value': 203, 'prev_value': None, 'change': True}
2026-08-11 12:48:27,151 : INFO : EventManager : Event: ======'machine_var_audits_shots_shot_sut_blue'====== Args={'value': 822, 'prev_value': None, 'change': True}
2026-08-11 12:48:27,151 : INFO : EventManager : Event: ======'machine_var_audits_shots_shot_sut_green'====== Args={'value': 373, 'prev_value': None, 'change': True}
2026-08-11 12:48:27,151 : INFO : EventManager : Event: ======'machine_var_audits_shots_shot_sut_red'====== Args={'value': 495, 'prev_value': None, 'change': True}
2026-08-11 12:48:27,151 : INFO : EventManager : Event: ======'machine_var_audits_shots_spinner_left'====== Args={'value': 1386, 'prev_value': None, 'change': True}
2026-08-11 12:48:27,151 : INFO : EventManager : Event: ======'machine_var_audits_shots_spinner_right'====== Args={'value': 1231, 'prev_value': None, 'change': True}
2026-08-11 12:48:27,151 : INFO : EventManager : Event: ======'machine_var_audits_shots_varitarget_p1'====== Args={'value': 11046, 'prev_value': None, 'change': True}
2026-08-11 12:48:27,151 : INFO : EventManager : Event: ======'machine_var_audits_shots_varitarget_p2'====== Args={'value': 395, 'prev_value': None, 'change': True}
2026-08-11 12:48:27,151 : INFO : EventManager : Event: ======'machine_var_audits_shots_varitarget_p3'====== Args={'value': 346, 'prev_value': None, 'change': True}
2026-08-11 12:48:27,151 : INFO : EventManager : Event: ======'machine_var_audits_shots_varitarget_p4'====== Args={'value': 126, 'prev_value': None, 'change': True}
2026-08-11 12:48:27,151 : INFO : EventManager : Event: ======'machine_var_audits_shots_varitarget_p5'====== Args={'value': 229, 'prev_value': None, 'change': True}
2026-08-11 12:48:27,151 : INFO : EventManager : Event: ======'machine_var_audits_shots_varitarget_p6'====== Args={'value': 396, 'prev_value': None, 'change': True}
2026-08-11 12:48:27,151 : INFO : EventManager : Event: ======'machine_var_audits_shots_varitarget_p7'====== Args={'value': 261, 'prev_value': None, 'change': True}
2026-08-11 12:48:27,151 : INFO : EventManager : Event: ======'machine_var_audits_switches_s_00_service_esc'====== Args={'value': 0, 'prev_value': None, 'change': True}
2026-08-11 12:48:27,151 : INFO : EventManager : Event: ======'machine_var_audits_switches_s_01_service_up'====== Args={'value': 0, 'prev_value': None, 'change': True}
2026-08-11 12:48:27,151 : INFO : EventManager : Event: ======'machine_var_audits_switches_s_02_service_down'====== Args={'value': 0, 'prev_value': None, 'change': True}
2026-08-11 12:48:27,151 : INFO : EventManager : Event: ======'machine_var_audits_switches_s_03_service_enter'====== Args={'value': 0, 'prev_value': None, 'change': True}
2026-08-11 12:48:27,152 : INFO : EventManager : Event: ======'machine_var_audits_switches_s_08_left_flipper'====== Args={'value': 5597, 'prev_value': None, 'change': True}
2026-08-11 12:48:27,152 : INFO : EventManager : Event: ======'machine_var_audits_switches_s_11_start_button'====== Args={'value': 472, 'prev_value': None, 'change': True}
2026-08-11 12:48:27,152 : INFO : EventManager : Event: ======'machine_var_audits_switches_s_16_right_flipper'====== Args={'value': 9885, 'prev_value': None, 'change': True}
2026-08-11 12:48:27,152 : INFO : EventManager : Event: ======'machine_var_audits_switches_s_17_right_flipper_upper'====== Args={'value': 7044, 'prev_value': None, 'change': True}
2026-08-11 12:48:27,152 : INFO : EventManager : Event: ======'machine_var_audits_switches_s_19_cab_arrow_left'====== Args={'value': 63, 'prev_value': None, 'change': True}
2026-08-11 12:48:27,152 : INFO : EventManager : Event: ======'machine_var_audits_switches_s_20_cab_arrow_right'====== Args={'value': 54, 'prev_value': None, 'change': True}
2026-08-11 12:48:27,152 : INFO : EventManager : Event: ======'machine_var_audits_switches_s_24_trough_1'====== Args={'value': 2219, 'prev_value': None, 'change': True}
2026-08-11 12:48:27,152 : INFO : EventManager : Event: ======'machine_var_audits_switches_s_25_trough_2'====== Args={'value': 2182, 'prev_value': None, 'change': True}
2026-08-11 12:48:27,152 : INFO : EventManager : Event: ======'machine_var_audits_switches_s_26_trough_3'====== Args={'value': 1885, 'prev_value': None, 'change': True}
2026-08-11 12:48:27,152 : INFO : EventManager : Event: ======'machine_var_audits_switches_s_27_trough_4'====== Args={'value': 1464, 'prev_value': None, 'change': True}
2026-08-11 12:48:27,152 : INFO : EventManager : Event: ======'machine_var_audits_switches_s_28_trough_5'====== Args={'value': 1255, 'prev_value': None, 'change': True}
2026-08-11 12:48:27,152 : INFO : EventManager : Event: ======'machine_var_audits_switches_s_29_trough_6'====== Args={'value': 1354, 'prev_value': None, 'change': True}
2026-08-11 12:48:27,152 : INFO : EventManager : Event: ======'machine_var_audits_switches_s_30_trough_jam'====== Args={'value': 2219, 'prev_value': None, 'change': True}
2026-08-11 12:48:27,152 : INFO : EventManager : Event: ======'machine_var_audits_switches_s_31_plunger_lane'====== Args={'value': 2081, 'prev_value': None, 'change': True}
2026-08-11 12:48:27,152 : INFO : EventManager : Event: ======'machine_var_audits_switches_s_32_right_inlane'====== Args={'value': 238, 'prev_value': None, 'change': True}
2026-08-11 12:48:27,152 : INFO : EventManager : Event: ======'machine_var_audits_switches_s_33_right_outlane'====== Args={'value': 31, 'prev_value': None, 'change': True}
2026-08-11 12:48:27,152 : INFO : EventManager : Event: ======'machine_var_audits_switches_s_34_right_sling'====== Args={'value': 574, 'prev_value': None, 'change': True}
2026-08-11 12:48:27,152 : INFO : EventManager : Event: ======'machine_var_audits_switches_s_35_left_inlane'====== Args={'value': 252, 'prev_value': None, 'change': True}
2026-08-11 12:48:27,152 : INFO : EventManager : Event: ======'machine_var_audits_switches_s_36_left_outlane'====== Args={'value': 104, 'prev_value': None, 'change': True}
2026-08-11 12:48:27,152 : INFO : EventManager : Event: ======'machine_var_audits_switches_s_37_left_sling'====== Args={'value': 388, 'prev_value': None, 'change': True}
2026-08-11 12:48:27,152 : INFO : EventManager : Event: ======'machine_var_audits_switches_s_38_star_rollover_bottom'====== Args={'value': 0, 'prev_value': None, 'change': True}
2026-08-11 12:48:27,152 : INFO : EventManager : Event: ======'machine_var_audits_switches_s_39_star_rollover_top'====== Args={'value': 0, 'prev_value': None, 'change': True}
2026-08-11 12:48:27,152 : INFO : EventManager : Event: ======'machine_var_audits_switches_s_40_stand_up_target_5'====== Args={'value': 408, 'prev_value': None, 'change': True}
2026-08-11 12:48:27,153 : INFO : EventManager : Event: ======'machine_var_audits_switches_s_41_stand_up_target_6'====== Args={'value': 2320, 'prev_value': None, 'change': True}
2026-08-11 12:48:27,153 : INFO : EventManager : Event: ======'machine_var_audits_switches_s_42_stand_up_target_1'====== Args={'value': 157, 'prev_value': None, 'change': True}
2026-08-11 12:48:27,153 : INFO : EventManager : Event: ======'machine_var_audits_switches_s_43_stand_up_target_4'====== Args={'value': 370, 'prev_value': None, 'change': True}
2026-08-11 12:48:27,153 : INFO : EventManager : Event: ======'machine_var_audits_switches_s_44_spinner_right'====== Args={'value': 1232, 'prev_value': None, 'change': True}
2026-08-11 12:48:27,153 : INFO : EventManager : Event: ======'machine_var_audits_switches_s_56_pop_bumper_right'====== Args={'value': 825, 'prev_value': None, 'change': True}
2026-08-11 12:48:27,153 : INFO : EventManager : Event: ======'machine_var_audits_switches_s_57_pop_bumper_center'====== Args={'value': 1843, 'prev_value': None, 'change': True}
2026-08-11 12:48:27,153 : INFO : EventManager : Event: ======'machine_var_audits_switches_s_58_pop_bumper_left'====== Args={'value': 2671, 'prev_value': None, 'change': True}
2026-08-11 12:48:27,153 : INFO : EventManager : Event: ======'machine_var_audits_switches_s_59_saucer_right'====== Args={'value': 132, 'prev_value': None, 'change': True}
2026-08-11 12:48:27,153 : INFO : EventManager : Event: ======'machine_var_audits_switches_s_60_top_lane_c'====== Args={'value': 796, 'prev_value': None, 'change': True}
2026-08-11 12:48:27,153 : INFO : EventManager : Event: ======'machine_var_audits_switches_s_61_top_lane_b'====== Args={'value': 741, 'prev_value': None, 'change': True}
2026-08-11 12:48:27,153 : INFO : EventManager : Event: ======'machine_var_audits_switches_s_62_top_lane_a'====== Args={'value': 230, 'prev_value': None, 'change': True}
2026-08-11 12:48:27,153 : INFO : EventManager : Event: ======'machine_var_audits_switches_s_63_stand_up_target_3'====== Args={'value': 306, 'prev_value': None, 'change': True}
2026-08-11 12:48:27,153 : INFO : EventManager : Event: ======'machine_var_audits_switches_s_64_varitarget_position_1'====== Args={'value': 11054, 'prev_value': None, 'change': True}
2026-08-11 12:48:27,153 : INFO : EventManager : Event: ======'machine_var_audits_switches_s_65_varitarget_position_2'====== Args={'value': 396, 'prev_value': None, 'change': True}
2026-08-11 12:48:27,153 : INFO : EventManager : Event: ======'machine_var_audits_switches_s_66_varitarget_position_3'====== Args={'value': 346, 'prev_value': None, 'change': True}
2026-08-11 12:48:27,153 : INFO : EventManager : Event: ======'machine_var_audits_switches_s_67_varitarget_position_4'====== Args={'value': 126, 'prev_value': None, 'change': True}
2026-08-11 12:48:27,153 : INFO : EventManager : Event: ======'machine_var_audits_switches_s_68_varitarget_position_5'====== Args={'value': 229, 'prev_value': None, 'change': True}
2026-08-11 12:48:27,153 : INFO : EventManager : Event: ======'machine_var_audits_switches_s_69_varitarget_position_6'====== Args={'value': 396, 'prev_value': None, 'change': True}
2026-08-11 12:48:27,153 : INFO : EventManager : Event: ======'machine_var_audits_switches_s_70_varitarget_position_7'====== Args={'value': 261, 'prev_value': None, 'change': True}
2026-08-11 12:48:27,154 : INFO : EventManager : Event: ======'machine_var_audits_switches_s_71_spinner_left'====== Args={'value': 1388, 'prev_value': None, 'change': True}
2026-08-11 12:48:27,154 : INFO : EventManager : Event: ======'machine_var_audits_switches_s_72_single_drop_1'====== Args={'value': 275, 'prev_value': None, 'change': True}
2026-08-11 12:48:27,154 : INFO : EventManager : Event: ======'machine_var_audits_switches_s_73_fourbank_drop_1'====== Args={'value': 349, 'prev_value': None, 'change': True}
2026-08-11 12:48:27,154 : INFO : EventManager : Event: ======'machine_var_audits_switches_s_74_fourbank_drop_2'====== Args={'value': 368, 'prev_value': None, 'change': True}
2026-08-11 12:48:27,154 : INFO : EventManager : Event: ======'machine_var_audits_switches_s_75_fourbank_drop_3'====== Args={'value': 368, 'prev_value': None, 'change': True}
2026-08-11 12:48:27,154 : INFO : EventManager : Event: ======'machine_var_audits_switches_s_76_fourbank_drop_4'====== Args={'value': 341, 'prev_value': None, 'change': True}
2026-08-11 12:48:27,154 : INFO : EventManager : Event: ======'machine_var_audits_switches_s_77_threebank_drop_1'====== Args={'value': 609, 'prev_value': None, 'change': True}
2026-08-11 12:48:27,154 : INFO : EventManager : Event: ======'machine_var_audits_switches_s_78_threebank_drop_2'====== Args={'value': 345, 'prev_value': None, 'change': True}
2026-08-11 12:48:27,154 : INFO : EventManager : Event: ======'machine_var_audits_switches_s_79_threebank_drop_3'====== Args={'value': 337, 'prev_value': None, 'change': True}
2026-08-11 12:48:27,154 : INFO : EventManager : Event: ======'machine_var_audits_switches_s_80_stand_up_target_2'====== Args={'value': 40, 'prev_value': None, 'change': True}
2026-08-11 12:48:27,154 : INFO : EventManager : Event: ======'machine_var_audits_switches_s_81_saucer_left'====== Args={'value': 210, 'prev_value': None, 'change': True}
2026-08-11 12:48:27,154 : INFO : EventManager : Event: ======'machine_var_audits_switches_s_82_stand_up_target_bank_1'====== Args={'value': 170, 'prev_value': None, 'change': True}
2026-08-11 12:48:27,154 : INFO : EventManager : Event: ======'machine_var_audits_switches_s_83_stand_up_target_bank_2'====== Args={'value': 423, 'prev_value': None, 'change': True}
2026-08-11 12:48:27,154 : INFO : EventManager : Event: ======'machine_var_audits_switches_s_84_stand_up_target_bank_3'====== Args={'value': 241, 'prev_value': None, 'change': True}
2026-08-11 12:48:27,154 : INFO : EventManager : Event: ======'machine_var_audits_switches_s_85_stand_up_target_bank_4'====== Args={'value': 254, 'prev_value': None, 'change': True}
2026-08-11 12:48:27,155 : INFO : EventManager : Event: ======'machine_var_audits_switches_s_86_stand_up_target_bank_5'====== Args={'value': 399, 'prev_value': None, 'change': True}
2026-08-11 12:48:27,155 : INFO : EventManager : Event: ======'machine_var_audits_switches_s_87_stand_up_target_bank_6'====== Args={'value': 203, 'prev_value': None, 'change': True}
2026-08-11 12:48:27,155 : INFO : EventManager : Event: ======'init_phase_5'====== Args={}
2026-08-11 12:48:27,156 : INFO : EventManager : Event: ======'init_done'====== Args={}
2026-08-11 12:48:27,156 : INFO : EventManager : Event: ======'machine_reset_phase_1'====== Args={}
2026-08-11 12:48:27,166 : INFO : EventManager : Event: ======'machine_reset_phase_2'====== Args={}
2026-08-11 12:48:27,167 : INFO : EventManager : Event: ======'machine_reset_phase_3'====== Args={}
2026-08-11 12:48:27,167 : INFO : drop_target_bank.dt_bank_1_4 : All targets are already up. Will not reset bank.
2026-08-11 12:48:27,167 : INFO : drop_target_bank.dt_bank_5_7 : All targets are already up. Will not reset bank.
2026-08-11 12:48:27,167 : INFO : EventManager : Event: ======'reset_complete'====== Args={}
2026-08-11 12:48:27,168 : INFO : EventManager : Event: ======'mode_attract_will_start'====== Args={}
2026-08-11 12:48:27,168 : INFO : Timer.attract_carousel_timer : Starting Timer.
2026-08-11 12:48:27,168 : INFO : EventManager : Event: ======'timer_attract_carousel_timer_started'====== Args={'ticks': 0, 'ticks_remaining': 1}
2026-08-11 12:48:27,168 : INFO : EventManager : Event: ======'timer_attract_carousel_timer_tick'====== Args={'ticks': 0, 'ticks_remaining': 1}
2026-08-11 12:48:27,171 : INFO : EventManager : Event: ======'mode_attract_starting'====== Args={}
2026-08-11 12:48:27,171 : INFO : Mode.attract : Started. Priority: 10
2026-08-11 12:48:27,171 : INFO : EventManager : Event: ======'modes_active_modes_changed'====== Args={}
2026-08-11 12:48:27,171 : INFO : EventManager : Event: ======'mode_attract_started'====== Args={}
2026-08-11 12:48:27,171 : INFO : EventManager : Event: ======'start_mode_attract_scores'====== Args={'priority': 0}
2026-08-11 12:48:27,171 : INFO : EventManager : Event: ======'start_mode_attract_credits'====== Args={'priority': 0}
2026-08-11 12:48:27,171 : INFO : EventManager : Event: ======'attract_backglass_cycle_start'====== Args={'priority': 0}
2026-08-11 12:48:27,172 : INFO : EventManager : Event: ======'attract_playfield_lightshow'====== Args={'priority': 0}
2026-08-11 12:48:27,173 : INFO : EventManager : Event: ======'mode_attract_scores_will_start'====== Args={'priority': 0}
2026-08-11 12:48:27,174 : INFO : Timer.attract_scores_carousel_timer : Starting Timer.
2026-08-11 12:48:27,174 : INFO : EventManager : Event: ======'timer_attract_scores_carousel_timer_started'====== Args={'ticks': 0, 'ticks_remaining': 1}
2026-08-11 12:48:27,174 : INFO : EventManager : Event: ======'timer_attract_scores_carousel_timer_tick'====== Args={'ticks': 0, 'ticks_remaining': 1}
2026-08-11 12:48:27,174 : INFO : EventManager : Event: ======'mode_attract_scores_starting'====== Args={'priority': 0}
2026-08-11 12:48:27,174 : INFO : EventManager : Event: ======'mode_attract_credits_will_start'====== Args={'priority': 0}
2026-08-11 12:48:27,175 : INFO : Timer.attract_credits_carousel_timer : Starting Timer.
2026-08-11 12:48:27,175 : INFO : EventManager : Event: ======'timer_attract_credits_carousel_timer_started'====== Args={'ticks': 0, 'ticks_remaining': 1}
2026-08-11 12:48:27,175 : INFO : EventManager : Event: ======'timer_attract_credits_carousel_timer_tick'====== Args={'ticks': 0, 'ticks_remaining': 1}
2026-08-11 12:48:27,175 : INFO : EventManager : Event: ======'mode_attract_credits_starting'====== Args={'priority': 0}
2026-08-11 12:48:27,177 : INFO : Mode.attract_credits : Started. Priority: 8
2026-08-11 12:48:27,177 : INFO : EventManager : Event: ======'modes_active_modes_changed'====== Args={}
2026-08-11 12:48:27,177 : INFO : EventManager : Event: ======'mode_attract_credits_started'====== Args={'priority': 0}
2026-08-11 12:48:27,177 : INFO : EventManager : Event: ======'carousel_item_highlighted'====== Args={'carousel': 'attract_credits', 'direction': None, 'item': 'credits_sfx'}
2026-08-11 12:48:27,178 : INFO : Mode.attract_scores : Started. Priority: 9
2026-08-11 12:48:27,178 : INFO : EventManager : Event: ======'modes_active_modes_changed'====== Args={}
2026-08-11 12:48:27,178 : INFO : EventManager : Event: ======'mode_attract_scores_started'====== Args={'priority': 0}
2026-08-11 12:48:27,178 : INFO : EventManager : Event: ======'carousel_item_highlighted'====== Args={'carousel': 'attract_scores', 'direction': None, 'item': 'last_game_score'}
2026-08-11 12:48:27,178 : INFO : EventManager : Event: ======'collecting_balls_complete'====== Args={}
2026-08-11 12:48:27,178 : INFO : EventManager : Event: ======'carousel_item_highlighted'====== Args={'carousel': 'attract', 'direction': None, 'item': 'title'}
2026-08-11 12:48:27,180 : INFO : Machine : Starting the main run loop with active modes: [<Mode.attract>, <Mode.attract_scores>, <Mode.attract_credits>]
2026-08-11 12:48:27,317 : INFO : EventManager : Event: ======'slide_attract_created'====== Args={'_from_bcp': True}
2026-08-11 12:48:27,317 : INFO : EventManager : Event: ======'slide__removed'====== Args={'_from_bcp': True}
2026-08-11 12:48:27,318 : INFO : EventManager : Event: ======'slide_attract_active'====== Args={'original_context': 'attract', 'original_calling_context': 'mode_attract_started', 'priority': 10.0, 'cmd': 'slides_play', '_from_bcp': True}
2026-08-11 12:48:28,427 : INFO : SwitchController : <<<<<<< 's_11_start_button' active >>>>>>>
2026-08-11 12:48:28,537 : INFO : SwitchController : <<<<<<< 's_11_start_button' inactive >>>>>>>
2026-08-11 12:48:28,537 : INFO : EventManager : Event: ======'request_to_start_game'====== Args={}
2026-08-11 12:48:28,538 : INFO : EventManager : Event: ======'game_start'====== Args={'buttons': [], 'hold_time': 0.10899999999674037}
2026-08-11 12:48:28,538 : INFO : EventManager : Event: ======'mode_game_will_start'====== Args={'buttons': [], 'hold_time': 0.10899999999674037}
2026-08-11 12:48:28,538 : INFO : EventManager : Event: ======'mode_game_starting'====== Args={'buttons': [], 'hold_time': 0.10899999999674037}
2026-08-11 12:48:28,538 : INFO : EventManager : Event: ======'mode_attract_will_stop'====== Args={}
2026-08-11 12:48:28,539 : INFO : EventManager : Event: ======'mode_attract_stopping'====== Args={}
2026-08-11 12:48:28,539 : INFO : EventManager : Event: ======'stop_mode_attract_scores'====== Args={'priority': 0}
2026-08-11 12:48:28,539 : INFO : EventManager : Event: ======'stop_mode_attract_credits'====== Args={'priority': 0}
2026-08-11 12:48:28,539 : INFO : EventManager : Event: ======'attract_music_stop'====== Args={'priority': 0}
2026-08-11 12:48:28,539 : INFO : EventManager : Event: ======'stop_directional_audio'====== Args={'priority': 0}
2026-08-11 12:48:28,539 : INFO : Timer.backglass_cycle_restart_delay : Stopping Timer
2026-08-11 12:48:28,539 : INFO : EventManager : Event: ======'timer_backglass_cycle_restart_delay_stopped'====== Args={'ticks': 0, 'ticks_remaining': 0}
2026-08-11 12:48:28,539 : INFO : EventManager : Event: ======'mode_attract_scores_will_stop'====== Args={}
2026-08-11 12:48:28,539 : INFO : EventManager : Event: ======'mode_attract_scores_stopping'====== Args={}
2026-08-11 12:48:28,539 : INFO : EventManager : Event: ======'mode_attract_credits_will_stop'====== Args={}
2026-08-11 12:48:28,539 : INFO : EventManager : Event: ======'mode_attract_credits_stopping'====== Args={}
2026-08-11 12:48:28,540 : INFO : EventManager : Event: ======'audio_command'====== Args={'priority': 0, 'command': 0}
2026-08-11 12:48:28,540 : INFO : Mode.attract : Stopped.
2026-08-11 12:48:28,540 : INFO : EventManager : Event: ======'modes_active_modes_changed'====== Args={}
2026-08-11 12:48:28,542 : INFO : EventManager : Event: ======'mode_attract_stopped'====== Args={}
2026-08-11 12:48:28,542 : INFO : EventManager : Event: ======'clear'====== Args={'key': 'attract'}
2026-08-11 12:48:28,542 : INFO : Timer.backglass_cycle_restart_delay : Stopping Timer
2026-08-11 12:48:28,542 : INFO : EventManager : Event: ======'timer_backglass_cycle_restart_delay_stopped'====== Args={'ticks': 0, 'ticks_remaining': 0}
2026-08-11 12:48:28,542 : INFO : Timer.directional_track_1_delay : Stopping Timer
2026-08-11 12:48:28,543 : INFO : EventManager : Event: ======'timer_directional_track_1_delay_stopped'====== Args={'ticks': 0, 'ticks_remaining': 0}
2026-08-11 12:48:28,543 : INFO : Timer.attract_carousel_timer : Stopping Timer
2026-08-11 12:48:28,543 : INFO : EventManager : Event: ======'timer_attract_carousel_timer_stopped'====== Args={'ticks': 0, 'ticks_remaining': 1}
2026-08-11 12:48:28,543 : INFO : Mode.attract_credits : Stopped.
2026-08-11 12:48:28,543 : INFO : EventManager : Event: ======'modes_active_modes_changed'====== Args={}
2026-08-11 12:48:28,543 : INFO : EventManager : Event: ======'mode_attract_credits_stopped'====== Args={}
2026-08-11 12:48:28,543 : INFO : EventManager : Event: ======'clear'====== Args={'key': 'attract_credits'}
2026-08-11 12:48:28,543 : INFO : Timer.attract_credits_carousel_timer : Stopping Timer
2026-08-11 12:48:28,543 : INFO : EventManager : Event: ======'timer_attract_credits_carousel_timer_stopped'====== Args={'ticks': 0, 'ticks_remaining': 1}
2026-08-11 12:48:28,543 : INFO : Mode.attract_scores : Stopped.
2026-08-11 12:48:28,543 : INFO : EventManager : Event: ======'modes_active_modes_changed'====== Args={}
2026-08-11 12:48:28,543 : INFO : EventManager : Event: ======'mode_attract_scores_stopped'====== Args={}
2026-08-11 12:48:28,543 : INFO : EventManager : Event: ======'clear'====== Args={'key': 'attract_scores'}
2026-08-11 12:48:28,543 : INFO : Timer.attract_scores_carousel_timer : Stopping Timer
2026-08-11 12:48:28,544 : INFO : EventManager : Event: ======'timer_attract_scores_carousel_timer_stopped'====== Args={'ticks': 0, 'ticks_remaining': 1}
2026-08-11 12:48:28,544 : INFO : Mode.game : Started. Priority: 20
2026-08-11 12:48:28,544 : INFO : EventManager : Event: ======'modes_active_modes_changed'====== Args={}
2026-08-11 12:48:28,544 : INFO : EventManager : Event: ======'mode_game_started'====== Args={'buttons': [], 'hold_time': 0.10899999999674037}
2026-08-11 12:48:28,544 : INFO : EventManager : Event: ======'game_will_start'====== Args={}
2026-08-11 12:48:28,545 : INFO : EventManager : Event: ======'game_starting'====== Args={'game': <Mode.game>}
2026-08-11 12:48:28,545 : INFO : EventManager : Unordered handler for class <Auditor> on event game_ended with priority 1. Handlers: [RegisteredHandler(callback=<bound method Auditor.disable of <Auditor>>, priority=1, kwargs={}, key=UUID('1c32dc7a-abe8-4748-ac12-00c7aac0c706'), condition=None, blocking_facility=None), RegisteredHandler(callback=<bound method Auditor._save_audits of <Auditor>>, priority=1, kwargs={}, key=UUID('39a34f23-f5a9-40f2-95e2-e6b5e54371d3'), condition=None, blocking_facility=None)]. The order of those handlers is not defined and they will be executed in random order. This might lead to race conditions and potential bugs.
2026-08-11 12:48:28,546 : INFO : EventManager : Event: ======'player_add_request'====== Args={}
2026-08-11 12:48:28,546 : INFO : EventManager : Event: ======'player_will_add'====== Args={'number': 1}
2026-08-11 12:48:28,546 : INFO : EventManager : Event: ======'player_adding'====== Args={'player': <Player 1>, 'number': 1}
2026-08-11 12:48:28,546 : INFO : EventManager : Event: ======'player_added'====== Args={'player': <Player 1>, 'num': 1}
2026-08-11 12:48:28,546 : INFO : Mode.game : Player added successfully. Total players: 1
2026-08-11 12:48:28,546 : INFO : EventManager : Event: ======'player_index'====== Args={'value': 0, 'prev_value': 0, 'change': 0, 'player_num': 1}
2026-08-11 12:48:28,547 : INFO : EventManager : Event: ======'player_number'====== Args={'value': 1, 'prev_value': 1, 'change': 0, 'player_num': 1}
2026-08-11 12:48:28,547 : INFO : EventManager : Event: ======'player_awareness'====== Args={'value': 0, 'prev_value': 0, 'change': 0, 'player_num': 1}
2026-08-11 12:48:28,547 : INFO : EventManager : Event: ======'player_awareness_target'====== Args={'value': 100, 'prev_value': 100, 'change': 0, 'player_num': 1}
2026-08-11 12:48:28,547 : INFO : EventManager : Event: ======'player_awareness_qualified'====== Args={'value': 0, 'prev_value': 0, 'change': 0, 'player_num': 1}
2026-08-11 12:48:28,547 : INFO : EventManager : Event: ======'player_awareness_mysteries_collected'====== Args={'value': 0, 'prev_value': 0, 'change': 0, 'player_num': 1}
2026-08-11 12:48:28,547 : INFO : EventManager : Event: ======'player_awareness_milestone_25'====== Args={'value': 0, 'prev_value': 0, 'change': 0, 'player_num': 1}
2026-08-11 12:48:28,547 : INFO : EventManager : Event: ======'player_awareness_milestone_50'====== Args={'value': 0, 'prev_value': 0, 'change': 0, 'player_num': 1}
2026-08-11 12:48:28,547 : INFO : EventManager : Event: ======'player_awareness_milestone_75'====== Args={'value': 0, 'prev_value': 0, 'change': 0, 'player_num': 1}
2026-08-11 12:48:28,547 : INFO : EventManager : Event: ======'player_score'====== Args={'value': 0, 'prev_value': 0, 'change': 0, 'player_num': 1}
2026-08-11 12:48:28,548 : INFO : EventManager : Event: ======'game_started'====== Args={}
2026-08-11 12:48:28,548 : INFO : EventManager : Event: ======'player_turn_will_start'====== Args={'player': <Player 1>, 'number': 1}
2026-08-11 12:48:28,548 : INFO : EventManager : Event: ======'player_turn_starting'====== Args={'player': <Player 1>, 'number': 1}
2026-08-11 12:48:28,548 : INFO : EventManager : Event: ======'player_ball'====== Args={'value': 1, 'prev_value': 0, 'change': 1, 'player_num': 1}
2026-08-11 12:48:28,548 : INFO : EventManager : Event: ======'player_turn_started'====== Args={'player': <Player 1>, 'number': 1}
2026-08-11 12:48:28,549 : INFO : EventManager : Event: ======'ball_will_start'====== Args={'player': 1, 'ball': 1, 'balls_remaining': 2, 'is_extra_ball': False}
2026-08-11 12:48:28,549 : INFO : EventManager : Event: ======'ball_starting'====== Args={'player': 1, 'ball': 1, 'balls_remaining': 2, 'is_extra_ball': False}
2026-08-11 12:48:28,549 : INFO : EventManager : Event: ======'mode_skillshot_will_start'====== Args={'queue': <QueuedEvent>, 'player': 1, 'ball': 1, 'balls_remaining': 2, 'is_extra_ball': False}
2026-08-11 12:48:28,558 : INFO : EventManager : Event: ======'mode_skillshot_starting'====== Args={'queue': <QueuedEvent>, 'player': 1, 'ball': 1, 'balls_remaining': 2, 'is_extra_ball': False}
2026-08-11 12:48:28,558 : INFO : EventManager : Event: ======'mode_awareness_will_start'====== Args={'queue': <QueuedEvent>, 'player': 1, 'ball': 1, 'balls_remaining': 2, 'is_extra_ball': False}
2026-08-11 12:48:28,564 : INFO : EventManager : Event: ======'mode_awareness_starting'====== Args={'queue': <QueuedEvent>, 'player': 1, 'ball': 1, 'balls_remaining': 2, 'is_extra_ball': False}
2026-08-11 12:48:28,566 : INFO : EventManager : Event: ======'mode_base_will_start'====== Args={'queue': <QueuedEvent>, 'player': 1, 'ball': 1, 'balls_remaining': 2, 'is_extra_ball': False}
2026-08-11 12:48:28,566 : INFO : EventManager : Event: ======'player_shot_varitarget_p1_enabled'====== Args={'value': True, 'prev_value': 0, 'change': 1, 'player_num': 1}
2026-08-11 12:48:28,567 : INFO : EventManager : Event: ======'player_shot_varitarget_p2_enabled'====== Args={'value': True, 'prev_value': 0, 'change': 1, 'player_num': 1}
2026-08-11 12:48:28,567 : INFO : EventManager : Event: ======'player_shot_varitarget_p3_enabled'====== Args={'value': True, 'prev_value': 0, 'change': 1, 'player_num': 1}
2026-08-11 12:48:28,568 : INFO : EventManager : Event: ======'player_shot_varitarget_p4_enabled'====== Args={'value': True, 'prev_value': 0, 'change': 1, 'player_num': 1}
2026-08-11 12:48:28,568 : INFO : EventManager : Event: ======'player_shot_varitarget_p5_enabled'====== Args={'value': True, 'prev_value': 0, 'change': 1, 'player_num': 1}
2026-08-11 12:48:28,568 : INFO : EventManager : Event: ======'player_shot_varitarget_p6_enabled'====== Args={'value': True, 'prev_value': 0, 'change': 1, 'player_num': 1}
2026-08-11 12:48:28,568 : INFO : EventManager : Event: ======'player_shot_varitarget_p7_enabled'====== Args={'value': True, 'prev_value': 0, 'change': 1, 'player_num': 1}
2026-08-11 12:48:28,569 : INFO : EventManager : Event: ======'player_shot_shot_impossible_enabled'====== Args={'value': True, 'prev_value': 0, 'change': 1, 'player_num': 1}
2026-08-11 12:48:28,569 : INFO : EventManager : Event: ======'player_shot_shot_dt_1_enabled'====== Args={'value': True, 'prev_value': 0, 'change': 1, 'player_num': 1}
2026-08-11 12:48:28,569 : INFO : EventManager : Event: ======'player_shot_shot_dt_2_enabled'====== Args={'value': True, 'prev_value': 0, 'change': 1, 'player_num': 1}
2026-08-11 12:48:28,570 : INFO : EventManager : Event: ======'player_shot_shot_dt_3_enabled'====== Args={'value': True, 'prev_value': 0, 'change': 1, 'player_num': 1}
2026-08-11 12:48:28,571 : INFO : EventManager : Event: ======'player_shot_shot_dt_4_enabled'====== Args={'value': True, 'prev_value': 0, 'change': 1, 'player_num': 1}
2026-08-11 12:48:28,571 : INFO : EventManager : Event: ======'player_shot_shot_dt_5_enabled'====== Args={'value': True, 'prev_value': 0, 'change': 1, 'player_num': 1}
2026-08-11 12:48:28,572 : INFO : EventManager : Event: ======'player_shot_shot_dt_6_enabled'====== Args={'value': True, 'prev_value': 0, 'change': 1, 'player_num': 1}
2026-08-11 12:48:28,572 : INFO : EventManager : Event: ======'player_shot_shot_dt_7_enabled'====== Args={'value': True, 'prev_value': 0, 'change': 1, 'player_num': 1}
2026-08-11 12:48:28,572 : INFO : EventManager : Event: ======'player_shot_shot_sut_1_enabled'====== Args={'value': True, 'prev_value': 0, 'change': 1, 'player_num': 1}
2026-08-11 12:48:28,573 : INFO : EventManager : Event: ======'player_shot_shot_sut_2_enabled'====== Args={'value': True, 'prev_value': 0, 'change': 1, 'player_num': 1}
2026-08-11 12:48:28,573 : INFO : EventManager : Event: ======'player_shot_shot_sut_3_enabled'====== Args={'value': True, 'prev_value': 0, 'change': 1, 'player_num': 1}
2026-08-11 12:48:28,573 : INFO : EventManager : Event: ======'player_shot_shot_sut_4_enabled'====== Args={'value': True, 'prev_value': 0, 'change': 1, 'player_num': 1}
2026-08-11 12:48:28,573 : INFO : EventManager : Event: ======'player_shot_shot_sut_5_enabled'====== Args={'value': True, 'prev_value': 0, 'change': 1, 'player_num': 1}
2026-08-11 12:48:28,574 : INFO : EventManager : Event: ======'player_shot_shot_sut_6_enabled'====== Args={'value': True, 'prev_value': 0, 'change': 1, 'player_num': 1}
2026-08-11 12:48:28,574 : INFO : EventManager : Event: ======'player_shot_shot_sut_green_enabled'====== Args={'value': True, 'prev_value': 0, 'change': 1, 'player_num': 1}
2026-08-11 12:48:28,574 : INFO : EventManager : Event: ======'player_shot_shot_sut_blue_enabled'====== Args={'value': True, 'prev_value': 0, 'change': 1, 'player_num': 1}
2026-08-11 12:48:28,574 : INFO : EventManager : Event: ======'player_shot_shot_sut_red_enabled'====== Args={'value': True, 'prev_value': 0, 'change': 1, 'player_num': 1}
2026-08-11 12:48:28,575 : INFO : EventManager : Event: ======'player_shot_shot_slingshot_l_enabled'====== Args={'value': True, 'prev_value': 0, 'change': 1, 'player_num': 1}
2026-08-11 12:48:28,575 : INFO : EventManager : Event: ======'player_shot_shot_slingshot_r_enabled'====== Args={'value': True, 'prev_value': 0, 'change': 1, 'player_num': 1}
2026-08-11 12:48:28,575 : INFO : EventManager : Event: ======'player_shot_shot_rollover_bottom_enabled'====== Args={'value': True, 'prev_value': 0, 'change': 1, 'player_num': 1}
2026-08-11 12:48:28,576 : INFO : EventManager : Event: ======'player_shot_shot_rollover_top_enabled'====== Args={'value': True, 'prev_value': 0, 'change': 1, 'player_num': 1}
2026-08-11 12:48:28,576 : INFO : EventManager : Event: ======'player_shot_spinner_left_enabled'====== Args={'value': True, 'prev_value': 0, 'change': 1, 'player_num': 1}
2026-08-11 12:48:28,576 : INFO : EventManager : Event: ======'player_shot_spinner_right_enabled'====== Args={'value': True, 'prev_value': 0, 'change': 1, 'player_num': 1}
2026-08-11 12:48:28,576 : INFO : EventManager : Event: ======'varitarget_positions_complete'====== Args={'state': 'unlit'}
2026-08-11 12:48:28,577 : INFO : EventManager : Event: ======'varitarget_positions_unlit_complete'====== Args={}
2026-08-11 12:48:28,577 : INFO : EventManager : Event: ======'player_base_varitarget_reset_timer_tick'====== Args={'value': 0, 'prev_value': 0, 'change': 0, 'player_num': 1}
2026-08-11 12:48:28,578 : INFO : EventManager : Event: ======'player_base_varitarget_hit_settle_tick'====== Args={'value': 3, 'prev_value': 0, 'change': 3, 'player_num': 1}
2026-08-11 12:48:28,584 : INFO : EventManager : Event: ======'mode_base_starting'====== Args={'queue': <QueuedEvent>, 'player': 1, 'ball': 1, 'balls_remaining': 2, 'is_extra_ball': False}
2026-08-11 12:48:28,594 : INFO : Mode.base : Started. Priority: 100
2026-08-11 12:48:28,594 : INFO : EventManager : Event: ======'modes_active_modes_changed'====== Args={}
2026-08-11 12:48:28,594 : INFO : EventManager : Event: ======'mode_base_started'====== Args={'queue': <QueuedEvent>, 'player': 1, 'ball': 1, 'balls_remaining': 2, 'is_extra_ball': False}
2026-08-11 12:48:28,595 : INFO : EventManager : Event: ======'mode_glasses_mode_will_start'====== Args={'queue': <QueuedEvent>, 'player': 1, 'ball': 1, 'balls_remaining': 2, 'is_extra_ball': False}
2026-08-11 12:48:28,595 : INFO : EventManager : Event: ======'player_glasses_mode_glasses_position_confirm_tick'====== Args={'value': 0, 'prev_value': 0, 'change': 0, 'player_num': 1}
2026-08-11 12:48:28,595 : INFO : EventManager : Event: ======'player_glasses_mode_glasses_state_timer_tick'====== Args={'value': 0, 'prev_value': 0, 'change': 0, 'player_num': 1}
2026-08-11 12:48:28,597 : INFO : EventManager : Event: ======'player_glasses_mode_glasses_home_pulse_timer_tick'====== Args={'value': 0, 'prev_value': 0, 'change': 0, 'player_num': 1}
2026-08-11 12:48:28,603 : INFO : EventManager : Event: ======'mode_glasses_mode_starting'====== Args={'queue': <QueuedEvent>, 'player': 1, 'ball': 1, 'balls_remaining': 2, 'is_extra_ball': False}
2026-08-11 12:48:28,603 : INFO : EventManager : Event: ======'mode_super_pops_will_start'====== Args={'queue': <QueuedEvent>, 'player': 1, 'ball': 1, 'balls_remaining': 2, 'is_extra_ball': False}
2026-08-11 12:48:28,604 : INFO : EventManager : Event: ======'player_super_pops_super_pops_mult_timer_tick'====== Args={'value': 0, 'prev_value': 0, 'change': 0, 'player_num': 1}
2026-08-11 12:48:28,605 : INFO : EventManager : Unordered handler for class <Auditor> on event game_ended with priority 1. Handlers: [RegisteredHandler(callback=<bound method Auditor.disable of <Auditor>>, priority=1, kwargs={}, key=UUID('1c32dc7a-abe8-4748-ac12-00c7aac0c706'), condition=None, blocking_facility=None), RegisteredHandler(callback=<bound method Auditor._save_audits of <Auditor>>, priority=1, kwargs={}, key=UUID('39a34f23-f5a9-40f2-95e2-e6b5e54371d3'), condition=None, blocking_facility=None)]. The order of those handlers is not defined and they will be executed in random order. This might lead to race conditions and potential bugs.
2026-08-11 12:48:28,608 : INFO : EventManager : Event: ======'mode_super_pops_starting'====== Args={'queue': <QueuedEvent>, 'player': 1, 'ball': 1, 'balls_remaining': 2, 'is_extra_ball': False}
2026-08-11 12:48:28,608 : INFO : EventManager : Event: ======'mode_spinner_2x_qualify_will_start'====== Args={'queue': <QueuedEvent>, 'player': 1, 'ball': 1, 'balls_remaining': 2, 'is_extra_ball': False}
2026-08-11 12:48:28,610 : INFO : EventManager : Event: ======'mode_spinner_2x_qualify_starting'====== Args={'queue': <QueuedEvent>, 'player': 1, 'ball': 1, 'balls_remaining': 2, 'is_extra_ball': False}
2026-08-11 12:48:28,610 : INFO : EventManager : Event: ======'mode_shotgun_will_start'====== Args={'queue': <QueuedEvent>, 'player': 1, 'ball': 1, 'balls_remaining': 2, 'is_extra_ball': False}
2026-08-11 12:48:28,610 : INFO : EventManager : Event: ======'player_shotgun_top_lane_a_countdown_timer_tick'====== Args={'value': 30, 'prev_value': 0, 'change': 30, 'player_num': 1}
2026-08-11 12:48:28,611 : INFO : EventManager : Unordered handler for class <timer.top_lane_a_countdown_timer> on event shotgun_stop_all with priority 1. Handlers: [RegisteredHandler(callback=<bound method Timer.stop of <timer.top_lane_a_countdown_timer>>, priority=1, kwargs={}, key=UUID('f068dc4b-e7d0-44b2-a53e-3a78cdd14405'), condition=None, blocking_facility=None), RegisteredHandler(callback=<bound method Timer.reset of <timer.top_lane_a_countdown_timer>>, priority=1, kwargs={}, key=UUID('bdb91801-be00-4a7b-ad92-3d73a25b4728'), condition=None, blocking_facility=None)]. The order of those handlers is not defined and they will be executed in random order. This might lead to race conditions and potential bugs.
2026-08-11 12:48:28,611 : INFO : EventManager : Event: ======'player_shotgun_top_lane_b_countdown_timer_tick'====== Args={'value': 30, 'prev_value': 0, 'change': 30, 'player_num': 1}
2026-08-11 12:48:28,611 : INFO : EventManager : Unordered handler for class <timer.top_lane_a_countdown_timer> on event shotgun_stop_all with priority 1. Handlers: [RegisteredHandler(callback=<bound method Timer.stop of <timer.top_lane_a_countdown_timer>>, priority=1, kwargs={}, key=UUID('f068dc4b-e7d0-44b2-a53e-3a78cdd14405'), condition=None, blocking_facility=None), RegisteredHandler(callback=<bound method Timer.reset of <timer.top_lane_a_countdown_timer>>, priority=1, kwargs={}, key=UUID('bdb91801-be00-4a7b-ad92-3d73a25b4728'), condition=None, blocking_facility=None)]. The order of those handlers is not defined and they will be executed in random order. This might lead to race conditions and potential bugs.
2026-08-11 12:48:28,611 : INFO : EventManager : Unordered handler for class <timer.top_lane_a_countdown_timer> on event shotgun_stop_all with priority 1. Handlers: [RegisteredHandler(callback=<bound method Timer.stop of <timer.top_lane_a_countdown_timer>>, priority=1, kwargs={}, key=UUID('f068dc4b-e7d0-44b2-a53e-3a78cdd14405'), condition=None, blocking_facility=None), RegisteredHandler(callback=<bound method Timer.reset of <timer.top_lane_a_countdown_timer>>, priority=1, kwargs={}, key=UUID('bdb91801-be00-4a7b-ad92-3d73a25b4728'), condition=None, blocking_facility=None)]. The order of those handlers is not defined and they will be executed in random order. This might lead to race conditions and potential bugs.
2026-08-11 12:48:28,611 : INFO : EventManager : Unordered handler for class <timer.top_lane_b_countdown_timer> on event shotgun_stop_all with priority 1. Handlers: [RegisteredHandler(callback=<bound method Timer.stop of <timer.top_lane_b_countdown_timer>>, priority=1, kwargs={}, key=UUID('85e863b7-8645-4242-9feb-9da0b9ee0c8d'), condition=None, blocking_facility=None), RegisteredHandler(callback=<bound method Timer.reset of <timer.top_lane_b_countdown_timer>>, priority=1, kwargs={}, key=UUID('f2bcbb85-92aa-4c3a-9251-ccaa8a641900'), condition=None, blocking_facility=None)]. The order of those handlers is not defined and they will be executed in random order. This might lead to race conditions and potential bugs.
2026-08-11 12:48:28,611 : INFO : EventManager : Event: ======'player_shotgun_fourbank_reset_check_timer_tick'====== Args={'value': 0, 'prev_value': 0, 'change': 0, 'player_num': 1}
2026-08-11 12:48:28,612 : INFO : EventManager : Unordered handler for class <timer.top_lane_a_countdown_timer> on event shotgun_stop_all with priority 1. Handlers: [RegisteredHandler(callback=<bound method Timer.stop of <timer.top_lane_a_countdown_timer>>, priority=1, kwargs={}, key=UUID('f068dc4b-e7d0-44b2-a53e-3a78cdd14405'), condition=None, blocking_facility=None), RegisteredHandler(callback=<bound method Timer.reset of <timer.top_lane_a_countdown_timer>>, priority=1, kwargs={}, key=UUID('bdb91801-be00-4a7b-ad92-3d73a25b4728'), condition=None, blocking_facility=None)]. The order of those handlers is not defined and they will be executed in random order. This might lead to race conditions and potential bugs.
2026-08-11 12:48:28,612 : INFO : EventManager : Unordered handler for class <timer.top_lane_b_countdown_timer> on event shotgun_stop_all with priority 1. Handlers: [RegisteredHandler(callback=<bound method Timer.stop of <timer.top_lane_b_countdown_timer>>, priority=1, kwargs={}, key=UUID('85e863b7-8645-4242-9feb-9da0b9ee0c8d'), condition=None, blocking_facility=None), RegisteredHandler(callback=<bound method Timer.reset of <timer.top_lane_b_countdown_timer>>, priority=1, kwargs={}, key=UUID('f2bcbb85-92aa-4c3a-9251-ccaa8a641900'), condition=None, blocking_facility=None)]. The order of those handlers is not defined and they will be executed in random order. This might lead to race conditions and potential bugs.
2026-08-11 12:48:28,612 : INFO : EventManager : Event: ======'player_shotgun_fourbank_reset_retry_timer_tick'====== Args={'value': 0, 'prev_value': 0, 'change': 0, 'player_num': 1}
2026-08-11 12:48:28,612 : INFO : EventManager : Unordered handler for class <timer.top_lane_a_countdown_timer> on event shotgun_stop_all with priority 1. Handlers: [RegisteredHandler(callback=<bound method Timer.stop of <timer.top_lane_a_countdown_timer>>, priority=1, kwargs={}, key=UUID('f068dc4b-e7d0-44b2-a53e-3a78cdd14405'), condition=None, blocking_facility=None), RegisteredHandler(callback=<bound method Timer.reset of <timer.top_lane_a_countdown_timer>>, priority=1, kwargs={}, key=UUID('bdb91801-be00-4a7b-ad92-3d73a25b4728'), condition=None, blocking_facility=None)]. The order of those handlers is not defined and they will be executed in random order. This might lead to race conditions and potential bugs.
2026-08-11 12:48:28,612 : INFO : EventManager : Unordered handler for class <timer.top_lane_b_countdown_timer> on event shotgun_stop_all with priority 1. Handlers: [RegisteredHandler(callback=<bound method Timer.stop of <timer.top_lane_b_countdown_timer>>, priority=1, kwargs={}, key=UUID('85e863b7-8645-4242-9feb-9da0b9ee0c8d'), condition=None, blocking_facility=None), RegisteredHandler(callback=<bound method Timer.reset of <timer.top_lane_b_countdown_timer>>, priority=1, kwargs={}, key=UUID('f2bcbb85-92aa-4c3a-9251-ccaa8a641900'), condition=None, blocking_facility=None)]. The order of those handlers is not defined and they will be executed in random order. This might lead to race conditions and potential bugs.
2026-08-11 12:48:28,612 : INFO : EventManager : Event: ======'player_shotgun_threebank_reset_check_timer_tick'====== Args={'value': 0, 'prev_value': 0, 'change': 0, 'player_num': 1}
2026-08-11 12:48:28,613 : INFO : EventManager : Unordered handler for class <timer.top_lane_a_countdown_timer> on event shotgun_stop_all with priority 1. Handlers: [RegisteredHandler(callback=<bound method Timer.stop of <timer.top_lane_a_countdown_timer>>, priority=1, kwargs={}, key=UUID('f068dc4b-e7d0-44b2-a53e-3a78cdd14405'), condition=None, blocking_facility=None), RegisteredHandler(callback=<bound method Timer.reset of <timer.top_lane_a_countdown_timer>>, priority=1, kwargs={}, key=UUID('bdb91801-be00-4a7b-ad92-3d73a25b4728'), condition=None, blocking_facility=None)]. The order of those handlers is not defined and they will be executed in random order. This might lead to race conditions and potential bugs.
2026-08-11 12:48:28,613 : INFO : EventManager : Unordered handler for class <timer.top_lane_b_countdown_timer> on event shotgun_stop_all with priority 1. Handlers: [RegisteredHandler(callback=<bound method Timer.stop of <timer.top_lane_b_countdown_timer>>, priority=1, kwargs={}, key=UUID('85e863b7-8645-4242-9feb-9da0b9ee0c8d'), condition=None, blocking_facility=None), RegisteredHandler(callback=<bound method Timer.reset of <timer.top_lane_b_countdown_timer>>, priority=1, kwargs={}, key=UUID('f2bcbb85-92aa-4c3a-9251-ccaa8a641900'), condition=None, blocking_facility=None)]. The order of those handlers is not defined and they will be executed in random order. This might lead to race conditions and potential bugs.
2026-08-11 12:48:28,613 : INFO : EventManager : Event: ======'player_shotgun_threebank_reset_retry_timer_tick'====== Args={'value': 0, 'prev_value': 0, 'change': 0, 'player_num': 1}
2026-08-11 12:48:28,613 : INFO : EventManager : Unordered handler for class <timer.top_lane_a_countdown_timer> on event shotgun_stop_all with priority 1. Handlers: [RegisteredHandler(callback=<bound method Timer.stop of <timer.top_lane_a_countdown_timer>>, priority=1, kwargs={}, key=UUID('f068dc4b-e7d0-44b2-a53e-3a78cdd14405'), condition=None, blocking_facility=None), RegisteredHandler(callback=<bound method Timer.reset of <timer.top_lane_a_countdown_timer>>, priority=1, kwargs={}, key=UUID('bdb91801-be00-4a7b-ad92-3d73a25b4728'), condition=None, blocking_facility=None)]. The order of those handlers is not defined and they will be executed in random order. This might lead to race conditions and potential bugs.
2026-08-11 12:48:28,613 : INFO : EventManager : Unordered handler for class <timer.top_lane_b_countdown_timer> on event shotgun_stop_all with priority 1. Handlers: [RegisteredHandler(callback=<bound method Timer.stop of <timer.top_lane_b_countdown_timer>>, priority=1, kwargs={}, key=UUID('85e863b7-8645-4242-9feb-9da0b9ee0c8d'), condition=None, blocking_facility=None), RegisteredHandler(callback=<bound method Timer.reset of <timer.top_lane_b_countdown_timer>>, priority=1, kwargs={}, key=UUID('f2bcbb85-92aa-4c3a-9251-ccaa8a641900'), condition=None, blocking_facility=None)]. The order of those handlers is not defined and they will be executed in random order. This might lead to race conditions and potential bugs.
2026-08-11 12:48:28,613 : INFO : EventManager : Event: ======'player_shotgun_fourbank_drop_2_trip_timer_tick'====== Args={'value': 0, 'prev_value': 0, 'change': 0, 'player_num': 1}
2026-08-11 12:48:28,613 : INFO : EventManager : Event: ======'player_shotgun_fourbank_drop_3_trip_timer_tick'====== Args={'value': 0, 'prev_value': 0, 'change': 0, 'player_num': 1}
2026-08-11 12:48:28,614 : INFO : EventManager : Event: ======'player_shotgun_threebank_drop_1_trip_timer_tick'====== Args={'value': 0, 'prev_value': 0, 'change': 0, 'player_num': 1}
2026-08-11 12:48:28,614 : INFO : EventManager : Event: ======'player_shotgun_threebank_drop_2_trip_timer_tick'====== Args={'value': 0, 'prev_value': 0, 'change': 0, 'player_num': 1}
2026-08-11 12:48:28,614 : INFO : EventManager : Event: ======'player_shotgun_threebank_drop_3_trip_timer_tick'====== Args={'value': 0, 'prev_value': 0, 'change': 0, 'player_num': 1}
2026-08-11 12:48:28,615 : INFO : EventManager : Event: ======'player_shotgun_drop_1_4_7_step_2_timer_tick'====== Args={'value': 0, 'prev_value': 0, 'change': 0, 'player_num': 1}
2026-08-11 12:48:28,615 : INFO : EventManager : Event: ======'player_shotgun_drop_1_4_7_step_3_timer_tick'====== Args={'value': 0, 'prev_value': 0, 'change': 0, 'player_num': 1}
2026-08-11 12:48:28,615 : INFO : EventManager : Event: ======'player_shotgun_drop_1_4_7_step_4_timer_tick'====== Args={'value': 0, 'prev_value': 0, 'change': 0, 'player_num': 1}
2026-08-11 12:48:28,615 : INFO : EventManager : Event: ======'player_shotgun_drop_1_4_7_ready_timer_tick'====== Args={'value': 0, 'prev_value': 0, 'change': 0, 'player_num': 1}
2026-08-11 12:48:28,623 : INFO : EventManager : Unordered handler for class <timer.top_lane_a_countdown_timer> on event shotgun_stop_all with priority 1. Handlers: [RegisteredHandler(callback=<bound method Timer.stop of <timer.top_lane_a_countdown_timer>>, priority=1, kwargs={}, key=UUID('f068dc4b-e7d0-44b2-a53e-3a78cdd14405'), condition=None, blocking_facility=None), RegisteredHandler(callback=<bound method Timer.reset of <timer.top_lane_a_countdown_timer>>, priority=1, kwargs={}, key=UUID('bdb91801-be00-4a7b-ad92-3d73a25b4728'), condition=None, blocking_facility=None)]. The order of those handlers is not defined and they will be executed in random order. This might lead to race conditions and potential bugs.
2026-08-11 12:48:28,623 : INFO : EventManager : Unordered handler for class <timer.top_lane_b_countdown_timer> on event shotgun_stop_all with priority 1. Handlers: [RegisteredHandler(callback=<bound method Timer.stop of <timer.top_lane_b_countdown_timer>>, priority=1, kwargs={}, key=UUID('85e863b7-8645-4242-9feb-9da0b9ee0c8d'), condition=None, blocking_facility=None), RegisteredHandler(callback=<bound method Timer.reset of <timer.top_lane_b_countdown_timer>>, priority=1, kwargs={}, key=UUID('f2bcbb85-92aa-4c3a-9251-ccaa8a641900'), condition=None, blocking_facility=None)]. The order of those handlers is not defined and they will be executed in random order. This might lead to race conditions and potential bugs.
2026-08-11 12:48:28,624 : INFO : EventManager : Unordered handler for class <timer.top_lane_a_countdown_timer> on event shotgun_stop_all with priority 1. Handlers: [RegisteredHandler(callback=<bound method Timer.stop of <timer.top_lane_a_countdown_timer>>, priority=1, kwargs={}, key=UUID('f068dc4b-e7d0-44b2-a53e-3a78cdd14405'), condition=None, blocking_facility=None), RegisteredHandler(callback=<bound method Timer.reset of <timer.top_lane_a_countdown_timer>>, priority=1, kwargs={}, key=UUID('bdb91801-be00-4a7b-ad92-3d73a25b4728'), condition=None, blocking_facility=None)]. The order of those handlers is not defined and they will be executed in random order. This might lead to race conditions and potential bugs.
2026-08-11 12:48:28,625 : INFO : EventManager : Unordered handler for class <timer.top_lane_b_countdown_timer> on event shotgun_stop_all with priority 1. Handlers: [RegisteredHandler(callback=<bound method Timer.stop of <timer.top_lane_b_countdown_timer>>, priority=1, kwargs={}, key=UUID('85e863b7-8645-4242-9feb-9da0b9ee0c8d'), condition=None, blocking_facility=None), RegisteredHandler(callback=<bound method Timer.reset of <timer.top_lane_b_countdown_timer>>, priority=1, kwargs={}, key=UUID('f2bcbb85-92aa-4c3a-9251-ccaa8a641900'), condition=None, blocking_facility=None)]. The order of those handlers is not defined and they will be executed in random order. This might lead to race conditions and potential bugs.
2026-08-11 12:48:28,628 : INFO : EventManager : Event: ======'mode_shotgun_starting'====== Args={'queue': <QueuedEvent>, 'player': 1, 'ball': 1, 'balls_remaining': 2, 'is_extra_ball': False}
2026-08-11 12:48:28,628 : INFO : EventManager : Event: ======'varitarget_yaml_loaded'====== Args={'priority': 0}
2026-08-11 12:48:28,628 : INFO : EventManager : Event: ======'player_pf_multiplier'====== Args={'value': 1, 'prev_value': 0, 'change': 1, 'player_num': 1, 'source': 'base'}
2026-08-11 12:48:28,628 : INFO : EventManager : Event: ======'player_varitarget_position'====== Args={'value': 1, 'prev_value': 0, 'change': 1, 'player_num': 1, 'source': 'base'}
2026-08-11 12:48:28,628 : INFO : EventManager : Event: ======'player_varitarget_reset_attempts'====== Args={'value': 0, 'prev_value': 0, 'change': 0, 'player_num': 1, 'source': 'base'}
2026-08-11 12:48:28,628 : INFO : EventManager : Event: ======'player_varitarget_stable_position'====== Args={'value': 1, 'prev_value': 0, 'change': 1, 'player_num': 1, 'source': 'base'}
2026-08-11 12:48:28,629 : INFO : EventManager : Event: ======'player_varitarget_hit_active'====== Args={'value': 0, 'prev_value': 0, 'change': 0, 'player_num': 1, 'source': 'base'}
2026-08-11 12:48:28,629 : INFO : EventManager : Event: ======'player_varitarget_hit_start_pos'====== Args={'value': 1, 'prev_value': 0, 'change': 1, 'player_num': 1, 'source': 'base'}
2026-08-11 12:48:28,629 : INFO : EventManager : Event: ======'player_varitarget_hit_max_pos'====== Args={'value': 1, 'prev_value': 0, 'change': 1, 'player_num': 1, 'source': 'base'}
2026-08-11 12:48:28,629 : INFO : EventManager : Event: ======'player_varitarget_hit_moved'====== Args={'value': 0, 'prev_value': 0, 'change': 0, 'player_num': 1, 'source': 'base'}
2026-08-11 12:48:28,629 : INFO : Mode.shotgun : Started. Priority: 120
2026-08-11 12:48:28,629 : INFO : EventManager : Event: ======'modes_active_modes_changed'====== Args={}
2026-08-11 12:48:28,629 : INFO : EventManager : Event: ======'mode_shotgun_started'====== Args={'queue': <QueuedEvent>, 'player': 1, 'ball': 1, 'balls_remaining': 2, 'is_extra_ball': False}
2026-08-11 12:48:28,630 : INFO : EventManager : Event: ======'shotgun_vars_reset'====== Args={'priority': 0}
2026-08-11 12:48:28,633 : INFO : EventManager : Event: ======'shotgun_all_lights_off'====== Args={'priority': 0}
2026-08-11 12:48:28,633 : INFO : EventManager : Event: ======'player_shotgun_lane_a_active'====== Args={'value': 0, 'prev_value': 0, 'change': 0, 'player_num': 1, 'source': 'shotgun'}
2026-08-11 12:48:28,633 : INFO : EventManager : Event: ======'player_shotgun_lane_b_active'====== Args={'value': 0, 'prev_value': 0, 'change': 0, 'player_num': 1, 'source': 'shotgun'}
2026-08-11 12:48:28,634 : INFO : EventManager : Event: ======'player_shotgun_qualified'====== Args={'value': 0, 'prev_value': 0, 'change': 0, 'player_num': 1, 'source': 'shotgun'}
2026-08-11 12:48:28,634 : INFO : EventManager : Event: ======'player_shotgun_mode_active'====== Args={'value': 0, 'prev_value': 0, 'change': 0, 'player_num': 1, 'source': 'shotgun'}
2026-08-11 12:48:28,634 : INFO : EventManager : Event: ======'player_alien_first_achieved'====== Args={'value': 0, 'prev_value': 0, 'change': 0, 'player_num': 1, 'source': 'shotgun'}
2026-08-11 12:48:28,634 : INFO : EventManager : Event: ======'player_alien_second_active'====== Args={'value': 0, 'prev_value': 0, 'change': 0, 'player_num': 1, 'source': 'shotgun'}
2026-08-11 12:48:28,634 : INFO : EventManager : Event: ======'player_alien_second_achieved_part1'====== Args={'value': 0, 'prev_value': 0, 'change': 0, 'player_num': 1, 'source': 'shotgun'}
2026-08-11 12:48:28,634 : INFO : EventManager : Event: ======'player_alien_second_achieved'====== Args={'value': 0, 'prev_value': 0, 'change': 0, 'player_num': 1, 'source': 'shotgun'}
2026-08-11 12:48:28,634 : INFO : EventManager : Event: ======'player_alien_third_setup_active'====== Args={'value': 0, 'prev_value': 0, 'change': 0, 'player_num': 1, 'source': 'shotgun'}
2026-08-11 12:48:28,634 : INFO : EventManager : Event: ======'player_alien_third_active'====== Args={'value': 0, 'prev_value': 0, 'change': 0, 'player_num': 1, 'source': 'shotgun'}
2026-08-11 12:48:28,635 : INFO : EventManager : Event: ======'player_alien_third_achieved'====== Args={'value': 0, 'prev_value': 0, 'change': 0, 'player_num': 1, 'source': 'shotgun'}
2026-08-11 12:48:28,635 : INFO : EventManager : Event: ======'player_alien_third_failed'====== Args={'value': 0, 'prev_value': 0, 'change': 0, 'player_num': 1, 'source': 'shotgun'}
2026-08-11 12:48:28,635 : INFO : EventManager : Event: ======'player_drop_1_4_7_active'====== Args={'value': 0, 'prev_value': 0, 'change': 0, 'player_num': 1, 'source': 'shotgun'}
2026-08-11 12:48:28,635 : INFO : EventManager : Event: ======'player_fourbank_reset_request'====== Args={'value': 0, 'prev_value': 0, 'change': 0, 'player_num': 1, 'source': 'shotgun'}
2026-08-11 12:48:28,635 : INFO : EventManager : Event: ======'player_fourbank_reset_requested'====== Args={'value': 0, 'prev_value': 0, 'change': 0, 'player_num': 1, 'source': 'shotgun'}
2026-08-11 12:48:28,635 : INFO : EventManager : Event: ======'player_fourbank_reset_confirmed'====== Args={'value': 0, 'prev_value': 0, 'change': 0, 'player_num': 1, 'source': 'shotgun'}
2026-08-11 12:48:28,635 : INFO : EventManager : Event: ======'player_fourbank_reset_failed'====== Args={'value': 0, 'prev_value': 0, 'change': 0, 'player_num': 1, 'source': 'shotgun'}
2026-08-11 12:48:28,635 : INFO : EventManager : Event: ======'player_fourbank_reset_attempts'====== Args={'value': 0, 'prev_value': 0, 'change': 0, 'player_num': 1, 'source': 'shotgun'}
2026-08-11 12:48:28,635 : INFO : EventManager : Event: ======'player_threebank_reset_request'====== Args={'value': 0, 'prev_value': 0, 'change': 0, 'player_num': 1, 'source': 'shotgun'}
2026-08-11 12:48:28,635 : INFO : EventManager : Event: ======'player_threebank_reset_requested'====== Args={'value': 0, 'prev_value': 0, 'change': 0, 'player_num': 1, 'source': 'shotgun'}
2026-08-11 12:48:28,635 : INFO : EventManager : Event: ======'player_threebank_reset_confirmed'====== Args={'value': 0, 'prev_value': 0, 'change': 0, 'player_num': 1, 'source': 'shotgun'}
2026-08-11 12:48:28,636 : INFO : EventManager : Event: ======'player_threebank_reset_failed'====== Args={'value': 0, 'prev_value': 0, 'change': 0, 'player_num': 1, 'source': 'shotgun'}
2026-08-11 12:48:28,636 : INFO : EventManager : Event: ======'player_threebank_reset_attempts'====== Args={'value': 0, 'prev_value': 0, 'change': 0, 'player_num': 1, 'source': 'shotgun'}
2026-08-11 12:48:28,636 : INFO : Mode.spinner_2x_qualify : Started. Priority: 150
2026-08-11 12:48:28,636 : INFO : EventManager : Event: ======'modes_active_modes_changed'====== Args={}
2026-08-11 12:48:28,636 : INFO : EventManager : Event: ======'mode_spinner_2x_qualify_started'====== Args={'queue': <QueuedEvent>, 'player': 1, 'ball': 1, 'balls_remaining': 2, 'is_extra_ball': False}
2026-08-11 12:48:28,636 : INFO : EventManager : Event: ======'spinner_2x_stop'====== Args={'priority': 0}
2026-08-11 12:48:28,636 : INFO : EventManager : Event: ======'player_top_lane_a_lit'====== Args={'value': 0, 'prev_value': 0, 'change': 0, 'player_num': 1, 'source': 'spinner_2x_qualify'}
2026-08-11 12:48:28,636 : INFO : EventManager : Event: ======'player_top_lane_b_lit'====== Args={'value': 0, 'prev_value': 0, 'change': 0, 'player_num': 1, 'source': 'spinner_2x_qualify'}
2026-08-11 12:48:28,636 : INFO : EventManager : Event: ======'player_top_lane_c_lit'====== Args={'value': 0, 'prev_value': 0, 'change': 0, 'player_num': 1, 'source': 'spinner_2x_qualify'}
2026-08-11 12:48:28,637 : INFO : Mode.glasses_mode : Started. Priority: 800
2026-08-11 12:48:28,637 : INFO : EventManager : Event: ======'modes_active_modes_changed'====== Args={}
2026-08-11 12:48:28,637 : INFO : EventManager : Event: ======'mode_glasses_mode_started'====== Args={'queue': <QueuedEvent>, 'player': 1, 'ball': 1, 'balls_remaining': 2, 'is_extra_ball': False}
2026-08-11 12:48:28,637 : INFO : EventManager : Event: ======'glasses_mode_loaded'====== Args={'priority': 0}
2026-08-11 12:48:28,638 : INFO : EventManager : Event: ======'glasses_stop_all_shows'====== Args={'priority': 0}
2026-08-11 12:48:28,638 : INFO : EventManager : Event: ======'glasses_init_vars'====== Args={'priority': 0}
2026-08-11 12:48:28,638 : INFO : EventManager : Event: ======'player_glasses_current_state'====== Args={'value': 1, 'prev_value': 0, 'change': 1, 'player_num': 1, 'source': 'glasses_mode'}
2026-08-11 12:48:28,638 : INFO : EventManager : Event: ======'player_glasses_homing_active'====== Args={'value': 0, 'prev_value': 0, 'change': 0, 'player_num': 1, 'source': 'glasses_mode'}
2026-08-11 12:48:28,638 : INFO : EventManager : Event: ======'player_glasses_home_start_pos'====== Args={'value': 1, 'prev_value': 0, 'change': 1, 'player_num': 1, 'source': 'glasses_mode'}
2026-08-11 12:48:28,638 : INFO : EventManager : Event: ======'player_glasses_pending_position'====== Args={'value': 1, 'prev_value': 0, 'change': 1, 'player_num': 1, 'source': 'glasses_mode'}
2026-08-11 12:48:28,638 : INFO : EventManager : Event: ======'player_glasses_confirmed_position'====== Args={'value': 1, 'prev_value': 0, 'change': 1, 'player_num': 1, 'source': 'glasses_mode'}
2026-08-11 12:48:28,638 : INFO : EventManager : Event: ======'player_glasses_home_pulse_count'====== Args={'value': 0, 'prev_value': 0, 'change': 0, 'player_num': 1, 'source': 'glasses_mode'}
2026-08-11 12:48:28,639 : INFO : Mode.awareness : Started. Priority: 105
2026-08-11 12:48:28,639 : INFO : EventManager : Event: ======'modes_active_modes_changed'====== Args={}
2026-08-11 12:48:28,639 : INFO : EventManager : Event: ======'mode_awareness_started'====== Args={'queue': <QueuedEvent>, 'player': 1, 'ball': 1, 'balls_remaining': 2, 'is_extra_ball': False}
2026-08-11 12:48:28,639 : INFO : EventManager : Event: ======'player_awareness_percent'====== Args={'value': 0, 'prev_value': 0, 'change': 0, 'player_num': 1, 'source': 'awareness'}
2026-08-11 12:48:28,639 : INFO : Mode.skillshot : Started. Priority: 200
2026-08-11 12:48:28,639 : INFO : EventManager : Event: ======'modes_active_modes_changed'====== Args={}
2026-08-11 12:48:28,639 : INFO : EventManager : Event: ======'mode_skillshot_started'====== Args={'queue': <QueuedEvent>, 'player': 1, 'ball': 1, 'balls_remaining': 2, 'is_extra_ball': False}
2026-08-11 12:48:28,639 : INFO : EventManager : Event: ======'player_skillshot_left_plunger'====== Args={'value': 0, 'prev_value': 0, 'change': 0, 'player_num': 1, 'source': 'skillshot'}
2026-08-11 12:48:28,640 : INFO : EventManager : Event: ======'player_skillshot_first_switch_seen'====== Args={'value': 0, 'prev_value': 0, 'change': 0, 'player_num': 1, 'source': 'skillshot'}
2026-08-11 12:48:28,640 : INFO : EventManager : Event: ======'player_skillshot_phase1_success'====== Args={'value': 0, 'prev_value': 0, 'change': 0, 'player_num': 1, 'source': 'skillshot'}
2026-08-11 12:48:28,640 : INFO : EventManager : Event: ======'player_skillshot_phase2_success'====== Args={'value': 0, 'prev_value': 0, 'change': 0, 'player_num': 1, 'source': 'skillshot'}
2026-08-11 12:48:28,640 : INFO : EventManager : Event: ======'player_skillshot_waiting_phase3'====== Args={'value': 0, 'prev_value': 0, 'change': 0, 'player_num': 1, 'source': 'skillshot'}
2026-08-11 12:48:28,640 : INFO : EventManager : Event: ======'player_skillshot_award'====== Args={'value': 500000, 'prev_value': 0, 'change': 500000, 'player_num': 1, 'source': 'skillshot'}
2026-08-11 12:48:28,640 : INFO : EventManager : Event: ======'balls_in_play'====== Args={'balls': 1}
2026-08-11 12:48:28,640 : INFO : EventManager : Event: ======'ball_started'====== Args={'player': 1, 'ball': 1, 'balls_remaining': 2, 'is_extra_ball': False}
2026-08-11 12:48:28,643 : INFO : EventManager : Event: ======'mode_resistance_will_start'====== Args={'player': 1, 'ball': 1, 'balls_remaining': 2, 'is_extra_ball': False}
2026-08-11 12:48:28,643 : INFO : EventManager : Event: ======'player_resistance_right_inlane_countdown_timer_tick'====== Args={'value': 15, 'prev_value': 0, 'change': 15, 'player_num': 1}
2026-08-11 12:48:28,643 : INFO : EventManager : Event: ======'player_resistance_resistance_qual_lights_15_11_timer_tick'====== Args={'value': 4, 'prev_value': 0, 'change': 4, 'player_num': 1}
2026-08-11 12:48:28,644 : INFO : EventManager : Event: ======'player_resistance_resistance_qual_lights_10_5_timer_tick'====== Args={'value': 5, 'prev_value': 0, 'change': 5, 'player_num': 1}
2026-08-11 12:48:28,645 : INFO : EventManager : Event: ======'player_resistance_resistance_qual_lights_4_0_timer_tick'====== Args={'value': 4, 'prev_value': 0, 'change': 4, 'player_num': 1}
2026-08-11 12:48:28,645 : INFO : EventManager : Event: ======'player_resistance_state_2_resistance_active_timer_tick'====== Args={'value': 15, 'prev_value': 0, 'change': 15, 'player_num': 1}
2026-08-11 12:48:28,645 : INFO : EventManager : Event: ======'player_resistance_state_3_resistance_active_timer_tick'====== Args={'value': 15, 'prev_value': 0, 'change': 15, 'player_num': 1}
2026-08-11 12:48:28,646 : INFO : EventManager : Event: ======'player_resistance_state_4_resistance_active_timer_tick'====== Args={'value': 15, 'prev_value': 0, 'change': 15, 'player_num': 1}
2026-08-11 12:48:28,646 : INFO : EventManager : Event: ======'player_resistance_state_5_resistance_active_timer_tick'====== Args={'value': 10, 'prev_value': 0, 'change': 10, 'player_num': 1}
2026-08-11 12:48:28,646 : INFO : EventManager : Event: ======'player_shot_resistance_qualify_target_5_enabled'====== Args={'value': False, 'prev_value': 0, 'change': 0, 'player_num': 1}
2026-08-11 12:48:28,646 : INFO : EventManager : Event: ======'player_shot_resistance_qualify_target_6_enabled'====== Args={'value': False, 'prev_value': 0, 'change': 0, 'player_num': 1}
2026-08-11 12:48:28,647 : INFO : EventManager : Event: ======'player_shot_resistance_top_lane_stage_2_enabled'====== Args={'value': False, 'prev_value': 0, 'change': 0, 'player_num': 1}
2026-08-11 12:48:28,647 : INFO : EventManager : Event: ======'player_shot_resistance_top_lane_stage_3_enabled'====== Args={'value': False, 'prev_value': 0, 'change': 0, 'player_num': 1}
2026-08-11 12:48:28,647 : INFO : EventManager : Event: ======'player_shot_resistance_top_lane_stage_4_enabled'====== Args={'value': False, 'prev_value': 0, 'change': 0, 'player_num': 1}
2026-08-11 12:48:28,647 : INFO : EventManager : Event: ======'player_shot_resistance_single_drop_stage_5_enabled'====== Args={'value': False, 'prev_value': 0, 'change': 0, 'player_num': 1}
2026-08-11 12:48:28,647 : INFO : EventManager : Event: ======'player_shot_resistance_saucer_stage_5_enabled'====== Args={'value': False, 'prev_value': 0, 'change': 0, 'player_num': 1}
2026-08-11 12:48:28,653 : INFO : EventManager : Event: ======'mode_resistance_starting'====== Args={'player': 1, 'ball': 1, 'balls_remaining': 2, 'is_extra_ball': False}
2026-08-11 12:48:28,653 : INFO : EventManager : Event: ======'mode_stars_mode_will_start'====== Args={'player': 1, 'ball': 1, 'balls_remaining': 2, 'is_extra_ball': False}
2026-08-11 12:48:28,653 : INFO : EventManager : Event: ======'player_stars_mode_stars_s80_hold_tick'====== Args={'value': 0, 'prev_value': 0, 'change': 0, 'player_num': 1}
2026-08-11 12:48:28,654 : INFO : EventManager : Event: ======'player_stars_mode_stars_10x_timer_tick'====== Args={'value': 0, 'prev_value': 0, 'change': 0, 'player_num': 1}
2026-08-11 12:48:28,660 : INFO : EventManager : Event: ======'mode_stars_mode_starting'====== Args={'player': 1, 'ball': 1, 'balls_remaining': 2, 'is_extra_ball': False}
2026-08-11 12:48:28,660 : INFO : EventManager : Event: ======'mode_autoplunge_will_start'====== Args={'player': 1, 'ball': 1, 'balls_remaining': 2, 'is_extra_ball': False}
2026-08-11 12:48:28,660 : INFO : EventManager : Event: ======'player_autoplunge_t_auto_plunge_tick'====== Args={'value': 10, 'prev_value': 0, 'change': 10, 'player_num': 1}
2026-08-11 12:48:28,661 : INFO : EventManager : Event: ======'mode_autoplunge_starting'====== Args={'player': 1, 'ball': 1, 'balls_remaining': 2, 'is_extra_ball': False}
2026-08-11 12:48:28,661 : INFO : EventManager : Event: ======'mode_brian_combo_will_start'====== Args={'player': 1, 'ball': 1, 'balls_remaining': 2, 'is_extra_ball': False}
2026-08-11 12:48:28,662 : INFO : EventManager : Event: ======'mode_brian_combo_starting'====== Args={'player': 1, 'ball': 1, 'balls_remaining': 2, 'is_extra_ball': False}
2026-08-11 12:48:28,662 : INFO : EventManager : Event: ======'varitarget_reset_request'====== Args={'priority': 0}
2026-08-11 12:48:28,665 : INFO : EventManager : Event: ======'player_launch_ball_save_used'====== Args={'value': 0, 'prev_value': 0, 'change': 0, 'player_num': 1, 'source': 'base'}
2026-08-11 12:48:28,666 : INFO : EventManager : Event: ======'varitarget_reset_begin'====== Args={'priority': 0}
2026-08-11 12:48:28,667 : INFO : EventManager : Event: ======'varitarget_reset_attempts_clear'====== Args={'priority': 0}
2026-08-11 12:48:28,667 : INFO : EventManager : Event: ======'varitarget_reset_step'====== Args={'priority': 0}
2026-08-11 12:48:28,667 : INFO : EventManager : Event: ======'varitarget_reset_start'====== Args={'priority': 0}
2026-08-11 12:48:28,667 : INFO : coil.c_16_varitarget_reset : Pulsing Driver for 5ms (1.0 pulse_power)
2026-08-11 12:48:28,667 : INFO : EventManager : Event: ======'player_varitarget_reset_attempts'====== Args={'value': 1, 'prev_value': 0, 'change': 1, 'player_num': 1, 'source': 'base'}
2026-08-11 12:48:28,667 : INFO : Timer.varitarget_reset_timer : Starting Timer.
2026-08-11 12:48:28,667 : INFO : EventManager : Event: ======'timer_varitarget_reset_timer_started'====== Args={'ticks': 0, 'ticks_remaining': 999999}
2026-08-11 12:48:28,667 : INFO : EventManager : Event: ======'timer_varitarget_reset_timer_tick'====== Args={'ticks': 0, 'ticks_remaining': 999999}
2026-08-11 12:48:28,667 : INFO : EventManager : Event: ======'varitarget_reset_step'====== Args={'priority': 0}
2026-08-11 12:48:28,668 : INFO : coil.c_16_varitarget_reset : Pulsing Driver for 5ms (1.0 pulse_power)
2026-08-11 12:48:28,668 : INFO : EventManager : Event: ======'player_varitarget_reset_attempts'====== Args={'value': 2, 'prev_value': 1, 'change': 1, 'player_num': 1, 'source': 'base'}
2026-08-11 12:48:28,668 : INFO : Mode.brian_combo : Started. Priority: 120
2026-08-11 12:48:28,668 : INFO : EventManager : Event: ======'modes_active_modes_changed'====== Args={}
2026-08-11 12:48:28,668 : INFO : EventManager : Event: ======'mode_brian_combo_started'====== Args={'player': 1, 'ball': 1, 'balls_remaining': 2, 'is_extra_ball': False}
2026-08-11 12:48:28,668 : INFO : EventManager : Event: ======'player_brian_combo_step'====== Args={'value': 0, 'prev_value': 0, 'change': 0, 'player_num': 1, 'source': 'brian_combo'}
2026-08-11 12:48:28,668 : INFO : Mode.autoplunge : Started. Priority: 200
2026-08-11 12:48:28,668 : INFO : EventManager : Event: ======'modes_active_modes_changed'====== Args={}
2026-08-11 12:48:28,668 : INFO : EventManager : Event: ======'mode_autoplunge_started'====== Args={'player': 1, 'ball': 1, 'balls_remaining': 2, 'is_extra_ball': False}
2026-08-11 12:48:28,669 : INFO : Mode.stars_mode : Started. Priority: 220
2026-08-11 12:48:28,669 : INFO : EventManager : Event: ======'modes_active_modes_changed'====== Args={}
2026-08-11 12:48:28,669 : INFO : EventManager : Event: ======'mode_stars_mode_started'====== Args={'player': 1, 'ball': 1, 'balls_remaining': 2, 'is_extra_ball': False}
2026-08-11 12:48:28,669 : INFO : EventManager : Event: ======'player_stars_t40'====== Args={'value': 0, 'prev_value': 0, 'change': 0, 'player_num': 1, 'source': 'stars_mode'}
2026-08-11 12:48:28,669 : INFO : EventManager : Event: ======'player_stars_t41'====== Args={'value': 0, 'prev_value': 0, 'change': 0, 'player_num': 1, 'source': 'stars_mode'}
2026-08-11 12:48:28,669 : INFO : EventManager : Event: ======'player_stars_t42'====== Args={'value': 0, 'prev_value': 0, 'change': 0, 'player_num': 1, 'source': 'stars_mode'}
2026-08-11 12:48:28,669 : INFO : EventManager : Event: ======'player_stars_t43'====== Args={'value': 0, 'prev_value': 0, 'change': 0, 'player_num': 1, 'source': 'stars_mode'}
2026-08-11 12:48:28,669 : INFO : EventManager : Event: ======'player_stars_t63'====== Args={'value': 0, 'prev_value': 0, 'change': 0, 'player_num': 1, 'source': 'stars_mode'}
2026-08-11 12:48:28,669 : INFO : EventManager : Event: ======'player_stars_s80_on'====== Args={'value': 0, 'prev_value': 0, 'change': 0, 'player_num': 1, 'source': 'stars_mode'}
2026-08-11 12:48:28,669 : INFO : EventManager : Event: ======'player_stars_s80_qualified'====== Args={'value': 0, 'prev_value': 0, 'change': 0, 'player_num': 1, 'source': 'stars_mode'}
2026-08-11 12:48:28,670 : INFO : EventManager : Event: ======'player_stars_targets_lit_count'====== Args={'value': 0, 'prev_value': 0, 'change': 0, 'player_num': 1, 'source': 'stars_mode'}
2026-08-11 12:48:28,671 : INFO : EventManager : Event: ======'player_stars_10x_active'====== Args={'value': 0, 'prev_value': 0, 'change': 0, 'player_num': 1, 'source': 'stars_mode'}
2026-08-11 12:48:28,671 : INFO : Mode.resistance : Started. Priority: 500
2026-08-11 12:48:28,671 : INFO : EventManager : Event: ======'modes_active_modes_changed'====== Args={}
2026-08-11 12:48:28,671 : INFO : EventManager : Event: ======'mode_resistance_started'====== Args={'player': 1, 'ball': 1, 'balls_remaining': 2, 'is_extra_ball': False}
2026-08-11 12:48:28,671 : INFO : EventManager : Event: ======'resistance_waiting_for_qualification'====== Args={'priority': 0}
2026-08-11 12:48:28,671 : INFO : EventManager : Event: ======'logicblock_super_pops_phase1_counter_updated'====== Args={'value': 0, 'enabled': False}
2026-08-11 12:48:28,671 : INFO : EventManager : Event: ======'logicblock_super_pops_phase2_counter_updated'====== Args={'value': 0, 'enabled': False}
2026-08-11 12:48:28,671 : INFO : EventManager : Event: ======'logicblock_super_pops_phase3_counter_updated'====== Args={'value': 0, 'enabled': False}
2026-08-11 12:48:28,672 : INFO : EventManager : Event: ======'logicblock_super_pops_mega_counter_updated'====== Args={'value': 0, 'enabled': False}
2026-08-11 12:48:28,672 : INFO : Mode.super_pops : Started. Priority: 210
2026-08-11 12:48:28,672 : INFO : EventManager : Event: ======'modes_active_modes_changed'====== Args={}
2026-08-11 12:48:28,672 : INFO : EventManager : Event: ======'mode_super_pops_started'====== Args={'queue': <QueuedEvent>, 'player': 1, 'ball': 1, 'balls_remaining': 2, 'is_extra_ball': False}
2026-08-11 12:48:28,672 : INFO : EventManager : Event: ======'logicblock_super_pops_phase1_counter_updated'====== Args={'value': 0, 'enabled': True}
2026-08-11 12:48:28,672 : INFO : EventManager : Event: ======'logicblock_super_pops_phase1_counter_updated'====== Args={'value': 0, 'enabled': True}
2026-08-11 12:48:28,672 : INFO : EventManager : Event: ======'player_score'====== Args={'value': 1000000, 'prev_value': 0, 'change': 1000000, 'player_num': 1, 'source': 'super_pops'}
2026-08-11 12:48:28,673 : INFO : EventManager : Event: ======'player_super_pops_multiplier'====== Args={'value': 1, 'prev_value': 0, 'change': 1, 'player_num': 1, 'source': 'super_pops'}
2026-08-11 12:48:28,674 : INFO : EventManager : Event: ======'single_player_ball_started'====== Args={}
2026-08-11 12:48:28,675 : INFO : EventManager : Event: ======'ball_start_target'====== Args={'target': 'playfield'}
2026-08-11 12:48:28,676 : INFO : ball_device.bd_plunger : Setting up player-controlled eject. Balls: 1, Target: <playfield.playfield>, player_controlled_eject_event: None
2026-08-11 12:48:28,676 : INFO : EventManager : Event: ======'balldevice_balls_available'====== Args={}
2026-08-11 12:48:28,679 : INFO : ball_device.bd_trough : State: waiting_for_target_ready
2026-08-11 12:48:28,679 : INFO : EventManager : Event: ======'balldevice_bd_trough_ball_eject_attempt'====== Args={'balls': 1, 'target': <ball_device.bd_plunger>, 'source': <ball_device.bd_trough>, 'mechanical_eject': True, 'num_attempts': 0}
2026-08-11 12:48:28,679 : INFO : ball_device.bd_plunger : State: waiting_for_ball
2026-08-11 12:48:28,680 : INFO : ball_device.bd_trough : State: ejecting
2026-08-11 12:48:28,680 : INFO : ball_device.bd_trough : Ejecting ball to <ball_device.bd_plunger>
2026-08-11 12:48:28,680 : INFO : EventManager : Event: ======'balldevice_bd_trough_ejecting_ball'====== Args={'balls': 1, 'target': <ball_device.bd_plunger>, 'source': <ball_device.bd_trough>, 'mechanical_eject': True, 'num_attempts': 0}
2026-08-11 12:48:28,681 : INFO : ball_device.bd_trough : Wait for ball to leave device
2026-08-11 12:48:28,682 : INFO : coil.c_02_trough_eject : Pulsing Driver for 16ms (1.0 pulse_power)
2026-08-11 12:48:28,709 : INFO : SwitchController : <<<<<<< 's_24_trough_1' inactive >>>>>>>
2026-08-11 12:48:28,709 : INFO : SwitchController : <<<<<<< 's_30_trough_jam' active >>>>>>>
2026-08-11 12:48:28,709 : INFO : EventManager : Event: ======'machine_var_audits_switches_s_30_trough_jam'====== Args={'value': 2220, 'prev_value': 2219, 'change': 1}
2026-08-11 12:48:28,710 : INFO : ball_device.bd_trough : State: ball_left
2026-08-11 12:48:28,710 : INFO : ball_device.bd_trough : Ball left
2026-08-11 12:48:28,710 : INFO : ball_device.bd_trough : Wait for confirm with timeout 10.0
2026-08-11 12:48:28,740 : INFO : SwitchController : <<<<<<< 's_30_trough_jam' inactive >>>>>>>
2026-08-11 12:48:28,852 : INFO : EventManager : Event: ======'player_base_varitarget_reset_timer_tick'====== Args={'value': 1, 'prev_value': 0, 'change': 1, 'player_num': 1}
2026-08-11 12:48:28,852 : INFO : EventManager : Event: ======'timer_varitarget_reset_timer_tick'====== Args={'ticks': 1, 'ticks_remaining': 999998}
2026-08-11 12:48:28,852 : INFO : EventManager : Event: ======'varitarget_reset_step'====== Args={'priority': 0}
2026-08-11 12:48:28,853 : INFO : coil.c_16_varitarget_reset : Pulsing Driver for 5ms (1.0 pulse_power)
2026-08-11 12:48:28,853 : INFO : EventManager : Event: ======'player_varitarget_reset_attempts'====== Args={'value': 3, 'prev_value': 2, 'change': 1, 'player_num': 1, 'source': 'base'}
2026-08-11 12:48:29,011 : INFO : SwitchController : <<<<<<< 's_25_trough_2' inactive >>>>>>>
2026-08-11 12:48:29,011 : INFO : SwitchController : <<<<<<< 's_26_trough_3' inactive >>>>>>>
2026-08-11 12:48:29,025 : INFO : EventManager : Event: ======'slide_base_slide_created'====== Args={'_from_bcp': True}
2026-08-11 12:48:29,025 : INFO : EventManager : Event: ======'slide_attract_inactive'====== Args={'is_removing': True, '_from_bcp': True}
2026-08-11 12:48:29,025 : INFO : EventManager : Event: ======'slide_base_slide_active'====== Args={'original_context': 'base', 'original_calling_context': 'mode_base_started', 'priority': 100.0, 'queue': '<QueuedEvent>', 'player': 1.0, 'ball': 1.0, 'balls_remaining': 2.0, 'is_extra_ball': False, 'cmd': 'slides_play', '_from_bcp': True}
2026-08-11 12:48:29,026 : INFO : SwitchController : <<<<<<< 's_24_trough_1' active >>>>>>>
2026-08-11 12:48:29,026 : INFO : EventManager : Event: ======'machine_var_audits_switches_s_24_trough_1'====== Args={'value': 2220, 'prev_value': 2219, 'change': 1}
2026-08-11 12:48:29,043 : INFO : SwitchController : <<<<<<< 's_25_trough_2' active >>>>>>>
2026-08-11 12:48:29,043 : INFO : EventManager : Event: ======'machine_var_audits_switches_s_25_trough_2'====== Args={'value': 2183, 'prev_value': 2182, 'change': 1}
2026-08-11 12:48:29,044 : INFO : EventManager : Event: ======'slide_attract_removed'====== Args={'_from_bcp': True}
2026-08-11 12:48:29,059 : INFO : EventManager : Event: ======'player_base_varitarget_reset_timer_tick'====== Args={'value': 2, 'prev_value': 1, 'change': 1, 'player_num': 1}
2026-08-11 12:48:29,059 : INFO : EventManager : Event: ======'timer_varitarget_reset_timer_tick'====== Args={'ticks': 2, 'ticks_remaining': 999997}
2026-08-11 12:48:29,060 : INFO : EventManager : Event: ======'varitarget_reset_step'====== Args={'priority': 0}
2026-08-11 12:48:29,060 : INFO : coil.c_16_varitarget_reset : Pulsing Driver for 5ms (1.0 pulse_power)
2026-08-11 12:48:29,060 : INFO : EventManager : Event: ======'player_varitarget_reset_attempts'====== Args={'value': 4, 'prev_value': 3, 'change': 1, 'player_num': 1, 'source': 'base'}
2026-08-11 12:48:29,265 : INFO : EventManager : Event: ======'player_base_varitarget_reset_timer_tick'====== Args={'value': 3, 'prev_value': 2, 'change': 1, 'player_num': 1}
2026-08-11 12:48:29,265 : INFO : EventManager : Event: ======'timer_varitarget_reset_timer_tick'====== Args={'ticks': 3, 'ticks_remaining': 999996}
2026-08-11 12:48:29,265 : INFO : EventManager : Event: ======'varitarget_reset_step'====== Args={'priority': 0}
2026-08-11 12:48:29,266 : INFO : coil.c_16_varitarget_reset : Pulsing Driver for 5ms (1.0 pulse_power)
2026-08-11 12:48:29,266 : INFO : EventManager : Event: ======'player_varitarget_reset_attempts'====== Args={'value': 5, 'prev_value': 4, 'change': 1, 'player_num': 1, 'source': 'base'}
2026-08-11 12:48:29,471 : INFO : EventManager : Event: ======'player_base_varitarget_reset_timer_tick'====== Args={'value': 4, 'prev_value': 3, 'change': 1, 'player_num': 1}
2026-08-11 12:48:29,471 : INFO : EventManager : Event: ======'timer_varitarget_reset_timer_tick'====== Args={'ticks': 4, 'ticks_remaining': 999995}
2026-08-11 12:48:29,472 : INFO : EventManager : Event: ======'varitarget_reset_step'====== Args={'priority': 0}
2026-08-11 12:48:29,472 : INFO : coil.c_16_varitarget_reset : Pulsing Driver for 5ms (1.0 pulse_power)
2026-08-11 12:48:29,473 : INFO : EventManager : Event: ======'player_varitarget_reset_attempts'====== Args={'value': 6, 'prev_value': 5, 'change': 1, 'player_num': 1, 'source': 'base'}
2026-08-11 12:48:29,645 : INFO : EventManager : Event: ======'player_base_varitarget_reset_timer_tick'====== Args={'value': 5, 'prev_value': 4, 'change': 1, 'player_num': 1}
2026-08-11 12:48:29,645 : INFO : EventManager : Event: ======'timer_varitarget_reset_timer_tick'====== Args={'ticks': 5, 'ticks_remaining': 999994}
2026-08-11 12:48:29,647 : INFO : EventManager : Event: ======'varitarget_reset_step'====== Args={'priority': 0}
2026-08-11 12:48:29,647 : INFO : coil.c_16_varitarget_reset : Pulsing Driver for 5ms (1.0 pulse_power)
2026-08-11 12:48:29,647 : INFO : EventManager : Event: ======'player_varitarget_reset_attempts'====== Args={'value': 7, 'prev_value': 6, 'change': 1, 'player_num': 1, 'source': 'base'}
2026-08-11 12:48:29,852 : INFO : EventManager : Event: ======'player_base_varitarget_reset_timer_tick'====== Args={'value': 6, 'prev_value': 5, 'change': 1, 'player_num': 1}
2026-08-11 12:48:29,852 : INFO : EventManager : Event: ======'timer_varitarget_reset_timer_tick'====== Args={'ticks': 6, 'ticks_remaining': 999993}
2026-08-11 12:48:29,852 : INFO : EventManager : Event: ======'varitarget_reset_step'====== Args={'priority': 0}
2026-08-11 12:48:29,852 : INFO : coil.c_16_varitarget_reset : Pulsing Driver for 5ms (1.0 pulse_power)
2026-08-11 12:48:29,853 : INFO : EventManager : Event: ======'player_varitarget_reset_attempts'====== Args={'value': 8, 'prev_value': 7, 'change': 1, 'player_num': 1, 'source': 'base'}
2026-08-11 12:48:30,059 : INFO : EventManager : Event: ======'player_base_varitarget_reset_timer_tick'====== Args={'value': 7, 'prev_value': 6, 'change': 1, 'player_num': 1}
2026-08-11 12:48:30,059 : INFO : EventManager : Event: ======'timer_varitarget_reset_timer_tick'====== Args={'ticks': 7, 'ticks_remaining': 999992}
2026-08-11 12:48:30,060 : INFO : EventManager : Event: ======'varitarget_reset_step'====== Args={'priority': 0}
2026-08-11 12:48:30,060 : INFO : coil.c_16_varitarget_reset : Pulsing Driver for 5ms (1.0 pulse_power)
2026-08-11 12:48:30,060 : INFO : EventManager : Event: ======'player_varitarget_reset_attempts'====== Args={'value': 9, 'prev_value': 8, 'change': 1, 'player_num': 1, 'source': 'base'}
2026-08-11 12:48:30,266 : INFO : EventManager : Event: ======'player_base_varitarget_reset_timer_tick'====== Args={'value': 8, 'prev_value': 7, 'change': 1, 'player_num': 1}
2026-08-11 12:48:30,266 : INFO : EventManager : Event: ======'timer_varitarget_reset_timer_tick'====== Args={'ticks': 8, 'ticks_remaining': 999991}
2026-08-11 12:48:30,266 : INFO : EventManager : Event: ======'varitarget_reset_step'====== Args={'priority': 0}
2026-08-11 12:48:30,267 : INFO : coil.c_16_varitarget_reset : Pulsing Driver for 5ms (1.0 pulse_power)
2026-08-11 12:48:30,267 : INFO : EventManager : Event: ======'player_varitarget_reset_attempts'====== Args={'value': 10, 'prev_value': 9, 'change': 1, 'player_num': 1, 'source': 'base'}
2026-08-11 12:48:30,471 : INFO : EventManager : Event: ======'player_base_varitarget_reset_timer_tick'====== Args={'value': 9, 'prev_value': 8, 'change': 1, 'player_num': 1}
2026-08-11 12:48:30,471 : INFO : EventManager : Event: ======'timer_varitarget_reset_timer_tick'====== Args={'ticks': 9, 'ticks_remaining': 999990}
2026-08-11 12:48:30,472 : INFO : EventManager : Event: ======'varitarget_reset_step'====== Args={'priority': 0}
2026-08-11 12:48:30,472 : INFO : coil.c_16_varitarget_reset : Pulsing Driver for 5ms (1.0 pulse_power)
2026-08-11 12:48:30,472 : INFO : EventManager : Event: ======'player_varitarget_reset_attempts'====== Args={'value': 11, 'prev_value': 10, 'change': 1, 'player_num': 1, 'source': 'base'}
2026-08-11 12:48:30,503 : INFO : SwitchController : <<<<<<< 's_64_varitarget_position_1' active >>>>>>>
2026-08-11 12:48:30,503 : INFO : EventManager : Event: ======'playfield_active'====== Args={'source': 'varitarget_p1'}
2026-08-11 12:48:30,503 : INFO : EventManager : Event: ======'unexpected_ball_on_playfield'====== Args={}
2026-08-11 12:48:30,503 : INFO : EventManager : Event: ======'s_64_varitarget_position_1_active'====== Args={}
2026-08-11 12:48:30,504 : INFO : EventManager : Event: ======'sw_vari'====== Args={}
2026-08-11 12:48:30,504 : INFO : EventManager : Event: ======'machine_var_audits_switches_s_64_varitarget_position_1'====== Args={'value': 11055, 'prev_value': 11054, 'change': 1}
2026-08-11 12:48:30,504 : INFO : SwitchController : <<<<<<< 's_64_varitarget_position_1' inactive >>>>>>>
2026-08-11 12:48:30,504 : INFO : EventManager : Event: ======'glasses_pending_position_1'====== Args={'priority': 0}
2026-08-11 12:48:30,505 : INFO : EventManager : Event: ======'player_shot_varitarget_p1'====== Args={'value': 1, 'prev_value': 0, 'change': 1, 'player_num': 1}
2026-08-11 12:48:30,505 : INFO : EventManager : Event: ======'machine_var_audits_shots_varitarget_p1'====== Args={'value': 11047, 'prev_value': 11046, 'change': 1}
2026-08-11 12:48:30,505 : INFO : EventManager : Event: ======'varitarget_p1_hit'====== Args={'profile': 'default', 'state': 'unlit', 'advancing': True}
2026-08-11 12:48:30,505 : INFO : EventManager : Event: ======'varitarget_p1_default_hit'====== Args={'profile': 'default', 'state': 'unlit', 'advancing': True}
2026-08-11 12:48:30,505 : INFO : EventManager : Event: ======'varitarget_p1_default_unlit_hit'====== Args={'profile': 'default', 'state': 'unlit', 'advancing': True}
2026-08-11 12:48:30,505 : INFO : EventManager : Event: ======'varitarget_p1_unlit_hit'====== Args={'profile': 'default', 'state': 'unlit', 'advancing': True}
2026-08-11 12:48:30,505 : INFO : EventManager : Event: ======'varitarget_position_changed'====== Args={'priority': 0}
2026-08-11 12:48:30,506 : INFO : EventManager : Event: ======'varitarget_reset_stop'====== Args={'priority': 0}
2026-08-11 12:48:30,506 : INFO : EventManager : Event: ======'varitarget_reset_complete'====== Args={'priority': 0}
2026-08-11 12:48:30,506 : INFO : EventManager : Event: ======'glasses_position_confirm_restart'====== Args={'priority': 0}
2026-08-11 12:48:30,506 : INFO : Timer.glasses_position_confirm : Starting Timer.
2026-08-11 12:48:30,506 : INFO : EventManager : Event: ======'timer_glasses_position_confirm_started'====== Args={'ticks': 0, 'ticks_remaining': 1}
2026-08-11 12:48:30,506 : INFO : EventManager : Event: ======'timer_glasses_position_confirm_tick'====== Args={'ticks': 0, 'ticks_remaining': 1}
2026-08-11 12:48:30,506 : INFO : EventManager : Event: ======'varitarget_positions_hit'====== Args={'shot': 'varitarget_p1'}
2026-08-11 12:48:30,506 : INFO : EventManager : Event: ======'varitarget_positions_unlit_hit'====== Args={'shot': 'varitarget_p1'}
2026-08-11 12:48:30,506 : INFO : EventManager : Event: ======'varitarget_update_stable'====== Args={'priority': 0}
2026-08-11 12:48:30,506 : INFO : Timer.varitarget_reset_timer : Stopping Timer
2026-08-11 12:48:30,506 : INFO : EventManager : Event: ======'timer_varitarget_reset_timer_stopped'====== Args={'ticks': 9, 'ticks_remaining': 999990}
2026-08-11 12:48:30,506 : INFO : EventManager : Event: ======'player_score'====== Args={'value': 1000042, 'prev_value': 1000000, 'change': 42, 'player_num': 1, 'source': 'base'}
2026-08-11 12:48:31,488 : INFO : EventManager : Event: ======'player_glasses_mode_glasses_position_confirm_tick'====== Args={'value': 1, 'prev_value': 0, 'change': 1, 'player_num': 1}
2026-08-11 12:48:31,488 : INFO : Timer.glasses_position_confirm : Timer Complete
2026-08-11 12:48:31,488 : INFO : Timer.glasses_position_confirm : Stopping Timer
2026-08-11 12:48:31,488 : INFO : EventManager : Event: ======'timer_glasses_position_confirm_stopped'====== Args={'ticks': 1, 'ticks_remaining': 1}
2026-08-11 12:48:31,489 : INFO : EventManager : Event: ======'timer_glasses_position_confirm_complete'====== Args={'ticks': 1, 'ticks_remaining': 1}
2026-08-11 12:48:31,489 : INFO : EventManager : Event: ======'varitarget_position_1_confirmed'====== Args={'priority': 0}
2026-08-11 12:48:31,489 : INFO : EventManager : Event: ======'glasses_enter_state_1'====== Args={'priority': 0}
2026-08-11 12:48:31,489 : INFO : EventManager : Event: ======'glasses_stop_all_shows'====== Args={'priority': 0}
2026-08-11 12:48:31,489 : INFO : EventManager : Event: ======'glasses_state_timer_stop'====== Args={'priority': 0}
2026-08-11 12:48:31,489 : INFO : EventManager : Event: ======'glasses_home_pulse_timer_stop'====== Args={'priority': 0}
2026-08-11 12:48:31,489 : INFO : EventManager : Event: ======'glasses_homing_cancel'====== Args={'priority': 0}
2026-08-11 12:48:31,489 : INFO : Timer.glasses_state_timer : Stopping Timer
2026-08-11 12:48:31,490 : INFO : EventManager : Event: ======'timer_glasses_state_timer_stopped'====== Args={'ticks': 0, 'ticks_remaining': 0}
2026-08-11 12:48:31,490 : INFO : Timer.glasses_home_pulse_timer : Stopping Timer
2026-08-11 12:48:31,490 : INFO : EventManager : Event: ======'timer_glasses_home_pulse_timer_stopped'====== Args={'ticks': 0, 'ticks_remaining': 0}
2026-08-11 12:48:35,250 : INFO : SwitchController : <<<<<<< 's_41_stand_up_target_6' active >>>>>>>
2026-08-11 12:48:35,250 : INFO : EventManager : Event: ======'playfield_active'====== Args={'source': 'resistance_qualify_target_6'}
2026-08-11 12:48:35,250 : INFO : EventManager : Event: ======'unexpected_ball_on_playfield'====== Args={}
2026-08-11 12:48:35,250 : INFO : EventManager : Event: ======'s_41_stand_up_target_6_active'====== Args={}
2026-08-11 12:48:35,250 : INFO : EventManager : Event: ======'sw_playfield_active'====== Args={}
2026-08-11 12:48:35,250 : INFO : EventManager : Event: ======'sw_standups'====== Args={}
2026-08-11 12:48:35,250 : INFO : EventManager : Event: ======'machine_var_audits_switches_s_41_stand_up_target_6'====== Args={'value': 2321, 'prev_value': 2320, 'change': 1}
2026-08-11 12:48:35,251 : INFO : EventManager : Event: ======'stars_t41_on'====== Args={'priority': 0}
2026-08-11 12:48:35,251 : INFO : EventManager : Event: ======'brian_combo_step1'====== Args={'priority': 0}
2026-08-11 12:48:35,252 : INFO : EventManager : Event: ======'awareness_add_4'====== Args={'priority': 0}
2026-08-11 12:48:35,252 : INFO : EventManager : Event: ======'stars_count_updated'====== Args={'priority': 0}
2026-08-11 12:48:35,252 : INFO : EventManager : Event: ======'stars_monitor_t41_on'====== Args={'priority': 0}
2026-08-11 12:48:35,252 : INFO : EventManager : Event: ======'player_stars_t41'====== Args={'value': 1, 'prev_value': 0, 'change': 1, 'player_num': 1, 'source': 'stars_mode'}
2026-08-11 12:48:35,252 : INFO : EventManager : Event: ======'player_stars_targets_lit_count'====== Args={'value': 1, 'prev_value': 0, 'change': 1, 'player_num': 1, 'source': 'stars_mode'}
2026-08-11 12:48:35,252 : INFO : EventManager : Event: ======'player_brian_combo_step'====== Args={'value': 1, 'prev_value': 0, 'change': 1, 'player_num': 1, 'source': 'brian_combo'}
2026-08-11 12:48:35,252 : INFO : EventManager : Event: ======'player_awareness'====== Args={'value': 4, 'prev_value': 0, 'change': 4, 'player_num': 1, 'source': 'awareness'}
2026-08-11 12:48:35,253 : INFO : EventManager : Event: ======'player_awareness_percent'====== Args={'value': 4, 'prev_value': 0, 'change': 4, 'player_num': 1, 'source': 'awareness'}
2026-08-11 12:48:35,253 : INFO : EventManager : Event: ======'playfield_active'====== Args={'source': None}
2026-08-11 12:48:35,253 : INFO : EventManager : Event: ======'unexpected_ball_on_playfield'====== Args={}
2026-08-11 12:48:35,253 : INFO : EventManager : Event: ======'player_score'====== Args={'value': 1000084, 'prev_value': 1000042, 'change': 42, 'player_num': 1, 'source': 'base'}
2026-08-11 12:48:35,426 : INFO : SwitchController : <<<<<<< 's_41_stand_up_target_6' inactive >>>>>>>
2026-08-11 12:48:35,442 : INFO : SwitchController : <<<<<<< 's_41_stand_up_target_6' active >>>>>>>
2026-08-11 12:48:35,442 : INFO : EventManager : Event: ======'playfield_active'====== Args={'source': 'resistance_qualify_target_6'}
2026-08-11 12:48:35,442 : INFO : EventManager : Event: ======'unexpected_ball_on_playfield'====== Args={}
2026-08-11 12:48:35,442 : INFO : EventManager : Event: ======'s_41_stand_up_target_6_active'====== Args={}
2026-08-11 12:48:35,442 : INFO : EventManager : Event: ======'sw_playfield_active'====== Args={}
2026-08-11 12:48:35,442 : INFO : EventManager : Event: ======'sw_standups'====== Args={}
2026-08-11 12:48:35,442 : INFO : EventManager : Event: ======'machine_var_audits_switches_s_41_stand_up_target_6'====== Args={'value': 2322, 'prev_value': 2321, 'change': 1}
2026-08-11 12:48:35,443 : INFO : SwitchController : <<<<<<< 's_41_stand_up_target_6' inactive >>>>>>>
2026-08-11 12:48:35,443 : INFO : EventManager : Event: ======'stars_t41_off'====== Args={'priority': 0}
2026-08-11 12:48:35,443 : INFO : EventManager : Event: ======'brian_combo_step1'====== Args={'priority': 0}
2026-08-11 12:48:35,444 : INFO : EventManager : Event: ======'awareness_add_4'====== Args={'priority': 0}
2026-08-11 12:48:35,444 : INFO : EventManager : Event: ======'stars_count_updated'====== Args={'priority': 0}
2026-08-11 12:48:35,444 : INFO : EventManager : Event: ======'stars_monitor_t41_off'====== Args={'priority': 0}
2026-08-11 12:48:35,444 : INFO : EventManager : Event: ======'player_stars_t41'====== Args={'value': 0, 'prev_value': 1, 'change': -1, 'player_num': 1, 'source': 'stars_mode'}
2026-08-11 12:48:35,444 : INFO : EventManager : Event: ======'player_stars_targets_lit_count'====== Args={'value': 0, 'prev_value': 1, 'change': -1, 'player_num': 1, 'source': 'stars_mode'}
2026-08-11 12:48:35,444 : INFO : EventManager : Event: ======'player_awareness'====== Args={'value': 8, 'prev_value': 4, 'change': 4, 'player_num': 1, 'source': 'awareness'}
2026-08-11 12:48:35,444 : INFO : EventManager : Event: ======'player_awareness_percent'====== Args={'value': 8, 'prev_value': 4, 'change': 4, 'player_num': 1, 'source': 'awareness'}
2026-08-11 12:48:35,444 : INFO : EventManager : Event: ======'playfield_active'====== Args={'source': None}
2026-08-11 12:48:35,444 : INFO : EventManager : Event: ======'unexpected_ball_on_playfield'====== Args={}
2026-08-11 12:48:35,445 : INFO : EventManager : Event: ======'player_score'====== Args={'value': 1000126, 'prev_value': 1000084, 'change': 42, 'player_num': 1, 'source': 'base'}
2026-08-11 12:48:35,445 : INFO : SwitchController : <<<<<<< 's_41_stand_up_target_6' active >>>>>>>
2026-08-11 12:48:35,445 : INFO : EventManager : Event: ======'playfield_active'====== Args={'source': 'resistance_qualify_target_6'}
2026-08-11 12:48:35,445 : INFO : EventManager : Event: ======'unexpected_ball_on_playfield'====== Args={}
2026-08-11 12:48:35,445 : INFO : EventManager : Event: ======'s_41_stand_up_target_6_active'====== Args={}
2026-08-11 12:48:35,445 : INFO : EventManager : Event: ======'sw_playfield_active'====== Args={}
2026-08-11 12:48:35,445 : INFO : EventManager : Event: ======'sw_standups'====== Args={}
2026-08-11 12:48:35,445 : INFO : EventManager : Event: ======'machine_var_audits_switches_s_41_stand_up_target_6'====== Args={'value': 2323, 'prev_value': 2322, 'change': 1}
2026-08-11 12:48:35,445 : INFO : EventManager : Event: ======'stars_t41_on'====== Args={'priority': 0}
2026-08-11 12:48:35,446 : INFO : EventManager : Event: ======'brian_combo_step1'====== Args={'priority': 0}
2026-08-11 12:48:35,446 : INFO : EventManager : Event: ======'awareness_add_4'====== Args={'priority': 0}
2026-08-11 12:48:35,446 : INFO : EventManager : Event: ======'stars_count_updated'====== Args={'priority': 0}
2026-08-11 12:48:35,446 : INFO : EventManager : Event: ======'stars_monitor_t41_on'====== Args={'priority': 0}
2026-08-11 12:48:35,446 : INFO : EventManager : Event: ======'player_stars_t41'====== Args={'value': 1, 'prev_value': 0, 'change': 1, 'player_num': 1, 'source': 'stars_mode'}
2026-08-11 12:48:35,446 : INFO : EventManager : Event: ======'player_stars_targets_lit_count'====== Args={'value': 1, 'prev_value': 0, 'change': 1, 'player_num': 1, 'source': 'stars_mode'}
2026-08-11 12:48:35,446 : INFO : EventManager : Event: ======'player_awareness'====== Args={'value': 12, 'prev_value': 8, 'change': 4, 'player_num': 1, 'source': 'awareness'}
2026-08-11 12:48:35,446 : INFO : EventManager : Event: ======'player_awareness_percent'====== Args={'value': 12, 'prev_value': 8, 'change': 4, 'player_num': 1, 'source': 'awareness'}
2026-08-11 12:48:35,446 : INFO : EventManager : Event: ======'playfield_active'====== Args={'source': None}
2026-08-11 12:48:35,446 : INFO : EventManager : Event: ======'unexpected_ball_on_playfield'====== Args={}
2026-08-11 12:48:35,446 : INFO : EventManager : Event: ======'player_score'====== Args={'value': 1000168, 'prev_value': 1000126, 'change': 42, 'player_num': 1, 'source': 'base'}
2026-08-11 12:48:35,447 : INFO : SwitchController : <<<<<<< 's_41_stand_up_target_6' inactive >>>>>>>
2026-08-11 12:48:35,458 : INFO : SwitchController : <<<<<<< 's_41_stand_up_target_6' active >>>>>>>
2026-08-11 12:48:35,458 : INFO : EventManager : Event: ======'playfield_active'====== Args={'source': 'resistance_qualify_target_6'}
2026-08-11 12:48:35,458 : INFO : EventManager : Event: ======'unexpected_ball_on_playfield'====== Args={}
2026-08-11 12:48:35,459 : INFO : EventManager : Event: ======'s_41_stand_up_target_6_active'====== Args={}
2026-08-11 12:48:35,459 : INFO : EventManager : Event: ======'sw_playfield_active'====== Args={}
2026-08-11 12:48:35,459 : INFO : EventManager : Event: ======'sw_standups'====== Args={}
2026-08-11 12:48:35,459 : INFO : EventManager : Event: ======'machine_var_audits_switches_s_41_stand_up_target_6'====== Args={'value': 2324, 'prev_value': 2323, 'change': 1}
2026-08-11 12:48:35,459 : INFO : SwitchController : <<<<<<< 's_41_stand_up_target_6' inactive >>>>>>>
2026-08-11 12:48:35,459 : INFO : EventManager : Event: ======'stars_t41_off'====== Args={'priority': 0}
2026-08-11 12:48:35,460 : INFO : EventManager : Event: ======'brian_combo_step1'====== Args={'priority': 0}
2026-08-11 12:48:35,460 : INFO : EventManager : Event: ======'awareness_add_4'====== Args={'priority': 0}
2026-08-11 12:48:35,460 : INFO : EventManager : Event: ======'stars_count_updated'====== Args={'priority': 0}
2026-08-11 12:48:35,460 : INFO : EventManager : Event: ======'stars_monitor_t41_off'====== Args={'priority': 0}
2026-08-11 12:48:35,460 : INFO : EventManager : Event: ======'player_stars_t41'====== Args={'value': 0, 'prev_value': 1, 'change': -1, 'player_num': 1, 'source': 'stars_mode'}
2026-08-11 12:48:35,460 : INFO : EventManager : Event: ======'player_stars_targets_lit_count'====== Args={'value': 0, 'prev_value': 1, 'change': -1, 'player_num': 1, 'source': 'stars_mode'}
2026-08-11 12:48:35,460 : INFO : EventManager : Event: ======'player_awareness'====== Args={'value': 16, 'prev_value': 12, 'change': 4, 'player_num': 1, 'source': 'awareness'}
2026-08-11 12:48:35,460 : INFO : EventManager : Event: ======'player_awareness_percent'====== Args={'value': 16, 'prev_value': 12, 'change': 4, 'player_num': 1, 'source': 'awareness'}
2026-08-11 12:48:35,461 : INFO : EventManager : Event: ======'playfield_active'====== Args={'source': None}
2026-08-11 12:48:35,461 : INFO : EventManager : Event: ======'unexpected_ball_on_playfield'====== Args={}
2026-08-11 12:48:35,461 : INFO : EventManager : Event: ======'player_score'====== Args={'value': 1000210, 'prev_value': 1000168, 'change': 42, 'player_num': 1, 'source': 'base'}
2026-08-11 12:48:35,474 : INFO : SwitchController : <<<<<<< 's_41_stand_up_target_6' active >>>>>>>
2026-08-11 12:48:35,474 : INFO : EventManager : Event: ======'playfield_active'====== Args={'source': 'resistance_qualify_target_6'}
2026-08-11 12:48:35,474 : INFO : EventManager : Event: ======'unexpected_ball_on_playfield'====== Args={}
2026-08-11 12:48:35,474 : INFO : EventManager : Event: ======'s_41_stand_up_target_6_active'====== Args={}
2026-08-11 12:48:35,474 : INFO : EventManager : Event: ======'sw_playfield_active'====== Args={}
2026-08-11 12:48:35,474 : INFO : EventManager : Event: ======'sw_standups'====== Args={}
2026-08-11 12:48:35,474 : INFO : EventManager : Event: ======'machine_var_audits_switches_s_41_stand_up_target_6'====== Args={'value': 2325, 'prev_value': 2324, 'change': 1}
2026-08-11 12:48:35,475 : INFO : SwitchController : <<<<<<< 's_41_stand_up_target_6' inactive >>>>>>>
2026-08-11 12:48:35,475 : INFO : EventManager : Event: ======'stars_t41_on'====== Args={'priority': 0}
2026-08-11 12:48:35,475 : INFO : EventManager : Event: ======'brian_combo_step1'====== Args={'priority': 0}
2026-08-11 12:48:35,475 : INFO : EventManager : Event: ======'awareness_add_4'====== Args={'priority': 0}
2026-08-11 12:48:35,475 : INFO : EventManager : Event: ======'stars_count_updated'====== Args={'priority': 0}
2026-08-11 12:48:35,476 : INFO : EventManager : Event: ======'stars_monitor_t41_on'====== Args={'priority': 0}
2026-08-11 12:48:35,476 : INFO : EventManager : Event: ======'player_stars_t41'====== Args={'value': 1, 'prev_value': 0, 'change': 1, 'player_num': 1, 'source': 'stars_mode'}
2026-08-11 12:48:35,476 : INFO : EventManager : Event: ======'player_stars_targets_lit_count'====== Args={'value': 1, 'prev_value': 0, 'change': 1, 'player_num': 1, 'source': 'stars_mode'}
2026-08-11 12:48:35,476 : INFO : EventManager : Event: ======'player_awareness'====== Args={'value': 20, 'prev_value': 16, 'change': 4, 'player_num': 1, 'source': 'awareness'}
2026-08-11 12:48:35,476 : INFO : EventManager : Event: ======'player_awareness_percent'====== Args={'value': 20, 'prev_value': 16, 'change': 4, 'player_num': 1, 'source': 'awareness'}
2026-08-11 12:48:35,476 : INFO : EventManager : Event: ======'playfield_active'====== Args={'source': None}
2026-08-11 12:48:35,476 : INFO : EventManager : Event: ======'unexpected_ball_on_playfield'====== Args={}
2026-08-11 12:48:35,477 : INFO : EventManager : Event: ======'player_score'====== Args={'value': 1000252, 'prev_value': 1000210, 'change': 42, 'player_num': 1, 'source': 'base'}
2026-08-11 12:48:35,490 : INFO : SwitchController : <<<<<<< 's_41_stand_up_target_6' active >>>>>>>
2026-08-11 12:48:35,491 : INFO : EventManager : Event: ======'playfield_active'====== Args={'source': 'resistance_qualify_target_6'}
2026-08-11 12:48:35,491 : INFO : EventManager : Event: ======'unexpected_ball_on_playfield'====== Args={}
2026-08-11 12:48:35,491 : INFO : EventManager : Event: ======'s_41_stand_up_target_6_active'====== Args={}
2026-08-11 12:48:35,491 : INFO : EventManager : Event: ======'sw_playfield_active'====== Args={}
2026-08-11 12:48:35,491 : INFO : EventManager : Event: ======'sw_standups'====== Args={}
2026-08-11 12:48:35,491 : INFO : EventManager : Event: ======'machine_var_audits_switches_s_41_stand_up_target_6'====== Args={'value': 2326, 'prev_value': 2325, 'change': 1}
2026-08-11 12:48:35,492 : INFO : SwitchController : <<<<<<< 's_41_stand_up_target_6' inactive >>>>>>>
2026-08-11 12:48:35,492 : INFO : SwitchController : <<<<<<< 's_41_stand_up_target_6' active >>>>>>>
2026-08-11 12:48:35,492 : INFO : EventManager : Event: ======'playfield_active'====== Args={'source': 'resistance_qualify_target_6'}
2026-08-11 12:48:35,492 : INFO : EventManager : Event: ======'unexpected_ball_on_playfield'====== Args={}
2026-08-11 12:48:35,492 : INFO : EventManager : Event: ======'s_41_stand_up_target_6_active'====== Args={}
2026-08-11 12:48:35,492 : INFO : EventManager : Event: ======'sw_playfield_active'====== Args={}
2026-08-11 12:48:35,492 : INFO : EventManager : Event: ======'sw_standups'====== Args={}
2026-08-11 12:48:35,492 : INFO : EventManager : Event: ======'machine_var_audits_switches_s_41_stand_up_target_6'====== Args={'value': 2327, 'prev_value': 2326, 'change': 1}
2026-08-11 12:48:35,492 : INFO : EventManager : Event: ======'stars_t41_off'====== Args={'priority': 0}
2026-08-11 12:48:35,493 : INFO : EventManager : Event: ======'brian_combo_step1'====== Args={'priority': 0}
2026-08-11 12:48:35,493 : INFO : EventManager : Event: ======'awareness_add_4'====== Args={'priority': 0}
2026-08-11 12:48:35,493 : INFO : EventManager : Event: ======'stars_count_updated'====== Args={'priority': 0}
2026-08-11 12:48:35,493 : INFO : EventManager : Event: ======'stars_monitor_t41_off'====== Args={'priority': 0}
2026-08-11 12:48:35,493 : INFO : EventManager : Event: ======'player_stars_t41'====== Args={'value': 0, 'prev_value': 1, 'change': -1, 'player_num': 1, 'source': 'stars_mode'}
2026-08-11 12:48:35,493 : INFO : EventManager : Event: ======'player_stars_targets_lit_count'====== Args={'value': 0, 'prev_value': 1, 'change': -1, 'player_num': 1, 'source': 'stars_mode'}
2026-08-11 12:48:35,493 : INFO : EventManager : Event: ======'player_awareness'====== Args={'value': 24, 'prev_value': 20, 'change': 4, 'player_num': 1, 'source': 'awareness'}
2026-08-11 12:48:35,493 : INFO : EventManager : Event: ======'player_awareness_percent'====== Args={'value': 24, 'prev_value': 20, 'change': 4, 'player_num': 1, 'source': 'awareness'}
2026-08-11 12:48:35,494 : INFO : EventManager : Event: ======'playfield_active'====== Args={'source': None}
2026-08-11 12:48:35,494 : INFO : EventManager : Event: ======'unexpected_ball_on_playfield'====== Args={}
2026-08-11 12:48:35,494 : INFO : EventManager : Event: ======'player_score'====== Args={'value': 1000294, 'prev_value': 1000252, 'change': 42, 'player_num': 1, 'source': 'base'}
2026-08-11 12:48:35,494 : INFO : EventManager : Event: ======'stars_t41_on'====== Args={'priority': 0}
2026-08-11 12:48:35,494 : INFO : EventManager : Event: ======'brian_combo_step1'====== Args={'priority': 0}
2026-08-11 12:48:35,494 : INFO : EventManager : Event: ======'awareness_add_4'====== Args={'priority': 0}
2026-08-11 12:48:35,495 : INFO : EventManager : Event: ======'stars_count_updated'====== Args={'priority': 0}
2026-08-11 12:48:35,495 : INFO : EventManager : Event: ======'stars_monitor_t41_on'====== Args={'priority': 0}
2026-08-11 12:48:35,495 : INFO : EventManager : Event: ======'player_stars_t41'====== Args={'value': 1, 'prev_value': 0, 'change': 1, 'player_num': 1, 'source': 'stars_mode'}
2026-08-11 12:48:35,495 : INFO : EventManager : Event: ======'player_stars_targets_lit_count'====== Args={'value': 1, 'prev_value': 0, 'change': 1, 'player_num': 1, 'source': 'stars_mode'}
2026-08-11 12:48:35,495 : INFO : EventManager : Event: ======'player_awareness'====== Args={'value': 28, 'prev_value': 24, 'change': 4, 'player_num': 1, 'source': 'awareness'}
2026-08-11 12:48:35,495 : INFO : EventManager : Event: ======'awareness_progress_display_start'====== Args={'priority': 0}
2026-08-11 12:48:35,496 : INFO : EventManager : Event: ======'player_awareness_percent'====== Args={'value': 28, 'prev_value': 24, 'change': 4, 'player_num': 1, 'source': 'awareness'}
2026-08-11 12:48:35,496 : INFO : EventManager : Event: ======'playfield_active'====== Args={'source': None}
2026-08-11 12:48:35,496 : INFO : EventManager : Event: ======'unexpected_ball_on_playfield'====== Args={}
2026-08-11 12:48:35,496 : INFO : EventManager : Event: ======'player_score'====== Args={'value': 1000336, 'prev_value': 1000294, 'change': 42, 'player_num': 1, 'source': 'base'}
2026-08-11 12:48:35,497 : INFO : SwitchController : <<<<<<< 's_41_stand_up_target_6' inactive >>>>>>>
2026-08-11 12:48:35,516 : INFO : EventManager : Event: ======'widget_awareness_progress_widget_active'====== Args={'original_context': 'awareness', 'original_calling_context': 'awareness_progress_display_start', 'priority': 105.0, 'cmd': 'widgets_play', '_from_bcp': True}
2026-08-11 12:48:35,601 : INFO : SwitchController : <<<<<<< 's_41_stand_up_target_6' active >>>>>>>
2026-08-11 12:48:35,601 : INFO : EventManager : Event: ======'playfield_active'====== Args={'source': 'resistance_qualify_target_6'}
2026-08-11 12:48:35,601 : INFO : EventManager : Event: ======'unexpected_ball_on_playfield'====== Args={}
2026-08-11 12:48:35,601 : INFO : EventManager : Event: ======'s_41_stand_up_target_6_active'====== Args={}
2026-08-11 12:48:35,601 : INFO : EventManager : Event: ======'sw_playfield_active'====== Args={}
2026-08-11 12:48:35,601 : INFO : EventManager : Event: ======'sw_standups'====== Args={}
2026-08-11 12:48:35,601 : INFO : EventManager : Event: ======'machine_var_audits_switches_s_41_stand_up_target_6'====== Args={'value': 2328, 'prev_value': 2327, 'change': 1}
2026-08-11 12:48:35,602 : INFO : EventManager : Event: ======'stars_t41_off'====== Args={'priority': 0}
2026-08-11 12:48:35,602 : INFO : EventManager : Event: ======'brian_combo_step1'====== Args={'priority': 0}
2026-08-11 12:48:35,602 : INFO : EventManager : Event: ======'awareness_add_4'====== Args={'priority': 0}
2026-08-11 12:48:35,602 : INFO : EventManager : Event: ======'stars_count_updated'====== Args={'priority': 0}
2026-08-11 12:48:35,603 : INFO : EventManager : Event: ======'stars_monitor_t41_off'====== Args={'priority': 0}
2026-08-11 12:48:35,603 : INFO : EventManager : Event: ======'player_stars_t41'====== Args={'value': 0, 'prev_value': 1, 'change': -1, 'player_num': 1, 'source': 'stars_mode'}
2026-08-11 12:48:35,603 : INFO : EventManager : Event: ======'player_stars_targets_lit_count'====== Args={'value': 0, 'prev_value': 1, 'change': -1, 'player_num': 1, 'source': 'stars_mode'}
2026-08-11 12:48:35,603 : INFO : EventManager : Event: ======'player_awareness'====== Args={'value': 32, 'prev_value': 28, 'change': 4, 'player_num': 1, 'source': 'awareness'}
2026-08-11 12:48:35,603 : INFO : EventManager : Event: ======'player_awareness_percent'====== Args={'value': 32, 'prev_value': 28, 'change': 4, 'player_num': 1, 'source': 'awareness'}
2026-08-11 12:48:35,604 : INFO : EventManager : Event: ======'playfield_active'====== Args={'source': None}
2026-08-11 12:48:35,604 : INFO : EventManager : Event: ======'unexpected_ball_on_playfield'====== Args={}
2026-08-11 12:48:35,604 : INFO : EventManager : Event: ======'player_score'====== Args={'value': 1000378, 'prev_value': 1000336, 'change': 42, 'player_num': 1, 'source': 'base'}
2026-08-11 12:48:35,604 : INFO : SwitchController : <<<<<<< 's_41_stand_up_target_6' inactive >>>>>>>
2026-08-11 12:48:36,016 : INFO : SwitchController : <<<<<<< 's_41_stand_up_target_6' active >>>>>>>
2026-08-11 12:48:36,016 : INFO : EventManager : Event: ======'playfield_active'====== Args={'source': 'resistance_qualify_target_6'}
2026-08-11 12:48:36,016 : INFO : EventManager : Event: ======'unexpected_ball_on_playfield'====== Args={}
2026-08-11 12:48:36,016 : INFO : EventManager : Event: ======'s_41_stand_up_target_6_active'====== Args={}
2026-08-11 12:48:36,016 : INFO : EventManager : Event: ======'sw_playfield_active'====== Args={}
2026-08-11 12:48:36,016 : INFO : EventManager : Event: ======'sw_standups'====== Args={}
2026-08-11 12:48:36,016 : INFO : EventManager : Event: ======'machine_var_audits_switches_s_41_stand_up_target_6'====== Args={'value': 2329, 'prev_value': 2328, 'change': 1}
2026-08-11 12:48:36,017 : INFO : EventManager : Event: ======'stars_t41_on'====== Args={'priority': 0}
2026-08-11 12:48:36,017 : INFO : EventManager : Event: ======'brian_combo_step1'====== Args={'priority': 0}
2026-08-11 12:48:36,017 : INFO : EventManager : Event: ======'awareness_add_4'====== Args={'priority': 0}
2026-08-11 12:48:36,017 : INFO : EventManager : Event: ======'stars_count_updated'====== Args={'priority': 0}
2026-08-11 12:48:36,017 : INFO : EventManager : Event: ======'stars_monitor_t41_on'====== Args={'priority': 0}
2026-08-11 12:48:36,017 : INFO : EventManager : Event: ======'player_stars_t41'====== Args={'value': 1, 'prev_value': 0, 'change': 1, 'player_num': 1, 'source': 'stars_mode'}
2026-08-11 12:48:36,018 : INFO : EventManager : Event: ======'player_stars_targets_lit_count'====== Args={'value': 1, 'prev_value': 0, 'change': 1, 'player_num': 1, 'source': 'stars_mode'}
2026-08-11 12:48:36,018 : INFO : EventManager : Event: ======'player_awareness'====== Args={'value': 36, 'prev_value': 32, 'change': 4, 'player_num': 1, 'source': 'awareness'}
2026-08-11 12:48:36,018 : INFO : EventManager : Event: ======'player_awareness_percent'====== Args={'value': 36, 'prev_value': 32, 'change': 4, 'player_num': 1, 'source': 'awareness'}
2026-08-11 12:48:36,018 : INFO : EventManager : Event: ======'playfield_active'====== Args={'source': None}
2026-08-11 12:48:36,018 : INFO : EventManager : Event: ======'unexpected_ball_on_playfield'====== Args={}
2026-08-11 12:48:36,018 : INFO : EventManager : Event: ======'player_score'====== Args={'value': 1000420, 'prev_value': 1000378, 'change': 42, 'player_num': 1, 'source': 'base'}
2026-08-11 12:48:36,350 : INFO : SwitchController : <<<<<<< 's_41_stand_up_target_6' inactive >>>>>>>
2026-08-11 12:48:36,366 : INFO : SwitchController : <<<<<<< 's_41_stand_up_target_6' active >>>>>>>
2026-08-11 12:48:36,366 : INFO : EventManager : Event: ======'playfield_active'====== Args={'source': 'resistance_qualify_target_6'}
2026-08-11 12:48:36,366 : INFO : EventManager : Event: ======'unexpected_ball_on_playfield'====== Args={}
2026-08-11 12:48:36,366 : INFO : EventManager : Event: ======'s_41_stand_up_target_6_active'====== Args={}
2026-08-11 12:48:36,366 : INFO : EventManager : Event: ======'sw_playfield_active'====== Args={}
2026-08-11 12:48:36,366 : INFO : EventManager : Event: ======'sw_standups'====== Args={}
2026-08-11 12:48:36,366 : INFO : EventManager : Event: ======'machine_var_audits_switches_s_41_stand_up_target_6'====== Args={'value': 2330, 'prev_value': 2329, 'change': 1}
2026-08-11 12:48:36,367 : INFO : SwitchController : <<<<<<< 's_41_stand_up_target_6' inactive >>>>>>>
2026-08-11 12:48:36,367 : INFO : EventManager : Event: ======'stars_t41_off'====== Args={'priority': 0}
2026-08-11 12:48:36,367 : INFO : EventManager : Event: ======'brian_combo_step1'====== Args={'priority': 0}
2026-08-11 12:48:36,367 : INFO : EventManager : Event: ======'awareness_add_4'====== Args={'priority': 0}
2026-08-11 12:48:36,367 : INFO : EventManager : Event: ======'stars_count_updated'====== Args={'priority': 0}
2026-08-11 12:48:36,367 : INFO : EventManager : Event: ======'stars_monitor_t41_off'====== Args={'priority': 0}
2026-08-11 12:48:36,367 : INFO : EventManager : Event: ======'player_stars_t41'====== Args={'value': 0, 'prev_value': 1, 'change': -1, 'player_num': 1, 'source': 'stars_mode'}
2026-08-11 12:48:36,368 : INFO : EventManager : Event: ======'player_stars_targets_lit_count'====== Args={'value': 0, 'prev_value': 1, 'change': -1, 'player_num': 1, 'source': 'stars_mode'}
2026-08-11 12:48:36,368 : INFO : EventManager : Event: ======'player_awareness'====== Args={'value': 40, 'prev_value': 36, 'change': 4, 'player_num': 1, 'source': 'awareness'}
2026-08-11 12:48:36,368 : INFO : EventManager : Event: ======'player_awareness_percent'====== Args={'value': 40, 'prev_value': 36, 'change': 4, 'player_num': 1, 'source': 'awareness'}
2026-08-11 12:48:36,368 : INFO : EventManager : Event: ======'playfield_active'====== Args={'source': None}
2026-08-11 12:48:36,368 : INFO : EventManager : Event: ======'unexpected_ball_on_playfield'====== Args={}
2026-08-11 12:48:36,368 : INFO : EventManager : Event: ======'player_score'====== Args={'value': 1000462, 'prev_value': 1000420, 'change': 42, 'player_num': 1, 'source': 'base'}
2026-08-11 12:48:36,382 : INFO : SwitchController : <<<<<<< 's_41_stand_up_target_6' active >>>>>>>
2026-08-11 12:48:36,382 : INFO : EventManager : Event: ======'playfield_active'====== Args={'source': 'resistance_qualify_target_6'}
2026-08-11 12:48:36,382 : INFO : EventManager : Event: ======'unexpected_ball_on_playfield'====== Args={}
2026-08-11 12:48:36,382 : INFO : EventManager : Event: ======'s_41_stand_up_target_6_active'====== Args={}
2026-08-11 12:48:36,382 : INFO : EventManager : Event: ======'sw_playfield_active'====== Args={}
2026-08-11 12:48:36,382 : INFO : EventManager : Event: ======'sw_standups'====== Args={}
2026-08-11 12:48:36,382 : INFO : EventManager : Event: ======'machine_var_audits_switches_s_41_stand_up_target_6'====== Args={'value': 2331, 'prev_value': 2330, 'change': 1}
2026-08-11 12:48:36,383 : INFO : SwitchController : <<<<<<< 's_41_stand_up_target_6' inactive >>>>>>>
2026-08-11 12:48:36,383 : INFO : EventManager : Event: ======'stars_t41_on'====== Args={'priority': 0}
2026-08-11 12:48:36,383 : INFO : EventManager : Event: ======'brian_combo_step1'====== Args={'priority': 0}
2026-08-11 12:48:36,383 : INFO : EventManager : Event: ======'awareness_add_4'====== Args={'priority': 0}
2026-08-11 12:48:36,383 : INFO : EventManager : Event: ======'stars_count_updated'====== Args={'priority': 0}
2026-08-11 12:48:36,383 : INFO : EventManager : Event: ======'stars_monitor_t41_on'====== Args={'priority': 0}
2026-08-11 12:48:36,383 : INFO : EventManager : Event: ======'player_stars_t41'====== Args={'value': 1, 'prev_value': 0, 'change': 1, 'player_num': 1, 'source': 'stars_mode'}
2026-08-11 12:48:36,384 : INFO : EventManager : Event: ======'player_stars_targets_lit_count'====== Args={'value': 1, 'prev_value': 0, 'change': 1, 'player_num': 1, 'source': 'stars_mode'}
2026-08-11 12:48:36,384 : INFO : EventManager : Event: ======'player_awareness'====== Args={'value': 44, 'prev_value': 40, 'change': 4, 'player_num': 1, 'source': 'awareness'}
2026-08-11 12:48:36,384 : INFO : EventManager : Event: ======'player_awareness_percent'====== Args={'value': 44, 'prev_value': 40, 'change': 4, 'player_num': 1, 'source': 'awareness'}
2026-08-11 12:48:36,384 : INFO : EventManager : Event: ======'playfield_active'====== Args={'source': None}
2026-08-11 12:48:36,384 : INFO : EventManager : Event: ======'unexpected_ball_on_playfield'====== Args={}
2026-08-11 12:48:36,384 : INFO : EventManager : Event: ======'player_score'====== Args={'value': 1000504, 'prev_value': 1000462, 'change': 42, 'player_num': 1, 'source': 'base'}
2026-08-11 12:48:36,399 : INFO : SwitchController : <<<<<<< 's_41_stand_up_target_6' active >>>>>>>
2026-08-11 12:48:36,400 : INFO : EventManager : Event: ======'playfield_active'====== Args={'source': 'resistance_qualify_target_6'}
2026-08-11 12:48:36,400 : INFO : EventManager : Event: ======'unexpected_ball_on_playfield'====== Args={}
2026-08-11 12:48:36,400 : INFO : EventManager : Event: ======'s_41_stand_up_target_6_active'====== Args={}
2026-08-11 12:48:36,400 : INFO : EventManager : Event: ======'sw_playfield_active'====== Args={}
2026-08-11 12:48:36,400 : INFO : EventManager : Event: ======'sw_standups'====== Args={}
2026-08-11 12:48:36,400 : INFO : EventManager : Event: ======'machine_var_audits_switches_s_41_stand_up_target_6'====== Args={'value': 2332, 'prev_value': 2331, 'change': 1}
2026-08-11 12:48:36,400 : INFO : SwitchController : <<<<<<< 's_41_stand_up_target_6' inactive >>>>>>>
2026-08-11 12:48:36,401 : INFO : EventManager : Event: ======'stars_t41_off'====== Args={'priority': 0}
2026-08-11 12:48:36,401 : INFO : EventManager : Event: ======'brian_combo_step1'====== Args={'priority': 0}
2026-08-11 12:48:36,401 : INFO : EventManager : Event: ======'awareness_add_4'====== Args={'priority': 0}
2026-08-11 12:48:36,401 : INFO : EventManager : Event: ======'stars_count_updated'====== Args={'priority': 0}
2026-08-11 12:48:36,401 : INFO : EventManager : Event: ======'stars_monitor_t41_off'====== Args={'priority': 0}
2026-08-11 12:48:36,401 : INFO : EventManager : Event: ======'player_stars_t41'====== Args={'value': 0, 'prev_value': 1, 'change': -1, 'player_num': 1, 'source': 'stars_mode'}
2026-08-11 12:48:36,401 : INFO : EventManager : Event: ======'player_stars_targets_lit_count'====== Args={'value': 0, 'prev_value': 1, 'change': -1, 'player_num': 1, 'source': 'stars_mode'}
2026-08-11 12:48:36,401 : INFO : EventManager : Event: ======'player_awareness'====== Args={'value': 48, 'prev_value': 44, 'change': 4, 'player_num': 1, 'source': 'awareness'}
2026-08-11 12:48:36,402 : INFO : EventManager : Event: ======'player_awareness_percent'====== Args={'value': 48, 'prev_value': 44, 'change': 4, 'player_num': 1, 'source': 'awareness'}
2026-08-11 12:48:36,402 : INFO : EventManager : Event: ======'playfield_active'====== Args={'source': None}
2026-08-11 12:48:36,402 : INFO : EventManager : Event: ======'unexpected_ball_on_playfield'====== Args={}
2026-08-11 12:48:36,402 : INFO : EventManager : Event: ======'player_score'====== Args={'value': 1000546, 'prev_value': 1000504, 'change': 42, 'player_num': 1, 'source': 'base'}
2026-08-11 12:48:36,402 : INFO : SwitchController : <<<<<<< 's_41_stand_up_target_6' active >>>>>>>
2026-08-11 12:48:36,402 : INFO : EventManager : Event: ======'playfield_active'====== Args={'source': 'resistance_qualify_target_6'}
2026-08-11 12:48:36,402 : INFO : EventManager : Event: ======'unexpected_ball_on_playfield'====== Args={}
2026-08-11 12:48:36,402 : INFO : EventManager : Event: ======'s_41_stand_up_target_6_active'====== Args={}
2026-08-11 12:48:36,402 : INFO : EventManager : Event: ======'sw_playfield_active'====== Args={}
2026-08-11 12:48:36,402 : INFO : EventManager : Event: ======'sw_standups'====== Args={}
2026-08-11 12:48:36,403 : INFO : EventManager : Event: ======'machine_var_audits_switches_s_41_stand_up_target_6'====== Args={'value': 2333, 'prev_value': 2332, 'change': 1}
2026-08-11 12:48:36,403 : INFO : EventManager : Event: ======'stars_t41_on'====== Args={'priority': 0}
2026-08-11 12:48:36,403 : INFO : EventManager : Event: ======'brian_combo_step1'====== Args={'priority': 0}
2026-08-11 12:48:36,403 : INFO : EventManager : Event: ======'awareness_add_4'====== Args={'priority': 0}
2026-08-11 12:48:36,403 : INFO : EventManager : Event: ======'stars_count_updated'====== Args={'priority': 0}
2026-08-11 12:48:36,403 : INFO : EventManager : Event: ======'stars_monitor_t41_on'====== Args={'priority': 0}
2026-08-11 12:48:36,404 : INFO : EventManager : Event: ======'player_stars_t41'====== Args={'value': 1, 'prev_value': 0, 'change': 1, 'player_num': 1, 'source': 'stars_mode'}
2026-08-11 12:48:36,404 : INFO : EventManager : Event: ======'player_stars_targets_lit_count'====== Args={'value': 1, 'prev_value': 0, 'change': 1, 'player_num': 1, 'source': 'stars_mode'}
2026-08-11 12:48:36,404 : INFO : EventManager : Event: ======'player_awareness'====== Args={'value': 52, 'prev_value': 48, 'change': 4, 'player_num': 1, 'source': 'awareness'}
2026-08-11 12:48:36,404 : INFO : EventManager : Event: ======'player_awareness_percent'====== Args={'value': 52, 'prev_value': 48, 'change': 4, 'player_num': 1, 'source': 'awareness'}
2026-08-11 12:48:36,404 : INFO : EventManager : Event: ======'playfield_active'====== Args={'source': None}
2026-08-11 12:48:36,404 : INFO : EventManager : Event: ======'unexpected_ball_on_playfield'====== Args={}
2026-08-11 12:48:36,404 : INFO : EventManager : Event: ======'player_score'====== Args={'value': 1000588, 'prev_value': 1000546, 'change': 42, 'player_num': 1, 'source': 'base'}
2026-08-11 12:48:36,405 : INFO : SwitchController : <<<<<<< 's_41_stand_up_target_6' inactive >>>>>>>
2026-08-11 12:48:36,414 : INFO : SwitchController : <<<<<<< 's_41_stand_up_target_6' active >>>>>>>
2026-08-11 12:48:36,414 : INFO : EventManager : Event: ======'playfield_active'====== Args={'source': 'resistance_qualify_target_6'}
2026-08-11 12:48:36,414 : INFO : EventManager : Event: ======'unexpected_ball_on_playfield'====== Args={}
2026-08-11 12:48:36,414 : INFO : EventManager : Event: ======'s_41_stand_up_target_6_active'====== Args={}
2026-08-11 12:48:36,414 : INFO : EventManager : Event: ======'sw_playfield_active'====== Args={}
2026-08-11 12:48:36,414 : INFO : EventManager : Event: ======'sw_standups'====== Args={}
2026-08-11 12:48:36,414 : INFO : EventManager : Event: ======'machine_var_audits_switches_s_41_stand_up_target_6'====== Args={'value': 2334, 'prev_value': 2333, 'change': 1}
2026-08-11 12:48:36,415 : INFO : EventManager : Event: ======'stars_t41_off'====== Args={'priority': 0}
2026-08-11 12:48:36,415 : INFO : EventManager : Event: ======'brian_combo_step1'====== Args={'priority': 0}
2026-08-11 12:48:36,415 : INFO : EventManager : Event: ======'awareness_add_4'====== Args={'priority': 0}
2026-08-11 12:48:36,415 : INFO : EventManager : Event: ======'stars_count_updated'====== Args={'priority': 0}
2026-08-11 12:48:36,415 : INFO : EventManager : Event: ======'stars_monitor_t41_off'====== Args={'priority': 0}
2026-08-11 12:48:36,415 : INFO : EventManager : Event: ======'player_stars_t41'====== Args={'value': 0, 'prev_value': 1, 'change': -1, 'player_num': 1, 'source': 'stars_mode'}
2026-08-11 12:48:36,416 : INFO : EventManager : Event: ======'player_stars_targets_lit_count'====== Args={'value': 0, 'prev_value': 1, 'change': -1, 'player_num': 1, 'source': 'stars_mode'}
2026-08-11 12:48:36,416 : INFO : EventManager : Event: ======'player_awareness'====== Args={'value': 56, 'prev_value': 52, 'change': 4, 'player_num': 1, 'source': 'awareness'}
2026-08-11 12:48:36,416 : INFO : EventManager : Event: ======'player_awareness_percent'====== Args={'value': 56, 'prev_value': 52, 'change': 4, 'player_num': 1, 'source': 'awareness'}
2026-08-11 12:48:36,416 : INFO : EventManager : Event: ======'playfield_active'====== Args={'source': None}
2026-08-11 12:48:36,416 : INFO : EventManager : Event: ======'unexpected_ball_on_playfield'====== Args={}
2026-08-11 12:48:36,416 : INFO : EventManager : Event: ======'player_score'====== Args={'value': 1000630, 'prev_value': 1000588, 'change': 42, 'player_num': 1, 'source': 'base'}
2026-08-11 12:48:36,416 : INFO : SwitchController : <<<<<<< 's_41_stand_up_target_6' inactive >>>>>>>
2026-08-11 12:48:36,446 : INFO : SwitchController : <<<<<<< 's_41_stand_up_target_6' active >>>>>>>
2026-08-11 12:48:36,446 : INFO : EventManager : Event: ======'playfield_active'====== Args={'source': 'resistance_qualify_target_6'}
2026-08-11 12:48:36,446 : INFO : EventManager : Event: ======'unexpected_ball_on_playfield'====== Args={}
2026-08-11 12:48:36,446 : INFO : EventManager : Event: ======'s_41_stand_up_target_6_active'====== Args={}
2026-08-11 12:48:36,446 : INFO : EventManager : Event: ======'sw_playfield_active'====== Args={}
2026-08-11 12:48:36,446 : INFO : EventManager : Event: ======'sw_standups'====== Args={}
2026-08-11 12:48:36,446 : INFO : EventManager : Event: ======'machine_var_audits_switches_s_41_stand_up_target_6'====== Args={'value': 2335, 'prev_value': 2334, 'change': 1}
2026-08-11 12:48:36,447 : INFO : EventManager : Event: ======'stars_t41_on'====== Args={'priority': 0}
2026-08-11 12:48:36,447 : INFO : EventManager : Event: ======'brian_combo_step1'====== Args={'priority': 0}
2026-08-11 12:48:36,447 : INFO : EventManager : Event: ======'awareness_add_4'====== Args={'priority': 0}
2026-08-11 12:48:36,447 : INFO : EventManager : Event: ======'stars_count_updated'====== Args={'priority': 0}
2026-08-11 12:48:36,447 : INFO : EventManager : Event: ======'stars_monitor_t41_on'====== Args={'priority': 0}
2026-08-11 12:48:36,447 : INFO : EventManager : Event: ======'player_stars_t41'====== Args={'value': 1, 'prev_value': 0, 'change': 1, 'player_num': 1, 'source': 'stars_mode'}
2026-08-11 12:48:36,447 : INFO : EventManager : Event: ======'player_stars_targets_lit_count'====== Args={'value': 1, 'prev_value': 0, 'change': 1, 'player_num': 1, 'source': 'stars_mode'}
2026-08-11 12:48:36,448 : INFO : EventManager : Event: ======'player_awareness'====== Args={'value': 60, 'prev_value': 56, 'change': 4, 'player_num': 1, 'source': 'awareness'}
2026-08-11 12:48:36,448 : INFO : EventManager : Event: ======'player_awareness_percent'====== Args={'value': 60, 'prev_value': 56, 'change': 4, 'player_num': 1, 'source': 'awareness'}
2026-08-11 12:48:36,448 : INFO : EventManager : Event: ======'playfield_active'====== Args={'source': None}
2026-08-11 12:48:36,448 : INFO : EventManager : Event: ======'unexpected_ball_on_playfield'====== Args={}
2026-08-11 12:48:36,448 : INFO : EventManager : Event: ======'player_score'====== Args={'value': 1000672, 'prev_value': 1000630, 'change': 42, 'player_num': 1, 'source': 'base'}
2026-08-11 12:48:36,462 : INFO : SwitchController : <<<<<<< 's_41_stand_up_target_6' inactive >>>>>>>
2026-08-11 12:48:36,478 : INFO : SwitchController : <<<<<<< 's_41_stand_up_target_6' active >>>>>>>
2026-08-11 12:48:36,478 : INFO : EventManager : Event: ======'playfield_active'====== Args={'source': 'resistance_qualify_target_6'}
2026-08-11 12:48:36,478 : INFO : EventManager : Event: ======'unexpected_ball_on_playfield'====== Args={}
2026-08-11 12:48:36,478 : INFO : EventManager : Event: ======'s_41_stand_up_target_6_active'====== Args={}
2026-08-11 12:48:36,478 : INFO : EventManager : Event: ======'sw_playfield_active'====== Args={}
2026-08-11 12:48:36,478 : INFO : EventManager : Event: ======'sw_standups'====== Args={}
2026-08-11 12:48:36,478 : INFO : EventManager : Event: ======'machine_var_audits_switches_s_41_stand_up_target_6'====== Args={'value': 2336, 'prev_value': 2335, 'change': 1}
2026-08-11 12:48:36,479 : INFO : SwitchController : <<<<<<< 's_41_stand_up_target_6' inactive >>>>>>>
2026-08-11 12:48:36,479 : INFO : EventManager : Event: ======'stars_t41_off'====== Args={'priority': 0}
2026-08-11 12:48:36,480 : INFO : EventManager : Event: ======'brian_combo_step1'====== Args={'priority': 0}
2026-08-11 12:48:36,480 : INFO : EventManager : Event: ======'awareness_add_4'====== Args={'priority': 0}
2026-08-11 12:48:36,480 : INFO : EventManager : Event: ======'stars_count_updated'====== Args={'priority': 0}
2026-08-11 12:48:36,480 : INFO : EventManager : Event: ======'stars_monitor_t41_off'====== Args={'priority': 0}
2026-08-11 12:48:36,480 : INFO : EventManager : Event: ======'player_stars_t41'====== Args={'value': 0, 'prev_value': 1, 'change': -1, 'player_num': 1, 'source': 'stars_mode'}
2026-08-11 12:48:36,480 : INFO : EventManager : Event: ======'player_stars_targets_lit_count'====== Args={'value': 0, 'prev_value': 1, 'change': -1, 'player_num': 1, 'source': 'stars_mode'}
2026-08-11 12:48:36,480 : INFO : EventManager : Event: ======'player_awareness'====== Args={'value': 64, 'prev_value': 60, 'change': 4, 'player_num': 1, 'source': 'awareness'}
2026-08-11 12:48:36,480 : INFO : EventManager : Event: ======'player_awareness_percent'====== Args={'value': 64, 'prev_value': 60, 'change': 4, 'player_num': 1, 'source': 'awareness'}
2026-08-11 12:48:36,481 : INFO : EventManager : Event: ======'playfield_active'====== Args={'source': None}
2026-08-11 12:48:36,481 : INFO : EventManager : Event: ======'unexpected_ball_on_playfield'====== Args={}
2026-08-11 12:48:36,481 : INFO : EventManager : Event: ======'player_score'====== Args={'value': 1000714, 'prev_value': 1000672, 'change': 42, 'player_num': 1, 'source': 'base'}
2026-08-11 12:48:36,494 : INFO : SwitchController : <<<<<<< 's_41_stand_up_target_6' active >>>>>>>
2026-08-11 12:48:36,495 : INFO : EventManager : Event: ======'playfield_active'====== Args={'source': 'resistance_qualify_target_6'}
2026-08-11 12:48:36,495 : INFO : EventManager : Event: ======'unexpected_ball_on_playfield'====== Args={}
2026-08-11 12:48:36,495 : INFO : EventManager : Event: ======'s_41_stand_up_target_6_active'====== Args={}
2026-08-11 12:48:36,495 : INFO : EventManager : Event: ======'sw_playfield_active'====== Args={}
2026-08-11 12:48:36,495 : INFO : EventManager : Event: ======'sw_standups'====== Args={}
2026-08-11 12:48:36,495 : INFO : EventManager : Event: ======'machine_var_audits_switches_s_41_stand_up_target_6'====== Args={'value': 2337, 'prev_value': 2336, 'change': 1}
2026-08-11 12:48:36,495 : INFO : SwitchController : <<<<<<< 's_41_stand_up_target_6' inactive >>>>>>>
2026-08-11 12:48:36,496 : INFO : EventManager : Event: ======'stars_t41_on'====== Args={'priority': 0}
2026-08-11 12:48:36,496 : INFO : EventManager : Event: ======'brian_combo_step1'====== Args={'priority': 0}
2026-08-11 12:48:36,496 : INFO : EventManager : Event: ======'awareness_add_4'====== Args={'priority': 0}
2026-08-11 12:48:36,496 : INFO : EventManager : Event: ======'stars_count_updated'====== Args={'priority': 0}
2026-08-11 12:48:36,496 : INFO : EventManager : Event: ======'stars_monitor_t41_on'====== Args={'priority': 0}
2026-08-11 12:48:36,497 : INFO : EventManager : Event: ======'player_stars_t41'====== Args={'value': 1, 'prev_value': 0, 'change': 1, 'player_num': 1, 'source': 'stars_mode'}
2026-08-11 12:48:36,497 : INFO : EventManager : Event: ======'player_stars_targets_lit_count'====== Args={'value': 1, 'prev_value': 0, 'change': 1, 'player_num': 1, 'source': 'stars_mode'}
2026-08-11 12:48:36,498 : INFO : EventManager : Event: ======'player_awareness'====== Args={'value': 68, 'prev_value': 64, 'change': 4, 'player_num': 1, 'source': 'awareness'}
2026-08-11 12:48:36,498 : INFO : EventManager : Event: ======'player_awareness_percent'====== Args={'value': 68, 'prev_value': 64, 'change': 4, 'player_num': 1, 'source': 'awareness'}
2026-08-11 12:48:36,498 : INFO : EventManager : Event: ======'playfield_active'====== Args={'source': None}
2026-08-11 12:48:36,498 : INFO : EventManager : Event: ======'unexpected_ball_on_playfield'====== Args={}
2026-08-11 12:48:36,498 : INFO : EventManager : Event: ======'player_score'====== Args={'value': 1000756, 'prev_value': 1000714, 'change': 42, 'player_num': 1, 'source': 'base'}
2026-08-11 12:48:36,499 : INFO : SwitchController : <<<<<<< 's_41_stand_up_target_6' active >>>>>>>
2026-08-11 12:48:36,499 : INFO : EventManager : Event: ======'playfield_active'====== Args={'source': 'resistance_qualify_target_6'}
2026-08-11 12:48:36,499 : INFO : EventManager : Event: ======'unexpected_ball_on_playfield'====== Args={}
2026-08-11 12:48:36,499 : INFO : EventManager : Event: ======'s_41_stand_up_target_6_active'====== Args={}
2026-08-11 12:48:36,499 : INFO : EventManager : Event: ======'sw_playfield_active'====== Args={}
2026-08-11 12:48:36,499 : INFO : EventManager : Event: ======'sw_standups'====== Args={}
2026-08-11 12:48:36,499 : INFO : EventManager : Event: ======'machine_var_audits_switches_s_41_stand_up_target_6'====== Args={'value': 2338, 'prev_value': 2337, 'change': 1}
2026-08-11 12:48:36,500 : INFO : EventManager : Event: ======'stars_t41_off'====== Args={'priority': 0}
2026-08-11 12:48:36,500 : INFO : EventManager : Event: ======'brian_combo_step1'====== Args={'priority': 0}
2026-08-11 12:48:36,500 : INFO : EventManager : Event: ======'awareness_add_4'====== Args={'priority': 0}
2026-08-11 12:48:36,500 : INFO : EventManager : Event: ======'stars_count_updated'====== Args={'priority': 0}
2026-08-11 12:48:36,500 : INFO : EventManager : Event: ======'stars_monitor_t41_off'====== Args={'priority': 0}
2026-08-11 12:48:36,500 : INFO : EventManager : Event: ======'player_stars_t41'====== Args={'value': 0, 'prev_value': 1, 'change': -1, 'player_num': 1, 'source': 'stars_mode'}
2026-08-11 12:48:36,501 : INFO : EventManager : Event: ======'player_stars_targets_lit_count'====== Args={'value': 0, 'prev_value': 1, 'change': -1, 'player_num': 1, 'source': 'stars_mode'}
2026-08-11 12:48:36,501 : INFO : EventManager : Event: ======'player_awareness'====== Args={'value': 72, 'prev_value': 68, 'change': 4, 'player_num': 1, 'source': 'awareness'}
2026-08-11 12:48:36,501 : INFO : EventManager : Event: ======'player_awareness_percent'====== Args={'value': 72, 'prev_value': 68, 'change': 4, 'player_num': 1, 'source': 'awareness'}
2026-08-11 12:48:36,501 : INFO : EventManager : Event: ======'playfield_active'====== Args={'source': None}
2026-08-11 12:48:36,501 : INFO : EventManager : Event: ======'unexpected_ball_on_playfield'====== Args={}
2026-08-11 12:48:36,501 : INFO : EventManager : Event: ======'player_score'====== Args={'value': 1000798, 'prev_value': 1000756, 'change': 42, 'player_num': 1, 'source': 'base'}
2026-08-11 12:48:36,502 : INFO : SwitchController : <<<<<<< 's_41_stand_up_target_6' inactive >>>>>>>
2026-08-11 12:48:36,511 : INFO : SwitchController : <<<<<<< 's_41_stand_up_target_6' active >>>>>>>
2026-08-11 12:48:36,511 : INFO : EventManager : Event: ======'playfield_active'====== Args={'source': 'resistance_qualify_target_6'}
2026-08-11 12:48:36,511 : INFO : EventManager : Event: ======'unexpected_ball_on_playfield'====== Args={}
2026-08-11 12:48:36,512 : INFO : EventManager : Event: ======'s_41_stand_up_target_6_active'====== Args={}
2026-08-11 12:48:36,512 : INFO : EventManager : Event: ======'sw_playfield_active'====== Args={}
2026-08-11 12:48:36,512 : INFO : EventManager : Event: ======'sw_standups'====== Args={}
2026-08-11 12:48:36,512 : INFO : EventManager : Event: ======'machine_var_audits_switches_s_41_stand_up_target_6'====== Args={'value': 2339, 'prev_value': 2338, 'change': 1}
2026-08-11 12:48:36,512 : INFO : SwitchController : <<<<<<< 's_41_stand_up_target_6' inactive >>>>>>>
2026-08-11 12:48:36,513 : INFO : EventManager : Event: ======'stars_t41_on'====== Args={'priority': 0}
2026-08-11 12:48:36,513 : INFO : EventManager : Event: ======'brian_combo_step1'====== Args={'priority': 0}
2026-08-11 12:48:36,513 : INFO : EventManager : Event: ======'awareness_add_4'====== Args={'priority': 0}
2026-08-11 12:48:36,513 : INFO : EventManager : Event: ======'stars_count_updated'====== Args={'priority': 0}
2026-08-11 12:48:36,513 : INFO : EventManager : Event: ======'stars_monitor_t41_on'====== Args={'priority': 0}
2026-08-11 12:48:36,513 : INFO : EventManager : Event: ======'player_stars_t41'====== Args={'value': 1, 'prev_value': 0, 'change': 1, 'player_num': 1, 'source': 'stars_mode'}
2026-08-11 12:48:36,513 : INFO : EventManager : Event: ======'player_stars_targets_lit_count'====== Args={'value': 1, 'prev_value': 0, 'change': 1, 'player_num': 1, 'source': 'stars_mode'}
2026-08-11 12:48:36,514 : INFO : EventManager : Event: ======'player_awareness'====== Args={'value': 76, 'prev_value': 72, 'change': 4, 'player_num': 1, 'source': 'awareness'}
2026-08-11 12:48:36,514 : INFO : EventManager : Event: ======'player_awareness_percent'====== Args={'value': 76, 'prev_value': 72, 'change': 4, 'player_num': 1, 'source': 'awareness'}
2026-08-11 12:48:36,514 : INFO : EventManager : Event: ======'playfield_active'====== Args={'source': None}
2026-08-11 12:48:36,514 : INFO : EventManager : Event: ======'unexpected_ball_on_playfield'====== Args={}
2026-08-11 12:48:36,514 : INFO : EventManager : Event: ======'player_score'====== Args={'value': 1000840, 'prev_value': 1000798, 'change': 42, 'player_num': 1, 'source': 'base'}
2026-08-11 12:48:37,037 : INFO : SwitchController : <<<<<<< 's_41_stand_up_target_6' active >>>>>>>
2026-08-11 12:48:37,037 : INFO : EventManager : Event: ======'playfield_active'====== Args={'source': 'resistance_qualify_target_6'}
2026-08-11 12:48:37,037 : INFO : EventManager : Event: ======'unexpected_ball_on_playfield'====== Args={}
2026-08-11 12:48:37,037 : INFO : EventManager : Event: ======'s_41_stand_up_target_6_active'====== Args={}
2026-08-11 12:48:37,037 : INFO : EventManager : Event: ======'sw_playfield_active'====== Args={}
2026-08-11 12:48:37,037 : INFO : EventManager : Event: ======'sw_standups'====== Args={}
2026-08-11 12:48:37,037 : INFO : EventManager : Event: ======'machine_var_audits_switches_s_41_stand_up_target_6'====== Args={'value': 2340, 'prev_value': 2339, 'change': 1}
2026-08-11 12:48:37,038 : INFO : EventManager : Event: ======'stars_t41_off'====== Args={'priority': 0}
2026-08-11 12:48:37,038 : INFO : EventManager : Event: ======'brian_combo_step1'====== Args={'priority': 0}
2026-08-11 12:48:37,038 : INFO : EventManager : Event: ======'awareness_add_4'====== Args={'priority': 0}
2026-08-11 12:48:37,039 : INFO : EventManager : Event: ======'stars_count_updated'====== Args={'priority': 0}
2026-08-11 12:48:37,039 : INFO : EventManager : Event: ======'stars_monitor_t41_off'====== Args={'priority': 0}
2026-08-11 12:48:37,039 : INFO : EventManager : Event: ======'player_stars_t41'====== Args={'value': 0, 'prev_value': 1, 'change': -1, 'player_num': 1, 'source': 'stars_mode'}
2026-08-11 12:48:37,039 : INFO : EventManager : Event: ======'player_stars_targets_lit_count'====== Args={'value': 0, 'prev_value': 1, 'change': -1, 'player_num': 1, 'source': 'stars_mode'}
2026-08-11 12:48:37,039 : INFO : EventManager : Event: ======'player_awareness'====== Args={'value': 80, 'prev_value': 76, 'change': 4, 'player_num': 1, 'source': 'awareness'}
2026-08-11 12:48:37,039 : INFO : EventManager : Event: ======'player_awareness_percent'====== Args={'value': 80, 'prev_value': 76, 'change': 4, 'player_num': 1, 'source': 'awareness'}
2026-08-11 12:48:37,040 : INFO : EventManager : Event: ======'playfield_active'====== Args={'source': None}
2026-08-11 12:48:37,040 : INFO : EventManager : Event: ======'unexpected_ball_on_playfield'====== Args={}
2026-08-11 12:48:37,040 : INFO : EventManager : Event: ======'player_score'====== Args={'value': 1000882, 'prev_value': 1000840, 'change': 42, 'player_num': 1, 'source': 'base'}
2026-08-11 12:48:37,228 : INFO : SwitchController : <<<<<<< 's_41_stand_up_target_6' inactive >>>>>>>
2026-08-11 12:48:37,228 : INFO : SwitchController : <<<<<<< 's_41_stand_up_target_6' active >>>>>>>
2026-08-11 12:48:37,229 : INFO : EventManager : Event: ======'playfield_active'====== Args={'source': 'resistance_qualify_target_6'}
2026-08-11 12:48:37,229 : INFO : EventManager : Event: ======'unexpected_ball_on_playfield'====== Args={}
2026-08-11 12:48:37,229 : INFO : EventManager : Event: ======'s_41_stand_up_target_6_active'====== Args={}
2026-08-11 12:48:37,229 : INFO : EventManager : Event: ======'sw_playfield_active'====== Args={}
2026-08-11 12:48:37,229 : INFO : EventManager : Event: ======'sw_standups'====== Args={}
2026-08-11 12:48:37,229 : INFO : EventManager : Event: ======'machine_var_audits_switches_s_41_stand_up_target_6'====== Args={'value': 2341, 'prev_value': 2340, 'change': 1}
2026-08-11 12:48:37,230 : INFO : EventManager : Event: ======'stars_t41_on'====== Args={'priority': 0}
2026-08-11 12:48:37,230 : INFO : EventManager : Event: ======'brian_combo_step1'====== Args={'priority': 0}
2026-08-11 12:48:37,230 : INFO : EventManager : Event: ======'awareness_add_4'====== Args={'priority': 0}
2026-08-11 12:48:37,230 : INFO : EventManager : Event: ======'stars_count_updated'====== Args={'priority': 0}
2026-08-11 12:48:37,230 : INFO : EventManager : Event: ======'stars_monitor_t41_on'====== Args={'priority': 0}
2026-08-11 12:48:37,230 : INFO : EventManager : Event: ======'player_stars_t41'====== Args={'value': 1, 'prev_value': 0, 'change': 1, 'player_num': 1, 'source': 'stars_mode'}
2026-08-11 12:48:37,230 : INFO : EventManager : Event: ======'player_stars_targets_lit_count'====== Args={'value': 1, 'prev_value': 0, 'change': 1, 'player_num': 1, 'source': 'stars_mode'}
2026-08-11 12:48:37,231 : INFO : EventManager : Event: ======'player_awareness'====== Args={'value': 84, 'prev_value': 80, 'change': 4, 'player_num': 1, 'source': 'awareness'}
2026-08-11 12:48:37,231 : INFO : EventManager : Event: ======'player_awareness_percent'====== Args={'value': 84, 'prev_value': 80, 'change': 4, 'player_num': 1, 'source': 'awareness'}
2026-08-11 12:48:37,231 : INFO : EventManager : Event: ======'playfield_active'====== Args={'source': None}
2026-08-11 12:48:37,231 : INFO : EventManager : Event: ======'unexpected_ball_on_playfield'====== Args={}
2026-08-11 12:48:37,231 : INFO : EventManager : Event: ======'player_score'====== Args={'value': 1000924, 'prev_value': 1000882, 'change': 42, 'player_num': 1, 'source': 'base'}
2026-08-11 12:48:37,244 : INFO : SwitchController : <<<<<<< 's_41_stand_up_target_6' inactive >>>>>>>
2026-08-11 12:48:37,244 : INFO : SwitchController : <<<<<<< 's_41_stand_up_target_6' active >>>>>>>
2026-08-11 12:48:37,244 : INFO : EventManager : Event: ======'playfield_active'====== Args={'source': 'resistance_qualify_target_6'}
2026-08-11 12:48:37,244 : INFO : EventManager : Event: ======'unexpected_ball_on_playfield'====== Args={}
2026-08-11 12:48:37,245 : INFO : EventManager : Event: ======'s_41_stand_up_target_6_active'====== Args={}
2026-08-11 12:48:37,245 : INFO : EventManager : Event: ======'sw_playfield_active'====== Args={}
2026-08-11 12:48:37,245 : INFO : EventManager : Event: ======'sw_standups'====== Args={}
2026-08-11 12:48:37,245 : INFO : EventManager : Event: ======'machine_var_audits_switches_s_41_stand_up_target_6'====== Args={'value': 2342, 'prev_value': 2341, 'change': 1}
2026-08-11 12:48:37,245 : INFO : SwitchController : <<<<<<< 's_41_stand_up_target_6' inactive >>>>>>>
2026-08-11 12:48:37,246 : INFO : EventManager : Event: ======'stars_t41_off'====== Args={'priority': 0}
2026-08-11 12:48:37,246 : INFO : EventManager : Event: ======'brian_combo_step1'====== Args={'priority': 0}
2026-08-11 12:48:37,246 : INFO : EventManager : Event: ======'awareness_add_4'====== Args={'priority': 0}
2026-08-11 12:48:37,246 : INFO : EventManager : Event: ======'stars_count_updated'====== Args={'priority': 0}
2026-08-11 12:48:37,246 : INFO : EventManager : Event: ======'stars_monitor_t41_off'====== Args={'priority': 0}
2026-08-11 12:48:37,247 : INFO : EventManager : Event: ======'player_stars_t41'====== Args={'value': 0, 'prev_value': 1, 'change': -1, 'player_num': 1, 'source': 'stars_mode'}
2026-08-11 12:48:37,247 : INFO : EventManager : Event: ======'player_stars_targets_lit_count'====== Args={'value': 0, 'prev_value': 1, 'change': -1, 'player_num': 1, 'source': 'stars_mode'}
2026-08-11 12:48:37,247 : INFO : EventManager : Event: ======'player_awareness'====== Args={'value': 88, 'prev_value': 84, 'change': 4, 'player_num': 1, 'source': 'awareness'}
2026-08-11 12:48:37,247 : INFO : EventManager : Event: ======'player_awareness_percent'====== Args={'value': 88, 'prev_value': 84, 'change': 4, 'player_num': 1, 'source': 'awareness'}
2026-08-11 12:48:37,247 : INFO : EventManager : Event: ======'playfield_active'====== Args={'source': None}
2026-08-11 12:48:37,247 : INFO : EventManager : Event: ======'unexpected_ball_on_playfield'====== Args={}
2026-08-11 12:48:37,247 : INFO : EventManager : Event: ======'player_score'====== Args={'value': 1000966, 'prev_value': 1000924, 'change': 42, 'player_num': 1, 'source': 'base'}
2026-08-11 12:48:37,283 : INFO : SwitchController : <<<<<<< 's_41_stand_up_target_6' active >>>>>>>
2026-08-11 12:48:37,283 : INFO : EventManager : Event: ======'playfield_active'====== Args={'source': 'resistance_qualify_target_6'}
2026-08-11 12:48:37,283 : INFO : EventManager : Event: ======'unexpected_ball_on_playfield'====== Args={}
2026-08-11 12:48:37,283 : INFO : EventManager : Event: ======'s_41_stand_up_target_6_active'====== Args={}
2026-08-11 12:48:37,283 : INFO : EventManager : Event: ======'sw_playfield_active'====== Args={}
2026-08-11 12:48:37,283 : INFO : EventManager : Event: ======'sw_standups'====== Args={}
2026-08-11 12:48:37,283 : INFO : EventManager : Event: ======'machine_var_audits_switches_s_41_stand_up_target_6'====== Args={'value': 2343, 'prev_value': 2342, 'change': 1}
2026-08-11 12:48:37,284 : INFO : SwitchController : <<<<<<< 's_41_stand_up_target_6' inactive >>>>>>>
2026-08-11 12:48:37,284 : INFO : EventManager : Event: ======'stars_t41_on'====== Args={'priority': 0}
2026-08-11 12:48:37,284 : INFO : EventManager : Event: ======'brian_combo_step1'====== Args={'priority': 0}
2026-08-11 12:48:37,284 : INFO : EventManager : Event: ======'awareness_add_4'====== Args={'priority': 0}
2026-08-11 12:48:37,284 : INFO : EventManager : Event: ======'stars_count_updated'====== Args={'priority': 0}
2026-08-11 12:48:37,284 : INFO : EventManager : Event: ======'stars_monitor_t41_on'====== Args={'priority': 0}
2026-08-11 12:48:37,284 : INFO : EventManager : Event: ======'player_stars_t41'====== Args={'value': 1, 'prev_value': 0, 'change': 1, 'player_num': 1, 'source': 'stars_mode'}
2026-08-11 12:48:37,284 : INFO : EventManager : Event: ======'player_stars_targets_lit_count'====== Args={'value': 1, 'prev_value': 0, 'change': 1, 'player_num': 1, 'source': 'stars_mode'}
2026-08-11 12:48:37,285 : INFO : EventManager : Event: ======'player_awareness'====== Args={'value': 92, 'prev_value': 88, 'change': 4, 'player_num': 1, 'source': 'awareness'}
2026-08-11 12:48:37,285 : INFO : EventManager : Event: ======'player_awareness_percent'====== Args={'value': 92, 'prev_value': 88, 'change': 4, 'player_num': 1, 'source': 'awareness'}
2026-08-11 12:48:37,285 : INFO : EventManager : Event: ======'playfield_active'====== Args={'source': None}
2026-08-11 12:48:37,285 : INFO : EventManager : Event: ======'unexpected_ball_on_playfield'====== Args={}
2026-08-11 12:48:37,285 : INFO : EventManager : Event: ======'player_score'====== Args={'value': 1001008, 'prev_value': 1000966, 'change': 42, 'player_num': 1, 'source': 'base'}
2026-08-11 12:48:37,287 : INFO : SwitchController : <<<<<<< 's_41_stand_up_target_6' active >>>>>>>
2026-08-11 12:48:37,287 : INFO : EventManager : Event: ======'playfield_active'====== Args={'source': 'resistance_qualify_target_6'}
2026-08-11 12:48:37,287 : INFO : EventManager : Event: ======'unexpected_ball_on_playfield'====== Args={}
2026-08-11 12:48:37,287 : INFO : EventManager : Event: ======'s_41_stand_up_target_6_active'====== Args={}
2026-08-11 12:48:37,287 : INFO : EventManager : Event: ======'sw_playfield_active'====== Args={}
2026-08-11 12:48:37,287 : INFO : EventManager : Event: ======'sw_standups'====== Args={}
2026-08-11 12:48:37,287 : INFO : EventManager : Event: ======'machine_var_audits_switches_s_41_stand_up_target_6'====== Args={'value': 2344, 'prev_value': 2343, 'change': 1}
2026-08-11 12:48:37,288 : INFO : EventManager : Event: ======'stars_t41_off'====== Args={'priority': 0}
2026-08-11 12:48:37,288 : INFO : EventManager : Event: ======'brian_combo_step1'====== Args={'priority': 0}
2026-08-11 12:48:37,288 : INFO : EventManager : Event: ======'awareness_add_4'====== Args={'priority': 0}
2026-08-11 12:48:37,288 : INFO : EventManager : Event: ======'stars_count_updated'====== Args={'priority': 0}
2026-08-11 12:48:37,288 : INFO : EventManager : Event: ======'stars_monitor_t41_off'====== Args={'priority': 0}
2026-08-11 12:48:37,288 : INFO : EventManager : Event: ======'player_stars_t41'====== Args={'value': 0, 'prev_value': 1, 'change': -1, 'player_num': 1, 'source': 'stars_mode'}
2026-08-11 12:48:37,288 : INFO : EventManager : Event: ======'player_stars_targets_lit_count'====== Args={'value': 0, 'prev_value': 1, 'change': -1, 'player_num': 1, 'source': 'stars_mode'}
2026-08-11 12:48:37,289 : INFO : EventManager : Event: ======'player_awareness'====== Args={'value': 96, 'prev_value': 92, 'change': 4, 'player_num': 1, 'source': 'awareness'}
2026-08-11 12:48:37,289 : INFO : EventManager : Event: ======'player_awareness_percent'====== Args={'value': 96, 'prev_value': 92, 'change': 4, 'player_num': 1, 'source': 'awareness'}
2026-08-11 12:48:37,289 : INFO : EventManager : Event: ======'playfield_active'====== Args={'source': None}
2026-08-11 12:48:37,289 : INFO : EventManager : Event: ======'unexpected_ball_on_playfield'====== Args={}
2026-08-11 12:48:37,289 : INFO : EventManager : Event: ======'player_score'====== Args={'value': 1001050, 'prev_value': 1001008, 'change': 42, 'player_num': 1, 'source': 'base'}
2026-08-11 12:48:37,292 : INFO : SwitchController : <<<<<<< 's_41_stand_up_target_6' inactive >>>>>>>
2026-08-11 12:48:37,989 : INFO : SwitchController : <<<<<<< 's_41_stand_up_target_6' active >>>>>>>
2026-08-11 12:48:37,989 : INFO : EventManager : Event: ======'playfield_active'====== Args={'source': 'resistance_qualify_target_6'}
2026-08-11 12:48:37,989 : INFO : EventManager : Event: ======'unexpected_ball_on_playfield'====== Args={}
2026-08-11 12:48:37,989 : INFO : EventManager : Event: ======'s_41_stand_up_target_6_active'====== Args={}
2026-08-11 12:48:37,989 : INFO : EventManager : Event: ======'sw_playfield_active'====== Args={}
2026-08-11 12:48:37,989 : INFO : EventManager : Event: ======'sw_standups'====== Args={}
2026-08-11 12:48:37,989 : INFO : EventManager : Event: ======'machine_var_audits_switches_s_41_stand_up_target_6'====== Args={'value': 2345, 'prev_value': 2344, 'change': 1}
2026-08-11 12:48:37,990 : INFO : EventManager : Event: ======'stars_t41_on'====== Args={'priority': 0}
2026-08-11 12:48:37,990 : INFO : EventManager : Event: ======'brian_combo_step1'====== Args={'priority': 0}
2026-08-11 12:48:37,990 : INFO : EventManager : Event: ======'awareness_add_4'====== Args={'priority': 0}
2026-08-11 12:48:37,991 : INFO : EventManager : Event: ======'stars_count_updated'====== Args={'priority': 0}
2026-08-11 12:48:37,991 : INFO : EventManager : Event: ======'stars_monitor_t41_on'====== Args={'priority': 0}
2026-08-11 12:48:37,991 : INFO : EventManager : Event: ======'player_stars_t41'====== Args={'value': 1, 'prev_value': 0, 'change': 1, 'player_num': 1, 'source': 'stars_mode'}
2026-08-11 12:48:37,991 : INFO : EventManager : Event: ======'player_stars_targets_lit_count'====== Args={'value': 1, 'prev_value': 0, 'change': 1, 'player_num': 1, 'source': 'stars_mode'}
2026-08-11 12:48:37,991 : INFO : EventManager : Event: ======'player_awareness'====== Args={'value': 100, 'prev_value': 96, 'change': 4, 'player_num': 1, 'source': 'awareness'}
2026-08-11 12:48:37,991 : INFO : EventManager : Event: ======'awareness_qualified'====== Args={'priority': 0}
2026-08-11 12:48:37,991 : INFO : EventManager : Event: ======'player_awareness_percent'====== Args={'value': 100, 'prev_value': 96, 'change': 4, 'player_num': 1, 'source': 'awareness'}
2026-08-11 12:48:37,992 : INFO : EventManager : Event: ======'awareness_consume_ready_display'====== Args={'priority': 0}
2026-08-11 12:48:37,992 : INFO : EventManager : Event: ======'awareness_consume_ready_lightshow_start'====== Args={'priority': 0}
2026-08-11 12:48:37,992 : INFO : EventManager : Event: ======'player_awareness_qualified'====== Args={'value': 1, 'prev_value': 0, 'change': 1, 'player_num': 1, 'source': 'awareness'}
2026-08-11 12:48:37,992 : INFO : EventManager : Event: ======'player_objective_text'====== Args={'value': 'HIT LEFT LOCK\nTO START CONSUME\n', 'prev_value': 0, 'change': True, 'player_num': 1, 'source': 'awareness'}
2026-08-11 12:48:37,992 : INFO : EventManager : Event: ======'playfield_active'====== Args={'source': None}
2026-08-11 12:48:37,992 : INFO : EventManager : Event: ======'unexpected_ball_on_playfield'====== Args={}
2026-08-11 12:48:37,992 : INFO : EventManager : Event: ======'player_score'====== Args={'value': 1001092, 'prev_value': 1001050, 'change': 42, 'player_num': 1, 'source': 'base'}
2026-08-11 12:48:38,006 : INFO : EventManager : Event: ======'widget_AwarenessProgressWidget_removed'====== Args={'_from_bcp': True}
2026-08-11 12:48:38,011 : INFO : EventManager : Event: ======'widget_objective_widget_active'====== Args={'original_context': 'awareness', 'original_calling_context': 'awareness_consume_ready_display', 'priority': 105.0, 'cmd': 'widgets_play', '_from_bcp': True}
2026-08-11 12:48:38,165 : INFO : SwitchController : <<<<<<< 's_41_stand_up_target_6' inactive >>>>>>>
2026-08-11 12:48:38,181 : INFO : SwitchController : <<<<<<< 's_41_stand_up_target_6' active >>>>>>>
2026-08-11 12:48:38,181 : INFO : EventManager : Event: ======'playfield_active'====== Args={'source': 'resistance_qualify_target_6'}
2026-08-11 12:48:38,181 : INFO : EventManager : Event: ======'unexpected_ball_on_playfield'====== Args={}
2026-08-11 12:48:38,181 : INFO : EventManager : Event: ======'s_41_stand_up_target_6_active'====== Args={}
2026-08-11 12:48:38,181 : INFO : EventManager : Event: ======'sw_playfield_active'====== Args={}
2026-08-11 12:48:38,181 : INFO : EventManager : Event: ======'sw_standups'====== Args={}
2026-08-11 12:48:38,181 : INFO : EventManager : Event: ======'machine_var_audits_switches_s_41_stand_up_target_6'====== Args={'value': 2346, 'prev_value': 2345, 'change': 1}
2026-08-11 12:48:38,181 : INFO : SwitchController : <<<<<<< 's_41_stand_up_target_6' inactive >>>>>>>
2026-08-11 12:48:38,182 : INFO : EventManager : Event: ======'stars_t41_off'====== Args={'priority': 0}
2026-08-11 12:48:38,182 : INFO : EventManager : Event: ======'brian_combo_step1'====== Args={'priority': 0}
2026-08-11 12:48:38,182 : INFO : EventManager : Event: ======'stars_count_updated'====== Args={'priority': 0}
2026-08-11 12:48:38,182 : INFO : EventManager : Event: ======'stars_monitor_t41_off'====== Args={'priority': 0}
2026-08-11 12:48:38,182 : INFO : EventManager : Event: ======'player_stars_t41'====== Args={'value': 0, 'prev_value': 1, 'change': -1, 'player_num': 1, 'source': 'stars_mode'}
2026-08-11 12:48:38,182 : INFO : EventManager : Event: ======'player_stars_targets_lit_count'====== Args={'value': 0, 'prev_value': 1, 'change': -1, 'player_num': 1, 'source': 'stars_mode'}
2026-08-11 12:48:38,182 : INFO : EventManager : Event: ======'playfield_active'====== Args={'source': None}
2026-08-11 12:48:38,183 : INFO : EventManager : Event: ======'unexpected_ball_on_playfield'====== Args={}
2026-08-11 12:48:38,183 : INFO : EventManager : Event: ======'player_score'====== Args={'value': 1001134, 'prev_value': 1001092, 'change': 42, 'player_num': 1, 'source': 'base'}
2026-08-11 12:48:38,705 : INFO : ball_device.bd_trough : State: failed_confirm
2026-08-11 12:48:38,705 : INFO : ball_device.bd_trough : Got timeout (10.0s) before confirm from <ball_device.bd_plunger>
2026-08-11 12:48:38,706 : INFO : ball_device.bd_plunger : Expecting incoming ball which may skip the device.
2026-08-11 12:48:38,707 : INFO : EventManager : Event: ======'balldevice_bd_plunger_ejecting_ball'====== Args={'balls': 1, 'target': <playfield.playfield>, 'source': <ball_device.bd_plunger>, 'mechanical_eject': False, 'num_attempts': 1}
2026-08-11 12:48:42,703 : INFO : ball_device.bd_plunger : Got confirm for skipping ball.
2026-08-11 12:48:42,703 : INFO : ball_device.bd_plunger : Eject successful
2026-08-11 12:48:42,703 : INFO : EventManager : Event: ======'balldevice_bd_plunger_ball_eject_success'====== Args={'balls': 1, 'target': <playfield.playfield>}
2026-08-11 12:48:42,703 : INFO : EventManager : Event: ======'balldevice_playfield_ball_enter'====== Args={'new_balls': 1, 'unclaimed_balls': 1, 'device': <playfield.playfield>}
2026-08-11 12:48:42,704 : INFO : EventManager : Event: ======'playfield_ball_count_change'====== Args={'balls': 1, 'change': 1}
2026-08-11 12:48:42,704 : INFO : ball_device.bd_plunger : State: idle
2026-08-11 12:48:42,704 : INFO : ball_device.bd_trough : Eject successful
2026-08-11 12:48:42,705 : INFO : EventManager : Event: ======'balldevice_bd_trough_ball_eject_success'====== Args={'balls': 1, 'target': <ball_device.bd_plunger>}
2026-08-11 12:48:42,705 : INFO : EventManager : Event: ======'balldevice_bd_trough_ball_count_changed'====== Args={'balls': 2}
2026-08-11 12:48:42,705 : INFO : ball_device.bd_trough : State: idle
2026-08-11 12:48:45,446 : INFO : SwitchController : <<<<<<< 's_72_single_drop_1' active >>>>>>>
2026-08-11 12:48:45,446 : INFO : EventManager : Event: ======'s_72_single_drop_1_active'====== Args={}
2026-08-11 12:48:45,446 : INFO : EventManager : Event: ======'sw_drop_target'====== Args={}
2026-08-11 12:48:45,446 : INFO : EventManager : Event: ======'drop_target_dt_single_down'====== Args={'device': <drop_target.dt_single>}
2026-08-11 12:48:45,446 : INFO : EventManager : Event: ======'machine_var_audits_switches_s_72_single_drop_1'====== Args={'value': 276, 'prev_value': 275, 'change': 1}
2026-08-11 12:48:45,447 : INFO : EventManager : Event: ======'brian_combo_step2'====== Args={'priority': 0}
2026-08-11 12:48:45,447 : INFO : EventManager : Event: ======'player_brian_combo_step'====== Args={'value': 2, 'prev_value': 1, 'change': 1, 'player_num': 1, 'source': 'brian_combo'}
2026-08-11 12:48:45,448 : INFO : EventManager : Event: ======'player_score'====== Args={'value': 1001176, 'prev_value': 1001134, 'change': 42, 'player_num': 1, 'source': 'base'}
2026-08-11 12:48:47,132 : INFO : SwitchController : <<<<<<< 's_80_stand_up_target_2' active >>>>>>>
2026-08-11 12:48:47,132 : INFO : EventManager : Event: ======'s_80_stand_up_target_2_active'====== Args={}
2026-08-11 12:48:47,132 : INFO : EventManager : Event: ======'sw_playfield_active'====== Args={}
2026-08-11 12:48:47,132 : INFO : EventManager : Event: ======'sw_standups'====== Args={}
2026-08-11 12:48:47,132 : INFO : EventManager : Event: ======'machine_var_audits_switches_s_80_stand_up_target_2'====== Args={'value': 41, 'prev_value': 40, 'change': 1}
2026-08-11 12:48:47,133 : INFO : EventManager : Event: ======'stars_s80_on_request'====== Args={'priority': 0}
2026-08-11 12:48:47,133 : INFO : EventManager : Event: ======'stars_s80_hold_start'====== Args={'priority': 0}
2026-08-11 12:48:47,133 : INFO : EventManager : Event: ======'stars_monitor_s80_pending'====== Args={'priority': 0}
2026-08-11 12:48:47,134 : INFO : EventManager : Event: ======'player_stars_s80_on'====== Args={'value': 1, 'prev_value': 0, 'change': 1, 'player_num': 1, 'source': 'stars_mode'}
2026-08-11 12:48:47,134 : INFO : Timer.stars_s80_hold : Starting Timer.
2026-08-11 12:48:47,134 : INFO : EventManager : Event: ======'timer_stars_s80_hold_started'====== Args={'ticks': 0, 'ticks_remaining': 1}
2026-08-11 12:48:47,134 : INFO : EventManager : Event: ======'timer_stars_s80_hold_tick'====== Args={'ticks': 0, 'ticks_remaining': 1}
2026-08-11 12:48:47,134 : INFO : EventManager : Event: ======'player_score'====== Args={'value': 1001218, 'prev_value': 1001176, 'change': 42, 'player_num': 1, 'source': 'base'}
2026-08-11 12:48:47,141 : INFO : SwitchController : <<<<<<< 's_80_stand_up_target_2' inactive >>>>>>>
2026-08-11 12:48:47,386 : INFO : SwitchController : <<<<<<< 's_81_saucer_left' active >>>>>>>
2026-08-11 12:48:47,386 : INFO : EventManager : Event: ======'s_81_saucer_left_active'====== Args={}
2026-08-11 12:48:47,386 : INFO : EventManager : Event: ======'sw_scoop'====== Args={}
2026-08-11 12:48:47,386 : INFO : EventManager : Event: ======'machine_var_audits_switches_s_81_saucer_left'====== Args={'value': 211, 'prev_value': 210, 'change': 1}
2026-08-11 12:48:47,387 : INFO : EventManager : Event: ======'brian_combo_complete'====== Args={'priority': 0}
2026-08-11 12:48:47,387 : INFO : EventManager : Event: ======'awareness_consume_ready_display_stop'====== Args={'priority': 0}
2026-08-11 12:48:47,387 : INFO : EventManager : Event: ======'awareness_consume_ready_lightshow_stop'====== Args={'priority': 0}
2026-08-11 12:48:47,387 : INFO : EventManager : Event: ======'start_mode_brain_rot'====== Args={'priority': 0}
2026-08-11 12:48:47,387 : INFO : EventManager : Event: ======'player_score'====== Args={'value': 2001218, 'prev_value': 1001218, 'change': 1000000, 'player_num': 1, 'source': 'brian_combo'}
2026-08-11 12:48:47,387 : INFO : EventManager : Event: ======'player_brian_combo_step'====== Args={'value': 0, 'prev_value': 2, 'change': -2, 'player_num': 1, 'source': 'brian_combo'}
2026-08-11 12:48:47,388 : INFO : EventManager : Event: ======'mode_brain_rot_will_start'====== Args={'priority': 0}
2026-08-11 12:48:47,388 : INFO : EventManager : Event: ======'player_brain_rot_brain_rot_end_delay_tick'====== Args={'value': 0, 'prev_value': 0, 'change': 0, 'player_num': 1}
2026-08-11 12:48:47,391 : INFO : EventManager : Event: ======'mode_brain_rot_starting'====== Args={'priority': 0}
2026-08-11 12:48:47,392 : INFO : EventManager : Event: ======'player_score'====== Args={'value': 2001260, 'prev_value': 2001218, 'change': 42, 'player_num': 1, 'source': 'base'}
2026-08-11 12:48:47,392 : INFO : Mode.brain_rot : Started. Priority: 1000
2026-08-11 12:48:47,392 : INFO : EventManager : Event: ======'modes_active_modes_changed'====== Args={}
2026-08-11 12:48:47,392 : INFO : EventManager : Event: ======'mode_brain_rot_started'====== Args={'priority': 0}
2026-08-11 12:48:47,392 : INFO : EventManager : Event: ======'brain_rot_intro'====== Args={'priority': 0}
2026-08-11 12:48:47,392 : INFO : EventManager : Event: ======'brain_rot_eject_start_ball'====== Args={'priority': 0}
2026-08-11 12:48:47,392 : INFO : EventManager : Event: ======'player_brain_rot_stage'====== Args={'value': 0, 'prev_value': 0, 'change': 0, 'player_num': 1, 'source': 'brain_rot'}
2026-08-11 12:48:47,392 : INFO : EventManager : Event: ======'player_brain_rot_multiball_started'====== Args={'value': 0, 'prev_value': 0, 'change': 0, 'player_num': 1, 'source': 'brain_rot'}
2026-08-11 12:48:47,392 : INFO : EventManager : Event: ======'player_brain_rot_left_saucer_open'====== Args={'value': 0, 'prev_value': 0, 'change': 0, 'player_num': 1, 'source': 'brain_rot'}
2026-08-11 12:48:47,393 : INFO : EventManager : Event: ======'player_brain_rot_left_ball_locked'====== Args={'value': 0, 'prev_value': 0, 'change': 0, 'player_num': 1, 'source': 'brain_rot'}
2026-08-11 12:48:47,393 : INFO : EventManager : Event: ======'player_brain_rot_right_saucer_open'====== Args={'value': 0, 'prev_value': 0, 'change': 0, 'player_num': 1, 'source': 'brain_rot'}
2026-08-11 12:48:47,393 : INFO : EventManager : Event: ======'player_brain_rot_right_ball_locked'====== Args={'value': 0, 'prev_value': 0, 'change': 0, 'player_num': 1, 'source': 'brain_rot'}
2026-08-11 12:48:47,393 : INFO : coil.c_29_saucer_left : Pulsing Driver for 10ms (1.0 pulse_power)
2026-08-11 12:48:47,406 : INFO : EventManager : Event: ======'widget_ObjectiveWidget_removed'====== Args={'_from_bcp': True}
2026-08-11 12:48:47,418 : INFO : SwitchController : <<<<<<< 's_81_saucer_left' inactive >>>>>>>
2026-08-11 12:48:47,432 : INFO : EventManager : Event: ======'widget_award_popup_widget_active'====== Args={'original_context': 'brain_rot', 'original_calling_context': 'brain_rot_intro', 'priority': 1000.0, 'cmd': 'widgets_play', '_from_bcp': True}
2026-08-11 12:48:47,437 : INFO : EventManager : Event: ======'widget_mode_title_widget_active'====== Args={'original_context': 'brain_rot', 'original_calling_context': 'brain_rot_intro', 'priority': 1000.0, 'cmd': 'widgets_play', '_from_bcp': True}
2026-08-11 12:48:49,124 : INFO : EventManager : Event: ======'player_stars_mode_stars_s80_hold_tick'====== Args={'value': 1, 'prev_value': 0, 'change': 1, 'player_num': 1}
2026-08-11 12:48:49,125 : INFO : Timer.stars_s80_hold : Timer Complete
2026-08-11 12:48:49,125 : INFO : Timer.stars_s80_hold : Stopping Timer
2026-08-11 12:48:49,125 : INFO : EventManager : Event: ======'timer_stars_s80_hold_stopped'====== Args={'ticks': 1, 'ticks_remaining': 1}
2026-08-11 12:48:49,125 : INFO : EventManager : Event: ======'timer_stars_s80_hold_complete'====== Args={'ticks': 1, 'ticks_remaining': 1}
2026-08-11 12:48:49,126 : INFO : EventManager : Event: ======'stars_s80_qualified_on'====== Args={'priority': 0}
2026-08-11 12:48:49,126 : INFO : EventManager : Event: ======'stars_monitor_s80_on'====== Args={'priority': 0}
2026-08-11 12:48:49,126 : INFO : EventManager : Event: ======'stars_count_updated'====== Args={'priority': 0}
2026-08-11 12:48:49,126 : INFO : EventManager : Event: ======'player_stars_s80_qualified'====== Args={'value': 1, 'prev_value': 0, 'change': 1, 'player_num': 1, 'source': 'stars_mode'}
2026-08-11 12:48:49,127 : INFO : EventManager : Event: ======'player_stars_targets_lit_count'====== Args={'value': 1, 'prev_value': 0, 'change': 1, 'player_num': 1, 'source': 'stars_mode'}
2026-08-11 12:48:49,377 : INFO : EventManager : Event: ======'s_81_saucer_left_inactive'====== Args={}
2026-08-11 12:48:49,377 : INFO : EventManager : Event: ======'brain_rot_launch_multiball'====== Args={'priority': 0}
2026-08-11 12:48:49,377 : INFO : EventManager : Event: ======'balls_in_play'====== Args={'balls': 3}
2026-08-11 12:48:49,377 : INFO : ball_device.bd_plunger : Adding 2 ball(s) to the eject_queue with target <playfield.playfield>.
2026-08-11 12:48:49,378 : INFO : EventManager : Event: ======'balldevice_balls_available'====== Args={}
2026-08-11 12:48:49,378 : INFO : EventManager : Event: ======'balldevice_balls_available'====== Args={}
2026-08-11 12:48:49,378 : INFO : EventManager : Event: ======'ball_save_brain_rot_multiball_timer_start'====== Args={}
2026-08-11 12:48:49,378 : INFO : EventManager : Event: ======'multiball_brain_rot_multiball_started'====== Args={'balls': 3}
2026-08-11 12:48:49,378 : INFO : EventManager : Event: ======'brain_rot_multiball_started'====== Args={'priority': 0}
2026-08-11 12:48:49,378 : INFO : EventManager : Event: ======'brain_rot_left_spinner_objective'====== Args={'priority': 0}
2026-08-11 12:48:49,378 : INFO : EventManager : Event: ======'player_brain_rot_stage'====== Args={'value': 1, 'prev_value': 0, 'change': 1, 'player_num': 1, 'source': 'brain_rot'}
2026-08-11 12:48:49,379 : INFO : EventManager : Event: ======'player_brain_rot_multiball_started'====== Args={'value': 1, 'prev_value': 0, 'change': 1, 'player_num': 1, 'source': 'brain_rot'}
2026-08-11 12:48:49,380 : INFO : ball_device.bd_trough : State: waiting_for_target_ready
2026-08-11 12:48:49,380 : INFO : EventManager : Event: ======'balldevice_bd_trough_ball_eject_attempt'====== Args={'balls': 1, 'target': <ball_device.bd_plunger>, 'source': <ball_device.bd_trough>, 'mechanical_eject': False, 'num_attempts': 0}
2026-08-11 12:48:49,380 : INFO : ball_device.bd_plunger : State: waiting_for_ball
2026-08-11 12:48:49,381 : INFO : ball_device.bd_trough : State: ejecting
2026-08-11 12:48:49,381 : INFO : ball_device.bd_trough : Ejecting ball to <ball_device.bd_plunger>
2026-08-11 12:48:49,381 : INFO : EventManager : Event: ======'balldevice_bd_trough_ejecting_ball'====== Args={'balls': 1, 'target': <ball_device.bd_plunger>, 'source': <ball_device.bd_trough>, 'mechanical_eject': False, 'num_attempts': 0}
2026-08-11 12:48:49,382 : INFO : ball_device.bd_trough : Wait for ball to leave device
2026-08-11 12:48:49,382 : INFO : coil.c_02_trough_eject : Pulsing Driver for 16ms (1.0 pulse_power)
2026-08-11 12:48:49,390 : INFO : EventManager : Event: ======'widget_objective_widget_active'====== Args={'original_context': 'brain_rot', 'original_calling_context': 'brain_rot_left_spinner_objective', 'priority': 1000.0, 'cmd': 'widgets_play', '_from_bcp': True}
2026-08-11 12:48:49,411 : INFO : SwitchController : <<<<<<< 's_24_trough_1' inactive >>>>>>>
2026-08-11 12:48:49,411 : INFO : SwitchController : <<<<<<< 's_30_trough_jam' active >>>>>>>
2026-08-11 12:48:49,411 : INFO : EventManager : Event: ======'machine_var_audits_switches_s_30_trough_jam'====== Args={'value': 2221, 'prev_value': 2220, 'change': 1}
2026-08-11 12:48:49,412 : INFO : ball_device.bd_trough : State: ball_left
2026-08-11 12:48:49,413 : INFO : ball_device.bd_trough : Ball left
2026-08-11 12:48:49,413 : INFO : ball_device.bd_trough : Wait for confirm with timeout 10.0
2026-08-11 12:48:49,429 : INFO : SwitchController : <<<<<<< 's_30_trough_jam' inactive >>>>>>>
2026-08-11 12:48:49,712 : INFO : SwitchController : <<<<<<< 's_25_trough_2' inactive >>>>>>>
2026-08-11 12:48:49,744 : INFO : SwitchController : <<<<<<< 's_24_trough_1' active >>>>>>>
2026-08-11 12:48:49,744 : INFO : EventManager : Event: ======'machine_var_audits_switches_s_24_trough_1'====== Args={'value': 2221, 'prev_value': 2220, 'change': 1}
2026-08-11 12:48:53,647 : INFO : SwitchController : <<<<<<< 's_60_top_lane_c' active >>>>>>>
2026-08-11 12:48:53,647 : INFO : EventManager : Event: ======'s_60_top_lane_c_active'====== Args={}
2026-08-11 12:48:53,647 : INFO : EventManager : Event: ======'sw_playfield_active'====== Args={}
2026-08-11 12:48:53,647 : INFO : EventManager : Event: ======'sw_top_lanes'====== Args={}
2026-08-11 12:48:53,647 : INFO : EventManager : Event: ======'machine_var_audits_switches_s_60_top_lane_c'====== Args={'value': 797, 'prev_value': 796, 'change': 1}
2026-08-11 12:48:53,648 : INFO : EventManager : Event: ======'top_lane_c_turn_on'====== Args={'priority': 0}
2026-08-11 12:48:53,648 : INFO : EventManager : Event: ======'top_lanes_check'====== Args={'priority': 0}
2026-08-11 12:48:53,648 : INFO : EventManager : Event: ======'player_top_lane_c_lit'====== Args={'value': 1, 'prev_value': 0, 'change': 1, 'player_num': 1, 'source': 'spinner_2x_qualify'}
2026-08-11 12:48:53,648 : INFO : EventManager : Event: ======'spinner_2x_stop'====== Args={'priority': 0}
2026-08-11 12:48:53,649 : INFO : EventManager : Event: ======'player_score'====== Args={'value': 2006260, 'prev_value': 2001260, 'change': 5000, 'player_num': 1, 'source': 'base'}
2026-08-11 12:48:53,676 : INFO : SwitchController : <<<<<<< 's_60_top_lane_c' inactive >>>>>>>
2026-08-11 12:48:54,188 : INFO : SwitchController : <<<<<<< 's_63_stand_up_target_3' active >>>>>>>
2026-08-11 12:48:54,188 : INFO : EventManager : Event: ======'s_63_stand_up_target_3_active'====== Args={}
2026-08-11 12:48:54,188 : INFO : EventManager : Event: ======'sw_playfield_active'====== Args={}
2026-08-11 12:48:54,188 : INFO : EventManager : Event: ======'sw_standups'====== Args={}
2026-08-11 12:48:54,188 : INFO : EventManager : Event: ======'machine_var_audits_switches_s_63_stand_up_target_3'====== Args={'value': 307, 'prev_value': 306, 'change': 1}
2026-08-11 12:48:54,189 : INFO : EventManager : Event: ======'stars_t63_on'====== Args={'priority': 0}
2026-08-11 12:48:54,189 : INFO : EventManager : Event: ======'stars_count_updated'====== Args={'priority': 0}
2026-08-11 12:48:54,189 : INFO : EventManager : Event: ======'stars_monitor_t63_on'====== Args={'priority': 0}
2026-08-11 12:48:54,189 : INFO : EventManager : Event: ======'player_stars_t63'====== Args={'value': 1, 'prev_value': 0, 'change': 1, 'player_num': 1, 'source': 'stars_mode'}
2026-08-11 12:48:54,190 : INFO : EventManager : Event: ======'player_stars_targets_lit_count'====== Args={'value': 2, 'prev_value': 1, 'change': 1, 'player_num': 1, 'source': 'stars_mode'}
2026-08-11 12:48:54,190 : INFO : EventManager : Event: ======'player_score'====== Args={'value': 2006302, 'prev_value': 2006260, 'change': 42, 'player_num': 1, 'source': 'base'}
2026-08-11 12:48:54,204 : INFO : SwitchController : <<<<<<< 's_63_stand_up_target_3' inactive >>>>>>>
2026-08-11 12:48:54,760 : INFO : SwitchController : <<<<<<< 's_61_top_lane_b' active >>>>>>>
2026-08-11 12:48:54,760 : INFO : EventManager : Event: ======'s_61_top_lane_b_active'====== Args={}
2026-08-11 12:48:54,760 : INFO : EventManager : Event: ======'sw_playfield_active'====== Args={}
2026-08-11 12:48:54,760 : INFO : EventManager : Event: ======'sw_top_lanes'====== Args={}
2026-08-11 12:48:54,760 : INFO : EventManager : Event: ======'machine_var_audits_switches_s_61_top_lane_b'====== Args={'value': 742, 'prev_value': 741, 'change': 1}
2026-08-11 12:48:54,761 : INFO : EventManager : Event: ======'top_lane_b_turn_on'====== Args={'priority': 0}
2026-08-11 12:48:54,761 : INFO : EventManager : Event: ======'shotgun_lane_b_charged'====== Args={'priority': 0}
2026-08-11 12:48:54,761 : INFO : EventManager : Event: ======'top_lanes_check'====== Args={'priority': 0}
2026-08-11 12:48:54,761 : INFO : EventManager : Event: ======'player_top_lane_b_lit'====== Args={'value': 1, 'prev_value': 0, 'change': 1, 'player_num': 1, 'source': 'spinner_2x_qualify'}
2026-08-11 12:48:54,762 : INFO : EventManager : Event: ======'spinner_2x_stop'====== Args={'priority': 0}
2026-08-11 12:48:54,762 : INFO : EventManager : Event: ======'player_shotgun_lane_b_active'====== Args={'value': 1, 'prev_value': 0, 'change': 1, 'player_num': 1, 'source': 'shotgun'}
2026-08-11 12:48:54,762 : INFO : EventManager : Event: ======'player_score'====== Args={'value': 2011302, 'prev_value': 2006302, 'change': 5000, 'player_num': 1, 'source': 'base'}
2026-08-11 12:48:54,823 : INFO : SwitchController : <<<<<<< 's_61_top_lane_b' inactive >>>>>>>
2026-08-11 12:48:55,141 : INFO : SwitchController : <<<<<<< 's_57_pop_bumper_center' active >>>>>>>
2026-08-11 12:48:55,141 : INFO : EventManager : Event: ======'s_57_pop_bumper_center_active'====== Args={}
2026-08-11 12:48:55,141 : INFO : EventManager : Event: ======'sw_pops'====== Args={}
2026-08-11 12:48:55,142 : INFO : EventManager : Event: ======'machine_var_audits_switches_s_57_pop_bumper_center'====== Args={'value': 1844, 'prev_value': 1843, 'change': 1}
2026-08-11 12:48:55,142 : INFO : EventManager : Event: ======'logicblock_super_pops_phase1_counter_updated'====== Args={'value': 1, 'enabled': True}
2026-08-11 12:48:55,142 : INFO : EventManager : Event: ======'counter_super_pops_phase1_counter_hit'====== Args={'count': 1, 'hits': 1, 'remaining': 4}
2026-08-11 12:48:55,142 : INFO : EventManager : Event: ======'logicblock_super_pops_phase1_counter_hit'====== Args={'count': 1, 'hits': 1, 'remaining': 4}
2026-08-11 12:48:55,143 : INFO : EventManager : Event: ======'player_score'====== Args={'value': 2011344, 'prev_value': 2011302, 'change': 42, 'player_num': 1, 'source': 'base'}
2026-08-11 12:48:55,143 : INFO : SwitchController : <<<<<<< 's_57_pop_bumper_center' inactive >>>>>>>
2026-08-11 12:48:55,159 : INFO : SwitchController : <<<<<<< 's_64_varitarget_position_1' active >>>>>>>
2026-08-11 12:48:55,159 : INFO : EventManager : Event: ======'s_64_varitarget_position_1_active'====== Args={}
2026-08-11 12:48:55,159 : INFO : EventManager : Event: ======'sw_vari'====== Args={}
2026-08-11 12:48:55,159 : INFO : EventManager : Event: ======'machine_var_audits_switches_s_64_varitarget_position_1'====== Args={'value': 11056, 'prev_value': 11055, 'change': 1}
2026-08-11 12:48:55,160 : INFO : EventManager : Event: ======'glasses_pending_position_1'====== Args={'priority': 0}
2026-08-11 12:48:55,160 : INFO : EventManager : Event: ======'machine_var_audits_shots_varitarget_p1'====== Args={'value': 11048, 'prev_value': 11047, 'change': 1}
2026-08-11 12:48:55,160 : INFO : EventManager : Event: ======'varitarget_p1_hit'====== Args={'profile': 'default', 'state': 'lit', 'advancing': False}
2026-08-11 12:48:55,160 : INFO : EventManager : Event: ======'varitarget_p1_default_hit'====== Args={'profile': 'default', 'state': 'lit', 'advancing': False}
2026-08-11 12:48:55,160 : INFO : EventManager : Event: ======'varitarget_p1_default_lit_hit'====== Args={'profile': 'default', 'state': 'lit', 'advancing': False}
2026-08-11 12:48:55,160 : INFO : EventManager : Event: ======'varitarget_p1_lit_hit'====== Args={'profile': 'default', 'state': 'lit', 'advancing': False}
2026-08-11 12:48:55,160 : INFO : EventManager : Event: ======'varitarget_position_changed'====== Args={'priority': 0}
2026-08-11 12:48:55,161 : INFO : EventManager : Event: ======'varitarget_reset_stop'====== Args={'priority': 0}
2026-08-11 12:48:55,161 : INFO : EventManager : Event: ======'varitarget_reset_complete'====== Args={'priority': 0}
2026-08-11 12:48:55,161 : INFO : EventManager : Event: ======'glasses_position_confirm_restart'====== Args={'priority': 0}
2026-08-11 12:48:55,161 : INFO : EventManager : Event: ======'player_glasses_mode_glasses_position_confirm_tick'====== Args={'value': 0, 'prev_value': 1, 'change': -1, 'player_num': 1}
2026-08-11 12:48:55,161 : INFO : Timer.glasses_position_confirm : Starting Timer.
2026-08-11 12:48:55,161 : INFO : EventManager : Event: ======'timer_glasses_position_confirm_started'====== Args={'ticks': 0, 'ticks_remaining': 1}
2026-08-11 12:48:55,161 : INFO : EventManager : Event: ======'timer_glasses_position_confirm_tick'====== Args={'ticks': 0, 'ticks_remaining': 1}
2026-08-11 12:48:55,161 : INFO : EventManager : Event: ======'varitarget_positions_hit'====== Args={'shot': 'varitarget_p1'}
2026-08-11 12:48:55,161 : INFO : EventManager : Event: ======'varitarget_positions_lit_hit'====== Args={'shot': 'varitarget_p1'}
2026-08-11 12:48:55,161 : INFO : EventManager : Event: ======'varitarget_update_stable'====== Args={'priority': 0}
2026-08-11 12:48:55,162 : INFO : Timer.varitarget_reset_timer : Stopping Timer
2026-08-11 12:48:55,162 : INFO : EventManager : Event: ======'timer_varitarget_reset_timer_stopped'====== Args={'ticks': 9, 'ticks_remaining': 999990}
2026-08-11 12:48:55,162 : INFO : EventManager : Event: ======'player_score'====== Args={'value': 2011386, 'prev_value': 2011344, 'change': 42, 'player_num': 1, 'source': 'base'}
2026-08-11 12:48:55,163 : INFO : SwitchController : <<<<<<< 's_64_varitarget_position_1' inactive >>>>>>>
2026-08-11 12:48:55,189 : INFO : SwitchController : <<<<<<< 's_56_pop_bumper_right' active >>>>>>>
2026-08-11 12:48:55,189 : INFO : EventManager : Event: ======'s_56_pop_bumper_right_active'====== Args={}
2026-08-11 12:48:55,189 : INFO : EventManager : Event: ======'sw_pops'====== Args={}
2026-08-11 12:48:55,189 : INFO : EventManager : Event: ======'machine_var_audits_switches_s_56_pop_bumper_right'====== Args={'value': 826, 'prev_value': 825, 'change': 1}
2026-08-11 12:48:55,190 : INFO : EventManager : Event: ======'logicblock_super_pops_phase1_counter_updated'====== Args={'value': 2, 'enabled': True}
2026-08-11 12:48:55,190 : INFO : EventManager : Event: ======'counter_super_pops_phase1_counter_hit'====== Args={'count': 2, 'hits': 2, 'remaining': 3}
2026-08-11 12:48:55,190 : INFO : EventManager : Event: ======'logicblock_super_pops_phase1_counter_hit'====== Args={'count': 2, 'hits': 2, 'remaining': 3}
2026-08-11 12:48:55,191 : INFO : EventManager : Event: ======'player_score'====== Args={'value': 2011428, 'prev_value': 2011386, 'change': 42, 'player_num': 1, 'source': 'base'}
2026-08-11 12:48:55,205 : INFO : SwitchController : <<<<<<< 's_56_pop_bumper_right' inactive >>>>>>>
2026-08-11 12:48:55,237 : INFO : SwitchController : <<<<<<< 's_58_pop_bumper_left' active >>>>>>>
2026-08-11 12:48:55,237 : INFO : EventManager : Event: ======'s_58_pop_bumper_left_active'====== Args={}
2026-08-11 12:48:55,237 : INFO : EventManager : Event: ======'sw_pops'====== Args={}
2026-08-11 12:48:55,237 : INFO : EventManager : Event: ======'machine_var_audits_switches_s_58_pop_bumper_left'====== Args={'value': 2672, 'prev_value': 2671, 'change': 1}
2026-08-11 12:48:55,238 : INFO : EventManager : Event: ======'logicblock_super_pops_phase1_counter_updated'====== Args={'value': 3, 'enabled': True}
2026-08-11 12:48:55,238 : INFO : EventManager : Event: ======'counter_super_pops_phase1_counter_hit'====== Args={'count': 3, 'hits': 3, 'remaining': 2}
2026-08-11 12:48:55,238 : INFO : EventManager : Event: ======'logicblock_super_pops_phase1_counter_hit'====== Args={'count': 3, 'hits': 3, 'remaining': 2}
2026-08-11 12:48:55,239 : INFO : EventManager : Event: ======'player_score'====== Args={'value': 2011470, 'prev_value': 2011428, 'change': 42, 'player_num': 1, 'source': 'base'}
2026-08-11 12:48:55,253 : INFO : SwitchController : <<<<<<< 's_58_pop_bumper_left' inactive >>>>>>>
2026-08-11 12:48:55,349 : INFO : SwitchController : <<<<<<< 's_86_stand_up_target_bank_5' active >>>>>>>
2026-08-11 12:48:55,350 : INFO : EventManager : Event: ======'s_86_stand_up_target_bank_5_active'====== Args={}
2026-08-11 12:48:55,350 : INFO : EventManager : Event: ======'sw_playfield_active'====== Args={}
2026-08-11 12:48:55,350 : INFO : EventManager : Event: ======'sw_targets'====== Args={}
2026-08-11 12:48:55,350 : INFO : EventManager : Event: ======'machine_var_audits_switches_s_86_stand_up_target_bank_5'====== Args={'value': 400, 'prev_value': 399, 'change': 1}
2026-08-11 12:48:55,350 : INFO : SwitchController : <<<<<<< 's_85_stand_up_target_bank_4' active >>>>>>>
2026-08-11 12:48:55,350 : INFO : EventManager : Event: ======'s_85_stand_up_target_bank_4_active'====== Args={}
2026-08-11 12:48:55,350 : INFO : EventManager : Event: ======'sw_playfield_active'====== Args={}
2026-08-11 12:48:55,350 : INFO : EventManager : Event: ======'sw_targets'====== Args={}
2026-08-11 12:48:55,350 : INFO : EventManager : Event: ======'machine_var_audits_switches_s_85_stand_up_target_bank_4'====== Args={'value': 255, 'prev_value': 254, 'change': 1}
2026-08-11 12:48:55,350 : INFO : SwitchController : <<<<<<< 's_86_stand_up_target_bank_5' inactive >>>>>>>
2026-08-11 12:48:55,351 : INFO : SwitchController : <<<<<<< 's_85_stand_up_target_bank_4' inactive >>>>>>>
2026-08-11 12:48:55,351 : INFO : SwitchController : <<<<<<< 's_78_threebank_drop_2' active >>>>>>>
2026-08-11 12:48:55,351 : INFO : EventManager : Event: ======'s_78_threebank_drop_2_active'====== Args={}
2026-08-11 12:48:55,351 : INFO : EventManager : Event: ======'sw_drop_target'====== Args={}
2026-08-11 12:48:55,351 : INFO : EventManager : Event: ======'drop_target_dt_6_down'====== Args={'device': <drop_target.dt_6>}
2026-08-11 12:48:55,351 : INFO : EventManager : Event: ======'drop_target_bank_dt_bank_5_7_mixed'====== Args={'prev_value': <DropTargetBankState.UP: 'up'>, 'down': 1}
2026-08-11 12:48:55,351 : INFO : EventManager : Event: ======'machine_var_audits_switches_s_78_threebank_drop_2'====== Args={'value': 346, 'prev_value': 345, 'change': 1}
2026-08-11 12:48:55,352 : INFO : EventManager : Event: ======'player_shot_shot_sut_5'====== Args={'value': 1, 'prev_value': 0, 'change': 1, 'player_num': 1}
2026-08-11 12:48:55,352 : INFO : EventManager : Event: ======'machine_var_audits_shots_shot_sut_5'====== Args={'value': 400, 'prev_value': 399, 'change': 1}
2026-08-11 12:48:55,352 : INFO : EventManager : Event: ======'shot_sut_5_hit'====== Args={'profile': 'default', 'state': 'unlit', 'advancing': True}
2026-08-11 12:48:55,352 : INFO : EventManager : Event: ======'shot_sut_5_default_hit'====== Args={'profile': 'default', 'state': 'unlit', 'advancing': True}
2026-08-11 12:48:55,352 : INFO : EventManager : Event: ======'shot_sut_5_default_unlit_hit'====== Args={'profile': 'default', 'state': 'unlit', 'advancing': True}
2026-08-11 12:48:55,352 : INFO : EventManager : Event: ======'shot_sut_5_unlit_hit'====== Args={'profile': 'default', 'state': 'unlit', 'advancing': True}
2026-08-11 12:48:55,352 : INFO : EventManager : Event: ======'player_shot_shot_sut_blue'====== Args={'value': 1, 'prev_value': 0, 'change': 1, 'player_num': 1}
2026-08-11 12:48:55,352 : INFO : EventManager : Event: ======'machine_var_audits_shots_shot_sut_blue'====== Args={'value': 823, 'prev_value': 822, 'change': 1}
2026-08-11 12:48:55,352 : INFO : EventManager : Event: ======'shot_sut_blue_hit'====== Args={'profile': 'default', 'state': 'unlit', 'advancing': True}
2026-08-11 12:48:55,352 : INFO : EventManager : Event: ======'shot_sut_blue_default_hit'====== Args={'profile': 'default', 'state': 'unlit', 'advancing': True}
2026-08-11 12:48:55,352 : INFO : EventManager : Event: ======'shot_sut_blue_default_unlit_hit'====== Args={'profile': 'default', 'state': 'unlit', 'advancing': True}
2026-08-11 12:48:55,353 : INFO : EventManager : Event: ======'shot_sut_blue_unlit_hit'====== Args={'profile': 'default', 'state': 'unlit', 'advancing': True}
2026-08-11 12:48:55,353 : INFO : EventManager : Event: ======'player_score'====== Args={'value': 2011512, 'prev_value': 2011470, 'change': 42, 'player_num': 1, 'source': 'base'}
2026-08-11 12:48:55,353 : INFO : EventManager : Event: ======'player_shot_shot_sut_4'====== Args={'value': 1, 'prev_value': 0, 'change': 1, 'player_num': 1}
2026-08-11 12:48:55,353 : INFO : EventManager : Event: ======'machine_var_audits_shots_shot_sut_4'====== Args={'value': 255, 'prev_value': 254, 'change': 1}
2026-08-11 12:48:55,353 : INFO : EventManager : Event: ======'shot_sut_4_hit'====== Args={'profile': 'default', 'state': 'unlit', 'advancing': True}
2026-08-11 12:48:55,353 : INFO : EventManager : Event: ======'shot_sut_4_default_hit'====== Args={'profile': 'default', 'state': 'unlit', 'advancing': True}
2026-08-11 12:48:55,353 : INFO : EventManager : Event: ======'shot_sut_4_default_unlit_hit'====== Args={'profile': 'default', 'state': 'unlit', 'advancing': True}
2026-08-11 12:48:55,353 : INFO : EventManager : Event: ======'shot_sut_4_unlit_hit'====== Args={'profile': 'default', 'state': 'unlit', 'advancing': True}
2026-08-11 12:48:55,353 : INFO : EventManager : Event: ======'player_shot_shot_sut_red'====== Args={'value': 1, 'prev_value': 0, 'change': 1, 'player_num': 1}
2026-08-11 12:48:55,353 : INFO : EventManager : Event: ======'machine_var_audits_shots_shot_sut_red'====== Args={'value': 496, 'prev_value': 495, 'change': 1}
2026-08-11 12:48:55,354 : INFO : EventManager : Event: ======'shot_sut_red_hit'====== Args={'profile': 'default', 'state': 'unlit', 'advancing': True}
2026-08-11 12:48:55,354 : INFO : EventManager : Event: ======'shot_sut_red_default_hit'====== Args={'profile': 'default', 'state': 'unlit', 'advancing': True}
2026-08-11 12:48:55,354 : INFO : EventManager : Event: ======'shot_sut_red_default_unlit_hit'====== Args={'profile': 'default', 'state': 'unlit', 'advancing': True}
2026-08-11 12:48:55,354 : INFO : EventManager : Event: ======'shot_sut_red_unlit_hit'====== Args={'profile': 'default', 'state': 'unlit', 'advancing': True}
2026-08-11 12:48:55,354 : INFO : EventManager : Event: ======'player_score'====== Args={'value': 2011554, 'prev_value': 2011512, 'change': 42, 'player_num': 1, 'source': 'base'}
2026-08-11 12:48:55,354 : INFO : EventManager : Event: ======'player_shot_shot_dt_6'====== Args={'value': 1, 'prev_value': 0, 'change': 1, 'player_num': 1}
2026-08-11 12:48:55,354 : INFO : EventManager : Event: ======'machine_var_audits_shots_shot_dt_6'====== Args={'value': 330, 'prev_value': 329, 'change': 1}
2026-08-11 12:48:55,354 : INFO : EventManager : Event: ======'shot_dt_6_hit'====== Args={'profile': 'default', 'state': 'unlit', 'advancing': True}
2026-08-11 12:48:55,354 : INFO : EventManager : Event: ======'shot_dt_6_default_hit'====== Args={'profile': 'default', 'state': 'unlit', 'advancing': True}
2026-08-11 12:48:55,354 : INFO : EventManager : Event: ======'shot_dt_6_default_unlit_hit'====== Args={'profile': 'default', 'state': 'unlit', 'advancing': True}
2026-08-11 12:48:55,354 : INFO : EventManager : Event: ======'shot_dt_6_unlit_hit'====== Args={'profile': 'default', 'state': 'unlit', 'advancing': True}
2026-08-11 12:48:55,354 : INFO : EventManager : Event: ======'player_score'====== Args={'value': 2011596, 'prev_value': 2011554, 'change': 42, 'player_num': 1, 'source': 'base'}
2026-08-11 12:48:55,365 : INFO : SwitchController : <<<<<<< 's_77_threebank_drop_1' active >>>>>>>
2026-08-11 12:48:55,365 : INFO : EventManager : Event: ======'s_77_threebank_drop_1_active'====== Args={}
2026-08-11 12:48:55,365 : INFO : EventManager : Event: ======'sw_drop_target'====== Args={}
2026-08-11 12:48:55,365 : INFO : EventManager : Event: ======'drop_target_dt_5_down'====== Args={'device': <drop_target.dt_5>}
2026-08-11 12:48:55,365 : INFO : EventManager : Event: ======'drop_target_bank_dt_bank_5_7_mixed'====== Args={'prev_value': <DropTargetBankState.MIXED: 'mixed'>, 'down': 2}
2026-08-11 12:48:55,366 : INFO : EventManager : Event: ======'machine_var_audits_switches_s_77_threebank_drop_1'====== Args={'value': 610, 'prev_value': 609, 'change': 1}
2026-08-11 12:48:55,366 : INFO : SwitchController : <<<<<<< 's_85_stand_up_target_bank_4' active >>>>>>>
2026-08-11 12:48:55,366 : INFO : EventManager : Event: ======'s_85_stand_up_target_bank_4_active'====== Args={}
2026-08-11 12:48:55,366 : INFO : EventManager : Event: ======'sw_playfield_active'====== Args={}
2026-08-11 12:48:55,366 : INFO : EventManager : Event: ======'sw_targets'====== Args={}
2026-08-11 12:48:55,366 : INFO : EventManager : Event: ======'machine_var_audits_switches_s_85_stand_up_target_bank_4'====== Args={'value': 256, 'prev_value': 255, 'change': 1}
2026-08-11 12:48:55,366 : INFO : SwitchController : <<<<<<< 's_85_stand_up_target_bank_4' inactive >>>>>>>
2026-08-11 12:48:55,366 : INFO : EventManager : Event: ======'player_shot_shot_dt_5'====== Args={'value': 1, 'prev_value': 0, 'change': 1, 'player_num': 1}
2026-08-11 12:48:55,367 : INFO : EventManager : Event: ======'machine_var_audits_shots_shot_dt_5'====== Args={'value': 343, 'prev_value': 342, 'change': 1}
2026-08-11 12:48:55,367 : INFO : EventManager : Event: ======'shot_dt_5_hit'====== Args={'profile': 'default', 'state': 'unlit', 'advancing': True}
2026-08-11 12:48:55,367 : INFO : EventManager : Event: ======'shot_dt_5_default_hit'====== Args={'profile': 'default', 'state': 'unlit', 'advancing': True}
2026-08-11 12:48:55,367 : INFO : EventManager : Event: ======'shot_dt_5_default_unlit_hit'====== Args={'profile': 'default', 'state': 'unlit', 'advancing': True}
2026-08-11 12:48:55,367 : INFO : EventManager : Event: ======'shot_dt_5_unlit_hit'====== Args={'profile': 'default', 'state': 'unlit', 'advancing': True}
2026-08-11 12:48:55,367 : INFO : EventManager : Event: ======'player_score'====== Args={'value': 2011638, 'prev_value': 2011596, 'change': 42, 'player_num': 1, 'source': 'base'}
2026-08-11 12:48:55,367 : INFO : EventManager : Event: ======'machine_var_audits_shots_shot_sut_4'====== Args={'value': 256, 'prev_value': 255, 'change': 1}
2026-08-11 12:48:55,367 : INFO : EventManager : Event: ======'shot_sut_4_hit'====== Args={'profile': 'default', 'state': 'lit', 'advancing': False}
2026-08-11 12:48:55,367 : INFO : EventManager : Event: ======'shot_sut_4_default_hit'====== Args={'profile': 'default', 'state': 'lit', 'advancing': False}
2026-08-11 12:48:55,367 : INFO : EventManager : Event: ======'shot_sut_4_default_lit_hit'====== Args={'profile': 'default', 'state': 'lit', 'advancing': False}
2026-08-11 12:48:55,367 : INFO : EventManager : Event: ======'shot_sut_4_lit_hit'====== Args={'profile': 'default', 'state': 'lit', 'advancing': False}
2026-08-11 12:48:55,367 : INFO : EventManager : Event: ======'machine_var_audits_shots_shot_sut_red'====== Args={'value': 497, 'prev_value': 496, 'change': 1}
2026-08-11 12:48:55,367 : INFO : EventManager : Event: ======'shot_sut_red_hit'====== Args={'profile': 'default', 'state': 'lit', 'advancing': False}
2026-08-11 12:48:55,368 : INFO : EventManager : Event: ======'shot_sut_red_default_hit'====== Args={'profile': 'default', 'state': 'lit', 'advancing': False}
2026-08-11 12:48:55,368 : INFO : EventManager : Event: ======'shot_sut_red_default_lit_hit'====== Args={'profile': 'default', 'state': 'lit', 'advancing': False}
2026-08-11 12:48:55,368 : INFO : EventManager : Event: ======'shot_sut_red_lit_hit'====== Args={'profile': 'default', 'state': 'lit', 'advancing': False}
2026-08-11 12:48:55,368 : INFO : EventManager : Event: ======'player_score'====== Args={'value': 2011680, 'prev_value': 2011638, 'change': 42, 'player_num': 1, 'source': 'base'}
2026-08-11 12:48:56,146 : INFO : EventManager : Event: ======'player_glasses_mode_glasses_position_confirm_tick'====== Args={'value': 1, 'prev_value': 0, 'change': 1, 'player_num': 1}
2026-08-11 12:48:56,146 : INFO : Timer.glasses_position_confirm : Timer Complete
2026-08-11 12:48:56,146 : INFO : Timer.glasses_position_confirm : Stopping Timer
2026-08-11 12:48:56,147 : INFO : EventManager : Event: ======'timer_glasses_position_confirm_stopped'====== Args={'ticks': 1, 'ticks_remaining': 1}
2026-08-11 12:48:56,147 : INFO : EventManager : Event: ======'timer_glasses_position_confirm_complete'====== Args={'ticks': 1, 'ticks_remaining': 1}
2026-08-11 12:48:56,148 : INFO : EventManager : Event: ======'varitarget_position_1_confirmed'====== Args={'priority': 0}
2026-08-11 12:48:56,148 : INFO : EventManager : Event: ======'glasses_enter_state_1'====== Args={'priority': 0}
2026-08-11 12:48:56,149 : INFO : EventManager : Event: ======'glasses_stop_all_shows'====== Args={'priority': 0}
2026-08-11 12:48:56,149 : INFO : EventManager : Event: ======'glasses_state_timer_stop'====== Args={'priority': 0}
2026-08-11 12:48:56,149 : INFO : EventManager : Event: ======'glasses_home_pulse_timer_stop'====== Args={'priority': 0}
2026-08-11 12:48:56,149 : INFO : EventManager : Event: ======'glasses_homing_cancel'====== Args={'priority': 0}
2026-08-11 12:48:56,149 : INFO : Timer.glasses_state_timer : Stopping Timer
2026-08-11 12:48:56,149 : INFO : EventManager : Event: ======'timer_glasses_state_timer_stopped'====== Args={'ticks': 0, 'ticks_remaining': 0}
2026-08-11 12:48:56,149 : INFO : Timer.glasses_home_pulse_timer : Stopping Timer
2026-08-11 12:48:56,149 : INFO : EventManager : Event: ======'timer_glasses_home_pulse_timer_stopped'====== Args={'ticks': 0, 'ticks_remaining': 0}
2026-08-11 12:48:58,680 : INFO : SwitchController : <<<<<<< 's_71_spinner_left' inactive >>>>>>>
2026-08-11 12:48:58,728 : INFO : SwitchController : <<<<<<< 's_71_spinner_left' active >>>>>>>
2026-08-11 12:48:58,728 : INFO : EventManager : Event: ======'s_71_spinner_left_active'====== Args={}
2026-08-11 12:48:58,728 : INFO : EventManager : Event: ======'sw_playfield_active'====== Args={}
2026-08-11 12:48:58,728 : INFO : EventManager : Event: ======'sw_spinners'====== Args={}
2026-08-11 12:48:58,728 : INFO : EventManager : Event: ======'machine_var_audits_switches_s_71_spinner_left'====== Args={'value': 1389, 'prev_value': 1388, 'change': 1}
2026-08-11 12:48:58,729 : INFO : EventManager : Event: ======'brain_rot_left_saucer_open'====== Args={'priority': 0}
2026-08-11 12:48:58,729 : INFO : EventManager : Event: ======'player_shot_spinner_left'====== Args={'value': 1, 'prev_value': 0, 'change': 1, 'player_num': 1}
2026-08-11 12:48:58,730 : INFO : EventManager : Event: ======'machine_var_audits_shots_spinner_left'====== Args={'value': 1387, 'prev_value': 1386, 'change': 1}
2026-08-11 12:48:58,730 : INFO : EventManager : Event: ======'spinner_left_hit'====== Args={'profile': 'default', 'state': 'unlit', 'advancing': True}
2026-08-11 12:48:58,730 : INFO : EventManager : Event: ======'spinner_left_default_hit'====== Args={'profile': 'default', 'state': 'unlit', 'advancing': True}
2026-08-11 12:48:58,730 : INFO : EventManager : Event: ======'spinner_left_default_unlit_hit'====== Args={'profile': 'default', 'state': 'unlit', 'advancing': True}
2026-08-11 12:48:58,730 : INFO : EventManager : Event: ======'spinner_left_unlit_hit'====== Args={'profile': 'default', 'state': 'unlit', 'advancing': True}
2026-08-11 12:48:58,730 : INFO : EventManager : Event: ======'player_brain_rot_stage'====== Args={'value': 2, 'prev_value': 1, 'change': 1, 'player_num': 1, 'source': 'brain_rot'}
2026-08-11 12:48:58,730 : INFO : EventManager : Event: ======'player_brain_rot_left_saucer_open'====== Args={'value': 1, 'prev_value': 0, 'change': 1, 'player_num': 1, 'source': 'brain_rot'}
2026-08-11 12:48:58,731 : INFO : EventManager : Event: ======'player_score'====== Args={'value': 2021680, 'prev_value': 2011680, 'change': 10000, 'player_num': 1, 'source': 'base'}
2026-08-11 12:48:58,744 : INFO : SwitchController : <<<<<<< 's_71_spinner_left' inactive >>>>>>>
2026-08-11 12:48:58,793 : INFO : SwitchController : <<<<<<< 's_71_spinner_left' active >>>>>>>
2026-08-11 12:48:58,794 : INFO : EventManager : Event: ======'s_71_spinner_left_active'====== Args={}
2026-08-11 12:48:58,794 : INFO : EventManager : Event: ======'sw_playfield_active'====== Args={}
2026-08-11 12:48:58,794 : INFO : EventManager : Event: ======'sw_spinners'====== Args={}
2026-08-11 12:48:58,794 : INFO : EventManager : Event: ======'machine_var_audits_switches_s_71_spinner_left'====== Args={'value': 1390, 'prev_value': 1389, 'change': 1}
2026-08-11 12:48:58,795 : INFO : EventManager : Event: ======'machine_var_audits_shots_spinner_left'====== Args={'value': 1388, 'prev_value': 1387, 'change': 1}
2026-08-11 12:48:58,795 : INFO : EventManager : Event: ======'spinner_left_hit'====== Args={'profile': 'default', 'state': 'lit', 'advancing': False}
2026-08-11 12:48:58,795 : INFO : EventManager : Event: ======'spinner_left_default_hit'====== Args={'profile': 'default', 'state': 'lit', 'advancing': False}
2026-08-11 12:48:58,795 : INFO : EventManager : Event: ======'spinner_left_default_lit_hit'====== Args={'profile': 'default', 'state': 'lit', 'advancing': False}
2026-08-11 12:48:58,795 : INFO : EventManager : Event: ======'spinner_left_lit_hit'====== Args={'profile': 'default', 'state': 'lit', 'advancing': False}
2026-08-11 12:48:58,796 : INFO : EventManager : Event: ======'player_score'====== Args={'value': 2031680, 'prev_value': 2021680, 'change': 10000, 'player_num': 1, 'source': 'base'}
2026-08-11 12:48:58,808 : INFO : SwitchController : <<<<<<< 's_71_spinner_left' inactive >>>>>>>
2026-08-11 12:48:58,855 : INFO : SwitchController : <<<<<<< 's_71_spinner_left' active >>>>>>>
2026-08-11 12:48:58,855 : INFO : EventManager : Event: ======'s_71_spinner_left_active'====== Args={}
2026-08-11 12:48:58,855 : INFO : EventManager : Event: ======'sw_playfield_active'====== Args={}
2026-08-11 12:48:58,855 : INFO : EventManager : Event: ======'sw_spinners'====== Args={}
2026-08-11 12:48:58,855 : INFO : EventManager : Event: ======'machine_var_audits_switches_s_71_spinner_left'====== Args={'value': 1391, 'prev_value': 1390, 'change': 1}
2026-08-11 12:48:58,856 : INFO : EventManager : Event: ======'machine_var_audits_shots_spinner_left'====== Args={'value': 1389, 'prev_value': 1388, 'change': 1}
2026-08-11 12:48:58,856 : INFO : EventManager : Event: ======'spinner_left_hit'====== Args={'profile': 'default', 'state': 'lit', 'advancing': False}
2026-08-11 12:48:58,856 : INFO : EventManager : Event: ======'spinner_left_default_hit'====== Args={'profile': 'default', 'state': 'lit', 'advancing': False}
2026-08-11 12:48:58,856 : INFO : EventManager : Event: ======'spinner_left_default_lit_hit'====== Args={'profile': 'default', 'state': 'lit', 'advancing': False}
2026-08-11 12:48:58,857 : INFO : EventManager : Event: ======'spinner_left_lit_hit'====== Args={'profile': 'default', 'state': 'lit', 'advancing': False}
2026-08-11 12:48:58,857 : INFO : EventManager : Event: ======'player_score'====== Args={'value': 2041680, 'prev_value': 2031680, 'change': 10000, 'player_num': 1, 'source': 'base'}
2026-08-11 12:48:58,871 : INFO : SwitchController : <<<<<<< 's_71_spinner_left' inactive >>>>>>>
2026-08-11 12:48:58,905 : INFO : SwitchController : <<<<<<< 's_71_spinner_left' active >>>>>>>
2026-08-11 12:48:58,905 : INFO : EventManager : Event: ======'s_71_spinner_left_active'====== Args={}
2026-08-11 12:48:58,905 : INFO : EventManager : Event: ======'sw_playfield_active'====== Args={}
2026-08-11 12:48:58,905 : INFO : EventManager : Event: ======'sw_spinners'====== Args={}
2026-08-11 12:48:58,905 : INFO : EventManager : Event: ======'machine_var_audits_switches_s_71_spinner_left'====== Args={'value': 1392, 'prev_value': 1391, 'change': 1}
2026-08-11 12:48:58,906 : INFO : EventManager : Event: ======'machine_var_audits_shots_spinner_left'====== Args={'value': 1390, 'prev_value': 1389, 'change': 1}
2026-08-11 12:48:58,906 : INFO : EventManager : Event: ======'spinner_left_hit'====== Args={'profile': 'default', 'state': 'lit', 'advancing': False}
2026-08-11 12:48:58,906 : INFO : EventManager : Event: ======'spinner_left_default_hit'====== Args={'profile': 'default', 'state': 'lit', 'advancing': False}
2026-08-11 12:48:58,906 : INFO : EventManager : Event: ======'spinner_left_default_lit_hit'====== Args={'profile': 'default', 'state': 'lit', 'advancing': False}
2026-08-11 12:48:58,906 : INFO : EventManager : Event: ======'spinner_left_lit_hit'====== Args={'profile': 'default', 'state': 'lit', 'advancing': False}
2026-08-11 12:48:58,907 : INFO : EventManager : Event: ======'player_score'====== Args={'value': 2051680, 'prev_value': 2041680, 'change': 10000, 'player_num': 1, 'source': 'base'}
2026-08-11 12:48:58,936 : INFO : SwitchController : <<<<<<< 's_71_spinner_left' inactive >>>>>>>
2026-08-11 12:48:58,982 : INFO : SwitchController : <<<<<<< 's_71_spinner_left' active >>>>>>>
2026-08-11 12:48:58,982 : INFO : EventManager : Event: ======'s_71_spinner_left_active'====== Args={}
2026-08-11 12:48:58,982 : INFO : EventManager : Event: ======'sw_playfield_active'====== Args={}
2026-08-11 12:48:58,982 : INFO : EventManager : Event: ======'sw_spinners'====== Args={}
2026-08-11 12:48:58,982 : INFO : EventManager : Event: ======'machine_var_audits_switches_s_71_spinner_left'====== Args={'value': 1393, 'prev_value': 1392, 'change': 1}
2026-08-11 12:48:58,983 : INFO : EventManager : Event: ======'machine_var_audits_shots_spinner_left'====== Args={'value': 1391, 'prev_value': 1390, 'change': 1}
2026-08-11 12:48:58,983 : INFO : EventManager : Event: ======'spinner_left_hit'====== Args={'profile': 'default', 'state': 'lit', 'advancing': False}
2026-08-11 12:48:58,983 : INFO : EventManager : Event: ======'spinner_left_default_hit'====== Args={'profile': 'default', 'state': 'lit', 'advancing': False}
2026-08-11 12:48:58,983 : INFO : EventManager : Event: ======'spinner_left_default_lit_hit'====== Args={'profile': 'default', 'state': 'lit', 'advancing': False}
2026-08-11 12:48:58,983 : INFO : EventManager : Event: ======'spinner_left_lit_hit'====== Args={'profile': 'default', 'state': 'lit', 'advancing': False}
2026-08-11 12:48:58,984 : INFO : EventManager : Event: ======'player_score'====== Args={'value': 2061680, 'prev_value': 2051680, 'change': 10000, 'player_num': 1, 'source': 'base'}
2026-08-11 12:48:58,998 : INFO : SwitchController : <<<<<<< 's_71_spinner_left' inactive >>>>>>>
2026-08-11 12:48:59,046 : INFO : SwitchController : <<<<<<< 's_71_spinner_left' active >>>>>>>
2026-08-11 12:48:59,046 : INFO : EventManager : Event: ======'s_71_spinner_left_active'====== Args={}
2026-08-11 12:48:59,046 : INFO : EventManager : Event: ======'sw_playfield_active'====== Args={}
2026-08-11 12:48:59,046 : INFO : EventManager : Event: ======'sw_spinners'====== Args={}
2026-08-11 12:48:59,046 : INFO : EventManager : Event: ======'machine_var_audits_switches_s_71_spinner_left'====== Args={'value': 1394, 'prev_value': 1393, 'change': 1}
2026-08-11 12:48:59,047 : INFO : EventManager : Event: ======'machine_var_audits_shots_spinner_left'====== Args={'value': 1392, 'prev_value': 1391, 'change': 1}
2026-08-11 12:48:59,047 : INFO : EventManager : Event: ======'spinner_left_hit'====== Args={'profile': 'default', 'state': 'lit', 'advancing': False}
2026-08-11 12:48:59,047 : INFO : EventManager : Event: ======'spinner_left_default_hit'====== Args={'profile': 'default', 'state': 'lit', 'advancing': False}
2026-08-11 12:48:59,047 : INFO : EventManager : Event: ======'spinner_left_default_lit_hit'====== Args={'profile': 'default', 'state': 'lit', 'advancing': False}
2026-08-11 12:48:59,047 : INFO : EventManager : Event: ======'spinner_left_lit_hit'====== Args={'profile': 'default', 'state': 'lit', 'advancing': False}
2026-08-11 12:48:59,048 : INFO : EventManager : Event: ======'player_score'====== Args={'value': 2071680, 'prev_value': 2061680, 'change': 10000, 'player_num': 1, 'source': 'base'}
2026-08-11 12:48:59,063 : INFO : SwitchController : <<<<<<< 's_71_spinner_left' inactive >>>>>>>
2026-08-11 12:48:59,108 : INFO : SwitchController : <<<<<<< 's_71_spinner_left' active >>>>>>>
2026-08-11 12:48:59,108 : INFO : EventManager : Event: ======'s_71_spinner_left_active'====== Args={}
2026-08-11 12:48:59,108 : INFO : EventManager : Event: ======'sw_playfield_active'====== Args={}
2026-08-11 12:48:59,108 : INFO : EventManager : Event: ======'sw_spinners'====== Args={}
2026-08-11 12:48:59,108 : INFO : EventManager : Event: ======'machine_var_audits_switches_s_71_spinner_left'====== Args={'value': 1395, 'prev_value': 1394, 'change': 1}
2026-08-11 12:48:59,109 : INFO : EventManager : Event: ======'machine_var_audits_shots_spinner_left'====== Args={'value': 1393, 'prev_value': 1392, 'change': 1}
2026-08-11 12:48:59,109 : INFO : EventManager : Event: ======'spinner_left_hit'====== Args={'profile': 'default', 'state': 'lit', 'advancing': False}
2026-08-11 12:48:59,109 : INFO : EventManager : Event: ======'spinner_left_default_hit'====== Args={'profile': 'default', 'state': 'lit', 'advancing': False}
2026-08-11 12:48:59,109 : INFO : EventManager : Event: ======'spinner_left_default_lit_hit'====== Args={'profile': 'default', 'state': 'lit', 'advancing': False}
2026-08-11 12:48:59,109 : INFO : EventManager : Event: ======'spinner_left_lit_hit'====== Args={'profile': 'default', 'state': 'lit', 'advancing': False}
2026-08-11 12:48:59,110 : INFO : EventManager : Event: ======'player_score'====== Args={'value': 2081680, 'prev_value': 2071680, 'change': 10000, 'player_num': 1, 'source': 'base'}
2026-08-11 12:48:59,140 : INFO : SwitchController : <<<<<<< 's_71_spinner_left' inactive >>>>>>>
2026-08-11 12:48:59,186 : INFO : SwitchController : <<<<<<< 's_71_spinner_left' active >>>>>>>
2026-08-11 12:48:59,186 : INFO : EventManager : Event: ======'s_71_spinner_left_active'====== Args={}
2026-08-11 12:48:59,186 : INFO : EventManager : Event: ======'sw_playfield_active'====== Args={}
2026-08-11 12:48:59,186 : INFO : EventManager : Event: ======'sw_spinners'====== Args={}
2026-08-11 12:48:59,186 : INFO : EventManager : Event: ======'machine_var_audits_switches_s_71_spinner_left'====== Args={'value': 1396, 'prev_value': 1395, 'change': 1}
2026-08-11 12:48:59,187 : INFO : EventManager : Event: ======'machine_var_audits_shots_spinner_left'====== Args={'value': 1394, 'prev_value': 1393, 'change': 1}
2026-08-11 12:48:59,187 : INFO : EventManager : Event: ======'spinner_left_hit'====== Args={'profile': 'default', 'state': 'lit', 'advancing': False}
2026-08-11 12:48:59,187 : INFO : EventManager : Event: ======'spinner_left_default_hit'====== Args={'profile': 'default', 'state': 'lit', 'advancing': False}
2026-08-11 12:48:59,187 : INFO : EventManager : Event: ======'spinner_left_default_lit_hit'====== Args={'profile': 'default', 'state': 'lit', 'advancing': False}
2026-08-11 12:48:59,187 : INFO : EventManager : Event: ======'spinner_left_lit_hit'====== Args={'profile': 'default', 'state': 'lit', 'advancing': False}
2026-08-11 12:48:59,188 : INFO : EventManager : Event: ======'player_score'====== Args={'value': 2091680, 'prev_value': 2081680, 'change': 10000, 'player_num': 1, 'source': 'base'}
2026-08-11 12:48:59,203 : INFO : SwitchController : <<<<<<< 's_71_spinner_left' inactive >>>>>>>
2026-08-11 12:48:59,266 : INFO : SwitchController : <<<<<<< 's_71_spinner_left' active >>>>>>>
2026-08-11 12:48:59,266 : INFO : EventManager : Event: ======'s_71_spinner_left_active'====== Args={}
2026-08-11 12:48:59,266 : INFO : EventManager : Event: ======'sw_playfield_active'====== Args={}
2026-08-11 12:48:59,266 : INFO : EventManager : Event: ======'sw_spinners'====== Args={}
2026-08-11 12:48:59,266 : INFO : EventManager : Event: ======'machine_var_audits_switches_s_71_spinner_left'====== Args={'value': 1397, 'prev_value': 1396, 'change': 1}
2026-08-11 12:48:59,267 : INFO : EventManager : Event: ======'machine_var_audits_shots_spinner_left'====== Args={'value': 1395, 'prev_value': 1394, 'change': 1}
2026-08-11 12:48:59,267 : INFO : EventManager : Event: ======'spinner_left_hit'====== Args={'profile': 'default', 'state': 'lit', 'advancing': False}
2026-08-11 12:48:59,268 : INFO : EventManager : Event: ======'spinner_left_default_hit'====== Args={'profile': 'default', 'state': 'lit', 'advancing': False}
2026-08-11 12:48:59,268 : INFO : EventManager : Event: ======'spinner_left_default_lit_hit'====== Args={'profile': 'default', 'state': 'lit', 'advancing': False}
2026-08-11 12:48:59,268 : INFO : EventManager : Event: ======'spinner_left_lit_hit'====== Args={'profile': 'default', 'state': 'lit', 'advancing': False}
2026-08-11 12:48:59,268 : INFO : EventManager : Event: ======'player_score'====== Args={'value': 2101680, 'prev_value': 2091680, 'change': 10000, 'player_num': 1, 'source': 'base'}
2026-08-11 12:48:59,282 : INFO : SwitchController : <<<<<<< 's_71_spinner_left' inactive >>>>>>>
2026-08-11 12:48:59,345 : INFO : SwitchController : <<<<<<< 's_71_spinner_left' active >>>>>>>
2026-08-11 12:48:59,345 : INFO : EventManager : Event: ======'s_71_spinner_left_active'====== Args={}
2026-08-11 12:48:59,345 : INFO : EventManager : Event: ======'sw_playfield_active'====== Args={}
2026-08-11 12:48:59,345 : INFO : EventManager : Event: ======'sw_spinners'====== Args={}
2026-08-11 12:48:59,345 : INFO : EventManager : Event: ======'machine_var_audits_switches_s_71_spinner_left'====== Args={'value': 1398, 'prev_value': 1397, 'change': 1}
2026-08-11 12:48:59,346 : INFO : EventManager : Event: ======'machine_var_audits_shots_spinner_left'====== Args={'value': 1396, 'prev_value': 1395, 'change': 1}
2026-08-11 12:48:59,346 : INFO : EventManager : Event: ======'spinner_left_hit'====== Args={'profile': 'default', 'state': 'lit', 'advancing': False}
2026-08-11 12:48:59,346 : INFO : EventManager : Event: ======'spinner_left_default_hit'====== Args={'profile': 'default', 'state': 'lit', 'advancing': False}
2026-08-11 12:48:59,347 : INFO : EventManager : Event: ======'spinner_left_default_lit_hit'====== Args={'profile': 'default', 'state': 'lit', 'advancing': False}
2026-08-11 12:48:59,347 : INFO : EventManager : Event: ======'spinner_left_lit_hit'====== Args={'profile': 'default', 'state': 'lit', 'advancing': False}
2026-08-11 12:48:59,347 : INFO : EventManager : Event: ======'player_score'====== Args={'value': 2111680, 'prev_value': 2101680, 'change': 10000, 'player_num': 1, 'source': 'base'}
2026-08-11 12:48:59,377 : INFO : EventManager : Event: ======'multiball_brain_rot_multiball_hurry_up'====== Args={}
2026-08-11 12:48:59,378 : INFO : SwitchController : <<<<<<< 's_71_spinner_left' inactive >>>>>>>
2026-08-11 12:48:59,411 : INFO : ball_device.bd_trough : State: failed_confirm
2026-08-11 12:48:59,411 : INFO : ball_device.bd_trough : Got timeout (10.0s) before confirm from <ball_device.bd_plunger>
2026-08-11 12:48:59,413 : INFO : ball_device.bd_plunger : Expecting incoming ball which may skip the device.
2026-08-11 12:48:59,413 : INFO : EventManager : Event: ======'balldevice_bd_plunger_ejecting_ball'====== Args={'balls': 1, 'target': <playfield.playfield>, 'source': <ball_device.bd_plunger>, 'mechanical_eject': False, 'num_attempts': 1}
2026-08-11 12:48:59,427 : INFO : SwitchController : <<<<<<< 's_71_spinner_left' active >>>>>>>
2026-08-11 12:48:59,427 : INFO : EventManager : Event: ======'s_71_spinner_left_active'====== Args={}
2026-08-11 12:48:59,427 : INFO : EventManager : Event: ======'sw_playfield_active'====== Args={}
2026-08-11 12:48:59,427 : INFO : EventManager : Event: ======'sw_spinners'====== Args={}
2026-08-11 12:48:59,427 : INFO : EventManager : Event: ======'machine_var_audits_switches_s_71_spinner_left'====== Args={'value': 1399, 'prev_value': 1398, 'change': 1}
2026-08-11 12:48:59,428 : INFO : EventManager : Event: ======'machine_var_audits_shots_spinner_left'====== Args={'value': 1397, 'prev_value': 1396, 'change': 1}
2026-08-11 12:48:59,428 : INFO : EventManager : Event: ======'spinner_left_hit'====== Args={'profile': 'default', 'state': 'lit', 'advancing': False}
2026-08-11 12:48:59,429 : INFO : EventManager : Event: ======'spinner_left_default_hit'====== Args={'profile': 'default', 'state': 'lit', 'advancing': False}
2026-08-11 12:48:59,429 : INFO : EventManager : Event: ======'spinner_left_default_lit_hit'====== Args={'profile': 'default', 'state': 'lit', 'advancing': False}
2026-08-11 12:48:59,429 : INFO : EventManager : Event: ======'spinner_left_lit_hit'====== Args={'profile': 'default', 'state': 'lit', 'advancing': False}
2026-08-11 12:48:59,429 : INFO : EventManager : Event: ======'player_score'====== Args={'value': 2121680, 'prev_value': 2111680, 'change': 10000, 'player_num': 1, 'source': 'base'}
2026-08-11 12:48:59,457 : INFO : SwitchController : <<<<<<< 's_71_spinner_left' inactive >>>>>>>
2026-08-11 12:48:59,523 : INFO : SwitchController : <<<<<<< 's_71_spinner_left' active >>>>>>>
2026-08-11 12:48:59,523 : INFO : EventManager : Event: ======'s_71_spinner_left_active'====== Args={}
2026-08-11 12:48:59,523 : INFO : EventManager : Event: ======'sw_playfield_active'====== Args={}
2026-08-11 12:48:59,523 : INFO : EventManager : Event: ======'sw_spinners'====== Args={}
2026-08-11 12:48:59,523 : INFO : EventManager : Event: ======'machine_var_audits_switches_s_71_spinner_left'====== Args={'value': 1400, 'prev_value': 1399, 'change': 1}
2026-08-11 12:48:59,524 : INFO : EventManager : Event: ======'machine_var_audits_shots_spinner_left'====== Args={'value': 1398, 'prev_value': 1397, 'change': 1}
2026-08-11 12:48:59,524 : INFO : EventManager : Event: ======'spinner_left_hit'====== Args={'profile': 'default', 'state': 'lit', 'advancing': False}
2026-08-11 12:48:59,524 : INFO : EventManager : Event: ======'spinner_left_default_hit'====== Args={'profile': 'default', 'state': 'lit', 'advancing': False}
2026-08-11 12:48:59,524 : INFO : EventManager : Event: ======'spinner_left_default_lit_hit'====== Args={'profile': 'default', 'state': 'lit', 'advancing': False}
2026-08-11 12:48:59,525 : INFO : EventManager : Event: ======'spinner_left_lit_hit'====== Args={'profile': 'default', 'state': 'lit', 'advancing': False}
2026-08-11 12:48:59,525 : INFO : EventManager : Event: ======'player_score'====== Args={'value': 2131680, 'prev_value': 2121680, 'change': 10000, 'player_num': 1, 'source': 'base'}
2026-08-11 12:48:59,553 : INFO : SwitchController : <<<<<<< 's_71_spinner_left' inactive >>>>>>>
2026-08-11 12:48:59,631 : INFO : SwitchController : <<<<<<< 's_71_spinner_left' active >>>>>>>
2026-08-11 12:48:59,631 : INFO : EventManager : Event: ======'s_71_spinner_left_active'====== Args={}
2026-08-11 12:48:59,631 : INFO : EventManager : Event: ======'sw_playfield_active'====== Args={}
2026-08-11 12:48:59,631 : INFO : EventManager : Event: ======'sw_spinners'====== Args={}
2026-08-11 12:48:59,631 : INFO : EventManager : Event: ======'machine_var_audits_switches_s_71_spinner_left'====== Args={'value': 1401, 'prev_value': 1400, 'change': 1}
2026-08-11 12:48:59,632 : INFO : EventManager : Event: ======'machine_var_audits_shots_spinner_left'====== Args={'value': 1399, 'prev_value': 1398, 'change': 1}
2026-08-11 12:48:59,632 : INFO : EventManager : Event: ======'spinner_left_hit'====== Args={'profile': 'default', 'state': 'lit', 'advancing': False}
2026-08-11 12:48:59,632 : INFO : EventManager : Event: ======'spinner_left_default_hit'====== Args={'profile': 'default', 'state': 'lit', 'advancing': False}
2026-08-11 12:48:59,632 : INFO : EventManager : Event: ======'spinner_left_default_lit_hit'====== Args={'profile': 'default', 'state': 'lit', 'advancing': False}
2026-08-11 12:48:59,632 : INFO : EventManager : Event: ======'spinner_left_lit_hit'====== Args={'profile': 'default', 'state': 'lit', 'advancing': False}
2026-08-11 12:48:59,633 : INFO : EventManager : Event: ======'player_score'====== Args={'value': 2141680, 'prev_value': 2131680, 'change': 10000, 'player_num': 1, 'source': 'base'}
2026-08-11 12:48:59,663 : INFO : SwitchController : <<<<<<< 's_71_spinner_left' inactive >>>>>>>
2026-08-11 12:48:59,746 : INFO : SwitchController : <<<<<<< 's_71_spinner_left' active >>>>>>>
2026-08-11 12:48:59,746 : INFO : EventManager : Event: ======'s_71_spinner_left_active'====== Args={}
2026-08-11 12:48:59,746 : INFO : EventManager : Event: ======'sw_playfield_active'====== Args={}
2026-08-11 12:48:59,746 : INFO : EventManager : Event: ======'sw_spinners'====== Args={}
2026-08-11 12:48:59,747 : INFO : EventManager : Event: ======'machine_var_audits_switches_s_71_spinner_left'====== Args={'value': 1402, 'prev_value': 1401, 'change': 1}
2026-08-11 12:48:59,747 : INFO : EventManager : Event: ======'machine_var_audits_shots_spinner_left'====== Args={'value': 1400, 'prev_value': 1399, 'change': 1}
2026-08-11 12:48:59,748 : INFO : EventManager : Event: ======'spinner_left_hit'====== Args={'profile': 'default', 'state': 'lit', 'advancing': False}
2026-08-11 12:48:59,748 : INFO : EventManager : Event: ======'spinner_left_default_hit'====== Args={'profile': 'default', 'state': 'lit', 'advancing': False}
2026-08-11 12:48:59,748 : INFO : EventManager : Event: ======'spinner_left_default_lit_hit'====== Args={'profile': 'default', 'state': 'lit', 'advancing': False}
2026-08-11 12:48:59,748 : INFO : EventManager : Event: ======'spinner_left_lit_hit'====== Args={'profile': 'default', 'state': 'lit', 'advancing': False}
2026-08-11 12:48:59,748 : INFO : EventManager : Event: ======'player_score'====== Args={'value': 2151680, 'prev_value': 2141680, 'change': 10000, 'player_num': 1, 'source': 'base'}
2026-08-11 12:48:59,789 : INFO : SwitchController : <<<<<<< 's_71_spinner_left' inactive >>>>>>>
2026-08-11 12:48:59,883 : INFO : SwitchController : <<<<<<< 's_71_spinner_left' active >>>>>>>
2026-08-11 12:48:59,883 : INFO : EventManager : Event: ======'s_71_spinner_left_active'====== Args={}
2026-08-11 12:48:59,883 : INFO : EventManager : Event: ======'sw_playfield_active'====== Args={}
2026-08-11 12:48:59,883 : INFO : EventManager : Event: ======'sw_spinners'====== Args={}
2026-08-11 12:48:59,883 : INFO : EventManager : Event: ======'machine_var_audits_switches_s_71_spinner_left'====== Args={'value': 1403, 'prev_value': 1402, 'change': 1}
2026-08-11 12:48:59,884 : INFO : EventManager : Event: ======'machine_var_audits_shots_spinner_left'====== Args={'value': 1401, 'prev_value': 1400, 'change': 1}
2026-08-11 12:48:59,884 : INFO : EventManager : Event: ======'spinner_left_hit'====== Args={'profile': 'default', 'state': 'lit', 'advancing': False}
2026-08-11 12:48:59,884 : INFO : EventManager : Event: ======'spinner_left_default_hit'====== Args={'profile': 'default', 'state': 'lit', 'advancing': False}
2026-08-11 12:48:59,884 : INFO : EventManager : Event: ======'spinner_left_default_lit_hit'====== Args={'profile': 'default', 'state': 'lit', 'advancing': False}
2026-08-11 12:48:59,884 : INFO : EventManager : Event: ======'spinner_left_lit_hit'====== Args={'profile': 'default', 'state': 'lit', 'advancing': False}
2026-08-11 12:48:59,885 : INFO : EventManager : Event: ======'player_score'====== Args={'value': 2161680, 'prev_value': 2151680, 'change': 10000, 'player_num': 1, 'source': 'base'}
2026-08-11 12:48:59,932 : INFO : SwitchController : <<<<<<< 's_71_spinner_left' inactive >>>>>>>
2026-08-11 12:49:00,041 : INFO : SwitchController : <<<<<<< 's_71_spinner_left' active >>>>>>>
2026-08-11 12:49:00,041 : INFO : EventManager : Event: ======'s_71_spinner_left_active'====== Args={}
2026-08-11 12:49:00,041 : INFO : EventManager : Event: ======'sw_playfield_active'====== Args={}
2026-08-11 12:49:00,041 : INFO : EventManager : Event: ======'sw_spinners'====== Args={}
2026-08-11 12:49:00,041 : INFO : EventManager : Event: ======'machine_var_audits_switches_s_71_spinner_left'====== Args={'value': 1404, 'prev_value': 1403, 'change': 1}
2026-08-11 12:49:00,041 : INFO : EventManager : Event: ======'machine_var_audits_shots_spinner_left'====== Args={'value': 1402, 'prev_value': 1401, 'change': 1}
2026-08-11 12:49:00,042 : INFO : EventManager : Event: ======'spinner_left_hit'====== Args={'profile': 'default', 'state': 'lit', 'advancing': False}
2026-08-11 12:49:00,042 : INFO : EventManager : Event: ======'spinner_left_default_hit'====== Args={'profile': 'default', 'state': 'lit', 'advancing': False}
2026-08-11 12:49:00,042 : INFO : EventManager : Event: ======'spinner_left_default_lit_hit'====== Args={'profile': 'default', 'state': 'lit', 'advancing': False}
2026-08-11 12:49:00,042 : INFO : EventManager : Event: ======'spinner_left_lit_hit'====== Args={'profile': 'default', 'state': 'lit', 'advancing': False}
2026-08-11 12:49:00,042 : INFO : EventManager : Event: ======'player_score'====== Args={'value': 2171680, 'prev_value': 2161680, 'change': 10000, 'player_num': 1, 'source': 'base'}
2026-08-11 12:49:00,104 : INFO : SwitchController : <<<<<<< 's_71_spinner_left' inactive >>>>>>>
2026-08-11 12:49:00,264 : INFO : SwitchController : <<<<<<< 's_71_spinner_left' active >>>>>>>
2026-08-11 12:49:00,264 : INFO : EventManager : Event: ======'s_71_spinner_left_active'====== Args={}
2026-08-11 12:49:00,264 : INFO : EventManager : Event: ======'sw_playfield_active'====== Args={}
2026-08-11 12:49:00,264 : INFO : EventManager : Event: ======'sw_spinners'====== Args={}
2026-08-11 12:49:00,264 : INFO : EventManager : Event: ======'machine_var_audits_switches_s_71_spinner_left'====== Args={'value': 1405, 'prev_value': 1404, 'change': 1}
2026-08-11 12:49:00,265 : INFO : EventManager : Event: ======'machine_var_audits_shots_spinner_left'====== Args={'value': 1403, 'prev_value': 1402, 'change': 1}
2026-08-11 12:49:00,265 : INFO : EventManager : Event: ======'spinner_left_hit'====== Args={'profile': 'default', 'state': 'lit', 'advancing': False}
2026-08-11 12:49:00,266 : INFO : EventManager : Event: ======'spinner_left_default_hit'====== Args={'profile': 'default', 'state': 'lit', 'advancing': False}
2026-08-11 12:49:00,266 : INFO : EventManager : Event: ======'spinner_left_default_lit_hit'====== Args={'profile': 'default', 'state': 'lit', 'advancing': False}
2026-08-11 12:49:00,266 : INFO : EventManager : Event: ======'spinner_left_lit_hit'====== Args={'profile': 'default', 'state': 'lit', 'advancing': False}
2026-08-11 12:49:00,266 : INFO : EventManager : Event: ======'player_score'====== Args={'value': 2181680, 'prev_value': 2171680, 'change': 10000, 'player_num': 1, 'source': 'base'}
2026-08-11 12:49:00,343 : INFO : SwitchController : <<<<<<< 's_71_spinner_left' inactive >>>>>>>
2026-08-11 12:49:00,583 : INFO : SwitchController : <<<<<<< 's_71_spinner_left' active >>>>>>>
2026-08-11 12:49:00,583 : INFO : EventManager : Event: ======'s_71_spinner_left_active'====== Args={}
2026-08-11 12:49:00,583 : INFO : EventManager : Event: ======'sw_playfield_active'====== Args={}
2026-08-11 12:49:00,583 : INFO : EventManager : Event: ======'sw_spinners'====== Args={}
2026-08-11 12:49:00,583 : INFO : EventManager : Event: ======'machine_var_audits_switches_s_71_spinner_left'====== Args={'value': 1406, 'prev_value': 1405, 'change': 1}
2026-08-11 12:49:00,584 : INFO : EventManager : Event: ======'machine_var_audits_shots_spinner_left'====== Args={'value': 1404, 'prev_value': 1403, 'change': 1}
2026-08-11 12:49:00,584 : INFO : EventManager : Event: ======'spinner_left_hit'====== Args={'profile': 'default', 'state': 'lit', 'advancing': False}
2026-08-11 12:49:00,584 : INFO : EventManager : Event: ======'spinner_left_default_hit'====== Args={'profile': 'default', 'state': 'lit', 'advancing': False}
2026-08-11 12:49:00,585 : INFO : EventManager : Event: ======'spinner_left_default_lit_hit'====== Args={'profile': 'default', 'state': 'lit', 'advancing': False}
2026-08-11 12:49:00,585 : INFO : EventManager : Event: ======'spinner_left_lit_hit'====== Args={'profile': 'default', 'state': 'lit', 'advancing': False}
2026-08-11 12:49:00,585 : INFO : EventManager : Event: ======'player_score'====== Args={'value': 2191680, 'prev_value': 2181680, 'change': 10000, 'player_num': 1, 'source': 'base'}
2026-08-11 12:49:00,743 : INFO : SwitchController : <<<<<<< 's_71_spinner_left' inactive >>>>>>>
2026-08-11 12:49:00,839 : INFO : SwitchController : <<<<<<< 's_71_spinner_left' active >>>>>>>
2026-08-11 12:49:00,839 : INFO : EventManager : Event: ======'s_71_spinner_left_active'====== Args={}
2026-08-11 12:49:00,839 : INFO : EventManager : Event: ======'sw_playfield_active'====== Args={}
2026-08-11 12:49:00,839 : INFO : EventManager : Event: ======'sw_spinners'====== Args={}
2026-08-11 12:49:00,839 : INFO : EventManager : Event: ======'machine_var_audits_switches_s_71_spinner_left'====== Args={'value': 1407, 'prev_value': 1406, 'change': 1}
2026-08-11 12:49:00,841 : INFO : EventManager : Event: ======'machine_var_audits_shots_spinner_left'====== Args={'value': 1405, 'prev_value': 1404, 'change': 1}
2026-08-11 12:49:00,841 : INFO : EventManager : Event: ======'spinner_left_hit'====== Args={'profile': 'default', 'state': 'lit', 'advancing': False}
2026-08-11 12:49:00,841 : INFO : EventManager : Event: ======'spinner_left_default_hit'====== Args={'profile': 'default', 'state': 'lit', 'advancing': False}
2026-08-11 12:49:00,841 : INFO : EventManager : Event: ======'spinner_left_default_lit_hit'====== Args={'profile': 'default', 'state': 'lit', 'advancing': False}
2026-08-11 12:49:00,841 : INFO : EventManager : Event: ======'spinner_left_lit_hit'====== Args={'profile': 'default', 'state': 'lit', 'advancing': False}
2026-08-11 12:49:00,842 : INFO : EventManager : Event: ======'player_score'====== Args={'value': 2201680, 'prev_value': 2191680, 'change': 10000, 'player_num': 1, 'source': 'base'}
2026-08-11 12:49:03,403 : INFO : ball_device.bd_plunger : Got confirm for skipping ball.
2026-08-11 12:49:03,404 : INFO : ball_device.bd_plunger : Eject successful
2026-08-11 12:49:03,404 : INFO : EventManager : Event: ======'balldevice_bd_plunger_ball_eject_success'====== Args={'balls': 1, 'target': <playfield.playfield>}
2026-08-11 12:49:03,404 : INFO : EventManager : Event: ======'balldevice_playfield_ball_enter'====== Args={'new_balls': 1, 'unclaimed_balls': 1, 'device': <playfield.playfield>}
2026-08-11 12:49:03,404 : INFO : EventManager : Event: ======'playfield_ball_count_change'====== Args={'balls': 2, 'change': 1}
2026-08-11 12:49:03,405 : INFO : ball_device.bd_plunger : State: idle
2026-08-11 12:49:03,405 : INFO : ball_device.bd_trough : Eject successful
2026-08-11 12:49:03,405 : INFO : EventManager : Event: ======'balldevice_bd_trough_ball_eject_success'====== Args={'balls': 1, 'target': <ball_device.bd_plunger>}
2026-08-11 12:49:03,406 : INFO : EventManager : Event: ======'balldevice_bd_trough_ball_count_changed'====== Args={'balls': 1}
2026-08-11 12:49:03,406 : INFO : ball_device.bd_trough : State: idle
2026-08-11 12:49:03,407 : INFO : ball_device.bd_plunger : State: waiting_for_ball
2026-08-11 12:49:03,407 : INFO : ball_device.bd_trough : State: waiting_for_target_ready
2026-08-11 12:49:03,407 : INFO : EventManager : Event: ======'balldevice_bd_trough_ball_eject_attempt'====== Args={'balls': 1, 'target': <ball_device.bd_plunger>, 'source': <ball_device.bd_trough>, 'mechanical_eject': False, 'num_attempts': 0}
2026-08-11 12:49:03,408 : INFO : ball_device.bd_trough : State: ejecting
2026-08-11 12:49:03,408 : INFO : ball_device.bd_trough : Ejecting ball to <ball_device.bd_plunger>
2026-08-11 12:49:03,408 : INFO : EventManager : Event: ======'balldevice_bd_trough_ejecting_ball'====== Args={'balls': 1, 'target': <ball_device.bd_plunger>, 'source': <ball_device.bd_trough>, 'mechanical_eject': False, 'num_attempts': 0}
2026-08-11 12:49:03,409 : INFO : ball_device.bd_trough : Wait for ball to leave device
2026-08-11 12:49:03,409 : INFO : coil.c_02_trough_eject : Pulsing Driver for 16ms (1.0 pulse_power)
2026-08-11 12:49:03,437 : INFO : SwitchController : <<<<<<< 's_24_trough_1' inactive >>>>>>>
2026-08-11 12:49:03,437 : INFO : SwitchController : <<<<<<< 's_30_trough_jam' active >>>>>>>
2026-08-11 12:49:03,437 : INFO : EventManager : Event: ======'machine_var_audits_switches_s_30_trough_jam'====== Args={'value': 2222, 'prev_value': 2221, 'change': 1}
2026-08-11 12:49:03,438 : INFO : ball_device.bd_trough : State: ball_left
2026-08-11 12:49:03,438 : INFO : ball_device.bd_trough : Ball left
2026-08-11 12:49:03,438 : INFO : ball_device.bd_trough : Wait for confirm with timeout 10.0
2026-08-11 12:49:03,466 : INFO : SwitchController : <<<<<<< 's_30_trough_jam' inactive >>>>>>>
2026-08-11 12:49:04,041 : INFO : SwitchController : <<<<<<< 's_44_spinner_right' inactive >>>>>>>
2026-08-11 12:49:04,120 : INFO : SwitchController : <<<<<<< 's_44_spinner_right' active >>>>>>>
2026-08-11 12:49:04,120 : INFO : EventManager : Event: ======'s_44_spinner_right_active'====== Args={}
2026-08-11 12:49:04,120 : INFO : EventManager : Event: ======'sw_playfield_active'====== Args={}
2026-08-11 12:49:04,120 : INFO : EventManager : Event: ======'sw_spinners'====== Args={}
2026-08-11 12:49:04,120 : INFO : EventManager : Event: ======'machine_var_audits_switches_s_44_spinner_right'====== Args={'value': 1233, 'prev_value': 1232, 'change': 1}
2026-08-11 12:49:04,121 : INFO : EventManager : Event: ======'player_shot_spinner_right'====== Args={'value': 1, 'prev_value': 0, 'change': 1, 'player_num': 1}
2026-08-11 12:49:04,121 : INFO : EventManager : Event: ======'machine_var_audits_shots_spinner_right'====== Args={'value': 1232, 'prev_value': 1231, 'change': 1}
2026-08-11 12:49:04,121 : INFO : EventManager : Event: ======'spinner_right_hit'====== Args={'profile': 'default', 'state': 'unlit', 'advancing': True}
2026-08-11 12:49:04,122 : INFO : EventManager : Event: ======'spinner_right_default_hit'====== Args={'profile': 'default', 'state': 'unlit', 'advancing': True}
2026-08-11 12:49:04,122 : INFO : EventManager : Event: ======'spinner_right_default_unlit_hit'====== Args={'profile': 'default', 'state': 'unlit', 'advancing': True}
2026-08-11 12:49:04,122 : INFO : EventManager : Event: ======'spinner_right_unlit_hit'====== Args={'profile': 'default', 'state': 'unlit', 'advancing': True}
2026-08-11 12:49:04,122 : INFO : EventManager : Event: ======'player_score'====== Args={'value': 2211680, 'prev_value': 2201680, 'change': 10000, 'player_num': 1, 'source': 'base'}
2026-08-11 12:49:04,153 : INFO : SwitchController : <<<<<<< 's_44_spinner_right' inactive >>>>>>>
2026-08-11 12:49:04,200 : INFO : SwitchController : <<<<<<< 's_44_spinner_right' active >>>>>>>
2026-08-11 12:49:04,200 : INFO : EventManager : Event: ======'s_44_spinner_right_active'====== Args={}
2026-08-11 12:49:04,200 : INFO : EventManager : Event: ======'sw_playfield_active'====== Args={}
2026-08-11 12:49:04,200 : INFO : EventManager : Event: ======'sw_spinners'====== Args={}
2026-08-11 12:49:04,201 : INFO : EventManager : Event: ======'machine_var_audits_switches_s_44_spinner_right'====== Args={'value': 1234, 'prev_value': 1233, 'change': 1}
2026-08-11 12:49:04,201 : INFO : EventManager : Event: ======'machine_var_audits_shots_spinner_right'====== Args={'value': 1233, 'prev_value': 1232, 'change': 1}
2026-08-11 12:49:04,201 : INFO : EventManager : Event: ======'spinner_right_hit'====== Args={'profile': 'default', 'state': 'lit', 'advancing': False}
2026-08-11 12:49:04,201 : INFO : EventManager : Event: ======'spinner_right_default_hit'====== Args={'profile': 'default', 'state': 'lit', 'advancing': False}
2026-08-11 12:49:04,201 : INFO : EventManager : Event: ======'spinner_right_default_lit_hit'====== Args={'profile': 'default', 'state': 'lit', 'advancing': False}
2026-08-11 12:49:04,202 : INFO : EventManager : Event: ======'spinner_right_lit_hit'====== Args={'profile': 'default', 'state': 'lit', 'advancing': False}
2026-08-11 12:49:04,202 : INFO : EventManager : Event: ======'player_score'====== Args={'value': 2221680, 'prev_value': 2211680, 'change': 10000, 'player_num': 1, 'source': 'base'}
2026-08-11 12:49:04,232 : INFO : SwitchController : <<<<<<< 's_44_spinner_right' inactive >>>>>>>
2026-08-11 12:49:04,297 : INFO : SwitchController : <<<<<<< 's_44_spinner_right' active >>>>>>>
2026-08-11 12:49:04,297 : INFO : EventManager : Event: ======'s_44_spinner_right_active'====== Args={}
2026-08-11 12:49:04,297 : INFO : EventManager : Event: ======'sw_playfield_active'====== Args={}
2026-08-11 12:49:04,298 : INFO : EventManager : Event: ======'sw_spinners'====== Args={}
2026-08-11 12:49:04,298 : INFO : EventManager : Event: ======'machine_var_audits_switches_s_44_spinner_right'====== Args={'value': 1235, 'prev_value': 1234, 'change': 1}
2026-08-11 12:49:04,298 : INFO : EventManager : Event: ======'machine_var_audits_shots_spinner_right'====== Args={'value': 1234, 'prev_value': 1233, 'change': 1}
2026-08-11 12:49:04,299 : INFO : EventManager : Event: ======'spinner_right_hit'====== Args={'profile': 'default', 'state': 'lit', 'advancing': False}
2026-08-11 12:49:04,299 : INFO : EventManager : Event: ======'spinner_right_default_hit'====== Args={'profile': 'default', 'state': 'lit', 'advancing': False}
2026-08-11 12:49:04,299 : INFO : EventManager : Event: ======'spinner_right_default_lit_hit'====== Args={'profile': 'default', 'state': 'lit', 'advancing': False}
2026-08-11 12:49:04,299 : INFO : EventManager : Event: ======'spinner_right_lit_hit'====== Args={'profile': 'default', 'state': 'lit', 'advancing': False}
2026-08-11 12:49:04,299 : INFO : EventManager : Event: ======'player_score'====== Args={'value': 2231680, 'prev_value': 2221680, 'change': 10000, 'player_num': 1, 'source': 'base'}
2026-08-11 12:49:04,328 : INFO : SwitchController : <<<<<<< 's_44_spinner_right' inactive >>>>>>>
2026-08-11 12:49:04,376 : INFO : EventManager : Event: ======'multiball_brain_rot_multiball_grace_period'====== Args={}
2026-08-11 12:49:04,392 : INFO : SwitchController : <<<<<<< 's_44_spinner_right' active >>>>>>>
2026-08-11 12:49:04,392 : INFO : EventManager : Event: ======'s_44_spinner_right_active'====== Args={}
2026-08-11 12:49:04,392 : INFO : EventManager : Event: ======'sw_playfield_active'====== Args={}
2026-08-11 12:49:04,392 : INFO : EventManager : Event: ======'sw_spinners'====== Args={}
2026-08-11 12:49:04,392 : INFO : EventManager : Event: ======'machine_var_audits_switches_s_44_spinner_right'====== Args={'value': 1236, 'prev_value': 1235, 'change': 1}
2026-08-11 12:49:04,393 : INFO : EventManager : Event: ======'machine_var_audits_shots_spinner_right'====== Args={'value': 1235, 'prev_value': 1234, 'change': 1}
2026-08-11 12:49:04,393 : INFO : EventManager : Event: ======'spinner_right_hit'====== Args={'profile': 'default', 'state': 'lit', 'advancing': False}
2026-08-11 12:49:04,393 : INFO : EventManager : Event: ======'spinner_right_default_hit'====== Args={'profile': 'default', 'state': 'lit', 'advancing': False}
2026-08-11 12:49:04,393 : INFO : EventManager : Event: ======'spinner_right_default_lit_hit'====== Args={'profile': 'default', 'state': 'lit', 'advancing': False}
2026-08-11 12:49:04,394 : INFO : EventManager : Event: ======'spinner_right_lit_hit'====== Args={'profile': 'default', 'state': 'lit', 'advancing': False}
2026-08-11 12:49:04,394 : INFO : EventManager : Event: ======'player_score'====== Args={'value': 2241680, 'prev_value': 2231680, 'change': 10000, 'player_num': 1, 'source': 'base'}
2026-08-11 12:49:04,424 : INFO : SwitchController : <<<<<<< 's_44_spinner_right' inactive >>>>>>>
2026-08-11 12:49:04,486 : INFO : SwitchController : <<<<<<< 's_44_spinner_right' active >>>>>>>
2026-08-11 12:49:04,486 : INFO : EventManager : Event: ======'s_44_spinner_right_active'====== Args={}
2026-08-11 12:49:04,486 : INFO : EventManager : Event: ======'sw_playfield_active'====== Args={}
2026-08-11 12:49:04,486 : INFO : EventManager : Event: ======'sw_spinners'====== Args={}
2026-08-11 12:49:04,486 : INFO : EventManager : Event: ======'machine_var_audits_switches_s_44_spinner_right'====== Args={'value': 1237, 'prev_value': 1236, 'change': 1}
2026-08-11 12:49:04,487 : INFO : EventManager : Event: ======'machine_var_audits_shots_spinner_right'====== Args={'value': 1236, 'prev_value': 1235, 'change': 1}
2026-08-11 12:49:04,487 : INFO : EventManager : Event: ======'spinner_right_hit'====== Args={'profile': 'default', 'state': 'lit', 'advancing': False}
2026-08-11 12:49:04,487 : INFO : EventManager : Event: ======'spinner_right_default_hit'====== Args={'profile': 'default', 'state': 'lit', 'advancing': False}
2026-08-11 12:49:04,487 : INFO : EventManager : Event: ======'spinner_right_default_lit_hit'====== Args={'profile': 'default', 'state': 'lit', 'advancing': False}
2026-08-11 12:49:04,487 : INFO : EventManager : Event: ======'spinner_right_lit_hit'====== Args={'profile': 'default', 'state': 'lit', 'advancing': False}
2026-08-11 12:49:04,488 : INFO : EventManager : Event: ======'player_score'====== Args={'value': 2251680, 'prev_value': 2241680, 'change': 10000, 'player_num': 1, 'source': 'base'}
2026-08-11 12:49:04,518 : INFO : SwitchController : <<<<<<< 's_44_spinner_right' inactive >>>>>>>
2026-08-11 12:49:04,598 : INFO : SwitchController : <<<<<<< 's_44_spinner_right' active >>>>>>>
2026-08-11 12:49:04,598 : INFO : EventManager : Event: ======'s_44_spinner_right_active'====== Args={}
2026-08-11 12:49:04,598 : INFO : EventManager : Event: ======'sw_playfield_active'====== Args={}
2026-08-11 12:49:04,598 : INFO : EventManager : Event: ======'sw_spinners'====== Args={}
2026-08-11 12:49:04,598 : INFO : EventManager : Event: ======'machine_var_audits_switches_s_44_spinner_right'====== Args={'value': 1238, 'prev_value': 1237, 'change': 1}
2026-08-11 12:49:04,599 : INFO : EventManager : Event: ======'machine_var_audits_shots_spinner_right'====== Args={'value': 1237, 'prev_value': 1236, 'change': 1}
2026-08-11 12:49:04,599 : INFO : EventManager : Event: ======'spinner_right_hit'====== Args={'profile': 'default', 'state': 'lit', 'advancing': False}
2026-08-11 12:49:04,599 : INFO : EventManager : Event: ======'spinner_right_default_hit'====== Args={'profile': 'default', 'state': 'lit', 'advancing': False}
2026-08-11 12:49:04,599 : INFO : EventManager : Event: ======'spinner_right_default_lit_hit'====== Args={'profile': 'default', 'state': 'lit', 'advancing': False}
2026-08-11 12:49:04,599 : INFO : EventManager : Event: ======'spinner_right_lit_hit'====== Args={'profile': 'default', 'state': 'lit', 'advancing': False}
2026-08-11 12:49:04,600 : INFO : EventManager : Event: ======'player_score'====== Args={'value': 2261680, 'prev_value': 2251680, 'change': 10000, 'player_num': 1, 'source': 'base'}
2026-08-11 12:49:04,630 : INFO : SwitchController : <<<<<<< 's_44_spinner_right' inactive >>>>>>>
2026-08-11 12:49:04,709 : INFO : SwitchController : <<<<<<< 's_44_spinner_right' active >>>>>>>
2026-08-11 12:49:04,709 : INFO : EventManager : Event: ======'s_44_spinner_right_active'====== Args={}
2026-08-11 12:49:04,709 : INFO : EventManager : Event: ======'sw_playfield_active'====== Args={}
2026-08-11 12:49:04,710 : INFO : EventManager : Event: ======'sw_spinners'====== Args={}
2026-08-11 12:49:04,710 : INFO : EventManager : Event: ======'machine_var_audits_switches_s_44_spinner_right'====== Args={'value': 1239, 'prev_value': 1238, 'change': 1}
2026-08-11 12:49:04,710 : INFO : EventManager : Event: ======'machine_var_audits_shots_spinner_right'====== Args={'value': 1238, 'prev_value': 1237, 'change': 1}
2026-08-11 12:49:04,711 : INFO : EventManager : Event: ======'spinner_right_hit'====== Args={'profile': 'default', 'state': 'lit', 'advancing': False}
2026-08-11 12:49:04,711 : INFO : EventManager : Event: ======'spinner_right_default_hit'====== Args={'profile': 'default', 'state': 'lit', 'advancing': False}
2026-08-11 12:49:04,711 : INFO : EventManager : Event: ======'spinner_right_default_lit_hit'====== Args={'profile': 'default', 'state': 'lit', 'advancing': False}
2026-08-11 12:49:04,711 : INFO : EventManager : Event: ======'spinner_right_lit_hit'====== Args={'profile': 'default', 'state': 'lit', 'advancing': False}
2026-08-11 12:49:04,711 : INFO : EventManager : Event: ======'player_score'====== Args={'value': 2271680, 'prev_value': 2261680, 'change': 10000, 'player_num': 1, 'source': 'base'}
2026-08-11 12:49:04,741 : INFO : SwitchController : <<<<<<< 's_44_spinner_right' inactive >>>>>>>
2026-08-11 12:49:04,836 : INFO : SwitchController : <<<<<<< 's_44_spinner_right' active >>>>>>>
2026-08-11 12:49:04,836 : INFO : EventManager : Event: ======'s_44_spinner_right_active'====== Args={}
2026-08-11 12:49:04,836 : INFO : EventManager : Event: ======'sw_playfield_active'====== Args={}
2026-08-11 12:49:04,836 : INFO : EventManager : Event: ======'sw_spinners'====== Args={}
2026-08-11 12:49:04,836 : INFO : EventManager : Event: ======'machine_var_audits_switches_s_44_spinner_right'====== Args={'value': 1240, 'prev_value': 1239, 'change': 1}
2026-08-11 12:49:04,837 : INFO : EventManager : Event: ======'machine_var_audits_shots_spinner_right'====== Args={'value': 1239, 'prev_value': 1238, 'change': 1}
2026-08-11 12:49:04,837 : INFO : EventManager : Event: ======'spinner_right_hit'====== Args={'profile': 'default', 'state': 'lit', 'advancing': False}
2026-08-11 12:49:04,837 : INFO : EventManager : Event: ======'spinner_right_default_hit'====== Args={'profile': 'default', 'state': 'lit', 'advancing': False}
2026-08-11 12:49:04,837 : INFO : EventManager : Event: ======'spinner_right_default_lit_hit'====== Args={'profile': 'default', 'state': 'lit', 'advancing': False}
2026-08-11 12:49:04,837 : INFO : EventManager : Event: ======'spinner_right_lit_hit'====== Args={'profile': 'default', 'state': 'lit', 'advancing': False}
2026-08-11 12:49:04,837 : INFO : EventManager : Event: ======'player_score'====== Args={'value': 2281680, 'prev_value': 2271680, 'change': 10000, 'player_num': 1, 'source': 'base'}
2026-08-11 12:49:04,868 : INFO : SwitchController : <<<<<<< 's_44_spinner_right' inactive >>>>>>>
2026-08-11 12:49:04,965 : INFO : SwitchController : <<<<<<< 's_44_spinner_right' active >>>>>>>
2026-08-11 12:49:04,965 : INFO : EventManager : Event: ======'s_44_spinner_right_active'====== Args={}
2026-08-11 12:49:04,965 : INFO : EventManager : Event: ======'sw_playfield_active'====== Args={}
2026-08-11 12:49:04,965 : INFO : EventManager : Event: ======'sw_spinners'====== Args={}
2026-08-11 12:49:04,965 : INFO : EventManager : Event: ======'machine_var_audits_switches_s_44_spinner_right'====== Args={'value': 1241, 'prev_value': 1240, 'change': 1}
2026-08-11 12:49:04,966 : INFO : EventManager : Event: ======'machine_var_audits_shots_spinner_right'====== Args={'value': 1240, 'prev_value': 1239, 'change': 1}
2026-08-11 12:49:04,966 : INFO : EventManager : Event: ======'spinner_right_hit'====== Args={'profile': 'default', 'state': 'lit', 'advancing': False}
2026-08-11 12:49:04,966 : INFO : EventManager : Event: ======'spinner_right_default_hit'====== Args={'profile': 'default', 'state': 'lit', 'advancing': False}
2026-08-11 12:49:04,966 : INFO : EventManager : Event: ======'spinner_right_default_lit_hit'====== Args={'profile': 'default', 'state': 'lit', 'advancing': False}
2026-08-11 12:49:04,966 : INFO : EventManager : Event: ======'spinner_right_lit_hit'====== Args={'profile': 'default', 'state': 'lit', 'advancing': False}
2026-08-11 12:49:04,967 : INFO : EventManager : Event: ======'player_score'====== Args={'value': 2291680, 'prev_value': 2281680, 'change': 10000, 'player_num': 1, 'source': 'base'}
2026-08-11 12:49:05,011 : INFO : SwitchController : <<<<<<< 's_44_spinner_right' inactive >>>>>>>
2026-08-11 12:49:05,123 : INFO : SwitchController : <<<<<<< 's_44_spinner_right' active >>>>>>>
2026-08-11 12:49:05,123 : INFO : EventManager : Event: ======'s_44_spinner_right_active'====== Args={}
2026-08-11 12:49:05,123 : INFO : EventManager : Event: ======'sw_playfield_active'====== Args={}
2026-08-11 12:49:05,124 : INFO : EventManager : Event: ======'sw_spinners'====== Args={}
2026-08-11 12:49:05,124 : INFO : EventManager : Event: ======'machine_var_audits_switches_s_44_spinner_right'====== Args={'value': 1242, 'prev_value': 1241, 'change': 1}
2026-08-11 12:49:05,124 : INFO : EventManager : Event: ======'machine_var_audits_shots_spinner_right'====== Args={'value': 1241, 'prev_value': 1240, 'change': 1}
2026-08-11 12:49:05,125 : INFO : EventManager : Event: ======'spinner_right_hit'====== Args={'profile': 'default', 'state': 'lit', 'advancing': False}
2026-08-11 12:49:05,125 : INFO : EventManager : Event: ======'spinner_right_default_hit'====== Args={'profile': 'default', 'state': 'lit', 'advancing': False}
2026-08-11 12:49:05,125 : INFO : EventManager : Event: ======'spinner_right_default_lit_hit'====== Args={'profile': 'default', 'state': 'lit', 'advancing': False}
2026-08-11 12:49:05,125 : INFO : EventManager : Event: ======'spinner_right_lit_hit'====== Args={'profile': 'default', 'state': 'lit', 'advancing': False}
2026-08-11 12:49:05,126 : INFO : EventManager : Event: ======'player_score'====== Args={'value': 2301680, 'prev_value': 2291680, 'change': 10000, 'player_num': 1, 'source': 'base'}
2026-08-11 12:49:05,171 : INFO : SwitchController : <<<<<<< 's_44_spinner_right' inactive >>>>>>>
2026-08-11 12:49:05,298 : INFO : SwitchController : <<<<<<< 's_44_spinner_right' active >>>>>>>
2026-08-11 12:49:05,298 : INFO : EventManager : Event: ======'s_44_spinner_right_active'====== Args={}
2026-08-11 12:49:05,298 : INFO : EventManager : Event: ======'sw_playfield_active'====== Args={}
2026-08-11 12:49:05,298 : INFO : EventManager : Event: ======'sw_spinners'====== Args={}
2026-08-11 12:49:05,298 : INFO : EventManager : Event: ======'machine_var_audits_switches_s_44_spinner_right'====== Args={'value': 1243, 'prev_value': 1242, 'change': 1}
2026-08-11 12:49:05,299 : INFO : EventManager : Event: ======'machine_var_audits_shots_spinner_right'====== Args={'value': 1242, 'prev_value': 1241, 'change': 1}
2026-08-11 12:49:05,299 : INFO : EventManager : Event: ======'spinner_right_hit'====== Args={'profile': 'default', 'state': 'lit', 'advancing': False}
2026-08-11 12:49:05,299 : INFO : EventManager : Event: ======'spinner_right_default_hit'====== Args={'profile': 'default', 'state': 'lit', 'advancing': False}
2026-08-11 12:49:05,299 : INFO : EventManager : Event: ======'spinner_right_default_lit_hit'====== Args={'profile': 'default', 'state': 'lit', 'advancing': False}
2026-08-11 12:49:05,299 : INFO : EventManager : Event: ======'spinner_right_lit_hit'====== Args={'profile': 'default', 'state': 'lit', 'advancing': False}
2026-08-11 12:49:05,300 : INFO : EventManager : Event: ======'player_score'====== Args={'value': 2311680, 'prev_value': 2301680, 'change': 10000, 'player_num': 1, 'source': 'base'}
2026-08-11 12:49:05,344 : INFO : SwitchController : <<<<<<< 's_44_spinner_right' inactive >>>>>>>
2026-08-11 12:49:05,534 : INFO : SwitchController : <<<<<<< 's_44_spinner_right' active >>>>>>>
2026-08-11 12:49:05,534 : INFO : EventManager : Event: ======'s_44_spinner_right_active'====== Args={}
2026-08-11 12:49:05,534 : INFO : EventManager : Event: ======'sw_playfield_active'====== Args={}
2026-08-11 12:49:05,534 : INFO : EventManager : Event: ======'sw_spinners'====== Args={}
2026-08-11 12:49:05,534 : INFO : EventManager : Event: ======'machine_var_audits_switches_s_44_spinner_right'====== Args={'value': 1244, 'prev_value': 1243, 'change': 1}
2026-08-11 12:49:05,535 : INFO : EventManager : Event: ======'machine_var_audits_shots_spinner_right'====== Args={'value': 1243, 'prev_value': 1242, 'change': 1}
2026-08-11 12:49:05,535 : INFO : EventManager : Event: ======'spinner_right_hit'====== Args={'profile': 'default', 'state': 'lit', 'advancing': False}
2026-08-11 12:49:05,535 : INFO : EventManager : Event: ======'spinner_right_default_hit'====== Args={'profile': 'default', 'state': 'lit', 'advancing': False}
2026-08-11 12:49:05,535 : INFO : EventManager : Event: ======'spinner_right_default_lit_hit'====== Args={'profile': 'default', 'state': 'lit', 'advancing': False}
2026-08-11 12:49:05,535 : INFO : EventManager : Event: ======'spinner_right_lit_hit'====== Args={'profile': 'default', 'state': 'lit', 'advancing': False}
2026-08-11 12:49:05,536 : INFO : EventManager : Event: ======'player_score'====== Args={'value': 2321680, 'prev_value': 2311680, 'change': 10000, 'player_num': 1, 'source': 'base'}
2026-08-11 12:49:05,582 : INFO : SwitchController : <<<<<<< 's_44_spinner_right' inactive >>>>>>>
2026-08-11 12:49:05,806 : INFO : SwitchController : <<<<<<< 's_44_spinner_right' active >>>>>>>
2026-08-11 12:49:05,806 : INFO : EventManager : Event: ======'s_44_spinner_right_active'====== Args={}
2026-08-11 12:49:05,806 : INFO : EventManager : Event: ======'sw_playfield_active'====== Args={}
2026-08-11 12:49:05,806 : INFO : EventManager : Event: ======'sw_spinners'====== Args={}
2026-08-11 12:49:05,806 : INFO : EventManager : Event: ======'machine_var_audits_switches_s_44_spinner_right'====== Args={'value': 1245, 'prev_value': 1244, 'change': 1}
2026-08-11 12:49:05,807 : INFO : EventManager : Event: ======'machine_var_audits_shots_spinner_right'====== Args={'value': 1244, 'prev_value': 1243, 'change': 1}
2026-08-11 12:49:05,807 : INFO : EventManager : Event: ======'spinner_right_hit'====== Args={'profile': 'default', 'state': 'lit', 'advancing': False}
2026-08-11 12:49:05,807 : INFO : EventManager : Event: ======'spinner_right_default_hit'====== Args={'profile': 'default', 'state': 'lit', 'advancing': False}
2026-08-11 12:49:05,807 : INFO : EventManager : Event: ======'spinner_right_default_lit_hit'====== Args={'profile': 'default', 'state': 'lit', 'advancing': False}
2026-08-11 12:49:05,807 : INFO : EventManager : Event: ======'spinner_right_lit_hit'====== Args={'profile': 'default', 'state': 'lit', 'advancing': False}
2026-08-11 12:49:05,808 : INFO : EventManager : Event: ======'player_score'====== Args={'value': 2331680, 'prev_value': 2321680, 'change': 10000, 'player_num': 1, 'source': 'base'}
2026-08-11 12:49:05,870 : INFO : SwitchController : <<<<<<< 's_44_spinner_right' inactive >>>>>>>
2026-08-11 12:49:06,031 : INFO : SwitchController : <<<<<<< 's_44_spinner_right' active >>>>>>>
2026-08-11 12:49:06,031 : INFO : EventManager : Event: ======'s_44_spinner_right_active'====== Args={}
2026-08-11 12:49:06,031 : INFO : EventManager : Event: ======'sw_playfield_active'====== Args={}
2026-08-11 12:49:06,031 : INFO : EventManager : Event: ======'sw_spinners'====== Args={}
2026-08-11 12:49:06,031 : INFO : EventManager : Event: ======'machine_var_audits_switches_s_44_spinner_right'====== Args={'value': 1246, 'prev_value': 1245, 'change': 1}
2026-08-11 12:49:06,032 : INFO : EventManager : Event: ======'machine_var_audits_shots_spinner_right'====== Args={'value': 1245, 'prev_value': 1244, 'change': 1}
2026-08-11 12:49:06,032 : INFO : EventManager : Event: ======'spinner_right_hit'====== Args={'profile': 'default', 'state': 'lit', 'advancing': False}
2026-08-11 12:49:06,032 : INFO : EventManager : Event: ======'spinner_right_default_hit'====== Args={'profile': 'default', 'state': 'lit', 'advancing': False}
2026-08-11 12:49:06,032 : INFO : EventManager : Event: ======'spinner_right_default_lit_hit'====== Args={'profile': 'default', 'state': 'lit', 'advancing': False}
2026-08-11 12:49:06,032 : INFO : EventManager : Event: ======'spinner_right_lit_hit'====== Args={'profile': 'default', 'state': 'lit', 'advancing': False}
2026-08-11 12:49:06,033 : INFO : EventManager : Event: ======'player_score'====== Args={'value': 2341680, 'prev_value': 2331680, 'change': 10000, 'player_num': 1, 'source': 'base'}
2026-08-11 12:49:06,093 : INFO : SwitchController : <<<<<<< 's_44_spinner_right' inactive >>>>>>>
2026-08-11 12:49:06,251 : INFO : SwitchController : <<<<<<< 's_44_spinner_right' active >>>>>>>
2026-08-11 12:49:06,251 : INFO : EventManager : Event: ======'s_44_spinner_right_active'====== Args={}
2026-08-11 12:49:06,251 : INFO : EventManager : Event: ======'sw_playfield_active'====== Args={}
2026-08-11 12:49:06,251 : INFO : EventManager : Event: ======'sw_spinners'====== Args={}
2026-08-11 12:49:06,251 : INFO : EventManager : Event: ======'machine_var_audits_switches_s_44_spinner_right'====== Args={'value': 1247, 'prev_value': 1246, 'change': 1}
2026-08-11 12:49:06,252 : INFO : EventManager : Event: ======'machine_var_audits_shots_spinner_right'====== Args={'value': 1246, 'prev_value': 1245, 'change': 1}
2026-08-11 12:49:06,252 : INFO : EventManager : Event: ======'spinner_right_hit'====== Args={'profile': 'default', 'state': 'lit', 'advancing': False}
2026-08-11 12:49:06,252 : INFO : EventManager : Event: ======'spinner_right_default_hit'====== Args={'profile': 'default', 'state': 'lit', 'advancing': False}
2026-08-11 12:49:06,252 : INFO : EventManager : Event: ======'spinner_right_default_lit_hit'====== Args={'profile': 'default', 'state': 'lit', 'advancing': False}
2026-08-11 12:49:06,252 : INFO : EventManager : Event: ======'spinner_right_lit_hit'====== Args={'profile': 'default', 'state': 'lit', 'advancing': False}
2026-08-11 12:49:06,253 : INFO : EventManager : Event: ======'player_score'====== Args={'value': 2351680, 'prev_value': 2341680, 'change': 10000, 'player_num': 1, 'source': 'base'}
2026-08-11 12:49:06,331 : INFO : SwitchController : <<<<<<< 's_44_spinner_right' inactive >>>>>>>
2026-08-11 12:49:06,363 : INFO : EventManager : Event: ======'multiball_brain_rot_multiball_shoot_again_ended'====== Args={}
2026-08-11 12:49:06,456 : INFO : SwitchController : <<<<<<< 's_44_spinner_right' active >>>>>>>
2026-08-11 12:49:06,456 : INFO : EventManager : Event: ======'s_44_spinner_right_active'====== Args={}
2026-08-11 12:49:06,456 : INFO : EventManager : Event: ======'sw_playfield_active'====== Args={}
2026-08-11 12:49:06,456 : INFO : EventManager : Event: ======'sw_spinners'====== Args={}
2026-08-11 12:49:06,456 : INFO : EventManager : Event: ======'machine_var_audits_switches_s_44_spinner_right'====== Args={'value': 1248, 'prev_value': 1247, 'change': 1}
2026-08-11 12:49:06,457 : INFO : EventManager : Event: ======'machine_var_audits_shots_spinner_right'====== Args={'value': 1247, 'prev_value': 1246, 'change': 1}
2026-08-11 12:49:06,457 : INFO : EventManager : Event: ======'spinner_right_hit'====== Args={'profile': 'default', 'state': 'lit', 'advancing': False}
2026-08-11 12:49:06,457 : INFO : EventManager : Event: ======'spinner_right_default_hit'====== Args={'profile': 'default', 'state': 'lit', 'advancing': False}
2026-08-11 12:49:06,457 : INFO : EventManager : Event: ======'spinner_right_default_lit_hit'====== Args={'profile': 'default', 'state': 'lit', 'advancing': False}
2026-08-11 12:49:06,457 : INFO : EventManager : Event: ======'spinner_right_lit_hit'====== Args={'profile': 'default', 'state': 'lit', 'advancing': False}
2026-08-11 12:49:06,458 : INFO : EventManager : Event: ======'player_score'====== Args={'value': 2361680, 'prev_value': 2351680, 'change': 10000, 'player_num': 1, 'source': 'base'}
2026-08-11 12:49:06,552 : INFO : SwitchController : <<<<<<< 's_44_spinner_right' inactive >>>>>>>
2026-08-11 12:49:06,680 : INFO : SwitchController : <<<<<<< 's_44_spinner_right' active >>>>>>>
2026-08-11 12:49:06,680 : INFO : EventManager : Event: ======'s_44_spinner_right_active'====== Args={}
2026-08-11 12:49:06,680 : INFO : EventManager : Event: ======'sw_playfield_active'====== Args={}
2026-08-11 12:49:06,680 : INFO : EventManager : Event: ======'sw_spinners'====== Args={}
2026-08-11 12:49:06,680 : INFO : EventManager : Event: ======'machine_var_audits_switches_s_44_spinner_right'====== Args={'value': 1249, 'prev_value': 1248, 'change': 1}
2026-08-11 12:49:06,681 : INFO : EventManager : Event: ======'machine_var_audits_shots_spinner_right'====== Args={'value': 1248, 'prev_value': 1247, 'change': 1}
2026-08-11 12:49:06,681 : INFO : EventManager : Event: ======'spinner_right_hit'====== Args={'profile': 'default', 'state': 'lit', 'advancing': False}
2026-08-11 12:49:06,681 : INFO : EventManager : Event: ======'spinner_right_default_hit'====== Args={'profile': 'default', 'state': 'lit', 'advancing': False}
2026-08-11 12:49:06,681 : INFO : EventManager : Event: ======'spinner_right_default_lit_hit'====== Args={'profile': 'default', 'state': 'lit', 'advancing': False}
2026-08-11 12:49:06,682 : INFO : EventManager : Event: ======'spinner_right_lit_hit'====== Args={'profile': 'default', 'state': 'lit', 'advancing': False}
2026-08-11 12:49:06,682 : INFO : EventManager : Event: ======'player_score'====== Args={'value': 2371680, 'prev_value': 2361680, 'change': 10000, 'player_num': 1, 'source': 'base'}
2026-08-11 12:49:06,793 : INFO : SwitchController : <<<<<<< 's_44_spinner_right' inactive >>>>>>>
2026-08-11 12:49:06,887 : INFO : SwitchController : <<<<<<< 's_44_spinner_right' active >>>>>>>
2026-08-11 12:49:06,887 : INFO : EventManager : Event: ======'s_44_spinner_right_active'====== Args={}
2026-08-11 12:49:06,887 : INFO : EventManager : Event: ======'sw_playfield_active'====== Args={}
2026-08-11 12:49:06,887 : INFO : EventManager : Event: ======'sw_spinners'====== Args={}
2026-08-11 12:49:06,887 : INFO : EventManager : Event: ======'machine_var_audits_switches_s_44_spinner_right'====== Args={'value': 1250, 'prev_value': 1249, 'change': 1}
2026-08-11 12:49:06,888 : INFO : EventManager : Event: ======'machine_var_audits_shots_spinner_right'====== Args={'value': 1249, 'prev_value': 1248, 'change': 1}
2026-08-11 12:49:06,888 : INFO : EventManager : Event: ======'spinner_right_hit'====== Args={'profile': 'default', 'state': 'lit', 'advancing': False}
2026-08-11 12:49:06,888 : INFO : EventManager : Event: ======'spinner_right_default_hit'====== Args={'profile': 'default', 'state': 'lit', 'advancing': False}
2026-08-11 12:49:06,889 : INFO : EventManager : Event: ======'spinner_right_default_lit_hit'====== Args={'profile': 'default', 'state': 'lit', 'advancing': False}
2026-08-11 12:49:06,889 : INFO : EventManager : Event: ======'spinner_right_lit_hit'====== Args={'profile': 'default', 'state': 'lit', 'advancing': False}
2026-08-11 12:49:06,889 : INFO : EventManager : Event: ======'player_score'====== Args={'value': 2381680, 'prev_value': 2371680, 'change': 10000, 'player_num': 1, 'source': 'base'}
2026-08-11 12:49:07,031 : INFO : SwitchController : <<<<<<< 's_44_spinner_right' inactive >>>>>>>
2026-08-11 12:49:07,094 : INFO : SwitchController : <<<<<<< 's_44_spinner_right' active >>>>>>>
2026-08-11 12:49:07,094 : INFO : EventManager : Event: ======'s_44_spinner_right_active'====== Args={}
2026-08-11 12:49:07,095 : INFO : EventManager : Event: ======'sw_playfield_active'====== Args={}
2026-08-11 12:49:07,095 : INFO : EventManager : Event: ======'sw_spinners'====== Args={}
2026-08-11 12:49:07,095 : INFO : EventManager : Event: ======'machine_var_audits_switches_s_44_spinner_right'====== Args={'value': 1251, 'prev_value': 1250, 'change': 1}
2026-08-11 12:49:07,096 : INFO : EventManager : Event: ======'machine_var_audits_shots_spinner_right'====== Args={'value': 1250, 'prev_value': 1249, 'change': 1}
2026-08-11 12:49:07,096 : INFO : EventManager : Event: ======'spinner_right_hit'====== Args={'profile': 'default', 'state': 'lit', 'advancing': False}
2026-08-11 12:49:07,096 : INFO : EventManager : Event: ======'spinner_right_default_hit'====== Args={'profile': 'default', 'state': 'lit', 'advancing': False}
2026-08-11 12:49:07,096 : INFO : EventManager : Event: ======'spinner_right_default_lit_hit'====== Args={'profile': 'default', 'state': 'lit', 'advancing': False}
2026-08-11 12:49:07,096 : INFO : EventManager : Event: ======'spinner_right_lit_hit'====== Args={'profile': 'default', 'state': 'lit', 'advancing': False}
2026-08-11 12:49:07,097 : INFO : EventManager : Event: ======'player_score'====== Args={'value': 2391680, 'prev_value': 2381680, 'change': 10000, 'player_num': 1, 'source': 'base'}
2026-08-11 12:49:07,748 : INFO : SwitchController : <<<<<<< 's_80_stand_up_target_2' active >>>>>>>
2026-08-11 12:49:07,748 : INFO : EventManager : Event: ======'s_80_stand_up_target_2_active'====== Args={}
2026-08-11 12:49:07,748 : INFO : EventManager : Event: ======'sw_playfield_active'====== Args={}
2026-08-11 12:49:07,748 : INFO : EventManager : Event: ======'sw_standups'====== Args={}
2026-08-11 12:49:07,748 : INFO : EventManager : Event: ======'machine_var_audits_switches_s_80_stand_up_target_2'====== Args={'value': 42, 'prev_value': 41, 'change': 1}
2026-08-11 12:49:07,749 : INFO : EventManager : Event: ======'stars_s80_off'====== Args={'priority': 0}
2026-08-11 12:49:07,749 : INFO : EventManager : Event: ======'stars_s80_hold_stop'====== Args={'priority': 0}
2026-08-11 12:49:07,749 : INFO : EventManager : Event: ======'stars_s80_hold_reset'====== Args={'priority': 0}
2026-08-11 12:49:07,749 : INFO : EventManager : Event: ======'stars_monitor_s80_off'====== Args={'priority': 0}
2026-08-11 12:49:07,749 : INFO : EventManager : Event: ======'player_stars_s80_qualified'====== Args={'value': 0, 'prev_value': 1, 'change': -1, 'player_num': 1, 'source': 'stars_mode'}
2026-08-11 12:49:07,749 : INFO : EventManager : Event: ======'player_stars_targets_lit_count'====== Args={'value': 1, 'prev_value': 2, 'change': -1, 'player_num': 1, 'source': 'stars_mode'}
2026-08-11 12:49:07,749 : INFO : EventManager : Event: ======'player_stars_s80_on'====== Args={'value': 0, 'prev_value': 1, 'change': -1, 'player_num': 1, 'source': 'stars_mode'}
2026-08-11 12:49:07,750 : INFO : Timer.stars_s80_hold : Stopping Timer
2026-08-11 12:49:07,750 : INFO : EventManager : Event: ======'timer_stars_s80_hold_stopped'====== Args={'ticks': 1, 'ticks_remaining': 1}
2026-08-11 12:49:07,750 : INFO : EventManager : Event: ======'player_stars_mode_stars_s80_hold_tick'====== Args={'value': 0, 'prev_value': 1, 'change': -1, 'player_num': 1}
2026-08-11 12:49:07,750 : INFO : EventManager : Event: ======'player_score'====== Args={'value': 2391722, 'prev_value': 2391680, 'change': 42, 'player_num': 1, 'source': 'base'}
2026-08-11 12:49:07,764 : INFO : SwitchController : <<<<<<< 's_80_stand_up_target_2' inactive >>>>>>>
2026-08-11 12:49:08,114 : INFO : SwitchController : <<<<<<< 's_81_saucer_left' active >>>>>>>
2026-08-11 12:49:08,114 : INFO : EventManager : Event: ======'s_81_saucer_left_active'====== Args={}
2026-08-11 12:49:08,114 : INFO : EventManager : Event: ======'sw_scoop'====== Args={}
2026-08-11 12:49:08,114 : INFO : EventManager : Event: ======'machine_var_audits_switches_s_81_saucer_left'====== Args={'value': 212, 'prev_value': 211, 'change': 1}
2026-08-11 12:49:08,115 : INFO : EventManager : Event: ======'awareness_consume_ready_display_stop'====== Args={'priority': 0}
2026-08-11 12:49:08,115 : INFO : EventManager : Event: ======'awareness_consume_ready_lightshow_stop'====== Args={'priority': 0}
2026-08-11 12:49:08,115 : INFO : EventManager : Event: ======'start_mode_brain_rot'====== Args={'priority': 0}
2026-08-11 12:49:08,116 : INFO : EventManager : Event: ======'player_score'====== Args={'value': 2391764, 'prev_value': 2391722, 'change': 42, 'player_num': 1, 'source': 'base'}
2026-08-11 12:49:08,126 : INFO : EventManager : Event: ======'widget_ObjectiveWidget_removed'====== Args={'_from_bcp': True}
2026-08-11 12:49:08,623 : INFO : EventManager : Event: ======'balldevice_bd_left_vuk_ball_count_changed'====== Args={'balls': 1}
2026-08-11 12:49:08,623 : INFO : ball_device.bd_left_vuk : Received unexpected ball
2026-08-11 12:49:08,623 : INFO : EventManager : Event: ======'balldevice_captured_from_playfield'====== Args={'balls': 1}
2026-08-11 12:49:08,624 : INFO : EventManager : Event: ======'sw_playfield_active'====== Args={'balls': 1}
2026-08-11 12:49:08,624 : INFO : EventManager : Event: ======'playfield_ball_count_change'====== Args={'balls': 1, 'change': -1}
2026-08-11 12:49:08,625 : INFO : EventManager : Event: ======'balldevice_bd_left_vuk_ball_enter'====== Args={'new_balls': 1, 'unclaimed_balls': 1, 'new_available_balls': 1, 'device': <ball_device.bd_left_vuk>}
2026-08-11 12:49:08,625 : INFO : EventManager : Event: ======'ball_hold_brain_rot_left_saucer_hold_held_ball'====== Args={'balls_held': 1, 'total_balls_held': 1}
2026-08-11 12:49:08,625 : INFO : EventManager : Event: ======'ball_hold_brain_rot_left_saucer_hold_full'====== Args={'balls': 1}
2026-08-11 12:49:08,625 : INFO : EventManager : Event: ======'brain_rot_left_ball_locked'====== Args={'priority': 0}
2026-08-11 12:49:08,626 : INFO : EventManager : Event: ======'player_brain_rot_stage'====== Args={'value': 3, 'prev_value': 2, 'change': 1, 'player_num': 1, 'source': 'brain_rot'}
2026-08-11 12:49:08,626 : INFO : EventManager : Event: ======'player_brain_rot_left_ball_locked'====== Args={'value': 1, 'prev_value': 0, 'change': 1, 'player_num': 1, 'source': 'brain_rot'}
2026-08-11 12:49:08,627 : INFO : EventManager : Event: ======'balldevice_balls_available'====== Args={}
2026-08-11 12:49:08,627 : INFO : EventManager : Event: ======'balldevice_bd_left_vuk_ball_entered'====== Args={'new_balls': 1, 'device': <ball_device.bd_left_vuk>}
2026-08-11 12:49:08,634 : INFO : EventManager : Event: ======'widget_objective_widget_active'====== Args={'original_context': 'brain_rot', 'original_calling_context': 'brain_rot_left_ball_locked', 'priority': 1000.0, 'cmd': 'widgets_play', '_from_bcp': True}
2026-08-11 12:49:13,439 : INFO : ball_device.bd_trough : State: failed_confirm
2026-08-11 12:49:13,439 : INFO : ball_device.bd_trough : Got timeout (10.0s) before confirm from <ball_device.bd_plunger>
2026-08-11 12:49:13,440 : INFO : ball_device.bd_plunger : Expecting incoming ball which may skip the device.
2026-08-11 12:49:13,440 : INFO : EventManager : Event: ======'balldevice_bd_plunger_ejecting_ball'====== Args={'balls': 1, 'target': <playfield.playfield>, 'source': <ball_device.bd_plunger>, 'mechanical_eject': False, 'num_attempts': 1}
2026-08-11 12:49:15,226 : INFO : SwitchController : <<<<<<< 's_44_spinner_right' inactive >>>>>>>
2026-08-11 12:49:15,290 : INFO : SwitchController : <<<<<<< 's_44_spinner_right' active >>>>>>>
2026-08-11 12:49:15,290 : INFO : EventManager : Event: ======'s_44_spinner_right_active'====== Args={}
2026-08-11 12:49:15,290 : INFO : EventManager : Event: ======'sw_playfield_active'====== Args={}
2026-08-11 12:49:15,290 : INFO : EventManager : Event: ======'sw_spinners'====== Args={}
2026-08-11 12:49:15,290 : INFO : EventManager : Event: ======'machine_var_audits_switches_s_44_spinner_right'====== Args={'value': 1252, 'prev_value': 1251, 'change': 1}
2026-08-11 12:49:15,291 : INFO : EventManager : Event: ======'brain_rot_right_saucer_open'====== Args={'priority': 0}
2026-08-11 12:49:15,291 : INFO : EventManager : Event: ======'machine_var_audits_shots_spinner_right'====== Args={'value': 1251, 'prev_value': 1250, 'change': 1}
2026-08-11 12:49:15,292 : INFO : EventManager : Event: ======'spinner_right_hit'====== Args={'profile': 'default', 'state': 'lit', 'advancing': False}
2026-08-11 12:49:15,292 : INFO : EventManager : Event: ======'spinner_right_default_hit'====== Args={'profile': 'default', 'state': 'lit', 'advancing': False}
2026-08-11 12:49:15,292 : INFO : EventManager : Event: ======'spinner_right_default_lit_hit'====== Args={'profile': 'default', 'state': 'lit', 'advancing': False}
2026-08-11 12:49:15,292 : INFO : EventManager : Event: ======'spinner_right_lit_hit'====== Args={'profile': 'default', 'state': 'lit', 'advancing': False}
2026-08-11 12:49:15,292 : INFO : EventManager : Event: ======'player_brain_rot_stage'====== Args={'value': 4, 'prev_value': 3, 'change': 1, 'player_num': 1, 'source': 'brain_rot'}
2026-08-11 12:49:15,292 : INFO : EventManager : Event: ======'player_brain_rot_right_saucer_open'====== Args={'value': 1, 'prev_value': 0, 'change': 1, 'player_num': 1, 'source': 'brain_rot'}
2026-08-11 12:49:15,293 : INFO : EventManager : Event: ======'player_score'====== Args={'value': 2401764, 'prev_value': 2391764, 'change': 10000, 'player_num': 1, 'source': 'base'}
2026-08-11 12:49:15,370 : INFO : SwitchController : <<<<<<< 's_44_spinner_right' inactive >>>>>>>
2026-08-11 12:49:15,769 : INFO : SwitchController : <<<<<<< 's_44_spinner_right' active >>>>>>>
2026-08-11 12:49:15,769 : INFO : EventManager : Event: ======'s_44_spinner_right_active'====== Args={}
2026-08-11 12:49:15,769 : INFO : EventManager : Event: ======'sw_playfield_active'====== Args={}
2026-08-11 12:49:15,769 : INFO : EventManager : Event: ======'sw_spinners'====== Args={}
2026-08-11 12:49:15,769 : INFO : EventManager : Event: ======'machine_var_audits_switches_s_44_spinner_right'====== Args={'value': 1253, 'prev_value': 1252, 'change': 1}
2026-08-11 12:49:15,770 : INFO : EventManager : Event: ======'machine_var_audits_shots_spinner_right'====== Args={'value': 1252, 'prev_value': 1251, 'change': 1}
2026-08-11 12:49:15,770 : INFO : EventManager : Event: ======'spinner_right_hit'====== Args={'profile': 'default', 'state': 'lit', 'advancing': False}
2026-08-11 12:49:15,770 : INFO : EventManager : Event: ======'spinner_right_default_hit'====== Args={'profile': 'default', 'state': 'lit', 'advancing': False}
2026-08-11 12:49:15,771 : INFO : EventManager : Event: ======'spinner_right_default_lit_hit'====== Args={'profile': 'default', 'state': 'lit', 'advancing': False}
2026-08-11 12:49:15,771 : INFO : EventManager : Event: ======'spinner_right_lit_hit'====== Args={'profile': 'default', 'state': 'lit', 'advancing': False}
2026-08-11 12:49:15,771 : INFO : EventManager : Event: ======'player_score'====== Args={'value': 2411764, 'prev_value': 2401764, 'change': 10000, 'player_num': 1, 'source': 'base'}
2026-08-11 12:49:15,912 : INFO : SwitchController : <<<<<<< 's_44_spinner_right' inactive >>>>>>>
2026-08-11 12:49:16,025 : INFO : SwitchController : <<<<<<< 's_44_spinner_right' active >>>>>>>
2026-08-11 12:49:16,025 : INFO : EventManager : Event: ======'s_44_spinner_right_active'====== Args={}
2026-08-11 12:49:16,025 : INFO : EventManager : Event: ======'sw_playfield_active'====== Args={}
2026-08-11 12:49:16,025 : INFO : EventManager : Event: ======'sw_spinners'====== Args={}
2026-08-11 12:49:16,025 : INFO : EventManager : Event: ======'machine_var_audits_switches_s_44_spinner_right'====== Args={'value': 1254, 'prev_value': 1253, 'change': 1}
2026-08-11 12:49:16,026 : INFO : EventManager : Event: ======'machine_var_audits_shots_spinner_right'====== Args={'value': 1253, 'prev_value': 1252, 'change': 1}
2026-08-11 12:49:16,026 : INFO : EventManager : Event: ======'spinner_right_hit'====== Args={'profile': 'default', 'state': 'lit', 'advancing': False}
2026-08-11 12:49:16,026 : INFO : EventManager : Event: ======'spinner_right_default_hit'====== Args={'profile': 'default', 'state': 'lit', 'advancing': False}
2026-08-11 12:49:16,026 : INFO : EventManager : Event: ======'spinner_right_default_lit_hit'====== Args={'profile': 'default', 'state': 'lit', 'advancing': False}
2026-08-11 12:49:16,026 : INFO : EventManager : Event: ======'spinner_right_lit_hit'====== Args={'profile': 'default', 'state': 'lit', 'advancing': False}
2026-08-11 12:49:16,027 : INFO : EventManager : Event: ======'player_score'====== Args={'value': 2421764, 'prev_value': 2411764, 'change': 10000, 'player_num': 1, 'source': 'base'}
2026-08-11 12:49:16,150 : INFO : SwitchController : <<<<<<< 's_44_spinner_right' inactive >>>>>>>
2026-08-11 12:49:16,229 : INFO : SwitchController : <<<<<<< 's_44_spinner_right' active >>>>>>>
2026-08-11 12:49:16,229 : INFO : EventManager : Event: ======'s_44_spinner_right_active'====== Args={}
2026-08-11 12:49:16,230 : INFO : EventManager : Event: ======'sw_playfield_active'====== Args={}
2026-08-11 12:49:16,230 : INFO : EventManager : Event: ======'sw_spinners'====== Args={}
2026-08-11 12:49:16,230 : INFO : EventManager : Event: ======'machine_var_audits_switches_s_44_spinner_right'====== Args={'value': 1255, 'prev_value': 1254, 'change': 1}
2026-08-11 12:49:16,231 : INFO : EventManager : Event: ======'machine_var_audits_shots_spinner_right'====== Args={'value': 1254, 'prev_value': 1253, 'change': 1}
2026-08-11 12:49:16,231 : INFO : EventManager : Event: ======'spinner_right_hit'====== Args={'profile': 'default', 'state': 'lit', 'advancing': False}
2026-08-11 12:49:16,231 : INFO : EventManager : Event: ======'spinner_right_default_hit'====== Args={'profile': 'default', 'state': 'lit', 'advancing': False}
2026-08-11 12:49:16,231 : INFO : EventManager : Event: ======'spinner_right_default_lit_hit'====== Args={'profile': 'default', 'state': 'lit', 'advancing': False}
2026-08-11 12:49:16,231 : INFO : EventManager : Event: ======'spinner_right_lit_hit'====== Args={'profile': 'default', 'state': 'lit', 'advancing': False}
2026-08-11 12:49:16,232 : INFO : EventManager : Event: ======'player_score'====== Args={'value': 2431764, 'prev_value': 2421764, 'change': 10000, 'player_num': 1, 'source': 'base'}
2026-08-11 12:49:16,388 : INFO : SwitchController : <<<<<<< 's_44_spinner_right' inactive >>>>>>>
2026-08-11 12:49:16,452 : INFO : SwitchController : <<<<<<< 's_44_spinner_right' active >>>>>>>
2026-08-11 12:49:16,452 : INFO : EventManager : Event: ======'s_44_spinner_right_active'====== Args={}
2026-08-11 12:49:16,452 : INFO : EventManager : Event: ======'sw_playfield_active'====== Args={}
2026-08-11 12:49:16,452 : INFO : EventManager : Event: ======'sw_spinners'====== Args={}
2026-08-11 12:49:16,452 : INFO : EventManager : Event: ======'machine_var_audits_switches_s_44_spinner_right'====== Args={'value': 1256, 'prev_value': 1255, 'change': 1}
2026-08-11 12:49:16,453 : INFO : EventManager : Event: ======'machine_var_audits_shots_spinner_right'====== Args={'value': 1255, 'prev_value': 1254, 'change': 1}
2026-08-11 12:49:16,453 : INFO : EventManager : Event: ======'spinner_right_hit'====== Args={'profile': 'default', 'state': 'lit', 'advancing': False}
2026-08-11 12:49:16,453 : INFO : EventManager : Event: ======'spinner_right_default_hit'====== Args={'profile': 'default', 'state': 'lit', 'advancing': False}
2026-08-11 12:49:16,453 : INFO : EventManager : Event: ======'spinner_right_default_lit_hit'====== Args={'profile': 'default', 'state': 'lit', 'advancing': False}
2026-08-11 12:49:16,453 : INFO : EventManager : Event: ======'spinner_right_lit_hit'====== Args={'profile': 'default', 'state': 'lit', 'advancing': False}
2026-08-11 12:49:16,454 : INFO : EventManager : Event: ======'player_score'====== Args={'value': 2441764, 'prev_value': 2431764, 'change': 10000, 'player_num': 1, 'source': 'base'}
2026-08-11 12:49:16,548 : INFO : SwitchController : <<<<<<< 's_44_spinner_right' inactive >>>>>>>
2026-08-11 12:49:16,788 : INFO : SwitchController : <<<<<<< 's_44_spinner_right' active >>>>>>>
2026-08-11 12:49:16,788 : INFO : EventManager : Event: ======'s_44_spinner_right_active'====== Args={}
2026-08-11 12:49:16,788 : INFO : EventManager : Event: ======'sw_playfield_active'====== Args={}
2026-08-11 12:49:16,788 : INFO : EventManager : Event: ======'sw_spinners'====== Args={}
2026-08-11 12:49:16,789 : INFO : EventManager : Event: ======'machine_var_audits_switches_s_44_spinner_right'====== Args={'value': 1257, 'prev_value': 1256, 'change': 1}
2026-08-11 12:49:16,789 : INFO : EventManager : Event: ======'machine_var_audits_shots_spinner_right'====== Args={'value': 1256, 'prev_value': 1255, 'change': 1}
2026-08-11 12:49:16,789 : INFO : EventManager : Event: ======'spinner_right_hit'====== Args={'profile': 'default', 'state': 'lit', 'advancing': False}
2026-08-11 12:49:16,790 : INFO : EventManager : Event: ======'spinner_right_default_hit'====== Args={'profile': 'default', 'state': 'lit', 'advancing': False}
2026-08-11 12:49:16,790 : INFO : EventManager : Event: ======'spinner_right_default_lit_hit'====== Args={'profile': 'default', 'state': 'lit', 'advancing': False}
2026-08-11 12:49:16,790 : INFO : EventManager : Event: ======'spinner_right_lit_hit'====== Args={'profile': 'default', 'state': 'lit', 'advancing': False}
2026-08-11 12:49:16,790 : INFO : EventManager : Event: ======'player_score'====== Args={'value': 2451764, 'prev_value': 2441764, 'change': 10000, 'player_num': 1, 'source': 'base'}
2026-08-11 12:49:16,820 : INFO : SwitchController : <<<<<<< 's_44_spinner_right' inactive >>>>>>>
2026-08-11 12:49:16,916 : INFO : SwitchController : <<<<<<< 's_44_spinner_right' active >>>>>>>
2026-08-11 12:49:16,916 : INFO : EventManager : Event: ======'s_44_spinner_right_active'====== Args={}
2026-08-11 12:49:16,916 : INFO : EventManager : Event: ======'sw_playfield_active'====== Args={}
2026-08-11 12:49:16,916 : INFO : EventManager : Event: ======'sw_spinners'====== Args={}
2026-08-11 12:49:16,916 : INFO : EventManager : Event: ======'machine_var_audits_switches_s_44_spinner_right'====== Args={'value': 1258, 'prev_value': 1257, 'change': 1}
2026-08-11 12:49:16,917 : INFO : EventManager : Event: ======'machine_var_audits_shots_spinner_right'====== Args={'value': 1257, 'prev_value': 1256, 'change': 1}
2026-08-11 12:49:16,917 : INFO : EventManager : Event: ======'spinner_right_hit'====== Args={'profile': 'default', 'state': 'lit', 'advancing': False}
2026-08-11 12:49:16,917 : INFO : EventManager : Event: ======'spinner_right_default_hit'====== Args={'profile': 'default', 'state': 'lit', 'advancing': False}
2026-08-11 12:49:16,917 : INFO : EventManager : Event: ======'spinner_right_default_lit_hit'====== Args={'profile': 'default', 'state': 'lit', 'advancing': False}
2026-08-11 12:49:16,917 : INFO : EventManager : Event: ======'spinner_right_lit_hit'====== Args={'profile': 'default', 'state': 'lit', 'advancing': False}
2026-08-11 12:49:16,918 : INFO : EventManager : Event: ======'player_score'====== Args={'value': 2461764, 'prev_value': 2451764, 'change': 10000, 'player_num': 1, 'source': 'base'}
2026-08-11 12:49:16,948 : INFO : SwitchController : <<<<<<< 's_44_spinner_right' inactive >>>>>>>
2026-08-11 12:49:17,076 : INFO : SwitchController : <<<<<<< 's_44_spinner_right' active >>>>>>>
2026-08-11 12:49:17,076 : INFO : EventManager : Event: ======'s_44_spinner_right_active'====== Args={}
2026-08-11 12:49:17,076 : INFO : EventManager : Event: ======'sw_playfield_active'====== Args={}
2026-08-11 12:49:17,076 : INFO : EventManager : Event: ======'sw_spinners'====== Args={}
2026-08-11 12:49:17,076 : INFO : EventManager : Event: ======'machine_var_audits_switches_s_44_spinner_right'====== Args={'value': 1259, 'prev_value': 1258, 'change': 1}
2026-08-11 12:49:17,077 : INFO : EventManager : Event: ======'machine_var_audits_shots_spinner_right'====== Args={'value': 1258, 'prev_value': 1257, 'change': 1}
2026-08-11 12:49:17,078 : INFO : EventManager : Event: ======'spinner_right_hit'====== Args={'profile': 'default', 'state': 'lit', 'advancing': False}
2026-08-11 12:49:17,078 : INFO : EventManager : Event: ======'spinner_right_default_hit'====== Args={'profile': 'default', 'state': 'lit', 'advancing': False}
2026-08-11 12:49:17,078 : INFO : EventManager : Event: ======'spinner_right_default_lit_hit'====== Args={'profile': 'default', 'state': 'lit', 'advancing': False}
2026-08-11 12:49:17,078 : INFO : EventManager : Event: ======'spinner_right_lit_hit'====== Args={'profile': 'default', 'state': 'lit', 'advancing': False}
2026-08-11 12:49:17,079 : INFO : EventManager : Event: ======'player_score'====== Args={'value': 2471764, 'prev_value': 2461764, 'change': 10000, 'player_num': 1, 'source': 'base'}
2026-08-11 12:49:17,107 : INFO : SwitchController : <<<<<<< 's_44_spinner_right' inactive >>>>>>>
2026-08-11 12:49:17,250 : INFO : SwitchController : <<<<<<< 's_44_spinner_right' active >>>>>>>
2026-08-11 12:49:17,250 : INFO : EventManager : Event: ======'s_44_spinner_right_active'====== Args={}
2026-08-11 12:49:17,250 : INFO : EventManager : Event: ======'sw_playfield_active'====== Args={}
2026-08-11 12:49:17,250 : INFO : EventManager : Event: ======'sw_spinners'====== Args={}
2026-08-11 12:49:17,250 : INFO : EventManager : Event: ======'machine_var_audits_switches_s_44_spinner_right'====== Args={'value': 1260, 'prev_value': 1259, 'change': 1}
2026-08-11 12:49:17,251 : INFO : EventManager : Event: ======'machine_var_audits_shots_spinner_right'====== Args={'value': 1259, 'prev_value': 1258, 'change': 1}
2026-08-11 12:49:17,251 : INFO : EventManager : Event: ======'spinner_right_hit'====== Args={'profile': 'default', 'state': 'lit', 'advancing': False}
2026-08-11 12:49:17,251 : INFO : EventManager : Event: ======'spinner_right_default_hit'====== Args={'profile': 'default', 'state': 'lit', 'advancing': False}
2026-08-11 12:49:17,251 : INFO : EventManager : Event: ======'spinner_right_default_lit_hit'====== Args={'profile': 'default', 'state': 'lit', 'advancing': False}
2026-08-11 12:49:17,251 : INFO : EventManager : Event: ======'spinner_right_lit_hit'====== Args={'profile': 'default', 'state': 'lit', 'advancing': False}
2026-08-11 12:49:17,252 : INFO : EventManager : Event: ======'player_score'====== Args={'value': 2481764, 'prev_value': 2471764, 'change': 10000, 'player_num': 1, 'source': 'base'}
2026-08-11 12:49:17,298 : INFO : SwitchController : <<<<<<< 's_44_spinner_right' inactive >>>>>>>
2026-08-11 12:49:17,456 : INFO : ball_device.bd_plunger : Got confirm for skipping ball.
2026-08-11 12:49:17,456 : INFO : ball_device.bd_plunger : Eject successful
2026-08-11 12:49:17,456 : INFO : EventManager : Event: ======'balldevice_bd_plunger_ball_eject_success'====== Args={'balls': 1, 'target': <playfield.playfield>}
2026-08-11 12:49:17,456 : INFO : EventManager : Event: ======'balldevice_playfield_ball_enter'====== Args={'new_balls': 1, 'unclaimed_balls': 1, 'device': <playfield.playfield>}
2026-08-11 12:49:17,456 : INFO : EventManager : Event: ======'playfield_ball_count_change'====== Args={'balls': 2, 'change': 1}
2026-08-11 12:49:17,457 : INFO : ball_device.bd_plunger : State: idle
2026-08-11 12:49:17,458 : INFO : ball_device.bd_trough : Eject successful
2026-08-11 12:49:17,459 : INFO : EventManager : Event: ======'balldevice_bd_trough_ball_eject_success'====== Args={'balls': 1, 'target': <ball_device.bd_plunger>}
2026-08-11 12:49:17,459 : INFO : EventManager : Event: ======'balldevice_bd_trough_ball_count_changed'====== Args={'balls': 0}
2026-08-11 12:49:17,459 : INFO : ball_device.bd_trough : State: idle
2026-08-11 12:49:17,504 : INFO : SwitchController : <<<<<<< 's_44_spinner_right' active >>>>>>>
2026-08-11 12:49:17,504 : INFO : EventManager : Event: ======'s_44_spinner_right_active'====== Args={}
2026-08-11 12:49:17,504 : INFO : EventManager : Event: ======'sw_playfield_active'====== Args={}
2026-08-11 12:49:17,504 : INFO : EventManager : Event: ======'sw_spinners'====== Args={}
2026-08-11 12:49:17,504 : INFO : EventManager : Event: ======'machine_var_audits_switches_s_44_spinner_right'====== Args={'value': 1261, 'prev_value': 1260, 'change': 1}
2026-08-11 12:49:17,505 : INFO : EventManager : Event: ======'machine_var_audits_shots_spinner_right'====== Args={'value': 1260, 'prev_value': 1259, 'change': 1}
2026-08-11 12:49:17,505 : INFO : EventManager : Event: ======'spinner_right_hit'====== Args={'profile': 'default', 'state': 'lit', 'advancing': False}
2026-08-11 12:49:17,505 : INFO : EventManager : Event: ======'spinner_right_default_hit'====== Args={'profile': 'default', 'state': 'lit', 'advancing': False}
2026-08-11 12:49:17,505 : INFO : EventManager : Event: ======'spinner_right_default_lit_hit'====== Args={'profile': 'default', 'state': 'lit', 'advancing': False}
2026-08-11 12:49:17,505 : INFO : EventManager : Event: ======'spinner_right_lit_hit'====== Args={'profile': 'default', 'state': 'lit', 'advancing': False}
2026-08-11 12:49:17,506 : INFO : EventManager : Event: ======'player_score'====== Args={'value': 2491764, 'prev_value': 2481764, 'change': 10000, 'player_num': 1, 'source': 'base'}
2026-08-11 12:49:17,552 : INFO : SwitchController : <<<<<<< 's_44_spinner_right' inactive >>>>>>>
2026-08-11 12:49:17,760 : INFO : SwitchController : <<<<<<< 's_44_spinner_right' active >>>>>>>
2026-08-11 12:49:17,760 : INFO : EventManager : Event: ======'s_44_spinner_right_active'====== Args={}
2026-08-11 12:49:17,761 : INFO : EventManager : Event: ======'sw_playfield_active'====== Args={}
2026-08-11 12:49:17,761 : INFO : EventManager : Event: ======'sw_spinners'====== Args={}
2026-08-11 12:49:17,761 : INFO : EventManager : Event: ======'machine_var_audits_switches_s_44_spinner_right'====== Args={'value': 1262, 'prev_value': 1261, 'change': 1}
2026-08-11 12:49:17,761 : INFO : EventManager : Event: ======'machine_var_audits_shots_spinner_right'====== Args={'value': 1261, 'prev_value': 1260, 'change': 1}
2026-08-11 12:49:17,762 : INFO : EventManager : Event: ======'spinner_right_hit'====== Args={'profile': 'default', 'state': 'lit', 'advancing': False}
2026-08-11 12:49:17,762 : INFO : EventManager : Event: ======'spinner_right_default_hit'====== Args={'profile': 'default', 'state': 'lit', 'advancing': False}
2026-08-11 12:49:17,762 : INFO : EventManager : Event: ======'spinner_right_default_lit_hit'====== Args={'profile': 'default', 'state': 'lit', 'advancing': False}
2026-08-11 12:49:17,762 : INFO : EventManager : Event: ======'spinner_right_lit_hit'====== Args={'profile': 'default', 'state': 'lit', 'advancing': False}
2026-08-11 12:49:17,762 : INFO : EventManager : Event: ======'player_score'====== Args={'value': 2501764, 'prev_value': 2491764, 'change': 10000, 'player_num': 1, 'source': 'base'}
2026-08-11 12:49:17,824 : INFO : SwitchController : <<<<<<< 's_44_spinner_right' inactive >>>>>>>
2026-08-11 12:49:17,984 : INFO : SwitchController : <<<<<<< 's_44_spinner_right' active >>>>>>>
2026-08-11 12:49:17,984 : INFO : EventManager : Event: ======'s_44_spinner_right_active'====== Args={}
2026-08-11 12:49:17,984 : INFO : EventManager : Event: ======'sw_playfield_active'====== Args={}
2026-08-11 12:49:17,984 : INFO : EventManager : Event: ======'sw_spinners'====== Args={}
2026-08-11 12:49:17,984 : INFO : EventManager : Event: ======'machine_var_audits_switches_s_44_spinner_right'====== Args={'value': 1263, 'prev_value': 1262, 'change': 1}
2026-08-11 12:49:17,985 : INFO : EventManager : Event: ======'machine_var_audits_shots_spinner_right'====== Args={'value': 1262, 'prev_value': 1261, 'change': 1}
2026-08-11 12:49:17,985 : INFO : EventManager : Event: ======'spinner_right_hit'====== Args={'profile': 'default', 'state': 'lit', 'advancing': False}
2026-08-11 12:49:17,985 : INFO : EventManager : Event: ======'spinner_right_default_hit'====== Args={'profile': 'default', 'state': 'lit', 'advancing': False}
2026-08-11 12:49:17,985 : INFO : EventManager : Event: ======'spinner_right_default_lit_hit'====== Args={'profile': 'default', 'state': 'lit', 'advancing': False}
2026-08-11 12:49:17,985 : INFO : EventManager : Event: ======'spinner_right_lit_hit'====== Args={'profile': 'default', 'state': 'lit', 'advancing': False}
2026-08-11 12:49:17,986 : INFO : EventManager : Event: ======'player_score'====== Args={'value': 2511764, 'prev_value': 2501764, 'change': 10000, 'player_num': 1, 'source': 'base'}
2026-08-11 12:49:18,063 : INFO : SwitchController : <<<<<<< 's_44_spinner_right' inactive >>>>>>>
2026-08-11 12:49:18,206 : INFO : SwitchController : <<<<<<< 's_44_spinner_right' active >>>>>>>
2026-08-11 12:49:18,206 : INFO : EventManager : Event: ======'s_44_spinner_right_active'====== Args={}
2026-08-11 12:49:18,206 : INFO : EventManager : Event: ======'sw_playfield_active'====== Args={}
2026-08-11 12:49:18,206 : INFO : EventManager : Event: ======'sw_spinners'====== Args={}
2026-08-11 12:49:18,206 : INFO : EventManager : Event: ======'machine_var_audits_switches_s_44_spinner_right'====== Args={'value': 1264, 'prev_value': 1263, 'change': 1}
2026-08-11 12:49:18,207 : INFO : EventManager : Event: ======'machine_var_audits_shots_spinner_right'====== Args={'value': 1263, 'prev_value': 1262, 'change': 1}
2026-08-11 12:49:18,207 : INFO : EventManager : Event: ======'spinner_right_hit'====== Args={'profile': 'default', 'state': 'lit', 'advancing': False}
2026-08-11 12:49:18,207 : INFO : EventManager : Event: ======'spinner_right_default_hit'====== Args={'profile': 'default', 'state': 'lit', 'advancing': False}
2026-08-11 12:49:18,207 : INFO : EventManager : Event: ======'spinner_right_default_lit_hit'====== Args={'profile': 'default', 'state': 'lit', 'advancing': False}
2026-08-11 12:49:18,207 : INFO : EventManager : Event: ======'spinner_right_lit_hit'====== Args={'profile': 'default', 'state': 'lit', 'advancing': False}
2026-08-11 12:49:18,208 : INFO : EventManager : Event: ======'player_score'====== Args={'value': 2521764, 'prev_value': 2511764, 'change': 10000, 'player_num': 1, 'source': 'base'}
2026-08-11 12:49:18,285 : INFO : SwitchController : <<<<<<< 's_44_spinner_right' inactive >>>>>>>
2026-08-11 12:49:18,413 : INFO : SwitchController : <<<<<<< 's_44_spinner_right' active >>>>>>>
2026-08-11 12:49:18,413 : INFO : EventManager : Event: ======'s_44_spinner_right_active'====== Args={}
2026-08-11 12:49:18,413 : INFO : EventManager : Event: ======'sw_playfield_active'====== Args={}
2026-08-11 12:49:18,413 : INFO : EventManager : Event: ======'sw_spinners'====== Args={}
2026-08-11 12:49:18,413 : INFO : EventManager : Event: ======'machine_var_audits_switches_s_44_spinner_right'====== Args={'value': 1265, 'prev_value': 1264, 'change': 1}
2026-08-11 12:49:18,414 : INFO : EventManager : Event: ======'machine_var_audits_shots_spinner_right'====== Args={'value': 1264, 'prev_value': 1263, 'change': 1}
2026-08-11 12:49:18,415 : INFO : EventManager : Event: ======'spinner_right_hit'====== Args={'profile': 'default', 'state': 'lit', 'advancing': False}
2026-08-11 12:49:18,415 : INFO : EventManager : Event: ======'spinner_right_default_hit'====== Args={'profile': 'default', 'state': 'lit', 'advancing': False}
2026-08-11 12:49:18,415 : INFO : EventManager : Event: ======'spinner_right_default_lit_hit'====== Args={'profile': 'default', 'state': 'lit', 'advancing': False}
2026-08-11 12:49:18,415 : INFO : EventManager : Event: ======'spinner_right_lit_hit'====== Args={'profile': 'default', 'state': 'lit', 'advancing': False}
2026-08-11 12:49:18,415 : INFO : EventManager : Event: ======'player_score'====== Args={'value': 2531764, 'prev_value': 2521764, 'change': 10000, 'player_num': 1, 'source': 'base'}
2026-08-11 12:49:18,507 : INFO : SwitchController : <<<<<<< 's_44_spinner_right' inactive >>>>>>>
2026-08-11 12:49:18,634 : INFO : SwitchController : <<<<<<< 's_44_spinner_right' active >>>>>>>
2026-08-11 12:49:18,634 : INFO : EventManager : Event: ======'s_44_spinner_right_active'====== Args={}
2026-08-11 12:49:18,634 : INFO : EventManager : Event: ======'sw_playfield_active'====== Args={}
2026-08-11 12:49:18,634 : INFO : EventManager : Event: ======'sw_spinners'====== Args={}
2026-08-11 12:49:18,634 : INFO : EventManager : Event: ======'machine_var_audits_switches_s_44_spinner_right'====== Args={'value': 1266, 'prev_value': 1265, 'change': 1}
2026-08-11 12:49:18,635 : INFO : EventManager : Event: ======'machine_var_audits_shots_spinner_right'====== Args={'value': 1265, 'prev_value': 1264, 'change': 1}
2026-08-11 12:49:18,635 : INFO : EventManager : Event: ======'spinner_right_hit'====== Args={'profile': 'default', 'state': 'lit', 'advancing': False}
2026-08-11 12:49:18,635 : INFO : EventManager : Event: ======'spinner_right_default_hit'====== Args={'profile': 'default', 'state': 'lit', 'advancing': False}
2026-08-11 12:49:18,635 : INFO : EventManager : Event: ======'spinner_right_default_lit_hit'====== Args={'profile': 'default', 'state': 'lit', 'advancing': False}
2026-08-11 12:49:18,635 : INFO : EventManager : Event: ======'spinner_right_lit_hit'====== Args={'profile': 'default', 'state': 'lit', 'advancing': False}
2026-08-11 12:49:18,636 : INFO : EventManager : Event: ======'player_score'====== Args={'value': 2541764, 'prev_value': 2531764, 'change': 10000, 'player_num': 1, 'source': 'base'}
2026-08-11 12:49:18,746 : INFO : SwitchController : <<<<<<< 's_44_spinner_right' inactive >>>>>>>
2026-08-11 12:49:18,842 : INFO : SwitchController : <<<<<<< 's_44_spinner_right' active >>>>>>>
2026-08-11 12:49:18,842 : INFO : EventManager : Event: ======'s_44_spinner_right_active'====== Args={}
2026-08-11 12:49:18,842 : INFO : EventManager : Event: ======'sw_playfield_active'====== Args={}
2026-08-11 12:49:18,842 : INFO : EventManager : Event: ======'sw_spinners'====== Args={}
2026-08-11 12:49:18,843 : INFO : EventManager : Event: ======'machine_var_audits_switches_s_44_spinner_right'====== Args={'value': 1267, 'prev_value': 1266, 'change': 1}
2026-08-11 12:49:18,843 : INFO : EventManager : Event: ======'machine_var_audits_shots_spinner_right'====== Args={'value': 1266, 'prev_value': 1265, 'change': 1}
2026-08-11 12:49:18,844 : INFO : EventManager : Event: ======'spinner_right_hit'====== Args={'profile': 'default', 'state': 'lit', 'advancing': False}
2026-08-11 12:49:18,844 : INFO : EventManager : Event: ======'spinner_right_default_hit'====== Args={'profile': 'default', 'state': 'lit', 'advancing': False}
2026-08-11 12:49:18,844 : INFO : EventManager : Event: ======'spinner_right_default_lit_hit'====== Args={'profile': 'default', 'state': 'lit', 'advancing': False}
2026-08-11 12:49:18,844 : INFO : EventManager : Event: ======'spinner_right_lit_hit'====== Args={'profile': 'default', 'state': 'lit', 'advancing': False}
2026-08-11 12:49:18,845 : INFO : EventManager : Event: ======'player_score'====== Args={'value': 2551764, 'prev_value': 2541764, 'change': 10000, 'player_num': 1, 'source': 'base'}
2026-08-11 12:49:19,000 : INFO : SwitchController : <<<<<<< 's_44_spinner_right' inactive >>>>>>>
2026-08-11 12:49:19,064 : INFO : SwitchController : <<<<<<< 's_44_spinner_right' active >>>>>>>
2026-08-11 12:49:19,064 : INFO : EventManager : Event: ======'s_44_spinner_right_active'====== Args={}
2026-08-11 12:49:19,064 : INFO : EventManager : Event: ======'sw_playfield_active'====== Args={}
2026-08-11 12:49:19,065 : INFO : EventManager : Event: ======'sw_spinners'====== Args={}
2026-08-11 12:49:19,065 : INFO : EventManager : Event: ======'machine_var_audits_switches_s_44_spinner_right'====== Args={'value': 1268, 'prev_value': 1267, 'change': 1}
2026-08-11 12:49:19,065 : INFO : EventManager : Event: ======'machine_var_audits_shots_spinner_right'====== Args={'value': 1267, 'prev_value': 1266, 'change': 1}
2026-08-11 12:49:19,066 : INFO : EventManager : Event: ======'spinner_right_hit'====== Args={'profile': 'default', 'state': 'lit', 'advancing': False}
2026-08-11 12:49:19,066 : INFO : EventManager : Event: ======'spinner_right_default_hit'====== Args={'profile': 'default', 'state': 'lit', 'advancing': False}
2026-08-11 12:49:19,066 : INFO : EventManager : Event: ======'spinner_right_default_lit_hit'====== Args={'profile': 'default', 'state': 'lit', 'advancing': False}
2026-08-11 12:49:19,066 : INFO : EventManager : Event: ======'spinner_right_lit_hit'====== Args={'profile': 'default', 'state': 'lit', 'advancing': False}
2026-08-11 12:49:19,066 : INFO : EventManager : Event: ======'player_score'====== Args={'value': 2561764, 'prev_value': 2551764, 'change': 10000, 'player_num': 1, 'source': 'base'}
2026-08-11 12:49:19,703 : INFO : SwitchController : <<<<<<< 's_59_saucer_right' active >>>>>>>
2026-08-11 12:49:19,703 : INFO : EventManager : Event: ======'s_59_saucer_right_active'====== Args={}
2026-08-11 12:49:19,703 : INFO : EventManager : Event: ======'sw_scoop'====== Args={}
2026-08-11 12:49:19,703 : INFO : EventManager : Event: ======'machine_var_audits_switches_s_59_saucer_right'====== Args={'value': 133, 'prev_value': 132, 'change': 1}
2026-08-11 12:49:19,704 : INFO : EventManager : Event: ======'player_score'====== Args={'value': 2561806, 'prev_value': 2561764, 'change': 42, 'player_num': 1, 'source': 'base'}
2026-08-11 12:49:20,193 : INFO : EventManager : Event: ======'balldevice_bd_right_vuk_ball_count_changed'====== Args={'balls': 1}
2026-08-11 12:49:20,193 : INFO : ball_device.bd_right_vuk : Received unexpected ball
2026-08-11 12:49:20,193 : INFO : EventManager : Event: ======'balldevice_captured_from_playfield'====== Args={'balls': 1}
2026-08-11 12:49:20,194 : INFO : EventManager : Event: ======'sw_playfield_active'====== Args={'balls': 1}
2026-08-11 12:49:20,194 : INFO : EventManager : Event: ======'playfield_ball_count_change'====== Args={'balls': 1, 'change': -1}
2026-08-11 12:49:20,194 : INFO : EventManager : Event: ======'balldevice_bd_right_vuk_ball_enter'====== Args={'new_balls': 1, 'unclaimed_balls': 1, 'new_available_balls': 1, 'device': <ball_device.bd_right_vuk>}
2026-08-11 12:49:20,195 : INFO : EventManager : Event: ======'ball_hold_brain_rot_right_saucer_hold_held_ball'====== Args={'balls_held': 1, 'total_balls_held': 1}
2026-08-11 12:49:20,195 : INFO : EventManager : Event: ======'ball_hold_brain_rot_right_saucer_hold_full'====== Args={'balls': 1}
2026-08-11 12:49:20,195 : INFO : EventManager : Event: ======'brain_rot_right_ball_locked'====== Args={'priority': 0}
2026-08-11 12:49:20,195 : INFO : EventManager : Event: ======'player_brain_rot_stage'====== Args={'value': 5, 'prev_value': 4, 'change': 1, 'player_num': 1, 'source': 'brain_rot'}
2026-08-11 12:49:20,196 : INFO : EventManager : Event: ======'player_brain_rot_right_ball_locked'====== Args={'value': 1, 'prev_value': 0, 'change': 1, 'player_num': 1, 'source': 'brain_rot'}
2026-08-11 12:49:20,196 : INFO : EventManager : Event: ======'balldevice_balls_available'====== Args={}
2026-08-11 12:49:20,196 : INFO : EventManager : Event: ======'balldevice_bd_right_vuk_ball_entered'====== Args={'new_balls': 1, 'device': <ball_device.bd_right_vuk>}
2026-08-11 12:49:23,049 : INFO : SwitchController : <<<<<<< 's_60_top_lane_c' active >>>>>>>
2026-08-11 12:49:23,049 : INFO : EventManager : Event: ======'s_60_top_lane_c_active'====== Args={}
2026-08-11 12:49:23,049 : INFO : EventManager : Event: ======'sw_playfield_active'====== Args={}
2026-08-11 12:49:23,049 : INFO : EventManager : Event: ======'sw_top_lanes'====== Args={}
2026-08-11 12:49:23,049 : INFO : EventManager : Event: ======'machine_var_audits_switches_s_60_top_lane_c'====== Args={'value': 798, 'prev_value': 797, 'change': 1}
2026-08-11 12:49:23,050 : INFO : EventManager : Event: ======'top_lane_c_turn_off'====== Args={'priority': 0}
2026-08-11 12:49:23,050 : INFO : EventManager : Event: ======'top_lanes_check'====== Args={'priority': 0}
2026-08-11 12:49:23,051 : INFO : EventManager : Event: ======'player_top_lane_c_lit'====== Args={'value': 0, 'prev_value': 1, 'change': -1, 'player_num': 1, 'source': 'spinner_2x_qualify'}
2026-08-11 12:49:23,051 : INFO : EventManager : Event: ======'spinner_2x_stop'====== Args={'priority': 0}
2026-08-11 12:49:23,051 : INFO : EventManager : Event: ======'player_score'====== Args={'value': 2566806, 'prev_value': 2561806, 'change': 5000, 'player_num': 1, 'source': 'base'}
2026-08-11 12:49:23,058 : INFO : SwitchController : <<<<<<< 's_60_top_lane_c' inactive >>>>>>>
2026-08-11 12:49:23,687 : INFO : SwitchController : <<<<<<< 's_71_spinner_left' inactive >>>>>>>
2026-08-11 12:49:23,815 : INFO : SwitchController : <<<<<<< 's_71_spinner_left' active >>>>>>>
2026-08-11 12:49:23,815 : INFO : EventManager : Event: ======'s_71_spinner_left_active'====== Args={}
2026-08-11 12:49:23,815 : INFO : EventManager : Event: ======'sw_playfield_active'====== Args={}
2026-08-11 12:49:23,815 : INFO : EventManager : Event: ======'sw_spinners'====== Args={}
2026-08-11 12:49:23,815 : INFO : EventManager : Event: ======'machine_var_audits_switches_s_71_spinner_left'====== Args={'value': 1408, 'prev_value': 1407, 'change': 1}
2026-08-11 12:49:23,816 : INFO : EventManager : Event: ======'machine_var_audits_shots_spinner_left'====== Args={'value': 1406, 'prev_value': 1405, 'change': 1}
2026-08-11 12:49:23,816 : INFO : EventManager : Event: ======'spinner_left_hit'====== Args={'profile': 'default', 'state': 'lit', 'advancing': False}
2026-08-11 12:49:23,816 : INFO : EventManager : Event: ======'spinner_left_default_hit'====== Args={'profile': 'default', 'state': 'lit', 'advancing': False}
2026-08-11 12:49:23,816 : INFO : EventManager : Event: ======'spinner_left_default_lit_hit'====== Args={'profile': 'default', 'state': 'lit', 'advancing': False}
2026-08-11 12:49:23,816 : INFO : EventManager : Event: ======'spinner_left_lit_hit'====== Args={'profile': 'default', 'state': 'lit', 'advancing': False}
2026-08-11 12:49:23,817 : INFO : EventManager : Event: ======'player_score'====== Args={'value': 2576806, 'prev_value': 2566806, 'change': 10000, 'player_num': 1, 'source': 'base'}
2026-08-11 12:49:23,879 : INFO : SwitchController : <<<<<<< 's_71_spinner_left' inactive >>>>>>>
2026-08-11 12:49:24,183 : INFO : SwitchController : <<<<<<< 's_71_spinner_left' active >>>>>>>
2026-08-11 12:49:24,183 : INFO : EventManager : Event: ======'s_71_spinner_left_active'====== Args={}
2026-08-11 12:49:24,183 : INFO : EventManager : Event: ======'sw_playfield_active'====== Args={}
2026-08-11 12:49:24,183 : INFO : EventManager : Event: ======'sw_spinners'====== Args={}
2026-08-11 12:49:24,183 : INFO : EventManager : Event: ======'machine_var_audits_switches_s_71_spinner_left'====== Args={'value': 1409, 'prev_value': 1408, 'change': 1}
2026-08-11 12:49:24,184 : INFO : EventManager : Event: ======'machine_var_audits_shots_spinner_left'====== Args={'value': 1407, 'prev_value': 1406, 'change': 1}
2026-08-11 12:49:24,184 : INFO : EventManager : Event: ======'spinner_left_hit'====== Args={'profile': 'default', 'state': 'lit', 'advancing': False}
2026-08-11 12:49:24,184 : INFO : EventManager : Event: ======'spinner_left_default_hit'====== Args={'profile': 'default', 'state': 'lit', 'advancing': False}
2026-08-11 12:49:24,184 : INFO : EventManager : Event: ======'spinner_left_default_lit_hit'====== Args={'profile': 'default', 'state': 'lit', 'advancing': False}
2026-08-11 12:49:24,184 : INFO : EventManager : Event: ======'spinner_left_lit_hit'====== Args={'profile': 'default', 'state': 'lit', 'advancing': False}
2026-08-11 12:49:24,185 : INFO : EventManager : Event: ======'player_score'====== Args={'value': 2586806, 'prev_value': 2576806, 'change': 10000, 'player_num': 1, 'source': 'base'}
2026-08-11 12:49:24,295 : INFO : SwitchController : <<<<<<< 's_71_spinner_left' inactive >>>>>>>
2026-08-11 12:49:24,470 : INFO : SwitchController : <<<<<<< 's_71_spinner_left' active >>>>>>>
2026-08-11 12:49:24,470 : INFO : EventManager : Event: ======'s_71_spinner_left_active'====== Args={}
2026-08-11 12:49:24,470 : INFO : EventManager : Event: ======'sw_playfield_active'====== Args={}
2026-08-11 12:49:24,470 : INFO : EventManager : Event: ======'sw_spinners'====== Args={}
2026-08-11 12:49:24,471 : INFO : EventManager : Event: ======'machine_var_audits_switches_s_71_spinner_left'====== Args={'value': 1410, 'prev_value': 1409, 'change': 1}
2026-08-11 12:49:24,471 : INFO : EventManager : Event: ======'machine_var_audits_shots_spinner_left'====== Args={'value': 1408, 'prev_value': 1407, 'change': 1}
2026-08-11 12:49:24,472 : INFO : EventManager : Event: ======'spinner_left_hit'====== Args={'profile': 'default', 'state': 'lit', 'advancing': False}
2026-08-11 12:49:24,472 : INFO : EventManager : Event: ======'spinner_left_default_hit'====== Args={'profile': 'default', 'state': 'lit', 'advancing': False}
2026-08-11 12:49:24,472 : INFO : EventManager : Event: ======'spinner_left_default_lit_hit'====== Args={'profile': 'default', 'state': 'lit', 'advancing': False}
2026-08-11 12:49:24,472 : INFO : EventManager : Event: ======'spinner_left_lit_hit'====== Args={'profile': 'default', 'state': 'lit', 'advancing': False}
2026-08-11 12:49:24,472 : INFO : EventManager : Event: ======'player_score'====== Args={'value': 2596806, 'prev_value': 2586806, 'change': 10000, 'player_num': 1, 'source': 'base'}
2026-08-11 12:49:25,380 : INFO : SwitchController : <<<<<<< 's_34_right_sling' active >>>>>>>
2026-08-11 12:49:25,380 : INFO : EventManager : Event: ======'s_34_right_sling_active'====== Args={}
2026-08-11 12:49:25,380 : INFO : EventManager : Event: ======'sw_slingshot'====== Args={}
2026-08-11 12:49:25,380 : INFO : EventManager : Event: ======'machine_var_audits_switches_s_34_right_sling'====== Args={'value': 575, 'prev_value': 574, 'change': 1}
2026-08-11 12:49:25,381 : INFO : SwitchController : <<<<<<< 's_34_right_sling' inactive >>>>>>>
2026-08-11 12:49:25,381 : INFO : EventManager : Event: ======'player_shot_shot_slingshot_r'====== Args={'value': 1, 'prev_value': 0, 'change': 1, 'player_num': 1}
2026-08-11 12:49:25,381 : INFO : EventManager : Event: ======'machine_var_audits_shots_shot_slingshot_r'====== Args={'value': 575, 'prev_value': 574, 'change': 1}
2026-08-11 12:49:25,382 : INFO : EventManager : Event: ======'shot_slingshot_r_hit'====== Args={'profile': 'default', 'state': 'unlit', 'advancing': True}
2026-08-11 12:49:25,382 : INFO : EventManager : Event: ======'shot_slingshot_r_default_hit'====== Args={'profile': 'default', 'state': 'unlit', 'advancing': True}
2026-08-11 12:49:25,382 : INFO : EventManager : Event: ======'shot_slingshot_r_default_unlit_hit'====== Args={'profile': 'default', 'state': 'unlit', 'advancing': True}
2026-08-11 12:49:25,382 : INFO : EventManager : Event: ======'shot_slingshot_r_unlit_hit'====== Args={'profile': 'default', 'state': 'unlit', 'advancing': True}
2026-08-11 12:49:25,382 : INFO : EventManager : Event: ======'player_score'====== Args={'value': 2596848, 'prev_value': 2596806, 'change': 42, 'player_num': 1, 'source': 'base'}
2026-08-11 12:49:28,357 : INFO : SwitchController : <<<<<<< 's_64_varitarget_position_1' active >>>>>>>
2026-08-11 12:49:28,357 : INFO : EventManager : Event: ======'s_64_varitarget_position_1_active'====== Args={}
2026-08-11 12:49:28,357 : INFO : EventManager : Event: ======'sw_vari'====== Args={}
2026-08-11 12:49:28,357 : INFO : EventManager : Event: ======'machine_var_audits_switches_s_64_varitarget_position_1'====== Args={'value': 11057, 'prev_value': 11056, 'change': 1}
2026-08-11 12:49:28,358 : INFO : EventManager : Event: ======'glasses_pending_position_1'====== Args={'priority': 0}
2026-08-11 12:49:28,358 : INFO : EventManager : Event: ======'machine_var_audits_shots_varitarget_p1'====== Args={'value': 11049, 'prev_value': 11048, 'change': 1}
2026-08-11 12:49:28,359 : INFO : EventManager : Event: ======'varitarget_p1_hit'====== Args={'profile': 'default', 'state': 'lit', 'advancing': False}
2026-08-11 12:49:28,359 : INFO : EventManager : Event: ======'varitarget_p1_default_hit'====== Args={'profile': 'default', 'state': 'lit', 'advancing': False}
2026-08-11 12:49:28,359 : INFO : EventManager : Event: ======'varitarget_p1_default_lit_hit'====== Args={'profile': 'default', 'state': 'lit', 'advancing': False}
2026-08-11 12:49:28,359 : INFO : EventManager : Event: ======'varitarget_p1_lit_hit'====== Args={'profile': 'default', 'state': 'lit', 'advancing': False}
2026-08-11 12:49:28,359 : INFO : EventManager : Event: ======'varitarget_position_changed'====== Args={'priority': 0}
2026-08-11 12:49:28,359 : INFO : EventManager : Event: ======'varitarget_reset_stop'====== Args={'priority': 0}
2026-08-11 12:49:28,359 : INFO : EventManager : Event: ======'varitarget_reset_complete'====== Args={'priority': 0}
2026-08-11 12:49:28,359 : INFO : EventManager : Event: ======'glasses_position_confirm_restart'====== Args={'priority': 0}
2026-08-11 12:49:28,359 : INFO : EventManager : Event: ======'player_glasses_mode_glasses_position_confirm_tick'====== Args={'value': 0, 'prev_value': 1, 'change': -1, 'player_num': 1}
2026-08-11 12:49:28,360 : INFO : Timer.glasses_position_confirm : Starting Timer.
2026-08-11 12:49:28,360 : INFO : EventManager : Event: ======'timer_glasses_position_confirm_started'====== Args={'ticks': 0, 'ticks_remaining': 1}
2026-08-11 12:49:28,360 : INFO : EventManager : Event: ======'timer_glasses_position_confirm_tick'====== Args={'ticks': 0, 'ticks_remaining': 1}
2026-08-11 12:49:28,360 : INFO : EventManager : Event: ======'varitarget_positions_hit'====== Args={'shot': 'varitarget_p1'}
2026-08-11 12:49:28,360 : INFO : EventManager : Event: ======'varitarget_positions_lit_hit'====== Args={'shot': 'varitarget_p1'}
2026-08-11 12:49:28,360 : INFO : EventManager : Event: ======'varitarget_update_stable'====== Args={'priority': 0}
2026-08-11 12:49:28,360 : INFO : Timer.varitarget_reset_timer : Stopping Timer
2026-08-11 12:49:28,361 : INFO : EventManager : Event: ======'timer_varitarget_reset_timer_stopped'====== Args={'ticks': 9, 'ticks_remaining': 999990}
2026-08-11 12:49:28,361 : INFO : EventManager : Event: ======'player_score'====== Args={'value': 2596890, 'prev_value': 2596848, 'change': 42, 'player_num': 1, 'source': 'base'}
2026-08-11 12:49:28,436 : INFO : SwitchController : <<<<<<< 's_69_varitarget_position_6' active >>>>>>>
2026-08-11 12:49:28,436 : INFO : EventManager : Event: ======'s_69_varitarget_position_6_active'====== Args={}
2026-08-11 12:49:28,436 : INFO : EventManager : Event: ======'sw_vari'====== Args={}
2026-08-11 12:49:28,436 : INFO : EventManager : Event: ======'machine_var_audits_switches_s_69_varitarget_position_6'====== Args={'value': 397, 'prev_value': 396, 'change': 1}
2026-08-11 12:49:28,437 : INFO : SwitchController : <<<<<<< 's_69_varitarget_position_6' inactive >>>>>>>
2026-08-11 12:49:28,437 : INFO : EventManager : Event: ======'glasses_pending_position_6'====== Args={'priority': 0}
2026-08-11 12:49:28,437 : INFO : EventManager : Event: ======'player_shot_varitarget_p6'====== Args={'value': 1, 'prev_value': 0, 'change': 1, 'player_num': 1}
2026-08-11 12:49:28,437 : INFO : EventManager : Event: ======'machine_var_audits_shots_varitarget_p6'====== Args={'value': 397, 'prev_value': 396, 'change': 1}
2026-08-11 12:49:28,438 : INFO : EventManager : Event: ======'varitarget_p6_hit'====== Args={'profile': 'default', 'state': 'unlit', 'advancing': True}
2026-08-11 12:49:28,438 : INFO : EventManager : Event: ======'varitarget_p6_default_hit'====== Args={'profile': 'default', 'state': 'unlit', 'advancing': True}
2026-08-11 12:49:28,438 : INFO : EventManager : Event: ======'varitarget_p6_default_unlit_hit'====== Args={'profile': 'default', 'state': 'unlit', 'advancing': True}
2026-08-11 12:49:28,438 : INFO : EventManager : Event: ======'varitarget_p6_unlit_hit'====== Args={'profile': 'default', 'state': 'unlit', 'advancing': True}
2026-08-11 12:49:28,438 : INFO : EventManager : Event: ======'varitarget_position_changed'====== Args={'priority': 0}
2026-08-11 12:49:28,438 : INFO : EventManager : Event: ======'player_varitarget_position'====== Args={'value': 6, 'prev_value': 1, 'change': 5, 'player_num': 1, 'source': 'base'}
2026-08-11 12:49:28,438 : INFO : EventManager : Event: ======'glasses_position_confirm_restart'====== Args={'priority': 0}
2026-08-11 12:49:28,438 : INFO : EventManager : Event: ======'player_glasses_pending_position'====== Args={'value': 6, 'prev_value': 1, 'change': 5, 'player_num': 1, 'source': 'glasses_mode'}
2026-08-11 12:49:28,438 : INFO : EventManager : Event: ======'timer_glasses_position_confirm_tick'====== Args={'ticks': 0, 'ticks_remaining': 1}
2026-08-11 12:49:28,438 : INFO : EventManager : Event: ======'varitarget_positions_hit'====== Args={'shot': 'varitarget_p6'}
2026-08-11 12:49:28,438 : INFO : EventManager : Event: ======'varitarget_positions_unlit_hit'====== Args={'shot': 'varitarget_p6'}
2026-08-11 12:49:28,439 : INFO : EventManager : Event: ======'varitarget_hit_begin'====== Args={'priority': 0}
2026-08-11 12:49:28,439 : INFO : EventManager : Event: ======'brain_rot_complete'====== Args={'priority': 0}
2026-08-11 12:49:28,439 : INFO : EventManager : Event: ======'varitarget_hit_window_start'====== Args={'priority': 0}
2026-08-11 12:49:28,439 : INFO : EventManager : Event: ======'player_varitarget_hit_active'====== Args={'value': 1, 'prev_value': 0, 'change': 1, 'player_num': 1, 'source': 'base'}
2026-08-11 12:49:28,439 : INFO : EventManager : Event: ======'player_varitarget_hit_max_pos'====== Args={'value': 6, 'prev_value': 1, 'change': 5, 'player_num': 1, 'source': 'base'}
2026-08-11 12:49:28,439 : INFO : ball_device.bd_left_vuk : Adding 1 ball(s) to the eject_queue with target <playfield.playfield>.
2026-08-11 12:49:28,439 : INFO : EventManager : Event: ======'balldevice_balls_available'====== Args={}
2026-08-11 12:49:28,439 : INFO : EventManager : Event: ======'ball_hold_brain_rot_left_saucer_hold_balls_released'====== Args={'balls_released': 1}
2026-08-11 12:49:28,439 : INFO : ball_device.bd_right_vuk : Adding 1 ball(s) to the eject_queue with target <playfield.playfield>.
2026-08-11 12:49:28,439 : INFO : EventManager : Event: ======'balldevice_balls_available'====== Args={}
2026-08-11 12:49:28,439 : INFO : EventManager : Event: ======'ball_hold_brain_rot_right_saucer_hold_balls_released'====== Args={'balls_released': 1}
2026-08-11 12:49:28,439 : INFO : EventManager : Event: ======'brain_rot_reward_won'====== Args={'priority': 0}
2026-08-11 12:49:28,439 : INFO : EventManager : Event: ======'brain_rot_end_delay_start'====== Args={'priority': 0}
2026-08-11 12:49:28,439 : INFO : EventManager : Event: ======'player_brain_rot_stage'====== Args={'value': 6, 'prev_value': 5, 'change': 1, 'player_num': 1, 'source': 'brain_rot'}
2026-08-11 12:49:28,440 : INFO : EventManager : Event: ======'awareness_brain_rot_won'====== Args={'priority': 0}
2026-08-11 12:49:28,440 : INFO : Timer.brain_rot_end_delay : Starting Timer.
2026-08-11 12:49:28,440 : INFO : EventManager : Event: ======'timer_brain_rot_end_delay_started'====== Args={'ticks': 0, 'ticks_remaining': 3}
2026-08-11 12:49:28,440 : INFO : EventManager : Event: ======'timer_brain_rot_end_delay_tick'====== Args={'ticks': 0, 'ticks_remaining': 3}
2026-08-11 12:49:28,440 : INFO : Timer.varitarget_hit_settle : Starting Timer.
2026-08-11 12:49:28,440 : INFO : EventManager : Event: ======'timer_varitarget_hit_settle_started'====== Args={'ticks': 3, 'ticks_remaining': 3}
2026-08-11 12:49:28,440 : INFO : EventManager : Event: ======'timer_varitarget_hit_settle_tick'====== Args={'ticks': 3, 'ticks_remaining': 3}
2026-08-11 12:49:28,440 : INFO : EventManager : Event: ======'player_score'====== Args={'value': 2596932, 'prev_value': 2596890, 'change': 42, 'player_num': 1, 'source': 'base'}
2026-08-11 12:49:28,442 : INFO : ball_device.bd_left_vuk : State: waiting_for_target_ready
2026-08-11 12:49:28,442 : INFO : EventManager : Event: ======'balldevice_bd_left_vuk_ball_eject_attempt'====== Args={'balls': 1, 'target': <playfield.playfield>, 'source': <ball_device.bd_left_vuk>, 'mechanical_eject': False, 'num_attempts': 0}
2026-08-11 12:49:28,442 : INFO : ball_device.bd_right_vuk : State: waiting_for_target_ready
2026-08-11 12:49:28,442 : INFO : EventManager : Event: ======'balldevice_bd_right_vuk_ball_eject_attempt'====== Args={'balls': 1, 'target': <playfield.playfield>, 'source': <ball_device.bd_right_vuk>, 'mechanical_eject': False, 'num_attempts': 0}
2026-08-11 12:49:28,443 : INFO : ball_device.bd_right_vuk : State: ejecting
2026-08-11 12:49:28,443 : INFO : ball_device.bd_right_vuk : Ejecting ball to <playfield.playfield>
2026-08-11 12:49:28,443 : INFO : EventManager : Event: ======'balldevice_bd_right_vuk_ejecting_ball'====== Args={'balls': 1, 'target': <playfield.playfield>, 'source': <ball_device.bd_right_vuk>, 'mechanical_eject': False, 'num_attempts': 0}
2026-08-11 12:49:28,443 : INFO : ball_device.bd_left_vuk : State: ejecting
2026-08-11 12:49:28,443 : INFO : ball_device.bd_left_vuk : Ejecting ball to <playfield.playfield>
2026-08-11 12:49:28,443 : INFO : EventManager : Event: ======'balldevice_bd_left_vuk_ejecting_ball'====== Args={'balls': 1, 'target': <playfield.playfield>, 'source': <ball_device.bd_left_vuk>, 'mechanical_eject': False, 'num_attempts': 0}
2026-08-11 12:49:28,444 : INFO : ball_device.bd_left_vuk : Wait for ball to leave device
2026-08-11 12:49:28,444 : INFO : coil.c_29_saucer_left : Pulsing Driver for 10ms (1.0 pulse_power)
2026-08-11 12:49:28,445 : INFO : ball_device.bd_right_vuk : Wait for ball to leave device
2026-08-11 12:49:28,468 : INFO : coil.c_15_saucer_right : Pulsing Driver for 10ms (1.0 pulse_power)
2026-08-11 12:49:28,468 : INFO : SwitchController : <<<<<<< 's_81_saucer_left' inactive >>>>>>>
2026-08-11 12:49:28,468 : INFO : EventManager : Event: ======'s_81_saucer_left_inactive'====== Args={}
2026-08-11 12:49:28,469 : INFO : SwitchController : <<<<<<< 's_70_varitarget_position_7' active >>>>>>>
2026-08-11 12:49:28,469 : INFO : EventManager : Event: ======'s_70_varitarget_position_7_active'====== Args={}
2026-08-11 12:49:28,469 : INFO : EventManager : Event: ======'sw_vari'====== Args={}
2026-08-11 12:49:28,469 : INFO : EventManager : Event: ======'machine_var_audits_switches_s_70_varitarget_position_7'====== Args={'value': 262, 'prev_value': 261, 'change': 1}
2026-08-11 12:49:28,470 : INFO : EventManager : Event: ======'glasses_pending_position_7'====== Args={'priority': 0}
2026-08-11 12:49:28,470 : INFO : EventManager : Event: ======'player_shot_varitarget_p7'====== Args={'value': 1, 'prev_value': 0, 'change': 1, 'player_num': 1}
2026-08-11 12:49:28,470 : INFO : EventManager : Event: ======'machine_var_audits_shots_varitarget_p7'====== Args={'value': 262, 'prev_value': 261, 'change': 1}
2026-08-11 12:49:28,470 : INFO : EventManager : Event: ======'varitarget_p7_hit'====== Args={'profile': 'default', 'state': 'unlit', 'advancing': True}
2026-08-11 12:49:28,471 : INFO : EventManager : Event: ======'varitarget_p7_default_hit'====== Args={'profile': 'default', 'state': 'unlit', 'advancing': True}
2026-08-11 12:49:28,471 : INFO : EventManager : Event: ======'varitarget_p7_default_unlit_hit'====== Args={'profile': 'default', 'state': 'unlit', 'advancing': True}
2026-08-11 12:49:28,471 : INFO : EventManager : Event: ======'varitarget_p7_unlit_hit'====== Args={'profile': 'default', 'state': 'unlit', 'advancing': True}
2026-08-11 12:49:28,471 : INFO : EventManager : Event: ======'varitarget_position_changed'====== Args={'priority': 0}
2026-08-11 12:49:28,471 : INFO : EventManager : Event: ======'player_varitarget_position'====== Args={'value': 7, 'prev_value': 6, 'change': 1, 'player_num': 1, 'source': 'base'}
2026-08-11 12:49:28,471 : INFO : EventManager : Event: ======'glasses_position_confirm_restart'====== Args={'priority': 0}
2026-08-11 12:49:28,471 : INFO : EventManager : Event: ======'player_glasses_pending_position'====== Args={'value': 7, 'prev_value': 6, 'change': 1, 'player_num': 1, 'source': 'glasses_mode'}
2026-08-11 12:49:28,471 : INFO : EventManager : Event: ======'timer_glasses_position_confirm_tick'====== Args={'ticks': 0, 'ticks_remaining': 1}
2026-08-11 12:49:28,471 : INFO : EventManager : Event: ======'varitarget_positions_hit'====== Args={'shot': 'varitarget_p7'}
2026-08-11 12:49:28,471 : INFO : EventManager : Event: ======'varitarget_positions_unlit_hit'====== Args={'shot': 'varitarget_p7'}
2026-08-11 12:49:28,471 : INFO : EventManager : Event: ======'varitarget_hit_window_restart'====== Args={'priority': 0}
2026-08-11 12:49:28,471 : INFO : EventManager : Event: ======'varitarget_hit_update_max'====== Args={'priority': 0}
2026-08-11 12:49:28,471 : INFO : EventManager : Event: ======'timer_varitarget_hit_settle_tick'====== Args={'ticks': 3, 'ticks_remaining': 3}
2026-08-11 12:49:28,472 : INFO : EventManager : Event: ======'player_varitarget_hit_max_pos'====== Args={'value': 7, 'prev_value': 6, 'change': 1, 'player_num': 1, 'source': 'base'}
2026-08-11 12:49:28,472 : INFO : EventManager : Event: ======'player_score'====== Args={'value': 2596974, 'prev_value': 2596932, 'change': 42, 'player_num': 1, 'source': 'base'}
2026-08-11 12:49:28,473 : INFO : ball_device.bd_left_vuk : State: ball_left
2026-08-11 12:49:28,473 : INFO : ball_device.bd_left_vuk : Ball left
2026-08-11 12:49:28,473 : INFO : ball_device.bd_left_vuk : Wait for confirm with timeout 3.0
2026-08-11 12:49:28,500 : INFO : SwitchController : <<<<<<< 's_59_saucer_right' inactive >>>>>>>
2026-08-11 12:49:28,501 : INFO : ball_device.bd_right_vuk : State: ball_left
2026-08-11 12:49:28,501 : INFO : ball_device.bd_right_vuk : Ball left
2026-08-11 12:49:28,501 : INFO : ball_device.bd_right_vuk : Wait for confirm with timeout 3.0
2026-08-11 12:49:28,516 : INFO : SwitchController : <<<<<<< 's_70_varitarget_position_7' inactive >>>>>>>
2026-08-11 12:49:28,516 : INFO : SwitchController : <<<<<<< 's_70_varitarget_position_7' active >>>>>>>
2026-08-11 12:49:28,516 : INFO : EventManager : Event: ======'s_70_varitarget_position_7_active'====== Args={}
2026-08-11 12:49:28,516 : INFO : EventManager : Event: ======'sw_vari'====== Args={}
2026-08-11 12:49:28,516 : INFO : EventManager : Event: ======'machine_var_audits_switches_s_70_varitarget_position_7'====== Args={'value': 263, 'prev_value': 262, 'change': 1}
2026-08-11 12:49:28,517 : INFO : EventManager : Event: ======'glasses_pending_position_7'====== Args={'priority': 0}
2026-08-11 12:49:28,517 : INFO : EventManager : Event: ======'machine_var_audits_shots_varitarget_p7'====== Args={'value': 263, 'prev_value': 262, 'change': 1}
2026-08-11 12:49:28,518 : INFO : EventManager : Event: ======'varitarget_p7_hit'====== Args={'profile': 'default', 'state': 'lit', 'advancing': False}
2026-08-11 12:49:28,518 : INFO : EventManager : Event: ======'varitarget_p7_default_hit'====== Args={'profile': 'default', 'state': 'lit', 'advancing': False}
2026-08-11 12:49:28,518 : INFO : EventManager : Event: ======'varitarget_p7_default_lit_hit'====== Args={'profile': 'default', 'state': 'lit', 'advancing': False}
2026-08-11 12:49:28,518 : INFO : EventManager : Event: ======'varitarget_p7_lit_hit'====== Args={'profile': 'default', 'state': 'lit', 'advancing': False}
2026-08-11 12:49:28,518 : INFO : EventManager : Event: ======'varitarget_position_changed'====== Args={'priority': 0}
2026-08-11 12:49:28,518 : INFO : EventManager : Event: ======'glasses_position_confirm_restart'====== Args={'priority': 0}
2026-08-11 12:49:28,518 : INFO : EventManager : Event: ======'timer_glasses_position_confirm_tick'====== Args={'ticks': 0, 'ticks_remaining': 1}
2026-08-11 12:49:28,518 : INFO : EventManager : Event: ======'varitarget_positions_hit'====== Args={'shot': 'varitarget_p7'}
2026-08-11 12:49:28,518 : INFO : EventManager : Event: ======'varitarget_positions_lit_hit'====== Args={'shot': 'varitarget_p7'}
2026-08-11 12:49:28,518 : INFO : EventManager : Event: ======'varitarget_hit_window_restart'====== Args={'priority': 0}
2026-08-11 12:49:28,518 : INFO : EventManager : Event: ======'varitarget_hit_update_max'====== Args={'priority': 0}
2026-08-11 12:49:28,518 : INFO : EventManager : Event: ======'timer_varitarget_hit_settle_tick'====== Args={'ticks': 3, 'ticks_remaining': 3}
2026-08-11 12:49:28,518 : INFO : EventManager : Event: ======'player_score'====== Args={'value': 2597016, 'prev_value': 2596974, 'change': 42, 'player_num': 1, 'source': 'base'}
2026-08-11 12:49:28,611 : INFO : EventManager : Event: ======'player_base_varitarget_hit_settle_tick'====== Args={'value': 2, 'prev_value': 3, 'change': -1, 'player_num': 1}
2026-08-11 12:49:28,611 : INFO : EventManager : Event: ======'timer_varitarget_hit_settle_tick'====== Args={'ticks': 2, 'ticks_remaining': 2}
2026-08-11 12:49:28,626 : INFO : SwitchController : <<<<<<< 's_60_top_lane_c' active >>>>>>>
2026-08-11 12:49:28,626 : INFO : EventManager : Event: ======'s_60_top_lane_c_active'====== Args={}
2026-08-11 12:49:28,626 : INFO : EventManager : Event: ======'sw_playfield_active'====== Args={}
2026-08-11 12:49:28,626 : INFO : EventManager : Event: ======'sw_top_lanes'====== Args={}
2026-08-11 12:49:28,626 : INFO : EventManager : Event: ======'machine_var_audits_switches_s_60_top_lane_c'====== Args={'value': 799, 'prev_value': 798, 'change': 1}
2026-08-11 12:49:28,627 : INFO : SwitchController : <<<<<<< 's_60_top_lane_c' inactive >>>>>>>
2026-08-11 12:49:28,627 : INFO : EventManager : Event: ======'top_lane_c_turn_on'====== Args={'priority': 0}
2026-08-11 12:49:28,628 : INFO : EventManager : Event: ======'top_lanes_check'====== Args={'priority': 0}
2026-08-11 12:49:28,628 : INFO : EventManager : Event: ======'player_top_lane_c_lit'====== Args={'value': 1, 'prev_value': 0, 'change': 1, 'player_num': 1, 'source': 'spinner_2x_qualify'}
2026-08-11 12:49:28,628 : INFO : EventManager : Event: ======'spinner_2x_stop'====== Args={'priority': 0}
2026-08-11 12:49:28,628 : INFO : EventManager : Event: ======'player_score'====== Args={'value': 2602016, 'prev_value': 2597016, 'change': 5000, 'player_num': 1, 'source': 'base'}
2026-08-11 12:49:28,705 : INFO : EventManager : Event: ======'player_base_varitarget_hit_settle_tick'====== Args={'value': 1, 'prev_value': 2, 'change': -1, 'player_num': 1}
2026-08-11 12:49:28,705 : INFO : EventManager : Event: ======'timer_varitarget_hit_settle_tick'====== Args={'ticks': 1, 'ticks_remaining': 1}
2026-08-11 12:49:28,816 : INFO : EventManager : Event: ======'player_base_varitarget_hit_settle_tick'====== Args={'value': 0, 'prev_value': 1, 'change': -1, 'player_num': 1}
2026-08-11 12:49:28,816 : INFO : Timer.varitarget_hit_settle : Timer Complete
2026-08-11 12:49:28,816 : INFO : Timer.varitarget_hit_settle : Stopping Timer
2026-08-11 12:49:28,817 : INFO : EventManager : Event: ======'timer_varitarget_hit_settle_stopped'====== Args={'ticks': 0, 'ticks_remaining': 1}
2026-08-11 12:49:28,817 : INFO : EventManager : Event: ======'timer_varitarget_hit_settle_complete'====== Args={'ticks': 0, 'ticks_remaining': 1}
2026-08-11 12:49:28,817 : INFO : EventManager : Event: ======'varitarget_hit_end'====== Args={'priority': 0}
2026-08-11 12:49:28,817 : INFO : EventManager : Event: ======'varitarget_award_from_moved'====== Args={'priority': 0}
2026-08-11 12:49:28,817 : INFO : EventManager : Event: ======'player_varitarget_hit_active'====== Args={'value': 0, 'prev_value': 1, 'change': -1, 'player_num': 1, 'source': 'base'}
2026-08-11 12:49:28,818 : INFO : EventManager : Event: ======'player_varitarget_hit_moved'====== Args={'value': 6, 'prev_value': 0, 'change': 6, 'player_num': 1, 'source': 'base'}
2026-08-11 12:49:28,818 : INFO : EventManager : Event: ======'player_varitarget_stable_position'====== Args={'value': 7, 'prev_value': 1, 'change': 6, 'player_num': 1, 'source': 'base'}
2026-08-11 12:49:28,818 : INFO : EventManager : Event: ======'varitarget_moved_6'====== Args={'priority': 0}
2026-08-11 12:49:29,435 : INFO : EventManager : Event: ======'player_brain_rot_brain_rot_end_delay_tick'====== Args={'value': 1, 'prev_value': 0, 'change': 1, 'player_num': 1}
2026-08-11 12:49:29,435 : INFO : EventManager : Event: ======'timer_brain_rot_end_delay_tick'====== Args={'ticks': 1, 'ticks_remaining': 2}
2026-08-11 12:49:29,499 : INFO : EventManager : Event: ======'player_glasses_mode_glasses_position_confirm_tick'====== Args={'value': 1, 'prev_value': 0, 'change': 1, 'player_num': 1}
2026-08-11 12:49:29,499 : INFO : Timer.glasses_position_confirm : Timer Complete
2026-08-11 12:49:29,499 : INFO : Timer.glasses_position_confirm : Stopping Timer
2026-08-11 12:49:29,499 : INFO : EventManager : Event: ======'timer_glasses_position_confirm_stopped'====== Args={'ticks': 1, 'ticks_remaining': 1}
2026-08-11 12:49:29,499 : INFO : EventManager : Event: ======'timer_glasses_position_confirm_complete'====== Args={'ticks': 1, 'ticks_remaining': 1}
2026-08-11 12:49:29,500 : INFO : EventManager : Event: ======'varitarget_position_7_confirmed'====== Args={'priority': 0}
2026-08-11 12:49:29,500 : INFO : EventManager : Event: ======'glasses_enter_state_7'====== Args={'priority': 0}
2026-08-11 12:49:29,500 : INFO : EventManager : Event: ======'glasses_stop_all_shows'====== Args={'priority': 0}
2026-08-11 12:49:29,500 : INFO : EventManager : Event: ======'glasses_state_timer_restart'====== Args={'priority': 0}
2026-08-11 12:49:29,500 : INFO : EventManager : Event: ======'glasses_home_pulse_timer_stop'====== Args={'priority': 0}
2026-08-11 12:49:29,500 : INFO : EventManager : Event: ======'glasses_homing_cancel'====== Args={'priority': 0}
2026-08-11 12:49:29,500 : INFO : EventManager : Event: ======'glasses_start_state_7'====== Args={'priority': 0}
2026-08-11 12:49:29,500 : INFO : EventManager : Event: ======'player_glasses_current_state'====== Args={'value': 7, 'prev_value': 1, 'change': 6, 'player_num': 1, 'source': 'glasses_mode'}
2026-08-11 12:49:29,501 : INFO : EventManager : Event: ======'player_glasses_confirmed_position'====== Args={'value': 7, 'prev_value': 1, 'change': 6, 'player_num': 1, 'source': 'glasses_mode'}
2026-08-11 12:49:29,501 : INFO : Timer.glasses_state_timer : Starting Timer.
2026-08-11 12:49:29,501 : INFO : EventManager : Event: ======'timer_glasses_state_timer_started'====== Args={'ticks': 0, 'ticks_remaining': 10}
2026-08-11 12:49:29,501 : INFO : EventManager : Event: ======'timer_glasses_state_timer_tick'====== Args={'ticks': 0, 'ticks_remaining': 10}
2026-08-11 12:49:29,501 : INFO : Timer.glasses_home_pulse_timer : Stopping Timer
2026-08-11 12:49:29,501 : INFO : EventManager : Event: ======'timer_glasses_home_pulse_timer_stopped'====== Args={'ticks': 0, 'ticks_remaining': 0}
2026-08-11 12:49:30,432 : INFO : EventManager : Event: ======'player_brain_rot_brain_rot_end_delay_tick'====== Args={'value': 2, 'prev_value': 1, 'change': 1, 'player_num': 1}
2026-08-11 12:49:30,432 : INFO : EventManager : Event: ======'timer_brain_rot_end_delay_tick'====== Args={'ticks': 2, 'ticks_remaining': 1}
2026-08-11 12:49:30,496 : INFO : EventManager : Event: ======'player_glasses_mode_glasses_state_timer_tick'====== Args={'value': 1, 'prev_value': 0, 'change': 1, 'player_num': 1}
2026-08-11 12:49:30,497 : INFO : EventManager : Event: ======'timer_glasses_state_timer_tick'====== Args={'ticks': 1, 'ticks_remaining': 9}
2026-08-11 12:49:30,512 : INFO : SwitchController : <<<<<<< 's_29_trough_6' active >>>>>>>
2026-08-11 12:49:30,512 : INFO : EventManager : Event: ======'machine_var_audits_switches_s_29_trough_6'====== Args={'value': 1355, 'prev_value': 1354, 'change': 1}
2026-08-11 12:49:30,688 : INFO : SwitchController : <<<<<<< 's_29_trough_6' inactive >>>>>>>
2026-08-11 12:49:30,784 : INFO : SwitchController : <<<<<<< 's_27_trough_4' active >>>>>>>
2026-08-11 12:49:30,785 : INFO : EventManager : Event: ======'machine_var_audits_switches_s_27_trough_4'====== Args={'value': 1465, 'prev_value': 1464, 'change': 1}
2026-08-11 12:49:30,785 : INFO : SwitchController : <<<<<<< 's_28_trough_5' active >>>>>>>
2026-08-11 12:49:30,785 : INFO : EventManager : Event: ======'machine_var_audits_switches_s_28_trough_5'====== Args={'value': 1256, 'prev_value': 1255, 'change': 1}
2026-08-11 12:49:30,896 : INFO : SwitchController : <<<<<<< 's_27_trough_4' inactive >>>>>>>
2026-08-11 12:49:30,910 : INFO : SwitchController : <<<<<<< 's_29_trough_6' active >>>>>>>
2026-08-11 12:49:30,910 : INFO : EventManager : Event: ======'machine_var_audits_switches_s_29_trough_6'====== Args={'value': 1356, 'prev_value': 1355, 'change': 1}
2026-08-11 12:49:30,911 : INFO : SwitchController : <<<<<<< 's_26_trough_3' active >>>>>>>
2026-08-11 12:49:30,911 : INFO : EventManager : Event: ======'machine_var_audits_switches_s_26_trough_3'====== Args={'value': 1886, 'prev_value': 1885, 'change': 1}
2026-08-11 12:49:30,911 : INFO : SwitchController : <<<<<<< 's_28_trough_5' inactive >>>>>>>
2026-08-11 12:49:30,942 : INFO : SwitchController : <<<<<<< 's_27_trough_4' active >>>>>>>
2026-08-11 12:49:30,942 : INFO : EventManager : Event: ======'machine_var_audits_switches_s_27_trough_4'====== Args={'value': 1466, 'prev_value': 1465, 'change': 1}
2026-08-11 12:49:30,942 : INFO : SwitchController : <<<<<<< 's_29_trough_6' inactive >>>>>>>
2026-08-11 12:49:30,990 : INFO : SwitchController : <<<<<<< 's_29_trough_6' active >>>>>>>
2026-08-11 12:49:30,990 : INFO : EventManager : Event: ======'machine_var_audits_switches_s_29_trough_6'====== Args={'value': 1357, 'prev_value': 1356, 'change': 1}
2026-08-11 12:49:31,006 : INFO : SwitchController : <<<<<<< 's_26_trough_3' inactive >>>>>>>
2026-08-11 12:49:31,006 : INFO : SwitchController : <<<<<<< 's_25_trough_2' active >>>>>>>
2026-08-11 12:49:31,006 : INFO : EventManager : Event: ======'machine_var_audits_switches_s_25_trough_2'====== Args={'value': 2184, 'prev_value': 2183, 'change': 1}
2026-08-11 12:49:31,054 : INFO : SwitchController : <<<<<<< 's_27_trough_4' inactive >>>>>>>
2026-08-11 12:49:31,070 : INFO : SwitchController : <<<<<<< 's_26_trough_3' active >>>>>>>
2026-08-11 12:49:31,070 : INFO : EventManager : Event: ======'machine_var_audits_switches_s_26_trough_3'====== Args={'value': 1887, 'prev_value': 1886, 'change': 1}
2026-08-11 12:49:31,086 : INFO : SwitchController : <<<<<<< 's_25_trough_2' inactive >>>>>>>
2026-08-11 12:49:31,102 : INFO : SwitchController : <<<<<<< 's_24_trough_1' active >>>>>>>
2026-08-11 12:49:31,102 : INFO : EventManager : Event: ======'machine_var_audits_switches_s_24_trough_1'====== Args={'value': 2222, 'prev_value': 2221, 'change': 1}
2026-08-11 12:49:31,166 : INFO : SwitchController : <<<<<<< 's_26_trough_3' inactive >>>>>>>
2026-08-11 12:49:31,182 : INFO : SwitchController : <<<<<<< 's_25_trough_2' active >>>>>>>
2026-08-11 12:49:31,182 : INFO : EventManager : Event: ======'machine_var_audits_switches_s_25_trough_2'====== Args={'value': 2185, 'prev_value': 2184, 'change': 1}
2026-08-11 12:49:31,432 : INFO : EventManager : Event: ======'player_brain_rot_brain_rot_end_delay_tick'====== Args={'value': 3, 'prev_value': 2, 'change': 1, 'player_num': 1}
2026-08-11 12:49:31,432 : INFO : Timer.brain_rot_end_delay : Timer Complete
2026-08-11 12:49:31,432 : INFO : Timer.brain_rot_end_delay : Stopping Timer
2026-08-11 12:49:31,432 : INFO : EventManager : Event: ======'timer_brain_rot_end_delay_stopped'====== Args={'ticks': 3, 'ticks_remaining': 1}
2026-08-11 12:49:31,432 : INFO : EventManager : Event: ======'timer_brain_rot_end_delay_complete'====== Args={'ticks': 3, 'ticks_remaining': 1}
2026-08-11 12:49:31,433 : INFO : EventManager : Event: ======'brain_rot_stop'====== Args={'priority': 0}
2026-08-11 12:49:31,433 : INFO : EventManager : Event: ======'mode_brain_rot_will_stop'====== Args={}
2026-08-11 12:49:31,433 : INFO : EventManager : Event: ======'mode_brain_rot_stopping'====== Args={}
2026-08-11 12:49:31,434 : INFO : EventManager : Event: ======'multiball_brain_rot_multiball_shoot_again_ended'====== Args={}
2026-08-11 12:49:31,434 : INFO : Mode.brain_rot : Stopped.
2026-08-11 12:49:31,434 : INFO : EventManager : Event: ======'modes_active_modes_changed'====== Args={}
2026-08-11 12:49:31,435 : INFO : EventManager : Event: ======'mode_brain_rot_stopped'====== Args={}
2026-08-11 12:49:31,435 : INFO : EventManager : Event: ======'clear'====== Args={'key': 'brain_rot'}
2026-08-11 12:49:31,435 : INFO : EventManager : Event: ======'awareness_finish_brain_rot'====== Args={'priority': 0}
2026-08-11 12:49:31,435 : INFO : EventManager : Event: ======'awareness_next_target_175'====== Args={'priority': 0}
2026-08-11 12:49:31,435 : INFO : EventManager : Event: ======'player_awareness'====== Args={'value': 0, 'prev_value': 100, 'change': -100, 'player_num': 1, 'source': 'awareness'}
2026-08-11 12:49:31,435 : INFO : EventManager : Event: ======'player_awareness_percent'====== Args={'value': 0, 'prev_value': 100, 'change': -100, 'player_num': 1, 'source': 'awareness'}
2026-08-11 12:49:31,436 : INFO : EventManager : Event: ======'player_awareness_qualified'====== Args={'value': 0, 'prev_value': 1, 'change': -1, 'player_num': 1, 'source': 'awareness'}
2026-08-11 12:49:31,436 : INFO : EventManager : Event: ======'player_awareness_mysteries_collected'====== Args={'value': 1, 'prev_value': 0, 'change': 1, 'player_num': 1, 'source': 'awareness'}
2026-08-11 12:49:31,436 : INFO : EventManager : Event: ======'player_awareness_target'====== Args={'value': 175, 'prev_value': 100, 'change': 75, 'player_num': 1, 'source': 'awareness'}
2026-08-11 12:49:31,436 : INFO : Timer.brain_rot_end_delay : Stopping Timer
2026-08-11 12:49:31,436 : INFO : EventManager : Event: ======'timer_brain_rot_end_delay_stopped'====== Args={'ticks': 3, 'ticks_remaining': 1}
2026-08-11 12:49:31,452 : INFO : EventManager : Event: ======'widget_AwardPopup_removed'====== Args={'_from_bcp': True}
2026-08-11 12:49:31,452 : INFO : EventManager : Event: ======'widget_ObjectiveWidget_removed'====== Args={'_from_bcp': True}
2026-08-11 12:49:31,453 : INFO : EventManager : Event: ======'widget_ModeTitleWidget_removed'====== Args={'_from_bcp': True}
2026-08-11 12:49:31,478 : INFO : ball_device.bd_left_vuk : State: failed_confirm
2026-08-11 12:49:31,478 : INFO : ball_device.bd_left_vuk : Got timeout (3.0s) before confirm from <playfield.playfield>
2026-08-11 12:49:31,494 : INFO : EventManager : Event: ======'player_glasses_mode_glasses_state_timer_tick'====== Args={'value': 2, 'prev_value': 1, 'change': 1, 'player_num': 1}
2026-08-11 12:49:31,495 : INFO : EventManager : Event: ======'timer_glasses_state_timer_tick'====== Args={'ticks': 2, 'ticks_remaining': 8}
2026-08-11 12:49:31,495 : INFO : ball_device.bd_right_vuk : State: failed_confirm
2026-08-11 12:49:31,495 : INFO : ball_device.bd_right_vuk : Got timeout (3.0s) before confirm from <playfield.playfield>
2026-08-11 12:49:31,572 : INFO : ball_device.bd_left_vuk : Confirming eject because target is playfield and ball did not return.
2026-08-11 12:49:31,572 : INFO : ball_device.bd_left_vuk : Eject successful
2026-08-11 12:49:31,572 : INFO : EventManager : Event: ======'balldevice_bd_left_vuk_ball_eject_success'====== Args={'balls': 1, 'target': <playfield.playfield>}
2026-08-11 12:49:31,572 : INFO : EventManager : Event: ======'balldevice_playfield_ball_enter'====== Args={'new_balls': 1, 'unclaimed_balls': 1, 'device': <playfield.playfield>}
2026-08-11 12:49:31,572 : INFO : EventManager : Event: ======'playfield_ball_count_change'====== Args={'balls': 2, 'change': 1}
2026-08-11 12:49:31,573 : INFO : EventManager : Event: ======'balldevice_bd_left_vuk_ball_count_changed'====== Args={'balls': 0}
2026-08-11 12:49:31,573 : INFO : ball_device.bd_left_vuk : State: idle
2026-08-11 12:49:31,588 : INFO : ball_device.bd_right_vuk : Confirming eject because target is playfield and ball did not return.
2026-08-11 12:49:31,588 : INFO : ball_device.bd_right_vuk : Eject successful
2026-08-11 12:49:31,588 : INFO : EventManager : Event: ======'balldevice_bd_right_vuk_ball_eject_success'====== Args={'balls': 1, 'target': <playfield.playfield>}
2026-08-11 12:49:31,589 : INFO : EventManager : Event: ======'balldevice_playfield_ball_enter'====== Args={'new_balls': 1, 'unclaimed_balls': 1, 'device': <playfield.playfield>}
2026-08-11 12:49:31,589 : INFO : EventManager : Event: ======'playfield_ball_count_change'====== Args={'balls': 3, 'change': 1}
2026-08-11 12:49:31,590 : INFO : EventManager : Event: ======'balldevice_bd_right_vuk_ball_count_changed'====== Args={'balls': 0}
2026-08-11 12:49:31,590 : INFO : ball_device.bd_right_vuk : State: idle
2026-08-11 12:49:31,604 : INFO : SwitchController : <<<<<<< 's_29_trough_6' inactive >>>>>>>
2026-08-11 12:49:31,653 : INFO : SwitchController : <<<<<<< 's_28_trough_5' active >>>>>>>
2026-08-11 12:49:31,653 : INFO : EventManager : Event: ======'machine_var_audits_switches_s_28_trough_5'====== Args={'value': 1257, 'prev_value': 1256, 'change': 1}
2026-08-11 12:49:31,826 : INFO : SwitchController : <<<<<<< 's_28_trough_5' inactive >>>>>>>
2026-08-11 12:49:31,842 : INFO : SwitchController : <<<<<<< 's_27_trough_4' active >>>>>>>
2026-08-11 12:49:31,842 : INFO : EventManager : Event: ======'machine_var_audits_switches_s_27_trough_4'====== Args={'value': 1467, 'prev_value': 1466, 'change': 1}
2026-08-11 12:49:31,985 : INFO : SwitchController : <<<<<<< 's_27_trough_4' inactive >>>>>>>
2026-08-11 12:49:32,001 : INFO : SwitchController : <<<<<<< 's_26_trough_3' active >>>>>>>
2026-08-11 12:49:32,001 : INFO : EventManager : Event: ======'machine_var_audits_switches_s_26_trough_3'====== Args={'value': 1888, 'prev_value': 1887, 'change': 1}
2026-08-11 12:49:32,488 : INFO : EventManager : Event: ======'player_glasses_mode_glasses_state_timer_tick'====== Args={'value': 3, 'prev_value': 2, 'change': 1, 'player_num': 1}
2026-08-11 12:49:32,488 : INFO : EventManager : Event: ======'timer_glasses_state_timer_tick'====== Args={'ticks': 3, 'ticks_remaining': 7}
2026-08-11 12:49:32,489 : INFO : EventManager : Event: ======'balldevice_bd_trough_ball_count_changed'====== Args={'balls': 3}
2026-08-11 12:49:32,489 : INFO : ball_device.bd_trough : Received unexpected ball
2026-08-11 12:49:32,489 : INFO : EventManager : Event: ======'balldevice_captured_from_playfield'====== Args={'balls': 1}
2026-08-11 12:49:32,490 : INFO : EventManager : Event: ======'sw_playfield_active'====== Args={'balls': 1}
2026-08-11 12:49:32,490 : INFO : EventManager : Event: ======'playfield_ball_count_change'====== Args={'balls': 2, 'change': -1}
2026-08-11 12:49:32,490 : INFO : EventManager : Event: ======'balldevice_bd_trough_ball_enter'====== Args={'new_balls': 1, 'unclaimed_balls': 1, 'new_available_balls': 1, 'device': <ball_device.bd_trough>}
2026-08-11 12:49:32,491 : INFO : EventManager : Event: ======'ball_drain'====== Args={'device': <ball_device.bd_trough>, 'balls': 1}
2026-08-11 12:49:32,491 : INFO : EventManager : Event: ======'balls_in_play'====== Args={'balls': 2}
2026-08-11 12:49:32,491 : INFO : EventManager : Event: ======'multiball_brain_rot_multiball_ball_lost'====== Args={}
2026-08-11 12:49:32,491 : INFO : EventManager : Event: ======'balldevice_balls_available'====== Args={}
2026-08-11 12:49:32,491 : INFO : EventManager : Event: ======'balldevice_bd_trough_ball_entered'====== Args={'new_balls': 1, 'device': <ball_device.bd_trough>}
2026-08-11 12:49:32,491 : INFO : ball_device.bd_trough : Received unexpected ball
2026-08-11 12:49:32,491 : INFO : EventManager : Event: ======'balldevice_captured_from_playfield'====== Args={'balls': 1}
2026-08-11 12:49:32,491 : INFO : EventManager : Event: ======'sw_playfield_active'====== Args={'balls': 1}
2026-08-11 12:49:32,491 : INFO : EventManager : Event: ======'playfield_ball_count_change'====== Args={'balls': 1, 'change': -1}
2026-08-11 12:49:32,492 : INFO : EventManager : Event: ======'balldevice_bd_trough_ball_enter'====== Args={'new_balls': 1, 'unclaimed_balls': 1, 'new_available_balls': 1, 'device': <ball_device.bd_trough>}
2026-08-11 12:49:32,492 : INFO : EventManager : Event: ======'ball_drain'====== Args={'device': <ball_device.bd_trough>, 'balls': 1}
2026-08-11 12:49:32,492 : INFO : EventManager : Event: ======'balls_in_play'====== Args={'balls': 1}
2026-08-11 12:49:32,492 : INFO : EventManager : Event: ======'multiball_brain_rot_multiball_ball_lost'====== Args={}
2026-08-11 12:49:32,493 : INFO : EventManager : Event: ======'multiball_brain_rot_multiball_ended'====== Args={}
2026-08-11 12:49:32,493 : INFO : EventManager : Event: ======'balldevice_balls_available'====== Args={}
2026-08-11 12:49:32,493 : INFO : EventManager : Event: ======'balldevice_bd_trough_ball_entered'====== Args={'new_balls': 1, 'device': <ball_device.bd_trough>}
2026-08-11 12:49:32,493 : INFO : ball_device.bd_trough : Received unexpected ball
2026-08-11 12:49:32,493 : INFO : EventManager : Event: ======'balldevice_captured_from_playfield'====== Args={'balls': 1}
2026-08-11 12:49:32,494 : INFO : EventManager : Event: ======'sw_playfield_active'====== Args={'balls': 1}
2026-08-11 12:49:32,494 : INFO : EventManager : Event: ======'playfield_ball_count_change'====== Args={'balls': 0, 'change': -1}
2026-08-11 12:49:32,494 : INFO : EventManager : Event: ======'balldevice_bd_trough_ball_enter'====== Args={'new_balls': 1, 'unclaimed_balls': 1, 'new_available_balls': 1, 'device': <ball_device.bd_trough>}
2026-08-11 12:49:32,494 : INFO : EventManager : Event: ======'ball_drain'====== Args={'device': <ball_device.bd_trough>, 'balls': 1}
2026-08-11 12:49:32,495 : INFO : EventManager : Event: ======'ball_will_end'====== Args={}
2026-08-11 12:49:32,495 : INFO : EventManager : Event: ======'balldevice_balls_available'====== Args={}
2026-08-11 12:49:32,495 : INFO : EventManager : Event: ======'balldevice_bd_trough_ball_entered'====== Args={'new_balls': 1, 'device': <ball_device.bd_trough>}
2026-08-11 12:49:32,495 : INFO : EventManager : Event: ======'mode_stars_mode_will_stop'====== Args={}
2026-08-11 12:49:32,495 : INFO : EventManager : Event: ======'mode_stars_mode_stopping'====== Args={}
2026-08-11 12:49:32,495 : INFO : EventManager : Event: ======'mode_skillshot_will_stop'====== Args={}
2026-08-11 12:49:32,495 : INFO : EventManager : Event: ======'mode_skillshot_stopping'====== Args={}
2026-08-11 12:49:32,496 : INFO : EventManager : Event: ======'mode_spinner_2x_qualify_will_stop'====== Args={}
2026-08-11 12:49:32,496 : INFO : EventManager : Event: ======'mode_spinner_2x_qualify_stopping'====== Args={}
2026-08-11 12:49:32,496 : INFO : EventManager : Event: ======'mode_base_will_stop'====== Args={}
2026-08-11 12:49:32,496 : INFO : EventManager : Event: ======'mode_base_stopping'====== Args={}
2026-08-11 12:49:32,497 : INFO : Mode.spinner_2x_qualify : Stopped.
2026-08-11 12:49:32,497 : INFO : EventManager : Event: ======'modes_active_modes_changed'====== Args={}
2026-08-11 12:49:32,497 : INFO : EventManager : Event: ======'mode_spinner_2x_qualify_stopped'====== Args={}
2026-08-11 12:49:32,497 : INFO : EventManager : Event: ======'clear'====== Args={'key': 'spinner_2x_qualify'}
2026-08-11 12:49:32,497 : INFO : Mode.skillshot : Stopped.
2026-08-11 12:49:32,497 : INFO : EventManager : Event: ======'modes_active_modes_changed'====== Args={}
2026-08-11 12:49:32,498 : INFO : EventManager : Event: ======'mode_skillshot_stopped'====== Args={}
2026-08-11 12:49:32,498 : INFO : EventManager : Event: ======'clear'====== Args={'key': 'skillshot'}
2026-08-11 12:49:32,498 : INFO : Mode.stars_mode : Stopped.
2026-08-11 12:49:32,498 : INFO : EventManager : Event: ======'modes_active_modes_changed'====== Args={}
2026-08-11 12:49:32,498 : INFO : EventManager : Event: ======'mode_stars_mode_stopped'====== Args={}
2026-08-11 12:49:32,498 : INFO : EventManager : Event: ======'clear'====== Args={'key': 'stars_mode'}
2026-08-11 12:49:32,498 : INFO : EventManager : Event: ======'mode_glasses_mode_will_stop'====== Args={}
2026-08-11 12:49:32,498 : INFO : EventManager : Event: ======'mode_glasses_mode_stopping'====== Args={}
2026-08-11 12:49:32,498 : INFO : EventManager : Event: ======'mode_super_pops_will_stop'====== Args={}
2026-08-11 12:49:32,498 : INFO : EventManager : Event: ======'mode_super_pops_stopping'====== Args={}
2026-08-11 12:49:32,499 : INFO : Timer.varitarget_reset_timer : Stopping Timer
2026-08-11 12:49:32,499 : INFO : EventManager : Event: ======'timer_varitarget_reset_timer_stopped'====== Args={'ticks': 9, 'ticks_remaining': 999990}
2026-08-11 12:49:32,499 : INFO : Timer.varitarget_hit_settle : Stopping Timer
2026-08-11 12:49:32,499 : INFO : EventManager : Event: ======'timer_varitarget_hit_settle_stopped'====== Args={'ticks': 0, 'ticks_remaining': 1}
2026-08-11 12:49:32,499 : INFO : Mode.base : Stopped.
2026-08-11 12:49:32,499 : INFO : EventManager : Event: ======'modes_active_modes_changed'====== Args={}
2026-08-11 12:49:32,499 : INFO : EventManager : Event: ======'mode_base_stopped'====== Args={}
2026-08-11 12:49:32,499 : INFO : EventManager : Event: ======'clear'====== Args={'key': 'base'}
2026-08-11 12:49:32,499 : INFO : EventManager : Event: ======'mode_shotgun_will_stop'====== Args={}
2026-08-11 12:49:32,499 : INFO : EventManager : Event: ======'mode_shotgun_stopping'====== Args={}
2026-08-11 12:49:32,501 : INFO : Timer.varitarget_reset_timer : Stopping Timer
2026-08-11 12:49:32,501 : INFO : EventManager : Event: ======'timer_varitarget_reset_timer_stopped'====== Args={'ticks': 9, 'ticks_remaining': 999990}
2026-08-11 12:49:32,501 : INFO : Timer.varitarget_hit_settle : Stopping Timer
2026-08-11 12:49:32,501 : INFO : EventManager : Event: ======'timer_varitarget_hit_settle_stopped'====== Args={'ticks': 0, 'ticks_remaining': 1}
2026-08-11 12:49:32,501 : INFO : Mode.super_pops : Stopped.
2026-08-11 12:49:32,501 : INFO : EventManager : Event: ======'modes_active_modes_changed'====== Args={}
2026-08-11 12:49:32,501 : INFO : EventManager : Event: ======'mode_super_pops_stopped'====== Args={}
2026-08-11 12:49:32,501 : INFO : EventManager : Event: ======'clear'====== Args={'key': 'super_pops'}
2026-08-11 12:49:32,501 : INFO : Timer.super_pops_mult_timer : Stopping Timer
2026-08-11 12:49:32,502 : INFO : EventManager : Event: ======'timer_super_pops_mult_timer_stopped'====== Args={'ticks': 0, 'ticks_remaining': 0}
2026-08-11 12:49:32,502 : INFO : Timer.stars_s80_hold : Stopping Timer
2026-08-11 12:49:32,502 : INFO : EventManager : Event: ======'timer_stars_s80_hold_stopped'====== Args={'ticks': 0, 'ticks_remaining': 1}
2026-08-11 12:49:32,502 : INFO : Timer.stars_10x_timer : Stopping Timer
2026-08-11 12:49:32,502 : INFO : EventManager : Event: ======'timer_stars_10x_timer_stopped'====== Args={'ticks': 0, 'ticks_remaining': 0}
2026-08-11 12:49:32,502 : INFO : EventManager : Event: ======'ball_ending'====== Args={}
2026-08-11 12:49:32,502 : INFO : EventManager : Event: ======'glasses_stop_all_shows'====== Args={'priority': 0}
2026-08-11 12:49:32,502 : INFO : EventManager : Event: ======'glasses_position_confirm_stop'====== Args={'priority': 0}
2026-08-11 12:49:32,502 : INFO : EventManager : Event: ======'glasses_state_timer_stop'====== Args={'priority': 0}
2026-08-11 12:49:32,502 : INFO : EventManager : Event: ======'glasses_home_pulse_timer_stop'====== Args={'priority': 0}
2026-08-11 12:49:32,502 : INFO : EventManager : Event: ======'glasses_homing_cancel'====== Args={'priority': 0}
2026-08-11 12:49:32,502 : INFO : Timer.glasses_position_confirm : Stopping Timer
2026-08-11 12:49:32,502 : INFO : EventManager : Event: ======'timer_glasses_position_confirm_stopped'====== Args={'ticks': 1, 'ticks_remaining': 1}
2026-08-11 12:49:32,503 : INFO : Timer.glasses_state_timer : Stopping Timer
2026-08-11 12:49:32,503 : INFO : EventManager : Event: ======'timer_glasses_state_timer_stopped'====== Args={'ticks': 3, 'ticks_remaining': 7}
2026-08-11 12:49:32,503 : INFO : Timer.glasses_home_pulse_timer : Stopping Timer
2026-08-11 12:49:32,503 : INFO : EventManager : Event: ======'timer_glasses_home_pulse_timer_stopped'====== Args={'ticks': 0, 'ticks_remaining': 0}
2026-08-11 12:49:32,503 : INFO : Mode.glasses_mode : Stopped.
2026-08-11 12:49:32,503 : INFO : EventManager : Event: ======'modes_active_modes_changed'====== Args={}
2026-08-11 12:49:32,503 : INFO : EventManager : Event: ======'mode_glasses_mode_stopped'====== Args={}
2026-08-11 12:49:32,503 : INFO : EventManager : Event: ======'clear'====== Args={'key': 'glasses_mode'}
2026-08-11 12:49:32,503 : INFO : Timer.glasses_position_confirm : Stopping Timer
2026-08-11 12:49:32,503 : INFO : EventManager : Event: ======'timer_glasses_position_confirm_stopped'====== Args={'ticks': 1, 'ticks_remaining': 1}
2026-08-11 12:49:32,504 : INFO : Timer.glasses_state_timer : Stopping Timer
2026-08-11 12:49:32,504 : INFO : EventManager : Event: ======'timer_glasses_state_timer_stopped'====== Args={'ticks': 3, 'ticks_remaining': 7}
2026-08-11 12:49:32,504 : INFO : Timer.glasses_home_pulse_timer : Stopping Timer
2026-08-11 12:49:32,504 : INFO : EventManager : Event: ======'timer_glasses_home_pulse_timer_stopped'====== Args={'ticks': 0, 'ticks_remaining': 0}
2026-08-11 12:49:32,504 : INFO : Timer.glasses_state_timer : Stopping Timer
2026-08-11 12:49:32,504 : INFO : EventManager : Event: ======'timer_glasses_state_timer_stopped'====== Args={'ticks': 3, 'ticks_remaining': 7}
2026-08-11 12:49:32,504 : INFO : Timer.glasses_home_pulse_timer : Stopping Timer
2026-08-11 12:49:32,504 : INFO : EventManager : Event: ======'timer_glasses_home_pulse_timer_stopped'====== Args={'ticks': 0, 'ticks_remaining': 0}
2026-08-11 12:49:32,504 : INFO : Timer.glasses_position_confirm : Stopping Timer
2026-08-11 12:49:32,504 : INFO : EventManager : Event: ======'timer_glasses_position_confirm_stopped'====== Args={'ticks': 1, 'ticks_remaining': 1}
2026-08-11 12:49:32,504 : INFO : Timer.top_lane_a_countdown_timer : Stopping Timer
2026-08-11 12:49:32,504 : INFO : EventManager : Event: ======'timer_top_lane_a_countdown_timer_stopped'====== Args={'ticks': 30, 'ticks_remaining': 0}
2026-08-11 12:49:32,504 : INFO : Timer.top_lane_b_countdown_timer : Stopping Timer
2026-08-11 12:49:32,504 : INFO : EventManager : Event: ======'timer_top_lane_b_countdown_timer_stopped'====== Args={'ticks': 30, 'ticks_remaining': 0}
2026-08-11 12:49:32,504 : INFO : Timer.fourbank_reset_check_timer : Stopping Timer
2026-08-11 12:49:32,505 : INFO : EventManager : Event: ======'timer_fourbank_reset_check_timer_stopped'====== Args={'ticks': 0, 'ticks_remaining': 0}
2026-08-11 12:49:32,505 : INFO : Timer.fourbank_reset_retry_timer : Stopping Timer
2026-08-11 12:49:32,505 : INFO : EventManager : Event: ======'timer_fourbank_reset_retry_timer_stopped'====== Args={'ticks': 0, 'ticks_remaining': 0}
2026-08-11 12:49:32,505 : INFO : Timer.threebank_reset_check_timer : Stopping Timer
2026-08-11 12:49:32,505 : INFO : EventManager : Event: ======'timer_threebank_reset_check_timer_stopped'====== Args={'ticks': 0, 'ticks_remaining': 0}
2026-08-11 12:49:32,505 : INFO : Timer.threebank_reset_retry_timer : Stopping Timer
2026-08-11 12:49:32,505 : INFO : EventManager : Event: ======'timer_threebank_reset_retry_timer_stopped'====== Args={'ticks': 0, 'ticks_remaining': 0}
2026-08-11 12:49:32,505 : INFO : Mode.shotgun : Stopped.
2026-08-11 12:49:32,505 : INFO : EventManager : Event: ======'modes_active_modes_changed'====== Args={}
2026-08-11 12:49:32,506 : INFO : EventManager : Event: ======'mode_shotgun_stopped'====== Args={}
2026-08-11 12:49:32,506 : INFO : EventManager : Event: ======'clear'====== Args={'key': 'shotgun'}
2026-08-11 12:49:32,506 : INFO : Timer.threebank_drop_2_trip_timer : Stopping Timer
2026-08-11 12:49:32,506 : INFO : EventManager : Event: ======'timer_threebank_drop_2_trip_timer_stopped'====== Args={'ticks': 0, 'ticks_remaining': 0}
2026-08-11 12:49:32,506 : INFO : Timer.drop_1_4_7_step_3_timer : Stopping Timer
2026-08-11 12:49:32,506 : INFO : EventManager : Event: ======'timer_drop_1_4_7_step_3_timer_stopped'====== Args={'ticks': 0, 'ticks_remaining': 0}
2026-08-11 12:49:32,506 : INFO : Timer.top_lane_a_countdown_timer : Stopping Timer
2026-08-11 12:49:32,506 : INFO : EventManager : Event: ======'timer_top_lane_a_countdown_timer_stopped'====== Args={'ticks': 30, 'ticks_remaining': 0}
2026-08-11 12:49:32,506 : INFO : Timer.fourbank_reset_retry_timer : Stopping Timer
2026-08-11 12:49:32,506 : INFO : EventManager : Event: ======'timer_fourbank_reset_retry_timer_stopped'====== Args={'ticks': 0, 'ticks_remaining': 0}
2026-08-11 12:49:32,506 : INFO : Timer.fourbank_drop_2_trip_timer : Stopping Timer
2026-08-11 12:49:32,506 : INFO : EventManager : Event: ======'timer_fourbank_drop_2_trip_timer_stopped'====== Args={'ticks': 0, 'ticks_remaining': 0}
2026-08-11 12:49:32,506 : INFO : Timer.threebank_drop_1_trip_timer : Stopping Timer
2026-08-11 12:49:32,506 : INFO : EventManager : Event: ======'timer_threebank_drop_1_trip_timer_stopped'====== Args={'ticks': 0, 'ticks_remaining': 0}
2026-08-11 12:49:32,506 : INFO : Timer.threebank_drop_3_trip_timer : Stopping Timer
2026-08-11 12:49:32,506 : INFO : EventManager : Event: ======'timer_threebank_drop_3_trip_timer_stopped'====== Args={'ticks': 0, 'ticks_remaining': 0}
2026-08-11 12:49:32,506 : INFO : Timer.drop_1_4_7_step_4_timer : Stopping Timer
2026-08-11 12:49:32,506 : INFO : EventManager : Event: ======'timer_drop_1_4_7_step_4_timer_stopped'====== Args={'ticks': 0, 'ticks_remaining': 0}
2026-08-11 12:49:32,506 : INFO : Timer.top_lane_b_countdown_timer : Stopping Timer
2026-08-11 12:49:32,507 : INFO : EventManager : Event: ======'timer_top_lane_b_countdown_timer_stopped'====== Args={'ticks': 30, 'ticks_remaining': 0}
2026-08-11 12:49:32,507 : INFO : Timer.threebank_reset_check_timer : Stopping Timer
2026-08-11 12:49:32,507 : INFO : EventManager : Event: ======'timer_threebank_reset_check_timer_stopped'====== Args={'ticks': 0, 'ticks_remaining': 0}
2026-08-11 12:49:32,507 : INFO : Timer.fourbank_drop_3_trip_timer : Stopping Timer
2026-08-11 12:49:32,507 : INFO : EventManager : Event: ======'timer_fourbank_drop_3_trip_timer_stopped'====== Args={'ticks': 0, 'ticks_remaining': 0}
2026-08-11 12:49:32,507 : INFO : Timer.drop_1_4_7_step_2_timer : Stopping Timer
2026-08-11 12:49:32,507 : INFO : EventManager : Event: ======'timer_drop_1_4_7_step_2_timer_stopped'====== Args={'ticks': 0, 'ticks_remaining': 0}
2026-08-11 12:49:32,507 : INFO : Timer.drop_1_4_7_ready_timer : Stopping Timer
2026-08-11 12:49:32,507 : INFO : EventManager : Event: ======'timer_drop_1_4_7_ready_timer_stopped'====== Args={'ticks': 0, 'ticks_remaining': 0}
2026-08-11 12:49:32,507 : INFO : Timer.fourbank_reset_check_timer : Stopping Timer
2026-08-11 12:49:32,507 : INFO : EventManager : Event: ======'timer_fourbank_reset_check_timer_stopped'====== Args={'ticks': 0, 'ticks_remaining': 0}
2026-08-11 12:49:32,507 : INFO : Timer.threebank_reset_retry_timer : Stopping Timer
2026-08-11 12:49:32,507 : INFO : EventManager : Event: ======'timer_threebank_reset_retry_timer_stopped'====== Args={'ticks': 0, 'ticks_remaining': 0}
2026-08-11 12:49:32,508 : INFO : EventManager : Event: ======'mode_resistance_will_stop'====== Args={}
2026-08-11 12:49:32,508 : INFO : EventManager : Event: ======'mode_resistance_stopping'====== Args={}
2026-08-11 12:49:32,508 : INFO : EventManager : Event: ======'mode_autoplunge_will_stop'====== Args={}
2026-08-11 12:49:32,508 : INFO : EventManager : Event: ======'mode_autoplunge_stopping'====== Args={}
2026-08-11 12:49:32,508 : INFO : Timer.t_auto_plunge : Stopping Timer
2026-08-11 12:49:32,509 : INFO : EventManager : Event: ======'timer_t_auto_plunge_stopped'====== Args={'ticks': 10, 'ticks_remaining': 0}
2026-08-11 12:49:32,509 : INFO : EventManager : Event: ======'mode_brian_combo_will_stop'====== Args={}
2026-08-11 12:49:32,509 : INFO : EventManager : Event: ======'mode_brian_combo_stopping'====== Args={}
2026-08-11 12:49:32,509 : INFO : EventManager : Event: ======'mode_awareness_will_stop'====== Args={}
2026-08-11 12:49:32,509 : INFO : EventManager : Event: ======'mode_awareness_stopping'====== Args={}
2026-08-11 12:49:32,509 : INFO : Mode.awareness : Stopped.
2026-08-11 12:49:32,509 : INFO : EventManager : Event: ======'modes_active_modes_changed'====== Args={}
2026-08-11 12:49:32,509 : INFO : EventManager : Event: ======'mode_awareness_stopped'====== Args={}
2026-08-11 12:49:32,509 : INFO : EventManager : Event: ======'clear'====== Args={'key': 'awareness'}
2026-08-11 12:49:32,509 : INFO : Mode.brian_combo : Stopped.
2026-08-11 12:49:32,510 : INFO : EventManager : Event: ======'modes_active_modes_changed'====== Args={}
2026-08-11 12:49:32,510 : INFO : EventManager : Event: ======'mode_brian_combo_stopped'====== Args={}
2026-08-11 12:49:32,510 : INFO : EventManager : Event: ======'clear'====== Args={'key': 'brian_combo'}
2026-08-11 12:49:32,510 : INFO : Mode.autoplunge : Stopped.
2026-08-11 12:49:32,510 : INFO : EventManager : Event: ======'modes_active_modes_changed'====== Args={}
2026-08-11 12:49:32,510 : INFO : EventManager : Event: ======'mode_autoplunge_stopped'====== Args={}
2026-08-11 12:49:32,510 : INFO : EventManager : Event: ======'clear'====== Args={'key': 'autoplunge'}
2026-08-11 12:49:32,510 : INFO : Timer.t_auto_plunge : Stopping Timer
2026-08-11 12:49:32,510 : INFO : EventManager : Event: ======'timer_t_auto_plunge_stopped'====== Args={'ticks': 10, 'ticks_remaining': 0}
2026-08-11 12:49:32,510 : INFO : Mode.resistance : Stopped.
2026-08-11 12:49:32,510 : INFO : EventManager : Event: ======'modes_active_modes_changed'====== Args={}
2026-08-11 12:49:32,511 : INFO : EventManager : Event: ======'mode_resistance_stopped'====== Args={}
2026-08-11 12:49:32,511 : INFO : EventManager : Event: ======'clear'====== Args={'key': 'resistance'}
2026-08-11 12:49:32,511 : INFO : Timer.right_inlane_countdown_timer : Stopping Timer
2026-08-11 12:49:32,511 : INFO : EventManager : Event: ======'timer_right_inlane_countdown_timer_stopped'====== Args={'ticks': 15, 'ticks_remaining': 0}
2026-08-11 12:49:32,511 : INFO : Timer.resistance_qual_lights_4_0_timer : Stopping Timer
2026-08-11 12:49:32,511 : INFO : EventManager : Event: ======'timer_resistance_qual_lights_4_0_timer_stopped'====== Args={'ticks': 4, 'ticks_remaining': 0}
2026-08-11 12:49:32,511 : INFO : Timer.state_3_resistance_active_timer : Stopping Timer
2026-08-11 12:49:32,511 : INFO : EventManager : Event: ======'timer_state_3_resistance_active_timer_stopped'====== Args={'ticks': 15, 'ticks_remaining': 0}
2026-08-11 12:49:32,511 : INFO : Timer.resistance_qual_lights_15_11_timer : Stopping Timer
2026-08-11 12:49:32,511 : INFO : EventManager : Event: ======'timer_resistance_qual_lights_15_11_timer_stopped'====== Args={'ticks': 4, 'ticks_remaining': 0}
2026-08-11 12:49:32,511 : INFO : Timer.state_2_resistance_active_timer : Stopping Timer
2026-08-11 12:49:32,511 : INFO : EventManager : Event: ======'timer_state_2_resistance_active_timer_stopped'====== Args={'ticks': 15, 'ticks_remaining': 0}
2026-08-11 12:49:32,511 : INFO : Timer.state_4_resistance_active_timer : Stopping Timer
2026-08-11 12:49:32,511 : INFO : EventManager : Event: ======'timer_state_4_resistance_active_timer_stopped'====== Args={'ticks': 15, 'ticks_remaining': 0}
2026-08-11 12:49:32,511 : INFO : Timer.resistance_qual_lights_10_5_timer : Stopping Timer
2026-08-11 12:49:32,511 : INFO : EventManager : Event: ======'timer_resistance_qual_lights_10_5_timer_stopped'====== Args={'ticks': 5, 'ticks_remaining': 0}
2026-08-11 12:49:32,512 : INFO : Timer.state_5_resistance_active_timer : Stopping Timer
2026-08-11 12:49:32,512 : INFO : EventManager : Event: ======'timer_state_5_resistance_active_timer_stopped'====== Args={'ticks': 10, 'ticks_remaining': 0}
2026-08-11 12:49:32,513 : INFO : EventManager : Event: ======'ball_ended'====== Args={}
2026-08-11 12:49:32,514 : INFO : EventManager : Event: ======'player_turn_will_end'====== Args={'player': <Player 1>, 'number': 1}
2026-08-11 12:49:32,514 : INFO : EventManager : Event: ======'player_turn_ending'====== Args={'player': <Player 1>, 'number': 1}
2026-08-11 12:49:32,515 : INFO : EventManager : Event: ======'player_turn_ended'====== Args={'player': <Player 1>, 'number': 1}
2026-08-11 12:49:32,515 : INFO : EventManager : Event: ======'player_turn_will_start'====== Args={'player': <Player 1>, 'number': 1}
2026-08-11 12:49:32,515 : INFO : EventManager : Event: ======'player_turn_starting'====== Args={'player': <Player 1>, 'number': 1}
2026-08-11 12:49:32,516 : INFO : EventManager : Event: ======'player_ball'====== Args={'value': 2, 'prev_value': 1, 'change': 1, 'player_num': 1}
2026-08-11 12:49:32,516 : INFO : EventManager : Event: ======'player_turn_started'====== Args={'player': <Player 1>, 'number': 1}
2026-08-11 12:49:32,516 : INFO : EventManager : Event: ======'ball_will_start'====== Args={'player': 1, 'ball': 2, 'balls_remaining': 1, 'is_extra_ball': False}
2026-08-11 12:49:32,517 : INFO : EventManager : Event: ======'ball_starting'====== Args={'player': 1, 'ball': 2, 'balls_remaining': 1, 'is_extra_ball': False}
2026-08-11 12:49:32,517 : INFO : EventManager : Event: ======'mode_skillshot_will_start'====== Args={'queue': <QueuedEvent>, 'player': 1, 'ball': 2, 'balls_remaining': 1, 'is_extra_ball': False}
2026-08-11 12:49:32,525 : INFO : EventManager : Event: ======'mode_skillshot_starting'====== Args={'queue': <QueuedEvent>, 'player': 1, 'ball': 2, 'balls_remaining': 1, 'is_extra_ball': False}
2026-08-11 12:49:32,525 : INFO : EventManager : Event: ======'mode_awareness_will_start'====== Args={'queue': <QueuedEvent>, 'player': 1, 'ball': 2, 'balls_remaining': 1, 'is_extra_ball': False}
2026-08-11 12:49:32,530 : INFO : EventManager : Event: ======'mode_awareness_starting'====== Args={'queue': <QueuedEvent>, 'player': 1, 'ball': 2, 'balls_remaining': 1, 'is_extra_ball': False}
2026-08-11 12:49:32,530 : INFO : EventManager : Event: ======'mode_base_will_start'====== Args={'queue': <QueuedEvent>, 'player': 1, 'ball': 2, 'balls_remaining': 1, 'is_extra_ball': False}
2026-08-11 12:49:32,533 : INFO : EventManager : Event: ======'player_base_varitarget_reset_timer_tick'====== Args={'value': 0, 'prev_value': 9, 'change': -9, 'player_num': 1}
2026-08-11 12:49:32,533 : INFO : EventManager : Event: ======'player_base_varitarget_hit_settle_tick'====== Args={'value': 3, 'prev_value': 0, 'change': 3, 'player_num': 1}
2026-08-11 12:49:32,539 : INFO : EventManager : Event: ======'mode_base_starting'====== Args={'queue': <QueuedEvent>, 'player': 1, 'ball': 2, 'balls_remaining': 1, 'is_extra_ball': False}
2026-08-11 12:49:32,539 : INFO : coil.c_31_single_drop_1_reset : Pulsing Driver for 20ms (1.0 pulse_power)
2026-08-11 12:49:32,546 : INFO : Mode.base : Started. Priority: 100
2026-08-11 12:49:32,546 : INFO : EventManager : Event: ======'modes_active_modes_changed'====== Args={}
2026-08-11 12:49:32,546 : INFO : EventManager : Event: ======'mode_base_started'====== Args={'queue': <QueuedEvent>, 'player': 1, 'ball': 2, 'balls_remaining': 1, 'is_extra_ball': False}
2026-08-11 12:49:32,546 : INFO : EventManager : Event: ======'mode_glasses_mode_will_start'====== Args={'queue': <QueuedEvent>, 'player': 1, 'ball': 2, 'balls_remaining': 1, 'is_extra_ball': False}
2026-08-11 12:49:32,546 : INFO : EventManager : Event: ======'player_glasses_mode_glasses_position_confirm_tick'====== Args={'value': 0, 'prev_value': 1, 'change': -1, 'player_num': 1}
2026-08-11 12:49:32,546 : INFO : EventManager : Event: ======'player_glasses_mode_glasses_state_timer_tick'====== Args={'value': 0, 'prev_value': 3, 'change': -3, 'player_num': 1}
2026-08-11 12:49:32,551 : INFO : EventManager : Event: ======'mode_glasses_mode_starting'====== Args={'queue': <QueuedEvent>, 'player': 1, 'ball': 2, 'balls_remaining': 1, 'is_extra_ball': False}
2026-08-11 12:49:32,551 : INFO : EventManager : Event: ======'mode_super_pops_will_start'====== Args={'queue': <QueuedEvent>, 'player': 1, 'ball': 2, 'balls_remaining': 1, 'is_extra_ball': False}
2026-08-11 12:49:32,551 : INFO : EventManager : Unordered handler for class <Auditor> on event game_ended with priority 1. Handlers: [RegisteredHandler(callback=<bound method Auditor.disable of <Auditor>>, priority=1, kwargs={}, key=UUID('1c32dc7a-abe8-4748-ac12-00c7aac0c706'), condition=None, blocking_facility=None), RegisteredHandler(callback=<bound method Auditor._save_audits of <Auditor>>, priority=1, kwargs={}, key=UUID('39a34f23-f5a9-40f2-95e2-e6b5e54371d3'), condition=None, blocking_facility=None)]. The order of those handlers is not defined and they will be executed in random order. This might lead to race conditions and potential bugs.
2026-08-11 12:49:32,555 : INFO : EventManager : Event: ======'mode_super_pops_starting'====== Args={'queue': <QueuedEvent>, 'player': 1, 'ball': 2, 'balls_remaining': 1, 'is_extra_ball': False}
2026-08-11 12:49:32,555 : INFO : EventManager : Event: ======'mode_spinner_2x_qualify_will_start'====== Args={'queue': <QueuedEvent>, 'player': 1, 'ball': 2, 'balls_remaining': 1, 'is_extra_ball': False}
2026-08-11 12:49:32,557 : INFO : EventManager : Event: ======'mode_spinner_2x_qualify_starting'====== Args={'queue': <QueuedEvent>, 'player': 1, 'ball': 2, 'balls_remaining': 1, 'is_extra_ball': False}
2026-08-11 12:49:32,557 : INFO : EventManager : Event: ======'mode_shotgun_will_start'====== Args={'queue': <QueuedEvent>, 'player': 1, 'ball': 2, 'balls_remaining': 1, 'is_extra_ball': False}
2026-08-11 12:49:32,557 : INFO : EventManager : Unordered handler for class <timer.top_lane_a_countdown_timer> on event shotgun_stop_all with priority 1. Handlers: [RegisteredHandler(callback=<bound method Timer.stop of <timer.top_lane_a_countdown_timer>>, priority=1, kwargs={}, key=UUID('1831d6e4-5b69-4dd1-957c-a3bb9a7925b6'), condition=None, blocking_facility=None), RegisteredHandler(callback=<bound method Timer.reset of <timer.top_lane_a_countdown_timer>>, priority=1, kwargs={}, key=UUID('69229eb9-e928-4187-b629-27c825f12e22'), condition=None, blocking_facility=None)]. The order of those handlers is not defined and they will be executed in random order. This might lead to race conditions and potential bugs.
2026-08-11 12:49:32,557 : INFO : EventManager : Unordered handler for class <timer.top_lane_a_countdown_timer> on event shotgun_stop_all with priority 1. Handlers: [RegisteredHandler(callback=<bound method Timer.stop of <timer.top_lane_a_countdown_timer>>, priority=1, kwargs={}, key=UUID('1831d6e4-5b69-4dd1-957c-a3bb9a7925b6'), condition=None, blocking_facility=None), RegisteredHandler(callback=<bound method Timer.reset of <timer.top_lane_a_countdown_timer>>, priority=1, kwargs={}, key=UUID('69229eb9-e928-4187-b629-27c825f12e22'), condition=None, blocking_facility=None)]. The order of those handlers is not defined and they will be executed in random order. This might lead to race conditions and potential bugs.
2026-08-11 12:49:32,557 : INFO : EventManager : Unordered handler for class <timer.top_lane_a_countdown_timer> on event shotgun_stop_all with priority 1. Handlers: [RegisteredHandler(callback=<bound method Timer.stop of <timer.top_lane_a_countdown_timer>>, priority=1, kwargs={}, key=UUID('1831d6e4-5b69-4dd1-957c-a3bb9a7925b6'), condition=None, blocking_facility=None), RegisteredHandler(callback=<bound method Timer.reset of <timer.top_lane_a_countdown_timer>>, priority=1, kwargs={}, key=UUID('69229eb9-e928-4187-b629-27c825f12e22'), condition=None, blocking_facility=None)]. The order of those handlers is not defined and they will be executed in random order. This might lead to race conditions and potential bugs.
2026-08-11 12:49:32,557 : INFO : EventManager : Unordered handler for class <timer.top_lane_b_countdown_timer> on event shotgun_stop_all with priority 1. Handlers: [RegisteredHandler(callback=<bound method Timer.stop of <timer.top_lane_b_countdown_timer>>, priority=1, kwargs={}, key=UUID('dcb1d5f1-2317-4957-85ac-be89e6a30ccf'), condition=None, blocking_facility=None), RegisteredHandler(callback=<bound method Timer.reset of <timer.top_lane_b_countdown_timer>>, priority=1, kwargs={}, key=UUID('b5b5321c-aabf-453d-ad2f-d28b42d9f612'), condition=None, blocking_facility=None)]. The order of those handlers is not defined and they will be executed in random order. This might lead to race conditions and potential bugs.
2026-08-11 12:49:32,557 : INFO : EventManager : Unordered handler for class <timer.top_lane_a_countdown_timer> on event shotgun_stop_all with priority 1. Handlers: [RegisteredHandler(callback=<bound method Timer.stop of <timer.top_lane_a_countdown_timer>>, priority=1, kwargs={}, key=UUID('1831d6e4-5b69-4dd1-957c-a3bb9a7925b6'), condition=None, blocking_facility=None), RegisteredHandler(callback=<bound method Timer.reset of <timer.top_lane_a_countdown_timer>>, priority=1, kwargs={}, key=UUID('69229eb9-e928-4187-b629-27c825f12e22'), condition=None, blocking_facility=None)]. The order of those handlers is not defined and they will be executed in random order. This might lead to race conditions and potential bugs.
2026-08-11 12:49:32,557 : INFO : EventManager : Unordered handler for class <timer.top_lane_b_countdown_timer> on event shotgun_stop_all with priority 1. Handlers: [RegisteredHandler(callback=<bound method Timer.stop of <timer.top_lane_b_countdown_timer>>, priority=1, kwargs={}, key=UUID('dcb1d5f1-2317-4957-85ac-be89e6a30ccf'), condition=None, blocking_facility=None), RegisteredHandler(callback=<bound method Timer.reset of <timer.top_lane_b_countdown_timer>>, priority=1, kwargs={}, key=UUID('b5b5321c-aabf-453d-ad2f-d28b42d9f612'), condition=None, blocking_facility=None)]. The order of those handlers is not defined and they will be executed in random order. This might lead to race conditions and potential bugs.
2026-08-11 12:49:32,558 : INFO : EventManager : Unordered handler for class <timer.top_lane_a_countdown_timer> on event shotgun_stop_all with priority 1. Handlers: [RegisteredHandler(callback=<bound method Timer.stop of <timer.top_lane_a_countdown_timer>>, priority=1, kwargs={}, key=UUID('1831d6e4-5b69-4dd1-957c-a3bb9a7925b6'), condition=None, blocking_facility=None), RegisteredHandler(callback=<bound method Timer.reset of <timer.top_lane_a_countdown_timer>>, priority=1, kwargs={}, key=UUID('69229eb9-e928-4187-b629-27c825f12e22'), condition=None, blocking_facility=None)]. The order of those handlers is not defined and they will be executed in random order. This might lead to race conditions and potential bugs.
2026-08-11 12:49:32,558 : INFO : EventManager : Unordered handler for class <timer.top_lane_b_countdown_timer> on event shotgun_stop_all with priority 1. Handlers: [RegisteredHandler(callback=<bound method Timer.stop of <timer.top_lane_b_countdown_timer>>, priority=1, kwargs={}, key=UUID('dcb1d5f1-2317-4957-85ac-be89e6a30ccf'), condition=None, blocking_facility=None), RegisteredHandler(callback=<bound method Timer.reset of <timer.top_lane_b_countdown_timer>>, priority=1, kwargs={}, key=UUID('b5b5321c-aabf-453d-ad2f-d28b42d9f612'), condition=None, blocking_facility=None)]. The order of those handlers is not defined and they will be executed in random order. This might lead to race conditions and potential bugs.
2026-08-11 12:49:32,558 : INFO : EventManager : Unordered handler for class <timer.top_lane_a_countdown_timer> on event shotgun_stop_all with priority 1. Handlers: [RegisteredHandler(callback=<bound method Timer.stop of <timer.top_lane_a_countdown_timer>>, priority=1, kwargs={}, key=UUID('1831d6e4-5b69-4dd1-957c-a3bb9a7925b6'), condition=None, blocking_facility=None), RegisteredHandler(callback=<bound method Timer.reset of <timer.top_lane_a_countdown_timer>>, priority=1, kwargs={}, key=UUID('69229eb9-e928-4187-b629-27c825f12e22'), condition=None, blocking_facility=None)]. The order of those handlers is not defined and they will be executed in random order. This might lead to race conditions and potential bugs.
2026-08-11 12:49:32,558 : INFO : EventManager : Unordered handler for class <timer.top_lane_b_countdown_timer> on event shotgun_stop_all with priority 1. Handlers: [RegisteredHandler(callback=<bound method Timer.stop of <timer.top_lane_b_countdown_timer>>, priority=1, kwargs={}, key=UUID('dcb1d5f1-2317-4957-85ac-be89e6a30ccf'), condition=None, blocking_facility=None), RegisteredHandler(callback=<bound method Timer.reset of <timer.top_lane_b_countdown_timer>>, priority=1, kwargs={}, key=UUID('b5b5321c-aabf-453d-ad2f-d28b42d9f612'), condition=None, blocking_facility=None)]. The order of those handlers is not defined and they will be executed in random order. This might lead to race conditions and potential bugs.
2026-08-11 12:49:32,558 : INFO : EventManager : Unordered handler for class <timer.top_lane_a_countdown_timer> on event shotgun_stop_all with priority 1. Handlers: [RegisteredHandler(callback=<bound method Timer.stop of <timer.top_lane_a_countdown_timer>>, priority=1, kwargs={}, key=UUID('1831d6e4-5b69-4dd1-957c-a3bb9a7925b6'), condition=None, blocking_facility=None), RegisteredHandler(callback=<bound method Timer.reset of <timer.top_lane_a_countdown_timer>>, priority=1, kwargs={}, key=UUID('69229eb9-e928-4187-b629-27c825f12e22'), condition=None, blocking_facility=None)]. The order of those handlers is not defined and they will be executed in random order. This might lead to race conditions and potential bugs.
2026-08-11 12:49:32,558 : INFO : EventManager : Unordered handler for class <timer.top_lane_b_countdown_timer> on event shotgun_stop_all with priority 1. Handlers: [RegisteredHandler(callback=<bound method Timer.stop of <timer.top_lane_b_countdown_timer>>, priority=1, kwargs={}, key=UUID('dcb1d5f1-2317-4957-85ac-be89e6a30ccf'), condition=None, blocking_facility=None), RegisteredHandler(callback=<bound method Timer.reset of <timer.top_lane_b_countdown_timer>>, priority=1, kwargs={}, key=UUID('b5b5321c-aabf-453d-ad2f-d28b42d9f612'), condition=None, blocking_facility=None)]. The order of those handlers is not defined and they will be executed in random order. This might lead to race conditions and potential bugs.
2026-08-11 12:49:32,565 : INFO : EventManager : Unordered handler for class <timer.top_lane_a_countdown_timer> on event shotgun_stop_all with priority 1. Handlers: [RegisteredHandler(callback=<bound method Timer.stop of <timer.top_lane_a_countdown_timer>>, priority=1, kwargs={}, key=UUID('1831d6e4-5b69-4dd1-957c-a3bb9a7925b6'), condition=None, blocking_facility=None), RegisteredHandler(callback=<bound method Timer.reset of <timer.top_lane_a_countdown_timer>>, priority=1, kwargs={}, key=UUID('69229eb9-e928-4187-b629-27c825f12e22'), condition=None, blocking_facility=None)]. The order of those handlers is not defined and they will be executed in random order. This might lead to race conditions and potential bugs.
2026-08-11 12:49:32,566 : INFO : EventManager : Unordered handler for class <timer.top_lane_b_countdown_timer> on event shotgun_stop_all with priority 1. Handlers: [RegisteredHandler(callback=<bound method Timer.stop of <timer.top_lane_b_countdown_timer>>, priority=1, kwargs={}, key=UUID('dcb1d5f1-2317-4957-85ac-be89e6a30ccf'), condition=None, blocking_facility=None), RegisteredHandler(callback=<bound method Timer.reset of <timer.top_lane_b_countdown_timer>>, priority=1, kwargs={}, key=UUID('b5b5321c-aabf-453d-ad2f-d28b42d9f612'), condition=None, blocking_facility=None)]. The order of those handlers is not defined and they will be executed in random order. This might lead to race conditions and potential bugs.
2026-08-11 12:49:32,567 : INFO : EventManager : Unordered handler for class <timer.top_lane_a_countdown_timer> on event shotgun_stop_all with priority 1. Handlers: [RegisteredHandler(callback=<bound method Timer.stop of <timer.top_lane_a_countdown_timer>>, priority=1, kwargs={}, key=UUID('1831d6e4-5b69-4dd1-957c-a3bb9a7925b6'), condition=None, blocking_facility=None), RegisteredHandler(callback=<bound method Timer.reset of <timer.top_lane_a_countdown_timer>>, priority=1, kwargs={}, key=UUID('69229eb9-e928-4187-b629-27c825f12e22'), condition=None, blocking_facility=None)]. The order of those handlers is not defined and they will be executed in random order. This might lead to race conditions and potential bugs.
2026-08-11 12:49:32,567 : INFO : EventManager : Unordered handler for class <timer.top_lane_b_countdown_timer> on event shotgun_stop_all with priority 1. Handlers: [RegisteredHandler(callback=<bound method Timer.stop of <timer.top_lane_b_countdown_timer>>, priority=1, kwargs={}, key=UUID('dcb1d5f1-2317-4957-85ac-be89e6a30ccf'), condition=None, blocking_facility=None), RegisteredHandler(callback=<bound method Timer.reset of <timer.top_lane_b_countdown_timer>>, priority=1, kwargs={}, key=UUID('b5b5321c-aabf-453d-ad2f-d28b42d9f612'), condition=None, blocking_facility=None)]. The order of those handlers is not defined and they will be executed in random order. This might lead to race conditions and potential bugs.
2026-08-11 12:49:32,570 : INFO : EventManager : Event: ======'mode_shotgun_starting'====== Args={'queue': <QueuedEvent>, 'player': 1, 'ball': 2, 'balls_remaining': 1, 'is_extra_ball': False}
2026-08-11 12:49:32,570 : INFO : EventManager : Event: ======'varitarget_yaml_loaded'====== Args={'priority': 0}
2026-08-11 12:49:32,570 : INFO : EventManager : Event: ======'player_varitarget_position'====== Args={'value': 1, 'prev_value': 7, 'change': -6, 'player_num': 1, 'source': 'base'}
2026-08-11 12:49:32,570 : INFO : EventManager : Event: ======'player_varitarget_reset_attempts'====== Args={'value': 0, 'prev_value': 11, 'change': -11, 'player_num': 1, 'source': 'base'}
2026-08-11 12:49:32,570 : INFO : EventManager : Event: ======'player_varitarget_stable_position'====== Args={'value': 1, 'prev_value': 7, 'change': -6, 'player_num': 1, 'source': 'base'}
2026-08-11 12:49:32,570 : INFO : EventManager : Event: ======'player_varitarget_hit_max_pos'====== Args={'value': 1, 'prev_value': 7, 'change': -6, 'player_num': 1, 'source': 'base'}
2026-08-11 12:49:32,570 : INFO : EventManager : Event: ======'player_varitarget_hit_moved'====== Args={'value': 0, 'prev_value': 6, 'change': -6, 'player_num': 1, 'source': 'base'}
2026-08-11 12:49:32,570 : INFO : Mode.shotgun : Started. Priority: 120
2026-08-11 12:49:32,570 : INFO : EventManager : Event: ======'modes_active_modes_changed'====== Args={}
2026-08-11 12:49:32,570 : INFO : EventManager : Event: ======'mode_shotgun_started'====== Args={'queue': <QueuedEvent>, 'player': 1, 'ball': 2, 'balls_remaining': 1, 'is_extra_ball': False}
2026-08-11 12:49:32,571 : INFO : EventManager : Event: ======'shotgun_all_lights_off'====== Args={'priority': 0}
2026-08-11 12:49:32,571 : INFO : EventManager : Event: ======'shotgun_lane_b_relight'====== Args={'priority': 0}
2026-08-11 12:49:32,571 : INFO : Mode.spinner_2x_qualify : Started. Priority: 150
2026-08-11 12:49:32,571 : INFO : EventManager : Event: ======'modes_active_modes_changed'====== Args={}
2026-08-11 12:49:32,571 : INFO : EventManager : Event: ======'mode_spinner_2x_qualify_started'====== Args={'queue': <QueuedEvent>, 'player': 1, 'ball': 2, 'balls_remaining': 1, 'is_extra_ball': False}
2026-08-11 12:49:32,571 : INFO : EventManager : Event: ======'spinner_2x_stop'====== Args={'priority': 0}
2026-08-11 12:49:32,571 : INFO : EventManager : Event: ======'player_top_lane_b_lit'====== Args={'value': 0, 'prev_value': 1, 'change': -1, 'player_num': 1, 'source': 'spinner_2x_qualify'}
2026-08-11 12:49:32,571 : INFO : EventManager : Event: ======'player_top_lane_c_lit'====== Args={'value': 0, 'prev_value': 1, 'change': -1, 'player_num': 1, 'source': 'spinner_2x_qualify'}
2026-08-11 12:49:32,571 : INFO : Mode.glasses_mode : Started. Priority: 800
2026-08-11 12:49:32,571 : INFO : EventManager : Event: ======'modes_active_modes_changed'====== Args={}
2026-08-11 12:49:32,571 : INFO : EventManager : Event: ======'mode_glasses_mode_started'====== Args={'queue': <QueuedEvent>, 'player': 1, 'ball': 2, 'balls_remaining': 1, 'is_extra_ball': False}
2026-08-11 12:49:32,572 : INFO : EventManager : Event: ======'glasses_mode_loaded'====== Args={'priority': 0}
2026-08-11 12:49:32,572 : INFO : EventManager : Event: ======'glasses_stop_all_shows'====== Args={'priority': 0}
2026-08-11 12:49:32,572 : INFO : EventManager : Event: ======'glasses_init_vars'====== Args={'priority': 0}
2026-08-11 12:49:32,572 : INFO : EventManager : Event: ======'player_glasses_current_state'====== Args={'value': 1, 'prev_value': 7, 'change': -6, 'player_num': 1, 'source': 'glasses_mode'}
2026-08-11 12:49:32,572 : INFO : EventManager : Event: ======'player_glasses_pending_position'====== Args={'value': 1, 'prev_value': 7, 'change': -6, 'player_num': 1, 'source': 'glasses_mode'}
2026-08-11 12:49:32,572 : INFO : EventManager : Event: ======'player_glasses_confirmed_position'====== Args={'value': 1, 'prev_value': 7, 'change': -6, 'player_num': 1, 'source': 'glasses_mode'}
2026-08-11 12:49:32,572 : INFO : Mode.awareness : Started. Priority: 105
2026-08-11 12:49:32,572 : INFO : EventManager : Event: ======'modes_active_modes_changed'====== Args={}
2026-08-11 12:49:32,572 : INFO : EventManager : Event: ======'mode_awareness_started'====== Args={'queue': <QueuedEvent>, 'player': 1, 'ball': 2, 'balls_remaining': 1, 'is_extra_ball': False}
2026-08-11 12:49:32,572 : INFO : Mode.skillshot : Started. Priority: 200
2026-08-11 12:49:32,572 : INFO : EventManager : Event: ======'modes_active_modes_changed'====== Args={}
2026-08-11 12:49:32,572 : INFO : EventManager : Event: ======'mode_skillshot_started'====== Args={'queue': <QueuedEvent>, 'player': 1, 'ball': 2, 'balls_remaining': 1, 'is_extra_ball': False}
2026-08-11 12:49:32,573 : INFO : EventManager : Event: ======'balls_in_play'====== Args={'balls': 1}
2026-08-11 12:49:32,573 : INFO : EventManager : Event: ======'ball_started'====== Args={'player': 1, 'ball': 2, 'balls_remaining': 1, 'is_extra_ball': False}
2026-08-11 12:49:32,574 : INFO : EventManager : Event: ======'mode_resistance_will_start'====== Args={'player': 1, 'ball': 2, 'balls_remaining': 1, 'is_extra_ball': False}
2026-08-11 12:49:32,578 : INFO : EventManager : Event: ======'mode_resistance_starting'====== Args={'player': 1, 'ball': 2, 'balls_remaining': 1, 'is_extra_ball': False}
2026-08-11 12:49:32,579 : INFO : EventManager : Event: ======'mode_stars_mode_will_start'====== Args={'player': 1, 'ball': 2, 'balls_remaining': 1, 'is_extra_ball': False}
2026-08-11 12:49:32,582 : INFO : EventManager : Event: ======'mode_stars_mode_starting'====== Args={'player': 1, 'ball': 2, 'balls_remaining': 1, 'is_extra_ball': False}
2026-08-11 12:49:32,582 : INFO : EventManager : Event: ======'mode_autoplunge_will_start'====== Args={'player': 1, 'ball': 2, 'balls_remaining': 1, 'is_extra_ball': False}
2026-08-11 12:49:32,583 : INFO : EventManager : Event: ======'mode_autoplunge_starting'====== Args={'player': 1, 'ball': 2, 'balls_remaining': 1, 'is_extra_ball': False}
2026-08-11 12:49:32,583 : INFO : EventManager : Event: ======'mode_brian_combo_will_start'====== Args={'player': 1, 'ball': 2, 'balls_remaining': 1, 'is_extra_ball': False}
2026-08-11 12:49:32,584 : INFO : EventManager : Event: ======'mode_brian_combo_starting'====== Args={'player': 1, 'ball': 2, 'balls_remaining': 1, 'is_extra_ball': False}
2026-08-11 12:49:32,584 : INFO : EventManager : Event: ======'varitarget_reset_request'====== Args={'priority': 0}
2026-08-11 12:49:32,586 : INFO : EventManager : Event: ======'varitarget_reset_begin'====== Args={'priority': 0}
2026-08-11 12:49:32,586 : INFO : EventManager : Event: ======'varitarget_reset_attempts_clear'====== Args={'priority': 0}
2026-08-11 12:49:32,586 : INFO : EventManager : Event: ======'varitarget_reset_step'====== Args={'priority': 0}
2026-08-11 12:49:32,586 : INFO : EventManager : Event: ======'varitarget_reset_start'====== Args={'priority': 0}
2026-08-11 12:49:32,587 : INFO : coil.c_16_varitarget_reset : Pulsing Driver for 5ms (1.0 pulse_power)
2026-08-11 12:49:32,587 : INFO : EventManager : Event: ======'player_varitarget_reset_attempts'====== Args={'value': 1, 'prev_value': 0, 'change': 1, 'player_num': 1, 'source': 'base'}
2026-08-11 12:49:32,587 : INFO : Timer.varitarget_reset_timer : Starting Timer.
2026-08-11 12:49:32,587 : INFO : EventManager : Event: ======'timer_varitarget_reset_timer_started'====== Args={'ticks': 0, 'ticks_remaining': 999999}
2026-08-11 12:49:32,587 : INFO : EventManager : Event: ======'timer_varitarget_reset_timer_tick'====== Args={'ticks': 0, 'ticks_remaining': 999999}
2026-08-11 12:49:32,587 : INFO : EventManager : Event: ======'varitarget_reset_step'====== Args={'priority': 0}
2026-08-11 12:49:32,587 : INFO : coil.c_16_varitarget_reset : Pulsing Driver for 5ms (1.0 pulse_power)
2026-08-11 12:49:32,587 : INFO : EventManager : Event: ======'player_varitarget_reset_attempts'====== Args={'value': 2, 'prev_value': 1, 'change': 1, 'player_num': 1, 'source': 'base'}
2026-08-11 12:49:32,587 : INFO : Mode.brian_combo : Started. Priority: 120
2026-08-11 12:49:32,587 : INFO : EventManager : Event: ======'modes_active_modes_changed'====== Args={}
2026-08-11 12:49:32,588 : INFO : EventManager : Event: ======'mode_brian_combo_started'====== Args={'player': 1, 'ball': 2, 'balls_remaining': 1, 'is_extra_ball': False}
2026-08-11 12:49:32,588 : INFO : Mode.autoplunge : Started. Priority: 200
2026-08-11 12:49:32,588 : INFO : EventManager : Event: ======'modes_active_modes_changed'====== Args={}
2026-08-11 12:49:32,588 : INFO : EventManager : Event: ======'mode_autoplunge_started'====== Args={'player': 1, 'ball': 2, 'balls_remaining': 1, 'is_extra_ball': False}
2026-08-11 12:49:32,588 : INFO : Mode.stars_mode : Started. Priority: 220
2026-08-11 12:49:32,588 : INFO : EventManager : Event: ======'modes_active_modes_changed'====== Args={}
2026-08-11 12:49:32,588 : INFO : EventManager : Event: ======'mode_stars_mode_started'====== Args={'player': 1, 'ball': 2, 'balls_remaining': 1, 'is_extra_ball': False}
2026-08-11 12:49:32,588 : INFO : EventManager : Event: ======'player_stars_t63'====== Args={'value': 0, 'prev_value': 1, 'change': -1, 'player_num': 1, 'source': 'stars_mode'}
2026-08-11 12:49:32,588 : INFO : EventManager : Event: ======'player_stars_targets_lit_count'====== Args={'value': 0, 'prev_value': 1, 'change': -1, 'player_num': 1, 'source': 'stars_mode'}
2026-08-11 12:49:32,588 : INFO : Mode.resistance : Started. Priority: 500
2026-08-11 12:49:32,588 : INFO : EventManager : Event: ======'modes_active_modes_changed'====== Args={}
2026-08-11 12:49:32,588 : INFO : EventManager : Event: ======'mode_resistance_started'====== Args={'player': 1, 'ball': 2, 'balls_remaining': 1, 'is_extra_ball': False}
2026-08-11 12:49:32,588 : INFO : EventManager : Event: ======'resistance_waiting_for_qualification'====== Args={'priority': 0}
2026-08-11 12:49:32,589 : INFO : EventManager : Event: ======'logicblock_super_pops_phase1_counter_updated'====== Args={'value': 0, 'enabled': False}
2026-08-11 12:49:32,589 : INFO : EventManager : Event: ======'logicblock_super_pops_phase2_counter_updated'====== Args={'value': 0, 'enabled': False}
2026-08-11 12:49:32,589 : INFO : EventManager : Event: ======'logicblock_super_pops_phase3_counter_updated'====== Args={'value': 0, 'enabled': False}
2026-08-11 12:49:32,589 : INFO : EventManager : Event: ======'logicblock_super_pops_mega_counter_updated'====== Args={'value': 0, 'enabled': False}
2026-08-11 12:49:32,589 : INFO : Mode.super_pops : Started. Priority: 210
2026-08-11 12:49:32,589 : INFO : EventManager : Event: ======'modes_active_modes_changed'====== Args={}
2026-08-11 12:49:32,589 : INFO : EventManager : Event: ======'mode_super_pops_started'====== Args={'queue': <QueuedEvent>, 'player': 1, 'ball': 2, 'balls_remaining': 1, 'is_extra_ball': False}
2026-08-11 12:49:32,589 : INFO : EventManager : Event: ======'logicblock_super_pops_phase1_counter_updated'====== Args={'value': 0, 'enabled': True}
2026-08-11 12:49:32,589 : INFO : EventManager : Event: ======'logicblock_super_pops_phase1_counter_updated'====== Args={'value': 0, 'enabled': True}
2026-08-11 12:49:32,589 : INFO : EventManager : Event: ======'player_score'====== Args={'value': 3602016, 'prev_value': 2602016, 'change': 1000000, 'player_num': 1, 'source': 'super_pops'}
2026-08-11 12:49:32,591 : INFO : coil.c_32_threebank_drop_reset : Pulsing Driver for 10ms (1.0 pulse_power)
2026-08-11 12:49:32,591 : INFO : EventManager : Event: ======'single_player_ball_started'====== Args={}
2026-08-11 12:49:32,592 : INFO : coil.c_32_threebank_drop_reset : Pulsing Driver for 10ms (1.0 pulse_power)
2026-08-11 12:49:32,592 : INFO : EventManager : Event: ======'ball_start_target'====== Args={'target': 'playfield'}
2026-08-11 12:49:32,594 : INFO : ball_device.bd_plunger : Setting up player-controlled eject. Balls: 1, Target: <playfield.playfield>, player_controlled_eject_event: None
2026-08-11 12:49:32,594 : INFO : EventManager : Event: ======'balldevice_balls_available'====== Args={}
2026-08-11 12:49:32,596 : INFO : ball_device.bd_trough : State: waiting_for_target_ready
2026-08-11 12:49:32,596 : INFO : EventManager : Event: ======'balldevice_bd_trough_ball_eject_attempt'====== Args={'balls': 1, 'target': <ball_device.bd_plunger>, 'source': <ball_device.bd_trough>, 'mechanical_eject': True, 'num_attempts': 0}
2026-08-11 12:49:32,596 : INFO : ball_device.bd_plunger : State: waiting_for_ball
2026-08-11 12:49:32,597 : INFO : ball_device.bd_trough : State: ejecting
2026-08-11 12:49:32,597 : INFO : ball_device.bd_trough : Ejecting ball to <ball_device.bd_plunger>
2026-08-11 12:49:32,597 : INFO : EventManager : Event: ======'balldevice_bd_trough_ejecting_ball'====== Args={'balls': 1, 'target': <ball_device.bd_plunger>, 'source': <ball_device.bd_trough>, 'mechanical_eject': True, 'num_attempts': 0}
2026-08-11 12:49:32,598 : INFO : ball_device.bd_trough : Wait for ball to leave device
2026-08-11 12:49:32,599 : INFO : coil.c_02_trough_eject : Pulsing Driver for 16ms (1.0 pulse_power)
2026-08-11 12:49:32,615 : INFO : SwitchController : <<<<<<< 's_70_varitarget_position_7' inactive >>>>>>>
2026-08-11 12:49:32,615 : INFO : SwitchController : <<<<<<< 's_70_varitarget_position_7' active >>>>>>>
2026-08-11 12:49:32,615 : INFO : EventManager : Event: ======'playfield_active'====== Args={'source': 'varitarget_p7'}
2026-08-11 12:49:32,615 : INFO : EventManager : Event: ======'unexpected_ball_on_playfield'====== Args={}
2026-08-11 12:49:32,616 : INFO : EventManager : Event: ======'s_70_varitarget_position_7_active'====== Args={}
2026-08-11 12:49:32,616 : INFO : EventManager : Event: ======'sw_vari'====== Args={}
2026-08-11 12:49:32,616 : INFO : EventManager : Event: ======'machine_var_audits_switches_s_70_varitarget_position_7'====== Args={'value': 264, 'prev_value': 263, 'change': 1}
2026-08-11 12:49:32,616 : INFO : SwitchController : <<<<<<< 's_78_threebank_drop_2' inactive (muted) >>>>>>>
2026-08-11 12:49:32,617 : INFO : EventManager : Event: ======'glasses_pending_position_7'====== Args={'priority': 0}
2026-08-11 12:49:32,617 : INFO : EventManager : Event: ======'machine_var_audits_shots_varitarget_p7'====== Args={'value': 264, 'prev_value': 263, 'change': 1}
2026-08-11 12:49:32,617 : INFO : EventManager : Event: ======'varitarget_p7_hit'====== Args={'profile': 'default', 'state': 'lit', 'advancing': False}
2026-08-11 12:49:32,617 : INFO : EventManager : Event: ======'varitarget_p7_default_hit'====== Args={'profile': 'default', 'state': 'lit', 'advancing': False}
2026-08-11 12:49:32,617 : INFO : EventManager : Event: ======'varitarget_p7_default_lit_hit'====== Args={'profile': 'default', 'state': 'lit', 'advancing': False}
2026-08-11 12:49:32,617 : INFO : EventManager : Event: ======'varitarget_p7_lit_hit'====== Args={'profile': 'default', 'state': 'lit', 'advancing': False}
2026-08-11 12:49:32,617 : INFO : EventManager : Event: ======'varitarget_position_changed'====== Args={'priority': 0}
2026-08-11 12:49:32,617 : INFO : EventManager : Event: ======'player_varitarget_position'====== Args={'value': 7, 'prev_value': 1, 'change': 6, 'player_num': 1, 'source': 'base'}
2026-08-11 12:49:32,617 : INFO : EventManager : Event: ======'glasses_position_confirm_restart'====== Args={'priority': 0}
2026-08-11 12:49:32,617 : INFO : EventManager : Event: ======'player_glasses_pending_position'====== Args={'value': 7, 'prev_value': 1, 'change': 6, 'player_num': 1, 'source': 'glasses_mode'}
2026-08-11 12:49:32,617 : INFO : Timer.glasses_position_confirm : Starting Timer.
2026-08-11 12:49:32,618 : INFO : EventManager : Event: ======'timer_glasses_position_confirm_started'====== Args={'ticks': 0, 'ticks_remaining': 1}
2026-08-11 12:49:32,618 : INFO : EventManager : Event: ======'timer_glasses_position_confirm_tick'====== Args={'ticks': 0, 'ticks_remaining': 1}
2026-08-11 12:49:32,618 : INFO : EventManager : Event: ======'varitarget_positions_hit'====== Args={'shot': 'varitarget_p7'}
2026-08-11 12:49:32,618 : INFO : EventManager : Event: ======'varitarget_positions_lit_hit'====== Args={'shot': 'varitarget_p7'}
2026-08-11 12:49:32,618 : INFO : EventManager : Event: ======'varitarget_hit_begin'====== Args={'priority': 0}
2026-08-11 12:49:32,618 : INFO : EventManager : Event: ======'varitarget_hit_window_start'====== Args={'priority': 0}
2026-08-11 12:49:32,618 : INFO : EventManager : Event: ======'player_varitarget_hit_active'====== Args={'value': 1, 'prev_value': 0, 'change': 1, 'player_num': 1, 'source': 'base'}
2026-08-11 12:49:32,618 : INFO : EventManager : Event: ======'player_varitarget_hit_max_pos'====== Args={'value': 7, 'prev_value': 1, 'change': 6, 'player_num': 1, 'source': 'base'}
2026-08-11 12:49:32,618 : INFO : Timer.varitarget_hit_settle : Starting Timer.
2026-08-11 12:49:32,618 : INFO : EventManager : Event: ======'timer_varitarget_hit_settle_started'====== Args={'ticks': 3, 'ticks_remaining': 3}
2026-08-11 12:49:32,618 : INFO : EventManager : Event: ======'timer_varitarget_hit_settle_tick'====== Args={'ticks': 3, 'ticks_remaining': 3}
2026-08-11 12:49:32,619 : INFO : EventManager : Event: ======'player_score'====== Args={'value': 3602058, 'prev_value': 3602016, 'change': 42, 'player_num': 1, 'source': 'base'}
2026-08-11 12:49:32,619 : INFO : SwitchController : <<<<<<< 's_77_threebank_drop_1' inactive (muted) >>>>>>>
2026-08-11 12:49:32,619 : INFO : SwitchController : <<<<<<< 's_72_single_drop_1' inactive (muted) >>>>>>>
2026-08-11 12:49:32,631 : INFO : SwitchController : <<<<<<< 's_70_varitarget_position_7' inactive >>>>>>>
2026-08-11 12:49:32,631 : INFO : SwitchController : <<<<<<< 's_24_trough_1' inactive >>>>>>>
2026-08-11 12:49:32,631 : INFO : SwitchController : <<<<<<< 's_30_trough_jam' active >>>>>>>
2026-08-11 12:49:32,631 : INFO : EventManager : Event: ======'machine_var_audits_switches_s_30_trough_jam'====== Args={'value': 2223, 'prev_value': 2222, 'change': 1}
2026-08-11 12:49:32,632 : INFO : ball_device.bd_trough : State: ball_left
2026-08-11 12:49:32,632 : INFO : ball_device.bd_trough : Ball left
2026-08-11 12:49:32,632 : INFO : ball_device.bd_trough : Wait for confirm with timeout 10.0
2026-08-11 12:49:32,647 : INFO : SwitchController : <<<<<<< 's_69_varitarget_position_6' active >>>>>>>
2026-08-11 12:49:32,647 : INFO : EventManager : Event: ======'playfield_active'====== Args={'source': 'varitarget_p6'}
2026-08-11 12:49:32,647 : INFO : EventManager : Event: ======'unexpected_ball_on_playfield'====== Args={}
2026-08-11 12:49:32,647 : INFO : EventManager : Event: ======'s_69_varitarget_position_6_active'====== Args={}
2026-08-11 12:49:32,647 : INFO : EventManager : Event: ======'sw_vari'====== Args={}
2026-08-11 12:49:32,648 : INFO : EventManager : Event: ======'machine_var_audits_switches_s_69_varitarget_position_6'====== Args={'value': 398, 'prev_value': 397, 'change': 1}
2026-08-11 12:49:32,648 : INFO : SwitchController : <<<<<<< 's_69_varitarget_position_6' inactive >>>>>>>
2026-08-11 12:49:32,649 : INFO : EventManager : Event: ======'glasses_pending_position_6'====== Args={'priority': 0}
2026-08-11 12:49:32,649 : INFO : EventManager : Event: ======'machine_var_audits_shots_varitarget_p6'====== Args={'value': 398, 'prev_value': 397, 'change': 1}
2026-08-11 12:49:32,649 : INFO : EventManager : Event: ======'varitarget_p6_hit'====== Args={'profile': 'default', 'state': 'lit', 'advancing': False}
2026-08-11 12:49:32,649 : INFO : EventManager : Event: ======'varitarget_p6_default_hit'====== Args={'profile': 'default', 'state': 'lit', 'advancing': False}
2026-08-11 12:49:32,649 : INFO : EventManager : Event: ======'varitarget_p6_default_lit_hit'====== Args={'profile': 'default', 'state': 'lit', 'advancing': False}
2026-08-11 12:49:32,649 : INFO : EventManager : Event: ======'varitarget_p6_lit_hit'====== Args={'profile': 'default', 'state': 'lit', 'advancing': False}
2026-08-11 12:49:32,649 : INFO : EventManager : Event: ======'varitarget_position_changed'====== Args={'priority': 0}
2026-08-11 12:49:32,649 : INFO : EventManager : Event: ======'player_varitarget_position'====== Args={'value': 6, 'prev_value': 7, 'change': -1, 'player_num': 1, 'source': 'base'}
2026-08-11 12:49:32,649 : INFO : EventManager : Event: ======'glasses_position_confirm_restart'====== Args={'priority': 0}
2026-08-11 12:49:32,649 : INFO : EventManager : Event: ======'player_glasses_pending_position'====== Args={'value': 6, 'prev_value': 7, 'change': -1, 'player_num': 1, 'source': 'glasses_mode'}
2026-08-11 12:49:32,649 : INFO : EventManager : Event: ======'timer_glasses_position_confirm_tick'====== Args={'ticks': 0, 'ticks_remaining': 1}
2026-08-11 12:49:32,649 : INFO : EventManager : Event: ======'varitarget_positions_hit'====== Args={'shot': 'varitarget_p6'}
2026-08-11 12:49:32,649 : INFO : EventManager : Event: ======'varitarget_positions_lit_hit'====== Args={'shot': 'varitarget_p6'}
2026-08-11 12:49:32,650 : INFO : EventManager : Event: ======'varitarget_hit_window_restart'====== Args={'priority': 0}
2026-08-11 12:49:32,650 : INFO : EventManager : Event: ======'varitarget_hit_update_max'====== Args={'priority': 0}
2026-08-11 12:49:32,650 : INFO : EventManager : Event: ======'timer_varitarget_hit_settle_tick'====== Args={'ticks': 3, 'ticks_remaining': 3}
2026-08-11 12:49:32,650 : INFO : EventManager : Event: ======'player_score'====== Args={'value': 3602100, 'prev_value': 3602058, 'change': 42, 'player_num': 1, 'source': 'base'}
2026-08-11 12:49:32,650 : INFO : SwitchController : <<<<<<< 's_30_trough_jam' inactive >>>>>>>
2026-08-11 12:49:32,651 : INFO : EventManager : Event: ======'slide_base_slide_created'====== Args={'_from_bcp': True}
2026-08-11 12:49:32,651 : INFO : EventManager : Event: ======'slide_base_slide_inactive'====== Args={'is_removing': True, '_from_bcp': True}
2026-08-11 12:49:32,651 : INFO : EventManager : Event: ======'slide_base_slide_active'====== Args={'original_context': 'base', 'original_calling_context': 'mode_base_started', 'priority': 100.0, 'queue': '<QueuedEvent>', 'player': 1.0, 'ball': 2.0, 'balls_remaining': 1.0, 'is_extra_ball': False, 'cmd': 'slides_play', '_from_bcp': True}
2026-08-11 12:49:32,663 : INFO : SwitchController : <<<<<<< 's_69_varitarget_position_6' active >>>>>>>
2026-08-11 12:49:32,663 : INFO : EventManager : Event: ======'playfield_active'====== Args={'source': 'varitarget_p6'}
2026-08-11 12:49:32,663 : INFO : EventManager : Event: ======'unexpected_ball_on_playfield'====== Args={}
2026-08-11 12:49:32,663 : INFO : EventManager : Event: ======'s_69_varitarget_position_6_active'====== Args={}
2026-08-11 12:49:32,663 : INFO : EventManager : Event: ======'sw_vari'====== Args={}
2026-08-11 12:49:32,663 : INFO : EventManager : Event: ======'machine_var_audits_switches_s_69_varitarget_position_6'====== Args={'value': 399, 'prev_value': 398, 'change': 1}
2026-08-11 12:49:32,664 : INFO : SwitchController : <<<<<<< 's_69_varitarget_position_6' inactive >>>>>>>
2026-08-11 12:49:32,664 : INFO : EventManager : Event: ======'glasses_pending_position_6'====== Args={'priority': 0}
2026-08-11 12:49:32,664 : INFO : EventManager : Event: ======'machine_var_audits_shots_varitarget_p6'====== Args={'value': 399, 'prev_value': 398, 'change': 1}
2026-08-11 12:49:32,664 : INFO : EventManager : Event: ======'varitarget_p6_hit'====== Args={'profile': 'default', 'state': 'lit', 'advancing': False}
2026-08-11 12:49:32,664 : INFO : EventManager : Event: ======'varitarget_p6_default_hit'====== Args={'profile': 'default', 'state': 'lit', 'advancing': False}
2026-08-11 12:49:32,664 : INFO : EventManager : Event: ======'varitarget_p6_default_lit_hit'====== Args={'profile': 'default', 'state': 'lit', 'advancing': False}
2026-08-11 12:49:32,664 : INFO : EventManager : Event: ======'varitarget_p6_lit_hit'====== Args={'profile': 'default', 'state': 'lit', 'advancing': False}
2026-08-11 12:49:32,665 : INFO : EventManager : Event: ======'varitarget_position_changed'====== Args={'priority': 0}
2026-08-11 12:49:32,665 : INFO : EventManager : Event: ======'glasses_position_confirm_restart'====== Args={'priority': 0}
2026-08-11 12:49:32,665 : INFO : EventManager : Event: ======'timer_glasses_position_confirm_tick'====== Args={'ticks': 0, 'ticks_remaining': 1}
2026-08-11 12:49:32,665 : INFO : EventManager : Event: ======'varitarget_positions_hit'====== Args={'shot': 'varitarget_p6'}
2026-08-11 12:49:32,665 : INFO : EventManager : Event: ======'varitarget_positions_lit_hit'====== Args={'shot': 'varitarget_p6'}
2026-08-11 12:49:32,665 : INFO : EventManager : Event: ======'varitarget_hit_window_restart'====== Args={'priority': 0}
2026-08-11 12:49:32,665 : INFO : EventManager : Event: ======'varitarget_hit_update_max'====== Args={'priority': 0}
2026-08-11 12:49:32,665 : INFO : EventManager : Event: ======'timer_varitarget_hit_settle_tick'====== Args={'ticks': 3, 'ticks_remaining': 3}
2026-08-11 12:49:32,665 : INFO : EventManager : Event: ======'player_score'====== Args={'value': 3602142, 'prev_value': 3602100, 'change': 42, 'player_num': 1, 'source': 'base'}
2026-08-11 12:49:32,666 : INFO : EventManager : Event: ======'slide_base_slide_removed'====== Args={'_from_bcp': True}
2026-08-11 12:49:32,678 : INFO : SwitchController : <<<<<<< 's_69_varitarget_position_6' active >>>>>>>
2026-08-11 12:49:32,678 : INFO : EventManager : Event: ======'playfield_active'====== Args={'source': 'varitarget_p6'}
2026-08-11 12:49:32,678 : INFO : EventManager : Event: ======'unexpected_ball_on_playfield'====== Args={}
2026-08-11 12:49:32,678 : INFO : EventManager : Event: ======'s_69_varitarget_position_6_active'====== Args={}
2026-08-11 12:49:32,678 : INFO : EventManager : Event: ======'sw_vari'====== Args={}
2026-08-11 12:49:32,678 : INFO : EventManager : Event: ======'machine_var_audits_switches_s_69_varitarget_position_6'====== Args={'value': 400, 'prev_value': 399, 'change': 1}
2026-08-11 12:49:32,679 : INFO : EventManager : Event: ======'glasses_pending_position_6'====== Args={'priority': 0}
2026-08-11 12:49:32,679 : INFO : EventManager : Event: ======'machine_var_audits_shots_varitarget_p6'====== Args={'value': 400, 'prev_value': 399, 'change': 1}
2026-08-11 12:49:32,679 : INFO : EventManager : Event: ======'varitarget_p6_hit'====== Args={'profile': 'default', 'state': 'lit', 'advancing': False}
2026-08-11 12:49:32,679 : INFO : EventManager : Event: ======'varitarget_p6_default_hit'====== Args={'profile': 'default', 'state': 'lit', 'advancing': False}
2026-08-11 12:49:32,679 : INFO : EventManager : Event: ======'varitarget_p6_default_lit_hit'====== Args={'profile': 'default', 'state': 'lit', 'advancing': False}
2026-08-11 12:49:32,679 : INFO : EventManager : Event: ======'varitarget_p6_lit_hit'====== Args={'profile': 'default', 'state': 'lit', 'advancing': False}
2026-08-11 12:49:32,680 : INFO : EventManager : Event: ======'varitarget_position_changed'====== Args={'priority': 0}
2026-08-11 12:49:32,680 : INFO : EventManager : Event: ======'glasses_position_confirm_restart'====== Args={'priority': 0}
2026-08-11 12:49:32,680 : INFO : EventManager : Event: ======'timer_glasses_position_confirm_tick'====== Args={'ticks': 0, 'ticks_remaining': 1}
2026-08-11 12:49:32,680 : INFO : EventManager : Event: ======'varitarget_positions_hit'====== Args={'shot': 'varitarget_p6'}
2026-08-11 12:49:32,680 : INFO : EventManager : Event: ======'varitarget_positions_lit_hit'====== Args={'shot': 'varitarget_p6'}
2026-08-11 12:49:32,680 : INFO : EventManager : Event: ======'varitarget_hit_window_restart'====== Args={'priority': 0}
2026-08-11 12:49:32,680 : INFO : EventManager : Event: ======'varitarget_hit_update_max'====== Args={'priority': 0}
2026-08-11 12:49:32,680 : INFO : EventManager : Event: ======'timer_varitarget_hit_settle_tick'====== Args={'ticks': 3, 'ticks_remaining': 3}
2026-08-11 12:49:32,680 : INFO : EventManager : Event: ======'player_score'====== Args={'value': 3602184, 'prev_value': 3602142, 'change': 42, 'player_num': 1, 'source': 'base'}
2026-08-11 12:49:32,681 : INFO : SwitchController : <<<<<<< 's_69_varitarget_position_6' inactive >>>>>>>
2026-08-11 12:49:32,710 : INFO : SwitchController : <<<<<<< 's_69_varitarget_position_6' active >>>>>>>
2026-08-11 12:49:32,711 : INFO : EventManager : Event: ======'playfield_active'====== Args={'source': 'varitarget_p6'}
2026-08-11 12:49:32,711 : INFO : EventManager : Event: ======'unexpected_ball_on_playfield'====== Args={}
2026-08-11 12:49:32,711 : INFO : EventManager : Event: ======'s_69_varitarget_position_6_active'====== Args={}
2026-08-11 12:49:32,711 : INFO : EventManager : Event: ======'sw_vari'====== Args={}
2026-08-11 12:49:32,711 : INFO : EventManager : Event: ======'machine_var_audits_switches_s_69_varitarget_position_6'====== Args={'value': 401, 'prev_value': 400, 'change': 1}
2026-08-11 12:49:32,711 : INFO : SwitchController : <<<<<<< 's_69_varitarget_position_6' inactive >>>>>>>
2026-08-11 12:49:32,712 : INFO : EventManager : Event: ======'glasses_pending_position_6'====== Args={'priority': 0}
2026-08-11 12:49:32,712 : INFO : EventManager : Event: ======'machine_var_audits_shots_varitarget_p6'====== Args={'value': 401, 'prev_value': 400, 'change': 1}
2026-08-11 12:49:32,712 : INFO : EventManager : Event: ======'varitarget_p6_hit'====== Args={'profile': 'default', 'state': 'lit', 'advancing': False}
2026-08-11 12:49:32,712 : INFO : EventManager : Event: ======'varitarget_p6_default_hit'====== Args={'profile': 'default', 'state': 'lit', 'advancing': False}
2026-08-11 12:49:32,712 : INFO : EventManager : Event: ======'varitarget_p6_default_lit_hit'====== Args={'profile': 'default', 'state': 'lit', 'advancing': False}
2026-08-11 12:49:32,712 : INFO : EventManager : Event: ======'varitarget_p6_lit_hit'====== Args={'profile': 'default', 'state': 'lit', 'advancing': False}
2026-08-11 12:49:32,712 : INFO : EventManager : Event: ======'varitarget_position_changed'====== Args={'priority': 0}
2026-08-11 12:49:32,712 : INFO : EventManager : Event: ======'glasses_position_confirm_restart'====== Args={'priority': 0}
2026-08-11 12:49:32,712 : INFO : EventManager : Event: ======'timer_glasses_position_confirm_tick'====== Args={'ticks': 0, 'ticks_remaining': 1}
2026-08-11 12:49:32,713 : INFO : EventManager : Event: ======'varitarget_positions_hit'====== Args={'shot': 'varitarget_p6'}
2026-08-11 12:49:32,713 : INFO : EventManager : Event: ======'varitarget_positions_lit_hit'====== Args={'shot': 'varitarget_p6'}
2026-08-11 12:49:32,713 : INFO : EventManager : Event: ======'varitarget_hit_window_restart'====== Args={'priority': 0}
2026-08-11 12:49:32,713 : INFO : EventManager : Event: ======'varitarget_hit_update_max'====== Args={'priority': 0}
2026-08-11 12:49:32,713 : INFO : EventManager : Event: ======'timer_varitarget_hit_settle_tick'====== Args={'ticks': 3, 'ticks_remaining': 3}
2026-08-11 12:49:32,713 : INFO : EventManager : Event: ======'player_score'====== Args={'value': 3602226, 'prev_value': 3602184, 'change': 42, 'player_num': 1, 'source': 'base'}
2026-08-11 12:49:32,727 : INFO : SwitchController : <<<<<<< 's_69_varitarget_position_6' active >>>>>>>
2026-08-11 12:49:32,727 : INFO : EventManager : Event: ======'playfield_active'====== Args={'source': 'varitarget_p6'}
2026-08-11 12:49:32,727 : INFO : EventManager : Event: ======'unexpected_ball_on_playfield'====== Args={}
2026-08-11 12:49:32,728 : INFO : EventManager : Event: ======'s_69_varitarget_position_6_active'====== Args={}
2026-08-11 12:49:32,728 : INFO : EventManager : Event: ======'sw_vari'====== Args={}
2026-08-11 12:49:32,728 : INFO : EventManager : Event: ======'machine_var_audits_switches_s_69_varitarget_position_6'====== Args={'value': 402, 'prev_value': 401, 'change': 1}
2026-08-11 12:49:32,728 : INFO : EventManager : Event: ======'glasses_pending_position_6'====== Args={'priority': 0}
2026-08-11 12:49:32,729 : INFO : EventManager : Event: ======'machine_var_audits_shots_varitarget_p6'====== Args={'value': 402, 'prev_value': 401, 'change': 1}
2026-08-11 12:49:32,729 : INFO : EventManager : Event: ======'varitarget_p6_hit'====== Args={'profile': 'default', 'state': 'lit', 'advancing': False}
2026-08-11 12:49:32,729 : INFO : EventManager : Event: ======'varitarget_p6_default_hit'====== Args={'profile': 'default', 'state': 'lit', 'advancing': False}
2026-08-11 12:49:32,729 : INFO : EventManager : Event: ======'varitarget_p6_default_lit_hit'====== Args={'profile': 'default', 'state': 'lit', 'advancing': False}
2026-08-11 12:49:32,729 : INFO : EventManager : Event: ======'varitarget_p6_lit_hit'====== Args={'profile': 'default', 'state': 'lit', 'advancing': False}
2026-08-11 12:49:32,729 : INFO : EventManager : Event: ======'varitarget_position_changed'====== Args={'priority': 0}
2026-08-11 12:49:32,729 : INFO : EventManager : Event: ======'glasses_position_confirm_restart'====== Args={'priority': 0}
2026-08-11 12:49:32,729 : INFO : EventManager : Event: ======'timer_glasses_position_confirm_tick'====== Args={'ticks': 0, 'ticks_remaining': 1}
2026-08-11 12:49:32,729 : INFO : EventManager : Event: ======'varitarget_positions_hit'====== Args={'shot': 'varitarget_p6'}
2026-08-11 12:49:32,729 : INFO : EventManager : Event: ======'varitarget_positions_lit_hit'====== Args={'shot': 'varitarget_p6'}
2026-08-11 12:49:32,729 : INFO : EventManager : Event: ======'varitarget_hit_window_restart'====== Args={'priority': 0}
2026-08-11 12:49:32,729 : INFO : EventManager : Event: ======'varitarget_hit_update_max'====== Args={'priority': 0}
2026-08-11 12:49:32,730 : INFO : EventManager : Event: ======'timer_varitarget_hit_settle_tick'====== Args={'ticks': 3, 'ticks_remaining': 3}
2026-08-11 12:49:32,730 : INFO : EventManager : Event: ======'player_score'====== Args={'value': 3602268, 'prev_value': 3602226, 'change': 42, 'player_num': 1, 'source': 'base'}
2026-08-11 12:49:32,774 : INFO : EventManager : Event: ======'player_base_varitarget_reset_timer_tick'====== Args={'value': 1, 'prev_value': 0, 'change': 1, 'player_num': 1}
2026-08-11 12:49:32,774 : INFO : EventManager : Event: ======'timer_varitarget_reset_timer_tick'====== Args={'ticks': 1, 'ticks_remaining': 999998}
2026-08-11 12:49:32,774 : INFO : EventManager : Event: ======'varitarget_reset_step'====== Args={'priority': 0}
2026-08-11 12:49:32,774 : INFO : coil.c_16_varitarget_reset : Pulsing Driver for 5ms (1.0 pulse_power)
2026-08-11 12:49:32,775 : INFO : EventManager : Event: ======'player_varitarget_reset_attempts'====== Args={'value': 3, 'prev_value': 2, 'change': 1, 'player_num': 1, 'source': 'base'}
2026-08-11 12:49:32,806 : INFO : SwitchController : <<<<<<< 's_69_varitarget_position_6' inactive >>>>>>>
2026-08-11 12:49:32,806 : INFO : SwitchController : <<<<<<< 's_69_varitarget_position_6' active >>>>>>>
2026-08-11 12:49:32,806 : INFO : EventManager : Event: ======'playfield_active'====== Args={'source': 'varitarget_p6'}
2026-08-11 12:49:32,806 : INFO : EventManager : Event: ======'unexpected_ball_on_playfield'====== Args={}
2026-08-11 12:49:32,806 : INFO : EventManager : Event: ======'s_69_varitarget_position_6_active'====== Args={}
2026-08-11 12:49:32,806 : INFO : EventManager : Event: ======'sw_vari'====== Args={}
2026-08-11 12:49:32,806 : INFO : EventManager : Event: ======'machine_var_audits_switches_s_69_varitarget_position_6'====== Args={'value': 403, 'prev_value': 402, 'change': 1}
2026-08-11 12:49:32,807 : INFO : SwitchController : <<<<<<< 's_69_varitarget_position_6' inactive >>>>>>>
2026-08-11 12:49:32,807 : INFO : EventManager : Event: ======'glasses_pending_position_6'====== Args={'priority': 0}
2026-08-11 12:49:32,807 : INFO : EventManager : Event: ======'machine_var_audits_shots_varitarget_p6'====== Args={'value': 403, 'prev_value': 402, 'change': 1}
2026-08-11 12:49:32,807 : INFO : EventManager : Event: ======'varitarget_p6_hit'====== Args={'profile': 'default', 'state': 'lit', 'advancing': False}
2026-08-11 12:49:32,808 : INFO : EventManager : Event: ======'varitarget_p6_default_hit'====== Args={'profile': 'default', 'state': 'lit', 'advancing': False}
2026-08-11 12:49:32,808 : INFO : EventManager : Event: ======'varitarget_p6_default_lit_hit'====== Args={'profile': 'default', 'state': 'lit', 'advancing': False}
2026-08-11 12:49:32,808 : INFO : EventManager : Event: ======'varitarget_p6_lit_hit'====== Args={'profile': 'default', 'state': 'lit', 'advancing': False}
2026-08-11 12:49:32,808 : INFO : EventManager : Event: ======'varitarget_position_changed'====== Args={'priority': 0}
2026-08-11 12:49:32,808 : INFO : EventManager : Event: ======'glasses_position_confirm_restart'====== Args={'priority': 0}
2026-08-11 12:49:32,808 : INFO : EventManager : Event: ======'timer_glasses_position_confirm_tick'====== Args={'ticks': 0, 'ticks_remaining': 1}
2026-08-11 12:49:32,808 : INFO : EventManager : Event: ======'varitarget_positions_hit'====== Args={'shot': 'varitarget_p6'}
2026-08-11 12:49:32,808 : INFO : EventManager : Event: ======'varitarget_positions_lit_hit'====== Args={'shot': 'varitarget_p6'}
2026-08-11 12:49:32,808 : INFO : EventManager : Event: ======'varitarget_hit_window_restart'====== Args={'priority': 0}
2026-08-11 12:49:32,808 : INFO : EventManager : Event: ======'varitarget_hit_update_max'====== Args={'priority': 0}
2026-08-11 12:49:32,810 : INFO : EventManager : Event: ======'timer_varitarget_hit_settle_tick'====== Args={'ticks': 3, 'ticks_remaining': 3}
2026-08-11 12:49:32,810 : INFO : EventManager : Event: ======'player_score'====== Args={'value': 3602310, 'prev_value': 3602268, 'change': 42, 'player_num': 1, 'source': 'base'}
2026-08-11 12:49:32,824 : INFO : SwitchController : <<<<<<< 's_68_varitarget_position_5' active >>>>>>>
2026-08-11 12:49:32,824 : INFO : EventManager : Event: ======'playfield_active'====== Args={'source': 'varitarget_p5'}
2026-08-11 12:49:32,824 : INFO : EventManager : Event: ======'unexpected_ball_on_playfield'====== Args={}
2026-08-11 12:49:32,824 : INFO : EventManager : Event: ======'s_68_varitarget_position_5_active'====== Args={}
2026-08-11 12:49:32,825 : INFO : EventManager : Event: ======'sw_vari'====== Args={}
2026-08-11 12:49:32,825 : INFO : EventManager : Event: ======'machine_var_audits_switches_s_68_varitarget_position_5'====== Args={'value': 230, 'prev_value': 229, 'change': 1}
2026-08-11 12:49:32,825 : INFO : EventManager : Event: ======'glasses_pending_position_5'====== Args={'priority': 0}
2026-08-11 12:49:32,825 : INFO : EventManager : Event: ======'player_shot_varitarget_p5'====== Args={'value': 1, 'prev_value': 0, 'change': 1, 'player_num': 1}
2026-08-11 12:49:32,825 : INFO : EventManager : Event: ======'machine_var_audits_shots_varitarget_p5'====== Args={'value': 230, 'prev_value': 229, 'change': 1}
2026-08-11 12:49:32,826 : INFO : EventManager : Event: ======'varitarget_p5_hit'====== Args={'profile': 'default', 'state': 'unlit', 'advancing': True}
2026-08-11 12:49:32,826 : INFO : EventManager : Event: ======'varitarget_p5_default_hit'====== Args={'profile': 'default', 'state': 'unlit', 'advancing': True}
2026-08-11 12:49:32,826 : INFO : EventManager : Event: ======'varitarget_p5_default_unlit_hit'====== Args={'profile': 'default', 'state': 'unlit', 'advancing': True}
2026-08-11 12:49:32,826 : INFO : EventManager : Event: ======'varitarget_p5_unlit_hit'====== Args={'profile': 'default', 'state': 'unlit', 'advancing': True}
2026-08-11 12:49:32,826 : INFO : EventManager : Event: ======'varitarget_position_changed'====== Args={'priority': 0}
2026-08-11 12:49:32,826 : INFO : EventManager : Event: ======'player_varitarget_position'====== Args={'value': 5, 'prev_value': 6, 'change': -1, 'player_num': 1, 'source': 'base'}
2026-08-11 12:49:32,826 : INFO : EventManager : Event: ======'glasses_position_confirm_restart'====== Args={'priority': 0}
2026-08-11 12:49:32,826 : INFO : EventManager : Event: ======'player_glasses_pending_position'====== Args={'value': 5, 'prev_value': 6, 'change': -1, 'player_num': 1, 'source': 'glasses_mode'}
2026-08-11 12:49:32,826 : INFO : EventManager : Event: ======'timer_glasses_position_confirm_tick'====== Args={'ticks': 0, 'ticks_remaining': 1}
2026-08-11 12:49:32,827 : INFO : EventManager : Event: ======'varitarget_positions_hit'====== Args={'shot': 'varitarget_p5'}
2026-08-11 12:49:32,827 : INFO : EventManager : Event: ======'varitarget_positions_unlit_hit'====== Args={'shot': 'varitarget_p5'}
2026-08-11 12:49:32,827 : INFO : EventManager : Event: ======'varitarget_hit_window_restart'====== Args={'priority': 0}
2026-08-11 12:49:32,827 : INFO : EventManager : Event: ======'varitarget_hit_update_max'====== Args={'priority': 0}
2026-08-11 12:49:32,827 : INFO : EventManager : Event: ======'timer_varitarget_hit_settle_tick'====== Args={'ticks': 3, 'ticks_remaining': 3}
2026-08-11 12:49:32,827 : INFO : EventManager : Event: ======'player_score'====== Args={'value': 3602352, 'prev_value': 3602310, 'change': 42, 'player_num': 1, 'source': 'base'}
2026-08-11 12:49:32,838 : INFO : SwitchController : <<<<<<< 's_68_varitarget_position_5' inactive >>>>>>>
2026-08-11 12:49:32,839 : INFO : SwitchController : <<<<<<< 's_68_varitarget_position_5' active >>>>>>>
2026-08-11 12:49:32,839 : INFO : EventManager : Event: ======'playfield_active'====== Args={'source': 'varitarget_p5'}
2026-08-11 12:49:32,839 : INFO : EventManager : Event: ======'unexpected_ball_on_playfield'====== Args={}
2026-08-11 12:49:32,839 : INFO : EventManager : Event: ======'s_68_varitarget_position_5_active'====== Args={}
2026-08-11 12:49:32,839 : INFO : EventManager : Event: ======'sw_vari'====== Args={}
2026-08-11 12:49:32,839 : INFO : EventManager : Event: ======'machine_var_audits_switches_s_68_varitarget_position_5'====== Args={'value': 231, 'prev_value': 230, 'change': 1}
2026-08-11 12:49:32,839 : INFO : EventManager : Event: ======'glasses_pending_position_5'====== Args={'priority': 0}
2026-08-11 12:49:32,839 : INFO : EventManager : Event: ======'machine_var_audits_shots_varitarget_p5'====== Args={'value': 231, 'prev_value': 230, 'change': 1}
2026-08-11 12:49:32,840 : INFO : EventManager : Event: ======'varitarget_p5_hit'====== Args={'profile': 'default', 'state': 'lit', 'advancing': False}
2026-08-11 12:49:32,840 : INFO : EventManager : Event: ======'varitarget_p5_default_hit'====== Args={'profile': 'default', 'state': 'lit', 'advancing': False}
2026-08-11 12:49:32,840 : INFO : EventManager : Event: ======'varitarget_p5_default_lit_hit'====== Args={'profile': 'default', 'state': 'lit', 'advancing': False}
2026-08-11 12:49:32,840 : INFO : EventManager : Event: ======'varitarget_p5_lit_hit'====== Args={'profile': 'default', 'state': 'lit', 'advancing': False}
2026-08-11 12:49:32,840 : INFO : EventManager : Event: ======'varitarget_position_changed'====== Args={'priority': 0}
2026-08-11 12:49:32,840 : INFO : EventManager : Event: ======'glasses_position_confirm_restart'====== Args={'priority': 0}
2026-08-11 12:49:32,841 : INFO : EventManager : Event: ======'timer_glasses_position_confirm_tick'====== Args={'ticks': 0, 'ticks_remaining': 1}
2026-08-11 12:49:32,841 : INFO : EventManager : Event: ======'varitarget_positions_hit'====== Args={'shot': 'varitarget_p5'}
2026-08-11 12:49:32,841 : INFO : EventManager : Event: ======'varitarget_positions_lit_hit'====== Args={'shot': 'varitarget_p5'}
2026-08-11 12:49:32,841 : INFO : EventManager : Event: ======'varitarget_hit_window_restart'====== Args={'priority': 0}
2026-08-11 12:49:32,841 : INFO : EventManager : Event: ======'varitarget_hit_update_max'====== Args={'priority': 0}
2026-08-11 12:49:32,841 : INFO : EventManager : Event: ======'timer_varitarget_hit_settle_tick'====== Args={'ticks': 3, 'ticks_remaining': 3}
2026-08-11 12:49:32,841 : INFO : EventManager : Event: ======'player_score'====== Args={'value': 3602394, 'prev_value': 3602352, 'change': 42, 'player_num': 1, 'source': 'base'}
2026-08-11 12:49:32,934 : INFO : EventManager : Event: ======'player_base_varitarget_hit_settle_tick'====== Args={'value': 2, 'prev_value': 3, 'change': -1, 'player_num': 1}
2026-08-11 12:49:32,934 : INFO : EventManager : Event: ======'timer_varitarget_hit_settle_tick'====== Args={'ticks': 2, 'ticks_remaining': 2}
2026-08-11 12:49:32,934 : INFO : SwitchController : <<<<<<< 's_25_trough_2' inactive >>>>>>>
2026-08-11 12:49:32,935 : INFO : SwitchController : <<<<<<< 's_26_trough_3' inactive >>>>>>>
2026-08-11 12:49:32,967 : INFO : SwitchController : <<<<<<< 's_24_trough_1' active >>>>>>>
2026-08-11 12:49:32,967 : INFO : EventManager : Event: ======'machine_var_audits_switches_s_24_trough_1'====== Args={'value': 2223, 'prev_value': 2222, 'change': 1}
2026-08-11 12:49:32,967 : INFO : SwitchController : <<<<<<< 's_25_trough_2' active >>>>>>>
2026-08-11 12:49:32,967 : INFO : EventManager : Event: ======'machine_var_audits_switches_s_25_trough_2'====== Args={'value': 2186, 'prev_value': 2185, 'change': 1}
2026-08-11 12:49:32,982 : INFO : EventManager : Event: ======'player_base_varitarget_reset_timer_tick'====== Args={'value': 2, 'prev_value': 1, 'change': 1, 'player_num': 1}
2026-08-11 12:49:32,983 : INFO : EventManager : Event: ======'timer_varitarget_reset_timer_tick'====== Args={'ticks': 2, 'ticks_remaining': 999997}
2026-08-11 12:49:32,983 : INFO : EventManager : Event: ======'varitarget_reset_step'====== Args={'priority': 0}
2026-08-11 12:49:32,983 : INFO : coil.c_16_varitarget_reset : Pulsing Driver for 5ms (1.0 pulse_power)
2026-08-11 12:49:32,983 : INFO : EventManager : Event: ======'player_varitarget_reset_attempts'====== Args={'value': 4, 'prev_value': 3, 'change': 1, 'player_num': 1, 'source': 'base'}
2026-08-11 12:49:33,014 : INFO : SwitchController : <<<<<<< 's_68_varitarget_position_5' inactive >>>>>>>
2026-08-11 12:49:33,014 : INFO : SwitchController : <<<<<<< 's_68_varitarget_position_5' active >>>>>>>
2026-08-11 12:49:33,014 : INFO : EventManager : Event: ======'playfield_active'====== Args={'source': 'varitarget_p5'}
2026-08-11 12:49:33,014 : INFO : EventManager : Event: ======'unexpected_ball_on_playfield'====== Args={}
2026-08-11 12:49:33,014 : INFO : EventManager : Event: ======'s_68_varitarget_position_5_active'====== Args={}
2026-08-11 12:49:33,014 : INFO : EventManager : Event: ======'sw_vari'====== Args={}
2026-08-11 12:49:33,015 : INFO : EventManager : Event: ======'machine_var_audits_switches_s_68_varitarget_position_5'====== Args={'value': 232, 'prev_value': 231, 'change': 1}
2026-08-11 12:49:33,015 : INFO : SwitchController : <<<<<<< 's_68_varitarget_position_5' inactive >>>>>>>
2026-08-11 12:49:33,015 : INFO : EventManager : Event: ======'glasses_pending_position_5'====== Args={'priority': 0}
2026-08-11 12:49:33,016 : INFO : EventManager : Event: ======'machine_var_audits_shots_varitarget_p5'====== Args={'value': 232, 'prev_value': 231, 'change': 1}
2026-08-11 12:49:33,016 : INFO : EventManager : Event: ======'varitarget_p5_hit'====== Args={'profile': 'default', 'state': 'lit', 'advancing': False}
2026-08-11 12:49:33,016 : INFO : EventManager : Event: ======'varitarget_p5_default_hit'====== Args={'profile': 'default', 'state': 'lit', 'advancing': False}
2026-08-11 12:49:33,016 : INFO : EventManager : Event: ======'varitarget_p5_default_lit_hit'====== Args={'profile': 'default', 'state': 'lit', 'advancing': False}
2026-08-11 12:49:33,016 : INFO : EventManager : Event: ======'varitarget_p5_lit_hit'====== Args={'profile': 'default', 'state': 'lit', 'advancing': False}
2026-08-11 12:49:33,016 : INFO : EventManager : Event: ======'varitarget_position_changed'====== Args={'priority': 0}
2026-08-11 12:49:33,016 : INFO : EventManager : Event: ======'glasses_position_confirm_restart'====== Args={'priority': 0}
2026-08-11 12:49:33,017 : INFO : EventManager : Event: ======'timer_glasses_position_confirm_tick'====== Args={'ticks': 0, 'ticks_remaining': 1}
2026-08-11 12:49:33,017 : INFO : EventManager : Event: ======'varitarget_positions_hit'====== Args={'shot': 'varitarget_p5'}
2026-08-11 12:49:33,017 : INFO : EventManager : Event: ======'varitarget_positions_lit_hit'====== Args={'shot': 'varitarget_p5'}
2026-08-11 12:49:33,017 : INFO : EventManager : Event: ======'varitarget_hit_window_restart'====== Args={'priority': 0}
2026-08-11 12:49:33,017 : INFO : EventManager : Event: ======'varitarget_hit_update_max'====== Args={'priority': 0}
2026-08-11 12:49:33,017 : INFO : EventManager : Event: ======'player_base_varitarget_hit_settle_tick'====== Args={'value': 3, 'prev_value': 2, 'change': 1, 'player_num': 1}
2026-08-11 12:49:33,017 : INFO : EventManager : Event: ======'timer_varitarget_hit_settle_tick'====== Args={'ticks': 3, 'ticks_remaining': 3}
2026-08-11 12:49:33,017 : INFO : EventManager : Event: ======'player_score'====== Args={'value': 3602436, 'prev_value': 3602394, 'change': 42, 'player_num': 1, 'source': 'base'}
2026-08-11 12:49:33,030 : INFO : EventManager : Event: ======'drop_target_dt_6_up'====== Args={'device': <drop_target.dt_6>}
2026-08-11 12:49:33,031 : INFO : EventManager : Event: ======'drop_target_dt_single_up'====== Args={'device': <drop_target.dt_single>}
2026-08-11 12:49:33,031 : INFO : EventManager : Event: ======'drop_target_dt_5_up'====== Args={'device': <drop_target.dt_5>}
2026-08-11 12:49:33,031 : INFO : SwitchController : <<<<<<< 's_67_varitarget_position_4' active >>>>>>>
2026-08-11 12:49:33,031 : INFO : EventManager : Event: ======'playfield_active'====== Args={'source': 'varitarget_p4'}
2026-08-11 12:49:33,031 : INFO : EventManager : Event: ======'unexpected_ball_on_playfield'====== Args={}
2026-08-11 12:49:33,031 : INFO : EventManager : Event: ======'s_67_varitarget_position_4_active'====== Args={}
2026-08-11 12:49:33,031 : INFO : EventManager : Event: ======'sw_vari'====== Args={}
2026-08-11 12:49:33,031 : INFO : EventManager : Event: ======'machine_var_audits_switches_s_67_varitarget_position_4'====== Args={'value': 127, 'prev_value': 126, 'change': 1}
2026-08-11 12:49:33,032 : INFO : EventManager : Event: ======'glasses_pending_position_4'====== Args={'priority': 0}
2026-08-11 12:49:33,032 : INFO : EventManager : Event: ======'player_shot_varitarget_p4'====== Args={'value': 1, 'prev_value': 0, 'change': 1, 'player_num': 1}
2026-08-11 12:49:33,033 : INFO : EventManager : Event: ======'machine_var_audits_shots_varitarget_p4'====== Args={'value': 127, 'prev_value': 126, 'change': 1}
2026-08-11 12:49:33,033 : INFO : EventManager : Event: ======'varitarget_p4_hit'====== Args={'profile': 'default', 'state': 'unlit', 'advancing': True}
2026-08-11 12:49:33,033 : INFO : EventManager : Event: ======'varitarget_p4_default_hit'====== Args={'profile': 'default', 'state': 'unlit', 'advancing': True}
2026-08-11 12:49:33,033 : INFO : EventManager : Event: ======'varitarget_p4_default_unlit_hit'====== Args={'profile': 'default', 'state': 'unlit', 'advancing': True}
2026-08-11 12:49:33,033 : INFO : EventManager : Event: ======'varitarget_p4_unlit_hit'====== Args={'profile': 'default', 'state': 'unlit', 'advancing': True}
2026-08-11 12:49:33,033 : INFO : EventManager : Event: ======'varitarget_position_changed'====== Args={'priority': 0}
2026-08-11 12:49:33,033 : INFO : EventManager : Event: ======'player_varitarget_position'====== Args={'value': 4, 'prev_value': 5, 'change': -1, 'player_num': 1, 'source': 'base'}
2026-08-11 12:49:33,034 : INFO : EventManager : Event: ======'glasses_position_confirm_restart'====== Args={'priority': 0}
2026-08-11 12:49:33,034 : INFO : EventManager : Event: ======'player_glasses_pending_position'====== Args={'value': 4, 'prev_value': 5, 'change': -1, 'player_num': 1, 'source': 'glasses_mode'}
2026-08-11 12:49:33,034 : INFO : EventManager : Event: ======'timer_glasses_position_confirm_tick'====== Args={'ticks': 0, 'ticks_remaining': 1}
2026-08-11 12:49:33,034 : INFO : EventManager : Event: ======'varitarget_positions_hit'====== Args={'shot': 'varitarget_p4'}
2026-08-11 12:49:33,034 : INFO : EventManager : Event: ======'varitarget_positions_unlit_hit'====== Args={'shot': 'varitarget_p4'}
2026-08-11 12:49:33,034 : INFO : EventManager : Event: ======'varitarget_hit_window_restart'====== Args={'priority': 0}
2026-08-11 12:49:33,034 : INFO : EventManager : Event: ======'varitarget_hit_update_max'====== Args={'priority': 0}
2026-08-11 12:49:33,034 : INFO : EventManager : Event: ======'timer_varitarget_hit_settle_tick'====== Args={'ticks': 3, 'ticks_remaining': 3}
2026-08-11 12:49:33,034 : INFO : EventManager : Event: ======'player_score'====== Args={'value': 3602478, 'prev_value': 3602436, 'change': 42, 'player_num': 1, 'source': 'base'}
2026-08-11 12:49:33,046 : INFO : SwitchController : <<<<<<< 's_67_varitarget_position_4' inactive >>>>>>>
2026-08-11 12:49:33,062 : INFO : SwitchController : <<<<<<< 's_66_varitarget_position_3' active >>>>>>>
2026-08-11 12:49:33,063 : INFO : EventManager : Event: ======'playfield_active'====== Args={'source': 'varitarget_p3'}
2026-08-11 12:49:33,063 : INFO : EventManager : Event: ======'unexpected_ball_on_playfield'====== Args={}
2026-08-11 12:49:33,063 : INFO : EventManager : Event: ======'s_66_varitarget_position_3_active'====== Args={}
2026-08-11 12:49:33,063 : INFO : EventManager : Event: ======'sw_vari'====== Args={}
2026-08-11 12:49:33,063 : INFO : EventManager : Event: ======'machine_var_audits_switches_s_66_varitarget_position_3'====== Args={'value': 347, 'prev_value': 346, 'change': 1}
2026-08-11 12:49:33,064 : INFO : SwitchController : <<<<<<< 's_66_varitarget_position_3' inactive >>>>>>>
2026-08-11 12:49:33,064 : INFO : EventManager : Event: ======'glasses_pending_position_3'====== Args={'priority': 0}
2026-08-11 12:49:33,064 : INFO : EventManager : Event: ======'player_shot_varitarget_p3'====== Args={'value': 1, 'prev_value': 0, 'change': 1, 'player_num': 1}
2026-08-11 12:49:33,065 : INFO : EventManager : Event: ======'machine_var_audits_shots_varitarget_p3'====== Args={'value': 347, 'prev_value': 346, 'change': 1}
2026-08-11 12:49:33,065 : INFO : EventManager : Event: ======'varitarget_p3_hit'====== Args={'profile': 'default', 'state': 'unlit', 'advancing': True}
2026-08-11 12:49:33,065 : INFO : EventManager : Event: ======'varitarget_p3_default_hit'====== Args={'profile': 'default', 'state': 'unlit', 'advancing': True}
2026-08-11 12:49:33,065 : INFO : EventManager : Event: ======'varitarget_p3_default_unlit_hit'====== Args={'profile': 'default', 'state': 'unlit', 'advancing': True}
2026-08-11 12:49:33,065 : INFO : EventManager : Event: ======'varitarget_p3_unlit_hit'====== Args={'profile': 'default', 'state': 'unlit', 'advancing': True}
2026-08-11 12:49:33,065 : INFO : EventManager : Event: ======'varitarget_position_changed'====== Args={'priority': 0}
2026-08-11 12:49:33,065 : INFO : EventManager : Event: ======'player_varitarget_position'====== Args={'value': 3, 'prev_value': 4, 'change': -1, 'player_num': 1, 'source': 'base'}
2026-08-11 12:49:33,065 : INFO : EventManager : Event: ======'glasses_position_confirm_restart'====== Args={'priority': 0}
2026-08-11 12:49:33,065 : INFO : EventManager : Event: ======'player_glasses_pending_position'====== Args={'value': 3, 'prev_value': 4, 'change': -1, 'player_num': 1, 'source': 'glasses_mode'}
2026-08-11 12:49:33,065 : INFO : EventManager : Event: ======'timer_glasses_position_confirm_tick'====== Args={'ticks': 0, 'ticks_remaining': 1}
2026-08-11 12:49:33,066 : INFO : EventManager : Event: ======'varitarget_positions_hit'====== Args={'shot': 'varitarget_p3'}
2026-08-11 12:49:33,066 : INFO : EventManager : Event: ======'varitarget_positions_unlit_hit'====== Args={'shot': 'varitarget_p3'}
2026-08-11 12:49:33,066 : INFO : EventManager : Event: ======'varitarget_hit_window_restart'====== Args={'priority': 0}
2026-08-11 12:49:33,066 : INFO : EventManager : Event: ======'varitarget_hit_update_max'====== Args={'priority': 0}
2026-08-11 12:49:33,066 : INFO : EventManager : Event: ======'timer_varitarget_hit_settle_tick'====== Args={'ticks': 3, 'ticks_remaining': 3}
2026-08-11 12:49:33,066 : INFO : EventManager : Event: ======'player_score'====== Args={'value': 3602520, 'prev_value': 3602478, 'change': 42, 'player_num': 1, 'source': 'base'}
2026-08-11 12:49:33,078 : INFO : SwitchController : <<<<<<< 's_66_varitarget_position_3' active >>>>>>>
2026-08-11 12:49:33,078 : INFO : EventManager : Event: ======'playfield_active'====== Args={'source': 'varitarget_p3'}
2026-08-11 12:49:33,078 : INFO : EventManager : Event: ======'unexpected_ball_on_playfield'====== Args={}
2026-08-11 12:49:33,078 : INFO : EventManager : Event: ======'s_66_varitarget_position_3_active'====== Args={}
2026-08-11 12:49:33,078 : INFO : EventManager : Event: ======'sw_vari'====== Args={}
2026-08-11 12:49:33,079 : INFO : EventManager : Event: ======'machine_var_audits_switches_s_66_varitarget_position_3'====== Args={'value': 348, 'prev_value': 347, 'change': 1}
2026-08-11 12:49:33,079 : INFO : EventManager : Event: ======'glasses_pending_position_3'====== Args={'priority': 0}
2026-08-11 12:49:33,080 : INFO : EventManager : Event: ======'machine_var_audits_shots_varitarget_p3'====== Args={'value': 348, 'prev_value': 347, 'change': 1}
2026-08-11 12:49:33,080 : INFO : EventManager : Event: ======'varitarget_p3_hit'====== Args={'profile': 'default', 'state': 'lit', 'advancing': False}
2026-08-11 12:49:33,080 : INFO : EventManager : Event: ======'varitarget_p3_default_hit'====== Args={'profile': 'default', 'state': 'lit', 'advancing': False}
2026-08-11 12:49:33,080 : INFO : EventManager : Event: ======'varitarget_p3_default_lit_hit'====== Args={'profile': 'default', 'state': 'lit', 'advancing': False}
2026-08-11 12:49:33,080 : INFO : EventManager : Event: ======'varitarget_p3_lit_hit'====== Args={'profile': 'default', 'state': 'lit', 'advancing': False}
2026-08-11 12:49:33,080 : INFO : EventManager : Event: ======'varitarget_position_changed'====== Args={'priority': 0}
2026-08-11 12:49:33,080 : INFO : EventManager : Event: ======'glasses_position_confirm_restart'====== Args={'priority': 0}
2026-08-11 12:49:33,081 : INFO : EventManager : Event: ======'timer_glasses_position_confirm_tick'====== Args={'ticks': 0, 'ticks_remaining': 1}
2026-08-11 12:49:33,081 : INFO : EventManager : Event: ======'varitarget_positions_hit'====== Args={'shot': 'varitarget_p3'}
2026-08-11 12:49:33,081 : INFO : EventManager : Event: ======'varitarget_positions_lit_hit'====== Args={'shot': 'varitarget_p3'}
2026-08-11 12:49:33,081 : INFO : EventManager : Event: ======'varitarget_hit_window_restart'====== Args={'priority': 0}
2026-08-11 12:49:33,081 : INFO : EventManager : Event: ======'varitarget_hit_update_max'====== Args={'priority': 0}
2026-08-11 12:49:33,081 : INFO : EventManager : Event: ======'timer_varitarget_hit_settle_tick'====== Args={'ticks': 3, 'ticks_remaining': 3}
2026-08-11 12:49:33,081 : INFO : EventManager : Event: ======'player_score'====== Args={'value': 3602562, 'prev_value': 3602520, 'change': 42, 'player_num': 1, 'source': 'base'}
2026-08-11 12:49:33,110 : INFO : SwitchController : <<<<<<< 's_66_varitarget_position_3' inactive >>>>>>>
2026-08-11 12:49:33,110 : INFO : SwitchController : <<<<<<< 's_66_varitarget_position_3' active >>>>>>>
2026-08-11 12:49:33,110 : INFO : EventManager : Event: ======'playfield_active'====== Args={'source': 'varitarget_p3'}
2026-08-11 12:49:33,110 : INFO : EventManager : Event: ======'unexpected_ball_on_playfield'====== Args={}
2026-08-11 12:49:33,110 : INFO : EventManager : Event: ======'s_66_varitarget_position_3_active'====== Args={}
2026-08-11 12:49:33,110 : INFO : EventManager : Event: ======'sw_vari'====== Args={}
2026-08-11 12:49:33,110 : INFO : EventManager : Event: ======'machine_var_audits_switches_s_66_varitarget_position_3'====== Args={'value': 349, 'prev_value': 348, 'change': 1}
2026-08-11 12:49:33,111 : INFO : EventManager : Event: ======'glasses_pending_position_3'====== Args={'priority': 0}
2026-08-11 12:49:33,111 : INFO : EventManager : Event: ======'machine_var_audits_shots_varitarget_p3'====== Args={'value': 349, 'prev_value': 348, 'change': 1}
2026-08-11 12:49:33,111 : INFO : EventManager : Event: ======'varitarget_p3_hit'====== Args={'profile': 'default', 'state': 'lit', 'advancing': False}
2026-08-11 12:49:33,112 : INFO : EventManager : Event: ======'varitarget_p3_default_hit'====== Args={'profile': 'default', 'state': 'lit', 'advancing': False}
2026-08-11 12:49:33,112 : INFO : EventManager : Event: ======'varitarget_p3_default_lit_hit'====== Args={'profile': 'default', 'state': 'lit', 'advancing': False}
2026-08-11 12:49:33,112 : INFO : EventManager : Event: ======'varitarget_p3_lit_hit'====== Args={'profile': 'default', 'state': 'lit', 'advancing': False}
2026-08-11 12:49:33,112 : INFO : EventManager : Event: ======'varitarget_position_changed'====== Args={'priority': 0}
2026-08-11 12:49:33,112 : INFO : EventManager : Event: ======'glasses_position_confirm_restart'====== Args={'priority': 0}
2026-08-11 12:49:33,112 : INFO : EventManager : Event: ======'timer_glasses_position_confirm_tick'====== Args={'ticks': 0, 'ticks_remaining': 1}
2026-08-11 12:49:33,112 : INFO : EventManager : Event: ======'varitarget_positions_hit'====== Args={'shot': 'varitarget_p3'}
2026-08-11 12:49:33,112 : INFO : EventManager : Event: ======'varitarget_positions_lit_hit'====== Args={'shot': 'varitarget_p3'}
2026-08-11 12:49:33,112 : INFO : EventManager : Event: ======'varitarget_hit_window_restart'====== Args={'priority': 0}
2026-08-11 12:49:33,112 : INFO : EventManager : Event: ======'varitarget_hit_update_max'====== Args={'priority': 0}
2026-08-11 12:49:33,112 : INFO : EventManager : Event: ======'timer_varitarget_hit_settle_tick'====== Args={'ticks': 3, 'ticks_remaining': 3}
2026-08-11 12:49:33,113 : INFO : EventManager : Event: ======'player_score'====== Args={'value': 3602604, 'prev_value': 3602562, 'change': 42, 'player_num': 1, 'source': 'base'}
2026-08-11 12:49:33,190 : INFO : EventManager : Event: ======'player_base_varitarget_reset_timer_tick'====== Args={'value': 3, 'prev_value': 2, 'change': 1, 'player_num': 1}
2026-08-11 12:49:33,190 : INFO : EventManager : Event: ======'timer_varitarget_reset_timer_tick'====== Args={'ticks': 3, 'ticks_remaining': 999996}
2026-08-11 12:49:33,190 : INFO : EventManager : Event: ======'varitarget_reset_step'====== Args={'priority': 0}
2026-08-11 12:49:33,191 : INFO : coil.c_16_varitarget_reset : Pulsing Driver for 5ms (1.0 pulse_power)
2026-08-11 12:49:33,191 : INFO : EventManager : Event: ======'player_varitarget_reset_attempts'====== Args={'value': 5, 'prev_value': 4, 'change': 1, 'player_num': 1, 'source': 'base'}
2026-08-11 12:49:33,192 : INFO : EventManager : Event: ======'player_base_varitarget_hit_settle_tick'====== Args={'value': 2, 'prev_value': 3, 'change': -1, 'player_num': 1}
2026-08-11 12:49:33,192 : INFO : EventManager : Event: ======'timer_varitarget_hit_settle_tick'====== Args={'ticks': 2, 'ticks_remaining': 2}
2026-08-11 12:49:33,221 : INFO : SwitchController : <<<<<<< 's_66_varitarget_position_3' inactive >>>>>>>
2026-08-11 12:49:33,269 : INFO : SwitchController : <<<<<<< 's_64_varitarget_position_1' inactive >>>>>>>
2026-08-11 12:49:33,285 : INFO : EventManager : Event: ======'player_base_varitarget_hit_settle_tick'====== Args={'value': 1, 'prev_value': 2, 'change': -1, 'player_num': 1}
2026-08-11 12:49:33,285 : INFO : EventManager : Event: ======'timer_varitarget_hit_settle_tick'====== Args={'ticks': 1, 'ticks_remaining': 1}
2026-08-11 12:49:33,380 : INFO : EventManager : Event: ======'player_base_varitarget_reset_timer_tick'====== Args={'value': 4, 'prev_value': 3, 'change': 1, 'player_num': 1}
2026-08-11 12:49:33,380 : INFO : EventManager : Event: ======'timer_varitarget_reset_timer_tick'====== Args={'ticks': 4, 'ticks_remaining': 999995}
2026-08-11 12:49:33,381 : INFO : EventManager : Event: ======'varitarget_reset_step'====== Args={'priority': 0}
2026-08-11 12:49:33,381 : INFO : coil.c_16_varitarget_reset : Pulsing Driver for 5ms (1.0 pulse_power)
2026-08-11 12:49:33,381 : INFO : EventManager : Event: ======'player_varitarget_reset_attempts'====== Args={'value': 6, 'prev_value': 5, 'change': 1, 'player_num': 1, 'source': 'base'}
2026-08-11 12:49:33,396 : INFO : EventManager : Event: ======'player_base_varitarget_hit_settle_tick'====== Args={'value': 0, 'prev_value': 1, 'change': -1, 'player_num': 1}
2026-08-11 12:49:33,397 : INFO : Timer.varitarget_hit_settle : Timer Complete
2026-08-11 12:49:33,397 : INFO : Timer.varitarget_hit_settle : Stopping Timer
2026-08-11 12:49:33,397 : INFO : EventManager : Event: ======'timer_varitarget_hit_settle_stopped'====== Args={'ticks': 0, 'ticks_remaining': 1}
2026-08-11 12:49:33,397 : INFO : EventManager : Event: ======'timer_varitarget_hit_settle_complete'====== Args={'ticks': 0, 'ticks_remaining': 1}
2026-08-11 12:49:33,397 : INFO : EventManager : Event: ======'varitarget_hit_end'====== Args={'priority': 0}
2026-08-11 12:49:33,397 : INFO : EventManager : Event: ======'varitarget_award_from_moved'====== Args={'priority': 0}
2026-08-11 12:49:33,398 : INFO : EventManager : Event: ======'player_varitarget_hit_active'====== Args={'value': 0, 'prev_value': 1, 'change': -1, 'player_num': 1, 'source': 'base'}
2026-08-11 12:49:33,398 : INFO : EventManager : Event: ======'player_varitarget_hit_moved'====== Args={'value': 6, 'prev_value': 0, 'change': 6, 'player_num': 1, 'source': 'base'}
2026-08-11 12:49:33,398 : INFO : EventManager : Event: ======'player_varitarget_stable_position'====== Args={'value': 3, 'prev_value': 1, 'change': 2, 'player_num': 1, 'source': 'base'}
2026-08-11 12:49:33,398 : INFO : EventManager : Event: ======'varitarget_moved_6'====== Args={'priority': 0}
2026-08-11 12:49:33,398 : INFO : EventManager : Event: ======'awareness_add_20'====== Args={'priority': 0}
2026-08-11 12:49:33,398 : INFO : EventManager : Event: ======'player_awareness'====== Args={'value': 20, 'prev_value': 0, 'change': 20, 'player_num': 1, 'source': 'awareness'}
2026-08-11 12:49:33,399 : INFO : EventManager : Event: ======'player_awareness_percent'====== Args={'value': 11, 'prev_value': 0, 'change': 11, 'player_num': 1, 'source': 'awareness'}
2026-08-11 12:49:33,574 : INFO : EventManager : Event: ======'player_base_varitarget_reset_timer_tick'====== Args={'value': 5, 'prev_value': 4, 'change': 1, 'player_num': 1}
2026-08-11 12:49:33,575 : INFO : EventManager : Event: ======'timer_varitarget_reset_timer_tick'====== Args={'ticks': 5, 'ticks_remaining': 999994}
2026-08-11 12:49:33,578 : INFO : EventManager : Event: ======'varitarget_reset_step'====== Args={'priority': 0}
2026-08-11 12:49:33,578 : INFO : coil.c_16_varitarget_reset : Pulsing Driver for 5ms (1.0 pulse_power)
2026-08-11 12:49:33,578 : INFO : EventManager : Event: ======'player_varitarget_reset_attempts'====== Args={'value': 7, 'prev_value': 6, 'change': 1, 'player_num': 1, 'source': 'base'}
2026-08-11 12:49:33,780 : INFO : EventManager : Event: ======'player_base_varitarget_reset_timer_tick'====== Args={'value': 6, 'prev_value': 5, 'change': 1, 'player_num': 1}
2026-08-11 12:49:33,780 : INFO : EventManager : Event: ======'timer_varitarget_reset_timer_tick'====== Args={'ticks': 6, 'ticks_remaining': 999993}
2026-08-11 12:49:33,781 : INFO : EventManager : Event: ======'varitarget_reset_step'====== Args={'priority': 0}
2026-08-11 12:49:33,781 : INFO : coil.c_16_varitarget_reset : Pulsing Driver for 5ms (1.0 pulse_power)
2026-08-11 12:49:33,781 : INFO : EventManager : Event: ======'player_varitarget_reset_attempts'====== Args={'value': 8, 'prev_value': 7, 'change': 1, 'player_num': 1, 'source': 'base'}
2026-08-11 12:49:33,972 : INFO : EventManager : Event: ======'player_base_varitarget_reset_timer_tick'====== Args={'value': 7, 'prev_value': 6, 'change': 1, 'player_num': 1}
2026-08-11 12:49:33,972 : INFO : EventManager : Event: ======'timer_varitarget_reset_timer_tick'====== Args={'ticks': 7, 'ticks_remaining': 999992}
2026-08-11 12:49:33,973 : INFO : EventManager : Event: ======'varitarget_reset_step'====== Args={'priority': 0}
2026-08-11 12:49:33,973 : INFO : coil.c_16_varitarget_reset : Pulsing Driver for 5ms (1.0 pulse_power)
2026-08-11 12:49:33,973 : INFO : EventManager : Event: ======'player_varitarget_reset_attempts'====== Args={'value': 9, 'prev_value': 8, 'change': 1, 'player_num': 1, 'source': 'base'}
2026-08-11 12:49:34,098 : INFO : EventManager : Event: ======'player_glasses_mode_glasses_position_confirm_tick'====== Args={'value': 1, 'prev_value': 0, 'change': 1, 'player_num': 1}
2026-08-11 12:49:34,098 : INFO : Timer.glasses_position_confirm : Timer Complete
2026-08-11 12:49:34,098 : INFO : Timer.glasses_position_confirm : Stopping Timer
2026-08-11 12:49:34,099 : INFO : EventManager : Event: ======'timer_glasses_position_confirm_stopped'====== Args={'ticks': 1, 'ticks_remaining': 1}
2026-08-11 12:49:34,099 : INFO : EventManager : Event: ======'timer_glasses_position_confirm_complete'====== Args={'ticks': 1, 'ticks_remaining': 1}
2026-08-11 12:49:34,099 : INFO : EventManager : Event: ======'varitarget_position_3_confirmed'====== Args={'priority': 0}
2026-08-11 12:49:34,099 : INFO : EventManager : Event: ======'glasses_enter_state_3'====== Args={'priority': 0}
2026-08-11 12:49:34,099 : INFO : EventManager : Event: ======'glasses_stop_all_shows'====== Args={'priority': 0}
2026-08-11 12:49:34,099 : INFO : EventManager : Event: ======'glasses_state_timer_restart'====== Args={'priority': 0}
2026-08-11 12:49:34,099 : INFO : EventManager : Event: ======'glasses_home_pulse_timer_stop'====== Args={'priority': 0}
2026-08-11 12:49:34,099 : INFO : EventManager : Event: ======'glasses_homing_cancel'====== Args={'priority': 0}
2026-08-11 12:49:34,099 : INFO : EventManager : Event: ======'glasses_start_state_3'====== Args={'priority': 0}
2026-08-11 12:49:34,099 : INFO : EventManager : Event: ======'player_glasses_current_state'====== Args={'value': 3, 'prev_value': 1, 'change': 2, 'player_num': 1, 'source': 'glasses_mode'}
2026-08-11 12:49:34,100 : INFO : EventManager : Event: ======'player_glasses_confirmed_position'====== Args={'value': 3, 'prev_value': 1, 'change': 2, 'player_num': 1, 'source': 'glasses_mode'}
2026-08-11 12:49:34,100 : INFO : Timer.glasses_state_timer : Starting Timer.
2026-08-11 12:49:34,100 : INFO : EventManager : Event: ======'timer_glasses_state_timer_started'====== Args={'ticks': 0, 'ticks_remaining': 10}
2026-08-11 12:49:34,100 : INFO : EventManager : Event: ======'timer_glasses_state_timer_tick'====== Args={'ticks': 0, 'ticks_remaining': 10}
2026-08-11 12:49:34,100 : INFO : Timer.glasses_home_pulse_timer : Stopping Timer
2026-08-11 12:49:34,100 : INFO : EventManager : Event: ======'timer_glasses_home_pulse_timer_stopped'====== Args={'ticks': 0, 'ticks_remaining': 0}
2026-08-11 12:49:34,178 : INFO : EventManager : Event: ======'player_base_varitarget_reset_timer_tick'====== Args={'value': 8, 'prev_value': 7, 'change': 1, 'player_num': 1}
2026-08-11 12:49:34,178 : INFO : EventManager : Event: ======'timer_varitarget_reset_timer_tick'====== Args={'ticks': 8, 'ticks_remaining': 999991}
2026-08-11 12:49:34,178 : INFO : EventManager : Event: ======'varitarget_reset_step'====== Args={'priority': 0}
2026-08-11 12:49:34,179 : INFO : coil.c_16_varitarget_reset : Pulsing Driver for 5ms (1.0 pulse_power)
2026-08-11 12:49:34,179 : INFO : EventManager : Event: ======'player_varitarget_reset_attempts'====== Args={'value': 10, 'prev_value': 9, 'change': 1, 'player_num': 1, 'source': 'base'}
2026-08-11 12:49:34,381 : INFO : EventManager : Event: ======'player_base_varitarget_reset_timer_tick'====== Args={'value': 9, 'prev_value': 8, 'change': 1, 'player_num': 1}
2026-08-11 12:49:34,381 : INFO : EventManager : Event: ======'timer_varitarget_reset_timer_tick'====== Args={'ticks': 9, 'ticks_remaining': 999990}
2026-08-11 12:49:34,382 : INFO : EventManager : Event: ======'varitarget_reset_step'====== Args={'priority': 0}
2026-08-11 12:49:34,382 : INFO : coil.c_16_varitarget_reset : Pulsing Driver for 5ms (1.0 pulse_power)
2026-08-11 12:49:34,382 : INFO : EventManager : Event: ======'player_varitarget_reset_attempts'====== Args={'value': 11, 'prev_value': 10, 'change': 1, 'player_num': 1, 'source': 'base'}
2026-08-11 12:49:34,573 : INFO : EventManager : Event: ======'player_base_varitarget_reset_timer_tick'====== Args={'value': 10, 'prev_value': 9, 'change': 1, 'player_num': 1}
2026-08-11 12:49:34,573 : INFO : EventManager : Event: ======'timer_varitarget_reset_timer_tick'====== Args={'ticks': 10, 'ticks_remaining': 999989}
2026-08-11 12:49:34,575 : INFO : EventManager : Event: ======'varitarget_reset_step'====== Args={'priority': 0}
2026-08-11 12:49:34,575 : INFO : coil.c_16_varitarget_reset : Pulsing Driver for 5ms (1.0 pulse_power)
2026-08-11 12:49:34,575 : INFO : EventManager : Event: ======'player_varitarget_reset_attempts'====== Args={'value': 12, 'prev_value': 11, 'change': 1, 'player_num': 1, 'source': 'base'}
2026-08-11 12:49:34,777 : INFO : EventManager : Event: ======'player_base_varitarget_reset_timer_tick'====== Args={'value': 11, 'prev_value': 10, 'change': 1, 'player_num': 1}
2026-08-11 12:49:34,777 : INFO : EventManager : Event: ======'timer_varitarget_reset_timer_tick'====== Args={'ticks': 11, 'ticks_remaining': 999988}
2026-08-11 12:49:34,778 : INFO : EventManager : Event: ======'varitarget_reset_step'====== Args={'priority': 0}
2026-08-11 12:49:34,778 : INFO : coil.c_16_varitarget_reset : Pulsing Driver for 5ms (1.0 pulse_power)
2026-08-11 12:49:34,778 : INFO : EventManager : Event: ======'player_varitarget_reset_attempts'====== Args={'value': 13, 'prev_value': 12, 'change': 1, 'player_num': 1, 'source': 'base'}
2026-08-11 12:49:34,985 : INFO : EventManager : Event: ======'player_base_varitarget_reset_timer_tick'====== Args={'value': 12, 'prev_value': 11, 'change': 1, 'player_num': 1}
2026-08-11 12:49:34,985 : INFO : EventManager : Event: ======'timer_varitarget_reset_timer_tick'====== Args={'ticks': 12, 'ticks_remaining': 999987}
2026-08-11 12:49:34,985 : INFO : EventManager : Event: ======'varitarget_reset_step'====== Args={'priority': 0}
2026-08-11 12:49:34,985 : INFO : coil.c_16_varitarget_reset : Pulsing Driver for 5ms (1.0 pulse_power)
2026-08-11 12:49:34,986 : INFO : EventManager : Event: ======'player_varitarget_reset_attempts'====== Args={'value': 14, 'prev_value': 13, 'change': 1, 'player_num': 1, 'source': 'base'}
2026-08-11 12:49:35,111 : INFO : EventManager : Event: ======'player_glasses_mode_glasses_state_timer_tick'====== Args={'value': 1, 'prev_value': 0, 'change': 1, 'player_num': 1}
2026-08-11 12:49:35,111 : INFO : EventManager : Event: ======'timer_glasses_state_timer_tick'====== Args={'ticks': 1, 'ticks_remaining': 9}
2026-08-11 12:49:35,190 : INFO : EventManager : Event: ======'player_base_varitarget_reset_timer_tick'====== Args={'value': 13, 'prev_value': 12, 'change': 1, 'player_num': 1}
2026-08-11 12:49:35,190 : INFO : EventManager : Event: ======'timer_varitarget_reset_timer_tick'====== Args={'ticks': 13, 'ticks_remaining': 999986}
2026-08-11 12:49:35,190 : INFO : EventManager : Event: ======'varitarget_reset_step'====== Args={'priority': 0}
2026-08-11 12:49:35,191 : INFO : coil.c_16_varitarget_reset : Pulsing Driver for 5ms (1.0 pulse_power)
2026-08-11 12:49:35,191 : INFO : EventManager : Event: ======'player_varitarget_reset_attempts'====== Args={'value': 15, 'prev_value': 14, 'change': 1, 'player_num': 1, 'source': 'base'}
2026-08-11 12:49:35,381 : INFO : EventManager : Event: ======'player_base_varitarget_reset_timer_tick'====== Args={'value': 14, 'prev_value': 13, 'change': 1, 'player_num': 1}
2026-08-11 12:49:35,381 : INFO : EventManager : Event: ======'timer_varitarget_reset_timer_tick'====== Args={'ticks': 14, 'ticks_remaining': 999985}
2026-08-11 12:49:35,381 : INFO : EventManager : Event: ======'varitarget_reset_step'====== Args={'priority': 0}
2026-08-11 12:49:35,382 : INFO : coil.c_16_varitarget_reset : Pulsing Driver for 5ms (1.0 pulse_power)
2026-08-11 12:49:35,382 : INFO : EventManager : Event: ======'player_varitarget_reset_attempts'====== Args={'value': 16, 'prev_value': 15, 'change': 1, 'player_num': 1, 'source': 'base'}
2026-08-11 12:49:35,572 : INFO : EventManager : Event: ======'player_base_varitarget_reset_timer_tick'====== Args={'value': 15, 'prev_value': 14, 'change': 1, 'player_num': 1}
2026-08-11 12:49:35,572 : INFO : EventManager : Event: ======'timer_varitarget_reset_timer_tick'====== Args={'ticks': 15, 'ticks_remaining': 999984}
2026-08-11 12:49:35,574 : INFO : EventManager : Event: ======'varitarget_reset_step'====== Args={'priority': 0}
2026-08-11 12:49:35,574 : INFO : coil.c_16_varitarget_reset : Pulsing Driver for 5ms (1.0 pulse_power)
2026-08-11 12:49:35,574 : INFO : EventManager : Event: ======'player_varitarget_reset_attempts'====== Args={'value': 17, 'prev_value': 16, 'change': 1, 'player_num': 1, 'source': 'base'}
2026-08-11 12:49:35,779 : INFO : EventManager : Event: ======'player_base_varitarget_reset_timer_tick'====== Args={'value': 16, 'prev_value': 15, 'change': 1, 'player_num': 1}
2026-08-11 12:49:35,779 : INFO : EventManager : Event: ======'timer_varitarget_reset_timer_tick'====== Args={'ticks': 16, 'ticks_remaining': 999983}
2026-08-11 12:49:35,779 : INFO : EventManager : Event: ======'varitarget_reset_step'====== Args={'priority': 0}
2026-08-11 12:49:35,780 : INFO : coil.c_16_varitarget_reset : Pulsing Driver for 5ms (1.0 pulse_power)
2026-08-11 12:49:35,780 : INFO : EventManager : Event: ======'player_varitarget_reset_attempts'====== Args={'value': 18, 'prev_value': 17, 'change': 1, 'player_num': 1, 'source': 'base'}
2026-08-11 12:49:35,985 : INFO : EventManager : Event: ======'player_base_varitarget_reset_timer_tick'====== Args={'value': 17, 'prev_value': 16, 'change': 1, 'player_num': 1}
2026-08-11 12:49:35,985 : INFO : EventManager : Event: ======'timer_varitarget_reset_timer_tick'====== Args={'ticks': 17, 'ticks_remaining': 999982}
2026-08-11 12:49:35,985 : INFO : EventManager : Event: ======'varitarget_reset_step'====== Args={'priority': 0}
2026-08-11 12:49:35,985 : INFO : coil.c_16_varitarget_reset : Pulsing Driver for 5ms (1.0 pulse_power)
2026-08-11 12:49:35,986 : INFO : EventManager : Event: ======'player_varitarget_reset_attempts'====== Args={'value': 19, 'prev_value': 18, 'change': 1, 'player_num': 1, 'source': 'base'}
2026-08-11 12:49:36,097 : INFO : EventManager : Event: ======'player_glasses_mode_glasses_state_timer_tick'====== Args={'value': 2, 'prev_value': 1, 'change': 1, 'player_num': 1}
2026-08-11 12:49:36,098 : INFO : EventManager : Event: ======'timer_glasses_state_timer_tick'====== Args={'ticks': 2, 'ticks_remaining': 8}
2026-08-11 12:49:36,177 : INFO : EventManager : Event: ======'player_base_varitarget_reset_timer_tick'====== Args={'value': 18, 'prev_value': 17, 'change': 1, 'player_num': 1}
2026-08-11 12:49:36,177 : INFO : EventManager : Event: ======'timer_varitarget_reset_timer_tick'====== Args={'ticks': 18, 'ticks_remaining': 999981}
2026-08-11 12:49:36,178 : INFO : EventManager : Event: ======'varitarget_reset_step'====== Args={'priority': 0}
2026-08-11 12:49:36,178 : INFO : coil.c_16_varitarget_reset : Pulsing Driver for 5ms (1.0 pulse_power)
2026-08-11 12:49:36,178 : INFO : EventManager : Event: ======'player_varitarget_reset_attempts'====== Args={'value': 20, 'prev_value': 19, 'change': 1, 'player_num': 1, 'source': 'base'}
2026-08-11 12:49:36,385 : INFO : EventManager : Event: ======'player_base_varitarget_reset_timer_tick'====== Args={'value': 19, 'prev_value': 18, 'change': 1, 'player_num': 1}
2026-08-11 12:49:36,385 : INFO : EventManager : Event: ======'timer_varitarget_reset_timer_tick'====== Args={'ticks': 19, 'ticks_remaining': 999980}
2026-08-11 12:49:36,385 : INFO : EventManager : Event: ======'varitarget_reset_step'====== Args={'priority': 0}
2026-08-11 12:49:36,386 : INFO : coil.c_16_varitarget_reset : Pulsing Driver for 5ms (1.0 pulse_power)
2026-08-11 12:49:36,386 : INFO : EventManager : Event: ======'player_varitarget_reset_attempts'====== Args={'value': 21, 'prev_value': 20, 'change': 1, 'player_num': 1, 'source': 'base'}
2026-08-11 12:49:36,528 : INFO : SwitchController : <<<<<<< 's_60_top_lane_c' active >>>>>>>
2026-08-11 12:49:36,528 : INFO : EventManager : Event: ======'playfield_active'====== Args={'source': 'resistance_top_lane_stage_2'}
2026-08-11 12:49:36,528 : INFO : EventManager : Event: ======'unexpected_ball_on_playfield'====== Args={}
2026-08-11 12:49:36,528 : INFO : EventManager : Event: ======'playfield_active'====== Args={'source': 'resistance_top_lane_stage_3'}
2026-08-11 12:49:36,528 : INFO : EventManager : Event: ======'unexpected_ball_on_playfield'====== Args={}
2026-08-11 12:49:36,529 : INFO : EventManager : Event: ======'playfield_active'====== Args={'source': 'resistance_top_lane_stage_4'}
2026-08-11 12:49:36,529 : INFO : EventManager : Event: ======'unexpected_ball_on_playfield'====== Args={}
2026-08-11 12:49:36,529 : INFO : EventManager : Event: ======'s_60_top_lane_c_active'====== Args={}
2026-08-11 12:49:36,529 : INFO : EventManager : Event: ======'sw_playfield_active'====== Args={}
2026-08-11 12:49:36,529 : INFO : EventManager : Event: ======'sw_top_lanes'====== Args={}
2026-08-11 12:49:36,529 : INFO : EventManager : Event: ======'machine_var_audits_switches_s_60_top_lane_c'====== Args={'value': 800, 'prev_value': 799, 'change': 1}
2026-08-11 12:49:36,530 : INFO : EventManager : Event: ======'top_lane_c_turn_on'====== Args={'priority': 0}
2026-08-11 12:49:36,530 : INFO : EventManager : Event: ======'awareness_add_3'====== Args={'priority': 0}
2026-08-11 12:49:36,530 : INFO : EventManager : Event: ======'top_lanes_check'====== Args={'priority': 0}
2026-08-11 12:49:36,530 : INFO : EventManager : Event: ======'player_top_lane_c_lit'====== Args={'value': 1, 'prev_value': 0, 'change': 1, 'player_num': 1, 'source': 'spinner_2x_qualify'}
2026-08-11 12:49:36,531 : INFO : EventManager : Event: ======'spinner_2x_stop'====== Args={'priority': 0}
2026-08-11 12:49:36,531 : INFO : EventManager : Event: ======'player_awareness'====== Args={'value': 23, 'prev_value': 20, 'change': 3, 'player_num': 1, 'source': 'awareness'}
2026-08-11 12:49:36,531 : INFO : EventManager : Event: ======'player_awareness_percent'====== Args={'value': 13, 'prev_value': 11, 'change': 2, 'player_num': 1, 'source': 'awareness'}
2026-08-11 12:49:36,531 : INFO : EventManager : Event: ======'playfield_active'====== Args={'source': None}
2026-08-11 12:49:36,531 : INFO : EventManager : Event: ======'unexpected_ball_on_playfield'====== Args={}
2026-08-11 12:49:36,532 : INFO : EventManager : Event: ======'player_score'====== Args={'value': 3607604, 'prev_value': 3602604, 'change': 5000, 'player_num': 1, 'source': 'base'}
2026-08-11 12:49:36,575 : INFO : EventManager : Event: ======'player_base_varitarget_reset_timer_tick'====== Args={'value': 20, 'prev_value': 19, 'change': 1, 'player_num': 1}
2026-08-11 12:49:36,575 : INFO : EventManager : Event: ======'timer_varitarget_reset_timer_tick'====== Args={'ticks': 20, 'ticks_remaining': 999979}
2026-08-11 12:49:36,578 : INFO : EventManager : Event: ======'varitarget_reset_step'====== Args={'priority': 0}
2026-08-11 12:49:36,578 : INFO : coil.c_16_varitarget_reset : Pulsing Driver for 5ms (1.0 pulse_power)
2026-08-11 12:49:36,578 : INFO : EventManager : Event: ======'player_varitarget_reset_attempts'====== Args={'value': 22, 'prev_value': 21, 'change': 1, 'player_num': 1, 'source': 'base'}
2026-08-11 12:49:36,781 : INFO : EventManager : Event: ======'player_base_varitarget_reset_timer_tick'====== Args={'value': 21, 'prev_value': 20, 'change': 1, 'player_num': 1}
2026-08-11 12:49:36,781 : INFO : EventManager : Event: ======'timer_varitarget_reset_timer_tick'====== Args={'ticks': 21, 'ticks_remaining': 999978}
2026-08-11 12:49:36,782 : INFO : EventManager : Event: ======'varitarget_reset_step'====== Args={'priority': 0}
2026-08-11 12:49:36,782 : INFO : coil.c_16_varitarget_reset : Pulsing Driver for 5ms (1.0 pulse_power)
2026-08-11 12:49:36,782 : INFO : EventManager : Event: ======'player_varitarget_reset_attempts'====== Args={'value': 23, 'prev_value': 22, 'change': 1, 'player_num': 1, 'source': 'base'}
2026-08-11 12:49:36,831 : INFO : SwitchController : <<<<<<< 's_60_top_lane_c' inactive >>>>>>>
2026-08-11 12:49:36,972 : INFO : EventManager : Event: ======'player_base_varitarget_reset_timer_tick'====== Args={'value': 22, 'prev_value': 21, 'change': 1, 'player_num': 1}
2026-08-11 12:49:36,972 : INFO : EventManager : Event: ======'timer_varitarget_reset_timer_tick'====== Args={'ticks': 22, 'ticks_remaining': 999977}
2026-08-11 12:49:36,972 : INFO : EventManager : Event: ======'varitarget_reset_step'====== Args={'priority': 0}
2026-08-11 12:49:36,973 : INFO : coil.c_16_varitarget_reset : Pulsing Driver for 5ms (1.0 pulse_power)
2026-08-11 12:49:36,973 : INFO : EventManager : Event: ======'player_varitarget_reset_attempts'====== Args={'value': 24, 'prev_value': 23, 'change': 1, 'player_num': 1, 'source': 'base'}
2026-08-11 12:49:37,100 : INFO : EventManager : Event: ======'player_glasses_mode_glasses_state_timer_tick'====== Args={'value': 3, 'prev_value': 2, 'change': 1, 'player_num': 1}
2026-08-11 12:49:37,100 : INFO : EventManager : Event: ======'timer_glasses_state_timer_tick'====== Args={'ticks': 3, 'ticks_remaining': 7}
2026-08-11 12:49:37,180 : INFO : EventManager : Event: ======'player_base_varitarget_reset_timer_tick'====== Args={'value': 23, 'prev_value': 22, 'change': 1, 'player_num': 1}
2026-08-11 12:49:37,180 : INFO : EventManager : Event: ======'timer_varitarget_reset_timer_tick'====== Args={'ticks': 23, 'ticks_remaining': 999976}
2026-08-11 12:49:37,180 : INFO : EventManager : Event: ======'varitarget_reset_step'====== Args={'priority': 0}
2026-08-11 12:49:37,181 : INFO : coil.c_16_varitarget_reset : Pulsing Driver for 5ms (1.0 pulse_power)
2026-08-11 12:49:37,181 : INFO : EventManager : Event: ======'player_varitarget_reset_attempts'====== Args={'value': 25, 'prev_value': 24, 'change': 1, 'player_num': 1, 'source': 'base'}
2026-08-11 12:49:37,385 : INFO : EventManager : Event: ======'player_base_varitarget_reset_timer_tick'====== Args={'value': 24, 'prev_value': 23, 'change': 1, 'player_num': 1}
2026-08-11 12:49:37,385 : INFO : EventManager : Event: ======'timer_varitarget_reset_timer_tick'====== Args={'ticks': 24, 'ticks_remaining': 999975}
2026-08-11 12:49:37,385 : INFO : EventManager : Event: ======'varitarget_reset_stop'====== Args={'priority': 0}
2026-08-11 12:49:37,385 : INFO : EventManager : Event: ======'varitarget_reset_failed'====== Args={'priority': 0}
2026-08-11 12:49:37,385 : INFO : Timer.varitarget_reset_timer : Stopping Timer
2026-08-11 12:49:37,386 : INFO : EventManager : Event: ======'timer_varitarget_reset_timer_stopped'====== Args={'ticks': 24, 'ticks_remaining': 999975}
2026-08-11 12:49:38,098 : INFO : EventManager : Event: ======'player_glasses_mode_glasses_state_timer_tick'====== Args={'value': 4, 'prev_value': 3, 'change': 1, 'player_num': 1}
2026-08-11 12:49:38,098 : INFO : EventManager : Event: ======'timer_glasses_state_timer_tick'====== Args={'ticks': 4, 'ticks_remaining': 6}
2026-08-11 12:49:39,097 : INFO : EventManager : Event: ======'player_glasses_mode_glasses_state_timer_tick'====== Args={'value': 5, 'prev_value': 4, 'change': 1, 'player_num': 1}
2026-08-11 12:49:39,097 : INFO : EventManager : Event: ======'timer_glasses_state_timer_tick'====== Args={'ticks': 5, 'ticks_remaining': 5}
2026-08-11 12:49:39,607 : INFO : SwitchController : <<<<<<< 's_29_trough_6' active >>>>>>>
2026-08-11 12:49:39,607 : INFO : EventManager : Event: ======'machine_var_audits_switches_s_29_trough_6'====== Args={'value': 1358, 'prev_value': 1357, 'change': 1}
2026-08-11 12:49:39,958 : INFO : SwitchController : <<<<<<< 's_29_trough_6' inactive >>>>>>>
2026-08-11 12:49:39,988 : INFO : SwitchController : <<<<<<< 's_28_trough_5' active >>>>>>>
2026-08-11 12:49:39,988 : INFO : EventManager : Event: ======'machine_var_audits_switches_s_28_trough_5'====== Args={'value': 1258, 'prev_value': 1257, 'change': 1}
2026-08-11 12:49:40,100 : INFO : EventManager : Event: ======'player_glasses_mode_glasses_state_timer_tick'====== Args={'value': 6, 'prev_value': 5, 'change': 1, 'player_num': 1}
2026-08-11 12:49:40,100 : INFO : EventManager : Event: ======'timer_glasses_state_timer_tick'====== Args={'ticks': 6, 'ticks_remaining': 4}
2026-08-11 12:49:40,164 : INFO : SwitchController : <<<<<<< 's_28_trough_5' inactive >>>>>>>
2026-08-11 12:49:40,180 : INFO : SwitchController : <<<<<<< 's_27_trough_4' active >>>>>>>
2026-08-11 12:49:40,180 : INFO : EventManager : Event: ======'machine_var_audits_switches_s_27_trough_4'====== Args={'value': 1468, 'prev_value': 1467, 'change': 1}
2026-08-11 12:49:40,307 : INFO : SwitchController : <<<<<<< 's_27_trough_4' inactive >>>>>>>
2026-08-11 12:49:40,323 : INFO : SwitchController : <<<<<<< 's_26_trough_3' active >>>>>>>
2026-08-11 12:49:40,324 : INFO : EventManager : Event: ======'machine_var_audits_switches_s_26_trough_3'====== Args={'value': 1889, 'prev_value': 1888, 'change': 1}
2026-08-11 12:49:41,112 : INFO : EventManager : Event: ======'player_glasses_mode_glasses_state_timer_tick'====== Args={'value': 7, 'prev_value': 6, 'change': 1, 'player_num': 1}
2026-08-11 12:49:41,113 : INFO : EventManager : Event: ======'timer_glasses_state_timer_tick'====== Args={'ticks': 7, 'ticks_remaining': 3}
2026-08-11 12:49:42,097 : INFO : EventManager : Event: ======'player_glasses_mode_glasses_state_timer_tick'====== Args={'value': 8, 'prev_value': 7, 'change': 1, 'player_num': 1}
2026-08-11 12:49:42,097 : INFO : EventManager : Event: ======'timer_glasses_state_timer_tick'====== Args={'ticks': 8, 'ticks_remaining': 2}
2026-08-11 12:49:42,619 : INFO : ball_device.bd_trough : State: failed_confirm
2026-08-11 12:49:42,619 : INFO : ball_device.bd_trough : Got timeout (10.0s) before confirm from <ball_device.bd_plunger>
2026-08-11 12:49:42,620 : INFO : ball_device.bd_plunger : Expecting incoming ball which may skip the device.
2026-08-11 12:49:42,620 : INFO : EventManager : Event: ======'balldevice_bd_plunger_ejecting_ball'====== Args={'balls': 1, 'target': <playfield.playfield>, 'source': <ball_device.bd_plunger>, 'mechanical_eject': False, 'num_attempts': 1}
2026-08-11 12:49:42,621 : INFO : ball_device.bd_trough : Got unknown balls. Assuming a ball returned.
2026-08-11 12:49:42,621 : INFO : EventManager : Event: ======'balldevice_bd_trough_ball_eject_failed'====== Args={'target': <ball_device.bd_plunger>, 'balls': 1, 'retry': True, 'num_attempts': 1}
2026-08-11 12:49:42,622 : INFO : EventManager : Event: ======'balldevice_bd_plunger_ball_eject_failed'====== Args={'target': <playfield.playfield>, 'balls': 1, 'retry': True, 'num_attempts': 1}
2026-08-11 12:49:42,622 : INFO : ball_device.bd_trough : State: waiting_for_target_ready
2026-08-11 12:49:42,622 : INFO : EventManager : Event: ======'balldevice_bd_trough_ball_eject_attempt'====== Args={'balls': 1, 'target': <ball_device.bd_plunger>, 'source': <ball_device.bd_trough>, 'mechanical_eject': True, 'num_attempts': 1}
2026-08-11 12:49:42,622 : INFO : ball_device.bd_plunger : No longer expecting incoming ball which may skip the device.
2026-08-11 12:49:42,623 : INFO : ball_device.bd_trough : State: ejecting
2026-08-11 12:49:42,623 : INFO : ball_device.bd_trough : Ejecting ball to <ball_device.bd_plunger>
2026-08-11 12:49:42,623 : INFO : EventManager : Event: ======'balldevice_bd_trough_ejecting_ball'====== Args={'balls': 1, 'target': <ball_device.bd_plunger>, 'source': <ball_device.bd_trough>, 'mechanical_eject': True, 'num_attempts': 1}
2026-08-11 12:49:42,623 : INFO : ball_device.bd_plunger : State: waiting_for_ball
2026-08-11 12:49:42,624 : INFO : ball_device.bd_trough : Wait for ball to leave device
2026-08-11 12:49:42,624 : INFO : coil.c_02_trough_eject : Pulsing Driver for 16ms (1.0 pulse_power)
2026-08-11 12:49:42,666 : INFO : SwitchController : <<<<<<< 's_24_trough_1' inactive >>>>>>>
2026-08-11 12:49:42,666 : INFO : SwitchController : <<<<<<< 's_30_trough_jam' active >>>>>>>
2026-08-11 12:49:42,666 : INFO : EventManager : Event: ======'machine_var_audits_switches_s_30_trough_jam'====== Args={'value': 2224, 'prev_value': 2223, 'change': 1}
2026-08-11 12:49:42,667 : INFO : ball_device.bd_trough : State: ball_left
2026-08-11 12:49:42,668 : INFO : ball_device.bd_trough : Ball left
2026-08-11 12:49:42,668 : INFO : ball_device.bd_trough : Wait for confirm with timeout 10.0
2026-08-11 12:49:42,674 : INFO : SwitchController : <<<<<<< 's_30_trough_jam' inactive >>>>>>>
2026-08-11 12:49:42,936 : INFO : SwitchController : <<<<<<< 's_25_trough_2' inactive >>>>>>>
2026-08-11 12:49:42,953 : INFO : SwitchController : <<<<<<< 's_26_trough_3' inactive >>>>>>>
2026-08-11 12:49:42,969 : INFO : SwitchController : <<<<<<< 's_24_trough_1' active >>>>>>>
2026-08-11 12:49:42,969 : INFO : EventManager : Event: ======'machine_var_audits_switches_s_24_trough_1'====== Args={'value': 2224, 'prev_value': 2223, 'change': 1}
2026-08-11 12:49:42,970 : INFO : SwitchController : <<<<<<< 's_25_trough_2' active >>>>>>>
2026-08-11 12:49:42,970 : INFO : EventManager : Event: ======'machine_var_audits_switches_s_25_trough_2'====== Args={'value': 2187, 'prev_value': 2186, 'change': 1}
2026-08-11 12:49:43,111 : INFO : EventManager : Event: ======'player_glasses_mode_glasses_state_timer_tick'====== Args={'value': 9, 'prev_value': 8, 'change': 1, 'player_num': 1}
2026-08-11 12:49:43,112 : INFO : EventManager : Event: ======'timer_glasses_state_timer_tick'====== Args={'ticks': 9, 'ticks_remaining': 1}
2026-08-11 12:49:44,111 : INFO : EventManager : Event: ======'player_glasses_mode_glasses_state_timer_tick'====== Args={'value': 10, 'prev_value': 9, 'change': 1, 'player_num': 1}
2026-08-11 12:49:44,112 : INFO : Timer.glasses_state_timer : Timer Complete
2026-08-11 12:49:44,112 : INFO : Timer.glasses_state_timer : Stopping Timer
2026-08-11 12:49:44,112 : INFO : EventManager : Event: ======'timer_glasses_state_timer_stopped'====== Args={'ticks': 10, 'ticks_remaining': 1}
2026-08-11 12:49:44,112 : INFO : EventManager : Event: ======'timer_glasses_state_timer_complete'====== Args={'ticks': 10, 'ticks_remaining': 1}
2026-08-11 12:49:44,112 : INFO : EventManager : Event: ======'varitarget_position_3_complete'====== Args={'priority': 0}
2026-08-11 12:49:44,112 : INFO : EventManager : Event: ======'glasses_stop_all_shows'====== Args={'priority': 0}
2026-08-11 12:49:44,113 : INFO : EventManager : Event: ======'varitarget_homing'====== Args={'priority': 0}
2026-08-11 12:49:44,113 : INFO : EventManager : Event: ======'glasses_stop_all_shows'====== Args={'priority': 0}
2026-08-11 12:49:44,114 : INFO : EventManager : Event: ======'glasses_state_timer_stop'====== Args={'priority': 0}
2026-08-11 12:49:44,114 : INFO : EventManager : Event: ======'glasses_homing_setup'====== Args={'priority': 0}
2026-08-11 12:49:44,114 : INFO : EventManager : Event: ======'glasses_home_pulse_timer_restart'====== Args={'priority': 0}
2026-08-11 12:49:44,114 : INFO : Timer.glasses_state_timer : Stopping Timer
2026-08-11 12:49:44,114 : INFO : EventManager : Event: ======'timer_glasses_state_timer_stopped'====== Args={'ticks': 10, 'ticks_remaining': 1}
2026-08-11 12:49:44,114 : INFO : EventManager : Event: ======'player_glasses_current_state'====== Args={'value': 0, 'prev_value': 3, 'change': -3, 'player_num': 1, 'source': 'glasses_mode'}
2026-08-11 12:49:44,114 : INFO : EventManager : Event: ======'player_glasses_homing_active'====== Args={'value': 1, 'prev_value': 0, 'change': 1, 'player_num': 1, 'source': 'glasses_mode'}
2026-08-11 12:49:44,115 : INFO : EventManager : Event: ======'player_glasses_home_start_pos'====== Args={'value': 3, 'prev_value': 1, 'change': 2, 'player_num': 1, 'source': 'glasses_mode'}
2026-08-11 12:49:44,115 : INFO : Timer.glasses_home_pulse_timer : Starting Timer.
2026-08-11 12:49:44,115 : INFO : EventManager : Event: ======'timer_glasses_home_pulse_timer_started'====== Args={'ticks': 0, 'ticks_remaining': 10}
2026-08-11 12:49:44,115 : INFO : EventManager : Event: ======'timer_glasses_home_pulse_timer_tick'====== Args={'ticks': 0, 'ticks_remaining': 10}
2026-08-11 12:49:44,115 : INFO : EventManager : Event: ======'glasses_home_pulse'====== Args={'priority': 0}
2026-08-11 12:49:44,115 : INFO : coil.c_16_varitarget_reset : Pulsing Driver for 5ms (1.0 pulse_power)
2026-08-11 12:49:44,116 : INFO : EventManager : Event: ======'player_glasses_home_pulse_count'====== Args={'value': 1, 'prev_value': 0, 'change': 1, 'player_num': 1, 'source': 'glasses_mode'}
2026-08-11 12:49:44,143 : INFO : SwitchController : <<<<<<< 's_64_varitarget_position_1' active >>>>>>>
2026-08-11 12:49:44,143 : INFO : EventManager : Event: ======'playfield_active'====== Args={'source': 'varitarget_p1'}
2026-08-11 12:49:44,143 : INFO : EventManager : Event: ======'unexpected_ball_on_playfield'====== Args={}
2026-08-11 12:49:44,143 : INFO : EventManager : Event: ======'s_64_varitarget_position_1_active'====== Args={}
2026-08-11 12:49:44,143 : INFO : EventManager : Event: ======'sw_vari'====== Args={}
2026-08-11 12:49:44,143 : INFO : EventManager : Event: ======'machine_var_audits_switches_s_64_varitarget_position_1'====== Args={'value': 11058, 'prev_value': 11057, 'change': 1}
2026-08-11 12:49:44,144 : INFO : SwitchController : <<<<<<< 's_64_varitarget_position_1' inactive >>>>>>>
2026-08-11 12:49:44,144 : INFO : EventManager : Event: ======'glasses_pending_position_1'====== Args={'priority': 0}
2026-08-11 12:49:44,144 : INFO : EventManager : Event: ======'machine_var_audits_shots_varitarget_p1'====== Args={'value': 11050, 'prev_value': 11049, 'change': 1}
2026-08-11 12:49:44,144 : INFO : EventManager : Event: ======'varitarget_p1_hit'====== Args={'profile': 'default', 'state': 'lit', 'advancing': False}
2026-08-11 12:49:44,144 : INFO : EventManager : Event: ======'varitarget_p1_default_hit'====== Args={'profile': 'default', 'state': 'lit', 'advancing': False}
2026-08-11 12:49:44,144 : INFO : EventManager : Event: ======'varitarget_p1_default_lit_hit'====== Args={'profile': 'default', 'state': 'lit', 'advancing': False}
2026-08-11 12:49:44,145 : INFO : EventManager : Event: ======'varitarget_p1_lit_hit'====== Args={'profile': 'default', 'state': 'lit', 'advancing': False}
2026-08-11 12:49:44,145 : INFO : EventManager : Event: ======'varitarget_position_changed'====== Args={'priority': 0}
2026-08-11 12:49:44,145 : INFO : EventManager : Event: ======'varitarget_reset_stop'====== Args={'priority': 0}
2026-08-11 12:49:44,145 : INFO : EventManager : Event: ======'varitarget_reset_complete'====== Args={'priority': 0}
2026-08-11 12:49:44,145 : INFO : EventManager : Event: ======'player_varitarget_position'====== Args={'value': 1, 'prev_value': 3, 'change': -2, 'player_num': 1, 'source': 'base'}
2026-08-11 12:49:44,145 : INFO : EventManager : Event: ======'glasses_position_confirm_restart'====== Args={'priority': 0}
2026-08-11 12:49:44,145 : INFO : EventManager : Event: ======'player_glasses_pending_position'====== Args={'value': 1, 'prev_value': 3, 'change': -2, 'player_num': 1, 'source': 'glasses_mode'}
2026-08-11 12:49:44,145 : INFO : EventManager : Event: ======'player_glasses_mode_glasses_position_confirm_tick'====== Args={'value': 0, 'prev_value': 1, 'change': -1, 'player_num': 1}
2026-08-11 12:49:44,145 : INFO : Timer.glasses_position_confirm : Starting Timer.
2026-08-11 12:49:44,145 : INFO : EventManager : Event: ======'timer_glasses_position_confirm_started'====== Args={'ticks': 0, 'ticks_remaining': 1}
2026-08-11 12:49:44,145 : INFO : EventManager : Event: ======'timer_glasses_position_confirm_tick'====== Args={'ticks': 0, 'ticks_remaining': 1}
2026-08-11 12:49:44,146 : INFO : EventManager : Event: ======'varitarget_positions_hit'====== Args={'shot': 'varitarget_p1'}
2026-08-11 12:49:44,146 : INFO : EventManager : Event: ======'varitarget_positions_lit_hit'====== Args={'shot': 'varitarget_p1'}
2026-08-11 12:49:44,146 : INFO : EventManager : Event: ======'varitarget_update_stable'====== Args={'priority': 0}
2026-08-11 12:49:44,146 : INFO : EventManager : Event: ======'player_varitarget_stable_position'====== Args={'value': 1, 'prev_value': 3, 'change': -2, 'player_num': 1, 'source': 'base'}
2026-08-11 12:49:44,146 : INFO : Timer.varitarget_reset_timer : Stopping Timer
2026-08-11 12:49:44,146 : INFO : EventManager : Event: ======'timer_varitarget_reset_timer_stopped'====== Args={'ticks': 24, 'ticks_remaining': 999975}
2026-08-11 12:49:44,146 : INFO : EventManager : Event: ======'player_score'====== Args={'value': 3607646, 'prev_value': 3607604, 'change': 42, 'player_num': 1, 'source': 'base'}
2026-08-11 12:49:44,303 : INFO : EventManager : Event: ======'player_glasses_mode_glasses_home_pulse_timer_tick'====== Args={'value': 1, 'prev_value': 0, 'change': 1, 'player_num': 1}
2026-08-11 12:49:44,303 : INFO : EventManager : Event: ======'timer_glasses_home_pulse_timer_tick'====== Args={'ticks': 1, 'ticks_remaining': 9}
2026-08-11 12:49:44,303 : INFO : EventManager : Event: ======'glasses_home_pulse'====== Args={'priority': 0}
2026-08-11 12:49:44,304 : INFO : coil.c_16_varitarget_reset : Pulsing Driver for 5ms (1.0 pulse_power)
2026-08-11 12:49:44,304 : INFO : EventManager : Event: ======'player_glasses_home_pulse_count'====== Args={'value': 2, 'prev_value': 1, 'change': 1, 'player_num': 1, 'source': 'glasses_mode'}
2026-08-11 12:49:44,510 : INFO : EventManager : Event: ======'player_glasses_mode_glasses_home_pulse_timer_tick'====== Args={'value': 2, 'prev_value': 1, 'change': 1, 'player_num': 1}
2026-08-11 12:49:44,510 : INFO : EventManager : Event: ======'timer_glasses_home_pulse_timer_tick'====== Args={'ticks': 2, 'ticks_remaining': 8}
2026-08-11 12:49:44,511 : INFO : EventManager : Event: ======'glasses_home_pulse'====== Args={'priority': 0}
2026-08-11 12:49:44,511 : INFO : coil.c_16_varitarget_reset : Pulsing Driver for 5ms (1.0 pulse_power)
2026-08-11 12:49:44,511 : INFO : EventManager : Event: ======'player_glasses_home_pulse_count'====== Args={'value': 3, 'prev_value': 2, 'change': 1, 'player_num': 1, 'source': 'glasses_mode'}
2026-08-11 12:49:44,717 : INFO : EventManager : Event: ======'player_glasses_mode_glasses_home_pulse_timer_tick'====== Args={'value': 3, 'prev_value': 2, 'change': 1, 'player_num': 1}
2026-08-11 12:49:44,717 : INFO : EventManager : Event: ======'timer_glasses_home_pulse_timer_tick'====== Args={'ticks': 3, 'ticks_remaining': 7}
2026-08-11 12:49:44,717 : INFO : EventManager : Event: ======'glasses_home_pulse'====== Args={'priority': 0}
2026-08-11 12:49:44,717 : INFO : coil.c_16_varitarget_reset : Pulsing Driver for 5ms (1.0 pulse_power)
2026-08-11 12:49:44,718 : INFO : EventManager : Event: ======'player_glasses_home_pulse_count'====== Args={'value': 4, 'prev_value': 3, 'change': 1, 'player_num': 1, 'source': 'glasses_mode'}
2026-08-11 12:49:44,911 : INFO : EventManager : Event: ======'player_glasses_mode_glasses_home_pulse_timer_tick'====== Args={'value': 4, 'prev_value': 3, 'change': 1, 'player_num': 1}
2026-08-11 12:49:44,912 : INFO : EventManager : Event: ======'timer_glasses_home_pulse_timer_tick'====== Args={'ticks': 4, 'ticks_remaining': 6}
2026-08-11 12:49:44,912 : INFO : EventManager : Event: ======'glasses_home_pulse'====== Args={'priority': 0}
2026-08-11 12:49:44,912 : INFO : coil.c_16_varitarget_reset : Pulsing Driver for 5ms (1.0 pulse_power)
2026-08-11 12:49:44,912 : INFO : EventManager : Event: ======'player_glasses_home_pulse_count'====== Args={'value': 5, 'prev_value': 4, 'change': 1, 'player_num': 1, 'source': 'glasses_mode'}
2026-08-11 12:49:45,117 : INFO : EventManager : Event: ======'player_glasses_mode_glasses_home_pulse_timer_tick'====== Args={'value': 5, 'prev_value': 4, 'change': 1, 'player_num': 1}
2026-08-11 12:49:45,117 : INFO : EventManager : Event: ======'timer_glasses_home_pulse_timer_tick'====== Args={'ticks': 5, 'ticks_remaining': 5}
2026-08-11 12:49:45,118 : INFO : EventManager : Event: ======'glasses_home_pulse'====== Args={'priority': 0}
2026-08-11 12:49:45,118 : INFO : coil.c_16_varitarget_reset : Pulsing Driver for 5ms (1.0 pulse_power)
2026-08-11 12:49:45,118 : INFO : EventManager : Event: ======'player_glasses_home_pulse_count'====== Args={'value': 6, 'prev_value': 5, 'change': 1, 'player_num': 1, 'source': 'glasses_mode'}
2026-08-11 12:49:45,149 : INFO : EventManager : Event: ======'player_glasses_mode_glasses_position_confirm_tick'====== Args={'value': 1, 'prev_value': 0, 'change': 1, 'player_num': 1}
2026-08-11 12:49:45,149 : INFO : Timer.glasses_position_confirm : Timer Complete
2026-08-11 12:49:45,150 : INFO : Timer.glasses_position_confirm : Stopping Timer
2026-08-11 12:49:45,150 : INFO : EventManager : Event: ======'timer_glasses_position_confirm_stopped'====== Args={'ticks': 1, 'ticks_remaining': 1}
2026-08-11 12:49:45,150 : INFO : EventManager : Event: ======'timer_glasses_position_confirm_complete'====== Args={'ticks': 1, 'ticks_remaining': 1}
2026-08-11 12:49:45,150 : INFO : EventManager : Event: ======'varitarget_position_1_confirmed'====== Args={'priority': 0}
2026-08-11 12:49:45,150 : INFO : EventManager : Event: ======'varitarget_home_success'====== Args={'priority': 0}
2026-08-11 12:49:45,150 : INFO : EventManager : Event: ======'glasses_enter_state_1'====== Args={'priority': 0}
2026-08-11 12:49:45,150 : INFO : EventManager : Event: ======'glasses_home_pulse_timer_stop'====== Args={'priority': 0}
2026-08-11 12:49:45,150 : INFO : EventManager : Event: ======'glasses_homing_cancel'====== Args={'priority': 0}
2026-08-11 12:49:45,150 : INFO : Timer.glasses_home_pulse_timer : Stopping Timer
2026-08-11 12:49:45,150 : INFO : EventManager : Event: ======'timer_glasses_home_pulse_timer_stopped'====== Args={'ticks': 5, 'ticks_remaining': 5}
2026-08-11 12:49:45,151 : INFO : EventManager : Event: ======'player_glasses_homing_active'====== Args={'value': 0, 'prev_value': 1, 'change': -1, 'player_num': 1, 'source': 'glasses_mode'}
2026-08-11 12:49:45,151 : INFO : EventManager : Event: ======'glasses_stop_all_shows'====== Args={'priority': 0}
2026-08-11 12:49:45,151 : INFO : EventManager : Event: ======'glasses_state_timer_stop'====== Args={'priority': 0}
2026-08-11 12:49:45,151 : INFO : EventManager : Event: ======'glasses_home_pulse_timer_stop'====== Args={'priority': 0}
2026-08-11 12:49:45,151 : INFO : EventManager : Event: ======'glasses_homing_cancel'====== Args={'priority': 0}
2026-08-11 12:49:45,151 : INFO : EventManager : Event: ======'player_glasses_current_state'====== Args={'value': 1, 'prev_value': 0, 'change': 1, 'player_num': 1, 'source': 'glasses_mode'}
2026-08-11 12:49:45,151 : INFO : EventManager : Event: ======'player_glasses_confirmed_position'====== Args={'value': 1, 'prev_value': 3, 'change': -2, 'player_num': 1, 'source': 'glasses_mode'}
2026-08-11 12:49:45,152 : INFO : Timer.glasses_state_timer : Stopping Timer
2026-08-11 12:49:45,152 : INFO : EventManager : Event: ======'timer_glasses_state_timer_stopped'====== Args={'ticks': 10, 'ticks_remaining': 1}
2026-08-11 12:49:45,152 : INFO : Timer.glasses_home_pulse_timer : Stopping Timer
2026-08-11 12:49:45,152 : INFO : EventManager : Event: ======'timer_glasses_home_pulse_timer_stopped'====== Args={'ticks': 5, 'ticks_remaining': 5}
2026-08-11 12:49:48,518 : INFO : SwitchController : <<<<<<< 's_29_trough_6' active >>>>>>>
2026-08-11 12:49:48,518 : INFO : EventManager : Event: ======'machine_var_audits_switches_s_29_trough_6'====== Args={'value': 1359, 'prev_value': 1358, 'change': 1}
2026-08-11 12:49:48,806 : INFO : SwitchController : <<<<<<< 's_29_trough_6' inactive >>>>>>>
2026-08-11 12:49:48,823 : INFO : SwitchController : <<<<<<< 's_28_trough_5' active >>>>>>>
2026-08-11 12:49:48,823 : INFO : EventManager : Event: ======'machine_var_audits_switches_s_28_trough_5'====== Args={'value': 1259, 'prev_value': 1258, 'change': 1}
2026-08-11 12:49:48,997 : INFO : SwitchController : <<<<<<< 's_28_trough_5' inactive >>>>>>>
2026-08-11 12:49:49,013 : INFO : SwitchController : <<<<<<< 's_27_trough_4' active >>>>>>>
2026-08-11 12:49:49,013 : INFO : EventManager : Event: ======'machine_var_audits_switches_s_27_trough_4'====== Args={'value': 1469, 'prev_value': 1468, 'change': 1}
2026-08-11 12:49:49,139 : INFO : SwitchController : <<<<<<< 's_27_trough_4' inactive >>>>>>>
2026-08-11 12:49:49,155 : INFO : SwitchController : <<<<<<< 's_26_trough_3' active >>>>>>>
2026-08-11 12:49:49,155 : INFO : EventManager : Event: ======'machine_var_audits_switches_s_26_trough_3'====== Args={'value': 1890, 'prev_value': 1889, 'change': 1}
2026-08-11 12:49:52,649 : INFO : ball_device.bd_trough : State: failed_confirm
2026-08-11 12:49:52,649 : INFO : ball_device.bd_trough : Got timeout (10.0s) before confirm from <ball_device.bd_plunger>
2026-08-11 12:49:52,650 : INFO : ball_device.bd_plunger : Expecting incoming ball which may skip the device.
2026-08-11 12:49:52,650 : INFO : EventManager : Event: ======'balldevice_bd_plunger_ejecting_ball'====== Args={'balls': 1, 'target': <playfield.playfield>, 'source': <ball_device.bd_plunger>, 'mechanical_eject': False, 'num_attempts': 1}
2026-08-11 12:49:52,650 : INFO : ball_device.bd_trough : Got unknown balls. Assuming a ball returned.
2026-08-11 12:49:52,650 : INFO : EventManager : Event: ======'balldevice_bd_trough_ball_eject_failed'====== Args={'target': <ball_device.bd_plunger>, 'balls': 1, 'retry': True, 'num_attempts': 2}
2026-08-11 12:49:52,651 : INFO : EventManager : Event: ======'balldevice_bd_plunger_ball_eject_failed'====== Args={'target': <playfield.playfield>, 'balls': 1, 'retry': True, 'num_attempts': 1}
2026-08-11 12:49:52,652 : INFO : ball_device.bd_trough : State: waiting_for_target_ready
2026-08-11 12:49:52,652 : INFO : EventManager : Event: ======'balldevice_bd_trough_ball_eject_attempt'====== Args={'balls': 1, 'target': <ball_device.bd_plunger>, 'source': <ball_device.bd_trough>, 'mechanical_eject': True, 'num_attempts': 2}
2026-08-11 12:49:52,652 : INFO : ball_device.bd_plunger : No longer expecting incoming ball which may skip the device.
2026-08-11 12:49:52,652 : INFO : ball_device.bd_trough : State: ejecting
2026-08-11 12:49:52,652 : INFO : ball_device.bd_trough : Ejecting ball to <ball_device.bd_plunger>
2026-08-11 12:49:52,652 : INFO : EventManager : Event: ======'balldevice_bd_trough_ejecting_ball'====== Args={'balls': 1, 'target': <ball_device.bd_plunger>, 'source': <ball_device.bd_trough>, 'mechanical_eject': True, 'num_attempts': 2}
2026-08-11 12:49:52,653 : INFO : ball_device.bd_plunger : State: waiting_for_ball
2026-08-11 12:49:52,653 : INFO : ball_device.bd_trough : Wait for ball to leave device
2026-08-11 12:49:52,653 : INFO : coil.c_02_trough_eject : Pulsing Driver for 16ms (1.0 pulse_power)
2026-08-11 12:49:52,681 : INFO : SwitchController : <<<<<<< 's_24_trough_1' inactive >>>>>>>
2026-08-11 12:49:52,681 : INFO : SwitchController : <<<<<<< 's_30_trough_jam' active >>>>>>>
2026-08-11 12:49:52,681 : INFO : EventManager : Event: ======'machine_var_audits_switches_s_30_trough_jam'====== Args={'value': 2225, 'prev_value': 2224, 'change': 1}
2026-08-11 12:49:52,683 : INFO : ball_device.bd_trough : State: ball_left
2026-08-11 12:49:52,683 : INFO : ball_device.bd_trough : Ball left
2026-08-11 12:49:52,683 : INFO : ball_device.bd_trough : Wait for confirm with timeout 10.0
2026-08-11 12:49:52,713 : INFO : SwitchController : <<<<<<< 's_30_trough_jam' inactive >>>>>>>
2026-08-11 12:49:52,983 : INFO : SwitchController : <<<<<<< 's_25_trough_2' inactive >>>>>>>
2026-08-11 12:49:52,983 : INFO : SwitchController : <<<<<<< 's_26_trough_3' inactive >>>>>>>
2026-08-11 12:49:53,014 : INFO : SwitchController : <<<<<<< 's_24_trough_1' active >>>>>>>
2026-08-11 12:49:53,014 : INFO : EventManager : Event: ======'machine_var_audits_switches_s_24_trough_1'====== Args={'value': 2225, 'prev_value': 2224, 'change': 1}
2026-08-11 12:49:53,014 : INFO : SwitchController : <<<<<<< 's_25_trough_2' active >>>>>>>
2026-08-11 12:49:53,015 : INFO : EventManager : Event: ======'machine_var_audits_switches_s_25_trough_2'====== Args={'value': 2188, 'prev_value': 2187, 'change': 1}
2026-08-11 12:50:02,684 : INFO : ball_device.bd_trough : State: failed_confirm
2026-08-11 12:50:02,684 : INFO : ball_device.bd_trough : Got timeout (10.0s) before confirm from <ball_device.bd_plunger>
2026-08-11 12:50:02,685 : INFO : ball_device.bd_plunger : Expecting incoming ball which may skip the device.
2026-08-11 12:50:02,685 : INFO : EventManager : Event: ======'balldevice_bd_plunger_ejecting_ball'====== Args={'balls': 1, 'target': <playfield.playfield>, 'source': <ball_device.bd_plunger>, 'mechanical_eject': False, 'num_attempts': 1}
2026-08-11 12:50:06,685 : INFO : ball_device.bd_plunger : Got confirm for skipping ball.
2026-08-11 12:50:06,685 : INFO : ball_device.bd_plunger : Eject successful
2026-08-11 12:50:06,685 : INFO : EventManager : Event: ======'balldevice_bd_plunger_ball_eject_success'====== Args={'balls': 1, 'target': <playfield.playfield>}
2026-08-11 12:50:06,685 : INFO : EventManager : Event: ======'balldevice_playfield_ball_enter'====== Args={'new_balls': 1, 'unclaimed_balls': 1, 'device': <playfield.playfield>}
2026-08-11 12:50:06,685 : INFO : EventManager : Event: ======'playfield_ball_count_change'====== Args={'balls': 1, 'change': 1}
2026-08-11 12:50:06,686 : INFO : ball_device.bd_plunger : State: idle
2026-08-11 12:50:06,686 : INFO : ball_device.bd_trough : Eject successful
2026-08-11 12:50:06,686 : INFO : EventManager : Event: ======'balldevice_bd_trough_ball_eject_success'====== Args={'balls': 1, 'target': <ball_device.bd_plunger>}
2026-08-11 12:50:06,687 : INFO : EventManager : Event: ======'balldevice_bd_trough_ball_count_changed'====== Args={'balls': 2}
2026-08-11 12:50:06,687 : INFO : ball_device.bd_trough : State: idle
2026-08-11 12:50:08,206 : INFO : SwitchController : <<<<<<< 's_29_trough_6' active >>>>>>>
2026-08-11 12:50:08,206 : INFO : EventManager : Event: ======'machine_var_audits_switches_s_29_trough_6'====== Args={'value': 1360, 'prev_value': 1359, 'change': 1}
2026-08-11 12:50:08,221 : INFO : SwitchController : <<<<<<< 's_29_trough_6' inactive >>>>>>>
2026-08-11 12:50:08,269 : INFO : SwitchController : <<<<<<< 's_29_trough_6' active >>>>>>>
2026-08-11 12:50:08,269 : INFO : EventManager : Event: ======'machine_var_audits_switches_s_29_trough_6'====== Args={'value': 1361, 'prev_value': 1360, 'change': 1}
2026-08-11 12:50:08,763 : INFO : SwitchController : <<<<<<< 's_29_trough_6' inactive >>>>>>>
2026-08-11 12:50:08,795 : INFO : SwitchController : <<<<<<< 's_28_trough_5' active >>>>>>>
2026-08-11 12:50:08,795 : INFO : EventManager : Event: ======'machine_var_audits_switches_s_28_trough_5'====== Args={'value': 1260, 'prev_value': 1259, 'change': 1}
2026-08-11 12:50:08,970 : INFO : SwitchController : <<<<<<< 's_28_trough_5' inactive >>>>>>>
2026-08-11 12:50:09,001 : INFO : SwitchController : <<<<<<< 's_27_trough_4' active >>>>>>>
2026-08-11 12:50:09,001 : INFO : EventManager : Event: ======'machine_var_audits_switches_s_27_trough_4'====== Args={'value': 1470, 'prev_value': 1469, 'change': 1}
2026-08-11 12:50:09,127 : INFO : SwitchController : <<<<<<< 's_27_trough_4' inactive >>>>>>>
2026-08-11 12:50:09,142 : INFO : SwitchController : <<<<<<< 's_26_trough_3' active >>>>>>>
2026-08-11 12:50:09,142 : INFO : EventManager : Event: ======'machine_var_audits_switches_s_26_trough_3'====== Args={'value': 1891, 'prev_value': 1890, 'change': 1}
2026-08-11 12:50:09,633 : INFO : EventManager : Event: ======'balldevice_bd_trough_ball_count_changed'====== Args={'balls': 3}
2026-08-11 12:50:09,633 : INFO : ball_device.bd_trough : Received unexpected ball
2026-08-11 12:50:09,633 : INFO : EventManager : Event: ======'balldevice_captured_from_playfield'====== Args={'balls': 1}
2026-08-11 12:50:09,634 : INFO : EventManager : Event: ======'sw_playfield_active'====== Args={'balls': 1}
2026-08-11 12:50:09,634 : INFO : EventManager : Event: ======'playfield_ball_count_change'====== Args={'balls': 0, 'change': -1}
2026-08-11 12:50:09,635 : INFO : EventManager : Event: ======'balldevice_bd_trough_ball_enter'====== Args={'new_balls': 1, 'unclaimed_balls': 1, 'new_available_balls': 1, 'device': <ball_device.bd_trough>}
2026-08-11 12:50:09,635 : INFO : EventManager : Event: ======'ball_drain'====== Args={'device': <ball_device.bd_trough>, 'balls': 1}
2026-08-11 12:50:09,636 : INFO : EventManager : Event: ======'ball_will_end'====== Args={}
2026-08-11 12:50:09,636 : INFO : EventManager : Event: ======'balldevice_balls_available'====== Args={}
2026-08-11 12:50:09,636 : INFO : EventManager : Event: ======'balldevice_bd_trough_ball_entered'====== Args={'new_balls': 1, 'device': <ball_device.bd_trough>}
2026-08-11 12:50:09,637 : INFO : EventManager : Event: ======'mode_stars_mode_will_stop'====== Args={}
2026-08-11 12:50:09,637 : INFO : EventManager : Event: ======'mode_stars_mode_stopping'====== Args={}
2026-08-11 12:50:09,637 : INFO : EventManager : Event: ======'mode_skillshot_will_stop'====== Args={}
2026-08-11 12:50:09,637 : INFO : EventManager : Event: ======'mode_skillshot_stopping'====== Args={}
2026-08-11 12:50:09,637 : INFO : EventManager : Event: ======'mode_spinner_2x_qualify_will_stop'====== Args={}
2026-08-11 12:50:09,637 : INFO : EventManager : Event: ======'mode_spinner_2x_qualify_stopping'====== Args={}
2026-08-11 12:50:09,637 : INFO : EventManager : Event: ======'mode_base_will_stop'====== Args={}
2026-08-11 12:50:09,637 : INFO : EventManager : Event: ======'mode_base_stopping'====== Args={}
2026-08-11 12:50:09,638 : INFO : Mode.spinner_2x_qualify : Stopped.
2026-08-11 12:50:09,638 : INFO : EventManager : Event: ======'modes_active_modes_changed'====== Args={}
2026-08-11 12:50:09,638 : INFO : EventManager : Event: ======'mode_spinner_2x_qualify_stopped'====== Args={}
2026-08-11 12:50:09,638 : INFO : EventManager : Event: ======'clear'====== Args={'key': 'spinner_2x_qualify'}
2026-08-11 12:50:09,638 : INFO : Mode.skillshot : Stopped.
2026-08-11 12:50:09,638 : INFO : EventManager : Event: ======'modes_active_modes_changed'====== Args={}
2026-08-11 12:50:09,639 : INFO : EventManager : Event: ======'mode_skillshot_stopped'====== Args={}
2026-08-11 12:50:09,639 : INFO : EventManager : Event: ======'clear'====== Args={'key': 'skillshot'}
2026-08-11 12:50:09,640 : INFO : Mode.stars_mode : Stopped.
2026-08-11 12:50:09,640 : INFO : EventManager : Event: ======'modes_active_modes_changed'====== Args={}
2026-08-11 12:50:09,640 : INFO : EventManager : Event: ======'mode_stars_mode_stopped'====== Args={}
2026-08-11 12:50:09,640 : INFO : EventManager : Event: ======'clear'====== Args={'key': 'stars_mode'}
2026-08-11 12:50:09,640 : INFO : EventManager : Event: ======'mode_glasses_mode_will_stop'====== Args={}
2026-08-11 12:50:09,640 : INFO : EventManager : Event: ======'mode_glasses_mode_stopping'====== Args={}
2026-08-11 12:50:09,640 : INFO : EventManager : Event: ======'mode_super_pops_will_stop'====== Args={}
2026-08-11 12:50:09,640 : INFO : EventManager : Event: ======'mode_super_pops_stopping'====== Args={}
2026-08-11 12:50:09,640 : INFO : Timer.varitarget_reset_timer : Stopping Timer
2026-08-11 12:50:09,640 : INFO : EventManager : Event: ======'timer_varitarget_reset_timer_stopped'====== Args={'ticks': 24, 'ticks_remaining': 999975}
2026-08-11 12:50:09,640 : INFO : Timer.varitarget_hit_settle : Stopping Timer
2026-08-11 12:50:09,640 : INFO : EventManager : Event: ======'timer_varitarget_hit_settle_stopped'====== Args={'ticks': 0, 'ticks_remaining': 1}
2026-08-11 12:50:09,640 : INFO : Mode.base : Stopped.
2026-08-11 12:50:09,641 : INFO : EventManager : Event: ======'modes_active_modes_changed'====== Args={}
2026-08-11 12:50:09,643 : INFO : EventManager : Event: ======'mode_base_stopped'====== Args={}
2026-08-11 12:50:09,643 : INFO : EventManager : Event: ======'clear'====== Args={'key': 'base'}
2026-08-11 12:50:09,643 : INFO : EventManager : Event: ======'mode_shotgun_will_stop'====== Args={}
2026-08-11 12:50:09,643 : INFO : EventManager : Event: ======'mode_shotgun_stopping'====== Args={}
2026-08-11 12:50:09,645 : INFO : Timer.varitarget_reset_timer : Stopping Timer
2026-08-11 12:50:09,645 : INFO : EventManager : Event: ======'timer_varitarget_reset_timer_stopped'====== Args={'ticks': 24, 'ticks_remaining': 999975}
2026-08-11 12:50:09,645 : INFO : Timer.varitarget_hit_settle : Stopping Timer
2026-08-11 12:50:09,645 : INFO : EventManager : Event: ======'timer_varitarget_hit_settle_stopped'====== Args={'ticks': 0, 'ticks_remaining': 1}
2026-08-11 12:50:09,645 : INFO : Mode.super_pops : Stopped.
2026-08-11 12:50:09,645 : INFO : EventManager : Event: ======'modes_active_modes_changed'====== Args={}
2026-08-11 12:50:09,645 : INFO : EventManager : Event: ======'mode_super_pops_stopped'====== Args={}
2026-08-11 12:50:09,645 : INFO : EventManager : Event: ======'clear'====== Args={'key': 'super_pops'}
2026-08-11 12:50:09,645 : INFO : Timer.super_pops_mult_timer : Stopping Timer
2026-08-11 12:50:09,645 : INFO : EventManager : Event: ======'timer_super_pops_mult_timer_stopped'====== Args={'ticks': 0, 'ticks_remaining': 0}
2026-08-11 12:50:09,646 : INFO : Timer.stars_s80_hold : Stopping Timer
2026-08-11 12:50:09,646 : INFO : EventManager : Event: ======'timer_stars_s80_hold_stopped'====== Args={'ticks': 0, 'ticks_remaining': 1}
2026-08-11 12:50:09,646 : INFO : Timer.stars_10x_timer : Stopping Timer
2026-08-11 12:50:09,646 : INFO : EventManager : Event: ======'timer_stars_10x_timer_stopped'====== Args={'ticks': 0, 'ticks_remaining': 0}
2026-08-11 12:50:09,646 : INFO : EventManager : Event: ======'ball_ending'====== Args={}
2026-08-11 12:50:09,647 : INFO : EventManager : Event: ======'glasses_stop_all_shows'====== Args={'priority': 0}
2026-08-11 12:50:09,647 : INFO : EventManager : Event: ======'glasses_position_confirm_stop'====== Args={'priority': 0}
2026-08-11 12:50:09,647 : INFO : EventManager : Event: ======'glasses_state_timer_stop'====== Args={'priority': 0}
2026-08-11 12:50:09,647 : INFO : EventManager : Event: ======'glasses_home_pulse_timer_stop'====== Args={'priority': 0}
2026-08-11 12:50:09,647 : INFO : EventManager : Event: ======'glasses_homing_cancel'====== Args={'priority': 0}
2026-08-11 12:50:09,647 : INFO : Timer.glasses_position_confirm : Stopping Timer
2026-08-11 12:50:09,647 : INFO : EventManager : Event: ======'timer_glasses_position_confirm_stopped'====== Args={'ticks': 1, 'ticks_remaining': 1}
2026-08-11 12:50:09,647 : INFO : Timer.glasses_state_timer : Stopping Timer
2026-08-11 12:50:09,647 : INFO : EventManager : Event: ======'timer_glasses_state_timer_stopped'====== Args={'ticks': 10, 'ticks_remaining': 1}
2026-08-11 12:50:09,647 : INFO : Timer.glasses_home_pulse_timer : Stopping Timer
2026-08-11 12:50:09,647 : INFO : EventManager : Event: ======'timer_glasses_home_pulse_timer_stopped'====== Args={'ticks': 5, 'ticks_remaining': 5}
2026-08-11 12:50:09,647 : INFO : Mode.glasses_mode : Stopped.
2026-08-11 12:50:09,647 : INFO : EventManager : Event: ======'modes_active_modes_changed'====== Args={}
2026-08-11 12:50:09,648 : INFO : EventManager : Event: ======'mode_glasses_mode_stopped'====== Args={}
2026-08-11 12:50:09,648 : INFO : EventManager : Event: ======'clear'====== Args={'key': 'glasses_mode'}
2026-08-11 12:50:09,648 : INFO : Timer.glasses_position_confirm : Stopping Timer
2026-08-11 12:50:09,648 : INFO : EventManager : Event: ======'timer_glasses_position_confirm_stopped'====== Args={'ticks': 1, 'ticks_remaining': 1}
2026-08-11 12:50:09,648 : INFO : Timer.glasses_state_timer : Stopping Timer
2026-08-11 12:50:09,648 : INFO : EventManager : Event: ======'timer_glasses_state_timer_stopped'====== Args={'ticks': 10, 'ticks_remaining': 1}
2026-08-11 12:50:09,648 : INFO : Timer.glasses_home_pulse_timer : Stopping Timer
2026-08-11 12:50:09,648 : INFO : EventManager : Event: ======'timer_glasses_home_pulse_timer_stopped'====== Args={'ticks': 5, 'ticks_remaining': 5}
2026-08-11 12:50:09,648 : INFO : Timer.glasses_state_timer : Stopping Timer
2026-08-11 12:50:09,648 : INFO : EventManager : Event: ======'timer_glasses_state_timer_stopped'====== Args={'ticks': 10, 'ticks_remaining': 1}
2026-08-11 12:50:09,649 : INFO : Timer.glasses_home_pulse_timer : Stopping Timer
2026-08-11 12:50:09,649 : INFO : EventManager : Event: ======'timer_glasses_home_pulse_timer_stopped'====== Args={'ticks': 5, 'ticks_remaining': 5}
2026-08-11 12:50:09,649 : INFO : Timer.glasses_position_confirm : Stopping Timer
2026-08-11 12:50:09,649 : INFO : EventManager : Event: ======'timer_glasses_position_confirm_stopped'====== Args={'ticks': 1, 'ticks_remaining': 1}
2026-08-11 12:50:09,649 : INFO : Timer.top_lane_a_countdown_timer : Stopping Timer
2026-08-11 12:50:09,649 : INFO : EventManager : Event: ======'timer_top_lane_a_countdown_timer_stopped'====== Args={'ticks': 30, 'ticks_remaining': 0}
2026-08-11 12:50:09,649 : INFO : Timer.top_lane_b_countdown_timer : Stopping Timer
2026-08-11 12:50:09,649 : INFO : EventManager : Event: ======'timer_top_lane_b_countdown_timer_stopped'====== Args={'ticks': 30, 'ticks_remaining': 0}
2026-08-11 12:50:09,649 : INFO : Timer.fourbank_reset_check_timer : Stopping Timer
2026-08-11 12:50:09,649 : INFO : EventManager : Event: ======'timer_fourbank_reset_check_timer_stopped'====== Args={'ticks': 0, 'ticks_remaining': 0}
2026-08-11 12:50:09,649 : INFO : Timer.fourbank_reset_retry_timer : Stopping Timer
2026-08-11 12:50:09,649 : INFO : EventManager : Event: ======'timer_fourbank_reset_retry_timer_stopped'====== Args={'ticks': 0, 'ticks_remaining': 0}
2026-08-11 12:50:09,649 : INFO : Timer.threebank_reset_check_timer : Stopping Timer
2026-08-11 12:50:09,649 : INFO : EventManager : Event: ======'timer_threebank_reset_check_timer_stopped'====== Args={'ticks': 0, 'ticks_remaining': 0}
2026-08-11 12:50:09,649 : INFO : Timer.threebank_reset_retry_timer : Stopping Timer
2026-08-11 12:50:09,649 : INFO : EventManager : Event: ======'timer_threebank_reset_retry_timer_stopped'====== Args={'ticks': 0, 'ticks_remaining': 0}
2026-08-11 12:50:09,649 : INFO : Mode.shotgun : Stopped.
2026-08-11 12:50:09,650 : INFO : EventManager : Event: ======'modes_active_modes_changed'====== Args={}
2026-08-11 12:50:09,651 : INFO : EventManager : Event: ======'mode_shotgun_stopped'====== Args={}
2026-08-11 12:50:09,651 : INFO : EventManager : Event: ======'clear'====== Args={'key': 'shotgun'}
2026-08-11 12:50:09,651 : INFO : Timer.threebank_drop_2_trip_timer : Stopping Timer
2026-08-11 12:50:09,651 : INFO : EventManager : Event: ======'timer_threebank_drop_2_trip_timer_stopped'====== Args={'ticks': 0, 'ticks_remaining': 0}
2026-08-11 12:50:09,651 : INFO : Timer.drop_1_4_7_step_3_timer : Stopping Timer
2026-08-11 12:50:09,651 : INFO : EventManager : Event: ======'timer_drop_1_4_7_step_3_timer_stopped'====== Args={'ticks': 0, 'ticks_remaining': 0}
2026-08-11 12:50:09,651 : INFO : Timer.top_lane_a_countdown_timer : Stopping Timer
2026-08-11 12:50:09,651 : INFO : EventManager : Event: ======'timer_top_lane_a_countdown_timer_stopped'====== Args={'ticks': 30, 'ticks_remaining': 0}
2026-08-11 12:50:09,651 : INFO : Timer.fourbank_reset_retry_timer : Stopping Timer
2026-08-11 12:50:09,651 : INFO : EventManager : Event: ======'timer_fourbank_reset_retry_timer_stopped'====== Args={'ticks': 0, 'ticks_remaining': 0}
2026-08-11 12:50:09,651 : INFO : Timer.fourbank_drop_2_trip_timer : Stopping Timer
2026-08-11 12:50:09,651 : INFO : EventManager : Event: ======'timer_fourbank_drop_2_trip_timer_stopped'====== Args={'ticks': 0, 'ticks_remaining': 0}
2026-08-11 12:50:09,651 : INFO : Timer.threebank_drop_1_trip_timer : Stopping Timer
2026-08-11 12:50:09,651 : INFO : EventManager : Event: ======'timer_threebank_drop_1_trip_timer_stopped'====== Args={'ticks': 0, 'ticks_remaining': 0}
2026-08-11 12:50:09,652 : INFO : Timer.threebank_drop_3_trip_timer : Stopping Timer
2026-08-11 12:50:09,652 : INFO : EventManager : Event: ======'timer_threebank_drop_3_trip_timer_stopped'====== Args={'ticks': 0, 'ticks_remaining': 0}
2026-08-11 12:50:09,652 : INFO : Timer.drop_1_4_7_step_4_timer : Stopping Timer
2026-08-11 12:50:09,652 : INFO : EventManager : Event: ======'timer_drop_1_4_7_step_4_timer_stopped'====== Args={'ticks': 0, 'ticks_remaining': 0}
2026-08-11 12:50:09,652 : INFO : Timer.top_lane_b_countdown_timer : Stopping Timer
2026-08-11 12:50:09,652 : INFO : EventManager : Event: ======'timer_top_lane_b_countdown_timer_stopped'====== Args={'ticks': 30, 'ticks_remaining': 0}
2026-08-11 12:50:09,652 : INFO : Timer.threebank_reset_check_timer : Stopping Timer
2026-08-11 12:50:09,652 : INFO : EventManager : Event: ======'timer_threebank_reset_check_timer_stopped'====== Args={'ticks': 0, 'ticks_remaining': 0}
2026-08-11 12:50:09,652 : INFO : Timer.fourbank_drop_3_trip_timer : Stopping Timer
2026-08-11 12:50:09,652 : INFO : EventManager : Event: ======'timer_fourbank_drop_3_trip_timer_stopped'====== Args={'ticks': 0, 'ticks_remaining': 0}
2026-08-11 12:50:09,652 : INFO : Timer.drop_1_4_7_step_2_timer : Stopping Timer
2026-08-11 12:50:09,652 : INFO : EventManager : Event: ======'timer_drop_1_4_7_step_2_timer_stopped'====== Args={'ticks': 0, 'ticks_remaining': 0}
2026-08-11 12:50:09,652 : INFO : Timer.drop_1_4_7_ready_timer : Stopping Timer
2026-08-11 12:50:09,652 : INFO : EventManager : Event: ======'timer_drop_1_4_7_ready_timer_stopped'====== Args={'ticks': 0, 'ticks_remaining': 0}
2026-08-11 12:50:09,652 : INFO : Timer.fourbank_reset_check_timer : Stopping Timer
2026-08-11 12:50:09,652 : INFO : EventManager : Event: ======'timer_fourbank_reset_check_timer_stopped'====== Args={'ticks': 0, 'ticks_remaining': 0}
2026-08-11 12:50:09,652 : INFO : Timer.threebank_reset_retry_timer : Stopping Timer
2026-08-11 12:50:09,652 : INFO : EventManager : Event: ======'timer_threebank_reset_retry_timer_stopped'====== Args={'ticks': 0, 'ticks_remaining': 0}
2026-08-11 12:50:09,653 : INFO : EventManager : Event: ======'mode_resistance_will_stop'====== Args={}
2026-08-11 12:50:09,653 : INFO : EventManager : Event: ======'mode_resistance_stopping'====== Args={}
2026-08-11 12:50:09,653 : INFO : EventManager : Event: ======'mode_autoplunge_will_stop'====== Args={}
2026-08-11 12:50:09,653 : INFO : EventManager : Event: ======'mode_autoplunge_stopping'====== Args={}
2026-08-11 12:50:09,654 : INFO : Timer.t_auto_plunge : Stopping Timer
2026-08-11 12:50:09,654 : INFO : EventManager : Event: ======'timer_t_auto_plunge_stopped'====== Args={'ticks': 10, 'ticks_remaining': 0}
2026-08-11 12:50:09,654 : INFO : EventManager : Event: ======'mode_brian_combo_will_stop'====== Args={}
2026-08-11 12:50:09,654 : INFO : EventManager : Event: ======'mode_brian_combo_stopping'====== Args={}
2026-08-11 12:50:09,654 : INFO : EventManager : Event: ======'mode_awareness_will_stop'====== Args={}
2026-08-11 12:50:09,654 : INFO : EventManager : Event: ======'mode_awareness_stopping'====== Args={}
2026-08-11 12:50:09,654 : INFO : Mode.awareness : Stopped.
2026-08-11 12:50:09,654 : INFO : EventManager : Event: ======'modes_active_modes_changed'====== Args={}
2026-08-11 12:50:09,654 : INFO : EventManager : Event: ======'mode_awareness_stopped'====== Args={}
2026-08-11 12:50:09,654 : INFO : EventManager : Event: ======'clear'====== Args={'key': 'awareness'}
2026-08-11 12:50:09,655 : INFO : Mode.brian_combo : Stopped.
2026-08-11 12:50:09,655 : INFO : EventManager : Event: ======'modes_active_modes_changed'====== Args={}
2026-08-11 12:50:09,655 : INFO : EventManager : Event: ======'mode_brian_combo_stopped'====== Args={}
2026-08-11 12:50:09,655 : INFO : EventManager : Event: ======'clear'====== Args={'key': 'brian_combo'}
2026-08-11 12:50:09,655 : INFO : Mode.autoplunge : Stopped.
2026-08-11 12:50:09,655 : INFO : EventManager : Event: ======'modes_active_modes_changed'====== Args={}
2026-08-11 12:50:09,655 : INFO : EventManager : Event: ======'mode_autoplunge_stopped'====== Args={}
2026-08-11 12:50:09,655 : INFO : EventManager : Event: ======'clear'====== Args={'key': 'autoplunge'}
2026-08-11 12:50:09,655 : INFO : Timer.t_auto_plunge : Stopping Timer
2026-08-11 12:50:09,655 : INFO : EventManager : Event: ======'timer_t_auto_plunge_stopped'====== Args={'ticks': 10, 'ticks_remaining': 0}
2026-08-11 12:50:09,655 : INFO : Mode.resistance : Stopped.
2026-08-11 12:50:09,655 : INFO : EventManager : Event: ======'modes_active_modes_changed'====== Args={}
2026-08-11 12:50:09,656 : INFO : EventManager : Event: ======'mode_resistance_stopped'====== Args={}
2026-08-11 12:50:09,656 : INFO : EventManager : Event: ======'clear'====== Args={'key': 'resistance'}
2026-08-11 12:50:09,656 : INFO : Timer.right_inlane_countdown_timer : Stopping Timer
2026-08-11 12:50:09,656 : INFO : EventManager : Event: ======'timer_right_inlane_countdown_timer_stopped'====== Args={'ticks': 15, 'ticks_remaining': 0}
2026-08-11 12:50:09,656 : INFO : Timer.resistance_qual_lights_4_0_timer : Stopping Timer
2026-08-11 12:50:09,656 : INFO : EventManager : Event: ======'timer_resistance_qual_lights_4_0_timer_stopped'====== Args={'ticks': 4, 'ticks_remaining': 0}
2026-08-11 12:50:09,656 : INFO : Timer.state_3_resistance_active_timer : Stopping Timer
2026-08-11 12:50:09,656 : INFO : EventManager : Event: ======'timer_state_3_resistance_active_timer_stopped'====== Args={'ticks': 15, 'ticks_remaining': 0}
2026-08-11 12:50:09,656 : INFO : Timer.resistance_qual_lights_15_11_timer : Stopping Timer
2026-08-11 12:50:09,656 : INFO : EventManager : Event: ======'timer_resistance_qual_lights_15_11_timer_stopped'====== Args={'ticks': 4, 'ticks_remaining': 0}
2026-08-11 12:50:09,656 : INFO : Timer.state_2_resistance_active_timer : Stopping Timer
2026-08-11 12:50:09,656 : INFO : EventManager : Event: ======'timer_state_2_resistance_active_timer_stopped'====== Args={'ticks': 15, 'ticks_remaining': 0}
2026-08-11 12:50:09,656 : INFO : Timer.state_4_resistance_active_timer : Stopping Timer
2026-08-11 12:50:09,656 : INFO : EventManager : Event: ======'timer_state_4_resistance_active_timer_stopped'====== Args={'ticks': 15, 'ticks_remaining': 0}
2026-08-11 12:50:09,657 : INFO : Timer.resistance_qual_lights_10_5_timer : Stopping Timer
2026-08-11 12:50:09,657 : INFO : EventManager : Event: ======'timer_resistance_qual_lights_10_5_timer_stopped'====== Args={'ticks': 5, 'ticks_remaining': 0}
2026-08-11 12:50:09,657 : INFO : Timer.state_5_resistance_active_timer : Stopping Timer
2026-08-11 12:50:09,657 : INFO : EventManager : Event: ======'timer_state_5_resistance_active_timer_stopped'====== Args={'ticks': 10, 'ticks_remaining': 0}
2026-08-11 12:50:09,658 : INFO : EventManager : Event: ======'ball_ended'====== Args={}
2026-08-11 12:50:09,659 : INFO : EventManager : Event: ======'player_turn_will_end'====== Args={'player': <Player 1>, 'number': 1}
2026-08-11 12:50:09,661 : INFO : EventManager : Event: ======'player_turn_ending'====== Args={'player': <Player 1>, 'number': 1}
2026-08-11 12:50:09,662 : INFO : EventManager : Event: ======'player_turn_ended'====== Args={'player': <Player 1>, 'number': 1}
2026-08-11 12:50:09,662 : INFO : EventManager : Event: ======'player_turn_will_start'====== Args={'player': <Player 1>, 'number': 1}
2026-08-11 12:50:09,662 : INFO : EventManager : Event: ======'player_turn_starting'====== Args={'player': <Player 1>, 'number': 1}
2026-08-11 12:50:09,663 : INFO : EventManager : Event: ======'player_ball'====== Args={'value': 3, 'prev_value': 2, 'change': 1, 'player_num': 1}
2026-08-11 12:50:09,663 : INFO : EventManager : Event: ======'player_turn_started'====== Args={'player': <Player 1>, 'number': 1}
2026-08-11 12:50:09,663 : INFO : EventManager : Event: ======'ball_will_start'====== Args={'player': 1, 'ball': 3, 'balls_remaining': 0, 'is_extra_ball': False}
2026-08-11 12:50:09,664 : INFO : EventManager : Event: ======'ball_starting'====== Args={'player': 1, 'ball': 3, 'balls_remaining': 0, 'is_extra_ball': False}
2026-08-11 12:50:09,664 : INFO : EventManager : Event: ======'mode_skillshot_will_start'====== Args={'queue': <QueuedEvent>, 'player': 1, 'ball': 3, 'balls_remaining': 0, 'is_extra_ball': False}
2026-08-11 12:50:09,674 : INFO : EventManager : Event: ======'mode_skillshot_starting'====== Args={'queue': <QueuedEvent>, 'player': 1, 'ball': 3, 'balls_remaining': 0, 'is_extra_ball': False}
2026-08-11 12:50:09,674 : INFO : EventManager : Event: ======'mode_awareness_will_start'====== Args={'queue': <QueuedEvent>, 'player': 1, 'ball': 3, 'balls_remaining': 0, 'is_extra_ball': False}
2026-08-11 12:50:09,679 : INFO : EventManager : Event: ======'mode_awareness_starting'====== Args={'queue': <QueuedEvent>, 'player': 1, 'ball': 3, 'balls_remaining': 0, 'is_extra_ball': False}
2026-08-11 12:50:09,679 : INFO : EventManager : Event: ======'mode_base_will_start'====== Args={'queue': <QueuedEvent>, 'player': 1, 'ball': 3, 'balls_remaining': 0, 'is_extra_ball': False}
2026-08-11 12:50:09,683 : INFO : EventManager : Event: ======'player_base_varitarget_reset_timer_tick'====== Args={'value': 0, 'prev_value': 24, 'change': -24, 'player_num': 1}
2026-08-11 12:50:09,684 : INFO : EventManager : Event: ======'player_base_varitarget_hit_settle_tick'====== Args={'value': 3, 'prev_value': 0, 'change': 3, 'player_num': 1}
2026-08-11 12:50:09,689 : INFO : EventManager : Event: ======'mode_base_starting'====== Args={'queue': <QueuedEvent>, 'player': 1, 'ball': 3, 'balls_remaining': 0, 'is_extra_ball': False}
2026-08-11 12:50:09,690 : INFO : Mode.base : Started. Priority: 100
2026-08-11 12:50:09,690 : INFO : EventManager : Event: ======'modes_active_modes_changed'====== Args={}
2026-08-11 12:50:09,690 : INFO : EventManager : Event: ======'mode_base_started'====== Args={'queue': <QueuedEvent>, 'player': 1, 'ball': 3, 'balls_remaining': 0, 'is_extra_ball': False}
2026-08-11 12:50:09,690 : INFO : EventManager : Event: ======'mode_glasses_mode_will_start'====== Args={'queue': <QueuedEvent>, 'player': 1, 'ball': 3, 'balls_remaining': 0, 'is_extra_ball': False}
2026-08-11 12:50:09,691 : INFO : EventManager : Event: ======'player_glasses_mode_glasses_position_confirm_tick'====== Args={'value': 0, 'prev_value': 1, 'change': -1, 'player_num': 1}
2026-08-11 12:50:09,691 : INFO : EventManager : Event: ======'player_glasses_mode_glasses_state_timer_tick'====== Args={'value': 0, 'prev_value': 10, 'change': -10, 'player_num': 1}
2026-08-11 12:50:09,691 : INFO : EventManager : Event: ======'player_glasses_mode_glasses_home_pulse_timer_tick'====== Args={'value': 0, 'prev_value': 5, 'change': -5, 'player_num': 1}
2026-08-11 12:50:09,697 : INFO : EventManager : Event: ======'mode_glasses_mode_starting'====== Args={'queue': <QueuedEvent>, 'player': 1, 'ball': 3, 'balls_remaining': 0, 'is_extra_ball': False}
2026-08-11 12:50:09,697 : INFO : EventManager : Event: ======'mode_super_pops_will_start'====== Args={'queue': <QueuedEvent>, 'player': 1, 'ball': 3, 'balls_remaining': 0, 'is_extra_ball': False}
2026-08-11 12:50:09,700 : INFO : EventManager : Unordered handler for class <Auditor> on event game_ended with priority 1. Handlers: [RegisteredHandler(callback=<bound method Auditor.disable of <Auditor>>, priority=1, kwargs={}, key=UUID('1c32dc7a-abe8-4748-ac12-00c7aac0c706'), condition=None, blocking_facility=None), RegisteredHandler(callback=<bound method Auditor._save_audits of <Auditor>>, priority=1, kwargs={}, key=UUID('39a34f23-f5a9-40f2-95e2-e6b5e54371d3'), condition=None, blocking_facility=None)]. The order of those handlers is not defined and they will be executed in random order. This might lead to race conditions and potential bugs.
2026-08-11 12:50:09,703 : INFO : EventManager : Event: ======'mode_super_pops_starting'====== Args={'queue': <QueuedEvent>, 'player': 1, 'ball': 3, 'balls_remaining': 0, 'is_extra_ball': False}
2026-08-11 12:50:09,703 : INFO : EventManager : Event: ======'mode_spinner_2x_qualify_will_start'====== Args={'queue': <QueuedEvent>, 'player': 1, 'ball': 3, 'balls_remaining': 0, 'is_extra_ball': False}
2026-08-11 12:50:09,705 : INFO : EventManager : Event: ======'mode_spinner_2x_qualify_starting'====== Args={'queue': <QueuedEvent>, 'player': 1, 'ball': 3, 'balls_remaining': 0, 'is_extra_ball': False}
2026-08-11 12:50:09,705 : INFO : EventManager : Event: ======'mode_shotgun_will_start'====== Args={'queue': <QueuedEvent>, 'player': 1, 'ball': 3, 'balls_remaining': 0, 'is_extra_ball': False}
2026-08-11 12:50:09,705 : INFO : EventManager : Unordered handler for class <timer.top_lane_a_countdown_timer> on event shotgun_stop_all with priority 1. Handlers: [RegisteredHandler(callback=<bound method Timer.stop of <timer.top_lane_a_countdown_timer>>, priority=1, kwargs={}, key=UUID('3b84876a-102c-4094-972f-d40e744c771d'), condition=None, blocking_facility=None), RegisteredHandler(callback=<bound method Timer.reset of <timer.top_lane_a_countdown_timer>>, priority=1, kwargs={}, key=UUID('7a525038-1ca3-48c6-9dce-2ec5b7303d84'), condition=None, blocking_facility=None)]. The order of those handlers is not defined and they will be executed in random order. This might lead to race conditions and potential bugs.
2026-08-11 12:50:09,705 : INFO : EventManager : Unordered handler for class <timer.top_lane_a_countdown_timer> on event shotgun_stop_all with priority 1. Handlers: [RegisteredHandler(callback=<bound method Timer.stop of <timer.top_lane_a_countdown_timer>>, priority=1, kwargs={}, key=UUID('3b84876a-102c-4094-972f-d40e744c771d'), condition=None, blocking_facility=None), RegisteredHandler(callback=<bound method Timer.reset of <timer.top_lane_a_countdown_timer>>, priority=1, kwargs={}, key=UUID('7a525038-1ca3-48c6-9dce-2ec5b7303d84'), condition=None, blocking_facility=None)]. The order of those handlers is not defined and they will be executed in random order. This might lead to race conditions and potential bugs.
2026-08-11 12:50:09,706 : INFO : EventManager : Unordered handler for class <timer.top_lane_a_countdown_timer> on event shotgun_stop_all with priority 1. Handlers: [RegisteredHandler(callback=<bound method Timer.stop of <timer.top_lane_a_countdown_timer>>, priority=1, kwargs={}, key=UUID('3b84876a-102c-4094-972f-d40e744c771d'), condition=None, blocking_facility=None), RegisteredHandler(callback=<bound method Timer.reset of <timer.top_lane_a_countdown_timer>>, priority=1, kwargs={}, key=UUID('7a525038-1ca3-48c6-9dce-2ec5b7303d84'), condition=None, blocking_facility=None)]. The order of those handlers is not defined and they will be executed in random order. This might lead to race conditions and potential bugs.
2026-08-11 12:50:09,706 : INFO : EventManager : Unordered handler for class <timer.top_lane_b_countdown_timer> on event shotgun_stop_all with priority 1. Handlers: [RegisteredHandler(callback=<bound method Timer.stop of <timer.top_lane_b_countdown_timer>>, priority=1, kwargs={}, key=UUID('187372f1-f91e-4084-a23d-0666801e1997'), condition=None, blocking_facility=None), RegisteredHandler(callback=<bound method Timer.reset of <timer.top_lane_b_countdown_timer>>, priority=1, kwargs={}, key=UUID('8ea8be79-a8c1-4697-89c0-f562af822a79'), condition=None, blocking_facility=None)]. The order of those handlers is not defined and they will be executed in random order. This might lead to race conditions and potential bugs.
2026-08-11 12:50:09,706 : INFO : EventManager : Unordered handler for class <timer.top_lane_a_countdown_timer> on event shotgun_stop_all with priority 1. Handlers: [RegisteredHandler(callback=<bound method Timer.stop of <timer.top_lane_a_countdown_timer>>, priority=1, kwargs={}, key=UUID('3b84876a-102c-4094-972f-d40e744c771d'), condition=None, blocking_facility=None), RegisteredHandler(callback=<bound method Timer.reset of <timer.top_lane_a_countdown_timer>>, priority=1, kwargs={}, key=UUID('7a525038-1ca3-48c6-9dce-2ec5b7303d84'), condition=None, blocking_facility=None)]. The order of those handlers is not defined and they will be executed in random order. This might lead to race conditions and potential bugs.
2026-08-11 12:50:09,706 : INFO : EventManager : Unordered handler for class <timer.top_lane_b_countdown_timer> on event shotgun_stop_all with priority 1. Handlers: [RegisteredHandler(callback=<bound method Timer.stop of <timer.top_lane_b_countdown_timer>>, priority=1, kwargs={}, key=UUID('187372f1-f91e-4084-a23d-0666801e1997'), condition=None, blocking_facility=None), RegisteredHandler(callback=<bound method Timer.reset of <timer.top_lane_b_countdown_timer>>, priority=1, kwargs={}, key=UUID('8ea8be79-a8c1-4697-89c0-f562af822a79'), condition=None, blocking_facility=None)]. The order of those handlers is not defined and they will be executed in random order. This might lead to race conditions and potential bugs.
2026-08-11 12:50:09,706 : INFO : EventManager : Unordered handler for class <timer.top_lane_a_countdown_timer> on event shotgun_stop_all with priority 1. Handlers: [RegisteredHandler(callback=<bound method Timer.stop of <timer.top_lane_a_countdown_timer>>, priority=1, kwargs={}, key=UUID('3b84876a-102c-4094-972f-d40e744c771d'), condition=None, blocking_facility=None), RegisteredHandler(callback=<bound method Timer.reset of <timer.top_lane_a_countdown_timer>>, priority=1, kwargs={}, key=UUID('7a525038-1ca3-48c6-9dce-2ec5b7303d84'), condition=None, blocking_facility=None)]. The order of those handlers is not defined and they will be executed in random order. This might lead to race conditions and potential bugs.
2026-08-11 12:50:09,706 : INFO : EventManager : Unordered handler for class <timer.top_lane_b_countdown_timer> on event shotgun_stop_all with priority 1. Handlers: [RegisteredHandler(callback=<bound method Timer.stop of <timer.top_lane_b_countdown_timer>>, priority=1, kwargs={}, key=UUID('187372f1-f91e-4084-a23d-0666801e1997'), condition=None, blocking_facility=None), RegisteredHandler(callback=<bound method Timer.reset of <timer.top_lane_b_countdown_timer>>, priority=1, kwargs={}, key=UUID('8ea8be79-a8c1-4697-89c0-f562af822a79'), condition=None, blocking_facility=None)]. The order of those handlers is not defined and they will be executed in random order. This might lead to race conditions and potential bugs.
2026-08-11 12:50:09,707 : INFO : EventManager : Unordered handler for class <timer.top_lane_a_countdown_timer> on event shotgun_stop_all with priority 1. Handlers: [RegisteredHandler(callback=<bound method Timer.stop of <timer.top_lane_a_countdown_timer>>, priority=1, kwargs={}, key=UUID('3b84876a-102c-4094-972f-d40e744c771d'), condition=None, blocking_facility=None), RegisteredHandler(callback=<bound method Timer.reset of <timer.top_lane_a_countdown_timer>>, priority=1, kwargs={}, key=UUID('7a525038-1ca3-48c6-9dce-2ec5b7303d84'), condition=None, blocking_facility=None)]. The order of those handlers is not defined and they will be executed in random order. This might lead to race conditions and potential bugs.
2026-08-11 12:50:09,707 : INFO : EventManager : Unordered handler for class <timer.top_lane_b_countdown_timer> on event shotgun_stop_all with priority 1. Handlers: [RegisteredHandler(callback=<bound method Timer.stop of <timer.top_lane_b_countdown_timer>>, priority=1, kwargs={}, key=UUID('187372f1-f91e-4084-a23d-0666801e1997'), condition=None, blocking_facility=None), RegisteredHandler(callback=<bound method Timer.reset of <timer.top_lane_b_countdown_timer>>, priority=1, kwargs={}, key=UUID('8ea8be79-a8c1-4697-89c0-f562af822a79'), condition=None, blocking_facility=None)]. The order of those handlers is not defined and they will be executed in random order. This might lead to race conditions and potential bugs.
2026-08-11 12:50:09,707 : INFO : EventManager : Unordered handler for class <timer.top_lane_a_countdown_timer> on event shotgun_stop_all with priority 1. Handlers: [RegisteredHandler(callback=<bound method Timer.stop of <timer.top_lane_a_countdown_timer>>, priority=1, kwargs={}, key=UUID('3b84876a-102c-4094-972f-d40e744c771d'), condition=None, blocking_facility=None), RegisteredHandler(callback=<bound method Timer.reset of <timer.top_lane_a_countdown_timer>>, priority=1, kwargs={}, key=UUID('7a525038-1ca3-48c6-9dce-2ec5b7303d84'), condition=None, blocking_facility=None)]. The order of those handlers is not defined and they will be executed in random order. This might lead to race conditions and potential bugs.
2026-08-11 12:50:09,707 : INFO : EventManager : Unordered handler for class <timer.top_lane_b_countdown_timer> on event shotgun_stop_all with priority 1. Handlers: [RegisteredHandler(callback=<bound method Timer.stop of <timer.top_lane_b_countdown_timer>>, priority=1, kwargs={}, key=UUID('187372f1-f91e-4084-a23d-0666801e1997'), condition=None, blocking_facility=None), RegisteredHandler(callback=<bound method Timer.reset of <timer.top_lane_b_countdown_timer>>, priority=1, kwargs={}, key=UUID('8ea8be79-a8c1-4697-89c0-f562af822a79'), condition=None, blocking_facility=None)]. The order of those handlers is not defined and they will be executed in random order. This might lead to race conditions and potential bugs.
2026-08-11 12:50:09,714 : INFO : EventManager : Unordered handler for class <timer.top_lane_a_countdown_timer> on event shotgun_stop_all with priority 1. Handlers: [RegisteredHandler(callback=<bound method Timer.stop of <timer.top_lane_a_countdown_timer>>, priority=1, kwargs={}, key=UUID('3b84876a-102c-4094-972f-d40e744c771d'), condition=None, blocking_facility=None), RegisteredHandler(callback=<bound method Timer.reset of <timer.top_lane_a_countdown_timer>>, priority=1, kwargs={}, key=UUID('7a525038-1ca3-48c6-9dce-2ec5b7303d84'), condition=None, blocking_facility=None)]. The order of those handlers is not defined and they will be executed in random order. This might lead to race conditions and potential bugs.
2026-08-11 12:50:09,714 : INFO : EventManager : Unordered handler for class <timer.top_lane_b_countdown_timer> on event shotgun_stop_all with priority 1. Handlers: [RegisteredHandler(callback=<bound method Timer.stop of <timer.top_lane_b_countdown_timer>>, priority=1, kwargs={}, key=UUID('187372f1-f91e-4084-a23d-0666801e1997'), condition=None, blocking_facility=None), RegisteredHandler(callback=<bound method Timer.reset of <timer.top_lane_b_countdown_timer>>, priority=1, kwargs={}, key=UUID('8ea8be79-a8c1-4697-89c0-f562af822a79'), condition=None, blocking_facility=None)]. The order of those handlers is not defined and they will be executed in random order. This might lead to race conditions and potential bugs.
2026-08-11 12:50:09,716 : INFO : EventManager : Unordered handler for class <timer.top_lane_a_countdown_timer> on event shotgun_stop_all with priority 1. Handlers: [RegisteredHandler(callback=<bound method Timer.stop of <timer.top_lane_a_countdown_timer>>, priority=1, kwargs={}, key=UUID('3b84876a-102c-4094-972f-d40e744c771d'), condition=None, blocking_facility=None), RegisteredHandler(callback=<bound method Timer.reset of <timer.top_lane_a_countdown_timer>>, priority=1, kwargs={}, key=UUID('7a525038-1ca3-48c6-9dce-2ec5b7303d84'), condition=None, blocking_facility=None)]. The order of those handlers is not defined and they will be executed in random order. This might lead to race conditions and potential bugs.
2026-08-11 12:50:09,716 : INFO : EventManager : Unordered handler for class <timer.top_lane_b_countdown_timer> on event shotgun_stop_all with priority 1. Handlers: [RegisteredHandler(callback=<bound method Timer.stop of <timer.top_lane_b_countdown_timer>>, priority=1, kwargs={}, key=UUID('187372f1-f91e-4084-a23d-0666801e1997'), condition=None, blocking_facility=None), RegisteredHandler(callback=<bound method Timer.reset of <timer.top_lane_b_countdown_timer>>, priority=1, kwargs={}, key=UUID('8ea8be79-a8c1-4697-89c0-f562af822a79'), condition=None, blocking_facility=None)]. The order of those handlers is not defined and they will be executed in random order. This might lead to race conditions and potential bugs.
2026-08-11 12:50:09,719 : INFO : EventManager : Event: ======'mode_shotgun_starting'====== Args={'queue': <QueuedEvent>, 'player': 1, 'ball': 3, 'balls_remaining': 0, 'is_extra_ball': False}
2026-08-11 12:50:09,719 : INFO : EventManager : Event: ======'varitarget_yaml_loaded'====== Args={'priority': 0}
2026-08-11 12:50:09,719 : INFO : EventManager : Event: ======'player_varitarget_reset_attempts'====== Args={'value': 0, 'prev_value': 25, 'change': -25, 'player_num': 1, 'source': 'base'}
2026-08-11 12:50:09,719 : INFO : EventManager : Event: ======'player_varitarget_hit_max_pos'====== Args={'value': 1, 'prev_value': 7, 'change': -6, 'player_num': 1, 'source': 'base'}
2026-08-11 12:50:09,719 : INFO : EventManager : Event: ======'player_varitarget_hit_moved'====== Args={'value': 0, 'prev_value': 6, 'change': -6, 'player_num': 1, 'source': 'base'}
2026-08-11 12:50:09,719 : INFO : Mode.shotgun : Started. Priority: 120
2026-08-11 12:50:09,720 : INFO : EventManager : Event: ======'modes_active_modes_changed'====== Args={}
2026-08-11 12:50:09,720 : INFO : EventManager : Event: ======'mode_shotgun_started'====== Args={'queue': <QueuedEvent>, 'player': 1, 'ball': 3, 'balls_remaining': 0, 'is_extra_ball': False}
2026-08-11 12:50:09,720 : INFO : EventManager : Event: ======'shotgun_all_lights_off'====== Args={'priority': 0}
2026-08-11 12:50:09,720 : INFO : EventManager : Event: ======'shotgun_lane_b_relight'====== Args={'priority': 0}
2026-08-11 12:50:09,721 : INFO : Mode.spinner_2x_qualify : Started. Priority: 150
2026-08-11 12:50:09,721 : INFO : EventManager : Event: ======'modes_active_modes_changed'====== Args={}
2026-08-11 12:50:09,721 : INFO : EventManager : Event: ======'mode_spinner_2x_qualify_started'====== Args={'queue': <QueuedEvent>, 'player': 1, 'ball': 3, 'balls_remaining': 0, 'is_extra_ball': False}
2026-08-11 12:50:09,721 : INFO : EventManager : Event: ======'spinner_2x_stop'====== Args={'priority': 0}
2026-08-11 12:50:09,721 : INFO : EventManager : Event: ======'player_top_lane_c_lit'====== Args={'value': 0, 'prev_value': 1, 'change': -1, 'player_num': 1, 'source': 'spinner_2x_qualify'}
2026-08-11 12:50:09,721 : INFO : Mode.glasses_mode : Started. Priority: 800
2026-08-11 12:50:09,722 : INFO : EventManager : Event: ======'modes_active_modes_changed'====== Args={}
2026-08-11 12:50:09,722 : INFO : EventManager : Event: ======'mode_glasses_mode_started'====== Args={'queue': <QueuedEvent>, 'player': 1, 'ball': 3, 'balls_remaining': 0, 'is_extra_ball': False}
2026-08-11 12:50:09,722 : INFO : EventManager : Event: ======'glasses_mode_loaded'====== Args={'priority': 0}
2026-08-11 12:50:09,722 : INFO : EventManager : Event: ======'glasses_stop_all_shows'====== Args={'priority': 0}
2026-08-11 12:50:09,722 : INFO : EventManager : Event: ======'glasses_init_vars'====== Args={'priority': 0}
2026-08-11 12:50:09,722 : INFO : EventManager : Event: ======'player_glasses_home_start_pos'====== Args={'value': 1, 'prev_value': 3, 'change': -2, 'player_num': 1, 'source': 'glasses_mode'}
2026-08-11 12:50:09,722 : INFO : EventManager : Event: ======'player_glasses_home_pulse_count'====== Args={'value': 0, 'prev_value': 6, 'change': -6, 'player_num': 1, 'source': 'glasses_mode'}
2026-08-11 12:50:09,722 : INFO : Mode.awareness : Started. Priority: 105
2026-08-11 12:50:09,722 : INFO : EventManager : Event: ======'modes_active_modes_changed'====== Args={}
2026-08-11 12:50:09,722 : INFO : EventManager : Event: ======'mode_awareness_started'====== Args={'queue': <QueuedEvent>, 'player': 1, 'ball': 3, 'balls_remaining': 0, 'is_extra_ball': False}
2026-08-11 12:50:09,723 : INFO : Mode.skillshot : Started. Priority: 200
2026-08-11 12:50:09,723 : INFO : EventManager : Event: ======'modes_active_modes_changed'====== Args={}
2026-08-11 12:50:09,723 : INFO : EventManager : Event: ======'mode_skillshot_started'====== Args={'queue': <QueuedEvent>, 'player': 1, 'ball': 3, 'balls_remaining': 0, 'is_extra_ball': False}
2026-08-11 12:50:09,723 : INFO : EventManager : Event: ======'balls_in_play'====== Args={'balls': 1}
2026-08-11 12:50:09,723 : INFO : EventManager : Event: ======'ball_started'====== Args={'player': 1, 'ball': 3, 'balls_remaining': 0, 'is_extra_ball': False}
2026-08-11 12:50:09,724 : INFO : EventManager : Event: ======'mode_resistance_will_start'====== Args={'player': 1, 'ball': 3, 'balls_remaining': 0, 'is_extra_ball': False}
2026-08-11 12:50:09,729 : INFO : EventManager : Event: ======'mode_resistance_starting'====== Args={'player': 1, 'ball': 3, 'balls_remaining': 0, 'is_extra_ball': False}
2026-08-11 12:50:09,729 : INFO : EventManager : Event: ======'mode_stars_mode_will_start'====== Args={'player': 1, 'ball': 3, 'balls_remaining': 0, 'is_extra_ball': False}
2026-08-11 12:50:09,734 : INFO : EventManager : Event: ======'mode_stars_mode_starting'====== Args={'player': 1, 'ball': 3, 'balls_remaining': 0, 'is_extra_ball': False}
2026-08-11 12:50:09,734 : INFO : EventManager : Event: ======'mode_autoplunge_will_start'====== Args={'player': 1, 'ball': 3, 'balls_remaining': 0, 'is_extra_ball': False}
2026-08-11 12:50:09,734 : INFO : EventManager : Event: ======'mode_autoplunge_starting'====== Args={'player': 1, 'ball': 3, 'balls_remaining': 0, 'is_extra_ball': False}
2026-08-11 12:50:09,735 : INFO : EventManager : Event: ======'mode_brian_combo_will_start'====== Args={'player': 1, 'ball': 3, 'balls_remaining': 0, 'is_extra_ball': False}
2026-08-11 12:50:09,735 : INFO : EventManager : Event: ======'mode_brian_combo_starting'====== Args={'player': 1, 'ball': 3, 'balls_remaining': 0, 'is_extra_ball': False}
2026-08-11 12:50:09,736 : INFO : EventManager : Event: ======'knights_of_cydonia_started'====== Args={'priority': 0}
2026-08-11 12:50:09,736 : INFO : EventManager : Event: ======'varitarget_reset_request'====== Args={'priority': 0}
2026-08-11 12:50:09,738 : INFO : EventManager : Event: ======'varitarget_reset_begin'====== Args={'priority': 0}
2026-08-11 12:50:09,738 : INFO : EventManager : Event: ======'varitarget_reset_attempts_clear'====== Args={'priority': 0}
2026-08-11 12:50:09,738 : INFO : EventManager : Event: ======'varitarget_reset_step'====== Args={'priority': 0}
2026-08-11 12:50:09,738 : INFO : EventManager : Event: ======'varitarget_reset_start'====== Args={'priority': 0}
2026-08-11 12:50:09,738 : INFO : coil.c_16_varitarget_reset : Pulsing Driver for 5ms (1.0 pulse_power)
2026-08-11 12:50:09,738 : INFO : EventManager : Event: ======'player_varitarget_reset_attempts'====== Args={'value': 1, 'prev_value': 0, 'change': 1, 'player_num': 1, 'source': 'base'}
2026-08-11 12:50:09,738 : INFO : Timer.varitarget_reset_timer : Starting Timer.
2026-08-11 12:50:09,738 : INFO : EventManager : Event: ======'timer_varitarget_reset_timer_started'====== Args={'ticks': 0, 'ticks_remaining': 999999}
2026-08-11 12:50:09,738 : INFO : EventManager : Event: ======'timer_varitarget_reset_timer_tick'====== Args={'ticks': 0, 'ticks_remaining': 999999}
2026-08-11 12:50:09,739 : INFO : EventManager : Event: ======'varitarget_reset_step'====== Args={'priority': 0}
2026-08-11 12:50:09,739 : INFO : coil.c_16_varitarget_reset : Pulsing Driver for 5ms (1.0 pulse_power)
2026-08-11 12:50:09,739 : INFO : EventManager : Event: ======'player_varitarget_reset_attempts'====== Args={'value': 2, 'prev_value': 1, 'change': 1, 'player_num': 1, 'source': 'base'}
2026-08-11 12:50:09,739 : INFO : Mode.brian_combo : Started. Priority: 120
2026-08-11 12:50:09,739 : INFO : EventManager : Event: ======'modes_active_modes_changed'====== Args={}
2026-08-11 12:50:09,739 : INFO : EventManager : Event: ======'mode_brian_combo_started'====== Args={'player': 1, 'ball': 3, 'balls_remaining': 0, 'is_extra_ball': False}
2026-08-11 12:50:09,739 : INFO : Mode.autoplunge : Started. Priority: 200
2026-08-11 12:50:09,739 : INFO : EventManager : Event: ======'modes_active_modes_changed'====== Args={}
2026-08-11 12:50:09,739 : INFO : EventManager : Event: ======'mode_autoplunge_started'====== Args={'player': 1, 'ball': 3, 'balls_remaining': 0, 'is_extra_ball': False}
2026-08-11 12:50:09,740 : INFO : Mode.stars_mode : Started. Priority: 220
2026-08-11 12:50:09,740 : INFO : EventManager : Event: ======'modes_active_modes_changed'====== Args={}
2026-08-11 12:50:09,740 : INFO : EventManager : Event: ======'mode_stars_mode_started'====== Args={'player': 1, 'ball': 3, 'balls_remaining': 0, 'is_extra_ball': False}
2026-08-11 12:50:09,740 : INFO : Mode.resistance : Started. Priority: 500
2026-08-11 12:50:09,740 : INFO : EventManager : Event: ======'modes_active_modes_changed'====== Args={}
2026-08-11 12:50:09,740 : INFO : EventManager : Event: ======'mode_resistance_started'====== Args={'player': 1, 'ball': 3, 'balls_remaining': 0, 'is_extra_ball': False}
2026-08-11 12:50:09,740 : INFO : EventManager : Event: ======'resistance_waiting_for_qualification'====== Args={'priority': 0}
2026-08-11 12:50:09,740 : INFO : EventManager : Event: ======'logicblock_super_pops_phase1_counter_updated'====== Args={'value': 0, 'enabled': False}
2026-08-11 12:50:09,740 : INFO : EventManager : Event: ======'logicblock_super_pops_phase2_counter_updated'====== Args={'value': 0, 'enabled': False}
2026-08-11 12:50:09,740 : INFO : EventManager : Event: ======'logicblock_super_pops_phase3_counter_updated'====== Args={'value': 0, 'enabled': False}
2026-08-11 12:50:09,740 : INFO : EventManager : Event: ======'logicblock_super_pops_mega_counter_updated'====== Args={'value': 0, 'enabled': False}
2026-08-11 12:50:09,740 : INFO : Mode.super_pops : Started. Priority: 210
2026-08-11 12:50:09,740 : INFO : EventManager : Event: ======'modes_active_modes_changed'====== Args={}
2026-08-11 12:50:09,741 : INFO : EventManager : Event: ======'mode_super_pops_started'====== Args={'queue': <QueuedEvent>, 'player': 1, 'ball': 3, 'balls_remaining': 0, 'is_extra_ball': False}
2026-08-11 12:50:09,741 : INFO : EventManager : Event: ======'logicblock_super_pops_phase1_counter_updated'====== Args={'value': 0, 'enabled': True}
2026-08-11 12:50:09,741 : INFO : EventManager : Event: ======'logicblock_super_pops_phase1_counter_updated'====== Args={'value': 0, 'enabled': True}
2026-08-11 12:50:09,741 : INFO : EventManager : Event: ======'player_score'====== Args={'value': 4607646, 'prev_value': 3607646, 'change': 1000000, 'player_num': 1, 'source': 'super_pops'}
2026-08-11 12:50:09,742 : INFO : EventManager : Event: ======'single_player_ball_started'====== Args={}
2026-08-11 12:50:09,743 : INFO : EventManager : Event: ======'ball_start_target'====== Args={'target': 'playfield'}
2026-08-11 12:50:09,745 : INFO : ball_device.bd_plunger : Setting up player-controlled eject. Balls: 1, Target: <playfield.playfield>, player_controlled_eject_event: None
2026-08-11 12:50:09,745 : INFO : EventManager : Event: ======'balldevice_balls_available'====== Args={}
2026-08-11 12:50:09,746 : INFO : ball_device.bd_trough : State: waiting_for_target_ready
2026-08-11 12:50:09,746 : INFO : EventManager : Event: ======'balldevice_bd_trough_ball_eject_attempt'====== Args={'balls': 1, 'target': <ball_device.bd_plunger>, 'source': <ball_device.bd_trough>, 'mechanical_eject': True, 'num_attempts': 0}
2026-08-11 12:50:09,746 : INFO : ball_device.bd_plunger : State: waiting_for_ball
2026-08-11 12:50:09,747 : INFO : ball_device.bd_trough : State: ejecting
2026-08-11 12:50:09,747 : INFO : ball_device.bd_trough : Ejecting ball to <ball_device.bd_plunger>
2026-08-11 12:50:09,747 : INFO : EventManager : Event: ======'balldevice_bd_trough_ejecting_ball'====== Args={'balls': 1, 'target': <ball_device.bd_plunger>, 'source': <ball_device.bd_trough>, 'mechanical_eject': True, 'num_attempts': 0}
2026-08-11 12:50:09,748 : INFO : ball_device.bd_trough : Wait for ball to leave device
2026-08-11 12:50:09,749 : INFO : coil.c_02_trough_eject : Pulsing Driver for 16ms (1.0 pulse_power)
2026-08-11 12:50:09,783 : INFO : EventManager : Event: ======'slide_base_slide_created'====== Args={'_from_bcp': True}
2026-08-11 12:50:09,783 : INFO : EventManager : Event: ======'slide_base_slide_inactive'====== Args={'is_removing': True, '_from_bcp': True}
2026-08-11 12:50:09,783 : INFO : SwitchController : <<<<<<< 's_24_trough_1' inactive >>>>>>>
2026-08-11 12:50:09,783 : INFO : SwitchController : <<<<<<< 's_30_trough_jam' active >>>>>>>
2026-08-11 12:50:09,783 : INFO : EventManager : Event: ======'machine_var_audits_switches_s_30_trough_jam'====== Args={'value': 2226, 'prev_value': 2225, 'change': 1}
2026-08-11 12:50:09,784 : INFO : EventManager : Event: ======'slide_base_slide_active'====== Args={'original_context': 'base', 'original_calling_context': 'mode_base_started', 'priority': 100.0, 'queue': '<QueuedEvent>', 'player': 1.0, 'ball': 3.0, 'balls_remaining': 0.0, 'is_extra_ball': False, 'cmd': 'slides_play', '_from_bcp': True}
2026-08-11 12:50:09,786 : INFO : ball_device.bd_trough : State: ball_left
2026-08-11 12:50:09,787 : INFO : ball_device.bd_trough : Ball left
2026-08-11 12:50:09,787 : INFO : ball_device.bd_trough : Wait for confirm with timeout 10.0
2026-08-11 12:50:09,800 : INFO : EventManager : Event: ======'slide_base_slide_removed'====== Args={'_from_bcp': True}
2026-08-11 12:50:09,800 : INFO : SwitchController : <<<<<<< 's_30_trough_jam' inactive >>>>>>>
2026-08-11 12:50:09,933 : INFO : EventManager : Event: ======'player_base_varitarget_reset_timer_tick'====== Args={'value': 1, 'prev_value': 0, 'change': 1, 'player_num': 1}
2026-08-11 12:50:09,934 : INFO : EventManager : Event: ======'timer_varitarget_reset_timer_tick'====== Args={'ticks': 1, 'ticks_remaining': 999998}
2026-08-11 12:50:09,934 : INFO : EventManager : Event: ======'varitarget_reset_step'====== Args={'priority': 0}
2026-08-11 12:50:09,934 : INFO : coil.c_16_varitarget_reset : Pulsing Driver for 5ms (1.0 pulse_power)
2026-08-11 12:50:09,935 : INFO : EventManager : Event: ======'player_varitarget_reset_attempts'====== Args={'value': 3, 'prev_value': 2, 'change': 1, 'player_num': 1, 'source': 'base'}
2026-08-11 12:50:10,091 : INFO : SwitchController : <<<<<<< 's_25_trough_2' inactive >>>>>>>
2026-08-11 12:50:10,108 : INFO : SwitchController : <<<<<<< 's_24_trough_1' active >>>>>>>
2026-08-11 12:50:10,108 : INFO : EventManager : Event: ======'machine_var_audits_switches_s_24_trough_1'====== Args={'value': 2226, 'prev_value': 2225, 'change': 1}
2026-08-11 12:50:10,108 : INFO : SwitchController : <<<<<<< 's_26_trough_3' inactive >>>>>>>
2026-08-11 12:50:10,139 : INFO : EventManager : Event: ======'player_base_varitarget_reset_timer_tick'====== Args={'value': 2, 'prev_value': 1, 'change': 1, 'player_num': 1}
2026-08-11 12:50:10,139 : INFO : EventManager : Event: ======'timer_varitarget_reset_timer_tick'====== Args={'ticks': 2, 'ticks_remaining': 999997}
2026-08-11 12:50:10,139 : INFO : EventManager : Event: ======'varitarget_reset_step'====== Args={'priority': 0}
2026-08-11 12:50:10,140 : INFO : coil.c_16_varitarget_reset : Pulsing Driver for 5ms (1.0 pulse_power)
2026-08-11 12:50:10,140 : INFO : EventManager : Event: ======'player_varitarget_reset_attempts'====== Args={'value': 4, 'prev_value': 3, 'change': 1, 'player_num': 1, 'source': 'base'}
2026-08-11 12:50:10,156 : INFO : SwitchController : <<<<<<< 's_25_trough_2' active >>>>>>>
2026-08-11 12:50:10,156 : INFO : EventManager : Event: ======'machine_var_audits_switches_s_25_trough_2'====== Args={'value': 2189, 'prev_value': 2188, 'change': 1}
2026-08-11 12:50:10,332 : INFO : EventManager : Event: ======'player_base_varitarget_reset_timer_tick'====== Args={'value': 3, 'prev_value': 2, 'change': 1, 'player_num': 1}
2026-08-11 12:50:10,332 : INFO : EventManager : Event: ======'timer_varitarget_reset_timer_tick'====== Args={'ticks': 3, 'ticks_remaining': 999996}
2026-08-11 12:50:10,332 : INFO : EventManager : Event: ======'varitarget_reset_step'====== Args={'priority': 0}
2026-08-11 12:50:10,333 : INFO : coil.c_16_varitarget_reset : Pulsing Driver for 5ms (1.0 pulse_power)
2026-08-11 12:50:10,333 : INFO : EventManager : Event: ======'player_varitarget_reset_attempts'====== Args={'value': 5, 'prev_value': 4, 'change': 1, 'player_num': 1, 'source': 'base'}
2026-08-11 12:50:10,537 : INFO : EventManager : Event: ======'player_base_varitarget_reset_timer_tick'====== Args={'value': 4, 'prev_value': 3, 'change': 1, 'player_num': 1}
2026-08-11 12:50:10,537 : INFO : EventManager : Event: ======'timer_varitarget_reset_timer_tick'====== Args={'ticks': 4, 'ticks_remaining': 999995}
2026-08-11 12:50:10,538 : INFO : EventManager : Event: ======'varitarget_reset_step'====== Args={'priority': 0}
2026-08-11 12:50:10,538 : INFO : coil.c_16_varitarget_reset : Pulsing Driver for 5ms (1.0 pulse_power)
2026-08-11 12:50:10,539 : INFO : EventManager : Event: ======'player_varitarget_reset_attempts'====== Args={'value': 6, 'prev_value': 5, 'change': 1, 'player_num': 1, 'source': 'base'}
2026-08-11 12:50:10,745 : INFO : EventManager : Event: ======'player_base_varitarget_reset_timer_tick'====== Args={'value': 5, 'prev_value': 4, 'change': 1, 'player_num': 1}
2026-08-11 12:50:10,745 : INFO : EventManager : Event: ======'timer_varitarget_reset_timer_tick'====== Args={'ticks': 5, 'ticks_remaining': 999994}
2026-08-11 12:50:10,747 : INFO : EventManager : Event: ======'varitarget_reset_step'====== Args={'priority': 0}
2026-08-11 12:50:10,747 : INFO : coil.c_16_varitarget_reset : Pulsing Driver for 5ms (1.0 pulse_power)
2026-08-11 12:50:10,748 : INFO : EventManager : Event: ======'player_varitarget_reset_attempts'====== Args={'value': 7, 'prev_value': 6, 'change': 1, 'player_num': 1, 'source': 'base'}
2026-08-11 12:50:10,937 : INFO : EventManager : Event: ======'player_base_varitarget_reset_timer_tick'====== Args={'value': 6, 'prev_value': 5, 'change': 1, 'player_num': 1}
2026-08-11 12:50:10,938 : INFO : EventManager : Event: ======'timer_varitarget_reset_timer_tick'====== Args={'ticks': 6, 'ticks_remaining': 999993}
2026-08-11 12:50:10,938 : INFO : EventManager : Event: ======'varitarget_reset_step'====== Args={'priority': 0}
2026-08-11 12:50:10,938 : INFO : coil.c_16_varitarget_reset : Pulsing Driver for 5ms (1.0 pulse_power)
2026-08-11 12:50:10,938 : INFO : EventManager : Event: ======'player_varitarget_reset_attempts'====== Args={'value': 8, 'prev_value': 7, 'change': 1, 'player_num': 1, 'source': 'base'}
2026-08-11 12:50:11,129 : INFO : EventManager : Event: ======'player_base_varitarget_reset_timer_tick'====== Args={'value': 7, 'prev_value': 6, 'change': 1, 'player_num': 1}
2026-08-11 12:50:11,129 : INFO : EventManager : Event: ======'timer_varitarget_reset_timer_tick'====== Args={'ticks': 7, 'ticks_remaining': 999992}
2026-08-11 12:50:11,130 : INFO : EventManager : Event: ======'varitarget_reset_step'====== Args={'priority': 0}
2026-08-11 12:50:11,130 : INFO : coil.c_16_varitarget_reset : Pulsing Driver for 5ms (1.0 pulse_power)
2026-08-11 12:50:11,130 : INFO : EventManager : Event: ======'player_varitarget_reset_attempts'====== Args={'value': 9, 'prev_value': 8, 'change': 1, 'player_num': 1, 'source': 'base'}
2026-08-11 12:50:11,337 : INFO : EventManager : Event: ======'player_base_varitarget_reset_timer_tick'====== Args={'value': 8, 'prev_value': 7, 'change': 1, 'player_num': 1}
2026-08-11 12:50:11,337 : INFO : EventManager : Event: ======'timer_varitarget_reset_timer_tick'====== Args={'ticks': 8, 'ticks_remaining': 999991}
2026-08-11 12:50:11,337 : INFO : EventManager : Event: ======'varitarget_reset_step'====== Args={'priority': 0}
2026-08-11 12:50:11,337 : INFO : coil.c_16_varitarget_reset : Pulsing Driver for 5ms (1.0 pulse_power)
2026-08-11 12:50:11,338 : INFO : EventManager : Event: ======'player_varitarget_reset_attempts'====== Args={'value': 10, 'prev_value': 9, 'change': 1, 'player_num': 1, 'source': 'base'}
2026-08-11 12:50:11,542 : INFO : EventManager : Event: ======'player_base_varitarget_reset_timer_tick'====== Args={'value': 9, 'prev_value': 8, 'change': 1, 'player_num': 1}
2026-08-11 12:50:11,542 : INFO : EventManager : Event: ======'timer_varitarget_reset_timer_tick'====== Args={'ticks': 9, 'ticks_remaining': 999990}
2026-08-11 12:50:11,543 : INFO : EventManager : Event: ======'varitarget_reset_step'====== Args={'priority': 0}
2026-08-11 12:50:11,543 : INFO : coil.c_16_varitarget_reset : Pulsing Driver for 5ms (1.0 pulse_power)
2026-08-11 12:50:11,544 : INFO : EventManager : Event: ======'player_varitarget_reset_attempts'====== Args={'value': 11, 'prev_value': 10, 'change': 1, 'player_num': 1, 'source': 'base'}
2026-08-11 12:50:11,748 : INFO : EventManager : Event: ======'player_base_varitarget_reset_timer_tick'====== Args={'value': 10, 'prev_value': 9, 'change': 1, 'player_num': 1}
2026-08-11 12:50:11,748 : INFO : EventManager : Event: ======'timer_varitarget_reset_timer_tick'====== Args={'ticks': 10, 'ticks_remaining': 999989}
2026-08-11 12:50:11,750 : INFO : EventManager : Event: ======'varitarget_reset_step'====== Args={'priority': 0}
2026-08-11 12:50:11,750 : INFO : coil.c_16_varitarget_reset : Pulsing Driver for 5ms (1.0 pulse_power)
2026-08-11 12:50:11,750 : INFO : EventManager : Event: ======'player_varitarget_reset_attempts'====== Args={'value': 12, 'prev_value': 11, 'change': 1, 'player_num': 1, 'source': 'base'}
2026-08-11 12:50:11,939 : INFO : EventManager : Event: ======'player_base_varitarget_reset_timer_tick'====== Args={'value': 11, 'prev_value': 10, 'change': 1, 'player_num': 1}
2026-08-11 12:50:11,940 : INFO : EventManager : Event: ======'timer_varitarget_reset_timer_tick'====== Args={'ticks': 11, 'ticks_remaining': 999988}
2026-08-11 12:50:11,940 : INFO : EventManager : Event: ======'varitarget_reset_step'====== Args={'priority': 0}
2026-08-11 12:50:11,940 : INFO : coil.c_16_varitarget_reset : Pulsing Driver for 5ms (1.0 pulse_power)
2026-08-11 12:50:11,940 : INFO : EventManager : Event: ======'player_varitarget_reset_attempts'====== Args={'value': 13, 'prev_value': 12, 'change': 1, 'player_num': 1, 'source': 'base'}
2026-08-11 12:50:12,130 : INFO : EventManager : Event: ======'player_base_varitarget_reset_timer_tick'====== Args={'value': 12, 'prev_value': 11, 'change': 1, 'player_num': 1}
2026-08-11 12:50:12,130 : INFO : EventManager : Event: ======'timer_varitarget_reset_timer_tick'====== Args={'ticks': 12, 'ticks_remaining': 999987}
2026-08-11 12:50:12,131 : INFO : EventManager : Event: ======'varitarget_reset_step'====== Args={'priority': 0}
2026-08-11 12:50:12,131 : INFO : coil.c_16_varitarget_reset : Pulsing Driver for 5ms (1.0 pulse_power)
2026-08-11 12:50:12,131 : INFO : EventManager : Event: ======'player_varitarget_reset_attempts'====== Args={'value': 14, 'prev_value': 13, 'change': 1, 'player_num': 1, 'source': 'base'}
2026-08-11 12:50:12,338 : INFO : EventManager : Event: ======'player_base_varitarget_reset_timer_tick'====== Args={'value': 13, 'prev_value': 12, 'change': 1, 'player_num': 1}
2026-08-11 12:50:12,338 : INFO : EventManager : Event: ======'timer_varitarget_reset_timer_tick'====== Args={'ticks': 13, 'ticks_remaining': 999986}
2026-08-11 12:50:12,338 : INFO : EventManager : Event: ======'varitarget_reset_step'====== Args={'priority': 0}
2026-08-11 12:50:12,338 : INFO : coil.c_16_varitarget_reset : Pulsing Driver for 5ms (1.0 pulse_power)
2026-08-11 12:50:12,339 : INFO : EventManager : Event: ======'player_varitarget_reset_attempts'====== Args={'value': 15, 'prev_value': 14, 'change': 1, 'player_num': 1, 'source': 'base'}
2026-08-11 12:50:12,544 : INFO : EventManager : Event: ======'player_base_varitarget_reset_timer_tick'====== Args={'value': 14, 'prev_value': 13, 'change': 1, 'player_num': 1}
2026-08-11 12:50:12,544 : INFO : EventManager : Event: ======'timer_varitarget_reset_timer_tick'====== Args={'ticks': 14, 'ticks_remaining': 999985}
2026-08-11 12:50:12,545 : INFO : EventManager : Event: ======'varitarget_reset_step'====== Args={'priority': 0}
2026-08-11 12:50:12,545 : INFO : coil.c_16_varitarget_reset : Pulsing Driver for 5ms (1.0 pulse_power)
2026-08-11 12:50:12,546 : INFO : EventManager : Event: ======'player_varitarget_reset_attempts'====== Args={'value': 16, 'prev_value': 15, 'change': 1, 'player_num': 1, 'source': 'base'}
2026-08-11 12:50:12,720 : INFO : SwitchController : <<<<<<< 's_60_top_lane_c' active >>>>>>>
2026-08-11 12:50:12,720 : INFO : EventManager : Event: ======'playfield_active'====== Args={'source': 'resistance_top_lane_stage_2'}
2026-08-11 12:50:12,720 : INFO : EventManager : Event: ======'unexpected_ball_on_playfield'====== Args={}
2026-08-11 12:50:12,720 : INFO : EventManager : Event: ======'playfield_active'====== Args={'source': 'resistance_top_lane_stage_3'}
2026-08-11 12:50:12,720 : INFO : EventManager : Event: ======'unexpected_ball_on_playfield'====== Args={}
2026-08-11 12:50:12,720 : INFO : EventManager : Event: ======'playfield_active'====== Args={'source': 'resistance_top_lane_stage_4'}
2026-08-11 12:50:12,720 : INFO : EventManager : Event: ======'unexpected_ball_on_playfield'====== Args={}
2026-08-11 12:50:12,720 : INFO : EventManager : Event: ======'s_60_top_lane_c_active'====== Args={}
2026-08-11 12:50:12,720 : INFO : EventManager : Event: ======'sw_playfield_active'====== Args={}
2026-08-11 12:50:12,720 : INFO : EventManager : Event: ======'sw_top_lanes'====== Args={}
2026-08-11 12:50:12,721 : INFO : EventManager : Event: ======'machine_var_audits_switches_s_60_top_lane_c'====== Args={'value': 801, 'prev_value': 800, 'change': 1}
2026-08-11 12:50:12,721 : INFO : EventManager : Event: ======'top_lane_c_turn_on'====== Args={'priority': 0}
2026-08-11 12:50:12,722 : INFO : EventManager : Event: ======'awareness_add_3'====== Args={'priority': 0}
2026-08-11 12:50:12,722 : INFO : EventManager : Event: ======'top_lanes_check'====== Args={'priority': 0}
2026-08-11 12:50:12,722 : INFO : EventManager : Event: ======'player_top_lane_c_lit'====== Args={'value': 1, 'prev_value': 0, 'change': 1, 'player_num': 1, 'source': 'spinner_2x_qualify'}
2026-08-11 12:50:12,722 : INFO : EventManager : Event: ======'spinner_2x_stop'====== Args={'priority': 0}
2026-08-11 12:50:12,722 : INFO : EventManager : Event: ======'player_awareness'====== Args={'value': 26, 'prev_value': 23, 'change': 3, 'player_num': 1, 'source': 'awareness'}
2026-08-11 12:50:12,722 : INFO : EventManager : Event: ======'player_awareness_percent'====== Args={'value': 14, 'prev_value': 13, 'change': 1, 'player_num': 1, 'source': 'awareness'}
2026-08-11 12:50:12,722 : INFO : EventManager : Event: ======'playfield_active'====== Args={'source': None}
2026-08-11 12:50:12,722 : INFO : EventManager : Event: ======'unexpected_ball_on_playfield'====== Args={}
2026-08-11 12:50:12,723 : INFO : EventManager : Event: ======'player_score'====== Args={'value': 4612646, 'prev_value': 4607646, 'change': 5000, 'player_num': 1, 'source': 'base'}
2026-08-11 12:50:12,752 : INFO : EventManager : Event: ======'player_base_varitarget_reset_timer_tick'====== Args={'value': 15, 'prev_value': 14, 'change': 1, 'player_num': 1}
2026-08-11 12:50:12,752 : INFO : EventManager : Event: ======'timer_varitarget_reset_timer_tick'====== Args={'ticks': 15, 'ticks_remaining': 999984}
2026-08-11 12:50:12,753 : INFO : EventManager : Event: ======'varitarget_reset_step'====== Args={'priority': 0}
2026-08-11 12:50:12,754 : INFO : coil.c_16_varitarget_reset : Pulsing Driver for 5ms (1.0 pulse_power)
2026-08-11 12:50:12,754 : INFO : EventManager : Event: ======'player_varitarget_reset_attempts'====== Args={'value': 17, 'prev_value': 16, 'change': 1, 'player_num': 1, 'source': 'base'}
2026-08-11 12:50:12,768 : INFO : SwitchController : <<<<<<< 's_60_top_lane_c' inactive >>>>>>>
2026-08-11 12:50:12,928 : INFO : EventManager : Event: ======'player_base_varitarget_reset_timer_tick'====== Args={'value': 16, 'prev_value': 15, 'change': 1, 'player_num': 1}
2026-08-11 12:50:12,929 : INFO : EventManager : Event: ======'timer_varitarget_reset_timer_tick'====== Args={'ticks': 16, 'ticks_remaining': 999983}
2026-08-11 12:50:12,929 : INFO : EventManager : Event: ======'varitarget_reset_step'====== Args={'priority': 0}
2026-08-11 12:50:12,929 : INFO : coil.c_16_varitarget_reset : Pulsing Driver for 5ms (1.0 pulse_power)
2026-08-11 12:50:12,929 : INFO : EventManager : Event: ======'player_varitarget_reset_attempts'====== Args={'value': 18, 'prev_value': 17, 'change': 1, 'player_num': 1, 'source': 'base'}
2026-08-11 12:50:13,134 : INFO : EventManager : Event: ======'player_base_varitarget_reset_timer_tick'====== Args={'value': 17, 'prev_value': 16, 'change': 1, 'player_num': 1}
2026-08-11 12:50:13,134 : INFO : EventManager : Event: ======'timer_varitarget_reset_timer_tick'====== Args={'ticks': 17, 'ticks_remaining': 999982}
2026-08-11 12:50:13,135 : INFO : EventManager : Event: ======'varitarget_reset_step'====== Args={'priority': 0}
2026-08-11 12:50:13,135 : INFO : coil.c_16_varitarget_reset : Pulsing Driver for 5ms (1.0 pulse_power)
2026-08-11 12:50:13,135 : INFO : EventManager : Event: ======'player_varitarget_reset_attempts'====== Args={'value': 19, 'prev_value': 18, 'change': 1, 'player_num': 1, 'source': 'base'}
2026-08-11 12:50:13,339 : INFO : EventManager : Event: ======'player_base_varitarget_reset_timer_tick'====== Args={'value': 18, 'prev_value': 17, 'change': 1, 'player_num': 1}
2026-08-11 12:50:13,339 : INFO : EventManager : Event: ======'timer_varitarget_reset_timer_tick'====== Args={'ticks': 18, 'ticks_remaining': 999981}
2026-08-11 12:50:13,339 : INFO : EventManager : Event: ======'varitarget_reset_step'====== Args={'priority': 0}
2026-08-11 12:50:13,339 : INFO : coil.c_16_varitarget_reset : Pulsing Driver for 5ms (1.0 pulse_power)
2026-08-11 12:50:13,340 : INFO : EventManager : Event: ======'player_varitarget_reset_attempts'====== Args={'value': 20, 'prev_value': 19, 'change': 1, 'player_num': 1, 'source': 'base'}
2026-08-11 12:50:13,372 : INFO : SwitchController : <<<<<<< 's_63_stand_up_target_3' active >>>>>>>
2026-08-11 12:50:13,372 : INFO : EventManager : Event: ======'s_63_stand_up_target_3_active'====== Args={}
2026-08-11 12:50:13,372 : INFO : EventManager : Event: ======'sw_playfield_active'====== Args={}
2026-08-11 12:50:13,372 : INFO : EventManager : Event: ======'sw_standups'====== Args={}
2026-08-11 12:50:13,372 : INFO : EventManager : Event: ======'machine_var_audits_switches_s_63_stand_up_target_3'====== Args={'value': 308, 'prev_value': 307, 'change': 1}
2026-08-11 12:50:13,373 : INFO : EventManager : Event: ======'stars_t63_on'====== Args={'priority': 0}
2026-08-11 12:50:13,373 : INFO : EventManager : Event: ======'awareness_add_4'====== Args={'priority': 0}
2026-08-11 12:50:13,373 : INFO : EventManager : Event: ======'stars_count_updated'====== Args={'priority': 0}
2026-08-11 12:50:13,373 : INFO : EventManager : Event: ======'stars_monitor_t63_on'====== Args={'priority': 0}
2026-08-11 12:50:13,373 : INFO : EventManager : Event: ======'player_stars_t63'====== Args={'value': 1, 'prev_value': 0, 'change': 1, 'player_num': 1, 'source': 'stars_mode'}
2026-08-11 12:50:13,373 : INFO : EventManager : Event: ======'player_stars_targets_lit_count'====== Args={'value': 1, 'prev_value': 0, 'change': 1, 'player_num': 1, 'source': 'stars_mode'}
2026-08-11 12:50:13,374 : INFO : EventManager : Event: ======'player_awareness'====== Args={'value': 30, 'prev_value': 26, 'change': 4, 'player_num': 1, 'source': 'awareness'}
2026-08-11 12:50:13,374 : INFO : EventManager : Event: ======'player_awareness_percent'====== Args={'value': 17, 'prev_value': 14, 'change': 3, 'player_num': 1, 'source': 'awareness'}
2026-08-11 12:50:13,374 : INFO : EventManager : Event: ======'playfield_active'====== Args={'source': None}
2026-08-11 12:50:13,374 : INFO : EventManager : Event: ======'unexpected_ball_on_playfield'====== Args={}
2026-08-11 12:50:13,374 : INFO : EventManager : Event: ======'player_score'====== Args={'value': 4612688, 'prev_value': 4612646, 'change': 42, 'player_num': 1, 'source': 'base'}
2026-08-11 12:50:13,386 : INFO : SwitchController : <<<<<<< 's_63_stand_up_target_3' inactive >>>>>>>
2026-08-11 12:50:13,544 : INFO : EventManager : Event: ======'player_base_varitarget_reset_timer_tick'====== Args={'value': 19, 'prev_value': 18, 'change': 1, 'player_num': 1}
2026-08-11 12:50:13,544 : INFO : EventManager : Event: ======'timer_varitarget_reset_timer_tick'====== Args={'ticks': 19, 'ticks_remaining': 999980}
2026-08-11 12:50:13,545 : INFO : EventManager : Event: ======'varitarget_reset_step'====== Args={'priority': 0}
2026-08-11 12:50:13,545 : INFO : coil.c_16_varitarget_reset : Pulsing Driver for 5ms (1.0 pulse_power)
2026-08-11 12:50:13,546 : INFO : EventManager : Event: ======'player_varitarget_reset_attempts'====== Args={'value': 21, 'prev_value': 20, 'change': 1, 'player_num': 1, 'source': 'base'}
2026-08-11 12:50:13,739 : INFO : EventManager : Event: ======'player_base_varitarget_reset_timer_tick'====== Args={'value': 20, 'prev_value': 19, 'change': 1, 'player_num': 1}
2026-08-11 12:50:13,740 : INFO : EventManager : Event: ======'timer_varitarget_reset_timer_tick'====== Args={'ticks': 20, 'ticks_remaining': 999979}
2026-08-11 12:50:13,741 : INFO : EventManager : Event: ======'varitarget_reset_step'====== Args={'priority': 0}
2026-08-11 12:50:13,741 : INFO : coil.c_16_varitarget_reset : Pulsing Driver for 5ms (1.0 pulse_power)
2026-08-11 12:50:13,742 : INFO : EventManager : Event: ======'player_varitarget_reset_attempts'====== Args={'value': 22, 'prev_value': 21, 'change': 1, 'player_num': 1, 'source': 'base'}
2026-08-11 12:50:13,939 : INFO : EventManager : Event: ======'player_base_varitarget_reset_timer_tick'====== Args={'value': 21, 'prev_value': 20, 'change': 1, 'player_num': 1}
2026-08-11 12:50:13,940 : INFO : EventManager : Event: ======'timer_varitarget_reset_timer_tick'====== Args={'ticks': 21, 'ticks_remaining': 999978}
2026-08-11 12:50:13,940 : INFO : EventManager : Event: ======'varitarget_reset_step'====== Args={'priority': 0}
2026-08-11 12:50:13,940 : INFO : coil.c_16_varitarget_reset : Pulsing Driver for 5ms (1.0 pulse_power)
2026-08-11 12:50:13,940 : INFO : EventManager : Event: ======'player_varitarget_reset_attempts'====== Args={'value': 23, 'prev_value': 22, 'change': 1, 'player_num': 1, 'source': 'base'}
2026-08-11 12:50:14,034 : INFO : SwitchController : <<<<<<< 's_61_top_lane_b' active >>>>>>>
2026-08-11 12:50:14,034 : INFO : EventManager : Event: ======'s_61_top_lane_b_active'====== Args={}
2026-08-11 12:50:14,034 : INFO : EventManager : Event: ======'sw_playfield_active'====== Args={}
2026-08-11 12:50:14,034 : INFO : EventManager : Event: ======'sw_top_lanes'====== Args={}
2026-08-11 12:50:14,034 : INFO : EventManager : Event: ======'machine_var_audits_switches_s_61_top_lane_b'====== Args={'value': 743, 'prev_value': 742, 'change': 1}
2026-08-11 12:50:14,035 : INFO : EventManager : Event: ======'top_lane_b_turn_on'====== Args={'priority': 0}
2026-08-11 12:50:14,035 : INFO : EventManager : Event: ======'shotgun_lane_b_charged'====== Args={'priority': 0}
2026-08-11 12:50:14,035 : INFO : EventManager : Event: ======'awareness_add_3'====== Args={'priority': 0}
2026-08-11 12:50:14,035 : INFO : EventManager : Event: ======'top_lanes_check'====== Args={'priority': 0}
2026-08-11 12:50:14,035 : INFO : EventManager : Event: ======'player_top_lane_b_lit'====== Args={'value': 1, 'prev_value': 0, 'change': 1, 'player_num': 1, 'source': 'spinner_2x_qualify'}
2026-08-11 12:50:14,036 : INFO : EventManager : Event: ======'spinner_2x_stop'====== Args={'priority': 0}
2026-08-11 12:50:14,036 : INFO : EventManager : Event: ======'player_awareness'====== Args={'value': 33, 'prev_value': 30, 'change': 3, 'player_num': 1, 'source': 'awareness'}
2026-08-11 12:50:14,036 : INFO : EventManager : Event: ======'player_awareness_percent'====== Args={'value': 18, 'prev_value': 17, 'change': 1, 'player_num': 1, 'source': 'awareness'}
2026-08-11 12:50:14,036 : INFO : EventManager : Event: ======'playfield_active'====== Args={'source': None}
2026-08-11 12:50:14,036 : INFO : EventManager : Event: ======'unexpected_ball_on_playfield'====== Args={}
2026-08-11 12:50:14,037 : INFO : EventManager : Event: ======'player_score'====== Args={'value': 4617688, 'prev_value': 4612688, 'change': 5000, 'player_num': 1, 'source': 'base'}
2026-08-11 12:50:14,050 : INFO : SwitchController : <<<<<<< 's_61_top_lane_b' inactive >>>>>>>
2026-08-11 12:50:14,066 : INFO : SwitchController : <<<<<<< 's_61_top_lane_b' active >>>>>>>
2026-08-11 12:50:14,066 : INFO : EventManager : Event: ======'s_61_top_lane_b_active'====== Args={}
2026-08-11 12:50:14,066 : INFO : EventManager : Event: ======'sw_playfield_active'====== Args={}
2026-08-11 12:50:14,066 : INFO : EventManager : Event: ======'sw_top_lanes'====== Args={}
2026-08-11 12:50:14,066 : INFO : EventManager : Event: ======'machine_var_audits_switches_s_61_top_lane_b'====== Args={'value': 744, 'prev_value': 743, 'change': 1}
2026-08-11 12:50:14,068 : INFO : EventManager : Event: ======'top_lane_b_turn_off'====== Args={'priority': 0}
2026-08-11 12:50:14,069 : INFO : EventManager : Event: ======'shotgun_lane_b_charged'====== Args={'priority': 0}
2026-08-11 12:50:14,069 : INFO : EventManager : Event: ======'awareness_add_3'====== Args={'priority': 0}
2026-08-11 12:50:14,069 : INFO : EventManager : Event: ======'top_lanes_check'====== Args={'priority': 0}
2026-08-11 12:50:14,069 : INFO : EventManager : Event: ======'player_top_lane_b_lit'====== Args={'value': 0, 'prev_value': 1, 'change': -1, 'player_num': 1, 'source': 'spinner_2x_qualify'}
2026-08-11 12:50:14,069 : INFO : EventManager : Event: ======'spinner_2x_stop'====== Args={'priority': 0}
2026-08-11 12:50:14,069 : INFO : EventManager : Event: ======'player_awareness'====== Args={'value': 36, 'prev_value': 33, 'change': 3, 'player_num': 1, 'source': 'awareness'}
2026-08-11 12:50:14,070 : INFO : EventManager : Event: ======'player_awareness_percent'====== Args={'value': 20, 'prev_value': 18, 'change': 2, 'player_num': 1, 'source': 'awareness'}
2026-08-11 12:50:14,070 : INFO : EventManager : Event: ======'playfield_active'====== Args={'source': None}
2026-08-11 12:50:14,070 : INFO : EventManager : Event: ======'unexpected_ball_on_playfield'====== Args={}
2026-08-11 12:50:14,070 : INFO : EventManager : Event: ======'player_score'====== Args={'value': 4622688, 'prev_value': 4617688, 'change': 5000, 'player_num': 1, 'source': 'base'}
2026-08-11 12:50:14,116 : INFO : SwitchController : <<<<<<< 's_61_top_lane_b' inactive >>>>>>>
2026-08-11 12:50:14,129 : INFO : EventManager : Event: ======'player_base_varitarget_reset_timer_tick'====== Args={'value': 22, 'prev_value': 21, 'change': 1, 'player_num': 1}
2026-08-11 12:50:14,129 : INFO : EventManager : Event: ======'timer_varitarget_reset_timer_tick'====== Args={'ticks': 22, 'ticks_remaining': 999977}
2026-08-11 12:50:14,129 : INFO : EventManager : Event: ======'varitarget_reset_step'====== Args={'priority': 0}
2026-08-11 12:50:14,130 : INFO : coil.c_16_varitarget_reset : Pulsing Driver for 5ms (1.0 pulse_power)
2026-08-11 12:50:14,130 : INFO : EventManager : Event: ======'player_varitarget_reset_attempts'====== Args={'value': 24, 'prev_value': 23, 'change': 1, 'player_num': 1, 'source': 'base'}
2026-08-11 12:50:14,336 : INFO : EventManager : Event: ======'player_base_varitarget_reset_timer_tick'====== Args={'value': 23, 'prev_value': 22, 'change': 1, 'player_num': 1}
2026-08-11 12:50:14,336 : INFO : EventManager : Event: ======'timer_varitarget_reset_timer_tick'====== Args={'ticks': 23, 'ticks_remaining': 999976}
2026-08-11 12:50:14,336 : INFO : EventManager : Event: ======'varitarget_reset_step'====== Args={'priority': 0}
2026-08-11 12:50:14,336 : INFO : coil.c_16_varitarget_reset : Pulsing Driver for 5ms (1.0 pulse_power)
2026-08-11 12:50:14,337 : INFO : EventManager : Event: ======'player_varitarget_reset_attempts'====== Args={'value': 25, 'prev_value': 24, 'change': 1, 'player_num': 1, 'source': 'base'}
2026-08-11 12:50:14,433 : INFO : SwitchController : <<<<<<< 's_57_pop_bumper_center' active >>>>>>>
2026-08-11 12:50:14,433 : INFO : EventManager : Event: ======'s_57_pop_bumper_center_active'====== Args={}
2026-08-11 12:50:14,433 : INFO : EventManager : Event: ======'sw_pops'====== Args={}
2026-08-11 12:50:14,433 : INFO : EventManager : Event: ======'playfield_active'====== Args={'source': 'ac_pop_2'}
2026-08-11 12:50:14,433 : INFO : EventManager : Event: ======'unexpected_ball_on_playfield'====== Args={}
2026-08-11 12:50:14,433 : INFO : EventManager : Event: ======'machine_var_audits_switches_s_57_pop_bumper_center'====== Args={'value': 1845, 'prev_value': 1844, 'change': 1}
2026-08-11 12:50:14,434 : INFO : EventManager : Event: ======'logicblock_super_pops_phase1_counter_updated'====== Args={'value': 1, 'enabled': True}
2026-08-11 12:50:14,434 : INFO : EventManager : Event: ======'counter_super_pops_phase1_counter_hit'====== Args={'count': 1, 'hits': 1, 'remaining': 4}
2026-08-11 12:50:14,434 : INFO : EventManager : Event: ======'logicblock_super_pops_phase1_counter_hit'====== Args={'count': 1, 'hits': 1, 'remaining': 4}
2026-08-11 12:50:14,434 : INFO : EventManager : Event: ======'awareness_add_1'====== Args={'priority': 0}
2026-08-11 12:50:14,434 : INFO : EventManager : Event: ======'player_awareness'====== Args={'value': 37, 'prev_value': 36, 'change': 1, 'player_num': 1, 'source': 'awareness'}
2026-08-11 12:50:14,435 : INFO : EventManager : Event: ======'player_awareness_percent'====== Args={'value': 21, 'prev_value': 20, 'change': 1, 'player_num': 1, 'source': 'awareness'}
2026-08-11 12:50:14,435 : INFO : EventManager : Event: ======'player_score'====== Args={'value': 4622730, 'prev_value': 4622688, 'change': 42, 'player_num': 1, 'source': 'base'}
2026-08-11 12:50:14,436 : INFO : SwitchController : <<<<<<< 's_57_pop_bumper_center' inactive >>>>>>>
2026-08-11 12:50:14,542 : INFO : EventManager : Event: ======'player_base_varitarget_reset_timer_tick'====== Args={'value': 24, 'prev_value': 23, 'change': 1, 'player_num': 1}
2026-08-11 12:50:14,542 : INFO : EventManager : Event: ======'timer_varitarget_reset_timer_tick'====== Args={'ticks': 24, 'ticks_remaining': 999975}
2026-08-11 12:50:14,543 : INFO : EventManager : Event: ======'varitarget_reset_stop'====== Args={'priority': 0}
2026-08-11 12:50:14,544 : INFO : EventManager : Event: ======'varitarget_reset_failed'====== Args={'priority': 0}
2026-08-11 12:50:14,544 : INFO : Timer.varitarget_reset_timer : Stopping Timer
2026-08-11 12:50:14,544 : INFO : EventManager : Event: ======'timer_varitarget_reset_timer_stopped'====== Args={'ticks': 24, 'ticks_remaining': 999975}
2026-08-11 12:50:14,765 : INFO : SwitchController : <<<<<<< 's_58_pop_bumper_left' active >>>>>>>
2026-08-11 12:50:14,766 : INFO : EventManager : Event: ======'s_58_pop_bumper_left_active'====== Args={}
2026-08-11 12:50:14,766 : INFO : EventManager : Event: ======'sw_pops'====== Args={}
2026-08-11 12:50:14,766 : INFO : EventManager : Event: ======'playfield_active'====== Args={'source': 'ac_pop_1'}
2026-08-11 12:50:14,766 : INFO : EventManager : Event: ======'unexpected_ball_on_playfield'====== Args={}
2026-08-11 12:50:14,766 : INFO : EventManager : Event: ======'machine_var_audits_switches_s_58_pop_bumper_left'====== Args={'value': 2673, 'prev_value': 2672, 'change': 1}
2026-08-11 12:50:14,767 : INFO : EventManager : Event: ======'logicblock_super_pops_phase1_counter_updated'====== Args={'value': 2, 'enabled': True}
2026-08-11 12:50:14,767 : INFO : EventManager : Event: ======'counter_super_pops_phase1_counter_hit'====== Args={'count': 2, 'hits': 2, 'remaining': 3}
2026-08-11 12:50:14,767 : INFO : EventManager : Event: ======'logicblock_super_pops_phase1_counter_hit'====== Args={'count': 2, 'hits': 2, 'remaining': 3}
2026-08-11 12:50:14,767 : INFO : EventManager : Event: ======'awareness_add_1'====== Args={'priority': 0}
2026-08-11 12:50:14,767 : INFO : EventManager : Event: ======'player_awareness'====== Args={'value': 38, 'prev_value': 37, 'change': 1, 'player_num': 1, 'source': 'awareness'}
2026-08-11 12:50:14,768 : INFO : EventManager : Event: ======'player_score'====== Args={'value': 4622772, 'prev_value': 4622730, 'change': 42, 'player_num': 1, 'source': 'base'}
2026-08-11 12:50:14,782 : INFO : SwitchController : <<<<<<< 's_58_pop_bumper_left' inactive >>>>>>>
2026-08-11 12:50:15,321 : INFO : SwitchController : <<<<<<< 's_57_pop_bumper_center' active >>>>>>>
2026-08-11 12:50:15,321 : INFO : EventManager : Event: ======'s_57_pop_bumper_center_active'====== Args={}
2026-08-11 12:50:15,322 : INFO : EventManager : Event: ======'sw_pops'====== Args={}
2026-08-11 12:50:15,322 : INFO : EventManager : Event: ======'playfield_active'====== Args={'source': 'ac_pop_2'}
2026-08-11 12:50:15,322 : INFO : EventManager : Event: ======'unexpected_ball_on_playfield'====== Args={}
2026-08-11 12:50:15,322 : INFO : EventManager : Event: ======'machine_var_audits_switches_s_57_pop_bumper_center'====== Args={'value': 1846, 'prev_value': 1845, 'change': 1}
2026-08-11 12:50:15,322 : INFO : EventManager : Event: ======'logicblock_super_pops_phase1_counter_updated'====== Args={'value': 3, 'enabled': True}
2026-08-11 12:50:15,323 : INFO : EventManager : Event: ======'counter_super_pops_phase1_counter_hit'====== Args={'count': 3, 'hits': 3, 'remaining': 2}
2026-08-11 12:50:15,323 : INFO : EventManager : Event: ======'logicblock_super_pops_phase1_counter_hit'====== Args={'count': 3, 'hits': 3, 'remaining': 2}
2026-08-11 12:50:15,323 : INFO : EventManager : Event: ======'awareness_add_1'====== Args={'priority': 0}
2026-08-11 12:50:15,323 : INFO : EventManager : Event: ======'player_awareness'====== Args={'value': 39, 'prev_value': 38, 'change': 1, 'player_num': 1, 'source': 'awareness'}
2026-08-11 12:50:15,323 : INFO : EventManager : Event: ======'player_awareness_percent'====== Args={'value': 22, 'prev_value': 21, 'change': 1, 'player_num': 1, 'source': 'awareness'}
2026-08-11 12:50:15,323 : INFO : EventManager : Event: ======'player_score'====== Args={'value': 4622814, 'prev_value': 4622772, 'change': 42, 'player_num': 1, 'source': 'base'}
2026-08-11 12:50:15,324 : INFO : SwitchController : <<<<<<< 's_57_pop_bumper_center' inactive >>>>>>>
2026-08-11 12:50:15,352 : INFO : SwitchController : <<<<<<< 's_64_varitarget_position_1' active >>>>>>>
2026-08-11 12:50:15,352 : INFO : EventManager : Event: ======'playfield_active'====== Args={'source': 'varitarget_p1'}
2026-08-11 12:50:15,352 : INFO : EventManager : Event: ======'unexpected_ball_on_playfield'====== Args={}
2026-08-11 12:50:15,352 : INFO : EventManager : Event: ======'s_64_varitarget_position_1_active'====== Args={}
2026-08-11 12:50:15,352 : INFO : EventManager : Event: ======'sw_vari'====== Args={}
2026-08-11 12:50:15,353 : INFO : EventManager : Event: ======'machine_var_audits_switches_s_64_varitarget_position_1'====== Args={'value': 11059, 'prev_value': 11058, 'change': 1}
2026-08-11 12:50:15,353 : INFO : SwitchController : <<<<<<< 's_64_varitarget_position_1' inactive >>>>>>>
2026-08-11 12:50:15,353 : INFO : SwitchController : <<<<<<< 's_58_pop_bumper_left' active >>>>>>>
2026-08-11 12:50:15,353 : INFO : EventManager : Event: ======'s_58_pop_bumper_left_active'====== Args={}
2026-08-11 12:50:15,353 : INFO : EventManager : Event: ======'sw_pops'====== Args={}
2026-08-11 12:50:15,353 : INFO : EventManager : Event: ======'playfield_active'====== Args={'source': 'ac_pop_1'}
2026-08-11 12:50:15,353 : INFO : EventManager : Event: ======'unexpected_ball_on_playfield'====== Args={}
2026-08-11 12:50:15,353 : INFO : EventManager : Event: ======'machine_var_audits_switches_s_58_pop_bumper_left'====== Args={'value': 2674, 'prev_value': 2673, 'change': 1}
2026-08-11 12:50:15,354 : INFO : EventManager : Event: ======'glasses_pending_position_1'====== Args={'priority': 0}
2026-08-11 12:50:15,354 : INFO : EventManager : Event: ======'machine_var_audits_shots_varitarget_p1'====== Args={'value': 11051, 'prev_value': 11050, 'change': 1}
2026-08-11 12:50:15,354 : INFO : EventManager : Event: ======'varitarget_p1_hit'====== Args={'profile': 'default', 'state': 'lit', 'advancing': False}
2026-08-11 12:50:15,354 : INFO : EventManager : Event: ======'varitarget_p1_default_hit'====== Args={'profile': 'default', 'state': 'lit', 'advancing': False}
2026-08-11 12:50:15,354 : INFO : EventManager : Event: ======'varitarget_p1_default_lit_hit'====== Args={'profile': 'default', 'state': 'lit', 'advancing': False}
2026-08-11 12:50:15,354 : INFO : EventManager : Event: ======'varitarget_p1_lit_hit'====== Args={'profile': 'default', 'state': 'lit', 'advancing': False}
2026-08-11 12:50:15,354 : INFO : EventManager : Event: ======'varitarget_position_changed'====== Args={'priority': 0}
2026-08-11 12:50:15,354 : INFO : EventManager : Event: ======'varitarget_reset_stop'====== Args={'priority': 0}
2026-08-11 12:50:15,354 : INFO : EventManager : Event: ======'varitarget_reset_complete'====== Args={'priority': 0}
2026-08-11 12:50:15,355 : INFO : EventManager : Event: ======'glasses_position_confirm_restart'====== Args={'priority': 0}
2026-08-11 12:50:15,355 : INFO : Timer.glasses_position_confirm : Starting Timer.
2026-08-11 12:50:15,355 : INFO : EventManager : Event: ======'timer_glasses_position_confirm_started'====== Args={'ticks': 0, 'ticks_remaining': 1}
2026-08-11 12:50:15,355 : INFO : EventManager : Event: ======'timer_glasses_position_confirm_tick'====== Args={'ticks': 0, 'ticks_remaining': 1}
2026-08-11 12:50:15,355 : INFO : EventManager : Event: ======'varitarget_positions_hit'====== Args={'shot': 'varitarget_p1'}
2026-08-11 12:50:15,355 : INFO : EventManager : Event: ======'varitarget_positions_lit_hit'====== Args={'shot': 'varitarget_p1'}
2026-08-11 12:50:15,355 : INFO : EventManager : Event: ======'varitarget_update_stable'====== Args={'priority': 0}
2026-08-11 12:50:15,355 : INFO : Timer.varitarget_reset_timer : Stopping Timer
2026-08-11 12:50:15,355 : INFO : EventManager : Event: ======'timer_varitarget_reset_timer_stopped'====== Args={'ticks': 24, 'ticks_remaining': 999975}
2026-08-11 12:50:15,355 : INFO : EventManager : Event: ======'player_score'====== Args={'value': 4622856, 'prev_value': 4622814, 'change': 42, 'player_num': 1, 'source': 'base'}
2026-08-11 12:50:15,355 : INFO : EventManager : Event: ======'logicblock_super_pops_phase1_counter_updated'====== Args={'value': 4, 'enabled': True}
2026-08-11 12:50:15,355 : INFO : EventManager : Event: ======'counter_super_pops_phase1_counter_hit'====== Args={'count': 4, 'hits': 4, 'remaining': 1}
2026-08-11 12:50:15,355 : INFO : EventManager : Event: ======'logicblock_super_pops_phase1_counter_hit'====== Args={'count': 4, 'hits': 4, 'remaining': 1}
2026-08-11 12:50:15,356 : INFO : EventManager : Event: ======'awareness_add_1'====== Args={'priority': 0}
2026-08-11 12:50:15,356 : INFO : EventManager : Event: ======'player_awareness'====== Args={'value': 40, 'prev_value': 39, 'change': 1, 'player_num': 1, 'source': 'awareness'}
2026-08-11 12:50:15,356 : INFO : EventManager : Event: ======'player_score'====== Args={'value': 4622898, 'prev_value': 4622856, 'change': 42, 'player_num': 1, 'source': 'base'}
2026-08-11 12:50:15,368 : INFO : SwitchController : <<<<<<< 's_58_pop_bumper_left' inactive >>>>>>>
2026-08-11 12:50:15,399 : INFO : SwitchController : <<<<<<< 's_58_pop_bumper_left' active >>>>>>>
2026-08-11 12:50:15,400 : INFO : EventManager : Event: ======'playfield_active'====== Args={'source': 'ac_pop_1'}
2026-08-11 12:50:15,400 : INFO : EventManager : Event: ======'unexpected_ball_on_playfield'====== Args={}
2026-08-11 12:50:15,400 : INFO : EventManager : Event: ======'machine_var_audits_switches_s_58_pop_bumper_left'====== Args={'value': 2675, 'prev_value': 2674, 'change': 1}
2026-08-11 12:50:15,400 : INFO : SwitchController : <<<<<<< 's_58_pop_bumper_left' inactive >>>>>>>
2026-08-11 12:50:15,415 : INFO : SwitchController : <<<<<<< 's_57_pop_bumper_center' active >>>>>>>
2026-08-11 12:50:15,416 : INFO : EventManager : Event: ======'s_57_pop_bumper_center_active'====== Args={}
2026-08-11 12:50:15,416 : INFO : EventManager : Event: ======'sw_pops'====== Args={}
2026-08-11 12:50:15,416 : INFO : EventManager : Event: ======'playfield_active'====== Args={'source': 'ac_pop_2'}
2026-08-11 12:50:15,416 : INFO : EventManager : Event: ======'unexpected_ball_on_playfield'====== Args={}
2026-08-11 12:50:15,416 : INFO : EventManager : Event: ======'machine_var_audits_switches_s_57_pop_bumper_center'====== Args={'value': 1847, 'prev_value': 1846, 'change': 1}
2026-08-11 12:50:15,416 : INFO : EventManager : Event: ======'logicblock_super_pops_phase1_counter_updated'====== Args={'value': 5, 'enabled': True}
2026-08-11 12:50:15,417 : INFO : EventManager : Event: ======'counter_super_pops_phase1_counter_hit'====== Args={'count': 5, 'hits': 5, 'remaining': 0}
2026-08-11 12:50:15,417 : INFO : EventManager : Event: ======'logicblock_super_pops_phase1_counter_hit'====== Args={'count': 5, 'hits': 5, 'remaining': 0}
2026-08-11 12:50:15,417 : INFO : EventManager : Event: ======'super_pops_phase1_start'====== Args={}
2026-08-11 12:50:15,417 : INFO : EventManager : Event: ======'logicblock_super_pops_phase1_counter_updated'====== Args={'value': 0, 'enabled': True}
2026-08-11 12:50:15,417 : INFO : EventManager : Event: ======'logicblock_super_pops_phase1_counter_updated'====== Args={'value': 0, 'enabled': False}
2026-08-11 12:50:15,417 : INFO : EventManager : Event: ======'awareness_add_1'====== Args={'priority': 0}
2026-08-11 12:50:15,417 : INFO : EventManager : Event: ======'logicblock_super_pops_phase2_counter_updated'====== Args={'value': 0, 'enabled': True}
2026-08-11 12:50:15,417 : INFO : EventManager : Event: ======'logicblock_super_pops_phase2_counter_updated'====== Args={'value': 0, 'enabled': True}
2026-08-11 12:50:15,417 : INFO : EventManager : Event: ======'super_pops_timer_phase1'====== Args={'priority': 0}
2026-08-11 12:50:15,417 : INFO : EventManager : Event: ======'player_super_pops_multiplier'====== Args={'value': 2, 'prev_value': 1, 'change': 1, 'player_num': 1, 'source': 'super_pops'}
2026-08-11 12:50:15,417 : INFO : EventManager : Event: ======'super_pops_timer_phase1_jump'====== Args={'priority': 0}
2026-08-11 12:50:15,418 : INFO : EventManager : Event: ======'player_super_pops_super_pops_mult_timer_tick'====== Args={'value': 10, 'prev_value': 0, 'change': 10, 'player_num': 1}
2026-08-11 12:50:15,418 : INFO : EventManager : Event: ======'player_awareness'====== Args={'value': 41, 'prev_value': 40, 'change': 1, 'player_num': 1, 'source': 'awareness'}
2026-08-11 12:50:15,418 : INFO : EventManager : Event: ======'player_awareness_percent'====== Args={'value': 23, 'prev_value': 22, 'change': 1, 'player_num': 1, 'source': 'awareness'}
2026-08-11 12:50:15,418 : INFO : EventManager : Event: ======'player_score'====== Args={'value': 4622940, 'prev_value': 4622898, 'change': 42, 'player_num': 1, 'source': 'base'}
2026-08-11 12:50:15,419 : INFO : SwitchController : <<<<<<< 's_57_pop_bumper_center' inactive >>>>>>>
2026-08-11 12:50:15,463 : INFO : SwitchController : <<<<<<< 's_56_pop_bumper_right' active >>>>>>>
2026-08-11 12:50:15,463 : INFO : EventManager : Event: ======'s_56_pop_bumper_right_active'====== Args={}
2026-08-11 12:50:15,463 : INFO : EventManager : Event: ======'sw_pops'====== Args={}
2026-08-11 12:50:15,463 : INFO : EventManager : Event: ======'playfield_active'====== Args={'source': 'ac_pop_3'}
2026-08-11 12:50:15,463 : INFO : EventManager : Event: ======'unexpected_ball_on_playfield'====== Args={}
2026-08-11 12:50:15,463 : INFO : EventManager : Event: ======'machine_var_audits_switches_s_56_pop_bumper_right'====== Args={'value': 827, 'prev_value': 826, 'change': 1}
2026-08-11 12:50:15,464 : INFO : EventManager : Event: ======'player_score'====== Args={'value': 4622982, 'prev_value': 4622940, 'change': 42, 'player_num': 1, 'source': 'super_pops'}
2026-08-11 12:50:15,464 : INFO : EventManager : Event: ======'logicblock_super_pops_phase2_counter_updated'====== Args={'value': 1, 'enabled': True}
2026-08-11 12:50:15,464 : INFO : EventManager : Event: ======'counter_super_pops_phase2_counter_hit'====== Args={'count': 1, 'hits': 1, 'remaining': 9}
2026-08-11 12:50:15,464 : INFO : EventManager : Event: ======'logicblock_super_pops_phase2_counter_hit'====== Args={'count': 1, 'hits': 1, 'remaining': 9}
2026-08-11 12:50:15,464 : INFO : EventManager : Event: ======'awareness_add_1'====== Args={'priority': 0}
2026-08-11 12:50:15,465 : INFO : EventManager : Event: ======'player_awareness'====== Args={'value': 42, 'prev_value': 41, 'change': 1, 'player_num': 1, 'source': 'awareness'}
2026-08-11 12:50:15,465 : INFO : EventManager : Event: ======'player_awareness_percent'====== Args={'value': 24, 'prev_value': 23, 'change': 1, 'player_num': 1, 'source': 'awareness'}
2026-08-11 12:50:15,465 : INFO : EventManager : Event: ======'player_score'====== Args={'value': 4623024, 'prev_value': 4622982, 'change': 42, 'player_num': 1, 'source': 'base'}
2026-08-11 12:50:15,479 : INFO : SwitchController : <<<<<<< 's_56_pop_bumper_right' inactive >>>>>>>
2026-08-11 12:50:15,509 : INFO : EventManager : Event: ======'super_pops_timer_phase1_start'====== Args={'priority': 0}
2026-08-11 12:50:15,509 : INFO : Timer.super_pops_mult_timer : Starting Timer.
2026-08-11 12:50:15,509 : INFO : EventManager : Event: ======'timer_super_pops_mult_timer_started'====== Args={'ticks': 10, 'ticks_remaining': 10}
2026-08-11 12:50:15,509 : INFO : EventManager : Event: ======'timer_super_pops_mult_timer_tick'====== Args={'ticks': 10, 'ticks_remaining': 10}
2026-08-11 12:50:15,527 : INFO : SwitchController : <<<<<<< 's_57_pop_bumper_center' active >>>>>>>
2026-08-11 12:50:15,527 : INFO : EventManager : Event: ======'s_57_pop_bumper_center_active'====== Args={}
2026-08-11 12:50:15,527 : INFO : EventManager : Event: ======'sw_pops'====== Args={}
2026-08-11 12:50:15,527 : INFO : EventManager : Event: ======'playfield_active'====== Args={'source': 'ac_pop_2'}
2026-08-11 12:50:15,527 : INFO : EventManager : Event: ======'unexpected_ball_on_playfield'====== Args={}
2026-08-11 12:50:15,527 : INFO : EventManager : Event: ======'machine_var_audits_switches_s_57_pop_bumper_center'====== Args={'value': 1848, 'prev_value': 1847, 'change': 1}
2026-08-11 12:50:15,527 : INFO : SwitchController : <<<<<<< 's_57_pop_bumper_center' inactive >>>>>>>
2026-08-11 12:50:15,528 : INFO : EventManager : Event: ======'player_score'====== Args={'value': 4623066, 'prev_value': 4623024, 'change': 42, 'player_num': 1, 'source': 'super_pops'}
2026-08-11 12:50:15,528 : INFO : EventManager : Event: ======'logicblock_super_pops_phase2_counter_updated'====== Args={'value': 2, 'enabled': True}
2026-08-11 12:50:15,528 : INFO : EventManager : Event: ======'counter_super_pops_phase2_counter_hit'====== Args={'count': 2, 'hits': 2, 'remaining': 8}
2026-08-11 12:50:15,528 : INFO : EventManager : Event: ======'logicblock_super_pops_phase2_counter_hit'====== Args={'count': 2, 'hits': 2, 'remaining': 8}
2026-08-11 12:50:15,528 : INFO : EventManager : Event: ======'awareness_add_1'====== Args={'priority': 0}
2026-08-11 12:50:15,528 : INFO : EventManager : Event: ======'player_awareness'====== Args={'value': 43, 'prev_value': 42, 'change': 1, 'player_num': 1, 'source': 'awareness'}
2026-08-11 12:50:15,529 : INFO : EventManager : Event: ======'player_score'====== Args={'value': 4623108, 'prev_value': 4623066, 'change': 42, 'player_num': 1, 'source': 'base'}
2026-08-11 12:50:15,530 : INFO : SwitchController : <<<<<<< 's_64_varitarget_position_1' active >>>>>>>
2026-08-11 12:50:15,530 : INFO : EventManager : Event: ======'playfield_active'====== Args={'source': 'varitarget_p1'}
2026-08-11 12:50:15,530 : INFO : EventManager : Event: ======'unexpected_ball_on_playfield'====== Args={}
2026-08-11 12:50:15,530 : INFO : EventManager : Event: ======'s_64_varitarget_position_1_active'====== Args={}
2026-08-11 12:50:15,530 : INFO : EventManager : Event: ======'sw_vari'====== Args={}
2026-08-11 12:50:15,530 : INFO : EventManager : Event: ======'machine_var_audits_switches_s_64_varitarget_position_1'====== Args={'value': 11060, 'prev_value': 11059, 'change': 1}
2026-08-11 12:50:15,531 : INFO : EventManager : Event: ======'glasses_pending_position_1'====== Args={'priority': 0}
2026-08-11 12:50:15,531 : INFO : EventManager : Event: ======'machine_var_audits_shots_varitarget_p1'====== Args={'value': 11052, 'prev_value': 11051, 'change': 1}
2026-08-11 12:50:15,531 : INFO : EventManager : Event: ======'varitarget_p1_hit'====== Args={'profile': 'default', 'state': 'lit', 'advancing': False}
2026-08-11 12:50:15,531 : INFO : EventManager : Event: ======'varitarget_p1_default_hit'====== Args={'profile': 'default', 'state': 'lit', 'advancing': False}
2026-08-11 12:50:15,531 : INFO : EventManager : Event: ======'varitarget_p1_default_lit_hit'====== Args={'profile': 'default', 'state': 'lit', 'advancing': False}
2026-08-11 12:50:15,531 : INFO : EventManager : Event: ======'varitarget_p1_lit_hit'====== Args={'profile': 'default', 'state': 'lit', 'advancing': False}
2026-08-11 12:50:15,531 : INFO : EventManager : Event: ======'varitarget_position_changed'====== Args={'priority': 0}
2026-08-11 12:50:15,531 : INFO : EventManager : Event: ======'varitarget_reset_stop'====== Args={'priority': 0}
2026-08-11 12:50:15,531 : INFO : EventManager : Event: ======'varitarget_reset_complete'====== Args={'priority': 0}
2026-08-11 12:50:15,531 : INFO : EventManager : Event: ======'glasses_position_confirm_restart'====== Args={'priority': 0}
2026-08-11 12:50:15,532 : INFO : EventManager : Event: ======'timer_glasses_position_confirm_tick'====== Args={'ticks': 0, 'ticks_remaining': 1}
2026-08-11 12:50:15,532 : INFO : EventManager : Event: ======'varitarget_positions_hit'====== Args={'shot': 'varitarget_p1'}
2026-08-11 12:50:15,532 : INFO : EventManager : Event: ======'varitarget_positions_lit_hit'====== Args={'shot': 'varitarget_p1'}
2026-08-11 12:50:15,532 : INFO : EventManager : Event: ======'varitarget_update_stable'====== Args={'priority': 0}
2026-08-11 12:50:15,532 : INFO : Timer.varitarget_reset_timer : Stopping Timer
2026-08-11 12:50:15,532 : INFO : EventManager : Event: ======'timer_varitarget_reset_timer_stopped'====== Args={'ticks': 24, 'ticks_remaining': 999975}
2026-08-11 12:50:15,532 : INFO : EventManager : Event: ======'player_score'====== Args={'value': 4623150, 'prev_value': 4623108, 'change': 42, 'player_num': 1, 'source': 'base'}
2026-08-11 12:50:15,557 : INFO : SwitchController : <<<<<<< 's_64_varitarget_position_1' inactive >>>>>>>
2026-08-11 12:50:16,352 : INFO : SwitchController : <<<<<<< 's_29_trough_6' active >>>>>>>
2026-08-11 12:50:16,352 : INFO : EventManager : Event: ======'machine_var_audits_switches_s_29_trough_6'====== Args={'value': 1362, 'prev_value': 1361, 'change': 1}
2026-08-11 12:50:16,368 : INFO : SwitchController : <<<<<<< 's_29_trough_6' inactive >>>>>>>
2026-08-11 12:50:16,416 : INFO : SwitchController : <<<<<<< 's_29_trough_6' active >>>>>>>
2026-08-11 12:50:16,416 : INFO : EventManager : Event: ======'machine_var_audits_switches_s_29_trough_6'====== Args={'value': 1363, 'prev_value': 1362, 'change': 1}
2026-08-11 12:50:16,494 : INFO : EventManager : Event: ======'player_super_pops_super_pops_mult_timer_tick'====== Args={'value': 9, 'prev_value': 10, 'change': -1, 'player_num': 1}
2026-08-11 12:50:16,494 : INFO : EventManager : Event: ======'timer_super_pops_mult_timer_tick'====== Args={'ticks': 9, 'ticks_remaining': 9}
2026-08-11 12:50:16,525 : INFO : EventManager : Event: ======'player_glasses_mode_glasses_position_confirm_tick'====== Args={'value': 1, 'prev_value': 0, 'change': 1, 'player_num': 1}
2026-08-11 12:50:16,525 : INFO : Timer.glasses_position_confirm : Timer Complete
2026-08-11 12:50:16,525 : INFO : Timer.glasses_position_confirm : Stopping Timer
2026-08-11 12:50:16,525 : INFO : EventManager : Event: ======'timer_glasses_position_confirm_stopped'====== Args={'ticks': 1, 'ticks_remaining': 1}
2026-08-11 12:50:16,525 : INFO : EventManager : Event: ======'timer_glasses_position_confirm_complete'====== Args={'ticks': 1, 'ticks_remaining': 1}
2026-08-11 12:50:16,527 : INFO : EventManager : Event: ======'varitarget_position_1_confirmed'====== Args={'priority': 0}
2026-08-11 12:50:16,527 : INFO : EventManager : Event: ======'glasses_enter_state_1'====== Args={'priority': 0}
2026-08-11 12:50:16,528 : INFO : EventManager : Event: ======'glasses_stop_all_shows'====== Args={'priority': 0}
2026-08-11 12:50:16,528 : INFO : EventManager : Event: ======'glasses_state_timer_stop'====== Args={'priority': 0}
2026-08-11 12:50:16,528 : INFO : EventManager : Event: ======'glasses_home_pulse_timer_stop'====== Args={'priority': 0}
2026-08-11 12:50:16,528 : INFO : EventManager : Event: ======'glasses_homing_cancel'====== Args={'priority': 0}
2026-08-11 12:50:16,528 : INFO : Timer.glasses_state_timer : Stopping Timer
2026-08-11 12:50:16,528 : INFO : EventManager : Event: ======'timer_glasses_state_timer_stopped'====== Args={'ticks': 0, 'ticks_remaining': 1}
2026-08-11 12:50:16,528 : INFO : Timer.glasses_home_pulse_timer : Stopping Timer
2026-08-11 12:50:16,528 : INFO : EventManager : Event: ======'timer_glasses_home_pulse_timer_stopped'====== Args={'ticks': 0, 'ticks_remaining': 5}
2026-08-11 12:50:16,861 : INFO : SwitchController : <<<<<<< 's_29_trough_6' inactive >>>>>>>
2026-08-11 12:50:16,892 : INFO : SwitchController : <<<<<<< 's_28_trough_5' active >>>>>>>
2026-08-11 12:50:16,892 : INFO : EventManager : Event: ======'machine_var_audits_switches_s_28_trough_5'====== Args={'value': 1261, 'prev_value': 1260, 'change': 1}
2026-08-11 12:50:17,053 : INFO : SwitchController : <<<<<<< 's_28_trough_5' inactive >>>>>>>
2026-08-11 12:50:17,085 : INFO : SwitchController : <<<<<<< 's_27_trough_4' active >>>>>>>
2026-08-11 12:50:17,085 : INFO : EventManager : Event: ======'machine_var_audits_switches_s_27_trough_4'====== Args={'value': 1471, 'prev_value': 1470, 'change': 1}
2026-08-11 12:50:17,212 : INFO : SwitchController : <<<<<<< 's_27_trough_4' inactive >>>>>>>
2026-08-11 12:50:17,229 : INFO : SwitchController : <<<<<<< 's_26_trough_3' active >>>>>>>
2026-08-11 12:50:17,229 : INFO : EventManager : Event: ======'machine_var_audits_switches_s_26_trough_3'====== Args={'value': 1892, 'prev_value': 1891, 'change': 1}
2026-08-11 12:50:17,499 : INFO : EventManager : Event: ======'player_super_pops_super_pops_mult_timer_tick'====== Args={'value': 8, 'prev_value': 9, 'change': -1, 'player_num': 1}
2026-08-11 12:50:17,500 : INFO : EventManager : Event: ======'timer_super_pops_mult_timer_tick'====== Args={'ticks': 8, 'ticks_remaining': 8}
2026-08-11 12:50:18,498 : INFO : EventManager : Event: ======'player_super_pops_super_pops_mult_timer_tick'====== Args={'value': 7, 'prev_value': 8, 'change': -1, 'player_num': 1}
2026-08-11 12:50:18,498 : INFO : EventManager : Event: ======'timer_super_pops_mult_timer_tick'====== Args={'ticks': 7, 'ticks_remaining': 7}
2026-08-11 12:50:19,502 : INFO : EventManager : Event: ======'player_super_pops_super_pops_mult_timer_tick'====== Args={'value': 6, 'prev_value': 7, 'change': -1, 'player_num': 1}
2026-08-11 12:50:19,503 : INFO : EventManager : Event: ======'timer_super_pops_mult_timer_tick'====== Args={'ticks': 6, 'ticks_remaining': 6}
2026-08-11 12:50:19,773 : INFO : ball_device.bd_trough : State: failed_confirm
2026-08-11 12:50:19,773 : INFO : ball_device.bd_trough : Got timeout (10.0s) before confirm from <ball_device.bd_plunger>
2026-08-11 12:50:19,774 : INFO : ball_device.bd_plunger : Expecting incoming ball which may skip the device.
2026-08-11 12:50:19,774 : INFO : EventManager : Event: ======'balldevice_bd_plunger_ejecting_ball'====== Args={'balls': 1, 'target': <playfield.playfield>, 'source': <ball_device.bd_plunger>, 'mechanical_eject': False, 'num_attempts': 1}
2026-08-11 12:50:19,774 : INFO : ball_device.bd_trough : Got unknown balls. Assuming a ball returned.
2026-08-11 12:50:19,774 : INFO : EventManager : Event: ======'balldevice_bd_trough_ball_eject_failed'====== Args={'target': <ball_device.bd_plunger>, 'balls': 1, 'retry': True, 'num_attempts': 1}
2026-08-11 12:50:19,775 : INFO : EventManager : Event: ======'balldevice_bd_plunger_ball_eject_failed'====== Args={'target': <playfield.playfield>, 'balls': 1, 'retry': True, 'num_attempts': 1}
2026-08-11 12:50:19,775 : INFO : ball_device.bd_trough : State: waiting_for_target_ready
2026-08-11 12:50:19,775 : INFO : EventManager : Event: ======'balldevice_bd_trough_ball_eject_attempt'====== Args={'balls': 1, 'target': <ball_device.bd_plunger>, 'source': <ball_device.bd_trough>, 'mechanical_eject': True, 'num_attempts': 1}
2026-08-11 12:50:19,776 : INFO : ball_device.bd_plunger : No longer expecting incoming ball which may skip the device.
2026-08-11 12:50:19,776 : INFO : ball_device.bd_trough : State: ejecting
2026-08-11 12:50:19,776 : INFO : ball_device.bd_trough : Ejecting ball to <ball_device.bd_plunger>
2026-08-11 12:50:19,776 : INFO : EventManager : Event: ======'balldevice_bd_trough_ejecting_ball'====== Args={'balls': 1, 'target': <ball_device.bd_plunger>, 'source': <ball_device.bd_trough>, 'mechanical_eject': True, 'num_attempts': 1}
2026-08-11 12:50:19,777 : INFO : ball_device.bd_plunger : State: waiting_for_ball
2026-08-11 12:50:19,777 : INFO : ball_device.bd_trough : Wait for ball to leave device
2026-08-11 12:50:19,777 : INFO : coil.c_02_trough_eject : Pulsing Driver for 16ms (1.0 pulse_power)
2026-08-11 12:50:19,820 : INFO : SwitchController : <<<<<<< 's_24_trough_1' inactive >>>>>>>
2026-08-11 12:50:19,820 : INFO : SwitchController : <<<<<<< 's_30_trough_jam' active >>>>>>>
2026-08-11 12:50:19,820 : INFO : EventManager : Event: ======'machine_var_audits_switches_s_30_trough_jam'====== Args={'value': 2227, 'prev_value': 2226, 'change': 1}
2026-08-11 12:50:19,821 : INFO : ball_device.bd_trough : State: ball_left
2026-08-11 12:50:19,821 : INFO : ball_device.bd_trough : Ball left
2026-08-11 12:50:19,821 : INFO : ball_device.bd_trough : Wait for confirm with timeout 10.0
2026-08-11 12:50:19,827 : INFO : SwitchController : <<<<<<< 's_30_trough_jam' inactive >>>>>>>
2026-08-11 12:50:20,124 : INFO : SwitchController : <<<<<<< 's_25_trough_2' inactive >>>>>>>
2026-08-11 12:50:20,124 : INFO : SwitchController : <<<<<<< 's_26_trough_3' inactive >>>>>>>
2026-08-11 12:50:20,155 : INFO : SwitchController : <<<<<<< 's_24_trough_1' active >>>>>>>
2026-08-11 12:50:20,155 : INFO : EventManager : Event: ======'machine_var_audits_switches_s_24_trough_1'====== Args={'value': 2227, 'prev_value': 2226, 'change': 1}
2026-08-11 12:50:20,155 : INFO : SwitchController : <<<<<<< 's_25_trough_2' active >>>>>>>
2026-08-11 12:50:20,156 : INFO : EventManager : Event: ======'machine_var_audits_switches_s_25_trough_2'====== Args={'value': 2190, 'prev_value': 2189, 'change': 1}
2026-08-11 12:50:20,489 : INFO : EventManager : Event: ======'player_super_pops_super_pops_mult_timer_tick'====== Args={'value': 5, 'prev_value': 6, 'change': -1, 'player_num': 1}
2026-08-11 12:50:20,489 : INFO : EventManager : Event: ======'timer_super_pops_mult_timer_tick'====== Args={'ticks': 5, 'ticks_remaining': 5}
2026-08-11 12:50:21,494 : INFO : EventManager : Event: ======'player_super_pops_super_pops_mult_timer_tick'====== Args={'value': 4, 'prev_value': 5, 'change': -1, 'player_num': 1}
2026-08-11 12:50:21,495 : INFO : EventManager : Event: ======'timer_super_pops_mult_timer_tick'====== Args={'ticks': 4, 'ticks_remaining': 4}
2026-08-11 12:50:22,498 : INFO : EventManager : Event: ======'player_super_pops_super_pops_mult_timer_tick'====== Args={'value': 3, 'prev_value': 4, 'change': -1, 'player_num': 1}
2026-08-11 12:50:22,498 : INFO : EventManager : Event: ======'timer_super_pops_mult_timer_tick'====== Args={'ticks': 3, 'ticks_remaining': 3}
2026-08-11 12:50:23,499 : INFO : EventManager : Event: ======'player_super_pops_super_pops_mult_timer_tick'====== Args={'value': 2, 'prev_value': 3, 'change': -1, 'player_num': 1}
2026-08-11 12:50:23,500 : INFO : EventManager : Event: ======'timer_super_pops_mult_timer_tick'====== Args={'ticks': 2, 'ticks_remaining': 2}
2026-08-11 12:50:23,532 : INFO : SwitchController : <<<<<<< 's_60_top_lane_c' active >>>>>>>
2026-08-11 12:50:23,532 : INFO : EventManager : Event: ======'playfield_active'====== Args={'source': 'resistance_top_lane_stage_2'}
2026-08-11 12:50:23,532 : INFO : EventManager : Event: ======'unexpected_ball_on_playfield'====== Args={}
2026-08-11 12:50:23,532 : INFO : EventManager : Event: ======'playfield_active'====== Args={'source': 'resistance_top_lane_stage_3'}
2026-08-11 12:50:23,532 : INFO : EventManager : Event: ======'unexpected_ball_on_playfield'====== Args={}
2026-08-11 12:50:23,532 : INFO : EventManager : Event: ======'playfield_active'====== Args={'source': 'resistance_top_lane_stage_4'}
2026-08-11 12:50:23,532 : INFO : EventManager : Event: ======'unexpected_ball_on_playfield'====== Args={}
2026-08-11 12:50:23,532 : INFO : EventManager : Event: ======'s_60_top_lane_c_active'====== Args={}
2026-08-11 12:50:23,532 : INFO : EventManager : Event: ======'sw_playfield_active'====== Args={}
2026-08-11 12:50:23,532 : INFO : EventManager : Event: ======'sw_top_lanes'====== Args={}
2026-08-11 12:50:23,533 : INFO : EventManager : Event: ======'machine_var_audits_switches_s_60_top_lane_c'====== Args={'value': 802, 'prev_value': 801, 'change': 1}
2026-08-11 12:50:23,534 : INFO : EventManager : Event: ======'top_lane_c_turn_off'====== Args={'priority': 0}
2026-08-11 12:50:23,534 : INFO : EventManager : Event: ======'awareness_add_3'====== Args={'priority': 0}
2026-08-11 12:50:23,534 : INFO : EventManager : Event: ======'top_lanes_check'====== Args={'priority': 0}
2026-08-11 12:50:23,534 : INFO : EventManager : Event: ======'player_top_lane_c_lit'====== Args={'value': 0, 'prev_value': 1, 'change': -1, 'player_num': 1, 'source': 'spinner_2x_qualify'}
2026-08-11 12:50:23,534 : INFO : EventManager : Event: ======'spinner_2x_stop'====== Args={'priority': 0}
2026-08-11 12:50:23,534 : INFO : EventManager : Event: ======'player_awareness'====== Args={'value': 46, 'prev_value': 43, 'change': 3, 'player_num': 1, 'source': 'awareness'}
2026-08-11 12:50:23,535 : INFO : EventManager : Event: ======'awareness_progress_display_start'====== Args={'priority': 0}
2026-08-11 12:50:23,535 : INFO : EventManager : Event: ======'player_awareness_percent'====== Args={'value': 26, 'prev_value': 24, 'change': 2, 'player_num': 1, 'source': 'awareness'}
2026-08-11 12:50:23,535 : INFO : EventManager : Event: ======'playfield_active'====== Args={'source': None}
2026-08-11 12:50:23,535 : INFO : EventManager : Event: ======'unexpected_ball_on_playfield'====== Args={}
2026-08-11 12:50:23,535 : INFO : EventManager : Event: ======'player_score'====== Args={'value': 4628150, 'prev_value': 4623150, 'change': 5000, 'player_num': 1, 'source': 'base'}
2026-08-11 12:50:23,551 : INFO : EventManager : Event: ======'widget_awareness_progress_widget_active'====== Args={'original_context': 'awareness', 'original_calling_context': 'awareness_progress_display_start', 'priority': 105.0, 'cmd': 'widgets_play', '_from_bcp': True}
2026-08-11 12:50:23,562 : INFO : SwitchController : <<<<<<< 's_60_top_lane_c' inactive >>>>>>>
2026-08-11 12:50:24,122 : INFO : SwitchController : <<<<<<< 's_63_stand_up_target_3' active >>>>>>>
2026-08-11 12:50:24,123 : INFO : EventManager : Event: ======'s_63_stand_up_target_3_active'====== Args={}
2026-08-11 12:50:24,123 : INFO : EventManager : Event: ======'sw_playfield_active'====== Args={}
2026-08-11 12:50:24,123 : INFO : EventManager : Event: ======'sw_standups'====== Args={}
2026-08-11 12:50:24,123 : INFO : EventManager : Event: ======'machine_var_audits_switches_s_63_stand_up_target_3'====== Args={'value': 309, 'prev_value': 308, 'change': 1}
2026-08-11 12:50:24,124 : INFO : EventManager : Event: ======'stars_t63_off'====== Args={'priority': 0}
2026-08-11 12:50:24,124 : INFO : EventManager : Event: ======'awareness_add_4'====== Args={'priority': 0}
2026-08-11 12:50:24,124 : INFO : EventManager : Event: ======'stars_count_updated'====== Args={'priority': 0}
2026-08-11 12:50:24,124 : INFO : EventManager : Event: ======'stars_monitor_t63_off'====== Args={'priority': 0}
2026-08-11 12:50:24,124 : INFO : EventManager : Event: ======'player_stars_t63'====== Args={'value': 0, 'prev_value': 1, 'change': -1, 'player_num': 1, 'source': 'stars_mode'}
2026-08-11 12:50:24,124 : INFO : EventManager : Event: ======'player_stars_targets_lit_count'====== Args={'value': 0, 'prev_value': 1, 'change': -1, 'player_num': 1, 'source': 'stars_mode'}
2026-08-11 12:50:24,124 : INFO : EventManager : Event: ======'player_awareness'====== Args={'value': 50, 'prev_value': 46, 'change': 4, 'player_num': 1, 'source': 'awareness'}
2026-08-11 12:50:24,125 : INFO : EventManager : Event: ======'player_awareness_percent'====== Args={'value': 28, 'prev_value': 26, 'change': 2, 'player_num': 1, 'source': 'awareness'}
2026-08-11 12:50:24,125 : INFO : EventManager : Event: ======'playfield_active'====== Args={'source': None}
2026-08-11 12:50:24,125 : INFO : EventManager : Event: ======'unexpected_ball_on_playfield'====== Args={}
2026-08-11 12:50:24,125 : INFO : EventManager : Event: ======'player_score'====== Args={'value': 4628192, 'prev_value': 4628150, 'change': 42, 'player_num': 1, 'source': 'base'}
2026-08-11 12:50:24,126 : INFO : SwitchController : <<<<<<< 's_63_stand_up_target_3' inactive >>>>>>>
2026-08-11 12:50:24,328 : INFO : SwitchController : <<<<<<< 's_62_top_lane_a' active >>>>>>>
2026-08-11 12:50:24,328 : INFO : EventManager : Event: ======'s_62_top_lane_a_active'====== Args={}
2026-08-11 12:50:24,328 : INFO : EventManager : Event: ======'sw_playfield_active'====== Args={}
2026-08-11 12:50:24,328 : INFO : EventManager : Event: ======'sw_top_lanes'====== Args={}
2026-08-11 12:50:24,329 : INFO : EventManager : Event: ======'machine_var_audits_switches_s_62_top_lane_a'====== Args={'value': 231, 'prev_value': 230, 'change': 1}
2026-08-11 12:50:24,329 : INFO : EventManager : Event: ======'top_lane_a_turn_on'====== Args={'priority': 0}
2026-08-11 12:50:24,329 : INFO : EventManager : Event: ======'shotgun_lane_a_charged'====== Args={'priority': 0}
2026-08-11 12:50:24,329 : INFO : EventManager : Event: ======'awareness_add_3'====== Args={'priority': 0}
2026-08-11 12:50:24,330 : INFO : EventManager : Event: ======'top_lanes_check'====== Args={'priority': 0}
2026-08-11 12:50:24,330 : INFO : EventManager : Event: ======'player_top_lane_a_lit'====== Args={'value': 1, 'prev_value': 0, 'change': 1, 'player_num': 1, 'source': 'spinner_2x_qualify'}
2026-08-11 12:50:24,330 : INFO : EventManager : Event: ======'spinner_2x_stop'====== Args={'priority': 0}
2026-08-11 12:50:24,330 : INFO : EventManager : Event: ======'shotgun_qualified'====== Args={'priority': 0}
2026-08-11 12:50:24,330 : INFO : EventManager : Event: ======'player_shotgun_lane_a_active'====== Args={'value': 1, 'prev_value': 0, 'change': 1, 'player_num': 1, 'source': 'shotgun'}
2026-08-11 12:50:24,331 : INFO : EventManager : Event: ======'alien_first_started'====== Args={'priority': 0}
2026-08-11 12:50:24,331 : INFO : EventManager : Event: ======'player_shotgun_qualified'====== Args={'value': 1, 'prev_value': 0, 'change': 1, 'player_num': 1, 'source': 'shotgun'}
2026-08-11 12:50:24,331 : INFO : EventManager : Event: ======'fourbank_reset_attempts_clear'====== Args={'priority': 0}
2026-08-11 12:50:24,331 : INFO : EventManager : Event: ======'fourbank_reset_request'====== Args={'priority': 0}
2026-08-11 12:50:24,331 : INFO : coil.c_40_fourbank_drop_reset : Pulsing Driver for 10ms (1.0 pulse_power)
2026-08-11 12:50:24,331 : INFO : EventManager : Event: ======'fourbank_reset_requested'====== Args={'priority': 0}
2026-08-11 12:50:24,331 : INFO : EventManager : Event: ======'player_fourbank_reset_request'====== Args={'value': 1, 'prev_value': 0, 'change': 1, 'player_num': 1, 'source': 'shotgun'}
2026-08-11 12:50:24,332 : INFO : EventManager : Event: ======'player_fourbank_reset_attempts'====== Args={'value': 1, 'prev_value': 0, 'change': 1, 'player_num': 1, 'source': 'shotgun'}
2026-08-11 12:50:24,332 : INFO : EventManager : Event: ======'player_fourbank_reset_requested'====== Args={'value': 1, 'prev_value': 0, 'change': 1, 'player_num': 1, 'source': 'shotgun'}
2026-08-11 12:50:24,332 : INFO : Timer.fourbank_reset_check_timer : Starting Timer.
2026-08-11 12:50:24,332 : INFO : EventManager : Event: ======'timer_fourbank_reset_check_timer_started'====== Args={'ticks': 0, 'ticks_remaining': 1}
2026-08-11 12:50:24,332 : INFO : EventManager : Event: ======'timer_fourbank_reset_check_timer_tick'====== Args={'ticks': 0, 'ticks_remaining': 1}
2026-08-11 12:50:24,332 : INFO : EventManager : Event: ======'player_awareness'====== Args={'value': 53, 'prev_value': 50, 'change': 3, 'player_num': 1, 'source': 'awareness'}
2026-08-11 12:50:24,332 : INFO : EventManager : Event: ======'player_awareness_percent'====== Args={'value': 30, 'prev_value': 28, 'change': 2, 'player_num': 1, 'source': 'awareness'}
2026-08-11 12:50:24,332 : INFO : EventManager : Event: ======'playfield_active'====== Args={'source': None}
2026-08-11 12:50:24,332 : INFO : EventManager : Event: ======'unexpected_ball_on_playfield'====== Args={}
2026-08-11 12:50:24,332 : INFO : EventManager : Event: ======'player_score'====== Args={'value': 4633192, 'prev_value': 4628192, 'change': 5000, 'player_num': 1, 'source': 'base'}
2026-08-11 12:50:24,359 : INFO : SwitchController : <<<<<<< 's_62_top_lane_a' inactive >>>>>>>
2026-08-11 12:50:24,385 : INFO : EventManager : Event: ======'widget_award_popup_widget_active'====== Args={'original_context': 'shotgun', 'original_calling_context': 'shotgun_qualified', 'priority': 120.0, 'cmd': 'widgets_play', '_from_bcp': True}
2026-08-11 12:50:24,502 : INFO : EventManager : Event: ======'player_super_pops_super_pops_mult_timer_tick'====== Args={'value': 1, 'prev_value': 2, 'change': -1, 'player_num': 1}
2026-08-11 12:50:24,503 : INFO : EventManager : Event: ======'timer_super_pops_mult_timer_tick'====== Args={'ticks': 1, 'ticks_remaining': 1}
2026-08-11 12:50:24,535 : INFO : SwitchController : <<<<<<< 's_58_pop_bumper_left' active >>>>>>>
2026-08-11 12:50:24,535 : INFO : EventManager : Event: ======'s_58_pop_bumper_left_active'====== Args={}
2026-08-11 12:50:24,535 : INFO : EventManager : Event: ======'sw_pops'====== Args={}
2026-08-11 12:50:24,535 : INFO : EventManager : Event: ======'playfield_active'====== Args={'source': 'ac_pop_1'}
2026-08-11 12:50:24,535 : INFO : EventManager : Event: ======'unexpected_ball_on_playfield'====== Args={}
2026-08-11 12:50:24,535 : INFO : EventManager : Event: ======'machine_var_audits_switches_s_58_pop_bumper_left'====== Args={'value': 2676, 'prev_value': 2675, 'change': 1}
2026-08-11 12:50:24,536 : INFO : SwitchController : <<<<<<< 's_58_pop_bumper_left' inactive >>>>>>>
2026-08-11 12:50:24,538 : INFO : EventManager : Event: ======'player_score'====== Args={'value': 4633234, 'prev_value': 4633192, 'change': 42, 'player_num': 1, 'source': 'super_pops'}
2026-08-11 12:50:24,538 : INFO : EventManager : Event: ======'logicblock_super_pops_phase2_counter_updated'====== Args={'value': 3, 'enabled': True}
2026-08-11 12:50:24,538 : INFO : EventManager : Event: ======'counter_super_pops_phase2_counter_hit'====== Args={'count': 3, 'hits': 3, 'remaining': 7}
2026-08-11 12:50:24,538 : INFO : EventManager : Event: ======'logicblock_super_pops_phase2_counter_hit'====== Args={'count': 3, 'hits': 3, 'remaining': 7}
2026-08-11 12:50:24,539 : INFO : EventManager : Event: ======'awareness_add_1'====== Args={'priority': 0}
2026-08-11 12:50:24,539 : INFO : EventManager : Event: ======'player_awareness'====== Args={'value': 54, 'prev_value': 53, 'change': 1, 'player_num': 1, 'source': 'awareness'}
2026-08-11 12:50:24,539 : INFO : EventManager : Event: ======'player_score'====== Args={'value': 4633276, 'prev_value': 4633234, 'change': 42, 'player_num': 1, 'source': 'base'}
2026-08-11 12:50:24,540 : INFO : SwitchController : <<<<<<< 's_58_pop_bumper_left' active >>>>>>>
2026-08-11 12:50:24,540 : INFO : EventManager : Event: ======'playfield_active'====== Args={'source': 'ac_pop_1'}
2026-08-11 12:50:24,541 : INFO : EventManager : Event: ======'unexpected_ball_on_playfield'====== Args={}
2026-08-11 12:50:24,541 : INFO : EventManager : Event: ======'machine_var_audits_switches_s_58_pop_bumper_left'====== Args={'value': 2677, 'prev_value': 2676, 'change': 1}
2026-08-11 12:50:24,550 : INFO : SwitchController : <<<<<<< 's_58_pop_bumper_left' inactive >>>>>>>
2026-08-11 12:50:24,582 : INFO : EventManager : Event: ======'player_shotgun_fourbank_reset_check_timer_tick'====== Args={'value': 1, 'prev_value': 0, 'change': 1, 'player_num': 1}
2026-08-11 12:50:24,583 : INFO : Timer.fourbank_reset_check_timer : Timer Complete
2026-08-11 12:50:24,583 : INFO : Timer.fourbank_reset_check_timer : Stopping Timer
2026-08-11 12:50:24,583 : INFO : EventManager : Event: ======'timer_fourbank_reset_check_timer_stopped'====== Args={'ticks': 1, 'ticks_remaining': 1}
2026-08-11 12:50:24,583 : INFO : EventManager : Event: ======'timer_fourbank_reset_check_timer_complete'====== Args={'ticks': 1, 'ticks_remaining': 1}
2026-08-11 12:50:24,584 : INFO : EventManager : Event: ======'fourbank_reset_confirmed'====== Args={'priority': 0}
2026-08-11 12:50:24,584 : INFO : EventManager : Event: ======'fourbank_drop_4_only'====== Args={'priority': 0}
2026-08-11 12:50:24,584 : INFO : EventManager : Event: ======'player_fourbank_reset_confirmed'====== Args={'value': 1, 'prev_value': 0, 'change': 1, 'player_num': 1, 'source': 'shotgun'}
2026-08-11 12:50:24,584 : INFO : EventManager : Event: ======'player_fourbank_reset_request'====== Args={'value': 0, 'prev_value': 1, 'change': -1, 'player_num': 1, 'source': 'shotgun'}
2026-08-11 12:50:24,585 : INFO : EventManager : Event: ======'player_fourbank_reset_requested'====== Args={'value': 0, 'prev_value': 1, 'change': -1, 'player_num': 1, 'source': 'shotgun'}
2026-08-11 12:50:24,585 : INFO : coil.c_33_fourbank_drop_1_trip : Pulsing Driver for 8ms (1.0 pulse_power)
2026-08-11 12:50:24,585 : INFO : EventManager : Event: ======'fourbank_drop_1_tripped'====== Args={'priority': 0}
2026-08-11 12:50:24,585 : INFO : Timer.fourbank_drop_2_trip_timer : Starting Timer.
2026-08-11 12:50:24,585 : INFO : EventManager : Event: ======'timer_fourbank_drop_2_trip_timer_started'====== Args={'ticks': 0, 'ticks_remaining': 1}
2026-08-11 12:50:24,585 : INFO : EventManager : Event: ======'timer_fourbank_drop_2_trip_timer_tick'====== Args={'ticks': 0, 'ticks_remaining': 1}
2026-08-11 12:50:24,598 : INFO : SwitchController : <<<<<<< 's_58_pop_bumper_left' active >>>>>>>
2026-08-11 12:50:24,598 : INFO : EventManager : Event: ======'playfield_active'====== Args={'source': 'ac_pop_1'}
2026-08-11 12:50:24,598 : INFO : EventManager : Event: ======'unexpected_ball_on_playfield'====== Args={}
2026-08-11 12:50:24,598 : INFO : EventManager : Event: ======'machine_var_audits_switches_s_58_pop_bumper_left'====== Args={'value': 2678, 'prev_value': 2677, 'change': 1}
2026-08-11 12:50:24,629 : INFO : SwitchController : <<<<<<< 's_73_fourbank_drop_1' active >>>>>>>
2026-08-11 12:50:24,629 : INFO : EventManager : Event: ======'playfield_active'====== Args={'source': 'shot_dt_1'}
2026-08-11 12:50:24,629 : INFO : EventManager : Event: ======'unexpected_ball_on_playfield'====== Args={}
2026-08-11 12:50:24,629 : INFO : EventManager : Event: ======'s_73_fourbank_drop_1_active'====== Args={}
2026-08-11 12:50:24,629 : INFO : EventManager : Event: ======'sw_drop_target'====== Args={}
2026-08-11 12:50:24,629 : INFO : EventManager : Event: ======'playfield_active'====== Args={'source': 'dt_1'}
2026-08-11 12:50:24,629 : INFO : EventManager : Event: ======'unexpected_ball_on_playfield'====== Args={}
2026-08-11 12:50:24,629 : INFO : EventManager : Event: ======'drop_target_dt_1_down'====== Args={'device': <drop_target.dt_1>}
2026-08-11 12:50:24,629 : INFO : EventManager : Event: ======'drop_target_bank_dt_bank_1_4_mixed'====== Args={'prev_value': <DropTargetBankState.UP: 'up'>, 'down': 1}
2026-08-11 12:50:24,630 : INFO : EventManager : Event: ======'machine_var_audits_switches_s_73_fourbank_drop_1'====== Args={'value': 350, 'prev_value': 349, 'change': 1}
2026-08-11 12:50:24,630 : INFO : EventManager : Event: ======'awareness_add_5'====== Args={'priority': 0}
2026-08-11 12:50:24,630 : INFO : EventManager : Event: ======'player_shot_shot_dt_1'====== Args={'value': 1, 'prev_value': 0, 'change': 1, 'player_num': 1}
2026-08-11 12:50:24,631 : INFO : EventManager : Event: ======'machine_var_audits_shots_shot_dt_1'====== Args={'value': 337, 'prev_value': 336, 'change': 1}
2026-08-11 12:50:24,631 : INFO : EventManager : Event: ======'shot_dt_1_hit'====== Args={'profile': 'default', 'state': 'unlit', 'advancing': True}
2026-08-11 12:50:24,631 : INFO : EventManager : Event: ======'shot_dt_1_default_hit'====== Args={'profile': 'default', 'state': 'unlit', 'advancing': True}
2026-08-11 12:50:24,631 : INFO : EventManager : Event: ======'shot_dt_1_default_unlit_hit'====== Args={'profile': 'default', 'state': 'unlit', 'advancing': True}
2026-08-11 12:50:24,631 : INFO : EventManager : Event: ======'shot_dt_1_unlit_hit'====== Args={'profile': 'default', 'state': 'unlit', 'advancing': True}
2026-08-11 12:50:24,631 : INFO : EventManager : Event: ======'player_awareness'====== Args={'value': 59, 'prev_value': 54, 'change': 5, 'player_num': 1, 'source': 'awareness'}
2026-08-11 12:50:24,631 : INFO : EventManager : Event: ======'player_awareness_percent'====== Args={'value': 33, 'prev_value': 30, 'change': 3, 'player_num': 1, 'source': 'awareness'}
2026-08-11 12:50:24,631 : INFO : EventManager : Event: ======'player_score'====== Args={'value': 4633318, 'prev_value': 4633276, 'change': 42, 'player_num': 1, 'source': 'base'}
2026-08-11 12:50:24,694 : INFO : SwitchController : <<<<<<< 's_58_pop_bumper_left' inactive >>>>>>>
2026-08-11 12:50:24,709 : INFO : SwitchController : <<<<<<< 's_58_pop_bumper_left' active >>>>>>>
2026-08-11 12:50:24,709 : INFO : EventManager : Event: ======'playfield_active'====== Args={'source': 'ac_pop_1'}
2026-08-11 12:50:24,709 : INFO : EventManager : Event: ======'unexpected_ball_on_playfield'====== Args={}
2026-08-11 12:50:24,709 : INFO : EventManager : Event: ======'machine_var_audits_switches_s_58_pop_bumper_left'====== Args={'value': 2679, 'prev_value': 2678, 'change': 1}
2026-08-11 12:50:24,727 : INFO : SwitchController : <<<<<<< 's_58_pop_bumper_left' inactive >>>>>>>
2026-08-11 12:50:24,742 : INFO : SwitchController : <<<<<<< 's_58_pop_bumper_left' active >>>>>>>
2026-08-11 12:50:24,742 : INFO : EventManager : Event: ======'playfield_active'====== Args={'source': 'ac_pop_1'}
2026-08-11 12:50:24,742 : INFO : EventManager : Event: ======'unexpected_ball_on_playfield'====== Args={}
2026-08-11 12:50:24,742 : INFO : EventManager : Event: ======'machine_var_audits_switches_s_58_pop_bumper_left'====== Args={'value': 2680, 'prev_value': 2679, 'change': 1}
2026-08-11 12:50:24,758 : INFO : SwitchController : <<<<<<< 's_58_pop_bumper_left' inactive >>>>>>>
2026-08-11 12:50:24,774 : INFO : EventManager : Event: ======'player_shotgun_fourbank_drop_2_trip_timer_tick'====== Args={'value': 1, 'prev_value': 0, 'change': 1, 'player_num': 1}
2026-08-11 12:50:24,775 : INFO : Timer.fourbank_drop_2_trip_timer : Timer Complete
2026-08-11 12:50:24,775 : INFO : Timer.fourbank_drop_2_trip_timer : Stopping Timer
2026-08-11 12:50:24,775 : INFO : EventManager : Event: ======'timer_fourbank_drop_2_trip_timer_stopped'====== Args={'ticks': 1, 'ticks_remaining': 1}
2026-08-11 12:50:24,775 : INFO : EventManager : Event: ======'timer_fourbank_drop_2_trip_timer_complete'====== Args={'ticks': 1, 'ticks_remaining': 1}
2026-08-11 12:50:24,775 : INFO : SwitchController : <<<<<<< 's_64_varitarget_position_1' active >>>>>>>
2026-08-11 12:50:24,775 : INFO : EventManager : Event: ======'playfield_active'====== Args={'source': 'varitarget_p1'}
2026-08-11 12:50:24,775 : INFO : EventManager : Event: ======'unexpected_ball_on_playfield'====== Args={}
2026-08-11 12:50:24,775 : INFO : EventManager : Event: ======'s_64_varitarget_position_1_active'====== Args={}
2026-08-11 12:50:24,775 : INFO : EventManager : Event: ======'sw_vari'====== Args={}
2026-08-11 12:50:24,775 : INFO : EventManager : Event: ======'machine_var_audits_switches_s_64_varitarget_position_1'====== Args={'value': 11061, 'prev_value': 11060, 'change': 1}
2026-08-11 12:50:24,775 : INFO : SwitchController : <<<<<<< 's_64_varitarget_position_1' inactive >>>>>>>
2026-08-11 12:50:24,776 : INFO : coil.c_34_fourbank_drop_2_trip : Pulsing Driver for 8ms (1.0 pulse_power)
2026-08-11 12:50:24,776 : INFO : EventManager : Event: ======'fourbank_drop_2_tripped'====== Args={'priority': 0}
2026-08-11 12:50:24,776 : INFO : Timer.fourbank_drop_3_trip_timer : Starting Timer.
2026-08-11 12:50:24,776 : INFO : EventManager : Event: ======'timer_fourbank_drop_3_trip_timer_started'====== Args={'ticks': 0, 'ticks_remaining': 1}
2026-08-11 12:50:24,776 : INFO : EventManager : Event: ======'timer_fourbank_drop_3_trip_timer_tick'====== Args={'ticks': 0, 'ticks_remaining': 1}
2026-08-11 12:50:24,776 : INFO : EventManager : Event: ======'glasses_pending_position_1'====== Args={'priority': 0}
2026-08-11 12:50:24,776 : INFO : EventManager : Event: ======'machine_var_audits_shots_varitarget_p1'====== Args={'value': 11053, 'prev_value': 11052, 'change': 1}
2026-08-11 12:50:24,776 : INFO : EventManager : Event: ======'varitarget_p1_hit'====== Args={'profile': 'default', 'state': 'lit', 'advancing': False}
2026-08-11 12:50:24,776 : INFO : EventManager : Event: ======'varitarget_p1_default_hit'====== Args={'profile': 'default', 'state': 'lit', 'advancing': False}
2026-08-11 12:50:24,776 : INFO : EventManager : Event: ======'varitarget_p1_default_lit_hit'====== Args={'profile': 'default', 'state': 'lit', 'advancing': False}
2026-08-11 12:50:24,776 : INFO : EventManager : Event: ======'varitarget_p1_lit_hit'====== Args={'profile': 'default', 'state': 'lit', 'advancing': False}
2026-08-11 12:50:24,777 : INFO : EventManager : Event: ======'varitarget_position_changed'====== Args={'priority': 0}
2026-08-11 12:50:24,777 : INFO : EventManager : Event: ======'varitarget_reset_stop'====== Args={'priority': 0}
2026-08-11 12:50:24,777 : INFO : EventManager : Event: ======'varitarget_reset_complete'====== Args={'priority': 0}
2026-08-11 12:50:24,777 : INFO : EventManager : Event: ======'glasses_position_confirm_restart'====== Args={'priority': 0}
2026-08-11 12:50:24,777 : INFO : EventManager : Event: ======'player_glasses_mode_glasses_position_confirm_tick'====== Args={'value': 0, 'prev_value': 1, 'change': -1, 'player_num': 1}
2026-08-11 12:50:24,777 : INFO : Timer.glasses_position_confirm : Starting Timer.
2026-08-11 12:50:24,777 : INFO : EventManager : Event: ======'timer_glasses_position_confirm_started'====== Args={'ticks': 0, 'ticks_remaining': 1}
2026-08-11 12:50:24,777 : INFO : EventManager : Event: ======'timer_glasses_position_confirm_tick'====== Args={'ticks': 0, 'ticks_remaining': 1}
2026-08-11 12:50:24,777 : INFO : EventManager : Event: ======'varitarget_positions_hit'====== Args={'shot': 'varitarget_p1'}
2026-08-11 12:50:24,777 : INFO : EventManager : Event: ======'varitarget_positions_lit_hit'====== Args={'shot': 'varitarget_p1'}
2026-08-11 12:50:24,777 : INFO : EventManager : Event: ======'varitarget_update_stable'====== Args={'priority': 0}
2026-08-11 12:50:24,777 : INFO : Timer.varitarget_reset_timer : Stopping Timer
2026-08-11 12:50:24,777 : INFO : EventManager : Event: ======'timer_varitarget_reset_timer_stopped'====== Args={'ticks': 24, 'ticks_remaining': 999975}
2026-08-11 12:50:24,778 : INFO : EventManager : Event: ======'player_score'====== Args={'value': 4633360, 'prev_value': 4633318, 'change': 42, 'player_num': 1, 'source': 'base'}
2026-08-11 12:50:24,778 : INFO : SwitchController : <<<<<<< 's_64_varitarget_position_1' active >>>>>>>
2026-08-11 12:50:24,779 : INFO : EventManager : Event: ======'playfield_active'====== Args={'source': 'varitarget_p1'}
2026-08-11 12:50:24,779 : INFO : EventManager : Event: ======'unexpected_ball_on_playfield'====== Args={}
2026-08-11 12:50:24,779 : INFO : EventManager : Event: ======'s_64_varitarget_position_1_active'====== Args={}
2026-08-11 12:50:24,779 : INFO : EventManager : Event: ======'sw_vari'====== Args={}
2026-08-11 12:50:24,779 : INFO : EventManager : Event: ======'machine_var_audits_switches_s_64_varitarget_position_1'====== Args={'value': 11062, 'prev_value': 11061, 'change': 1}
2026-08-11 12:50:24,779 : INFO : EventManager : Event: ======'glasses_pending_position_1'====== Args={'priority': 0}
2026-08-11 12:50:24,780 : INFO : EventManager : Event: ======'machine_var_audits_shots_varitarget_p1'====== Args={'value': 11054, 'prev_value': 11053, 'change': 1}
2026-08-11 12:50:24,780 : INFO : EventManager : Event: ======'varitarget_p1_hit'====== Args={'profile': 'default', 'state': 'lit', 'advancing': False}
2026-08-11 12:50:24,780 : INFO : EventManager : Event: ======'varitarget_p1_default_hit'====== Args={'profile': 'default', 'state': 'lit', 'advancing': False}
2026-08-11 12:50:24,780 : INFO : EventManager : Event: ======'varitarget_p1_default_lit_hit'====== Args={'profile': 'default', 'state': 'lit', 'advancing': False}
2026-08-11 12:50:24,780 : INFO : EventManager : Event: ======'varitarget_p1_lit_hit'====== Args={'profile': 'default', 'state': 'lit', 'advancing': False}
2026-08-11 12:50:24,780 : INFO : EventManager : Event: ======'varitarget_position_changed'====== Args={'priority': 0}
2026-08-11 12:50:24,780 : INFO : EventManager : Event: ======'varitarget_reset_stop'====== Args={'priority': 0}
2026-08-11 12:50:24,780 : INFO : EventManager : Event: ======'varitarget_reset_complete'====== Args={'priority': 0}
2026-08-11 12:50:24,780 : INFO : EventManager : Event: ======'glasses_position_confirm_restart'====== Args={'priority': 0}
2026-08-11 12:50:24,780 : INFO : EventManager : Event: ======'timer_glasses_position_confirm_tick'====== Args={'ticks': 0, 'ticks_remaining': 1}
2026-08-11 12:50:24,780 : INFO : EventManager : Event: ======'varitarget_positions_hit'====== Args={'shot': 'varitarget_p1'}
2026-08-11 12:50:24,781 : INFO : EventManager : Event: ======'varitarget_positions_lit_hit'====== Args={'shot': 'varitarget_p1'}
2026-08-11 12:50:24,781 : INFO : EventManager : Event: ======'varitarget_update_stable'====== Args={'priority': 0}
2026-08-11 12:50:24,781 : INFO : Timer.varitarget_reset_timer : Stopping Timer
2026-08-11 12:50:24,781 : INFO : EventManager : Event: ======'timer_varitarget_reset_timer_stopped'====== Args={'ticks': 24, 'ticks_remaining': 999975}
2026-08-11 12:50:24,781 : INFO : EventManager : Event: ======'player_score'====== Args={'value': 4633402, 'prev_value': 4633360, 'change': 42, 'player_num': 1, 'source': 'base'}
2026-08-11 12:50:24,782 : INFO : SwitchController : <<<<<<< 's_64_varitarget_position_1' inactive >>>>>>>
2026-08-11 12:50:24,823 : INFO : SwitchController : <<<<<<< 's_74_fourbank_drop_2' active >>>>>>>
2026-08-11 12:50:24,824 : INFO : EventManager : Event: ======'playfield_active'====== Args={'source': 'shot_dt_2'}
2026-08-11 12:50:24,824 : INFO : EventManager : Event: ======'unexpected_ball_on_playfield'====== Args={}
2026-08-11 12:50:24,824 : INFO : EventManager : Event: ======'s_74_fourbank_drop_2_active'====== Args={}
2026-08-11 12:50:24,824 : INFO : EventManager : Event: ======'sw_drop_target'====== Args={}
2026-08-11 12:50:24,824 : INFO : EventManager : Event: ======'playfield_active'====== Args={'source': 'dt_2'}
2026-08-11 12:50:24,824 : INFO : EventManager : Event: ======'unexpected_ball_on_playfield'====== Args={}
2026-08-11 12:50:24,824 : INFO : EventManager : Event: ======'drop_target_dt_2_down'====== Args={'device': <drop_target.dt_2>}
2026-08-11 12:50:24,824 : INFO : EventManager : Event: ======'drop_target_bank_dt_bank_1_4_mixed'====== Args={'prev_value': <DropTargetBankState.MIXED: 'mixed'>, 'down': 2}
2026-08-11 12:50:24,824 : INFO : EventManager : Event: ======'machine_var_audits_switches_s_74_fourbank_drop_2'====== Args={'value': 369, 'prev_value': 368, 'change': 1}
2026-08-11 12:50:24,825 : INFO : EventManager : Event: ======'awareness_add_5'====== Args={'priority': 0}
2026-08-11 12:50:24,825 : INFO : EventManager : Event: ======'player_shot_shot_dt_2'====== Args={'value': 1, 'prev_value': 0, 'change': 1, 'player_num': 1}
2026-08-11 12:50:24,825 : INFO : EventManager : Event: ======'machine_var_audits_shots_shot_dt_2'====== Args={'value': 364, 'prev_value': 363, 'change': 1}
2026-08-11 12:50:24,825 : INFO : EventManager : Event: ======'shot_dt_2_hit'====== Args={'profile': 'default', 'state': 'unlit', 'advancing': True}
2026-08-11 12:50:24,825 : INFO : EventManager : Event: ======'shot_dt_2_default_hit'====== Args={'profile': 'default', 'state': 'unlit', 'advancing': True}
2026-08-11 12:50:24,826 : INFO : EventManager : Event: ======'shot_dt_2_default_unlit_hit'====== Args={'profile': 'default', 'state': 'unlit', 'advancing': True}
2026-08-11 12:50:24,826 : INFO : EventManager : Event: ======'shot_dt_2_unlit_hit'====== Args={'profile': 'default', 'state': 'unlit', 'advancing': True}
2026-08-11 12:50:24,826 : INFO : EventManager : Event: ======'player_awareness'====== Args={'value': 64, 'prev_value': 59, 'change': 5, 'player_num': 1, 'source': 'awareness'}
2026-08-11 12:50:24,826 : INFO : EventManager : Event: ======'player_awareness_percent'====== Args={'value': 36, 'prev_value': 33, 'change': 3, 'player_num': 1, 'source': 'awareness'}
2026-08-11 12:50:24,826 : INFO : EventManager : Event: ======'player_score'====== Args={'value': 4633444, 'prev_value': 4633402, 'change': 42, 'player_num': 1, 'source': 'base'}
2026-08-11 12:50:24,966 : INFO : EventManager : Event: ======'player_shotgun_fourbank_drop_3_trip_timer_tick'====== Args={'value': 1, 'prev_value': 0, 'change': 1, 'player_num': 1}
2026-08-11 12:50:24,966 : INFO : Timer.fourbank_drop_3_trip_timer : Timer Complete
2026-08-11 12:50:24,966 : INFO : Timer.fourbank_drop_3_trip_timer : Stopping Timer
2026-08-11 12:50:24,966 : INFO : EventManager : Event: ======'timer_fourbank_drop_3_trip_timer_stopped'====== Args={'ticks': 1, 'ticks_remaining': 1}
2026-08-11 12:50:24,966 : INFO : EventManager : Event: ======'timer_fourbank_drop_3_trip_timer_complete'====== Args={'ticks': 1, 'ticks_remaining': 1}
2026-08-11 12:50:24,967 : INFO : coil.c_35_fourbank_drop_3_trip : Pulsing Driver for 8ms (1.0 pulse_power)
2026-08-11 12:50:24,967 : INFO : EventManager : Event: ======'fourbank_drop_3_tripped'====== Args={'priority': 0}
2026-08-11 12:50:24,967 : INFO : Timer.threebank_drop_1_trip_timer : Starting Timer.
2026-08-11 12:50:24,967 : INFO : EventManager : Event: ======'timer_threebank_drop_1_trip_timer_started'====== Args={'ticks': 0, 'ticks_remaining': 1}
2026-08-11 12:50:24,967 : INFO : EventManager : Event: ======'timer_threebank_drop_1_trip_timer_tick'====== Args={'ticks': 0, 'ticks_remaining': 1}
2026-08-11 12:50:25,013 : INFO : SwitchController : <<<<<<< 's_75_fourbank_drop_3' active >>>>>>>
2026-08-11 12:50:25,013 : INFO : EventManager : Event: ======'playfield_active'====== Args={'source': 'shot_dt_3'}
2026-08-11 12:50:25,013 : INFO : EventManager : Event: ======'unexpected_ball_on_playfield'====== Args={}
2026-08-11 12:50:25,013 : INFO : EventManager : Event: ======'s_75_fourbank_drop_3_active'====== Args={}
2026-08-11 12:50:25,013 : INFO : EventManager : Event: ======'sw_drop_target'====== Args={}
2026-08-11 12:50:25,013 : INFO : EventManager : Event: ======'playfield_active'====== Args={'source': 'dt_3'}
2026-08-11 12:50:25,013 : INFO : EventManager : Event: ======'unexpected_ball_on_playfield'====== Args={}
2026-08-11 12:50:25,013 : INFO : EventManager : Event: ======'drop_target_dt_3_down'====== Args={'device': <drop_target.dt_3>}
2026-08-11 12:50:25,014 : INFO : EventManager : Event: ======'drop_target_bank_dt_bank_1_4_mixed'====== Args={'prev_value': <DropTargetBankState.MIXED: 'mixed'>, 'down': 3}
2026-08-11 12:50:25,014 : INFO : EventManager : Event: ======'machine_var_audits_switches_s_75_fourbank_drop_3'====== Args={'value': 369, 'prev_value': 368, 'change': 1}
2026-08-11 12:50:25,014 : INFO : EventManager : Event: ======'awareness_add_5'====== Args={'priority': 0}
2026-08-11 12:50:25,015 : INFO : EventManager : Event: ======'player_shot_shot_dt_3'====== Args={'value': 1, 'prev_value': 0, 'change': 1, 'player_num': 1}
2026-08-11 12:50:25,015 : INFO : EventManager : Event: ======'machine_var_audits_shots_shot_dt_3'====== Args={'value': 360, 'prev_value': 359, 'change': 1}
2026-08-11 12:50:25,015 : INFO : EventManager : Event: ======'shot_dt_3_hit'====== Args={'profile': 'default', 'state': 'unlit', 'advancing': True}
2026-08-11 12:50:25,015 : INFO : EventManager : Event: ======'shot_dt_3_default_hit'====== Args={'profile': 'default', 'state': 'unlit', 'advancing': True}
2026-08-11 12:50:25,015 : INFO : EventManager : Event: ======'shot_dt_3_default_unlit_hit'====== Args={'profile': 'default', 'state': 'unlit', 'advancing': True}
2026-08-11 12:50:25,015 : INFO : EventManager : Event: ======'shot_dt_3_unlit_hit'====== Args={'profile': 'default', 'state': 'unlit', 'advancing': True}
2026-08-11 12:50:25,015 : INFO : EventManager : Event: ======'player_awareness'====== Args={'value': 69, 'prev_value': 64, 'change': 5, 'player_num': 1, 'source': 'awareness'}
2026-08-11 12:50:25,016 : INFO : EventManager : Event: ======'player_awareness_percent'====== Args={'value': 39, 'prev_value': 36, 'change': 3, 'player_num': 1, 'source': 'awareness'}
2026-08-11 12:50:25,016 : INFO : EventManager : Event: ======'player_score'====== Args={'value': 4633486, 'prev_value': 4633444, 'change': 42, 'player_num': 1, 'source': 'base'}
2026-08-11 12:50:25,158 : INFO : EventManager : Event: ======'player_shotgun_threebank_drop_1_trip_timer_tick'====== Args={'value': 1, 'prev_value': 0, 'change': 1, 'player_num': 1}
2026-08-11 12:50:25,158 : INFO : Timer.threebank_drop_1_trip_timer : Timer Complete
2026-08-11 12:50:25,158 : INFO : Timer.threebank_drop_1_trip_timer : Stopping Timer
2026-08-11 12:50:25,158 : INFO : EventManager : Event: ======'timer_threebank_drop_1_trip_timer_stopped'====== Args={'ticks': 1, 'ticks_remaining': 1}
2026-08-11 12:50:25,158 : INFO : EventManager : Event: ======'timer_threebank_drop_1_trip_timer_complete'====== Args={'ticks': 1, 'ticks_remaining': 1}
2026-08-11 12:50:25,158 : INFO : coil.c_37_threebank_drop_1_trip : Pulsing Driver for 8ms (1.0 pulse_power)
2026-08-11 12:50:25,159 : INFO : EventManager : Event: ======'threebank_drop_1_tripped'====== Args={'priority': 0}
2026-08-11 12:50:25,159 : INFO : Timer.threebank_drop_2_trip_timer : Starting Timer.
2026-08-11 12:50:25,159 : INFO : EventManager : Event: ======'timer_threebank_drop_2_trip_timer_started'====== Args={'ticks': 0, 'ticks_remaining': 1}
2026-08-11 12:50:25,159 : INFO : EventManager : Event: ======'timer_threebank_drop_2_trip_timer_tick'====== Args={'ticks': 0, 'ticks_remaining': 1}
2026-08-11 12:50:25,173 : INFO : SwitchController : <<<<<<< 's_57_pop_bumper_center' active >>>>>>>
2026-08-11 12:50:25,173 : INFO : EventManager : Event: ======'s_57_pop_bumper_center_active'====== Args={}
2026-08-11 12:50:25,173 : INFO : EventManager : Event: ======'sw_pops'====== Args={}
2026-08-11 12:50:25,173 : INFO : EventManager : Event: ======'playfield_active'====== Args={'source': 'ac_pop_2'}
2026-08-11 12:50:25,173 : INFO : EventManager : Event: ======'unexpected_ball_on_playfield'====== Args={}
2026-08-11 12:50:25,174 : INFO : EventManager : Event: ======'machine_var_audits_switches_s_57_pop_bumper_center'====== Args={'value': 1849, 'prev_value': 1848, 'change': 1}
2026-08-11 12:50:25,174 : INFO : EventManager : Event: ======'player_score'====== Args={'value': 4633528, 'prev_value': 4633486, 'change': 42, 'player_num': 1, 'source': 'super_pops'}
2026-08-11 12:50:25,174 : INFO : EventManager : Event: ======'logicblock_super_pops_phase2_counter_updated'====== Args={'value': 4, 'enabled': True}
2026-08-11 12:50:25,174 : INFO : EventManager : Event: ======'counter_super_pops_phase2_counter_hit'====== Args={'count': 4, 'hits': 4, 'remaining': 6}
2026-08-11 12:50:25,174 : INFO : EventManager : Event: ======'logicblock_super_pops_phase2_counter_hit'====== Args={'count': 4, 'hits': 4, 'remaining': 6}
2026-08-11 12:50:25,175 : INFO : EventManager : Event: ======'awareness_add_1'====== Args={'priority': 0}
2026-08-11 12:50:25,175 : INFO : EventManager : Event: ======'player_awareness'====== Args={'value': 70, 'prev_value': 69, 'change': 1, 'player_num': 1, 'source': 'awareness'}
2026-08-11 12:50:25,175 : INFO : EventManager : Event: ======'player_awareness_percent'====== Args={'value': 40, 'prev_value': 39, 'change': 1, 'player_num': 1, 'source': 'awareness'}
2026-08-11 12:50:25,175 : INFO : EventManager : Event: ======'player_score'====== Args={'value': 4633570, 'prev_value': 4633528, 'change': 42, 'player_num': 1, 'source': 'base'}
2026-08-11 12:50:25,189 : INFO : SwitchController : <<<<<<< 's_57_pop_bumper_center' inactive >>>>>>>
2026-08-11 12:50:25,189 : INFO : SwitchController : <<<<<<< 's_77_threebank_drop_1' active >>>>>>>
2026-08-11 12:50:25,189 : INFO : EventManager : Event: ======'playfield_active'====== Args={'source': 'shot_dt_5'}
2026-08-11 12:50:25,189 : INFO : EventManager : Event: ======'unexpected_ball_on_playfield'====== Args={}
2026-08-11 12:50:25,190 : INFO : EventManager : Event: ======'s_77_threebank_drop_1_active'====== Args={}
2026-08-11 12:50:25,190 : INFO : EventManager : Event: ======'sw_drop_target'====== Args={}
2026-08-11 12:50:25,190 : INFO : EventManager : Event: ======'playfield_active'====== Args={'source': 'dt_5'}
2026-08-11 12:50:25,190 : INFO : EventManager : Event: ======'unexpected_ball_on_playfield'====== Args={}
2026-08-11 12:50:25,190 : INFO : EventManager : Event: ======'drop_target_dt_5_down'====== Args={'device': <drop_target.dt_5>}
2026-08-11 12:50:25,190 : INFO : EventManager : Event: ======'drop_target_bank_dt_bank_5_7_mixed'====== Args={'prev_value': <DropTargetBankState.MIXED: 'mixed'>, 'down': 1}
2026-08-11 12:50:25,190 : INFO : EventManager : Event: ======'machine_var_audits_switches_s_77_threebank_drop_1'====== Args={'value': 611, 'prev_value': 610, 'change': 1}
2026-08-11 12:50:25,191 : INFO : SwitchController : <<<<<<< 's_77_threebank_drop_1' inactive >>>>>>>
2026-08-11 12:50:25,191 : INFO : EventManager : Event: ======'playfield_active'====== Args={'source': 'dt_5'}
2026-08-11 12:50:25,191 : INFO : EventManager : Event: ======'unexpected_ball_on_playfield'====== Args={}
2026-08-11 12:50:25,191 : INFO : EventManager : Event: ======'drop_target_dt_5_up'====== Args={'device': <drop_target.dt_5>}
2026-08-11 12:50:25,191 : INFO : EventManager : Event: ======'drop_target_bank_dt_bank_5_7_up'====== Args={}
2026-08-11 12:50:25,192 : INFO : EventManager : Event: ======'awareness_add_5'====== Args={'priority': 0}
2026-08-11 12:50:25,192 : INFO : EventManager : Event: ======'machine_var_audits_shots_shot_dt_5'====== Args={'value': 344, 'prev_value': 343, 'change': 1}
2026-08-11 12:50:25,192 : INFO : EventManager : Event: ======'shot_dt_5_hit'====== Args={'profile': 'default', 'state': 'lit', 'advancing': False}
2026-08-11 12:50:25,192 : INFO : EventManager : Event: ======'shot_dt_5_default_hit'====== Args={'profile': 'default', 'state': 'lit', 'advancing': False}
2026-08-11 12:50:25,192 : INFO : EventManager : Event: ======'shot_dt_5_default_lit_hit'====== Args={'profile': 'default', 'state': 'lit', 'advancing': False}
2026-08-11 12:50:25,192 : INFO : EventManager : Event: ======'shot_dt_5_lit_hit'====== Args={'profile': 'default', 'state': 'lit', 'advancing': False}
2026-08-11 12:50:25,192 : INFO : EventManager : Event: ======'player_awareness'====== Args={'value': 75, 'prev_value': 70, 'change': 5, 'player_num': 1, 'source': 'awareness'}
2026-08-11 12:50:25,192 : INFO : EventManager : Event: ======'player_awareness_percent'====== Args={'value': 42, 'prev_value': 40, 'change': 2, 'player_num': 1, 'source': 'awareness'}
2026-08-11 12:50:25,193 : INFO : EventManager : Event: ======'player_score'====== Args={'value': 4633612, 'prev_value': 4633570, 'change': 42, 'player_num': 1, 'source': 'base'}
2026-08-11 12:50:25,193 : INFO : SwitchController : <<<<<<< 's_77_threebank_drop_1' active >>>>>>>
2026-08-11 12:50:25,193 : INFO : EventManager : Event: ======'playfield_active'====== Args={'source': 'shot_dt_5'}
2026-08-11 12:50:25,193 : INFO : EventManager : Event: ======'unexpected_ball_on_playfield'====== Args={}
2026-08-11 12:50:25,193 : INFO : EventManager : Event: ======'playfield_active'====== Args={'source': 'dt_5'}
2026-08-11 12:50:25,193 : INFO : EventManager : Event: ======'unexpected_ball_on_playfield'====== Args={}
2026-08-11 12:50:25,193 : INFO : EventManager : Event: ======'drop_target_dt_5_down'====== Args={'device': <drop_target.dt_5>}
2026-08-11 12:50:25,193 : INFO : EventManager : Event: ======'drop_target_bank_dt_bank_5_7_mixed'====== Args={'prev_value': <DropTargetBankState.UP: 'up'>, 'down': 1}
2026-08-11 12:50:25,193 : INFO : EventManager : Event: ======'machine_var_audits_switches_s_77_threebank_drop_1'====== Args={'value': 612, 'prev_value': 611, 'change': 1}
2026-08-11 12:50:25,195 : INFO : SwitchController : <<<<<<< 's_64_varitarget_position_1' active >>>>>>>
2026-08-11 12:50:25,195 : INFO : EventManager : Event: ======'playfield_active'====== Args={'source': 'varitarget_p1'}
2026-08-11 12:50:25,195 : INFO : EventManager : Event: ======'unexpected_ball_on_playfield'====== Args={}
2026-08-11 12:50:25,195 : INFO : EventManager : Event: ======'s_64_varitarget_position_1_active'====== Args={}
2026-08-11 12:50:25,195 : INFO : EventManager : Event: ======'sw_vari'====== Args={}
2026-08-11 12:50:25,196 : INFO : EventManager : Event: ======'machine_var_audits_switches_s_64_varitarget_position_1'====== Args={'value': 11063, 'prev_value': 11062, 'change': 1}
2026-08-11 12:50:25,196 : INFO : EventManager : Event: ======'glasses_pending_position_1'====== Args={'priority': 0}
2026-08-11 12:50:25,196 : INFO : EventManager : Event: ======'machine_var_audits_shots_varitarget_p1'====== Args={'value': 11055, 'prev_value': 11054, 'change': 1}
2026-08-11 12:50:25,196 : INFO : EventManager : Event: ======'varitarget_p1_hit'====== Args={'profile': 'default', 'state': 'lit', 'advancing': False}
2026-08-11 12:50:25,196 : INFO : EventManager : Event: ======'varitarget_p1_default_hit'====== Args={'profile': 'default', 'state': 'lit', 'advancing': False}
2026-08-11 12:50:25,196 : INFO : EventManager : Event: ======'varitarget_p1_default_lit_hit'====== Args={'profile': 'default', 'state': 'lit', 'advancing': False}
2026-08-11 12:50:25,196 : INFO : EventManager : Event: ======'varitarget_p1_lit_hit'====== Args={'profile': 'default', 'state': 'lit', 'advancing': False}
2026-08-11 12:50:25,196 : INFO : EventManager : Event: ======'varitarget_position_changed'====== Args={'priority': 0}
2026-08-11 12:50:25,197 : INFO : EventManager : Event: ======'varitarget_reset_stop'====== Args={'priority': 0}
2026-08-11 12:50:25,197 : INFO : EventManager : Event: ======'varitarget_reset_complete'====== Args={'priority': 0}
2026-08-11 12:50:25,197 : INFO : EventManager : Event: ======'glasses_position_confirm_restart'====== Args={'priority': 0}
2026-08-11 12:50:25,197 : INFO : EventManager : Event: ======'timer_glasses_position_confirm_tick'====== Args={'ticks': 0, 'ticks_remaining': 1}
2026-08-11 12:50:25,197 : INFO : EventManager : Event: ======'varitarget_positions_hit'====== Args={'shot': 'varitarget_p1'}
2026-08-11 12:50:25,197 : INFO : EventManager : Event: ======'varitarget_positions_lit_hit'====== Args={'shot': 'varitarget_p1'}
2026-08-11 12:50:25,197 : INFO : EventManager : Event: ======'varitarget_update_stable'====== Args={'priority': 0}
2026-08-11 12:50:25,197 : INFO : Timer.varitarget_reset_timer : Stopping Timer
2026-08-11 12:50:25,197 : INFO : EventManager : Event: ======'timer_varitarget_reset_timer_stopped'====== Args={'ticks': 24, 'ticks_remaining': 999975}
2026-08-11 12:50:25,197 : INFO : EventManager : Event: ======'player_score'====== Args={'value': 4633654, 'prev_value': 4633612, 'change': 42, 'player_num': 1, 'source': 'base'}
2026-08-11 12:50:25,205 : INFO : SwitchController : <<<<<<< 's_64_varitarget_position_1' inactive >>>>>>>
2026-08-11 12:50:25,349 : INFO : EventManager : Event: ======'player_shotgun_threebank_drop_2_trip_timer_tick'====== Args={'value': 1, 'prev_value': 0, 'change': 1, 'player_num': 1}
2026-08-11 12:50:25,349 : INFO : Timer.threebank_drop_2_trip_timer : Timer Complete
2026-08-11 12:50:25,349 : INFO : Timer.threebank_drop_2_trip_timer : Stopping Timer
2026-08-11 12:50:25,349 : INFO : EventManager : Event: ======'timer_threebank_drop_2_trip_timer_stopped'====== Args={'ticks': 1, 'ticks_remaining': 1}
2026-08-11 12:50:25,349 : INFO : EventManager : Event: ======'timer_threebank_drop_2_trip_timer_complete'====== Args={'ticks': 1, 'ticks_remaining': 1}
2026-08-11 12:50:25,350 : INFO : coil.c_38_threebank_drop_2_trip : Pulsing Driver for 8ms (1.0 pulse_power)
2026-08-11 12:50:25,351 : INFO : EventManager : Event: ======'threebank_drop_2_tripped'====== Args={'priority': 0}
2026-08-11 12:50:25,351 : INFO : Timer.threebank_drop_3_trip_timer : Starting Timer.
2026-08-11 12:50:25,351 : INFO : EventManager : Event: ======'timer_threebank_drop_3_trip_timer_started'====== Args={'ticks': 0, 'ticks_remaining': 1}
2026-08-11 12:50:25,351 : INFO : EventManager : Event: ======'timer_threebank_drop_3_trip_timer_tick'====== Args={'ticks': 0, 'ticks_remaining': 1}
2026-08-11 12:50:25,397 : INFO : SwitchController : <<<<<<< 's_78_threebank_drop_2' active >>>>>>>
2026-08-11 12:50:25,398 : INFO : EventManager : Event: ======'playfield_active'====== Args={'source': 'shot_dt_6'}
2026-08-11 12:50:25,398 : INFO : EventManager : Event: ======'unexpected_ball_on_playfield'====== Args={}
2026-08-11 12:50:25,398 : INFO : EventManager : Event: ======'s_78_threebank_drop_2_active'====== Args={}
2026-08-11 12:50:25,398 : INFO : EventManager : Event: ======'sw_drop_target'====== Args={}
2026-08-11 12:50:25,398 : INFO : EventManager : Event: ======'playfield_active'====== Args={'source': 'dt_6'}
2026-08-11 12:50:25,398 : INFO : EventManager : Event: ======'unexpected_ball_on_playfield'====== Args={}
2026-08-11 12:50:25,398 : INFO : EventManager : Event: ======'drop_target_dt_6_down'====== Args={'device': <drop_target.dt_6>}
2026-08-11 12:50:25,398 : INFO : EventManager : Event: ======'drop_target_bank_dt_bank_5_7_mixed'====== Args={'prev_value': <DropTargetBankState.MIXED: 'mixed'>, 'down': 2}
2026-08-11 12:50:25,398 : INFO : EventManager : Event: ======'machine_var_audits_switches_s_78_threebank_drop_2'====== Args={'value': 347, 'prev_value': 346, 'change': 1}
2026-08-11 12:50:25,399 : INFO : EventManager : Event: ======'awareness_add_5'====== Args={'priority': 0}
2026-08-11 12:50:25,399 : INFO : EventManager : Event: ======'machine_var_audits_shots_shot_dt_6'====== Args={'value': 331, 'prev_value': 330, 'change': 1}
2026-08-11 12:50:25,400 : INFO : EventManager : Event: ======'shot_dt_6_hit'====== Args={'profile': 'default', 'state': 'lit', 'advancing': False}
2026-08-11 12:50:25,400 : INFO : EventManager : Event: ======'shot_dt_6_default_hit'====== Args={'profile': 'default', 'state': 'lit', 'advancing': False}
2026-08-11 12:50:25,400 : INFO : EventManager : Event: ======'shot_dt_6_default_lit_hit'====== Args={'profile': 'default', 'state': 'lit', 'advancing': False}
2026-08-11 12:50:25,400 : INFO : EventManager : Event: ======'shot_dt_6_lit_hit'====== Args={'profile': 'default', 'state': 'lit', 'advancing': False}
2026-08-11 12:50:25,400 : INFO : EventManager : Event: ======'player_awareness'====== Args={'value': 80, 'prev_value': 75, 'change': 5, 'player_num': 1, 'source': 'awareness'}
2026-08-11 12:50:25,400 : INFO : EventManager : Event: ======'player_awareness_percent'====== Args={'value': 45, 'prev_value': 42, 'change': 3, 'player_num': 1, 'source': 'awareness'}
2026-08-11 12:50:25,400 : INFO : EventManager : Event: ======'player_score'====== Args={'value': 4633696, 'prev_value': 4633654, 'change': 42, 'player_num': 1, 'source': 'base'}
2026-08-11 12:50:25,493 : INFO : EventManager : Event: ======'player_super_pops_super_pops_mult_timer_tick'====== Args={'value': 0, 'prev_value': 1, 'change': -1, 'player_num': 1}
2026-08-11 12:50:25,493 : INFO : Timer.super_pops_mult_timer : Timer Complete
2026-08-11 12:50:25,493 : INFO : Timer.super_pops_mult_timer : Stopping Timer
2026-08-11 12:50:25,493 : INFO : EventManager : Event: ======'timer_super_pops_mult_timer_stopped'====== Args={'ticks': 0, 'ticks_remaining': 1}
2026-08-11 12:50:25,494 : INFO : EventManager : Event: ======'timer_super_pops_mult_timer_complete'====== Args={'ticks': 0, 'ticks_remaining': 1}
2026-08-11 12:50:25,494 : INFO : EventManager : Event: ======'player_super_pops_multiplier'====== Args={'value': 1, 'prev_value': 2, 'change': -1, 'player_num': 1, 'source': 'super_pops'}
2026-08-11 12:50:25,540 : INFO : EventManager : Event: ======'player_shotgun_threebank_drop_3_trip_timer_tick'====== Args={'value': 1, 'prev_value': 0, 'change': 1, 'player_num': 1}
2026-08-11 12:50:25,540 : INFO : Timer.threebank_drop_3_trip_timer : Timer Complete
2026-08-11 12:50:25,540 : INFO : Timer.threebank_drop_3_trip_timer : Stopping Timer
2026-08-11 12:50:25,540 : INFO : EventManager : Event: ======'timer_threebank_drop_3_trip_timer_stopped'====== Args={'ticks': 1, 'ticks_remaining': 1}
2026-08-11 12:50:25,540 : INFO : EventManager : Event: ======'timer_threebank_drop_3_trip_timer_complete'====== Args={'ticks': 1, 'ticks_remaining': 1}
2026-08-11 12:50:25,541 : INFO : coil.c_39_threebank_drop_3_trip : Pulsing Driver for 8ms (1.0 pulse_power)
2026-08-11 12:50:25,541 : INFO : EventManager : Event: ======'threebank_drop_3_tripped'====== Args={'priority': 0}
2026-08-11 12:50:25,541 : INFO : EventManager : Event: ======'shotgun_mode_active_started'====== Args={'priority': 0}
2026-08-11 12:50:25,541 : INFO : EventManager : Event: ======'player_shotgun_mode_active'====== Args={'value': 1, 'prev_value': 0, 'change': 1, 'player_num': 1, 'source': 'shotgun'}
2026-08-11 12:50:25,588 : INFO : SwitchController : <<<<<<< 's_79_threebank_drop_3' active >>>>>>>
2026-08-11 12:50:25,588 : INFO : EventManager : Event: ======'playfield_active'====== Args={'source': 'shot_dt_7'}
2026-08-11 12:50:25,588 : INFO : EventManager : Event: ======'unexpected_ball_on_playfield'====== Args={}
2026-08-11 12:50:25,588 : INFO : EventManager : Event: ======'s_79_threebank_drop_3_active'====== Args={}
2026-08-11 12:50:25,588 : INFO : EventManager : Event: ======'sw_drop_target'====== Args={}
2026-08-11 12:50:25,588 : INFO : EventManager : Event: ======'playfield_active'====== Args={'source': 'dt_7'}
2026-08-11 12:50:25,588 : INFO : EventManager : Event: ======'unexpected_ball_on_playfield'====== Args={}
2026-08-11 12:50:25,588 : INFO : EventManager : Event: ======'drop_target_dt_7_down'====== Args={'device': <drop_target.dt_7>}
2026-08-11 12:50:25,588 : INFO : EventManager : Event: ======'drop_target_bank_dt_bank_5_7_down'====== Args={}
2026-08-11 12:50:25,588 : INFO : EventManager : Event: ======'machine_var_audits_switches_s_79_threebank_drop_3'====== Args={'value': 338, 'prev_value': 337, 'change': 1}
2026-08-11 12:50:25,589 : INFO : EventManager : Event: ======'awareness_add_5'====== Args={'priority': 0}
2026-08-11 12:50:25,589 : INFO : EventManager : Event: ======'player_shot_shot_dt_7'====== Args={'value': 1, 'prev_value': 0, 'change': 1, 'player_num': 1}
2026-08-11 12:50:25,589 : INFO : EventManager : Event: ======'machine_var_audits_shots_shot_dt_7'====== Args={'value': 331, 'prev_value': 330, 'change': 1}
2026-08-11 12:50:25,589 : INFO : EventManager : Event: ======'shot_dt_7_hit'====== Args={'profile': 'default', 'state': 'unlit', 'advancing': True}
2026-08-11 12:50:25,590 : INFO : EventManager : Event: ======'shot_dt_7_default_hit'====== Args={'profile': 'default', 'state': 'unlit', 'advancing': True}
2026-08-11 12:50:25,590 : INFO : EventManager : Event: ======'shot_dt_7_default_unlit_hit'====== Args={'profile': 'default', 'state': 'unlit', 'advancing': True}
2026-08-11 12:50:25,590 : INFO : EventManager : Event: ======'shot_dt_7_unlit_hit'====== Args={'profile': 'default', 'state': 'unlit', 'advancing': True}
2026-08-11 12:50:25,590 : INFO : EventManager : Event: ======'player_awareness'====== Args={'value': 85, 'prev_value': 80, 'change': 5, 'player_num': 1, 'source': 'awareness'}
2026-08-11 12:50:25,590 : INFO : EventManager : Event: ======'player_awareness_percent'====== Args={'value': 48, 'prev_value': 45, 'change': 3, 'player_num': 1, 'source': 'awareness'}
2026-08-11 12:50:25,590 : INFO : EventManager : Event: ======'player_score'====== Args={'value': 4633738, 'prev_value': 4633696, 'change': 42, 'player_num': 1, 'source': 'base'}
2026-08-11 12:50:26,205 : INFO : EventManager : Event: ======'player_glasses_mode_glasses_position_confirm_tick'====== Args={'value': 1, 'prev_value': 0, 'change': 1, 'player_num': 1}
2026-08-11 12:50:26,205 : INFO : Timer.glasses_position_confirm : Timer Complete
2026-08-11 12:50:26,205 : INFO : Timer.glasses_position_confirm : Stopping Timer
2026-08-11 12:50:26,206 : INFO : EventManager : Event: ======'timer_glasses_position_confirm_stopped'====== Args={'ticks': 1, 'ticks_remaining': 1}
2026-08-11 12:50:26,206 : INFO : EventManager : Event: ======'timer_glasses_position_confirm_complete'====== Args={'ticks': 1, 'ticks_remaining': 1}
2026-08-11 12:50:26,208 : INFO : EventManager : Event: ======'varitarget_position_1_confirmed'====== Args={'priority': 0}
2026-08-11 12:50:26,208 : INFO : EventManager : Event: ======'glasses_enter_state_1'====== Args={'priority': 0}
2026-08-11 12:50:26,208 : INFO : EventManager : Event: ======'glasses_stop_all_shows'====== Args={'priority': 0}
2026-08-11 12:50:26,208 : INFO : EventManager : Event: ======'glasses_state_timer_stop'====== Args={'priority': 0}
2026-08-11 12:50:26,208 : INFO : EventManager : Event: ======'glasses_home_pulse_timer_stop'====== Args={'priority': 0}
2026-08-11 12:50:26,208 : INFO : EventManager : Event: ======'glasses_homing_cancel'====== Args={'priority': 0}
2026-08-11 12:50:26,208 : INFO : Timer.glasses_state_timer : Stopping Timer
2026-08-11 12:50:26,208 : INFO : EventManager : Event: ======'timer_glasses_state_timer_stopped'====== Args={'ticks': 0, 'ticks_remaining': 1}
2026-08-11 12:50:26,208 : INFO : Timer.glasses_home_pulse_timer : Stopping Timer
2026-08-11 12:50:26,208 : INFO : EventManager : Event: ======'timer_glasses_home_pulse_timer_stopped'====== Args={'ticks': 0, 'ticks_remaining': 5}
2026-08-11 12:50:26,714 : INFO : SwitchController : <<<<<<< 's_37_left_sling' active >>>>>>>
2026-08-11 12:50:26,714 : INFO : EventManager : Event: ======'playfield_active'====== Args={'source': 'shot_slingshot_l'}
2026-08-11 12:50:26,714 : INFO : EventManager : Event: ======'unexpected_ball_on_playfield'====== Args={}
2026-08-11 12:50:26,714 : INFO : EventManager : Event: ======'s_37_left_sling_active'====== Args={}
2026-08-11 12:50:26,715 : INFO : EventManager : Event: ======'sw_slingshot'====== Args={}
2026-08-11 12:50:26,715 : INFO : EventManager : Event: ======'playfield_active'====== Args={'source': 'ac_sling_left'}
2026-08-11 12:50:26,715 : INFO : EventManager : Event: ======'unexpected_ball_on_playfield'====== Args={}
2026-08-11 12:50:26,715 : INFO : EventManager : Event: ======'machine_var_audits_switches_s_37_left_sling'====== Args={'value': 389, 'prev_value': 388, 'change': 1}
2026-08-11 12:50:26,715 : INFO : SwitchController : <<<<<<< 's_37_left_sling' inactive >>>>>>>
2026-08-11 12:50:26,716 : INFO : EventManager : Event: ======'awareness_add_1'====== Args={'priority': 0}
2026-08-11 12:50:26,716 : INFO : EventManager : Event: ======'player_shot_shot_slingshot_l'====== Args={'value': 1, 'prev_value': 0, 'change': 1, 'player_num': 1}
2026-08-11 12:50:26,716 : INFO : EventManager : Event: ======'machine_var_audits_shots_shot_slingshot_l'====== Args={'value': 389, 'prev_value': 388, 'change': 1}
2026-08-11 12:50:26,716 : INFO : EventManager : Event: ======'shot_slingshot_l_hit'====== Args={'profile': 'default', 'state': 'unlit', 'advancing': True}
2026-08-11 12:50:26,716 : INFO : EventManager : Event: ======'shot_slingshot_l_default_hit'====== Args={'profile': 'default', 'state': 'unlit', 'advancing': True}
2026-08-11 12:50:26,717 : INFO : EventManager : Event: ======'shot_slingshot_l_default_unlit_hit'====== Args={'profile': 'default', 'state': 'unlit', 'advancing': True}
2026-08-11 12:50:26,717 : INFO : EventManager : Event: ======'shot_slingshot_l_unlit_hit'====== Args={'profile': 'default', 'state': 'unlit', 'advancing': True}
2026-08-11 12:50:26,717 : INFO : EventManager : Event: ======'player_awareness'====== Args={'value': 86, 'prev_value': 85, 'change': 1, 'player_num': 1, 'source': 'awareness'}
2026-08-11 12:50:26,717 : INFO : EventManager : Event: ======'player_awareness_percent'====== Args={'value': 49, 'prev_value': 48, 'change': 1, 'player_num': 1, 'source': 'awareness'}
2026-08-11 12:50:26,717 : INFO : EventManager : Event: ======'player_score'====== Args={'value': 4633780, 'prev_value': 4633738, 'change': 42, 'player_num': 1, 'source': 'base'}
2026-08-11 12:50:28,786 : INFO : EventManager : Event: ======'widget_AwardPopup_removed'====== Args={'_from_bcp': True}
2026-08-11 12:50:29,727 : INFO : SwitchController : <<<<<<< 's_29_trough_6' active >>>>>>>
2026-08-11 12:50:29,727 : INFO : EventManager : Event: ======'machine_var_audits_switches_s_29_trough_6'====== Args={'value': 1364, 'prev_value': 1363, 'change': 1}
2026-08-11 12:50:29,823 : INFO : ball_device.bd_trough : State: failed_confirm
2026-08-11 12:50:29,823 : INFO : ball_device.bd_trough : Got timeout (10.0s) before confirm from <ball_device.bd_plunger>
2026-08-11 12:50:29,824 : INFO : ball_device.bd_plunger : Expecting incoming ball which may skip the device.
2026-08-11 12:50:29,824 : INFO : EventManager : Event: ======'balldevice_bd_plunger_ejecting_ball'====== Args={'balls': 1, 'target': <playfield.playfield>, 'source': <ball_device.bd_plunger>, 'mechanical_eject': False, 'num_attempts': 1}
2026-08-11 12:50:29,935 : INFO : SwitchController : <<<<<<< 's_29_trough_6' inactive >>>>>>>
2026-08-11 12:50:29,951 : INFO : SwitchController : <<<<<<< 's_28_trough_5' active >>>>>>>
2026-08-11 12:50:29,951 : INFO : EventManager : Event: ======'machine_var_audits_switches_s_28_trough_5'====== Args={'value': 1262, 'prev_value': 1261, 'change': 1}
2026-08-11 12:50:30,094 : INFO : SwitchController : <<<<<<< 's_28_trough_5' inactive >>>>>>>
2026-08-11 12:50:30,110 : INFO : SwitchController : <<<<<<< 's_27_trough_4' active >>>>>>>
2026-08-11 12:50:30,110 : INFO : EventManager : Event: ======'machine_var_audits_switches_s_27_trough_4'====== Args={'value': 1472, 'prev_value': 1471, 'change': 1}
2026-08-11 12:50:30,238 : INFO : SwitchController : <<<<<<< 's_27_trough_4' inactive >>>>>>>
2026-08-11 12:50:30,239 : INFO : SwitchController : <<<<<<< 's_26_trough_3' active >>>>>>>
2026-08-11 12:50:30,240 : INFO : EventManager : Event: ======'machine_var_audits_switches_s_26_trough_3'====== Args={'value': 1893, 'prev_value': 1892, 'change': 1}
2026-08-11 12:50:30,745 : INFO : ball_device.bd_trough : Got unknown balls. Assuming a ball returned.
2026-08-11 12:50:30,745 : INFO : EventManager : Event: ======'balldevice_bd_trough_ball_eject_failed'====== Args={'target': <ball_device.bd_plunger>, 'balls': 1, 'retry': True, 'num_attempts': 2}
2026-08-11 12:50:30,745 : INFO : EventManager : Event: ======'balldevice_bd_plunger_ball_eject_failed'====== Args={'target': <playfield.playfield>, 'balls': 1, 'retry': True, 'num_attempts': 1}
2026-08-11 12:50:30,746 : INFO : ball_device.bd_plunger : No longer expecting incoming ball which may skip the device.
2026-08-11 12:50:30,746 : INFO : ball_device.bd_trough : State: waiting_for_target_ready
2026-08-11 12:50:30,746 : INFO : EventManager : Event: ======'balldevice_bd_trough_ball_eject_attempt'====== Args={'balls': 1, 'target': <ball_device.bd_plunger>, 'source': <ball_device.bd_trough>, 'mechanical_eject': True, 'num_attempts': 2}
2026-08-11 12:50:30,747 : INFO : ball_device.bd_trough : State: ejecting
2026-08-11 12:50:30,747 : INFO : ball_device.bd_trough : Ejecting ball to <ball_device.bd_plunger>
2026-08-11 12:50:30,747 : INFO : EventManager : Event: ======'balldevice_bd_trough_ejecting_ball'====== Args={'balls': 1, 'target': <ball_device.bd_plunger>, 'source': <ball_device.bd_trough>, 'mechanical_eject': True, 'num_attempts': 2}
2026-08-11 12:50:30,748 : INFO : ball_device.bd_plunger : State: waiting_for_ball
2026-08-11 12:50:30,748 : INFO : ball_device.bd_trough : Wait for ball to leave device
2026-08-11 12:50:30,749 : INFO : coil.c_02_trough_eject : Pulsing Driver for 16ms (1.0 pulse_power)
2026-08-11 12:50:30,792 : INFO : SwitchController : <<<<<<< 's_24_trough_1' inactive >>>>>>>
2026-08-11 12:50:30,792 : INFO : SwitchController : <<<<<<< 's_30_trough_jam' active >>>>>>>
2026-08-11 12:50:30,792 : INFO : EventManager : Event: ======'machine_var_audits_switches_s_30_trough_jam'====== Args={'value': 2228, 'prev_value': 2227, 'change': 1}
2026-08-11 12:50:30,793 : INFO : ball_device.bd_trough : State: ball_left
2026-08-11 12:50:30,793 : INFO : ball_device.bd_trough : Ball left
2026-08-11 12:50:30,793 : INFO : ball_device.bd_trough : Wait for confirm with timeout 10.0
2026-08-11 12:50:30,807 : INFO : SwitchController : <<<<<<< 's_30_trough_jam' inactive >>>>>>>
2026-08-11 12:50:31,092 : INFO : SwitchController : <<<<<<< 's_25_trough_2' inactive >>>>>>>
2026-08-11 12:50:31,093 : INFO : SwitchController : <<<<<<< 's_26_trough_3' inactive >>>>>>>
2026-08-11 12:50:31,126 : INFO : SwitchController : <<<<<<< 's_24_trough_1' active >>>>>>>
2026-08-11 12:50:31,126 : INFO : EventManager : Event: ======'machine_var_audits_switches_s_24_trough_1'====== Args={'value': 2228, 'prev_value': 2227, 'change': 1}
2026-08-11 12:50:31,140 : INFO : SwitchController : <<<<<<< 's_25_trough_2' active >>>>>>>
2026-08-11 12:50:31,140 : INFO : EventManager : Event: ======'machine_var_audits_switches_s_25_trough_2'====== Args={'value': 2191, 'prev_value': 2190, 'change': 1}
2026-08-11 12:50:37,402 : INFO : SwitchController : <<<<<<< 's_28_trough_5' active >>>>>>>
2026-08-11 12:50:37,402 : INFO : EventManager : Event: ======'machine_var_audits_switches_s_28_trough_5'====== Args={'value': 1263, 'prev_value': 1262, 'change': 1}
2026-08-11 12:50:37,418 : INFO : SwitchController : <<<<<<< 's_28_trough_5' inactive >>>>>>>
2026-08-11 12:50:37,498 : INFO : SwitchController : <<<<<<< 's_28_trough_5' active >>>>>>>
2026-08-11 12:50:37,499 : INFO : EventManager : Event: ======'machine_var_audits_switches_s_28_trough_5'====== Args={'value': 1264, 'prev_value': 1263, 'change': 1}
2026-08-11 12:50:37,531 : INFO : SwitchController : <<<<<<< 's_28_trough_5' inactive >>>>>>>
2026-08-11 12:50:37,609 : INFO : SwitchController : <<<<<<< 's_27_trough_4' active >>>>>>>
2026-08-11 12:50:37,610 : INFO : EventManager : Event: ======'machine_var_audits_switches_s_27_trough_4'====== Args={'value': 1473, 'prev_value': 1472, 'change': 1}
2026-08-11 12:50:37,738 : INFO : SwitchController : <<<<<<< 's_27_trough_4' inactive >>>>>>>
2026-08-11 12:50:37,752 : INFO : SwitchController : <<<<<<< 's_26_trough_3' active >>>>>>>
2026-08-11 12:50:37,752 : INFO : EventManager : Event: ======'machine_var_audits_switches_s_26_trough_3'====== Args={'value': 1894, 'prev_value': 1893, 'change': 1}
2026-08-11 12:50:40,779 : INFO : ball_device.bd_trough : State: failed_confirm
2026-08-11 12:50:40,779 : INFO : ball_device.bd_trough : Got timeout (10.0s) before confirm from <ball_device.bd_plunger>
2026-08-11 12:50:40,780 : INFO : ball_device.bd_plunger : Expecting incoming ball which may skip the device.
2026-08-11 12:50:40,780 : INFO : EventManager : Event: ======'balldevice_bd_plunger_ejecting_ball'====== Args={'balls': 1, 'target': <playfield.playfield>, 'source': <ball_device.bd_plunger>, 'mechanical_eject': False, 'num_attempts': 1}
2026-08-11 12:50:40,780 : INFO : ball_device.bd_trough : Got unknown balls. Assuming a ball returned.
2026-08-11 12:50:40,780 : INFO : EventManager : Event: ======'balldevice_bd_trough_ball_eject_failed'====== Args={'target': <ball_device.bd_plunger>, 'balls': 1, 'retry': True, 'num_attempts': 3}
2026-08-11 12:50:40,781 : INFO : EventManager : Event: ======'balldevice_bd_plunger_ball_eject_failed'====== Args={'target': <playfield.playfield>, 'balls': 1, 'retry': True, 'num_attempts': 1}
2026-08-11 12:50:40,782 : INFO : ball_device.bd_trough : State: waiting_for_target_ready
2026-08-11 12:50:40,782 : INFO : EventManager : Event: ======'balldevice_bd_trough_ball_eject_attempt'====== Args={'balls': 1, 'target': <ball_device.bd_plunger>, 'source': <ball_device.bd_trough>, 'mechanical_eject': True, 'num_attempts': 3}
2026-08-11 12:50:40,782 : INFO : ball_device.bd_plunger : No longer expecting incoming ball which may skip the device.
2026-08-11 12:50:40,783 : INFO : ball_device.bd_trough : State: ejecting
2026-08-11 12:50:40,783 : INFO : ball_device.bd_trough : Ejecting ball to <ball_device.bd_plunger>
2026-08-11 12:50:40,783 : INFO : EventManager : Event: ======'balldevice_bd_trough_ejecting_ball'====== Args={'balls': 1, 'target': <ball_device.bd_plunger>, 'source': <ball_device.bd_trough>, 'mechanical_eject': True, 'num_attempts': 3}
2026-08-11 12:50:40,784 : INFO : ball_device.bd_plunger : State: waiting_for_ball
2026-08-11 12:50:40,784 : INFO : ball_device.bd_trough : Wait for ball to leave device
2026-08-11 12:50:40,784 : INFO : coil.c_02_trough_eject : Pulsing Driver for 16ms (1.0 pulse_power)
2026-08-11 12:50:40,827 : INFO : SwitchController : <<<<<<< 's_24_trough_1' inactive >>>>>>>
2026-08-11 12:50:40,827 : INFO : SwitchController : <<<<<<< 's_30_trough_jam' active >>>>>>>
2026-08-11 12:50:40,828 : INFO : EventManager : Event: ======'machine_var_audits_switches_s_30_trough_jam'====== Args={'value': 2229, 'prev_value': 2228, 'change': 1}
2026-08-11 12:50:40,829 : INFO : SwitchController : <<<<<<< 's_30_trough_jam' inactive >>>>>>>
2026-08-11 12:50:40,835 : INFO : ball_device.bd_trough : State: ball_left
2026-08-11 12:50:40,835 : INFO : ball_device.bd_trough : Ball left
2026-08-11 12:50:40,835 : INFO : ball_device.bd_trough : Wait for confirm with timeout 10.0
2026-08-11 12:50:41,129 : INFO : SwitchController : <<<<<<< 's_25_trough_2' inactive >>>>>>>
2026-08-11 12:50:41,177 : INFO : SwitchController : <<<<<<< 's_24_trough_1' active >>>>>>>
2026-08-11 12:50:41,177 : INFO : EventManager : Event: ======'machine_var_audits_switches_s_24_trough_1'====== Args={'value': 2229, 'prev_value': 2228, 'change': 1}
2026-08-11 12:50:41,177 : INFO : SwitchController : <<<<<<< 's_26_trough_3' inactive >>>>>>>
2026-08-11 12:50:41,209 : INFO : SwitchController : <<<<<<< 's_25_trough_2' active >>>>>>>
2026-08-11 12:50:41,209 : INFO : EventManager : Event: ======'machine_var_audits_switches_s_25_trough_2'====== Args={'value': 2192, 'prev_value': 2191, 'change': 1}
2026-08-11 12:50:43,439 : INFO : SwitchController : <<<<<<< 's_60_top_lane_c' active >>>>>>>
2026-08-11 12:50:43,439 : INFO : EventManager : Event: ======'playfield_active'====== Args={'source': 'resistance_top_lane_stage_2'}
2026-08-11 12:50:43,440 : INFO : EventManager : Event: ======'unexpected_ball_on_playfield'====== Args={}
2026-08-11 12:50:43,440 : INFO : EventManager : Event: ======'playfield_active'====== Args={'source': 'resistance_top_lane_stage_3'}
2026-08-11 12:50:43,440 : INFO : EventManager : Event: ======'unexpected_ball_on_playfield'====== Args={}
2026-08-11 12:50:43,440 : INFO : EventManager : Event: ======'playfield_active'====== Args={'source': 'resistance_top_lane_stage_4'}
2026-08-11 12:50:43,440 : INFO : EventManager : Event: ======'unexpected_ball_on_playfield'====== Args={}
2026-08-11 12:50:43,440 : INFO : EventManager : Event: ======'s_60_top_lane_c_active'====== Args={}
2026-08-11 12:50:43,440 : INFO : EventManager : Event: ======'sw_playfield_active'====== Args={}
2026-08-11 12:50:43,440 : INFO : EventManager : Event: ======'sw_top_lanes'====== Args={}
2026-08-11 12:50:43,440 : INFO : EventManager : Event: ======'machine_var_audits_switches_s_60_top_lane_c'====== Args={'value': 803, 'prev_value': 802, 'change': 1}
2026-08-11 12:50:43,441 : INFO : EventManager : Event: ======'top_lane_c_turn_on'====== Args={'priority': 0}
2026-08-11 12:50:43,441 : INFO : EventManager : Event: ======'awareness_add_3'====== Args={'priority': 0}
2026-08-11 12:50:43,441 : INFO : EventManager : Event: ======'top_lanes_check'====== Args={'priority': 0}
2026-08-11 12:50:43,441 : INFO : EventManager : Event: ======'player_top_lane_c_lit'====== Args={'value': 1, 'prev_value': 0, 'change': 1, 'player_num': 1, 'source': 'spinner_2x_qualify'}
2026-08-11 12:50:43,441 : INFO : EventManager : Event: ======'spinner_2x_stop'====== Args={'priority': 0}
2026-08-11 12:50:43,442 : INFO : EventManager : Event: ======'player_awareness'====== Args={'value': 89, 'prev_value': 86, 'change': 3, 'player_num': 1, 'source': 'awareness'}
2026-08-11 12:50:43,442 : INFO : EventManager : Event: ======'player_awareness_percent'====== Args={'value': 50, 'prev_value': 49, 'change': 1, 'player_num': 1, 'source': 'awareness'}
2026-08-11 12:50:43,442 : INFO : EventManager : Event: ======'playfield_active'====== Args={'source': None}
2026-08-11 12:50:43,442 : INFO : EventManager : Event: ======'unexpected_ball_on_playfield'====== Args={}
2026-08-11 12:50:43,442 : INFO : EventManager : Event: ======'player_score'====== Args={'value': 4638780, 'prev_value': 4633780, 'change': 5000, 'player_num': 1, 'source': 'base'}
2026-08-11 12:50:43,710 : INFO : SwitchController : <<<<<<< 's_60_top_lane_c' inactive >>>>>>>
2026-08-11 12:50:46,156 : INFO : SwitchController : <<<<<<< 's_29_trough_6' active >>>>>>>
2026-08-11 12:50:46,156 : INFO : EventManager : Event: ======'machine_var_audits_switches_s_29_trough_6'====== Args={'value': 1365, 'prev_value': 1364, 'change': 1}
2026-08-11 12:50:46,157 : INFO : SwitchController : <<<<<<< 's_29_trough_6' inactive >>>>>>>
2026-08-11 12:50:46,204 : INFO : SwitchController : <<<<<<< 's_29_trough_6' active >>>>>>>
2026-08-11 12:50:46,205 : INFO : EventManager : Event: ======'machine_var_audits_switches_s_29_trough_6'====== Args={'value': 1366, 'prev_value': 1365, 'change': 1}
2026-08-11 12:50:46,410 : INFO : SwitchController : <<<<<<< 's_29_trough_6' inactive >>>>>>>
2026-08-11 12:50:46,442 : INFO : SwitchController : <<<<<<< 's_28_trough_5' active >>>>>>>
2026-08-11 12:50:46,442 : INFO : EventManager : Event: ======'machine_var_audits_switches_s_28_trough_5'====== Args={'value': 1265, 'prev_value': 1264, 'change': 1}
2026-08-11 12:50:46,601 : INFO : SwitchController : <<<<<<< 's_28_trough_5' inactive >>>>>>>
2026-08-11 12:50:46,618 : INFO : SwitchController : <<<<<<< 's_27_trough_4' active >>>>>>>
2026-08-11 12:50:46,618 : INFO : EventManager : Event: ======'machine_var_audits_switches_s_27_trough_4'====== Args={'value': 1474, 'prev_value': 1473, 'change': 1}
2026-08-11 12:50:46,744 : INFO : SwitchController : <<<<<<< 's_27_trough_4' inactive >>>>>>>
2026-08-11 12:50:46,760 : INFO : SwitchController : <<<<<<< 's_26_trough_3' active >>>>>>>
2026-08-11 12:50:46,760 : INFO : EventManager : Event: ======'machine_var_audits_switches_s_26_trough_3'====== Args={'value': 1895, 'prev_value': 1894, 'change': 1}
2026-08-11 12:50:50,816 : INFO : ball_device.bd_trough : State: failed_confirm
2026-08-11 12:50:50,817 : INFO : ball_device.bd_trough : Got timeout (10.0s) before confirm from <ball_device.bd_plunger>
2026-08-11 12:50:50,818 : INFO : ball_device.bd_plunger : Expecting incoming ball which may skip the device.
2026-08-11 12:50:50,818 : INFO : EventManager : Event: ======'balldevice_bd_plunger_ejecting_ball'====== Args={'balls': 1, 'target': <playfield.playfield>, 'source': <ball_device.bd_plunger>, 'mechanical_eject': False, 'num_attempts': 1}
2026-08-11 12:50:50,818 : INFO : ball_device.bd_trough : Got unknown balls. Assuming a ball returned.
2026-08-11 12:50:50,818 : INFO : EventManager : Event: ======'balldevice_bd_trough_ball_eject_failed'====== Args={'target': <ball_device.bd_plunger>, 'balls': 1, 'retry': True, 'num_attempts': 4}
2026-08-11 12:50:50,819 : INFO : EventManager : Event: ======'balldevice_bd_plunger_ball_eject_failed'====== Args={'target': <playfield.playfield>, 'balls': 1, 'retry': True, 'num_attempts': 1}
2026-08-11 12:50:50,820 : INFO : ball_device.bd_trough : State: waiting_for_target_ready
2026-08-11 12:50:50,820 : INFO : EventManager : Event: ======'balldevice_bd_trough_ball_eject_attempt'====== Args={'balls': 1, 'target': <ball_device.bd_plunger>, 'source': <ball_device.bd_trough>, 'mechanical_eject': True, 'num_attempts': 4}
2026-08-11 12:50:50,820 : INFO : ball_device.bd_plunger : No longer expecting incoming ball which may skip the device.
2026-08-11 12:50:50,820 : INFO : ball_device.bd_trough : State: ejecting
2026-08-11 12:50:50,820 : INFO : ball_device.bd_trough : Ejecting ball to <ball_device.bd_plunger>
2026-08-11 12:50:50,821 : INFO : EventManager : Event: ======'balldevice_bd_trough_ejecting_ball'====== Args={'balls': 1, 'target': <ball_device.bd_plunger>, 'source': <ball_device.bd_trough>, 'mechanical_eject': True, 'num_attempts': 4}
2026-08-11 12:50:50,821 : INFO : ball_device.bd_plunger : State: waiting_for_ball
2026-08-11 12:50:50,821 : INFO : ball_device.bd_trough : Wait for ball to leave device
2026-08-11 12:50:50,822 : INFO : coil.c_02_trough_eject : Pulsing Driver for 16ms (1.0 pulse_power)
2026-08-11 12:50:50,864 : INFO : SwitchController : <<<<<<< 's_24_trough_1' inactive >>>>>>>
2026-08-11 12:50:50,864 : INFO : SwitchController : <<<<<<< 's_30_trough_jam' active >>>>>>>
2026-08-11 12:50:50,864 : INFO : EventManager : Event: ======'machine_var_audits_switches_s_30_trough_jam'====== Args={'value': 2230, 'prev_value': 2229, 'change': 1}
2026-08-11 12:50:50,865 : INFO : ball_device.bd_trough : State: ball_left
2026-08-11 12:50:50,865 : INFO : ball_device.bd_trough : Ball left
2026-08-11 12:50:50,865 : INFO : ball_device.bd_trough : Wait for confirm with timeout 10.0
2026-08-11 12:50:50,879 : INFO : SwitchController : <<<<<<< 's_30_trough_jam' inactive >>>>>>>
2026-08-11 12:50:51,168 : INFO : SwitchController : <<<<<<< 's_25_trough_2' inactive >>>>>>>
2026-08-11 12:50:51,198 : INFO : SwitchController : <<<<<<< 's_26_trough_3' inactive >>>>>>>
2026-08-11 12:50:51,198 : INFO : SwitchController : <<<<<<< 's_24_trough_1' active >>>>>>>
2026-08-11 12:50:51,199 : INFO : EventManager : Event: ======'machine_var_audits_switches_s_24_trough_1'====== Args={'value': 2230, 'prev_value': 2229, 'change': 1}
2026-08-11 12:50:51,230 : INFO : SwitchController : <<<<<<< 's_25_trough_2' active >>>>>>>
2026-08-11 12:50:51,231 : INFO : EventManager : Event: ======'machine_var_audits_switches_s_25_trough_2'====== Args={'value': 2193, 'prev_value': 2192, 'change': 1}
2026-08-11 12:51:00,867 : INFO : ball_device.bd_trough : State: failed_confirm
2026-08-11 12:51:00,867 : INFO : ball_device.bd_trough : Got timeout (10.0s) before confirm from <ball_device.bd_plunger>
2026-08-11 12:51:00,868 : INFO : ball_device.bd_plunger : Expecting incoming ball which may skip the device.
2026-08-11 12:51:00,868 : INFO : EventManager : Event: ======'balldevice_bd_plunger_ejecting_ball'====== Args={'balls': 1, 'target': <playfield.playfield>, 'source': <ball_device.bd_plunger>, 'mechanical_eject': False, 'num_attempts': 1}
2026-08-11 12:51:04,871 : INFO : ball_device.bd_plunger : Got confirm for skipping ball.
2026-08-11 12:51:04,871 : INFO : ball_device.bd_plunger : Eject successful
2026-08-11 12:51:04,871 : INFO : EventManager : Event: ======'balldevice_bd_plunger_ball_eject_success'====== Args={'balls': 1, 'target': <playfield.playfield>}
2026-08-11 12:51:04,871 : INFO : EventManager : Event: ======'balldevice_playfield_ball_enter'====== Args={'new_balls': 1, 'unclaimed_balls': 1, 'device': <playfield.playfield>}
2026-08-11 12:51:04,872 : INFO : EventManager : Event: ======'playfield_ball_count_change'====== Args={'balls': 1, 'change': 1}
2026-08-11 12:51:04,872 : INFO : ball_device.bd_plunger : State: idle
2026-08-11 12:51:04,873 : INFO : ball_device.bd_trough : Eject successful
2026-08-11 12:51:04,873 : INFO : EventManager : Event: ======'balldevice_bd_trough_ball_eject_success'====== Args={'balls': 1, 'target': <ball_device.bd_plunger>}
2026-08-11 12:51:04,873 : INFO : EventManager : Event: ======'balldevice_bd_trough_ball_count_changed'====== Args={'balls': 2}
2026-08-11 12:51:04,873 : INFO : ball_device.bd_trough : State: idle
2026-08-11 12:51:11,777 : INFO : SwitchController : <<<<<<< 's_60_top_lane_c' active >>>>>>>
2026-08-11 12:51:11,777 : INFO : EventManager : Event: ======'s_60_top_lane_c_active'====== Args={}
2026-08-11 12:51:11,777 : INFO : EventManager : Event: ======'sw_playfield_active'====== Args={}
2026-08-11 12:51:11,777 : INFO : EventManager : Event: ======'sw_top_lanes'====== Args={}
2026-08-11 12:51:11,777 : INFO : EventManager : Event: ======'machine_var_audits_switches_s_60_top_lane_c'====== Args={'value': 804, 'prev_value': 803, 'change': 1}
2026-08-11 12:51:11,778 : INFO : EventManager : Event: ======'top_lane_c_turn_off'====== Args={'priority': 0}
2026-08-11 12:51:11,778 : INFO : EventManager : Event: ======'awareness_add_3'====== Args={'priority': 0}
2026-08-11 12:51:11,778 : INFO : EventManager : Event: ======'top_lanes_check'====== Args={'priority': 0}
2026-08-11 12:51:11,778 : INFO : EventManager : Event: ======'player_top_lane_c_lit'====== Args={'value': 0, 'prev_value': 1, 'change': -1, 'player_num': 1, 'source': 'spinner_2x_qualify'}
2026-08-11 12:51:11,779 : INFO : EventManager : Event: ======'spinner_2x_stop'====== Args={'priority': 0}
2026-08-11 12:51:11,779 : INFO : EventManager : Event: ======'player_awareness'====== Args={'value': 92, 'prev_value': 89, 'change': 3, 'player_num': 1, 'source': 'awareness'}
2026-08-11 12:51:11,779 : INFO : EventManager : Event: ======'player_awareness_percent'====== Args={'value': 52, 'prev_value': 50, 'change': 2, 'player_num': 1, 'source': 'awareness'}
2026-08-11 12:51:11,779 : INFO : EventManager : Event: ======'player_score'====== Args={'value': 4643780, 'prev_value': 4638780, 'change': 5000, 'player_num': 1, 'source': 'base'}
2026-08-11 12:51:11,888 : INFO : SwitchController : <<<<<<< 's_60_top_lane_c' inactive >>>>>>>
2026-08-11 12:51:12,496 : INFO : SwitchController : <<<<<<< 's_60_top_lane_c' active >>>>>>>
2026-08-11 12:51:12,496 : INFO : EventManager : Event: ======'s_60_top_lane_c_active'====== Args={}
2026-08-11 12:51:12,496 : INFO : EventManager : Event: ======'sw_playfield_active'====== Args={}
2026-08-11 12:51:12,496 : INFO : EventManager : Event: ======'sw_top_lanes'====== Args={}
2026-08-11 12:51:12,496 : INFO : EventManager : Event: ======'machine_var_audits_switches_s_60_top_lane_c'====== Args={'value': 805, 'prev_value': 804, 'change': 1}
2026-08-11 12:51:12,497 : INFO : EventManager : Event: ======'top_lane_c_turn_on'====== Args={'priority': 0}
2026-08-11 12:51:12,497 : INFO : EventManager : Event: ======'awareness_add_3'====== Args={'priority': 0}
2026-08-11 12:51:12,497 : INFO : EventManager : Event: ======'top_lanes_check'====== Args={'priority': 0}
2026-08-11 12:51:12,497 : INFO : EventManager : Event: ======'player_top_lane_c_lit'====== Args={'value': 1, 'prev_value': 0, 'change': 1, 'player_num': 1, 'source': 'spinner_2x_qualify'}
2026-08-11 12:51:12,498 : INFO : EventManager : Event: ======'spinner_2x_stop'====== Args={'priority': 0}
2026-08-11 12:51:12,498 : INFO : EventManager : Event: ======'player_awareness'====== Args={'value': 95, 'prev_value': 92, 'change': 3, 'player_num': 1, 'source': 'awareness'}
2026-08-11 12:51:12,498 : INFO : EventManager : Event: ======'player_awareness_percent'====== Args={'value': 54, 'prev_value': 52, 'change': 2, 'player_num': 1, 'source': 'awareness'}
2026-08-11 12:51:12,498 : INFO : EventManager : Event: ======'player_score'====== Args={'value': 4648780, 'prev_value': 4643780, 'change': 5000, 'player_num': 1, 'source': 'base'}
2026-08-11 12:51:12,638 : INFO : SwitchController : <<<<<<< 's_60_top_lane_c' inactive >>>>>>>
2026-08-11 12:51:15,146 : INFO : SwitchController : <<<<<<< 's_29_trough_6' active >>>>>>>
2026-08-11 12:51:15,146 : INFO : EventManager : Event: ======'machine_var_audits_switches_s_29_trough_6'====== Args={'value': 1367, 'prev_value': 1366, 'change': 1}
2026-08-11 12:51:15,177 : INFO : SwitchController : <<<<<<< 's_29_trough_6' inactive >>>>>>>
2026-08-11 12:51:15,241 : INFO : SwitchController : <<<<<<< 's_28_trough_5' active >>>>>>>
2026-08-11 12:51:15,242 : INFO : EventManager : Event: ======'machine_var_audits_switches_s_28_trough_5'====== Args={'value': 1266, 'prev_value': 1265, 'change': 1}
2026-08-11 12:51:15,401 : INFO : SwitchController : <<<<<<< 's_28_trough_5' inactive >>>>>>>
2026-08-11 12:51:15,417 : INFO : SwitchController : <<<<<<< 's_27_trough_4' active >>>>>>>
2026-08-11 12:51:15,417 : INFO : EventManager : Event: ======'machine_var_audits_switches_s_27_trough_4'====== Args={'value': 1475, 'prev_value': 1474, 'change': 1}
2026-08-11 12:51:15,559 : INFO : SwitchController : <<<<<<< 's_27_trough_4' inactive >>>>>>>
2026-08-11 12:51:15,576 : INFO : SwitchController : <<<<<<< 's_26_trough_3' active >>>>>>>
2026-08-11 12:51:15,576 : INFO : EventManager : Event: ======'machine_var_audits_switches_s_26_trough_3'====== Args={'value': 1896, 'prev_value': 1895, 'change': 1}
2026-08-11 12:51:16,072 : INFO : EventManager : Event: ======'balldevice_bd_trough_ball_count_changed'====== Args={'balls': 3}
2026-08-11 12:51:16,072 : INFO : ball_device.bd_trough : Received unexpected ball
2026-08-11 12:51:16,072 : INFO : EventManager : Event: ======'balldevice_captured_from_playfield'====== Args={'balls': 1}
2026-08-11 12:51:16,073 : INFO : EventManager : Event: ======'sw_playfield_active'====== Args={'balls': 1}
2026-08-11 12:51:16,073 : INFO : EventManager : Event: ======'playfield_ball_count_change'====== Args={'balls': 0, 'change': -1}
2026-08-11 12:51:16,073 : INFO : EventManager : Event: ======'balldevice_bd_trough_ball_enter'====== Args={'new_balls': 1, 'unclaimed_balls': 1, 'new_available_balls': 1, 'device': <ball_device.bd_trough>}
2026-08-11 12:51:16,074 : INFO : EventManager : Event: ======'ball_drain'====== Args={'device': <ball_device.bd_trough>, 'balls': 1}
2026-08-11 12:51:16,074 : INFO : EventManager : Event: ======'ball_will_end'====== Args={}
2026-08-11 12:51:16,074 : INFO : EventManager : Event: ======'balldevice_balls_available'====== Args={}
2026-08-11 12:51:16,074 : INFO : EventManager : Event: ======'balldevice_bd_trough_ball_entered'====== Args={'new_balls': 1, 'device': <ball_device.bd_trough>}
2026-08-11 12:51:16,075 : INFO : EventManager : Event: ======'mode_stars_mode_will_stop'====== Args={}
2026-08-11 12:51:16,075 : INFO : EventManager : Event: ======'mode_stars_mode_stopping'====== Args={}
2026-08-11 12:51:16,075 : INFO : EventManager : Event: ======'mode_skillshot_will_stop'====== Args={}
2026-08-11 12:51:16,075 : INFO : EventManager : Event: ======'mode_skillshot_stopping'====== Args={}
2026-08-11 12:51:16,075 : INFO : EventManager : Event: ======'mode_spinner_2x_qualify_will_stop'====== Args={}
2026-08-11 12:51:16,075 : INFO : EventManager : Event: ======'mode_spinner_2x_qualify_stopping'====== Args={}
2026-08-11 12:51:16,075 : INFO : EventManager : Event: ======'mode_base_will_stop'====== Args={}
2026-08-11 12:51:16,075 : INFO : EventManager : Event: ======'mode_base_stopping'====== Args={}
2026-08-11 12:51:16,076 : INFO : Mode.spinner_2x_qualify : Stopped.
2026-08-11 12:51:16,076 : INFO : EventManager : Event: ======'modes_active_modes_changed'====== Args={}
2026-08-11 12:51:16,077 : INFO : EventManager : Event: ======'mode_spinner_2x_qualify_stopped'====== Args={}
2026-08-11 12:51:16,077 : INFO : EventManager : Event: ======'clear'====== Args={'key': 'spinner_2x_qualify'}
2026-08-11 12:51:16,077 : INFO : Mode.skillshot : Stopped.
2026-08-11 12:51:16,077 : INFO : EventManager : Event: ======'modes_active_modes_changed'====== Args={}
2026-08-11 12:51:16,077 : INFO : EventManager : Event: ======'mode_skillshot_stopped'====== Args={}
2026-08-11 12:51:16,077 : INFO : EventManager : Event: ======'clear'====== Args={'key': 'skillshot'}
2026-08-11 12:51:16,078 : INFO : Mode.stars_mode : Stopped.
2026-08-11 12:51:16,078 : INFO : EventManager : Event: ======'modes_active_modes_changed'====== Args={}
2026-08-11 12:51:16,078 : INFO : EventManager : Event: ======'mode_stars_mode_stopped'====== Args={}
2026-08-11 12:51:16,078 : INFO : EventManager : Event: ======'clear'====== Args={'key': 'stars_mode'}
2026-08-11 12:51:16,078 : INFO : EventManager : Event: ======'mode_glasses_mode_will_stop'====== Args={}
2026-08-11 12:51:16,078 : INFO : EventManager : Event: ======'mode_glasses_mode_stopping'====== Args={}
2026-08-11 12:51:16,078 : INFO : EventManager : Event: ======'mode_super_pops_will_stop'====== Args={}
2026-08-11 12:51:16,078 : INFO : EventManager : Event: ======'mode_super_pops_stopping'====== Args={}
2026-08-11 12:51:16,078 : INFO : Timer.varitarget_reset_timer : Stopping Timer
2026-08-11 12:51:16,078 : INFO : EventManager : Event: ======'timer_varitarget_reset_timer_stopped'====== Args={'ticks': 24, 'ticks_remaining': 999975}
2026-08-11 12:51:16,078 : INFO : Timer.varitarget_hit_settle : Stopping Timer
2026-08-11 12:51:16,078 : INFO : EventManager : Event: ======'timer_varitarget_hit_settle_stopped'====== Args={'ticks': 3, 'ticks_remaining': 1}
2026-08-11 12:51:16,078 : INFO : Mode.base : Stopped.
2026-08-11 12:51:16,078 : INFO : EventManager : Event: ======'modes_active_modes_changed'====== Args={}
2026-08-11 12:51:16,079 : INFO : EventManager : Event: ======'mode_base_stopped'====== Args={}
2026-08-11 12:51:16,079 : INFO : EventManager : Event: ======'clear'====== Args={'key': 'base'}
2026-08-11 12:51:16,079 : INFO : EventManager : Event: ======'mode_shotgun_will_stop'====== Args={}
2026-08-11 12:51:16,079 : INFO : EventManager : Event: ======'mode_shotgun_stopping'====== Args={}
2026-08-11 12:51:16,080 : INFO : Timer.varitarget_reset_timer : Stopping Timer
2026-08-11 12:51:16,081 : INFO : EventManager : Event: ======'timer_varitarget_reset_timer_stopped'====== Args={'ticks': 24, 'ticks_remaining': 999975}
2026-08-11 12:51:16,081 : INFO : Timer.varitarget_hit_settle : Stopping Timer
2026-08-11 12:51:16,081 : INFO : EventManager : Event: ======'timer_varitarget_hit_settle_stopped'====== Args={'ticks': 3, 'ticks_remaining': 1}
2026-08-11 12:51:16,081 : INFO : Mode.super_pops : Stopped.
2026-08-11 12:51:16,081 : INFO : EventManager : Event: ======'modes_active_modes_changed'====== Args={}
2026-08-11 12:51:16,081 : INFO : EventManager : Event: ======'mode_super_pops_stopped'====== Args={}
2026-08-11 12:51:16,081 : INFO : EventManager : Event: ======'clear'====== Args={'key': 'super_pops'}
2026-08-11 12:51:16,081 : INFO : Timer.super_pops_mult_timer : Stopping Timer
2026-08-11 12:51:16,081 : INFO : EventManager : Event: ======'timer_super_pops_mult_timer_stopped'====== Args={'ticks': 0, 'ticks_remaining': 1}
2026-08-11 12:51:16,081 : INFO : Timer.stars_s80_hold : Stopping Timer
2026-08-11 12:51:16,081 : INFO : EventManager : Event: ======'timer_stars_s80_hold_stopped'====== Args={'ticks': 0, 'ticks_remaining': 1}
2026-08-11 12:51:16,081 : INFO : Timer.stars_10x_timer : Stopping Timer
2026-08-11 12:51:16,081 : INFO : EventManager : Event: ======'timer_stars_10x_timer_stopped'====== Args={'ticks': 0, 'ticks_remaining': 0}
2026-08-11 12:51:16,082 : INFO : EventManager : Event: ======'ball_ending'====== Args={}
2026-08-11 12:51:16,082 : INFO : EventManager : Event: ======'glasses_stop_all_shows'====== Args={'priority': 0}
2026-08-11 12:51:16,082 : INFO : EventManager : Event: ======'glasses_position_confirm_stop'====== Args={'priority': 0}
2026-08-11 12:51:16,082 : INFO : EventManager : Event: ======'glasses_state_timer_stop'====== Args={'priority': 0}
2026-08-11 12:51:16,082 : INFO : EventManager : Event: ======'glasses_home_pulse_timer_stop'====== Args={'priority': 0}
2026-08-11 12:51:16,082 : INFO : EventManager : Event: ======'glasses_homing_cancel'====== Args={'priority': 0}
2026-08-11 12:51:16,082 : INFO : Timer.glasses_position_confirm : Stopping Timer
2026-08-11 12:51:16,082 : INFO : EventManager : Event: ======'timer_glasses_position_confirm_stopped'====== Args={'ticks': 1, 'ticks_remaining': 1}
2026-08-11 12:51:16,082 : INFO : Timer.glasses_state_timer : Stopping Timer
2026-08-11 12:51:16,082 : INFO : EventManager : Event: ======'timer_glasses_state_timer_stopped'====== Args={'ticks': 0, 'ticks_remaining': 1}
2026-08-11 12:51:16,082 : INFO : Timer.glasses_home_pulse_timer : Stopping Timer
2026-08-11 12:51:16,082 : INFO : EventManager : Event: ======'timer_glasses_home_pulse_timer_stopped'====== Args={'ticks': 0, 'ticks_remaining': 5}
2026-08-11 12:51:16,082 : INFO : Mode.glasses_mode : Stopped.
2026-08-11 12:51:16,082 : INFO : EventManager : Event: ======'modes_active_modes_changed'====== Args={}
2026-08-11 12:51:16,083 : INFO : EventManager : Event: ======'mode_glasses_mode_stopped'====== Args={}
2026-08-11 12:51:16,083 : INFO : EventManager : Event: ======'clear'====== Args={'key': 'glasses_mode'}
2026-08-11 12:51:16,083 : INFO : Timer.glasses_position_confirm : Stopping Timer
2026-08-11 12:51:16,083 : INFO : EventManager : Event: ======'timer_glasses_position_confirm_stopped'====== Args={'ticks': 1, 'ticks_remaining': 1}
2026-08-11 12:51:16,083 : INFO : Timer.glasses_state_timer : Stopping Timer
2026-08-11 12:51:16,083 : INFO : EventManager : Event: ======'timer_glasses_state_timer_stopped'====== Args={'ticks': 0, 'ticks_remaining': 1}
2026-08-11 12:51:16,083 : INFO : Timer.glasses_home_pulse_timer : Stopping Timer
2026-08-11 12:51:16,083 : INFO : EventManager : Event: ======'timer_glasses_home_pulse_timer_stopped'====== Args={'ticks': 0, 'ticks_remaining': 5}
2026-08-11 12:51:16,083 : INFO : Timer.glasses_state_timer : Stopping Timer
2026-08-11 12:51:16,083 : INFO : EventManager : Event: ======'timer_glasses_state_timer_stopped'====== Args={'ticks': 0, 'ticks_remaining': 1}
2026-08-11 12:51:16,083 : INFO : Timer.glasses_home_pulse_timer : Stopping Timer
2026-08-11 12:51:16,083 : INFO : EventManager : Event: ======'timer_glasses_home_pulse_timer_stopped'====== Args={'ticks': 0, 'ticks_remaining': 5}
2026-08-11 12:51:16,083 : INFO : Timer.glasses_position_confirm : Stopping Timer
2026-08-11 12:51:16,083 : INFO : EventManager : Event: ======'timer_glasses_position_confirm_stopped'====== Args={'ticks': 1, 'ticks_remaining': 1}
2026-08-11 12:51:16,083 : INFO : Timer.top_lane_a_countdown_timer : Stopping Timer
2026-08-11 12:51:16,083 : INFO : EventManager : Event: ======'timer_top_lane_a_countdown_timer_stopped'====== Args={'ticks': 30, 'ticks_remaining': 0}
2026-08-11 12:51:16,084 : INFO : Timer.top_lane_b_countdown_timer : Stopping Timer
2026-08-11 12:51:16,084 : INFO : EventManager : Event: ======'timer_top_lane_b_countdown_timer_stopped'====== Args={'ticks': 30, 'ticks_remaining': 0}
2026-08-11 12:51:16,084 : INFO : Timer.fourbank_reset_check_timer : Stopping Timer
2026-08-11 12:51:16,084 : INFO : EventManager : Event: ======'timer_fourbank_reset_check_timer_stopped'====== Args={'ticks': 1, 'ticks_remaining': 1}
2026-08-11 12:51:16,084 : INFO : Timer.fourbank_reset_retry_timer : Stopping Timer
2026-08-11 12:51:16,084 : INFO : EventManager : Event: ======'timer_fourbank_reset_retry_timer_stopped'====== Args={'ticks': 0, 'ticks_remaining': 0}
2026-08-11 12:51:16,084 : INFO : Timer.threebank_reset_check_timer : Stopping Timer
2026-08-11 12:51:16,084 : INFO : EventManager : Event: ======'timer_threebank_reset_check_timer_stopped'====== Args={'ticks': 0, 'ticks_remaining': 0}
2026-08-11 12:51:16,084 : INFO : Timer.threebank_reset_retry_timer : Stopping Timer
2026-08-11 12:51:16,084 : INFO : EventManager : Event: ======'timer_threebank_reset_retry_timer_stopped'====== Args={'ticks': 0, 'ticks_remaining': 0}
2026-08-11 12:51:16,084 : INFO : Mode.shotgun : Stopped.
2026-08-11 12:51:16,084 : INFO : EventManager : Event: ======'modes_active_modes_changed'====== Args={}
2026-08-11 12:51:16,085 : INFO : EventManager : Event: ======'mode_shotgun_stopped'====== Args={}
2026-08-11 12:51:16,086 : INFO : EventManager : Event: ======'clear'====== Args={'key': 'shotgun'}
2026-08-11 12:51:16,086 : INFO : Timer.threebank_drop_2_trip_timer : Stopping Timer
2026-08-11 12:51:16,086 : INFO : EventManager : Event: ======'timer_threebank_drop_2_trip_timer_stopped'====== Args={'ticks': 1, 'ticks_remaining': 1}
2026-08-11 12:51:16,086 : INFO : Timer.drop_1_4_7_step_3_timer : Stopping Timer
2026-08-11 12:51:16,086 : INFO : EventManager : Event: ======'timer_drop_1_4_7_step_3_timer_stopped'====== Args={'ticks': 0, 'ticks_remaining': 0}
2026-08-11 12:51:16,086 : INFO : Timer.top_lane_a_countdown_timer : Stopping Timer
2026-08-11 12:51:16,086 : INFO : EventManager : Event: ======'timer_top_lane_a_countdown_timer_stopped'====== Args={'ticks': 30, 'ticks_remaining': 0}
2026-08-11 12:51:16,086 : INFO : Timer.fourbank_reset_retry_timer : Stopping Timer
2026-08-11 12:51:16,086 : INFO : EventManager : Event: ======'timer_fourbank_reset_retry_timer_stopped'====== Args={'ticks': 0, 'ticks_remaining': 0}
2026-08-11 12:51:16,086 : INFO : Timer.fourbank_drop_2_trip_timer : Stopping Timer
2026-08-11 12:51:16,086 : INFO : EventManager : Event: ======'timer_fourbank_drop_2_trip_timer_stopped'====== Args={'ticks': 1, 'ticks_remaining': 1}
2026-08-11 12:51:16,086 : INFO : Timer.threebank_drop_1_trip_timer : Stopping Timer
2026-08-11 12:51:16,086 : INFO : EventManager : Event: ======'timer_threebank_drop_1_trip_timer_stopped'====== Args={'ticks': 1, 'ticks_remaining': 1}
2026-08-11 12:51:16,086 : INFO : Timer.threebank_drop_3_trip_timer : Stopping Timer
2026-08-11 12:51:16,087 : INFO : EventManager : Event: ======'timer_threebank_drop_3_trip_timer_stopped'====== Args={'ticks': 1, 'ticks_remaining': 1}
2026-08-11 12:51:16,087 : INFO : Timer.drop_1_4_7_step_4_timer : Stopping Timer
2026-08-11 12:51:16,087 : INFO : EventManager : Event: ======'timer_drop_1_4_7_step_4_timer_stopped'====== Args={'ticks': 0, 'ticks_remaining': 0}
2026-08-11 12:51:16,087 : INFO : Timer.top_lane_b_countdown_timer : Stopping Timer
2026-08-11 12:51:16,087 : INFO : EventManager : Event: ======'timer_top_lane_b_countdown_timer_stopped'====== Args={'ticks': 30, 'ticks_remaining': 0}
2026-08-11 12:51:16,087 : INFO : Timer.threebank_reset_check_timer : Stopping Timer
2026-08-11 12:51:16,087 : INFO : EventManager : Event: ======'timer_threebank_reset_check_timer_stopped'====== Args={'ticks': 0, 'ticks_remaining': 0}
2026-08-11 12:51:16,087 : INFO : Timer.fourbank_drop_3_trip_timer : Stopping Timer
2026-08-11 12:51:16,087 : INFO : EventManager : Event: ======'timer_fourbank_drop_3_trip_timer_stopped'====== Args={'ticks': 1, 'ticks_remaining': 1}
2026-08-11 12:51:16,087 : INFO : Timer.drop_1_4_7_step_2_timer : Stopping Timer
2026-08-11 12:51:16,087 : INFO : EventManager : Event: ======'timer_drop_1_4_7_step_2_timer_stopped'====== Args={'ticks': 0, 'ticks_remaining': 0}
2026-08-11 12:51:16,087 : INFO : Timer.drop_1_4_7_ready_timer : Stopping Timer
2026-08-11 12:51:16,087 : INFO : EventManager : Event: ======'timer_drop_1_4_7_ready_timer_stopped'====== Args={'ticks': 0, 'ticks_remaining': 0}
2026-08-11 12:51:16,088 : INFO : Timer.fourbank_reset_check_timer : Stopping Timer
2026-08-11 12:51:16,088 : INFO : EventManager : Event: ======'timer_fourbank_reset_check_timer_stopped'====== Args={'ticks': 1, 'ticks_remaining': 1}
2026-08-11 12:51:16,088 : INFO : Timer.threebank_reset_retry_timer : Stopping Timer
2026-08-11 12:51:16,088 : INFO : EventManager : Event: ======'timer_threebank_reset_retry_timer_stopped'====== Args={'ticks': 0, 'ticks_remaining': 0}
2026-08-11 12:51:16,089 : INFO : EventManager : Event: ======'mode_resistance_will_stop'====== Args={}
2026-08-11 12:51:16,089 : INFO : EventManager : Event: ======'mode_resistance_stopping'====== Args={}
2026-08-11 12:51:16,089 : INFO : EventManager : Event: ======'mode_autoplunge_will_stop'====== Args={}
2026-08-11 12:51:16,089 : INFO : EventManager : Event: ======'mode_autoplunge_stopping'====== Args={}
2026-08-11 12:51:16,090 : INFO : Timer.t_auto_plunge : Stopping Timer
2026-08-11 12:51:16,090 : INFO : EventManager : Event: ======'timer_t_auto_plunge_stopped'====== Args={'ticks': 10, 'ticks_remaining': 0}
2026-08-11 12:51:16,090 : INFO : EventManager : Event: ======'mode_brian_combo_will_stop'====== Args={}
2026-08-11 12:51:16,090 : INFO : EventManager : Event: ======'mode_brian_combo_stopping'====== Args={}
2026-08-11 12:51:16,090 : INFO : EventManager : Event: ======'mode_awareness_will_stop'====== Args={}
2026-08-11 12:51:16,090 : INFO : EventManager : Event: ======'mode_awareness_stopping'====== Args={}
2026-08-11 12:51:16,090 : INFO : Mode.awareness : Stopped.
2026-08-11 12:51:16,090 : INFO : EventManager : Event: ======'modes_active_modes_changed'====== Args={}
2026-08-11 12:51:16,091 : INFO : EventManager : Event: ======'mode_awareness_stopped'====== Args={}
2026-08-11 12:51:16,091 : INFO : EventManager : Event: ======'clear'====== Args={'key': 'awareness'}
2026-08-11 12:51:16,091 : INFO : Mode.brian_combo : Stopped.
2026-08-11 12:51:16,091 : INFO : EventManager : Event: ======'modes_active_modes_changed'====== Args={}
2026-08-11 12:51:16,091 : INFO : EventManager : Event: ======'mode_brian_combo_stopped'====== Args={}
2026-08-11 12:51:16,091 : INFO : EventManager : Event: ======'clear'====== Args={'key': 'brian_combo'}
2026-08-11 12:51:16,091 : INFO : Mode.autoplunge : Stopped.
2026-08-11 12:51:16,091 : INFO : EventManager : Event: ======'modes_active_modes_changed'====== Args={}
2026-08-11 12:51:16,091 : INFO : EventManager : Event: ======'mode_autoplunge_stopped'====== Args={}
2026-08-11 12:51:16,091 : INFO : EventManager : Event: ======'clear'====== Args={'key': 'autoplunge'}
2026-08-11 12:51:16,091 : INFO : Timer.t_auto_plunge : Stopping Timer
2026-08-11 12:51:16,091 : INFO : EventManager : Event: ======'timer_t_auto_plunge_stopped'====== Args={'ticks': 10, 'ticks_remaining': 0}
2026-08-11 12:51:16,091 : INFO : Mode.resistance : Stopped.
2026-08-11 12:51:16,091 : INFO : EventManager : Event: ======'modes_active_modes_changed'====== Args={}
2026-08-11 12:51:16,092 : INFO : EventManager : Event: ======'mode_resistance_stopped'====== Args={}
2026-08-11 12:51:16,092 : INFO : EventManager : Event: ======'clear'====== Args={'key': 'resistance'}
2026-08-11 12:51:16,092 : INFO : Timer.right_inlane_countdown_timer : Stopping Timer
2026-08-11 12:51:16,092 : INFO : EventManager : Event: ======'timer_right_inlane_countdown_timer_stopped'====== Args={'ticks': 15, 'ticks_remaining': 0}
2026-08-11 12:51:16,092 : INFO : Timer.resistance_qual_lights_4_0_timer : Stopping Timer
2026-08-11 12:51:16,092 : INFO : EventManager : Event: ======'timer_resistance_qual_lights_4_0_timer_stopped'====== Args={'ticks': 4, 'ticks_remaining': 0}
2026-08-11 12:51:16,092 : INFO : Timer.state_3_resistance_active_timer : Stopping Timer
2026-08-11 12:51:16,092 : INFO : EventManager : Event: ======'timer_state_3_resistance_active_timer_stopped'====== Args={'ticks': 15, 'ticks_remaining': 0}
2026-08-11 12:51:16,092 : INFO : Timer.resistance_qual_lights_15_11_timer : Stopping Timer
2026-08-11 12:51:16,092 : INFO : EventManager : Event: ======'timer_resistance_qual_lights_15_11_timer_stopped'====== Args={'ticks': 4, 'ticks_remaining': 0}
2026-08-11 12:51:16,092 : INFO : Timer.state_2_resistance_active_timer : Stopping Timer
2026-08-11 12:51:16,092 : INFO : EventManager : Event: ======'timer_state_2_resistance_active_timer_stopped'====== Args={'ticks': 15, 'ticks_remaining': 0}
2026-08-11 12:51:16,092 : INFO : Timer.state_4_resistance_active_timer : Stopping Timer
2026-08-11 12:51:16,092 : INFO : EventManager : Event: ======'timer_state_4_resistance_active_timer_stopped'====== Args={'ticks': 15, 'ticks_remaining': 0}
2026-08-11 12:51:16,092 : INFO : Timer.resistance_qual_lights_10_5_timer : Stopping Timer
2026-08-11 12:51:16,092 : INFO : EventManager : Event: ======'timer_resistance_qual_lights_10_5_timer_stopped'====== Args={'ticks': 5, 'ticks_remaining': 0}
2026-08-11 12:51:16,093 : INFO : Timer.state_5_resistance_active_timer : Stopping Timer
2026-08-11 12:51:16,093 : INFO : EventManager : Event: ======'timer_state_5_resistance_active_timer_stopped'====== Args={'ticks': 10, 'ticks_remaining': 0}
2026-08-11 12:51:16,094 : INFO : EventManager : Event: ======'ball_ended'====== Args={}
2026-08-11 12:51:16,094 : INFO : EventManager : Event: ======'player_turn_will_end'====== Args={'player': <Player 1>, 'number': 1}
2026-08-11 12:51:16,095 : INFO : EventManager : Event: ======'player_turn_ending'====== Args={'player': <Player 1>, 'number': 1}
2026-08-11 12:51:16,095 : INFO : EventManager : Event: ======'player_turn_ended'====== Args={'player': <Player 1>, 'number': 1}
2026-08-11 12:51:16,096 : INFO : EventManager : Event: ======'game_will_end'====== Args={}
2026-08-11 12:51:16,096 : INFO : EventManager : Event: ======'game_ending'====== Args={}
2026-08-11 12:51:16,097 : INFO : EventManager : Event: ======'machine_var_player1_score'====== Args={'value': 4648780, 'prev_value': 3096596, 'change': 1552184}
2026-08-11 12:51:16,097 : INFO : EventManager : Event: ======'game_ended'====== Args={}
2026-08-11 12:51:16,098 : INFO : EventManager : Event: ======'mode_game_will_stop'====== Args={}
2026-08-11 12:51:16,098 : INFO : EventManager : Event: ======'mode_game_stopping'====== Args={}
2026-08-11 12:51:16,098 : INFO : EventManager : Event: ======'mode_attract_will_start'====== Args={}
2026-08-11 12:51:16,098 : INFO : Timer.attract_carousel_timer : Starting Timer.
2026-08-11 12:51:16,099 : INFO : EventManager : Event: ======'timer_attract_carousel_timer_started'====== Args={'ticks': 0, 'ticks_remaining': 1}
2026-08-11 12:51:16,099 : INFO : EventManager : Event: ======'timer_attract_carousel_timer_tick'====== Args={'ticks': 0, 'ticks_remaining': 1}
2026-08-11 12:51:16,101 : INFO : EventManager : Event: ======'mode_attract_starting'====== Args={}
2026-08-11 12:51:16,101 : INFO : EventManager : Event: ======'machine_var_last_game_score'====== Args={'value': 4648780, 'prev_value': 0, 'change': 4648780}
2026-08-11 12:51:16,102 : INFO : Mode.attract : Started. Priority: 10
2026-08-11 12:51:16,102 : INFO : EventManager : Event: ======'modes_active_modes_changed'====== Args={}
2026-08-11 12:51:16,102 : INFO : EventManager : Event: ======'mode_attract_started'====== Args={}
2026-08-11 12:51:16,102 : INFO : EventManager : Event: ======'start_mode_attract_scores'====== Args={'priority': 0}
2026-08-11 12:51:16,102 : INFO : EventManager : Event: ======'start_mode_attract_credits'====== Args={'priority': 0}
2026-08-11 12:51:16,102 : INFO : EventManager : Event: ======'attract_backglass_cycle_start'====== Args={'priority': 0}
2026-08-11 12:51:16,102 : INFO : EventManager : Event: ======'attract_playfield_lightshow'====== Args={'priority': 0}
2026-08-11 12:51:16,104 : INFO : EventManager : Event: ======'mode_attract_scores_will_start'====== Args={'priority': 0}
2026-08-11 12:51:16,104 : INFO : Timer.attract_scores_carousel_timer : Starting Timer.
2026-08-11 12:51:16,104 : INFO : EventManager : Event: ======'timer_attract_scores_carousel_timer_started'====== Args={'ticks': 0, 'ticks_remaining': 1}
2026-08-11 12:51:16,104 : INFO : EventManager : Event: ======'timer_attract_scores_carousel_timer_tick'====== Args={'ticks': 0, 'ticks_remaining': 1}
2026-08-11 12:51:16,104 : INFO : EventManager : Event: ======'mode_attract_scores_starting'====== Args={'priority': 0}
2026-08-11 12:51:16,104 : INFO : EventManager : Event: ======'mode_attract_credits_will_start'====== Args={'priority': 0}
2026-08-11 12:51:16,105 : INFO : Timer.attract_credits_carousel_timer : Starting Timer.
2026-08-11 12:51:16,105 : INFO : EventManager : Event: ======'timer_attract_credits_carousel_timer_started'====== Args={'ticks': 0, 'ticks_remaining': 1}
2026-08-11 12:51:16,105 : INFO : EventManager : Event: ======'timer_attract_credits_carousel_timer_tick'====== Args={'ticks': 0, 'ticks_remaining': 1}
2026-08-11 12:51:16,105 : INFO : EventManager : Event: ======'mode_attract_credits_starting'====== Args={'priority': 0}
2026-08-11 12:51:16,108 : INFO : Mode.attract_credits : Started. Priority: 8
2026-08-11 12:51:16,108 : INFO : EventManager : Event: ======'modes_active_modes_changed'====== Args={}
2026-08-11 12:51:16,108 : INFO : EventManager : Event: ======'mode_attract_credits_started'====== Args={'priority': 0}
2026-08-11 12:51:16,108 : INFO : EventManager : Event: ======'carousel_item_highlighted'====== Args={'carousel': 'attract_credits', 'direction': None, 'item': 'credits_sfx'}
2026-08-11 12:51:16,108 : INFO : Mode.attract_scores : Started. Priority: 9
2026-08-11 12:51:16,108 : INFO : EventManager : Event: ======'modes_active_modes_changed'====== Args={}
2026-08-11 12:51:16,108 : INFO : EventManager : Event: ======'mode_attract_scores_started'====== Args={'priority': 0}
2026-08-11 12:51:16,109 : INFO : EventManager : Event: ======'carousel_item_highlighted'====== Args={'carousel': 'attract_scores', 'direction': None, 'item': 'last_game_score'}
2026-08-11 12:51:16,109 : INFO : EventManager : Event: ======'collecting_balls_complete'====== Args={}
2026-08-11 12:51:16,109 : INFO : EventManager : Event: ======'carousel_item_highlighted'====== Args={'carousel': 'attract', 'direction': None, 'item': 'title'}
2026-08-11 12:51:16,110 : INFO : Mode.game : Stopped.
2026-08-11 12:51:16,111 : INFO : EventManager : Event: ======'modes_active_modes_changed'====== Args={}
2026-08-11 12:51:16,111 : INFO : EventManager : Event: ======'mode_game_stopped'====== Args={}
2026-08-11 12:51:16,111 : INFO : EventManager : Event: ======'clear'====== Args={'key': 'game'}
2026-08-11 12:51:16,161 : INFO : EventManager : Event: ======'slide_attract_created'====== Args={'_from_bcp': True}
2026-08-11 12:51:16,161 : INFO : EventManager : Event: ======'slide_base_slide_inactive'====== Args={'is_removing': True, '_from_bcp': True}
2026-08-11 12:51:16,161 : INFO : EventManager : Event: ======'slide_attract_active'====== Args={'original_context': 'attract', 'original_calling_context': 'mode_attract_started', 'priority': 10.0, 'cmd': 'slides_play', '_from_bcp': True}
2026-08-11 12:51:16,174 : INFO : EventManager : Event: ======'slide_base_slide_removed'====== Args={'_from_bcp': True}
2026-08-11 12:51:21,099 : INFO : Timer.attract_scores_carousel_timer : Timer Complete
2026-08-11 12:51:21,099 : INFO : Timer.attract_scores_carousel_timer : Stopping Timer
2026-08-11 12:51:21,099 : INFO : EventManager : Event: ======'timer_attract_scores_carousel_timer_stopped'====== Args={'ticks': 1, 'ticks_remaining': 1}
2026-08-11 12:51:21,099 : INFO : EventManager : Event: ======'timer_attract_scores_carousel_timer_complete'====== Args={'ticks': 1, 'ticks_remaining': 1}
2026-08-11 12:51:21,101 : INFO : Timer.attract_credits_carousel_timer : Timer Complete
2026-08-11 12:51:21,101 : INFO : Timer.attract_credits_carousel_timer : Stopping Timer
2026-08-11 12:51:21,101 : INFO : EventManager : Event: ======'timer_attract_credits_carousel_timer_stopped'====== Args={'ticks': 1, 'ticks_remaining': 1}
2026-08-11 12:51:21,101 : INFO : EventManager : Event: ======'timer_attract_credits_carousel_timer_complete'====== Args={'ticks': 1, 'ticks_remaining': 1}
2026-08-11 12:51:21,101 : INFO : Timer.attract_carousel_timer : Timer Complete
2026-08-11 12:51:21,101 : INFO : Timer.attract_carousel_timer : Stopping Timer
2026-08-11 12:51:21,101 : INFO : EventManager : Event: ======'timer_attract_carousel_timer_stopped'====== Args={'ticks': 1, 'ticks_remaining': 1}
2026-08-11 12:51:21,101 : INFO : EventManager : Event: ======'timer_attract_carousel_timer_complete'====== Args={'ticks': 1, 'ticks_remaining': 1}
2026-08-11 12:51:21,101 : INFO : EventManager : Event: ======'carousel_item_highlighted'====== Args={'carousel': 'attract_scores', 'direction': 'forwards', 'item': 'grand_champion'}
2026-08-11 12:51:21,102 : INFO : EventManager : Event: ======'carousel_item_highlighted'====== Args={'carousel': 'attract_credits', 'direction': 'forwards', 'item': 'credits_mpf'}
2026-08-11 12:51:21,102 : INFO : EventManager : Event: ======'carousel_item_highlighted'====== Args={'carousel': 'attract', 'direction': 'forwards', 'item': 'title2'}
2026-08-11 12:51:21,102 : INFO : Timer.attract_carousel_timer : Starting Timer.
2026-08-11 12:51:21,102 : INFO : EventManager : Event: ======'timer_attract_carousel_timer_started'====== Args={'ticks': 0, 'ticks_remaining': 1}
2026-08-11 12:51:21,102 : INFO : EventManager : Event: ======'timer_attract_carousel_timer_tick'====== Args={'ticks': 0, 'ticks_remaining': 1}
2026-08-11 12:51:24,354 : INFO : EventManager : Event: ======'attract_backglass_helicopter_rotor'====== Args={}
2026-08-11 12:51:26,107 : INFO : Timer.attract_carousel_timer : Timer Complete
2026-08-11 12:51:26,107 : INFO : Timer.attract_carousel_timer : Stopping Timer
2026-08-11 12:51:26,107 : INFO : EventManager : Event: ======'timer_attract_carousel_timer_stopped'====== Args={'ticks': 1, 'ticks_remaining': 1}
2026-08-11 12:51:26,107 : INFO : EventManager : Event: ======'timer_attract_carousel_timer_complete'====== Args={'ticks': 1, 'ticks_remaining': 1}
2026-08-11 12:51:26,109 : INFO : EventManager : Event: ======'carousel_item_highlighted'====== Args={'carousel': 'attract', 'direction': 'forwards', 'item': 'title'}
2026-08-11 12:51:26,109 : INFO : Timer.attract_carousel_timer : Starting Timer.
2026-08-11 12:51:26,109 : INFO : EventManager : Event: ======'timer_attract_carousel_timer_started'====== Args={'ticks': 0, 'ticks_remaining': 1}
2026-08-11 12:51:26,109 : INFO : EventManager : Event: ======'timer_attract_carousel_timer_tick'====== Args={'ticks': 0, 'ticks_remaining': 1}
2026-08-11 12:51:27,788 : INFO : EventManager : Event: ======'attract_step_3'====== Args={}
2026-08-11 12:51:30,132 : INFO : EventManager : Event: ======'attract_backglass_small_searchlight'====== Args={}
2026-08-11 12:51:31,100 : INFO : Timer.attract_carousel_timer : Timer Complete
2026-08-11 12:51:31,100 : INFO : Timer.attract_carousel_timer : Stopping Timer
2026-08-11 12:51:31,100 : INFO : EventManager : Event: ======'timer_attract_carousel_timer_stopped'====== Args={'ticks': 1, 'ticks_remaining': 1}
2026-08-11 12:51:31,100 : INFO : EventManager : Event: ======'timer_attract_carousel_timer_complete'====== Args={'ticks': 1, 'ticks_remaining': 1}
2026-08-11 12:51:31,102 : INFO : EventManager : Event: ======'carousel_item_highlighted'====== Args={'carousel': 'attract', 'direction': 'forwards', 'item': 'title2'}
2026-08-11 12:51:31,102 : INFO : Timer.attract_carousel_timer : Starting Timer.
2026-08-11 12:51:31,102 : INFO : EventManager : Event: ======'timer_attract_carousel_timer_started'====== Args={'ticks': 0, 'ticks_remaining': 1}
2026-08-11 12:51:31,102 : INFO : EventManager : Event: ======'timer_attract_carousel_timer_tick'====== Args={'ticks': 0, 'ticks_remaining': 1}
2026-08-11 12:51:34,734 : INFO : EventManager : Event: ======'attract_backglass_left_searchlight'====== Args={}
2026-08-11 12:51:35,588 : INFO : EventManager : Event: ======'attract_step_4'====== Args={}
2026-08-11 12:51:36,098 : INFO : Timer.attract_carousel_timer : Timer Complete
2026-08-11 12:51:36,098 : INFO : Timer.attract_carousel_timer : Stopping Timer
2026-08-11 12:51:36,098 : INFO : EventManager : Event: ======'timer_attract_carousel_timer_stopped'====== Args={'ticks': 1, 'ticks_remaining': 1}
2026-08-11 12:51:36,098 : INFO : EventManager : Event: ======'timer_attract_carousel_timer_complete'====== Args={'ticks': 1, 'ticks_remaining': 1}
2026-08-11 12:51:36,100 : INFO : EventManager : Event: ======'carousel_item_highlighted'====== Args={'carousel': 'attract', 'direction': 'forwards', 'item': 'title'}
2026-08-11 12:51:36,100 : INFO : Timer.attract_carousel_timer : Starting Timer.
2026-08-11 12:51:36,100 : INFO : EventManager : Event: ======'timer_attract_carousel_timer_started'====== Args={'ticks': 0, 'ticks_remaining': 1}
2026-08-11 12:51:36,100 : INFO : EventManager : Event: ======'timer_attract_carousel_timer_tick'====== Args={'ticks': 0, 'ticks_remaining': 1}
2026-08-11 12:51:40,076 : INFO : EventManager : Event: ======'attract_step_5'====== Args={}
2026-08-11 12:51:40,874 : INFO : EventManager : Event: ======'attract_backglass_title'====== Args={}
2026-08-11 12:51:41,114 : INFO : Timer.attract_carousel_timer : Timer Complete
2026-08-11 12:51:41,114 : INFO : Timer.attract_carousel_timer : Stopping Timer
2026-08-11 12:51:41,115 : INFO : EventManager : Event: ======'timer_attract_carousel_timer_stopped'====== Args={'ticks': 1, 'ticks_remaining': 1}
2026-08-11 12:51:41,115 : INFO : EventManager : Event: ======'timer_attract_carousel_timer_complete'====== Args={'ticks': 1, 'ticks_remaining': 1}
2026-08-11 12:51:41,116 : INFO : EventManager : Event: ======'carousel_item_highlighted'====== Args={'carousel': 'attract', 'direction': 'forwards', 'item': 'title2'}
2026-08-11 12:51:41,116 : INFO : Timer.attract_carousel_timer : Starting Timer.
2026-08-11 12:51:41,116 : INFO : EventManager : Event: ======'timer_attract_carousel_timer_started'====== Args={'ticks': 0, 'ticks_remaining': 1}
2026-08-11 12:51:41,117 : INFO : EventManager : Event: ======'timer_attract_carousel_timer_tick'====== Args={'ticks': 0, 'ticks_remaining': 1}
2026-08-11 12:51:46,123 : INFO : Timer.attract_carousel_timer : Timer Complete
2026-08-11 12:51:46,123 : INFO : Timer.attract_carousel_timer : Stopping Timer
2026-08-11 12:51:46,123 : INFO : EventManager : Event: ======'timer_attract_carousel_timer_stopped'====== Args={'ticks': 1, 'ticks_remaining': 1}
2026-08-11 12:51:46,124 : INFO : EventManager : Event: ======'timer_attract_carousel_timer_complete'====== Args={'ticks': 1, 'ticks_remaining': 1}
2026-08-11 12:51:46,125 : INFO : EventManager : Event: ======'carousel_item_highlighted'====== Args={'carousel': 'attract', 'direction': 'forwards', 'item': 'title'}
2026-08-11 12:51:46,125 : INFO : Timer.attract_carousel_timer : Starting Timer.
2026-08-11 12:51:46,125 : INFO : EventManager : Event: ======'timer_attract_carousel_timer_started'====== Args={'ticks': 0, 'ticks_remaining': 1}
2026-08-11 12:51:46,125 : INFO : EventManager : Event: ======'timer_attract_carousel_timer_tick'====== Args={'ticks': 0, 'ticks_remaining': 1}
2026-08-11 12:51:51,122 : INFO : Timer.attract_carousel_timer : Timer Complete
2026-08-11 12:51:51,122 : INFO : Timer.attract_carousel_timer : Stopping Timer
2026-08-11 12:51:51,122 : INFO : EventManager : Event: ======'timer_attract_carousel_timer_stopped'====== Args={'ticks': 1, 'ticks_remaining': 1}
2026-08-11 12:51:51,122 : INFO : EventManager : Event: ======'timer_attract_carousel_timer_complete'====== Args={'ticks': 1, 'ticks_remaining': 1}
2026-08-11 12:51:51,124 : INFO : EventManager : Event: ======'carousel_item_highlighted'====== Args={'carousel': 'attract', 'direction': 'forwards', 'item': 'title2'}
2026-08-11 12:51:51,124 : INFO : Timer.attract_carousel_timer : Starting Timer.
2026-08-11 12:51:51,124 : INFO : EventManager : Event: ======'timer_attract_carousel_timer_started'====== Args={'ticks': 0, 'ticks_remaining': 1}
2026-08-11 12:51:51,124 : INFO : EventManager : Event: ======'timer_attract_carousel_timer_tick'====== Args={'ticks': 0, 'ticks_remaining': 1}
2026-08-11 12:51:52,469 : INFO : EventManager : Event: ======'attract_step_6'====== Args={}
2026-08-11 12:51:54,281 : INFO : EventManager : Event: ======'attract_backglass_main_alien'====== Args={}
2026-08-11 12:51:55,454 : INFO : EventManager : Event: ======'attract_step_7'====== Args={}
2026-08-11 12:51:56,118 : INFO : Timer.attract_carousel_timer : Timer Complete
2026-08-11 12:51:56,118 : INFO : Timer.attract_carousel_timer : Stopping Timer
2026-08-11 12:51:56,118 : INFO : EventManager : Event: ======'timer_attract_carousel_timer_stopped'====== Args={'ticks': 1, 'ticks_remaining': 1}
2026-08-11 12:51:56,118 : INFO : EventManager : Event: ======'timer_attract_carousel_timer_complete'====== Args={'ticks': 1, 'ticks_remaining': 1}
2026-08-11 12:51:56,119 : INFO : EventManager : Event: ======'carousel_item_highlighted'====== Args={'carousel': 'attract', 'direction': 'forwards', 'item': 'title'}
2026-08-11 12:51:56,119 : INFO : Timer.attract_carousel_timer : Starting Timer.
2026-08-11 12:51:56,119 : INFO : EventManager : Event: ======'timer_attract_carousel_timer_started'====== Args={'ticks': 0, 'ticks_remaining': 1}
2026-08-11 12:51:56,119 : INFO : EventManager : Event: ======'timer_attract_carousel_timer_tick'====== Args={'ticks': 0, 'ticks_remaining': 1}
2026-08-11 12:51:58,846 : INFO : EventManager : Event: ======'attract_step_audio_2'====== Args={}
2026-08-11 12:51:58,846 : INFO : EventManager : Event: ======'play_directional_track_2'====== Args={'priority': 0}
2026-08-11 12:51:58,846 : INFO : EventManager : Event: ======'attract_step_8'====== Args={'priority': 0}
2026-08-11 12:51:58,846 : INFO : EventManager : Event: ======'audio_command'====== Args={'priority': 0, 'command': 2}
2026-08-11 12:52:01,125 : INFO : Timer.attract_carousel_timer : Timer Complete
2026-08-11 12:52:01,125 : INFO : Timer.attract_carousel_timer : Stopping Timer
2026-08-11 12:52:01,125 : INFO : EventManager : Event: ======'timer_attract_carousel_timer_stopped'====== Args={'ticks': 1, 'ticks_remaining': 1}
2026-08-11 12:52:01,125 : INFO : EventManager : Event: ======'timer_attract_carousel_timer_complete'====== Args={'ticks': 1, 'ticks_remaining': 1}
2026-08-11 12:52:01,126 : INFO : EventManager : Event: ======'carousel_item_highlighted'====== Args={'carousel': 'attract', 'direction': 'forwards', 'item': 'title2'}
2026-08-11 12:52:01,126 : INFO : Timer.attract_carousel_timer : Starting Timer.
2026-08-11 12:52:01,126 : INFO : EventManager : Event: ======'timer_attract_carousel_timer_started'====== Args={'ticks': 0, 'ticks_remaining': 1}
2026-08-11 12:52:01,126 : INFO : EventManager : Event: ======'timer_attract_carousel_timer_tick'====== Args={'ticks': 0, 'ticks_remaining': 1}
2026-08-11 12:52:06,115 : INFO : Timer.attract_carousel_timer : Timer Complete
2026-08-11 12:52:06,115 : INFO : Timer.attract_carousel_timer : Stopping Timer
2026-08-11 12:52:06,115 : INFO : EventManager : Event: ======'timer_attract_carousel_timer_stopped'====== Args={'ticks': 1, 'ticks_remaining': 1}
2026-08-11 12:52:06,115 : INFO : EventManager : Event: ======'timer_attract_carousel_timer_complete'====== Args={'ticks': 1, 'ticks_remaining': 1}
2026-08-11 12:52:06,116 : INFO : EventManager : Event: ======'carousel_item_highlighted'====== Args={'carousel': 'attract', 'direction': 'forwards', 'item': 'title'}
2026-08-11 12:52:06,116 : INFO : Timer.attract_carousel_timer : Starting Timer.
2026-08-11 12:52:06,116 : INFO : EventManager : Event: ======'timer_attract_carousel_timer_started'====== Args={'ticks': 0, 'ticks_remaining': 1}
2026-08-11 12:52:06,116 : INFO : EventManager : Event: ======'timer_attract_carousel_timer_tick'====== Args={'ticks': 0, 'ticks_remaining': 1}
2026-08-11 12:52:08,525 : INFO : EventManager : Event: ======'attract_backglass_police_alien'====== Args={}
2026-08-11 12:52:11,116 : INFO : Timer.attract_carousel_timer : Timer Complete
2026-08-11 12:52:11,116 : INFO : Timer.attract_carousel_timer : Stopping Timer
2026-08-11 12:52:11,116 : INFO : EventManager : Event: ======'timer_attract_carousel_timer_stopped'====== Args={'ticks': 1, 'ticks_remaining': 1}
2026-08-11 12:52:11,116 : INFO : EventManager : Event: ======'timer_attract_carousel_timer_complete'====== Args={'ticks': 1, 'ticks_remaining': 1}
2026-08-11 12:52:11,117 : INFO : EventManager : Event: ======'carousel_item_highlighted'====== Args={'carousel': 'attract', 'direction': 'forwards', 'item': 'title2'}
2026-08-11 12:52:11,117 : INFO : Timer.attract_carousel_timer : Starting Timer.
2026-08-11 12:52:11,117 : INFO : EventManager : Event: ======'timer_attract_carousel_timer_started'====== Args={'ticks': 0, 'ticks_remaining': 1}
2026-08-11 12:52:11,117 : INFO : EventManager : Event: ======'timer_attract_carousel_timer_tick'====== Args={'ticks': 0, 'ticks_remaining': 1}
2026-08-11 12:52:16,120 : INFO : Timer.attract_carousel_timer : Timer Complete
2026-08-11 12:52:16,120 : INFO : Timer.attract_carousel_timer : Stopping Timer
2026-08-11 12:52:16,120 : INFO : EventManager : Event: ======'timer_attract_carousel_timer_stopped'====== Args={'ticks': 1, 'ticks_remaining': 1}
2026-08-11 12:52:16,120 : INFO : EventManager : Event: ======'timer_attract_carousel_timer_complete'====== Args={'ticks': 1, 'ticks_remaining': 1}
2026-08-11 12:52:16,121 : INFO : EventManager : Event: ======'carousel_item_highlighted'====== Args={'carousel': 'attract', 'direction': 'forwards', 'item': 'title'}
2026-08-11 12:52:16,121 : INFO : Timer.attract_carousel_timer : Starting Timer.
2026-08-11 12:52:16,121 : INFO : EventManager : Event: ======'timer_attract_carousel_timer_started'====== Args={'ticks': 0, 'ticks_remaining': 1}
2026-08-11 12:52:16,121 : INFO : EventManager : Event: ======'timer_attract_carousel_timer_tick'====== Args={'ticks': 0, 'ticks_remaining': 1}
2026-08-11 12:52:19,666 : INFO : EventManager : Event: ======'attract_backglass_broken_buzz'====== Args={}
2026-08-11 12:52:21,124 : INFO : Timer.attract_carousel_timer : Timer Complete
2026-08-11 12:52:21,124 : INFO : Timer.attract_carousel_timer : Stopping Timer
2026-08-11 12:52:21,124 : INFO : EventManager : Event: ======'timer_attract_carousel_timer_stopped'====== Args={'ticks': 1, 'ticks_remaining': 1}
2026-08-11 12:52:21,125 : INFO : EventManager : Event: ======'timer_attract_carousel_timer_complete'====== Args={'ticks': 1, 'ticks_remaining': 1}
2026-08-11 12:52:21,126 : INFO : EventManager : Event: ======'carousel_item_highlighted'====== Args={'carousel': 'attract', 'direction': 'forwards', 'item': 'title2'}
2026-08-11 12:52:21,126 : INFO : Timer.attract_carousel_timer : Starting Timer.
2026-08-11 12:52:21,126 : INFO : EventManager : Event: ======'timer_attract_carousel_timer_started'====== Args={'ticks': 0, 'ticks_remaining': 1}
2026-08-11 12:52:21,126 : INFO : EventManager : Event: ======'timer_attract_carousel_timer_tick'====== Args={'ticks': 0, 'ticks_remaining': 1}
2026-08-11 12:52:23,828 : INFO : EventManager : Event: ======'attract_step_9'====== Args={}
2026-08-11 12:52:26,114 : INFO : Timer.attract_carousel_timer : Timer Complete
2026-08-11 12:52:26,114 : INFO : Timer.attract_carousel_timer : Stopping Timer
2026-08-11 12:52:26,114 : INFO : EventManager : Event: ======'timer_attract_carousel_timer_stopped'====== Args={'ticks': 1, 'ticks_remaining': 1}
2026-08-11 12:52:26,114 : INFO : EventManager : Event: ======'timer_attract_carousel_timer_complete'====== Args={'ticks': 1, 'ticks_remaining': 1}
2026-08-11 12:52:26,115 : INFO : EventManager : Event: ======'carousel_item_highlighted'====== Args={'carousel': 'attract', 'direction': 'forwards', 'item': 'title'}
2026-08-11 12:52:26,116 : INFO : Timer.attract_carousel_timer : Starting Timer.
2026-08-11 12:52:26,116 : INFO : EventManager : Event: ======'timer_attract_carousel_timer_started'====== Args={'ticks': 0, 'ticks_remaining': 1}
2026-08-11 12:52:26,116 : INFO : EventManager : Event: ======'timer_attract_carousel_timer_tick'====== Args={'ticks': 0, 'ticks_remaining': 1}
2026-08-11 12:52:31,122 : INFO : Timer.attract_carousel_timer : Timer Complete
2026-08-11 12:52:31,122 : INFO : Timer.attract_carousel_timer : Stopping Timer
2026-08-11 12:52:31,122 : INFO : EventManager : Event: ======'timer_attract_carousel_timer_stopped'====== Args={'ticks': 1, 'ticks_remaining': 1}
2026-08-11 12:52:31,122 : INFO : EventManager : Event: ======'timer_attract_carousel_timer_complete'====== Args={'ticks': 1, 'ticks_remaining': 1}
2026-08-11 12:52:31,123 : INFO : EventManager : Event: ======'carousel_item_highlighted'====== Args={'carousel': 'attract', 'direction': 'forwards', 'item': 'title2'}
2026-08-11 12:52:31,123 : INFO : Timer.attract_carousel_timer : Starting Timer.
2026-08-11 12:52:31,123 : INFO : EventManager : Event: ======'timer_attract_carousel_timer_started'====== Args={'ticks': 0, 'ticks_remaining': 1}
2026-08-11 12:52:31,123 : INFO : EventManager : Event: ======'timer_attract_carousel_timer_tick'====== Args={'ticks': 0, 'ticks_remaining': 1}
2026-08-11 12:52:35,014 : INFO : EventManager : Event: ======'attract_step_10'====== Args={}
2026-08-11 12:52:36,119 : INFO : Timer.attract_carousel_timer : Timer Complete
2026-08-11 12:52:36,119 : INFO : Timer.attract_carousel_timer : Stopping Timer
2026-08-11 12:52:36,119 : INFO : EventManager : Event: ======'timer_attract_carousel_timer_stopped'====== Args={'ticks': 1, 'ticks_remaining': 1}
2026-08-11 12:52:36,119 : INFO : EventManager : Event: ======'timer_attract_carousel_timer_complete'====== Args={'ticks': 1, 'ticks_remaining': 1}
2026-08-11 12:52:36,120 : INFO : EventManager : Event: ======'carousel_item_highlighted'====== Args={'carousel': 'attract', 'direction': 'forwards', 'item': 'title'}
2026-08-11 12:52:36,120 : INFO : Timer.attract_carousel_timer : Starting Timer.
2026-08-11 12:52:36,121 : INFO : EventManager : Event: ======'timer_attract_carousel_timer_started'====== Args={'ticks': 0, 'ticks_remaining': 1}
2026-08-11 12:52:36,121 : INFO : EventManager : Event: ======'timer_attract_carousel_timer_tick'====== Args={'ticks': 0, 'ticks_remaining': 1}
2026-08-11 12:52:41,116 : INFO : Timer.attract_carousel_timer : Timer Complete
2026-08-11 12:52:41,116 : INFO : Timer.attract_carousel_timer : Stopping Timer
2026-08-11 12:52:41,116 : INFO : EventManager : Event: ======'timer_attract_carousel_timer_stopped'====== Args={'ticks': 1, 'ticks_remaining': 1}
2026-08-11 12:52:41,116 : INFO : EventManager : Event: ======'timer_attract_carousel_timer_complete'====== Args={'ticks': 1, 'ticks_remaining': 1}
2026-08-11 12:52:41,117 : INFO : EventManager : Event: ======'carousel_item_highlighted'====== Args={'carousel': 'attract', 'direction': 'forwards', 'item': 'title2'}
2026-08-11 12:52:41,117 : INFO : Timer.attract_carousel_timer : Starting Timer.
2026-08-11 12:52:41,118 : INFO : EventManager : Event: ======'timer_attract_carousel_timer_started'====== Args={'ticks': 0, 'ticks_remaining': 1}
2026-08-11 12:52:41,118 : INFO : EventManager : Event: ======'timer_attract_carousel_timer_tick'====== Args={'ticks': 0, 'ticks_remaining': 1}
2026-08-11 12:52:43,651 : INFO : EventManager : Event: ======'attract_backglass_watch'====== Args={}
2026-08-11 12:52:46,121 : INFO : Timer.attract_carousel_timer : Timer Complete
2026-08-11 12:52:46,121 : INFO : Timer.attract_carousel_timer : Stopping Timer
2026-08-11 12:52:46,121 : INFO : EventManager : Event: ======'timer_attract_carousel_timer_stopped'====== Args={'ticks': 1, 'ticks_remaining': 1}
2026-08-11 12:52:46,121 : INFO : EventManager : Event: ======'timer_attract_carousel_timer_complete'====== Args={'ticks': 1, 'ticks_remaining': 1}
2026-08-11 12:52:46,122 : INFO : EventManager : Event: ======'carousel_item_highlighted'====== Args={'carousel': 'attract', 'direction': 'forwards', 'item': 'title'}
2026-08-11 12:52:46,122 : INFO : Timer.attract_carousel_timer : Starting Timer.
2026-08-11 12:52:46,122 : INFO : EventManager : Event: ======'timer_attract_carousel_timer_started'====== Args={'ticks': 0, 'ticks_remaining': 1}
2026-08-11 12:52:46,122 : INFO : EventManager : Event: ======'timer_attract_carousel_timer_tick'====== Args={'ticks': 0, 'ticks_remaining': 1}
2026-08-11 12:52:51,114 : INFO : Timer.attract_carousel_timer : Timer Complete
2026-08-11 12:52:51,114 : INFO : Timer.attract_carousel_timer : Stopping Timer
2026-08-11 12:52:51,114 : INFO : EventManager : Event: ======'timer_attract_carousel_timer_stopped'====== Args={'ticks': 1, 'ticks_remaining': 1}
2026-08-11 12:52:51,114 : INFO : EventManager : Event: ======'timer_attract_carousel_timer_complete'====== Args={'ticks': 1, 'ticks_remaining': 1}
2026-08-11 12:52:51,115 : INFO : EventManager : Event: ======'carousel_item_highlighted'====== Args={'carousel': 'attract', 'direction': 'forwards', 'item': 'title2'}
2026-08-11 12:52:51,115 : INFO : Timer.attract_carousel_timer : Starting Timer.
2026-08-11 12:52:51,115 : INFO : EventManager : Event: ======'timer_attract_carousel_timer_started'====== Args={'ticks': 0, 'ticks_remaining': 1}
2026-08-11 12:52:51,115 : INFO : EventManager : Event: ======'timer_attract_carousel_timer_tick'====== Args={'ticks': 0, 'ticks_remaining': 1}
2026-08-11 12:52:51,178 : INFO : EventManager : Event: ======'attract_backglass_signs'====== Args={}
2026-08-11 12:52:56,119 : INFO : Timer.attract_carousel_timer : Timer Complete
2026-08-11 12:52:56,119 : INFO : Timer.attract_carousel_timer : Stopping Timer
2026-08-11 12:52:56,119 : INFO : EventManager : Event: ======'timer_attract_carousel_timer_stopped'====== Args={'ticks': 1, 'ticks_remaining': 1}
2026-08-11 12:52:56,119 : INFO : EventManager : Event: ======'timer_attract_carousel_timer_complete'====== Args={'ticks': 1, 'ticks_remaining': 1}
2026-08-11 12:52:56,120 : INFO : EventManager : Event: ======'carousel_item_highlighted'====== Args={'carousel': 'attract', 'direction': 'forwards', 'item': 'title'}
2026-08-11 12:52:56,120 : INFO : Timer.attract_carousel_timer : Starting Timer.
2026-08-11 12:52:56,120 : INFO : EventManager : Event: ======'timer_attract_carousel_timer_started'====== Args={'ticks': 0, 'ticks_remaining': 1}
2026-08-11 12:52:56,120 : INFO : EventManager : Event: ======'timer_attract_carousel_timer_tick'====== Args={'ticks': 0, 'ticks_remaining': 1}
2026-08-11 12:53:01,121 : INFO : Timer.attract_carousel_timer : Timer Complete
2026-08-11 12:53:01,121 : INFO : Timer.attract_carousel_timer : Stopping Timer
2026-08-11 12:53:01,121 : INFO : EventManager : Event: ======'timer_attract_carousel_timer_stopped'====== Args={'ticks': 1, 'ticks_remaining': 1}
2026-08-11 12:53:01,121 : INFO : EventManager : Event: ======'timer_attract_carousel_timer_complete'====== Args={'ticks': 1, 'ticks_remaining': 1}
2026-08-11 12:53:01,122 : INFO : EventManager : Event: ======'carousel_item_highlighted'====== Args={'carousel': 'attract', 'direction': 'forwards', 'item': 'title2'}
2026-08-11 12:53:01,122 : INFO : Timer.attract_carousel_timer : Starting Timer.
2026-08-11 12:53:01,122 : INFO : EventManager : Event: ======'timer_attract_carousel_timer_started'====== Args={'ticks': 0, 'ticks_remaining': 1}
2026-08-11 12:53:01,122 : INFO : EventManager : Event: ======'timer_attract_carousel_timer_tick'====== Args={'ticks': 0, 'ticks_remaining': 1}
2026-08-11 12:53:04,441 : INFO : EventManager : Event: ======'attract_backglass_guns'====== Args={}
2026-08-11 12:53:06,123 : INFO : Timer.attract_carousel_timer : Timer Complete
2026-08-11 12:53:06,123 : INFO : Timer.attract_carousel_timer : Stopping Timer
2026-08-11 12:53:06,123 : INFO : EventManager : Event: ======'timer_attract_carousel_timer_stopped'====== Args={'ticks': 1, 'ticks_remaining': 1}
2026-08-11 12:53:06,123 : INFO : EventManager : Event: ======'timer_attract_carousel_timer_complete'====== Args={'ticks': 1, 'ticks_remaining': 1}
2026-08-11 12:53:06,124 : INFO : EventManager : Event: ======'carousel_item_highlighted'====== Args={'carousel': 'attract', 'direction': 'forwards', 'item': 'title'}
2026-08-11 12:53:06,124 : INFO : Timer.attract_carousel_timer : Starting Timer.
2026-08-11 12:53:06,124 : INFO : EventManager : Event: ======'timer_attract_carousel_timer_started'====== Args={'ticks': 0, 'ticks_remaining': 1}
2026-08-11 12:53:06,124 : INFO : EventManager : Event: ======'timer_attract_carousel_timer_tick'====== Args={'ticks': 0, 'ticks_remaining': 1}
2026-08-11 12:53:11,120 : INFO : Timer.attract_carousel_timer : Timer Complete
2026-08-11 12:53:11,120 : INFO : Timer.attract_carousel_timer : Stopping Timer
2026-08-11 12:53:11,120 : INFO : EventManager : Event: ======'timer_attract_carousel_timer_stopped'====== Args={'ticks': 1, 'ticks_remaining': 1}
2026-08-11 12:53:11,120 : INFO : EventManager : Event: ======'timer_attract_carousel_timer_complete'====== Args={'ticks': 1, 'ticks_remaining': 1}
2026-08-11 12:53:11,121 : INFO : EventManager : Event: ======'carousel_item_highlighted'====== Args={'carousel': 'attract', 'direction': 'forwards', 'item': 'title2'}
2026-08-11 12:53:11,122 : INFO : Timer.attract_carousel_timer : Starting Timer.
2026-08-11 12:53:11,122 : INFO : EventManager : Event: ======'timer_attract_carousel_timer_started'====== Args={'ticks': 0, 'ticks_remaining': 1}
2026-08-11 12:53:11,122 : INFO : EventManager : Event: ======'timer_attract_carousel_timer_tick'====== Args={'ticks': 0, 'ticks_remaining': 1}
2026-08-11 12:53:16,125 : INFO : Timer.attract_carousel_timer : Timer Complete
2026-08-11 12:53:16,125 : INFO : Timer.attract_carousel_timer : Stopping Timer
2026-08-11 12:53:16,125 : INFO : EventManager : Event: ======'timer_attract_carousel_timer_stopped'====== Args={'ticks': 1, 'ticks_remaining': 1}
2026-08-11 12:53:16,125 : INFO : EventManager : Event: ======'timer_attract_carousel_timer_complete'====== Args={'ticks': 1, 'ticks_remaining': 1}
2026-08-11 12:53:16,126 : INFO : EventManager : Event: ======'carousel_item_highlighted'====== Args={'carousel': 'attract', 'direction': 'forwards', 'item': 'title'}
2026-08-11 12:53:16,126 : INFO : Timer.attract_carousel_timer : Starting Timer.
2026-08-11 12:53:16,126 : INFO : EventManager : Event: ======'timer_attract_carousel_timer_started'====== Args={'ticks': 0, 'ticks_remaining': 1}
2026-08-11 12:53:16,126 : INFO : EventManager : Event: ======'timer_attract_carousel_timer_tick'====== Args={'ticks': 0, 'ticks_remaining': 1}
2026-08-11 12:53:21,121 : INFO : Timer.attract_carousel_timer : Timer Complete
2026-08-11 12:53:21,121 : INFO : Timer.attract_carousel_timer : Stopping Timer
2026-08-11 12:53:21,121 : INFO : EventManager : Event: ======'timer_attract_carousel_timer_stopped'====== Args={'ticks': 1, 'ticks_remaining': 1}
2026-08-11 12:53:21,121 : INFO : EventManager : Event: ======'timer_attract_carousel_timer_complete'====== Args={'ticks': 1, 'ticks_remaining': 1}
2026-08-11 12:53:21,122 : INFO : EventManager : Event: ======'carousel_item_highlighted'====== Args={'carousel': 'attract', 'direction': 'forwards', 'item': 'title2'}
2026-08-11 12:53:21,122 : INFO : Timer.attract_carousel_timer : Starting Timer.
2026-08-11 12:53:21,122 : INFO : EventManager : Event: ======'timer_attract_carousel_timer_started'====== Args={'ticks': 0, 'ticks_remaining': 1}
2026-08-11 12:53:21,122 : INFO : EventManager : Event: ======'timer_attract_carousel_timer_tick'====== Args={'ticks': 0, 'ticks_remaining': 1}
2026-08-11 12:53:26,123 : INFO : Timer.attract_carousel_timer : Timer Complete
2026-08-11 12:53:26,123 : INFO : Timer.attract_carousel_timer : Stopping Timer
2026-08-11 12:53:26,123 : INFO : EventManager : Event: ======'timer_attract_carousel_timer_stopped'====== Args={'ticks': 1, 'ticks_remaining': 1}
2026-08-11 12:53:26,123 : INFO : EventManager : Event: ======'timer_attract_carousel_timer_complete'====== Args={'ticks': 1, 'ticks_remaining': 1}
2026-08-11 12:53:26,124 : INFO : EventManager : Event: ======'carousel_item_highlighted'====== Args={'carousel': 'attract', 'direction': 'forwards', 'item': 'title'}
2026-08-11 12:53:26,124 : INFO : Timer.attract_carousel_timer : Starting Timer.
2026-08-11 12:53:26,124 : INFO : EventManager : Event: ======'timer_attract_carousel_timer_started'====== Args={'ticks': 0, 'ticks_remaining': 1}
2026-08-11 12:53:26,124 : INFO : EventManager : Event: ======'timer_attract_carousel_timer_tick'====== Args={'ticks': 0, 'ticks_remaining': 1}
2026-08-11 12:53:29,640 : INFO : EventManager : Event: ======'attract_step_audio_1'====== Args={}
2026-08-11 12:53:29,640 : INFO : EventManager : Event: ======'attract_backglass_cycle_restart_delay'====== Args={}
2026-08-11 12:53:29,640 : INFO : EventManager : Event: ======'set_directional_volume_15'====== Args={'priority': 0}
2026-08-11 12:53:29,640 : INFO : EventManager : Event: ======'start_directional_track_1_delay'====== Args={'priority': 0}
2026-08-11 12:53:29,640 : INFO : EventManager : Event: ======'audio_command'====== Args={'priority': 0, 'command': 245}
2026-08-11 12:53:29,640 : INFO : Timer.directional_track_1_delay : Starting Timer.
2026-08-11 12:53:29,641 : INFO : EventManager : Event: ======'timer_directional_track_1_delay_started'====== Args={'ticks': 0, 'ticks_remaining': 1}
2026-08-11 12:53:29,641 : INFO : EventManager : Event: ======'timer_directional_track_1_delay_tick'====== Args={'ticks': 0, 'ticks_remaining': 1}
2026-08-11 12:53:29,641 : INFO : Timer.backglass_cycle_restart_delay : Starting Timer.
2026-08-11 12:53:29,641 : INFO : EventManager : Event: ======'timer_backglass_cycle_restart_delay_started'====== Args={'ticks': 0, 'ticks_remaining': 2}
2026-08-11 12:53:29,641 : INFO : EventManager : Event: ======'timer_backglass_cycle_restart_delay_tick'====== Args={'ticks': 0, 'ticks_remaining': 2}
2026-08-11 12:53:29,736 : INFO : Timer.directional_track_1_delay : Timer Complete
2026-08-11 12:53:29,736 : INFO : Timer.directional_track_1_delay : Stopping Timer
2026-08-11 12:53:29,736 : INFO : EventManager : Event: ======'timer_directional_track_1_delay_stopped'====== Args={'ticks': 1, 'ticks_remaining': 1}
2026-08-11 12:53:29,737 : INFO : EventManager : Event: ======'timer_directional_track_1_delay_complete'====== Args={'ticks': 1, 'ticks_remaining': 1}
2026-08-11 12:53:29,737 : INFO : EventManager : Event: ======'play_directional_attract_audio'====== Args={'priority': 0}
2026-08-11 12:53:29,737 : INFO : EventManager : Event: ======'audio_command'====== Args={'priority': 0, 'command': 1}
2026-08-11 12:53:29,989 : INFO : EventManager : Event: ======'attract_step_11'====== Args={}
2026-08-11 12:53:30,622 : INFO : EventManager : Event: ======'timer_backglass_cycle_restart_delay_tick'====== Args={'ticks': 1, 'ticks_remaining': 1}
2026-08-11 12:53:31,117 : INFO : Timer.attract_carousel_timer : Timer Complete
2026-08-11 12:53:31,117 : INFO : Timer.attract_carousel_timer : Stopping Timer
2026-08-11 12:53:31,117 : INFO : EventManager : Event: ======'timer_attract_carousel_timer_stopped'====== Args={'ticks': 1, 'ticks_remaining': 1}
2026-08-11 12:53:31,117 : INFO : EventManager : Event: ======'timer_attract_carousel_timer_complete'====== Args={'ticks': 1, 'ticks_remaining': 1}
2026-08-11 12:53:31,118 : INFO : EventManager : Event: ======'carousel_item_highlighted'====== Args={'carousel': 'attract', 'direction': 'forwards', 'item': 'title2'}
2026-08-11 12:53:31,118 : INFO : Timer.attract_carousel_timer : Starting Timer.
2026-08-11 12:53:31,118 : INFO : EventManager : Event: ======'timer_attract_carousel_timer_started'====== Args={'ticks': 0, 'ticks_remaining': 1}
2026-08-11 12:53:31,118 : INFO : EventManager : Event: ======'timer_attract_carousel_timer_tick'====== Args={'ticks': 0, 'ticks_remaining': 1}
2026-08-11 12:53:31,624 : INFO : Timer.backglass_cycle_restart_delay : Timer Complete
2026-08-11 12:53:31,624 : INFO : Timer.backglass_cycle_restart_delay : Stopping Timer
2026-08-11 12:53:31,624 : INFO : EventManager : Event: ======'timer_backglass_cycle_restart_delay_stopped'====== Args={'ticks': 2, 'ticks_remaining': 1}
2026-08-11 12:53:31,624 : INFO : EventManager : Event: ======'timer_backglass_cycle_restart_delay_complete'====== Args={'ticks': 2, 'ticks_remaining': 1}
2026-08-11 12:53:31,624 : INFO : EventManager : Event: ======'attract_backglass_cycle_start'====== Args={'priority': 0}
2026-08-11 12:53:32,516 : INFO : EventManager : Event: ======'attract_step_12'====== Args={}
2026-08-11 12:53:36,125 : INFO : Timer.attract_carousel_timer : Timer Complete
2026-08-11 12:53:36,125 : INFO : Timer.attract_carousel_timer : Stopping Timer
2026-08-11 12:53:36,125 : INFO : EventManager : Event: ======'timer_attract_carousel_timer_stopped'====== Args={'ticks': 1, 'ticks_remaining': 1}
2026-08-11 12:53:36,125 : INFO : EventManager : Event: ======'timer_attract_carousel_timer_complete'====== Args={'ticks': 1, 'ticks_remaining': 1}
2026-08-11 12:53:36,126 : INFO : EventManager : Event: ======'carousel_item_highlighted'====== Args={'carousel': 'attract', 'direction': 'forwards', 'item': 'title'}
2026-08-11 12:53:36,126 : INFO : Timer.attract_carousel_timer : Starting Timer.
2026-08-11 12:53:36,126 : INFO : EventManager : Event: ======'timer_attract_carousel_timer_started'====== Args={'ticks': 0, 'ticks_remaining': 1}
2026-08-11 12:53:36,126 : INFO : EventManager : Event: ======'timer_attract_carousel_timer_tick'====== Args={'ticks': 0, 'ticks_remaining': 1}
2026-08-11 12:53:37,493 : INFO : EventManager : Event: ======'attract_step_13'====== Args={}
2026-08-11 12:53:39,866 : INFO : EventManager : Event: ======'attract_backglass_helicopter_rotor'====== Args={}
2026-08-11 12:53:41,122 : INFO : Timer.attract_carousel_timer : Timer Complete
2026-08-11 12:53:41,122 : INFO : Timer.attract_carousel_timer : Stopping Timer
2026-08-11 12:53:41,122 : INFO : EventManager : Event: ======'timer_attract_carousel_timer_stopped'====== Args={'ticks': 1, 'ticks_remaining': 1}
2026-08-11 12:53:41,122 : INFO : EventManager : Event: ======'timer_attract_carousel_timer_complete'====== Args={'ticks': 1, 'ticks_remaining': 1}
2026-08-11 12:53:41,123 : INFO : EventManager : Event: ======'carousel_item_highlighted'====== Args={'carousel': 'attract', 'direction': 'forwards', 'item': 'title2'}
2026-08-11 12:53:41,123 : INFO : Timer.attract_carousel_timer : Starting Timer.
2026-08-11 12:53:41,123 : INFO : EventManager : Event: ======'timer_attract_carousel_timer_started'====== Args={'ticks': 0, 'ticks_remaining': 1}
2026-08-11 12:53:41,123 : INFO : EventManager : Event: ======'timer_attract_carousel_timer_tick'====== Args={'ticks': 0, 'ticks_remaining': 1}
2026-08-11 12:53:45,655 : INFO : EventManager : Event: ======'attract_backglass_small_searchlight'====== Args={}
2026-08-11 12:53:46,117 : INFO : Timer.attract_carousel_timer : Timer Complete
2026-08-11 12:53:46,117 : INFO : Timer.attract_carousel_timer : Stopping Timer
2026-08-11 12:53:46,117 : INFO : EventManager : Event: ======'timer_attract_carousel_timer_stopped'====== Args={'ticks': 1, 'ticks_remaining': 1}
2026-08-11 12:53:46,117 : INFO : EventManager : Event: ======'timer_attract_carousel_timer_complete'====== Args={'ticks': 1, 'ticks_remaining': 1}
2026-08-11 12:53:46,118 : INFO : EventManager : Event: ======'carousel_item_highlighted'====== Args={'carousel': 'attract', 'direction': 'forwards', 'item': 'title'}
2026-08-11 12:53:46,118 : INFO : Timer.attract_carousel_timer : Starting Timer.
2026-08-11 12:53:46,118 : INFO : EventManager : Event: ======'timer_attract_carousel_timer_started'====== Args={'ticks': 0, 'ticks_remaining': 1}
2026-08-11 12:53:46,118 : INFO : EventManager : Event: ======'timer_attract_carousel_timer_tick'====== Args={'ticks': 0, 'ticks_remaining': 1}
2026-08-11 12:53:48,080 : INFO : EventManager : Event: ======'attract_step_14'====== Args={}
2026-08-11 12:53:50,250 : INFO : EventManager : Event: ======'attract_backglass_left_searchlight'====== Args={}
2026-08-11 12:53:50,596 : INFO : EventManager : Event: ======'attract_step_15'====== Args={}
2026-08-11 12:53:51,121 : INFO : Timer.attract_carousel_timer : Timer Complete
2026-08-11 12:53:51,121 : INFO : Timer.attract_carousel_timer : Stopping Timer
2026-08-11 12:53:51,121 : INFO : EventManager : Event: ======'timer_attract_carousel_timer_stopped'====== Args={'ticks': 1, 'ticks_remaining': 1}
2026-08-11 12:53:51,121 : INFO : EventManager : Event: ======'timer_attract_carousel_timer_complete'====== Args={'ticks': 1, 'ticks_remaining': 1}
2026-08-11 12:53:51,122 : INFO : EventManager : Event: ======'carousel_item_highlighted'====== Args={'carousel': 'attract', 'direction': 'forwards', 'item': 'title2'}
2026-08-11 12:53:51,123 : INFO : Timer.attract_carousel_timer : Starting Timer.
2026-08-11 12:53:51,123 : INFO : EventManager : Event: ======'timer_attract_carousel_timer_started'====== Args={'ticks': 0, 'ticks_remaining': 1}
2026-08-11 12:53:51,123 : INFO : EventManager : Event: ======'timer_attract_carousel_timer_tick'====== Args={'ticks': 0, 'ticks_remaining': 1}
2026-08-11 12:53:56,114 : INFO : Timer.attract_carousel_timer : Timer Complete
2026-08-11 12:53:56,114 : INFO : Timer.attract_carousel_timer : Stopping Timer
2026-08-11 12:53:56,114 : INFO : EventManager : Event: ======'timer_attract_carousel_timer_stopped'====== Args={'ticks': 1, 'ticks_remaining': 1}
2026-08-11 12:53:56,114 : INFO : EventManager : Event: ======'timer_attract_carousel_timer_complete'====== Args={'ticks': 1, 'ticks_remaining': 1}
2026-08-11 12:53:56,115 : INFO : EventManager : Event: ======'carousel_item_highlighted'====== Args={'carousel': 'attract', 'direction': 'forwards', 'item': 'title'}
2026-08-11 12:53:56,115 : INFO : Timer.attract_carousel_timer : Starting Timer.
2026-08-11 12:53:56,115 : INFO : EventManager : Event: ======'timer_attract_carousel_timer_started'====== Args={'ticks': 0, 'ticks_remaining': 1}
2026-08-11 12:53:56,115 : INFO : EventManager : Event: ======'timer_attract_carousel_timer_tick'====== Args={'ticks': 0, 'ticks_remaining': 1}
2026-08-11 12:53:56,385 : INFO : EventManager : Event: ======'attract_backglass_title'====== Args={}
2026-08-11 12:54:01,116 : INFO : Timer.attract_carousel_timer : Timer Complete
2026-08-11 12:54:01,116 : INFO : Timer.attract_carousel_timer : Stopping Timer
2026-08-11 12:54:01,116 : INFO : EventManager : Event: ======'timer_attract_carousel_timer_stopped'====== Args={'ticks': 1, 'ticks_remaining': 1}
2026-08-11 12:54:01,116 : INFO : EventManager : Event: ======'timer_attract_carousel_timer_complete'====== Args={'ticks': 1, 'ticks_remaining': 1}
2026-08-11 12:54:01,117 : INFO : EventManager : Event: ======'carousel_item_highlighted'====== Args={'carousel': 'attract', 'direction': 'forwards', 'item': 'title2'}
2026-08-11 12:54:01,118 : INFO : Timer.attract_carousel_timer : Starting Timer.
2026-08-11 12:54:01,118 : INFO : EventManager : Event: ======'timer_attract_carousel_timer_started'====== Args={'ticks': 0, 'ticks_remaining': 1}
2026-08-11 12:54:01,118 : INFO : EventManager : Event: ======'timer_attract_carousel_timer_tick'====== Args={'ticks': 0, 'ticks_remaining': 1}
2026-08-11 12:54:01,180 : INFO : EventManager : Event: ======'attract_playfield_lightshow'====== Args={}
2026-08-11 12:54:06,123 : INFO : Timer.attract_carousel_timer : Timer Complete
2026-08-11 12:54:06,123 : INFO : Timer.attract_carousel_timer : Stopping Timer
2026-08-11 12:54:06,123 : INFO : EventManager : Event: ======'timer_attract_carousel_timer_stopped'====== Args={'ticks': 1, 'ticks_remaining': 1}
2026-08-11 12:54:06,123 : INFO : EventManager : Event: ======'timer_attract_carousel_timer_complete'====== Args={'ticks': 1, 'ticks_remaining': 1}
2026-08-11 12:54:06,124 : INFO : EventManager : Event: ======'carousel_item_highlighted'====== Args={'carousel': 'attract', 'direction': 'forwards', 'item': 'title'}
2026-08-11 12:54:06,124 : INFO : Timer.attract_carousel_timer : Starting Timer.
2026-08-11 12:54:06,124 : INFO : EventManager : Event: ======'timer_attract_carousel_timer_started'====== Args={'ticks': 0, 'ticks_remaining': 1}
2026-08-11 12:54:06,124 : INFO : EventManager : Event: ======'timer_attract_carousel_timer_tick'====== Args={'ticks': 0, 'ticks_remaining': 1}
2026-08-11 12:54:09,786 : INFO : EventManager : Event: ======'attract_backglass_main_alien'====== Args={}
2026-08-11 12:54:11,123 : INFO : Timer.attract_carousel_timer : Timer Complete
2026-08-11 12:54:11,123 : INFO : Timer.attract_carousel_timer : Stopping Timer
2026-08-11 12:54:11,123 : INFO : EventManager : Event: ======'timer_attract_carousel_timer_stopped'====== Args={'ticks': 1, 'ticks_remaining': 1}
2026-08-11 12:54:11,123 : INFO : EventManager : Event: ======'timer_attract_carousel_timer_complete'====== Args={'ticks': 1, 'ticks_remaining': 1}
2026-08-11 12:54:11,123 : INFO : EventManager : Event: ======'carousel_item_highlighted'====== Args={'carousel': 'attract', 'direction': 'forwards', 'item': 'title2'}
2026-08-11 12:54:11,124 : INFO : Timer.attract_carousel_timer : Starting Timer.
2026-08-11 12:54:11,124 : INFO : EventManager : Event: ======'timer_attract_carousel_timer_started'====== Args={'ticks': 0, 'ticks_remaining': 1}
2026-08-11 12:54:11,124 : INFO : EventManager : Event: ======'timer_attract_carousel_timer_tick'====== Args={'ticks': 0, 'ticks_remaining': 1}
2026-08-11 12:54:12,873 : INFO : EventManager : Event: ======'attract_step_3'====== Args={}
2026-08-11 12:54:16,124 : INFO : Timer.attract_carousel_timer : Timer Complete
2026-08-11 12:54:16,124 : INFO : Timer.attract_carousel_timer : Stopping Timer
2026-08-11 12:54:16,124 : INFO : EventManager : Event: ======'timer_attract_carousel_timer_stopped'====== Args={'ticks': 1, 'ticks_remaining': 1}
2026-08-11 12:54:16,124 : INFO : EventManager : Event: ======'timer_attract_carousel_timer_complete'====== Args={'ticks': 1, 'ticks_remaining': 1}
2026-08-11 12:54:16,125 : INFO : EventManager : Event: ======'carousel_item_highlighted'====== Args={'carousel': 'attract', 'direction': 'forwards', 'item': 'title'}
2026-08-11 12:54:16,125 : INFO : Timer.attract_carousel_timer : Starting Timer.
2026-08-11 12:54:16,125 : INFO : EventManager : Event: ======'timer_attract_carousel_timer_started'====== Args={'ticks': 0, 'ticks_remaining': 1}
2026-08-11 12:54:16,125 : INFO : EventManager : Event: ======'timer_attract_carousel_timer_tick'====== Args={'ticks': 0, 'ticks_remaining': 1}
2026-08-11 12:54:20,672 : INFO : EventManager : Event: ======'attract_step_4'====== Args={}
2026-08-11 12:54:21,117 : INFO : Timer.attract_carousel_timer : Timer Complete
2026-08-11 12:54:21,117 : INFO : Timer.attract_carousel_timer : Stopping Timer
2026-08-11 12:54:21,117 : INFO : EventManager : Event: ======'timer_attract_carousel_timer_stopped'====== Args={'ticks': 1, 'ticks_remaining': 1}
2026-08-11 12:54:21,117 : INFO : EventManager : Event: ======'timer_attract_carousel_timer_complete'====== Args={'ticks': 1, 'ticks_remaining': 1}
2026-08-11 12:54:21,117 : INFO : EventManager : Event: ======'carousel_item_highlighted'====== Args={'carousel': 'attract', 'direction': 'forwards', 'item': 'title2'}
2026-08-11 12:54:21,118 : INFO : Timer.attract_carousel_timer : Starting Timer.
2026-08-11 12:54:21,118 : INFO : EventManager : Event: ======'timer_attract_carousel_timer_started'====== Args={'ticks': 0, 'ticks_remaining': 1}
2026-08-11 12:54:21,118 : INFO : EventManager : Event: ======'timer_attract_carousel_timer_tick'====== Args={'ticks': 0, 'ticks_remaining': 1}
2026-08-11 12:54:24,026 : INFO : EventManager : Event: ======'attract_backglass_police_alien'====== Args={}
2026-08-11 12:54:25,147 : INFO : EventManager : Event: ======'attract_step_5'====== Args={}
2026-08-11 12:54:26,114 : INFO : Timer.attract_carousel_timer : Timer Complete
2026-08-11 12:54:26,114 : INFO : Timer.attract_carousel_timer : Stopping Timer
2026-08-11 12:54:26,114 : INFO : EventManager : Event: ======'timer_attract_carousel_timer_stopped'====== Args={'ticks': 1, 'ticks_remaining': 1}
2026-08-11 12:54:26,114 : INFO : EventManager : Event: ======'timer_attract_carousel_timer_complete'====== Args={'ticks': 1, 'ticks_remaining': 1}
2026-08-11 12:54:26,114 : INFO : EventManager : Event: ======'carousel_item_highlighted'====== Args={'carousel': 'attract', 'direction': 'forwards', 'item': 'title'}
2026-08-11 12:54:26,114 : INFO : Timer.attract_carousel_timer : Starting Timer.
2026-08-11 12:54:26,114 : INFO : EventManager : Event: ======'timer_attract_carousel_timer_started'====== Args={'ticks': 0, 'ticks_remaining': 1}
2026-08-11 12:54:26,115 : INFO : EventManager : Event: ======'timer_attract_carousel_timer_tick'====== Args={'ticks': 0, 'ticks_remaining': 1}
2026-08-11 12:54:31,119 : INFO : Timer.attract_carousel_timer : Timer Complete
2026-08-11 12:54:31,119 : INFO : Timer.attract_carousel_timer : Stopping Timer
2026-08-11 12:54:31,119 : INFO : EventManager : Event: ======'timer_attract_carousel_timer_stopped'====== Args={'ticks': 1, 'ticks_remaining': 1}
2026-08-11 12:54:31,119 : INFO : EventManager : Event: ======'timer_attract_carousel_timer_complete'====== Args={'ticks': 1, 'ticks_remaining': 1}
2026-08-11 12:54:31,120 : INFO : EventManager : Event: ======'carousel_item_highlighted'====== Args={'carousel': 'attract', 'direction': 'forwards', 'item': 'title2'}
2026-08-11 12:54:31,120 : INFO : Timer.attract_carousel_timer : Starting Timer.
2026-08-11 12:54:31,120 : INFO : EventManager : Event: ======'timer_attract_carousel_timer_started'====== Args={'ticks': 0, 'ticks_remaining': 1}
2026-08-11 12:54:31,120 : INFO : EventManager : Event: ======'timer_attract_carousel_timer_tick'====== Args={'ticks': 0, 'ticks_remaining': 1}
2026-08-11 12:54:35,172 : INFO : EventManager : Event: ======'attract_backglass_broken_buzz'====== Args={}
2026-08-11 12:54:36,127 : INFO : Timer.attract_carousel_timer : Timer Complete
2026-08-11 12:54:36,127 : INFO : Timer.attract_carousel_timer : Stopping Timer
2026-08-11 12:54:36,127 : INFO : EventManager : Event: ======'timer_attract_carousel_timer_stopped'====== Args={'ticks': 1, 'ticks_remaining': 1}
2026-08-11 12:54:36,127 : INFO : EventManager : Event: ======'timer_attract_carousel_timer_complete'====== Args={'ticks': 1, 'ticks_remaining': 1}
2026-08-11 12:54:36,127 : INFO : EventManager : Event: ======'carousel_item_highlighted'====== Args={'carousel': 'attract', 'direction': 'forwards', 'item': 'title'}
2026-08-11 12:54:36,128 : INFO : Timer.attract_carousel_timer : Starting Timer.
2026-08-11 12:54:36,128 : INFO : EventManager : Event: ======'timer_attract_carousel_timer_started'====== Args={'ticks': 0, 'ticks_remaining': 1}
2026-08-11 12:54:36,128 : INFO : EventManager : Event: ======'timer_attract_carousel_timer_tick'====== Args={'ticks': 0, 'ticks_remaining': 1}
2026-08-11 12:54:37,536 : INFO : EventManager : Event: ======'attract_step_6'====== Args={}
2026-08-11 12:54:40,522 : INFO : EventManager : Event: ======'attract_step_7'====== Args={}
2026-08-11 12:54:41,123 : INFO : Timer.attract_carousel_timer : Timer Complete
2026-08-11 12:54:41,124 : INFO : Timer.attract_carousel_timer : Stopping Timer
2026-08-11 12:54:41,124 : INFO : EventManager : Event: ======'timer_attract_carousel_timer_stopped'====== Args={'ticks': 1, 'ticks_remaining': 1}
2026-08-11 12:54:41,124 : INFO : EventManager : Event: ======'timer_attract_carousel_timer_complete'====== Args={'ticks': 1, 'ticks_remaining': 1}
2026-08-11 12:54:41,124 : INFO : EventManager : Event: ======'carousel_item_highlighted'====== Args={'carousel': 'attract', 'direction': 'forwards', 'item': 'title2'}
2026-08-11 12:54:41,125 : INFO : Timer.attract_carousel_timer : Starting Timer.
2026-08-11 12:54:41,125 : INFO : EventManager : Event: ======'timer_attract_carousel_timer_started'====== Args={'ticks': 0, 'ticks_remaining': 1}
2026-08-11 12:54:41,125 : INFO : EventManager : Event: ======'timer_attract_carousel_timer_tick'====== Args={'ticks': 0, 'ticks_remaining': 1}
2026-08-11 12:54:43,775 : INFO : Machine : Shutting down...
2026-08-11 12:54:43,775 : INFO : EventManager : Event: ======'shutdown'====== Args={}
2026-08-11 12:54:43,867 : INFO : root : MPF run loop ended.
