2026-08-11 20:09:10,917 : INFO : root : Loading config.
2026-08-11 20:09:10,921 : INFO : YamlMultifileConfigLoader : Machine config file #1: config.yaml
2026-08-11 20:09:10,921 : INFO : ConfigProcessor : Loading config from cache: C:\Users\tl\AppData\Local\Temp\86f932e179f318f5dae29f066573dee9.mpf_cache
2026-08-11 20:09:11,014 : INFO : ConfigProcessor : Loading config from cache: C:\Users\tl\AppData\Local\Temp\5e7e3dd8e04e0aa46ea76018297218da.mpf_cache
2026-08-11 20:09:11,015 : INFO : ConfigProcessor : Loading config from cache: C:\Users\tl\AppData\Local\Temp\af6ad0dab2f43bd9cbdac83e0b2786ac.mpf_cache
2026-08-11 20:09:11,016 : INFO : ConfigProcessor : Loading config from cache: C:\Users\tl\AppData\Local\Temp\5e7e3dd8e04e0aa46ea76018297218da.mpf_cache
2026-08-11 20:09:11,017 : INFO : ConfigProcessor : Loading config from cache: C:\Users\tl\AppData\Local\Temp\078e3f4c59f1cd1bf0ff8685cc9e7ff5.mpf_cache
2026-08-11 20:09:11,017 : INFO : ConfigProcessor : Loading config from cache: C:\Users\tl\AppData\Local\Temp\279434e09bc5e8b073f441f36778b3c5.mpf_cache
2026-08-11 20:09:11,018 : INFO : ConfigProcessor : Loading config from cache: C:\Users\tl\AppData\Local\Temp\0f8a6fed03551fa5e1f599b5c511b7ce.mpf_cache
2026-08-11 20:09:11,019 : INFO : ConfigProcessor : Loading config from cache: C:\Users\tl\AppData\Local\Temp\f7ef3217062c4a128670875e2cb05ce9.mpf_cache
2026-08-11 20:09:11,020 : INFO : ConfigProcessor : Loading config from cache: C:\Users\tl\AppData\Local\Temp\3e0da43cdf74c6e3f9d34deafe6b0c00.mpf_cache
2026-08-11 20:09:11,020 : INFO : ConfigProcessor : Loading config from cache: C:\Users\tl\AppData\Local\Temp\3f4b5828320b2882d8f6d86277da0e3c.mpf_cache
2026-08-11 20:09:11,021 : INFO : ConfigProcessor : Loading config from cache: C:\Users\tl\AppData\Local\Temp\e0885cd80287b6cf2bdb3b3b7e551419.mpf_cache
2026-08-11 20:09:11,022 : INFO : ConfigProcessor : Loading config from cache: C:\Users\tl\AppData\Local\Temp\21a3b6af72788c31c1bb21496f7d3280.mpf_cache
2026-08-11 20:09:11,023 : INFO : ConfigProcessor : Loading config from cache: C:\Users\tl\AppData\Local\Temp\5ad868424699ac3c9402d8d89c5742fa.mpf_cache
2026-08-11 20:09:11,024 : INFO : ConfigProcessor : Loading config from cache: C:\Users\tl\AppData\Local\Temp\b41aec6702196d0bd650320fa331266f.mpf_cache
2026-08-11 20:09:11,024 : INFO : ConfigProcessor : Loading config from cache: C:\Users\tl\AppData\Local\Temp\a951eeea2c167365e5a009cce33f51d8.mpf_cache
2026-08-11 20:09:11,025 : INFO : ConfigProcessor : Loading config from cache: C:\Users\tl\AppData\Local\Temp\f020dca9eec5e09763b9289397e6c32f.mpf_cache
2026-08-11 20:09:11,026 : INFO : ConfigProcessor : Loading config from cache: C:\Users\tl\AppData\Local\Temp\edce5a74ebf86ee6330810859c361ede.mpf_cache
2026-08-11 20:09:11,027 : INFO : ConfigProcessor : Loading config from cache: C:\Users\tl\AppData\Local\Temp\7c825e76f3d981841c3099d018a06a8f.mpf_cache
2026-08-11 20:09:11,027 : INFO : ConfigProcessor : Loading config from cache: C:\Users\tl\AppData\Local\Temp\4c1252d1f04cb61ecc91110937cfd225.mpf_cache
2026-08-11 20:09:11,028 : INFO : ConfigProcessor : Loading config from cache: C:\Users\tl\AppData\Local\Temp\8d6d681afe5a7b6e9186321cd98f18ca.mpf_cache
2026-08-11 20:09:11,030 : INFO : ConfigProcessor : Loading config from cache: C:\Users\tl\AppData\Local\Temp\6ca6a8b9cb340c3b8d36233eeb0719a5.mpf_cache
2026-08-11 20:09:11,031 : INFO : ConfigProcessor : Loading config from cache: C:\Users\tl\AppData\Local\Temp\d7f9969d1a13fb8a4ff98949110a3363.mpf_cache
2026-08-11 20:09:11,031 : INFO : ConfigProcessor : Loading config from cache: C:\Users\tl\AppData\Local\Temp\ea483b3190585f1b6f58e5d4b3be4053.mpf_cache
2026-08-11 20:09:11,032 : INFO : ConfigProcessor : Loading config from cache: C:\Users\tl\AppData\Local\Temp\29a24a1f58555604e17f1620fab88485.mpf_cache
2026-08-11 20:09:11,032 : INFO : ConfigProcessor : Loading config from cache: C:\Users\tl\AppData\Local\Temp\9e4f4ac993fe3c13c573513cb70c74c1.mpf_cache
2026-08-11 20:09:11,033 : INFO : ConfigProcessor : Loading config from cache: C:\Users\tl\AppData\Local\Temp\271b31ea91f7fc416a689202738fcb25.mpf_cache
2026-08-11 20:09:11,034 : INFO : ConfigProcessor : Loading config from cache: C:\Users\tl\AppData\Local\Temp\d5113bae71fe9b2600b29bf116525aac.mpf_cache
2026-08-11 20:09:11,035 : INFO : ConfigProcessor : Loading config from cache: C:\Users\tl\AppData\Local\Temp\ae5d383473e063efe671bf30ab478239.mpf_cache
2026-08-11 20:09:11,036 : INFO : ConfigProcessor : Loading config from cache: C:\Users\tl\AppData\Local\Temp\46870b44a1c011c86a746a823adf6b5a.mpf_cache
2026-08-11 20:09:11,037 : INFO : ConfigProcessor : Loading config from cache: C:\Users\tl\AppData\Local\Temp\0cf169c51710e2e034dc49f1aab9dfdd.mpf_cache
2026-08-11 20:09:11,043 : INFO : ConfigProcessor : Loading config from cache: C:\Users\tl\AppData\Local\Temp\7f1f48089af53c0812f6ef7352fae9fc.mpf_cache
2026-08-11 20:09:11,044 : INFO : ConfigProcessor : Loading config from cache: C:\Users\tl\AppData\Local\Temp\2cc33be7b212147eeee1bdfcda64fa9a.mpf_cache
2026-08-11 20:09:11,044 : INFO : ConfigProcessor : Loading config from cache: C:\Users\tl\AppData\Local\Temp\a16abf331f3e7de6af87e663850f3d9e.mpf_cache
2026-08-11 20:09:11,045 : INFO : ConfigProcessor : Loading config from cache: C:\Users\tl\AppData\Local\Temp\38e2b0a0c5cbde9df196d324be754e6f.mpf_cache
2026-08-11 20:09:11,045 : INFO : ConfigProcessor : Loading config from cache: C:\Users\tl\AppData\Local\Temp\e80dee9eca7c5982ccbcb422c91db859.mpf_cache
2026-08-11 20:09:11,046 : INFO : ConfigProcessor : Loading config from cache: C:\Users\tl\AppData\Local\Temp\0109be63d67329a8885529bd2a71548c.mpf_cache
2026-08-11 20:09:11,046 : INFO : ConfigProcessor : Loading config from cache: C:\Users\tl\AppData\Local\Temp\61bab561dcce3f0c07355166d6e0f761.mpf_cache
2026-08-11 20:09:11,047 : INFO : ConfigProcessor : Loading config from cache: C:\Users\tl\AppData\Local\Temp\25d2f8081a4f10d84b73dba07eba574c.mpf_cache
2026-08-11 20:09:11,047 : INFO : ConfigProcessor : Loading config from cache: C:\Users\tl\AppData\Local\Temp\5dff49294fdc1400ecd20df1617a2b2f.mpf_cache
2026-08-11 20:09:11,048 : INFO : ConfigProcessor : Loading config from cache: C:\Users\tl\AppData\Local\Temp\eb82598b1fb2ee02b221679b664276f0.mpf_cache
2026-08-11 20:09:11,048 : INFO : ConfigProcessor : Loading config from cache: C:\Users\tl\AppData\Local\Temp\ee5817e1bc6c76799d194e89aa39905b.mpf_cache
2026-08-11 20:09:11,050 : INFO : ConfigProcessor : Loading config from cache: C:\Users\tl\AppData\Local\Temp\b4fb504f89ca2ed519ed0a0e98e46a04.mpf_cache
2026-08-11 20:09:11,050 : INFO : ConfigProcessor : Loading config from cache: C:\Users\tl\AppData\Local\Temp\a6a2066a35a93afd7c5e023580b97319.mpf_cache
2026-08-11 20:09:11,051 : INFO : ConfigProcessor : Loading config from cache: C:\Users\tl\AppData\Local\Temp\b8c836a76b8f12a6f53828e327bc835b.mpf_cache
2026-08-11 20:09:11,051 : INFO : ConfigProcessor : Loading config from cache: C:\Users\tl\AppData\Local\Temp\a42c9a1e5925ead55e30ef9c3174b8d6.mpf_cache
2026-08-11 20:09:11,052 : INFO : ConfigProcessor : Loading config from cache: C:\Users\tl\AppData\Local\Temp\232eb4bb290f7b6232b4d79d1c841dd5.mpf_cache
2026-08-11 20:09:11,053 : INFO : ConfigProcessor : Loading config from cache: C:\Users\tl\AppData\Local\Temp\a2de7c1b2b3faf18b0affdedaa38907f.mpf_cache
2026-08-11 20:09:11,053 : INFO : ConfigProcessor : Loading config from cache: C:\Users\tl\AppData\Local\Temp\e26965993a19a15abbd54118f3bb1f6b.mpf_cache
2026-08-11 20:09:11,053 : INFO : ConfigProcessor : Loading config from cache: C:\Users\tl\AppData\Local\Temp\1a8067b3018dc540f40ee09fbd30147e.mpf_cache
2026-08-11 20:09:11,054 : INFO : ConfigProcessor : Loading config from cache: C:\Users\tl\AppData\Local\Temp\34d2c1cbec8fdaa1db7761a61cc7c1b6.mpf_cache
2026-08-11 20:09:11,055 : INFO : ConfigProcessor : Loading config from cache: C:\Users\tl\AppData\Local\Temp\4065fa59aedcbd523b942a40672a4db1.mpf_cache
2026-08-11 20:09:11,059 : INFO : ConfigProcessor : Loading config from cache: C:\Users\tl\AppData\Local\Temp\911efd7252939128e304c2322100ac37.mpf_cache
2026-08-11 20:09:11,060 : INFO : ConfigProcessor : Loading config from cache: C:\Users\tl\AppData\Local\Temp\95a50568c399a025ef217996526f3494.mpf_cache
2026-08-11 20:09:11,061 : WARNING : ConfigProcessor : Config file in cache changed: C:\Users\tl\Documents\tl-pinball\shows\.\show_consume_active.yaml
2026-08-11 20:09:11,061 : INFO : ConfigProcessor : Loading config from file C:\Users\tl\Documents\tl-pinball\shows\.\show_consume_active.yaml.
2026-08-11 20:09:11,064 : INFO : ConfigProcessor : Loading config: C:\Users\tl\Documents\tl-pinball\shows\.\show_consume_active.yaml
2026-08-11 20:09:11,064 : INFO : ConfigProcessor : Config file cache created: C:\Users\tl\AppData\Local\Temp\1c5eb8218503e51cf536cafa8bd397ee.mpf_cache
2026-08-11 20:09:11,064 : WARNING : ConfigProcessor : Config file in cache changed: C:\Users\tl\Documents\tl-pinball\shows\.\show_consume_completed.yaml
2026-08-11 20:09:11,065 : INFO : ConfigProcessor : Loading config from file C:\Users\tl\Documents\tl-pinball\shows\.\show_consume_completed.yaml.
2026-08-11 20:09:11,066 : INFO : ConfigProcessor : Loading config: C:\Users\tl\Documents\tl-pinball\shows\.\show_consume_completed.yaml
2026-08-11 20:09:11,066 : INFO : ConfigProcessor : Config file cache created: C:\Users\tl\AppData\Local\Temp\5f6f068da8bf69eef400625ea0f44976.mpf_cache
2026-08-11 20:09:11,067 : INFO : ConfigProcessor : Loading config from cache: C:\Users\tl\AppData\Local\Temp\a376fdb2b6d4bb622bb4acdba901a310.mpf_cache
2026-08-11 20:09:11,085 : INFO : ConfigProcessor : Loading config from cache: C:\Users\tl\AppData\Local\Temp\4fa9cf92dccc774be532e383b837572e.mpf_cache
2026-08-11 20:09:11,086 : INFO : ConfigProcessor : Loading config from cache: C:\Users\tl\AppData\Local\Temp\7d6afe43d2cd59003bd26d29f6951346.mpf_cache
2026-08-11 20:09:11,087 : INFO : ConfigProcessor : Loading config from cache: C:\Users\tl\AppData\Local\Temp\3ec53097f46dd8f92da5caf7a9362729.mpf_cache
2026-08-11 20:09:11,092 : INFO : ConfigProcessor : Loading config from cache: C:\Users\tl\AppData\Local\Temp\c36da47bad15180a41187d147cb7917e.mpf_cache
2026-08-11 20:09:11,092 : INFO : ConfigProcessor : Loading config from cache: C:\Users\tl\AppData\Local\Temp\ca9866041621d35ab6358609b63e90d5.mpf_cache
2026-08-11 20:09:11,093 : INFO : ConfigProcessor : Loading config from cache: C:\Users\tl\AppData\Local\Temp\d3b229dc9cb99a8202099f03c2a43090.mpf_cache
2026-08-11 20:09:11,094 : INFO : ConfigProcessor : Loading config from cache: C:\Users\tl\AppData\Local\Temp\81582981e74d3995e366d06d8338d799.mpf_cache
2026-08-11 20:09:11,098 : INFO : ConfigProcessor : Loading config from cache: C:\Users\tl\AppData\Local\Temp\5b34afe52ee194dd00e9309f3b7b7351.mpf_cache
2026-08-11 20:09:11,106 : INFO : ConfigProcessor : Loading config from cache: C:\Users\tl\AppData\Local\Temp\879969db85bf719d2fcb9e04ce9b1f2c.mpf_cache
2026-08-11 20:09:11,111 : INFO : ConfigProcessor : Loading config from cache: C:\Users\tl\AppData\Local\Temp\b4093eb1dd81447678927dbfa4b9c600.mpf_cache
2026-08-11 20:09:11,116 : INFO : ConfigProcessor : Loading config from cache: C:\Users\tl\AppData\Local\Temp\e35a82f552c222d594bf16e07246473c.mpf_cache
2026-08-11 20:09:11,117 : INFO : ConfigProcessor : Loading config from cache: C:\Users\tl\AppData\Local\Temp\a4723462ff8ee54e9440eae8a1a4781c.mpf_cache
2026-08-11 20:09:11,122 : INFO : ConfigProcessor : Loading config from cache: C:\Users\tl\AppData\Local\Temp\33800f163ed2f7721971ef060d638387.mpf_cache
2026-08-11 20:09:11,134 : INFO : ConfigProcessor : Loading config from cache: C:\Users\tl\AppData\Local\Temp\cfac8a12b8c870509d27980bb08852ae.mpf_cache
2026-08-11 20:09:11,140 : INFO : ConfigProcessor : Loading config from cache: C:\Users\tl\AppData\Local\Temp\83c76c71cb0df61411f4c0eb7dea7353.mpf_cache
2026-08-11 20:09:11,143 : INFO : ConfigProcessor : Loading config from cache: C:\Users\tl\AppData\Local\Temp\7db44b334d172168fab831ef3c57ff8b.mpf_cache
2026-08-11 20:09:11,191 : INFO : ConfigProcessor : Loading config from cache: C:\Users\tl\AppData\Local\Temp\0209fa69c7ceb7b65d8e49418413a2d4.mpf_cache
2026-08-11 20:09:11,290 : INFO : ConfigProcessor : Loading config from cache: C:\Users\tl\AppData\Local\Temp\9eec954e3a0a7462dea03c8c17cb64d9.mpf_cache
2026-08-11 20:09:11,413 : INFO : ConfigProcessor : Loading config from cache: C:\Users\tl\AppData\Local\Temp\456118bf1ce6b85e98a4b068670426da.mpf_cache
2026-08-11 20:09:11,484 : INFO : ConfigProcessor : Loading config from cache: C:\Users\tl\AppData\Local\Temp\5d7ea21ac1dbbe8d902c44335cb580f3.mpf_cache
2026-08-11 20:09:11,683 : INFO : ConfigProcessor : Loading config from cache: C:\Users\tl\AppData\Local\Temp\3c338cf0a5e3d861413d7d2f266c3053.mpf_cache
2026-08-11 20:09:11,721 : INFO : ConfigProcessor : Loading config from cache: C:\Users\tl\AppData\Local\Temp\7da579784f035f2b4609b04d18d514d9.mpf_cache
2026-08-11 20:09:11,735 : INFO : ConfigProcessor : Loading config from cache: C:\Users\tl\AppData\Local\Temp\ffa5a16e3925fe77c4aff5ce9d0caddb.mpf_cache
2026-08-11 20:09:11,740 : INFO : ConfigProcessor : Loading config from cache: C:\Users\tl\AppData\Local\Temp\08e4cfee44032ad50b613fdfc1c76afd.mpf_cache
2026-08-11 20:09:11,741 : INFO : ConfigProcessor : Loading config from cache: C:\Users\tl\AppData\Local\Temp\8f542fdb27a9c7af6359517ab8d171a1.mpf_cache
2026-08-11 20:09:11,742 : INFO : ConfigProcessor : Loading config from cache: C:\Users\tl\AppData\Local\Temp\c899bce83960d7b8a909fd30af5ba34c.mpf_cache
2026-08-11 20:09:11,742 : INFO : ConfigProcessor : Loading config from cache: C:\Users\tl\AppData\Local\Temp\e3f8c10279e680757f03e6b0889aa739.mpf_cache
2026-08-11 20:09:11,743 : INFO : ConfigProcessor : Loading config from cache: C:\Users\tl\AppData\Local\Temp\ff087817282734556151e8020b1fd49c.mpf_cache
2026-08-11 20:09:11,744 : INFO : ConfigProcessor : Loading config from cache: C:\Users\tl\AppData\Local\Temp\17b17d6e70b510a409968e15bd8ba63c.mpf_cache
2026-08-11 20:09:11,830 : INFO : ConfigProcessor : Loading config from cache: C:\Users\tl\AppData\Local\Temp\7597473749050946854e5e52d7c2d79a.mpf_cache
2026-08-11 20:09:11,846 : INFO : ConfigProcessor : Loading config from cache: C:\Users\tl\AppData\Local\Temp\31f3b89ebad27aaf6ad1cb7b6e8c1ae3.mpf_cache
2026-08-11 20:09:11,846 : INFO : ConfigProcessor : Loading config from cache: C:\Users\tl\AppData\Local\Temp\5bdc262ac811f8916946a10b325faaed.mpf_cache
2026-08-11 20:09:11,946 : INFO : ConfigProcessor : Loading config from cache: C:\Users\tl\AppData\Local\Temp\103bfb4fbd71af36419ab3f548a18d71.mpf_cache
2026-08-11 20:09:11,947 : INFO : ConfigProcessor : Loading config from cache: C:\Users\tl\AppData\Local\Temp\4262986a441bb7754780f112bb0e0c56.mpf_cache
2026-08-11 20:09:11,947 : INFO : ConfigProcessor : Loading config from cache: C:\Users\tl\AppData\Local\Temp\d572a2de143bf480090a737668938cb0.mpf_cache
2026-08-11 20:09:11,948 : INFO : ConfigProcessor : Loading config from cache: C:\Users\tl\AppData\Local\Temp\2e7beac76d3bca457a3a521575ba4ead.mpf_cache
2026-08-11 20:09:11,949 : INFO : ConfigProcessor : Loading config from cache: C:\Users\tl\AppData\Local\Temp\7c0931ffc6b13496fd8fae8b9d1b7a08.mpf_cache
2026-08-11 20:09:11,950 : INFO : ConfigProcessor : Loading config from cache: C:\Users\tl\AppData\Local\Temp\62404ae2e9ee2b95d65f52fccac154f0.mpf_cache
2026-08-11 20:09:11,950 : INFO : ConfigProcessor : Loading config from cache: C:\Users\tl\AppData\Local\Temp\d8c27512a4074d58955a247342afc0f0.mpf_cache
2026-08-11 20:09:11,952 : INFO : ConfigProcessor : Loading config from cache: C:\Users\tl\AppData\Local\Temp\537cd9276618929e3a64b374ceb3437f.mpf_cache
2026-08-11 20:09:11,953 : INFO : ConfigProcessor : Loading config from cache: C:\Users\tl\AppData\Local\Temp\cf29873bc64cfbd46b5a5b4c47c95532.mpf_cache
2026-08-11 20:09:11,954 : INFO : ConfigProcessor : Loading config from cache: C:\Users\tl\AppData\Local\Temp\16182b247314d06896cbae33110acd4c.mpf_cache
2026-08-11 20:09:11,955 : INFO : ConfigProcessor : Loading config from cache: C:\Users\tl\AppData\Local\Temp\13826b94a4b36b65ca4171a1d326006f.mpf_cache
2026-08-11 20:09:11,956 : INFO : ConfigProcessor : Loading config from cache: C:\Users\tl\AppData\Local\Temp\34a4b7622c4ff26b43be2fcb96c6a855.mpf_cache
2026-08-11 20:09:11,956 : INFO : ConfigProcessor : Loading config from cache: C:\Users\tl\AppData\Local\Temp\0560061596499ba9c1490154fdcef2ca.mpf_cache
2026-08-11 20:09:11,957 : INFO : ConfigProcessor : Loading config from cache: C:\Users\tl\AppData\Local\Temp\c1896ec26ad05d4cb3e6ad50fd8dc123.mpf_cache
2026-08-11 20:09:11,957 : INFO : ConfigProcessor : Loading config from cache: C:\Users\tl\AppData\Local\Temp\9894a77e77ebcad772e6ab40ada6f893.mpf_cache
2026-08-11 20:09:11,958 : INFO : ConfigProcessor : Loading config from cache: C:\Users\tl\AppData\Local\Temp\33a0313dc768edabc6062a57466c6435.mpf_cache
2026-08-11 20:09:11,958 : INFO : ConfigProcessor : Loading config from cache: C:\Users\tl\AppData\Local\Temp\51d1034df3c2d8154cfea3abae2369be.mpf_cache
2026-08-11 20:09:11,959 : INFO : ConfigProcessor : Loading config from cache: C:\Users\tl\AppData\Local\Temp\2904ce8d8b78981642dc8b63141b390e.mpf_cache
2026-08-11 20:09:11,983 : INFO : ConfigProcessor : Loading config from cache: C:\Users\tl\AppData\Local\Temp\de3c199f73b407edda0c6227f08684dc.mpf_cache
2026-08-11 20:09:11,984 : INFO : ConfigProcessor : Loading config from cache: C:\Users\tl\AppData\Local\Temp\5951b01dcffceee156e3aba13b4691bc.mpf_cache
2026-08-11 20:09:11,984 : INFO : ConfigProcessor : Loading config from cache: C:\Users\tl\AppData\Local\Temp\3ef5173c7a910a36727c66b6285f9c3e.mpf_cache
2026-08-11 20:09:11,985 : INFO : ConfigProcessor : Loading config from cache: C:\Users\tl\AppData\Local\Temp\d5aeeb96f0e3024d102ed6eef227158e.mpf_cache
2026-08-11 20:09:11,985 : INFO : ConfigProcessor : Loading config from cache: C:\Users\tl\AppData\Local\Temp\abac16fdcd8444e81c5d354009d45cba.mpf_cache
2026-08-11 20:09:11,986 : INFO : ConfigProcessor : Loading config from cache: C:\Users\tl\AppData\Local\Temp\1671f2a7e01818367d14934820caa625.mpf_cache
2026-08-11 20:09:11,987 : INFO : ConfigProcessor : Loading config from cache: C:\Users\tl\AppData\Local\Temp\f222a647edf3886b9afe02940fb5218b.mpf_cache
2026-08-11 20:09:11,987 : INFO : ConfigProcessor : Loading config from cache: C:\Users\tl\AppData\Local\Temp\413a5c2ee3ba22f15e31e85070bcc3a0.mpf_cache
2026-08-11 20:09:11,989 : INFO : ConfigProcessor : Loading config from cache: C:\Users\tl\AppData\Local\Temp\8441689a8d32c41acf7df12596aea2a1.mpf_cache
2026-08-11 20:09:11,989 : INFO : ConfigProcessor : Loading config from cache: C:\Users\tl\AppData\Local\Temp\2856cb3dd9823be7f227bcd3e9e74d9c.mpf_cache
2026-08-11 20:09:11,990 : INFO : ConfigProcessor : Loading config from cache: C:\Users\tl\AppData\Local\Temp\7bc597beac49bd83589c0f432d6df3a7.mpf_cache
2026-08-11 20:09:11,991 : INFO : ConfigProcessor : Loading config from cache: C:\Users\tl\AppData\Local\Temp\68aef743ce387ca4b0917854000ab96f.mpf_cache
2026-08-11 20:09:11,992 : INFO : ConfigProcessor : Loading config from cache: C:\Users\tl\AppData\Local\Temp\d8eab45dc417e5712e341a87d617345c.mpf_cache
2026-08-11 20:09:11,992 : INFO : ConfigProcessor : Loading config from cache: C:\Users\tl\AppData\Local\Temp\469f885a0d482cac3db6f093008cfd24.mpf_cache
2026-08-11 20:09:11,993 : INFO : ConfigProcessor : Loading config from cache: C:\Users\tl\AppData\Local\Temp\a268d193aab3d6536668c32d6da9263e.mpf_cache
2026-08-11 20:09:11,993 : INFO : ConfigProcessor : Loading config from cache: C:\Users\tl\AppData\Local\Temp\0ddc24559d577387e7f3127610d528ac.mpf_cache
2026-08-11 20:09:11,994 : INFO : ConfigProcessor : Loading config from cache: C:\Users\tl\AppData\Local\Temp\a63ea6967061a0c2197fb0bb68311879.mpf_cache
2026-08-11 20:09:11,994 : INFO : ConfigProcessor : Loading config from cache: C:\Users\tl\AppData\Local\Temp\43577826f0443b71968b5102aaf30af3.mpf_cache
2026-08-11 20:09:11,995 : INFO : ConfigProcessor : Loading config from cache: C:\Users\tl\AppData\Local\Temp\9c5a8c407413e80747afdb721a5b060d.mpf_cache
2026-08-11 20:09:11,995 : INFO : ConfigProcessor : Loading config from cache: C:\Users\tl\AppData\Local\Temp\af0cbbf8538bda34a0e26f98cdd5aca7.mpf_cache
2026-08-11 20:09:11,996 : INFO : ConfigProcessor : Loading config from cache: C:\Users\tl\AppData\Local\Temp\ce8d78fec460068c5bebc943ce9b6f30.mpf_cache
2026-08-11 20:09:11,996 : INFO : ConfigProcessor : Loading config from cache: C:\Users\tl\AppData\Local\Temp\31f829499efdcff804ebe1944d19d329.mpf_cache
2026-08-11 20:09:11,997 : INFO : ConfigProcessor : Loading config from cache: C:\Users\tl\AppData\Local\Temp\79045076bfba23d531ff144ac6757de4.mpf_cache
2026-08-11 20:09:11,997 : INFO : ConfigProcessor : Loading config from cache: C:\Users\tl\AppData\Local\Temp\b26d36d0781b7ac0f26418f65421592c.mpf_cache
2026-08-11 20:09:11,998 : INFO : ConfigProcessor : Loading config from cache: C:\Users\tl\AppData\Local\Temp\8b6f457abf3cfdd87417ebce16fa6732.mpf_cache
2026-08-11 20:09:11,998 : INFO : ConfigProcessor : Loading config from cache: C:\Users\tl\AppData\Local\Temp\c59e3da9fa5362a5c24ac789898ceb13.mpf_cache
2026-08-11 20:09:11,999 : INFO : ConfigProcessor : Loading config from cache: C:\Users\tl\AppData\Local\Temp\701f2c032cd9e807d4fb3fa2828f9b37.mpf_cache
2026-08-11 20:09:11,999 : INFO : ConfigProcessor : Loading config from cache: C:\Users\tl\AppData\Local\Temp\c801690053c2da5c09f6d10b42ee9917.mpf_cache
2026-08-11 20:09:12,000 : INFO : ConfigProcessor : Loading config from cache: C:\Users\tl\AppData\Local\Temp\2e335ca9623f971cc8240d357e9bde21.mpf_cache
2026-08-11 20:09:12,000 : INFO : ConfigProcessor : Loading config from cache: C:\Users\tl\AppData\Local\Temp\291432155100441a6a6d1cc35a9827e6.mpf_cache
2026-08-11 20:09:12,001 : INFO : ConfigProcessor : Loading config from cache: C:\Users\tl\AppData\Local\Temp\3a13ce866f38c1bdfd88cdf5d8a37b57.mpf_cache
2026-08-11 20:09:12,001 : INFO : ConfigProcessor : Loading config from cache: C:\Users\tl\AppData\Local\Temp\67766e06be15afe44bf4653d2e0643ac.mpf_cache
2026-08-11 20:09:12,001 : INFO : ConfigProcessor : Loading config from cache: C:\Users\tl\AppData\Local\Temp\4d0875bd28a5b9899fb2c6e9ca5fbaa0.mpf_cache
2026-08-11 20:09:12,003 : INFO : ConfigProcessor : Loading config from cache: C:\Users\tl\AppData\Local\Temp\013b41c20fe074e5f42d4da80ff7d4bd.mpf_cache
2026-08-11 20:09:12,003 : INFO : ConfigProcessor : Loading config from cache: C:\Users\tl\AppData\Local\Temp\c0155b29343fe146f8483b349919ea50.mpf_cache
2026-08-11 20:09:12,004 : INFO : Machine : Mission Pinball Framework Core Engine v0.80.0.dev12
2026-08-11 20:09:12,004 : INFO : Machine : Command line arguments: {'no_load_cache': False, 'create_config_cache': True, 'bcp': True, 'configfile': ['config.yaml'], 'force_assets_load': False, 'platform_integration_test': False, 'jsonlogging': False, 'logfile': 'logs\\2026-08-11-20-09-10-mpf-DESKTOP-HV85DRD.log', 'pause': False, 'production': False, 'text_ui': True, 'loglevel': 15, 'consoleloglevel': 20, 'force_platform': None, 'syslog_address': None, 'full_logfile_path': 'C:\\Users\\tl\\Documents\\tl-pinball\\logs\\2026-08-11-20-09-10-mpf-DESKTOP-HV85DRD.log'}
2026-08-11 20:09:12,004 : INFO : Machine : MPF path: C:\mpf\Lib\site-packages\mpf
2026-08-11 20:09:12,004 : INFO : Machine : Machine path: C:\Users\tl\Documents\tl-pinball
2026-08-11 20:09:12,004 : INFO : Machine : Platform: win32
2026-08-11 20:09:12,004 : INFO : Machine : Python executable location: C:\mpf\Scripts\python.exe
2026-08-11 20:09:12,004 : INFO : Machine : Python version: 3.12.7 (64-bit)
2026-08-11 20:09:12,005 : INFO : Machine : Initializing MPF...
2026-08-11 20:09:12,322 : INFO : FAST [NET] : Trying to connect to COM4 at 921600bps
2026-08-11 20:09:12,327 : INFO : FAST [NET] : Connected to COM4 at 921600bps
2026-08-11 20:09:12,438 : INFO : FAST [NET] : Connected to FP-CPU-2000 with firmware v02.26
2026-08-11 20:09:12,470 : INFO : FAST [NET] : Registered I/O Board 0: Model: FP-I/O-0024, Firmware: 01.10, Switches: 24, Drivers: 8
2026-08-11 20:09:12,486 : INFO : FAST [NET] : Registered I/O Board 1: Model: FP-I/O-1616, Firmware: 01.10, Switches: 16, Drivers: 16
2026-08-11 20:09:12,502 : INFO : FAST [NET] : Registered I/O Board 2: Model: FP-I/O-3208, Firmware: 01.10, Switches: 32, Drivers: 8
2026-08-11 20:09:12,518 : INFO : FAST [NET] : Registered I/O Board 3: Model: FP-I/O-1616, Firmware: 01.10, Switches: 16, Drivers: 16
2026-08-11 20:09:12,520 : INFO : FAST [EXP] : Trying to connect to COM5 at 921600bps
2026-08-11 20:09:12,524 : INFO : FAST [EXP] : Connected to COM5 at 921600bps
2026-08-11 20:09:12,629 : INFO : FAST [EXP] : Verifying hardware for EXP "ledcab" (FP-EXP-2000, @48) with ID string "EXP FP-EXP-2000  0.42", board address 48
2026-08-11 20:09:12,645 : INFO : FAST [EXP] : Verifying hardware for EXP "ledcab" (FP-EXP-2000, @48) with ID string "BRK FP-EXP-2000  0.42", board address 480
2026-08-11 20:09:13,652 : ERROR : FAST [EXP] : Timeout waiting for response to BR@48:. Retrying...
2026-08-11 20:09:14,659 : ERROR : FAST [EXP] : Timeout waiting for response to BR@48:. Retrying...
2026-08-11 20:09:14,690 : INFO : FAST [EXP] : Verifying hardware for EXP "ledpf1" (FP-EXP-0081, @84) with ID string "EXP FP-EXP-0081  0.38", board address 84
2026-08-11 20:09:14,706 : INFO : FAST [EXP] : Verifying hardware for EXP "ledpf1" (FP-EXP-0081, @84) with ID string "BRK FP-EXP-0081  0.38", board address 840
2026-08-11 20:09:14,722 : INFO : FAST [EXP] : Verifying hardware for EXP "ledpf1" (FP-EXP-0081, @84) with ID string "BRK FP-EXP-0081  0.38", board address 841
2026-08-11 20:09:14,754 : INFO : FAST [EXP] : Verifying hardware for EXP "ledpf2" (FP-EXP-0081, @85) with ID string "EXP FP-EXP-0081  0.48", board address 85
2026-08-11 20:09:14,770 : INFO : FAST [EXP] : Verifying hardware for EXP "ledpf2" (FP-EXP-0081, @85) with ID string "BRK FP-EXP-0081  0.48", board address 850
2026-08-11 20:09:14,786 : INFO : FAST [EXP] : Verifying hardware for EXP "ledpf2" (FP-EXP-0081, @85) with ID string "BRK FP-EXP-0081  0.48", board address 851
2026-08-11 20:09:14,802 : INFO : EventManager : Event: ======'machine_var_credits_string'====== Args={'value': 'FREE PLAY', 'prev_value': None, 'change': True}
2026-08-11 20:09:14,826 : INFO : EventManager : Event: ======'machine_var_master_volume'====== Args={'value': 0.5, 'prev_value': None, 'change': True}
2026-08-11 20:09:14,827 : INFO : EventManager : Event: ======'machine_var_player1_score'====== Args={'value': 4754074, 'prev_value': None, 'change': True}
2026-08-11 20:09:14,827 : INFO : EventManager : Event: ======'machine_var_last_game_score'====== Args={'value': 0, 'prev_value': None, 'change': True}
2026-08-11 20:09:14,827 : INFO : EventManager : Event: ======'machine_var_mpf_version'====== Args={'value': 'Mission Pinball Framework v0.80.0.dev12', 'prev_value': None, 'change': True}
2026-08-11 20:09:14,827 : INFO : EventManager : Event: ======'machine_var_mpf_extended_version'====== Args={'value': 'Mission Pinball Framework v0.80.0.dev12, Config version:6, Show version: 6, BCP version:1.1', 'prev_value': None, 'change': True}
2026-08-11 20:09:14,827 : INFO : EventManager : Event: ======'machine_var_python_version'====== Args={'value': '3.12.7', 'prev_value': None, 'change': True}
2026-08-11 20:09:14,852 : INFO : EventManager : Event: ======'machine_var_platform'====== Args={'value': 'Windows-10-10.0.19044-SP0', 'prev_value': None, 'change': True}
2026-08-11 20:09:14,852 : INFO : EventManager : Event: ======'machine_var_platform_system'====== Args={'value': 'Windows', 'prev_value': None, 'change': True}
2026-08-11 20:09:14,853 : INFO : EventManager : Event: ======'machine_var_platform_release'====== Args={'value': '10', 'prev_value': None, 'change': True}
2026-08-11 20:09:14,853 : INFO : EventManager : Event: ======'machine_var_platform_version'====== Args={'value': '10.0.19044', 'prev_value': None, 'change': True}
2026-08-11 20:09:14,853 : INFO : EventManager : Event: ======'machine_var_platform_machine'====== Args={'value': 'AMD64', 'prev_value': None, 'change': True}
2026-08-11 20:09:14,853 : INFO : EventManager : Event: ======'machine_var_log_file_path'====== Args={'value': 'C:\\Users\\tl\\Documents\\tl-pinball\\logs\\2026-08-11-20-09-10-mpf-DESKTOP-HV85DRD.log', 'prev_value': None, 'change': True}
2026-08-11 20:09:14,853 : INFO : EventManager : Event: ======'init_phase_1'====== Args={}
2026-08-11 20:09:14,997 : INFO : EventManager : Event: ======'drop_target_bank_dt_bank_1_4_up'====== Args={}
2026-08-11 20:09:14,997 : INFO : EventManager : Event: ======'drop_target_bank_dt_bank_5_7_up'====== Args={}
2026-08-11 20:09:17,437 : INFO : SwitchController : <<<<<<< 's_24_trough_1' active >>>>>>>
2026-08-11 20:09:17,437 : INFO : SwitchController : <<<<<<< 's_25_trough_2' active >>>>>>>
2026-08-11 20:09:17,437 : INFO : SwitchController : <<<<<<< 's_26_trough_3' active >>>>>>>
2026-08-11 20:09:17,437 : INFO : SwitchController : <<<<<<< 's_38_star_rollover_bottom' active >>>>>>>
2026-08-11 20:09:17,437 : INFO : SwitchController : <<<<<<< 's_44_spinner_right' active >>>>>>>
2026-08-11 20:09:17,437 : INFO : SwitchController : <<<<<<< 's_71_spinner_left' active >>>>>>>
2026-08-11 20:09:17,519 : INFO : EventManager : Event: ======'init_phase_2'====== Args={}
2026-08-11 20:09:17,520 : INFO : SwitchController : Found active switch: (40, [FAST Platform Interface]) <switch.s_24_trough_1>
2026-08-11 20:09:17,520 : INFO : SwitchController : Found active switch: (41, [FAST Platform Interface]) <switch.s_25_trough_2>
2026-08-11 20:09:17,520 : INFO : SwitchController : Found active switch: (42, [FAST Platform Interface]) <switch.s_26_trough_3>
2026-08-11 20:09:17,520 : INFO : SwitchController : Found active switch: (54, [FAST Platform Interface]) <switch.s_38_star_rollover_bottom>
2026-08-11 20:09:17,520 : INFO : SwitchController : Found active switch: (60, [FAST Platform Interface]) <switch.s_44_spinner_right>
2026-08-11 20:09:17,520 : INFO : SwitchController : Found active switch: (39, [FAST Platform Interface]) <switch.s_71_spinner_left>
2026-08-11 20:09:17,560 : INFO : EventManager : Event: ======'bcp_connection_attempt'====== Args={'name': 'local_display', 'host': 'localhost', 'port': 5050}
2026-08-11 20:09:17,562 : INFO : BCPClientSocket : Connecting BCP to 'local_display' at localhost:5050...
2026-08-11 20:09:22,249 : INFO : BCPClientSocket : Connected BCP to 'local_display' localhost:5050
2026-08-11 20:09:22,250 : INFO : EventManager : Event: ======'bcp_clients_connected'====== Args={}
2026-08-11 20:09:22,390 : INFO : ball_device.bd_plunger : BCH: Initial count: 0
2026-08-11 20:09:22,390 : INFO : ball_device.bd_plunger : State: idle
2026-08-11 20:09:22,391 : INFO : ball_device.bd_trough : BCH: Initial count: 3
2026-08-11 20:09:22,391 : INFO : ball_device.bd_trough : State: idle
2026-08-11 20:09:22,392 : INFO : ball_device.bd_left_vuk : BCH: Initial count: 0
2026-08-11 20:09:22,393 : INFO : ball_device.bd_left_vuk : State: idle
2026-08-11 20:09:22,394 : INFO : ball_device.bd_right_vuk : BCH: Initial count: 0
2026-08-11 20:09:22,394 : INFO : ball_device.bd_right_vuk : State: idle
2026-08-11 20:09:22,407 : INFO : EventManager : Event: ======'init_phase_3'====== Args={}
2026-08-11 20:10:52,062 : INFO : EventManager : Event: ======'init_phase_4'====== Args={}
2026-08-11 20:10:52,112 : INFO : BallController : Initial balls found: 3
2026-08-11 20:10:52,143 : INFO : EventManager : Event: ======'machine_var_audits_events_game_ended'====== Args={'value': 184, 'prev_value': None, 'change': True}
2026-08-11 20:10:52,143 : INFO : EventManager : Event: ======'machine_var_audits_events_game_started'====== Args={'value': 230, 'prev_value': None, 'change': True}
2026-08-11 20:10:52,143 : INFO : EventManager : Event: ======'machine_var_audits_missing_switches_s_00_service_esc'====== Args={'value': 230, 'prev_value': None, 'change': True}
2026-08-11 20:10:52,143 : INFO : EventManager : Event: ======'machine_var_audits_missing_switches_s_01_service_up'====== Args={'value': 230, 'prev_value': None, 'change': True}
2026-08-11 20:10:52,143 : INFO : EventManager : Event: ======'machine_var_audits_missing_switches_s_02_service_down'====== Args={'value': 230, 'prev_value': None, 'change': True}
2026-08-11 20:10:52,143 : INFO : EventManager : Event: ======'machine_var_audits_missing_switches_s_03_service_enter'====== Args={'value': 230, 'prev_value': None, 'change': True}
2026-08-11 20:10:52,143 : INFO : EventManager : Event: ======'machine_var_audits_missing_switches_s_11_start_button'====== Args={'value': 1, 'prev_value': None, 'change': True}
2026-08-11 20:10:52,143 : INFO : EventManager : Event: ======'machine_var_audits_missing_switches_s_19_cab_arrow_left'====== Args={'value': 23, 'prev_value': None, 'change': True}
2026-08-11 20:10:52,143 : INFO : EventManager : Event: ======'machine_var_audits_missing_switches_s_20_cab_arrow_right'====== Args={'value': 23, 'prev_value': None, 'change': True}
2026-08-11 20:10:52,143 : INFO : EventManager : Event: ======'machine_var_audits_missing_switches_s_32_right_inlane'====== Args={'value': 1, 'prev_value': None, 'change': True}
2026-08-11 20:10:52,143 : INFO : EventManager : Event: ======'machine_var_audits_missing_switches_s_33_right_outlane'====== Args={'value': 19, 'prev_value': None, 'change': True}
2026-08-11 20:10:52,144 : INFO : EventManager : Event: ======'machine_var_audits_missing_switches_s_35_left_inlane'====== Args={'value': 17, 'prev_value': None, 'change': True}
2026-08-11 20:10:52,144 : INFO : EventManager : Event: ======'machine_var_audits_missing_switches_s_36_left_outlane'====== Args={'value': 2, 'prev_value': None, 'change': True}
2026-08-11 20:10:52,144 : INFO : EventManager : Event: ======'machine_var_audits_missing_switches_s_38_star_rollover_bottom'====== Args={'value': 230, 'prev_value': None, 'change': True}
2026-08-11 20:10:52,144 : INFO : EventManager : Event: ======'machine_var_audits_missing_switches_s_39_star_rollover_top'====== Args={'value': 230, 'prev_value': None, 'change': True}
2026-08-11 20:10:52,144 : INFO : EventManager : Event: ======'machine_var_audits_missing_switches_s_40_stand_up_target_5'====== Args={'value': 2, 'prev_value': None, 'change': True}
2026-08-11 20:10:52,144 : INFO : EventManager : Event: ======'machine_var_audits_missing_switches_s_42_stand_up_target_1'====== Args={'value': 2, 'prev_value': None, 'change': True}
2026-08-11 20:10:52,144 : INFO : EventManager : Event: ======'machine_var_audits_missing_switches_s_43_stand_up_target_4'====== Args={'value': 4, 'prev_value': None, 'change': True}
2026-08-11 20:10:52,144 : INFO : EventManager : Event: ======'machine_var_audits_missing_switches_s_70_varitarget_position_7'====== Args={'value': 5, 'prev_value': None, 'change': True}
2026-08-11 20:10:52,144 : INFO : EventManager : Event: ======'machine_var_audits_missing_switches_s_80_stand_up_target_2'====== Args={'value': 1, 'prev_value': None, 'change': True}
2026-08-11 20:10:52,144 : INFO : EventManager : Event: ======'machine_var_audits_missing_switches_s_82_stand_up_target_bank_1'====== Args={'value': 16, 'prev_value': None, 'change': True}
2026-08-11 20:10:52,144 : INFO : EventManager : Event: ======'machine_var_audits_missing_switches_s_83_stand_up_target_bank_2'====== Args={'value': 4, 'prev_value': None, 'change': True}
2026-08-11 20:10:52,144 : INFO : EventManager : Event: ======'machine_var_audits_missing_switches_s_84_stand_up_target_bank_3'====== Args={'value': 19, 'prev_value': None, 'change': True}
2026-08-11 20:10:52,144 : INFO : EventManager : Event: ======'machine_var_audits_missing_switches_s_85_stand_up_target_bank_4'====== Args={'value': 5, 'prev_value': None, 'change': True}
2026-08-11 20:10:52,144 : INFO : EventManager : Event: ======'machine_var_audits_missing_switches_s_86_stand_up_target_bank_5'====== Args={'value': 3, 'prev_value': None, 'change': True}
2026-08-11 20:10:52,145 : INFO : EventManager : Event: ======'machine_var_audits_missing_switches_s_87_stand_up_target_bank_6'====== Args={'value': 4, 'prev_value': None, 'change': True}
2026-08-11 20:10:52,145 : INFO : EventManager : Event: ======'machine_var_audits_player_score'====== Args={'value': {'average': 6381219, 'top': [88603150, 76121812, 41009082, 40615668, 24862509, 20582688, 20168509, 18733570, 17644578, 17632184], 'total': 184}, 'prev_value': None, 'change': True}
2026-08-11 20:10:52,145 : INFO : EventManager : Event: ======'machine_var_audits_shots_resistance_qualify_target_5'====== Args={'value': 34, 'prev_value': None, 'change': True}
2026-08-11 20:10:52,145 : INFO : EventManager : Event: ======'machine_var_audits_shots_resistance_qualify_target_6'====== Args={'value': 30, 'prev_value': None, 'change': True}
2026-08-11 20:10:52,145 : INFO : EventManager : Event: ======'machine_var_audits_shots_resistance_saucer_stage_5'====== Args={'value': 1, 'prev_value': None, 'change': True}
2026-08-11 20:10:52,145 : INFO : EventManager : Event: ======'machine_var_audits_shots_resistance_single_drop_stage_5'====== Args={'value': 1, 'prev_value': None, 'change': True}
2026-08-11 20:10:52,145 : INFO : EventManager : Event: ======'machine_var_audits_shots_resistance_top_lane_stage_2'====== Args={'value': 19, 'prev_value': None, 'change': True}
2026-08-11 20:10:52,145 : INFO : EventManager : Event: ======'machine_var_audits_shots_resistance_top_lane_stage_3'====== Args={'value': 11, 'prev_value': None, 'change': True}
2026-08-11 20:10:52,145 : INFO : EventManager : Event: ======'machine_var_audits_shots_resistance_top_lane_stage_4'====== Args={'value': 5, 'prev_value': None, 'change': True}
2026-08-11 20:10:52,145 : INFO : EventManager : Event: ======'machine_var_audits_shots_shot_dt_1'====== Args={'value': 344, 'prev_value': None, 'change': True}
2026-08-11 20:10:52,145 : INFO : EventManager : Event: ======'machine_var_audits_shots_shot_dt_2'====== Args={'value': 373, 'prev_value': None, 'change': True}
2026-08-11 20:10:52,145 : INFO : EventManager : Event: ======'machine_var_audits_shots_shot_dt_3'====== Args={'value': 368, 'prev_value': None, 'change': True}
2026-08-11 20:10:52,145 : INFO : EventManager : Event: ======'machine_var_audits_shots_shot_dt_4'====== Args={'value': 329, 'prev_value': None, 'change': True}
2026-08-11 20:10:52,145 : INFO : EventManager : Event: ======'machine_var_audits_shots_shot_dt_5'====== Args={'value': 352, 'prev_value': None, 'change': True}
2026-08-11 20:10:52,146 : INFO : EventManager : Event: ======'machine_var_audits_shots_shot_dt_6'====== Args={'value': 338, 'prev_value': None, 'change': True}
2026-08-11 20:10:52,146 : INFO : EventManager : Event: ======'machine_var_audits_shots_shot_dt_7'====== Args={'value': 339, 'prev_value': None, 'change': True}
2026-08-11 20:10:52,146 : INFO : EventManager : Event: ======'machine_var_audits_shots_shot_impossible'====== Args={'value': 159, 'prev_value': None, 'change': True}
2026-08-11 20:10:52,146 : INFO : EventManager : Event: ======'machine_var_audits_shots_shot_slingshot_l'====== Args={'value': 390, 'prev_value': None, 'change': True}
2026-08-11 20:10:52,146 : INFO : EventManager : Event: ======'machine_var_audits_shots_shot_slingshot_r'====== Args={'value': 580, 'prev_value': None, 'change': True}
2026-08-11 20:10:52,146 : INFO : EventManager : Event: ======'machine_var_audits_shots_shot_sut_1'====== Args={'value': 170, 'prev_value': None, 'change': True}
2026-08-11 20:10:52,146 : INFO : EventManager : Event: ======'machine_var_audits_shots_shot_sut_2'====== Args={'value': 424, 'prev_value': None, 'change': True}
2026-08-11 20:10:52,146 : INFO : EventManager : Event: ======'machine_var_audits_shots_shot_sut_3'====== Args={'value': 241, 'prev_value': None, 'change': True}
2026-08-11 20:10:52,146 : INFO : EventManager : Event: ======'machine_var_audits_shots_shot_sut_4'====== Args={'value': 256, 'prev_value': None, 'change': True}
2026-08-11 20:10:52,146 : INFO : EventManager : Event: ======'machine_var_audits_shots_shot_sut_5'====== Args={'value': 402, 'prev_value': None, 'change': True}
2026-08-11 20:10:52,146 : INFO : EventManager : Event: ======'machine_var_audits_shots_shot_sut_6'====== Args={'value': 205, 'prev_value': None, 'change': True}
2026-08-11 20:10:52,146 : INFO : EventManager : Event: ======'machine_var_audits_shots_shot_sut_blue'====== Args={'value': 826, 'prev_value': None, 'change': True}
2026-08-11 20:10:52,146 : INFO : EventManager : Event: ======'machine_var_audits_shots_shot_sut_green'====== Args={'value': 375, 'prev_value': None, 'change': True}
2026-08-11 20:10:52,146 : INFO : EventManager : Event: ======'machine_var_audits_shots_shot_sut_red'====== Args={'value': 497, 'prev_value': None, 'change': True}
2026-08-11 20:10:52,146 : INFO : EventManager : Event: ======'machine_var_audits_shots_spinner_left'====== Args={'value': 1474, 'prev_value': None, 'change': True}
2026-08-11 20:10:52,147 : INFO : EventManager : Event: ======'machine_var_audits_shots_spinner_right'====== Args={'value': 1284, 'prev_value': None, 'change': True}
2026-08-11 20:10:52,147 : INFO : EventManager : Event: ======'machine_var_audits_shots_varitarget_p1'====== Args={'value': 11136, 'prev_value': None, 'change': True}
2026-08-11 20:10:52,147 : INFO : EventManager : Event: ======'machine_var_audits_shots_varitarget_p2'====== Args={'value': 413, 'prev_value': None, 'change': True}
2026-08-11 20:10:52,147 : INFO : EventManager : Event: ======'machine_var_audits_shots_varitarget_p3'====== Args={'value': 362, 'prev_value': None, 'change': True}
2026-08-11 20:10:52,147 : INFO : EventManager : Event: ======'machine_var_audits_shots_varitarget_p4'====== Args={'value': 128, 'prev_value': None, 'change': True}
2026-08-11 20:10:52,147 : INFO : EventManager : Event: ======'machine_var_audits_shots_varitarget_p5'====== Args={'value': 237, 'prev_value': None, 'change': True}
2026-08-11 20:10:52,147 : INFO : EventManager : Event: ======'machine_var_audits_shots_varitarget_p6'====== Args={'value': 408, 'prev_value': None, 'change': True}
2026-08-11 20:10:52,147 : INFO : EventManager : Event: ======'machine_var_audits_shots_varitarget_p7'====== Args={'value': 264, 'prev_value': None, 'change': True}
2026-08-11 20:10:52,147 : INFO : EventManager : Event: ======'machine_var_audits_switches_s_00_service_esc'====== Args={'value': 0, 'prev_value': None, 'change': True}
2026-08-11 20:10:52,147 : INFO : EventManager : Event: ======'machine_var_audits_switches_s_01_service_up'====== Args={'value': 0, 'prev_value': None, 'change': True}
2026-08-11 20:10:52,147 : INFO : EventManager : Event: ======'machine_var_audits_switches_s_02_service_down'====== Args={'value': 0, 'prev_value': None, 'change': True}
2026-08-11 20:10:52,147 : INFO : EventManager : Event: ======'machine_var_audits_switches_s_03_service_enter'====== Args={'value': 0, 'prev_value': None, 'change': True}
2026-08-11 20:10:52,147 : INFO : EventManager : Event: ======'machine_var_audits_switches_s_08_left_flipper'====== Args={'value': 5608, 'prev_value': None, 'change': True}
2026-08-11 20:10:52,148 : INFO : EventManager : Event: ======'machine_var_audits_switches_s_11_start_button'====== Args={'value': 475, 'prev_value': None, 'change': True}
2026-08-11 20:10:52,148 : INFO : EventManager : Event: ======'machine_var_audits_switches_s_16_right_flipper'====== Args={'value': 9914, 'prev_value': None, 'change': True}
2026-08-11 20:10:52,148 : INFO : EventManager : Event: ======'machine_var_audits_switches_s_17_right_flipper_upper'====== Args={'value': 7051, 'prev_value': None, 'change': True}
2026-08-11 20:10:52,148 : INFO : EventManager : Event: ======'machine_var_audits_switches_s_19_cab_arrow_left'====== Args={'value': 63, 'prev_value': None, 'change': True}
2026-08-11 20:10:52,148 : INFO : EventManager : Event: ======'machine_var_audits_switches_s_20_cab_arrow_right'====== Args={'value': 54, 'prev_value': None, 'change': True}
2026-08-11 20:10:52,149 : INFO : EventManager : Event: ======'machine_var_audits_switches_s_24_trough_1'====== Args={'value': 2261, 'prev_value': None, 'change': True}
2026-08-11 20:10:52,149 : INFO : EventManager : Event: ======'machine_var_audits_switches_s_25_trough_2'====== Args={'value': 2224, 'prev_value': None, 'change': True}
2026-08-11 20:10:52,149 : INFO : EventManager : Event: ======'machine_var_audits_switches_s_26_trough_3'====== Args={'value': 1924, 'prev_value': None, 'change': True}
2026-08-11 20:10:52,149 : INFO : EventManager : Event: ======'machine_var_audits_switches_s_27_trough_4'====== Args={'value': 1503, 'prev_value': None, 'change': True}
2026-08-11 20:10:52,149 : INFO : EventManager : Event: ======'machine_var_audits_switches_s_28_trough_5'====== Args={'value': 1293, 'prev_value': None, 'change': True}
2026-08-11 20:10:52,149 : INFO : EventManager : Event: ======'machine_var_audits_switches_s_29_trough_6'====== Args={'value': 1400, 'prev_value': None, 'change': True}
2026-08-11 20:10:52,149 : INFO : EventManager : Event: ======'machine_var_audits_switches_s_30_trough_jam'====== Args={'value': 2261, 'prev_value': None, 'change': True}
2026-08-11 20:10:52,149 : INFO : EventManager : Event: ======'machine_var_audits_switches_s_31_plunger_lane'====== Args={'value': 2094, 'prev_value': None, 'change': True}
2026-08-11 20:10:52,149 : INFO : EventManager : Event: ======'machine_var_audits_switches_s_32_right_inlane'====== Args={'value': 239, 'prev_value': None, 'change': True}
2026-08-11 20:10:52,149 : INFO : EventManager : Event: ======'machine_var_audits_switches_s_33_right_outlane'====== Args={'value': 31, 'prev_value': None, 'change': True}
2026-08-11 20:10:52,149 : INFO : EventManager : Event: ======'machine_var_audits_switches_s_34_right_sling'====== Args={'value': 580, 'prev_value': None, 'change': True}
2026-08-11 20:10:52,150 : INFO : EventManager : Event: ======'machine_var_audits_switches_s_35_left_inlane'====== Args={'value': 252, 'prev_value': None, 'change': True}
2026-08-11 20:10:52,150 : INFO : EventManager : Event: ======'machine_var_audits_switches_s_36_left_outlane'====== Args={'value': 105, 'prev_value': None, 'change': True}
2026-08-11 20:10:52,150 : INFO : EventManager : Event: ======'machine_var_audits_switches_s_37_left_sling'====== Args={'value': 390, 'prev_value': None, 'change': True}
2026-08-11 20:10:52,150 : INFO : EventManager : Event: ======'machine_var_audits_switches_s_38_star_rollover_bottom'====== Args={'value': 0, 'prev_value': None, 'change': True}
2026-08-11 20:10:52,150 : INFO : EventManager : Event: ======'machine_var_audits_switches_s_39_star_rollover_top'====== Args={'value': 0, 'prev_value': None, 'change': True}
2026-08-11 20:10:52,150 : INFO : EventManager : Event: ======'machine_var_audits_switches_s_40_stand_up_target_5'====== Args={'value': 409, 'prev_value': None, 'change': True}
2026-08-11 20:10:52,150 : INFO : EventManager : Event: ======'machine_var_audits_switches_s_41_stand_up_target_6'====== Args={'value': 2498, 'prev_value': None, 'change': True}
2026-08-11 20:10:52,150 : INFO : EventManager : Event: ======'machine_var_audits_switches_s_42_stand_up_target_1'====== Args={'value': 159, 'prev_value': None, 'change': True}
2026-08-11 20:10:52,150 : INFO : EventManager : Event: ======'machine_var_audits_switches_s_43_stand_up_target_4'====== Args={'value': 371, 'prev_value': None, 'change': True}
2026-08-11 20:10:52,150 : INFO : EventManager : Event: ======'machine_var_audits_switches_s_44_spinner_right'====== Args={'value': 1285, 'prev_value': None, 'change': True}
2026-08-11 20:10:52,150 : INFO : EventManager : Event: ======'machine_var_audits_switches_s_56_pop_bumper_right'====== Args={'value': 836, 'prev_value': None, 'change': True}
2026-08-11 20:10:52,151 : INFO : EventManager : Event: ======'machine_var_audits_switches_s_57_pop_bumper_center'====== Args={'value': 1867, 'prev_value': None, 'change': True}
2026-08-11 20:10:52,151 : INFO : EventManager : Event: ======'machine_var_audits_switches_s_58_pop_bumper_left'====== Args={'value': 2714, 'prev_value': None, 'change': True}
2026-08-11 20:10:52,151 : INFO : EventManager : Event: ======'machine_var_audits_switches_s_59_saucer_right'====== Args={'value': 142, 'prev_value': None, 'change': True}
2026-08-11 20:10:52,151 : INFO : EventManager : Event: ======'machine_var_audits_switches_s_60_top_lane_c'====== Args={'value': 825, 'prev_value': None, 'change': True}
2026-08-11 20:10:52,151 : INFO : EventManager : Event: ======'machine_var_audits_switches_s_61_top_lane_b'====== Args={'value': 762, 'prev_value': None, 'change': True}
2026-08-11 20:10:52,151 : INFO : EventManager : Event: ======'machine_var_audits_switches_s_62_top_lane_a'====== Args={'value': 240, 'prev_value': None, 'change': True}
2026-08-11 20:10:52,151 : INFO : EventManager : Event: ======'machine_var_audits_switches_s_63_stand_up_target_3'====== Args={'value': 318, 'prev_value': None, 'change': True}
2026-08-11 20:10:52,151 : INFO : EventManager : Event: ======'machine_var_audits_switches_s_64_varitarget_position_1'====== Args={'value': 11144, 'prev_value': None, 'change': True}
2026-08-11 20:10:52,151 : INFO : EventManager : Event: ======'machine_var_audits_switches_s_65_varitarget_position_2'====== Args={'value': 414, 'prev_value': None, 'change': True}
2026-08-11 20:10:52,151 : INFO : EventManager : Event: ======'machine_var_audits_switches_s_66_varitarget_position_3'====== Args={'value': 362, 'prev_value': None, 'change': True}
2026-08-11 20:10:52,151 : INFO : EventManager : Event: ======'machine_var_audits_switches_s_67_varitarget_position_4'====== Args={'value': 128, 'prev_value': None, 'change': True}
2026-08-11 20:10:52,151 : INFO : EventManager : Event: ======'machine_var_audits_switches_s_68_varitarget_position_5'====== Args={'value': 237, 'prev_value': None, 'change': True}
2026-08-11 20:10:52,152 : INFO : EventManager : Event: ======'machine_var_audits_switches_s_69_varitarget_position_6'====== Args={'value': 408, 'prev_value': None, 'change': True}
2026-08-11 20:10:52,152 : INFO : EventManager : Event: ======'machine_var_audits_switches_s_70_varitarget_position_7'====== Args={'value': 264, 'prev_value': None, 'change': True}
2026-08-11 20:10:52,152 : INFO : EventManager : Event: ======'machine_var_audits_switches_s_71_spinner_left'====== Args={'value': 1476, 'prev_value': None, 'change': True}
2026-08-11 20:10:52,152 : INFO : EventManager : Event: ======'machine_var_audits_switches_s_72_single_drop_1'====== Args={'value': 284, 'prev_value': None, 'change': True}
2026-08-11 20:10:52,152 : INFO : EventManager : Event: ======'machine_var_audits_switches_s_73_fourbank_drop_1'====== Args={'value': 359, 'prev_value': None, 'change': True}
2026-08-11 20:10:52,152 : INFO : EventManager : Event: ======'machine_var_audits_switches_s_74_fourbank_drop_2'====== Args={'value': 378, 'prev_value': None, 'change': True}
2026-08-11 20:10:52,152 : INFO : EventManager : Event: ======'machine_var_audits_switches_s_75_fourbank_drop_3'====== Args={'value': 377, 'prev_value': None, 'change': True}
2026-08-11 20:10:52,153 : INFO : EventManager : Event: ======'machine_var_audits_switches_s_76_fourbank_drop_4'====== Args={'value': 346, 'prev_value': None, 'change': True}
2026-08-11 20:10:52,153 : INFO : EventManager : Event: ======'machine_var_audits_switches_s_77_threebank_drop_1'====== Args={'value': 627, 'prev_value': None, 'change': True}
2026-08-11 20:10:52,153 : INFO : EventManager : Event: ======'machine_var_audits_switches_s_78_threebank_drop_2'====== Args={'value': 354, 'prev_value': None, 'change': True}
2026-08-11 20:10:52,153 : INFO : EventManager : Event: ======'machine_var_audits_switches_s_79_threebank_drop_3'====== Args={'value': 346, 'prev_value': None, 'change': True}
2026-08-11 20:10:52,153 : INFO : EventManager : Event: ======'machine_var_audits_switches_s_80_stand_up_target_2'====== Args={'value': 49, 'prev_value': None, 'change': True}
2026-08-11 20:10:52,153 : INFO : EventManager : Event: ======'machine_var_audits_switches_s_81_saucer_left'====== Args={'value': 233, 'prev_value': None, 'change': True}
2026-08-11 20:10:52,153 : INFO : EventManager : Event: ======'machine_var_audits_switches_s_82_stand_up_target_bank_1'====== Args={'value': 170, 'prev_value': None, 'change': True}
2026-08-11 20:10:52,153 : INFO : EventManager : Event: ======'machine_var_audits_switches_s_83_stand_up_target_bank_2'====== Args={'value': 424, 'prev_value': None, 'change': True}
2026-08-11 20:10:52,153 : INFO : EventManager : Event: ======'machine_var_audits_switches_s_84_stand_up_target_bank_3'====== Args={'value': 241, 'prev_value': None, 'change': True}
2026-08-11 20:10:52,153 : INFO : EventManager : Event: ======'machine_var_audits_switches_s_85_stand_up_target_bank_4'====== Args={'value': 256, 'prev_value': None, 'change': True}
2026-08-11 20:10:52,153 : INFO : EventManager : Event: ======'machine_var_audits_switches_s_86_stand_up_target_bank_5'====== Args={'value': 402, 'prev_value': None, 'change': True}
2026-08-11 20:10:52,153 : INFO : EventManager : Event: ======'machine_var_audits_switches_s_87_stand_up_target_bank_6'====== Args={'value': 205, 'prev_value': None, 'change': True}
2026-08-11 20:10:52,162 : INFO : EventManager : Event: ======'init_phase_5'====== Args={}
2026-08-11 20:10:52,170 : INFO : EventManager : Event: ======'init_done'====== Args={}
2026-08-11 20:10:52,176 : INFO : EventManager : Event: ======'machine_reset_phase_1'====== Args={}
2026-08-11 20:10:52,210 : INFO : EventManager : Event: ======'machine_reset_phase_2'====== Args={}
2026-08-11 20:10:52,217 : INFO : EventManager : Event: ======'machine_reset_phase_3'====== Args={}
2026-08-11 20:10:52,222 : INFO : drop_target_bank.dt_bank_1_4 : All targets are already up. Will not reset bank.
2026-08-11 20:10:52,222 : INFO : drop_target_bank.dt_bank_5_7 : All targets are already up. Will not reset bank.
2026-08-11 20:10:52,225 : INFO : EventManager : Event: ======'reset_complete'====== Args={}
2026-08-11 20:10:52,229 : INFO : EventManager : Event: ======'mode_attract_will_start'====== Args={}
2026-08-11 20:10:52,229 : INFO : Timer.attract_carousel_timer : Starting Timer.
2026-08-11 20:10:52,229 : INFO : EventManager : Event: ======'timer_attract_carousel_timer_started'====== Args={'ticks': 0, 'ticks_remaining': 1}
2026-08-11 20:10:52,229 : INFO : EventManager : Event: ======'timer_attract_carousel_timer_tick'====== Args={'ticks': 0, 'ticks_remaining': 1}
2026-08-11 20:10:52,232 : INFO : EventManager : Event: ======'mode_attract_starting'====== Args={}
2026-08-11 20:10:52,232 : INFO : Mode.attract : Started. Priority: 10
2026-08-11 20:10:52,232 : INFO : EventManager : Event: ======'modes_active_modes_changed'====== Args={}
2026-08-11 20:10:52,232 : INFO : EventManager : Event: ======'mode_attract_started'====== Args={}
2026-08-11 20:10:52,232 : INFO : EventManager : Event: ======'start_mode_attract_scores'====== Args={'priority': 0}
2026-08-11 20:10:52,232 : INFO : EventManager : Event: ======'start_mode_attract_credits'====== Args={'priority': 0}
2026-08-11 20:10:52,233 : INFO : EventManager : Event: ======'attract_backglass_cycle_start'====== Args={'priority': 0}
2026-08-11 20:10:52,233 : INFO : EventManager : Event: ======'attract_playfield_lightshow'====== Args={'priority': 0}
2026-08-11 20:10:52,234 : INFO : EventManager : Event: ======'mode_attract_scores_will_start'====== Args={'priority': 0}
2026-08-11 20:10:52,234 : INFO : Timer.attract_scores_carousel_timer : Starting Timer.
2026-08-11 20:10:52,234 : INFO : EventManager : Event: ======'timer_attract_scores_carousel_timer_started'====== Args={'ticks': 0, 'ticks_remaining': 1}
2026-08-11 20:10:52,234 : INFO : EventManager : Event: ======'timer_attract_scores_carousel_timer_tick'====== Args={'ticks': 0, 'ticks_remaining': 1}
2026-08-11 20:10:52,235 : INFO : EventManager : Event: ======'mode_attract_scores_starting'====== Args={'priority': 0}
2026-08-11 20:10:52,235 : INFO : EventManager : Event: ======'mode_attract_credits_will_start'====== Args={'priority': 0}
2026-08-11 20:10:52,235 : INFO : Timer.attract_credits_carousel_timer : Starting Timer.
2026-08-11 20:10:52,235 : INFO : EventManager : Event: ======'timer_attract_credits_carousel_timer_started'====== Args={'ticks': 0, 'ticks_remaining': 1}
2026-08-11 20:10:52,235 : INFO : EventManager : Event: ======'timer_attract_credits_carousel_timer_tick'====== Args={'ticks': 0, 'ticks_remaining': 1}
2026-08-11 20:10:52,235 : INFO : EventManager : Event: ======'mode_attract_credits_starting'====== Args={'priority': 0}
2026-08-11 20:10:52,237 : INFO : Mode.attract_credits : Started. Priority: 8
2026-08-11 20:10:52,237 : INFO : EventManager : Event: ======'modes_active_modes_changed'====== Args={}
2026-08-11 20:10:52,237 : INFO : EventManager : Event: ======'mode_attract_credits_started'====== Args={'priority': 0}
2026-08-11 20:10:52,238 : INFO : EventManager : Event: ======'carousel_item_highlighted'====== Args={'carousel': 'attract_credits', 'direction': None, 'item': 'credits_sfx'}
2026-08-11 20:10:52,238 : INFO : Mode.attract_scores : Started. Priority: 9
2026-08-11 20:10:52,238 : INFO : EventManager : Event: ======'modes_active_modes_changed'====== Args={}
2026-08-11 20:10:52,238 : INFO : EventManager : Event: ======'mode_attract_scores_started'====== Args={'priority': 0}
2026-08-11 20:10:52,238 : INFO : EventManager : Event: ======'carousel_item_highlighted'====== Args={'carousel': 'attract_scores', 'direction': None, 'item': 'last_game_score'}
2026-08-11 20:10:52,238 : INFO : EventManager : Event: ======'collecting_balls_complete'====== Args={}
2026-08-11 20:10:52,239 : INFO : EventManager : Event: ======'carousel_item_highlighted'====== Args={'carousel': 'attract', 'direction': None, 'item': 'title'}
2026-08-11 20:10:52,261 : INFO : Machine : Starting the main run loop with active modes: [<Mode.attract>, <Mode.attract_scores>, <Mode.attract_credits>]
2026-08-11 20:10:52,302 : INFO : BcpServer : New client connected.
2026-08-11 20:10:52,573 : INFO : EventManager : Event: ======'slide_attract_created'====== Args={'_from_bcp': True}
2026-08-11 20:10:52,573 : INFO : EventManager : Event: ======'slide__removed'====== Args={'_from_bcp': True}
2026-08-11 20:10:52,575 : INFO : EventManager : Event: ======'slide_attract_active'====== Args={'original_context': 'attract', 'original_calling_context': 'mode_attract_started', 'priority': 10.0, 'cmd': 'slides_play', '_from_bcp': True}
2026-08-11 20:10:57,224 : INFO : Timer.attract_scores_carousel_timer : Timer Complete
2026-08-11 20:10:57,224 : INFO : Timer.attract_scores_carousel_timer : Stopping Timer
2026-08-11 20:10:57,224 : INFO : EventManager : Event: ======'timer_attract_scores_carousel_timer_stopped'====== Args={'ticks': 1, 'ticks_remaining': 1}
2026-08-11 20:10:57,224 : INFO : EventManager : Event: ======'timer_attract_scores_carousel_timer_complete'====== Args={'ticks': 1, 'ticks_remaining': 1}
2026-08-11 20:10:57,225 : INFO : Timer.attract_carousel_timer : Timer Complete
2026-08-11 20:10:57,225 : INFO : Timer.attract_carousel_timer : Stopping Timer
2026-08-11 20:10:57,225 : INFO : EventManager : Event: ======'timer_attract_carousel_timer_stopped'====== Args={'ticks': 1, 'ticks_remaining': 1}
2026-08-11 20:10:57,225 : INFO : EventManager : Event: ======'timer_attract_carousel_timer_complete'====== Args={'ticks': 1, 'ticks_remaining': 1}
2026-08-11 20:10:57,225 : INFO : Timer.attract_credits_carousel_timer : Timer Complete
2026-08-11 20:10:57,225 : INFO : Timer.attract_credits_carousel_timer : Stopping Timer
2026-08-11 20:10:57,225 : INFO : EventManager : Event: ======'timer_attract_credits_carousel_timer_stopped'====== Args={'ticks': 1, 'ticks_remaining': 1}
2026-08-11 20:10:57,226 : INFO : EventManager : Event: ======'timer_attract_credits_carousel_timer_complete'====== Args={'ticks': 1, 'ticks_remaining': 1}
2026-08-11 20:10:57,230 : INFO : EventManager : Event: ======'carousel_item_highlighted'====== Args={'carousel': 'attract_scores', 'direction': 'forwards', 'item': 'grand_champion'}
2026-08-11 20:10:57,230 : INFO : EventManager : Event: ======'carousel_item_highlighted'====== Args={'carousel': 'attract', 'direction': 'forwards', 'item': 'title2'}
2026-08-11 20:10:57,230 : INFO : Timer.attract_carousel_timer : Starting Timer.
2026-08-11 20:10:57,230 : INFO : EventManager : Event: ======'timer_attract_carousel_timer_started'====== Args={'ticks': 0, 'ticks_remaining': 1}
2026-08-11 20:10:57,230 : INFO : EventManager : Event: ======'timer_attract_carousel_timer_tick'====== Args={'ticks': 0, 'ticks_remaining': 1}
2026-08-11 20:10:57,231 : INFO : EventManager : Event: ======'carousel_item_highlighted'====== Args={'carousel': 'attract_credits', 'direction': 'forwards', 'item': 'credits_mpf'}
2026-08-11 20:11:00,484 : INFO : EventManager : Event: ======'attract_backglass_helicopter_rotor'====== Args={}
2026-08-11 20:11:02,236 : INFO : Timer.attract_carousel_timer : Timer Complete
2026-08-11 20:11:02,237 : INFO : Timer.attract_carousel_timer : Stopping Timer
2026-08-11 20:11:02,237 : INFO : EventManager : Event: ======'timer_attract_carousel_timer_stopped'====== Args={'ticks': 1, 'ticks_remaining': 1}
2026-08-11 20:11:02,237 : INFO : EventManager : Event: ======'timer_attract_carousel_timer_complete'====== Args={'ticks': 1, 'ticks_remaining': 1}
2026-08-11 20:11:02,240 : INFO : EventManager : Event: ======'carousel_item_highlighted'====== Args={'carousel': 'attract', 'direction': 'forwards', 'item': 'title'}
2026-08-11 20:11:02,241 : INFO : Timer.attract_carousel_timer : Starting Timer.
2026-08-11 20:11:02,241 : INFO : EventManager : Event: ======'timer_attract_carousel_timer_started'====== Args={'ticks': 0, 'ticks_remaining': 1}
2026-08-11 20:11:02,241 : INFO : EventManager : Event: ======'timer_attract_carousel_timer_tick'====== Args={'ticks': 0, 'ticks_remaining': 1}
2026-08-11 20:11:03,918 : INFO : EventManager : Event: ======'attract_step_3'====== Args={}
2026-08-11 20:11:06,271 : INFO : EventManager : Event: ======'attract_backglass_small_searchlight'====== Args={}
2026-08-11 20:11:07,243 : INFO : Timer.attract_carousel_timer : Timer Complete
2026-08-11 20:11:07,243 : INFO : Timer.attract_carousel_timer : Stopping Timer
2026-08-11 20:11:07,243 : INFO : EventManager : Event: ======'timer_attract_carousel_timer_stopped'====== Args={'ticks': 1, 'ticks_remaining': 1}
2026-08-11 20:11:07,243 : INFO : EventManager : Event: ======'timer_attract_carousel_timer_complete'====== Args={'ticks': 1, 'ticks_remaining': 1}
2026-08-11 20:11:07,245 : INFO : EventManager : Event: ======'carousel_item_highlighted'====== Args={'carousel': 'attract', 'direction': 'forwards', 'item': 'title2'}
2026-08-11 20:11:07,246 : INFO : Timer.attract_carousel_timer : Starting Timer.
2026-08-11 20:11:07,246 : INFO : EventManager : Event: ======'timer_attract_carousel_timer_started'====== Args={'ticks': 0, 'ticks_remaining': 1}
2026-08-11 20:11:07,246 : INFO : EventManager : Event: ======'timer_attract_carousel_timer_tick'====== Args={'ticks': 0, 'ticks_remaining': 1}
2026-08-11 20:11:10,868 : INFO : EventManager : Event: ======'attract_backglass_left_searchlight'====== Args={}
2026-08-11 20:11:11,714 : INFO : EventManager : Event: ======'attract_step_4'====== Args={}
2026-08-11 20:11:12,243 : INFO : Timer.attract_carousel_timer : Timer Complete
2026-08-11 20:11:12,244 : INFO : Timer.attract_carousel_timer : Stopping Timer
2026-08-11 20:11:12,244 : INFO : EventManager : Event: ======'timer_attract_carousel_timer_stopped'====== Args={'ticks': 1, 'ticks_remaining': 1}
2026-08-11 20:11:12,244 : INFO : EventManager : Event: ======'timer_attract_carousel_timer_complete'====== Args={'ticks': 1, 'ticks_remaining': 1}
2026-08-11 20:11:12,245 : INFO : EventManager : Event: ======'carousel_item_highlighted'====== Args={'carousel': 'attract', 'direction': 'forwards', 'item': 'title'}
2026-08-11 20:11:12,246 : INFO : Timer.attract_carousel_timer : Starting Timer.
2026-08-11 20:11:12,246 : INFO : EventManager : Event: ======'timer_attract_carousel_timer_started'====== Args={'ticks': 0, 'ticks_remaining': 1}
2026-08-11 20:11:12,246 : INFO : EventManager : Event: ======'timer_attract_carousel_timer_tick'====== Args={'ticks': 0, 'ticks_remaining': 1}
2026-08-11 20:11:16,198 : INFO : EventManager : Event: ======'attract_step_5'====== Args={}
2026-08-11 20:11:17,005 : INFO : EventManager : Event: ======'attract_backglass_title'====== Args={}
2026-08-11 20:11:17,238 : INFO : Timer.attract_carousel_timer : Timer Complete
2026-08-11 20:11:17,239 : INFO : Timer.attract_carousel_timer : Stopping Timer
2026-08-11 20:11:17,239 : INFO : EventManager : Event: ======'timer_attract_carousel_timer_stopped'====== Args={'ticks': 1, 'ticks_remaining': 1}
2026-08-11 20:11:17,239 : INFO : EventManager : Event: ======'timer_attract_carousel_timer_complete'====== Args={'ticks': 1, 'ticks_remaining': 1}
2026-08-11 20:11:17,241 : INFO : EventManager : Event: ======'carousel_item_highlighted'====== Args={'carousel': 'attract', 'direction': 'forwards', 'item': 'title2'}
2026-08-11 20:11:17,241 : INFO : Timer.attract_carousel_timer : Starting Timer.
2026-08-11 20:11:17,241 : INFO : EventManager : Event: ======'timer_attract_carousel_timer_started'====== Args={'ticks': 0, 'ticks_remaining': 1}
2026-08-11 20:11:17,241 : INFO : EventManager : Event: ======'timer_attract_carousel_timer_tick'====== Args={'ticks': 0, 'ticks_remaining': 1}
2026-08-11 20:11:22,242 : INFO : Timer.attract_carousel_timer : Timer Complete
2026-08-11 20:11:22,242 : INFO : Timer.attract_carousel_timer : Stopping Timer
2026-08-11 20:11:22,242 : INFO : EventManager : Event: ======'timer_attract_carousel_timer_stopped'====== Args={'ticks': 1, 'ticks_remaining': 1}
2026-08-11 20:11:22,243 : INFO : EventManager : Event: ======'timer_attract_carousel_timer_complete'====== Args={'ticks': 1, 'ticks_remaining': 1}
2026-08-11 20:11:22,245 : INFO : EventManager : Event: ======'carousel_item_highlighted'====== Args={'carousel': 'attract', 'direction': 'forwards', 'item': 'title'}
2026-08-11 20:11:22,246 : INFO : Timer.attract_carousel_timer : Starting Timer.
2026-08-11 20:11:22,246 : INFO : EventManager : Event: ======'timer_attract_carousel_timer_started'====== Args={'ticks': 0, 'ticks_remaining': 1}
2026-08-11 20:11:22,246 : INFO : EventManager : Event: ======'timer_attract_carousel_timer_tick'====== Args={'ticks': 0, 'ticks_remaining': 1}
2026-08-11 20:11:27,237 : INFO : Timer.attract_carousel_timer : Timer Complete
2026-08-11 20:11:27,237 : INFO : Timer.attract_carousel_timer : Stopping Timer
2026-08-11 20:11:27,237 : INFO : EventManager : Event: ======'timer_attract_carousel_timer_stopped'====== Args={'ticks': 1, 'ticks_remaining': 1}
2026-08-11 20:11:27,237 : INFO : EventManager : Event: ======'timer_attract_carousel_timer_complete'====== Args={'ticks': 1, 'ticks_remaining': 1}
2026-08-11 20:11:27,239 : INFO : EventManager : Event: ======'carousel_item_highlighted'====== Args={'carousel': 'attract', 'direction': 'forwards', 'item': 'title2'}
2026-08-11 20:11:27,239 : INFO : Timer.attract_carousel_timer : Starting Timer.
2026-08-11 20:11:27,240 : INFO : EventManager : Event: ======'timer_attract_carousel_timer_started'====== Args={'ticks': 0, 'ticks_remaining': 1}
2026-08-11 20:11:27,240 : INFO : EventManager : Event: ======'timer_attract_carousel_timer_tick'====== Args={'ticks': 0, 'ticks_remaining': 1}
2026-08-11 20:11:28,581 : INFO : EventManager : Event: ======'attract_step_6'====== Args={}
2026-08-11 20:11:30,411 : INFO : EventManager : Event: ======'attract_backglass_main_alien'====== Args={}
2026-08-11 20:11:31,566 : INFO : EventManager : Event: ======'attract_step_7'====== Args={}
2026-08-11 20:11:32,238 : INFO : Timer.attract_carousel_timer : Timer Complete
2026-08-11 20:11:32,238 : INFO : Timer.attract_carousel_timer : Stopping Timer
2026-08-11 20:11:32,238 : INFO : EventManager : Event: ======'timer_attract_carousel_timer_stopped'====== Args={'ticks': 1, 'ticks_remaining': 1}
2026-08-11 20:11:32,238 : INFO : EventManager : Event: ======'timer_attract_carousel_timer_complete'====== Args={'ticks': 1, 'ticks_remaining': 1}
2026-08-11 20:11:32,240 : INFO : EventManager : Event: ======'carousel_item_highlighted'====== Args={'carousel': 'attract', 'direction': 'forwards', 'item': 'title'}
2026-08-11 20:11:32,240 : INFO : Timer.attract_carousel_timer : Starting Timer.
2026-08-11 20:11:32,240 : INFO : EventManager : Event: ======'timer_attract_carousel_timer_started'====== Args={'ticks': 0, 'ticks_remaining': 1}
2026-08-11 20:11:32,240 : INFO : EventManager : Event: ======'timer_attract_carousel_timer_tick'====== Args={'ticks': 0, 'ticks_remaining': 1}
2026-08-11 20:11:34,959 : INFO : EventManager : Event: ======'attract_step_audio_2'====== Args={}
2026-08-11 20:11:34,961 : INFO : EventManager : Event: ======'play_directional_track_2'====== Args={'priority': 0}
2026-08-11 20:11:34,961 : INFO : EventManager : Event: ======'attract_step_8'====== Args={'priority': 0}
2026-08-11 20:11:34,961 : INFO : EventManager : Event: ======'audio_command'====== Args={'priority': 0, 'command': 2}
2026-08-11 20:11:37,244 : INFO : Timer.attract_carousel_timer : Timer Complete
2026-08-11 20:11:37,244 : INFO : Timer.attract_carousel_timer : Stopping Timer
2026-08-11 20:11:37,244 : INFO : EventManager : Event: ======'timer_attract_carousel_timer_stopped'====== Args={'ticks': 1, 'ticks_remaining': 1}
2026-08-11 20:11:37,244 : INFO : EventManager : Event: ======'timer_attract_carousel_timer_complete'====== Args={'ticks': 1, 'ticks_remaining': 1}
2026-08-11 20:11:37,246 : INFO : EventManager : Event: ======'carousel_item_highlighted'====== Args={'carousel': 'attract', 'direction': 'forwards', 'item': 'title2'}
2026-08-11 20:11:37,247 : INFO : Timer.attract_carousel_timer : Starting Timer.
2026-08-11 20:11:37,247 : INFO : EventManager : Event: ======'timer_attract_carousel_timer_started'====== Args={'ticks': 0, 'ticks_remaining': 1}
2026-08-11 20:11:37,247 : INFO : EventManager : Event: ======'timer_attract_carousel_timer_tick'====== Args={'ticks': 0, 'ticks_remaining': 1}
2026-08-11 20:11:42,238 : INFO : Timer.attract_carousel_timer : Timer Complete
2026-08-11 20:11:42,238 : INFO : Timer.attract_carousel_timer : Stopping Timer
2026-08-11 20:11:42,238 : INFO : EventManager : Event: ======'timer_attract_carousel_timer_stopped'====== Args={'ticks': 1, 'ticks_remaining': 1}
2026-08-11 20:11:42,239 : INFO : EventManager : Event: ======'timer_attract_carousel_timer_complete'====== Args={'ticks': 1, 'ticks_remaining': 1}
2026-08-11 20:11:42,241 : INFO : EventManager : Event: ======'carousel_item_highlighted'====== Args={'carousel': 'attract', 'direction': 'forwards', 'item': 'title'}
2026-08-11 20:11:42,241 : INFO : Timer.attract_carousel_timer : Starting Timer.
2026-08-11 20:11:42,241 : INFO : EventManager : Event: ======'timer_attract_carousel_timer_started'====== Args={'ticks': 0, 'ticks_remaining': 1}
2026-08-11 20:11:42,241 : INFO : EventManager : Event: ======'timer_attract_carousel_timer_tick'====== Args={'ticks': 0, 'ticks_remaining': 1}
2026-08-11 20:11:44,650 : INFO : EventManager : Event: ======'attract_backglass_police_alien'====== Args={}
2026-08-11 20:11:47,240 : INFO : Timer.attract_carousel_timer : Timer Complete
2026-08-11 20:11:47,240 : INFO : Timer.attract_carousel_timer : Stopping Timer
2026-08-11 20:11:47,240 : INFO : EventManager : Event: ======'timer_attract_carousel_timer_stopped'====== Args={'ticks': 1, 'ticks_remaining': 1}
2026-08-11 20:11:47,241 : INFO : EventManager : Event: ======'timer_attract_carousel_timer_complete'====== Args={'ticks': 1, 'ticks_remaining': 1}
2026-08-11 20:11:47,242 : INFO : EventManager : Event: ======'carousel_item_highlighted'====== Args={'carousel': 'attract', 'direction': 'forwards', 'item': 'title2'}
2026-08-11 20:11:47,243 : INFO : Timer.attract_carousel_timer : Starting Timer.
2026-08-11 20:11:47,243 : INFO : EventManager : Event: ======'timer_attract_carousel_timer_started'====== Args={'ticks': 0, 'ticks_remaining': 1}
2026-08-11 20:11:47,243 : INFO : EventManager : Event: ======'timer_attract_carousel_timer_tick'====== Args={'ticks': 0, 'ticks_remaining': 1}
2026-08-11 20:11:52,249 : INFO : Timer.attract_carousel_timer : Timer Complete
2026-08-11 20:11:52,249 : INFO : Timer.attract_carousel_timer : Stopping Timer
2026-08-11 20:11:52,249 : INFO : EventManager : Event: ======'timer_attract_carousel_timer_stopped'====== Args={'ticks': 1, 'ticks_remaining': 1}
2026-08-11 20:11:52,249 : INFO : EventManager : Event: ======'timer_attract_carousel_timer_complete'====== Args={'ticks': 1, 'ticks_remaining': 1}
2026-08-11 20:11:52,251 : INFO : EventManager : Event: ======'carousel_item_highlighted'====== Args={'carousel': 'attract', 'direction': 'forwards', 'item': 'title'}
2026-08-11 20:11:52,251 : INFO : Timer.attract_carousel_timer : Starting Timer.
2026-08-11 20:11:52,251 : INFO : EventManager : Event: ======'timer_attract_carousel_timer_started'====== Args={'ticks': 0, 'ticks_remaining': 1}
2026-08-11 20:11:52,251 : INFO : EventManager : Event: ======'timer_attract_carousel_timer_tick'====== Args={'ticks': 0, 'ticks_remaining': 1}
2026-08-11 20:11:55,797 : INFO : EventManager : Event: ======'attract_backglass_broken_buzz'====== Args={}
2026-08-11 20:11:57,246 : INFO : Timer.attract_carousel_timer : Timer Complete
2026-08-11 20:11:57,246 : INFO : Timer.attract_carousel_timer : Stopping Timer
2026-08-11 20:11:57,246 : INFO : EventManager : Event: ======'timer_attract_carousel_timer_stopped'====== Args={'ticks': 1, 'ticks_remaining': 1}
2026-08-11 20:11:57,246 : INFO : EventManager : Event: ======'timer_attract_carousel_timer_complete'====== Args={'ticks': 1, 'ticks_remaining': 1}
2026-08-11 20:11:57,249 : INFO : EventManager : Event: ======'carousel_item_highlighted'====== Args={'carousel': 'attract', 'direction': 'forwards', 'item': 'title2'}
2026-08-11 20:11:57,249 : INFO : Timer.attract_carousel_timer : Starting Timer.
2026-08-11 20:11:57,249 : INFO : EventManager : Event: ======'timer_attract_carousel_timer_started'====== Args={'ticks': 0, 'ticks_remaining': 1}
2026-08-11 20:11:57,249 : INFO : EventManager : Event: ======'timer_attract_carousel_timer_tick'====== Args={'ticks': 0, 'ticks_remaining': 1}
2026-08-11 20:11:59,951 : INFO : EventManager : Event: ======'attract_step_9'====== Args={}
2026-08-11 20:12:02,242 : INFO : Timer.attract_carousel_timer : Timer Complete
2026-08-11 20:12:02,242 : INFO : Timer.attract_carousel_timer : Stopping Timer
2026-08-11 20:12:02,242 : INFO : EventManager : Event: ======'timer_attract_carousel_timer_stopped'====== Args={'ticks': 1, 'ticks_remaining': 1}
2026-08-11 20:12:02,243 : INFO : EventManager : Event: ======'timer_attract_carousel_timer_complete'====== Args={'ticks': 1, 'ticks_remaining': 1}
2026-08-11 20:12:02,245 : INFO : EventManager : Event: ======'carousel_item_highlighted'====== Args={'carousel': 'attract', 'direction': 'forwards', 'item': 'title'}
2026-08-11 20:12:02,246 : INFO : Timer.attract_carousel_timer : Starting Timer.
2026-08-11 20:12:02,246 : INFO : EventManager : Event: ======'timer_attract_carousel_timer_started'====== Args={'ticks': 0, 'ticks_remaining': 1}
2026-08-11 20:12:02,246 : INFO : EventManager : Event: ======'timer_attract_carousel_timer_tick'====== Args={'ticks': 0, 'ticks_remaining': 1}
2026-08-11 20:12:07,238 : INFO : Timer.attract_carousel_timer : Timer Complete
2026-08-11 20:12:07,238 : INFO : Timer.attract_carousel_timer : Stopping Timer
2026-08-11 20:12:07,238 : INFO : EventManager : Event: ======'timer_attract_carousel_timer_stopped'====== Args={'ticks': 1, 'ticks_remaining': 1}
2026-08-11 20:12:07,238 : INFO : EventManager : Event: ======'timer_attract_carousel_timer_complete'====== Args={'ticks': 1, 'ticks_remaining': 1}
2026-08-11 20:12:07,241 : INFO : EventManager : Event: ======'carousel_item_highlighted'====== Args={'carousel': 'attract', 'direction': 'forwards', 'item': 'title2'}
2026-08-11 20:12:07,241 : INFO : Timer.attract_carousel_timer : Starting Timer.
2026-08-11 20:12:07,241 : INFO : EventManager : Event: ======'timer_attract_carousel_timer_started'====== Args={'ticks': 0, 'ticks_remaining': 1}
2026-08-11 20:12:07,241 : INFO : EventManager : Event: ======'timer_attract_carousel_timer_tick'====== Args={'ticks': 0, 'ticks_remaining': 1}
2026-08-11 20:12:11,141 : INFO : EventManager : Event: ======'attract_step_10'====== Args={}
2026-08-11 20:12:12,241 : INFO : Timer.attract_carousel_timer : Timer Complete
2026-08-11 20:12:12,241 : INFO : Timer.attract_carousel_timer : Stopping Timer
2026-08-11 20:12:12,241 : INFO : EventManager : Event: ======'timer_attract_carousel_timer_stopped'====== Args={'ticks': 1, 'ticks_remaining': 1}
2026-08-11 20:12:12,241 : INFO : EventManager : Event: ======'timer_attract_carousel_timer_complete'====== Args={'ticks': 1, 'ticks_remaining': 1}
2026-08-11 20:12:12,244 : INFO : EventManager : Event: ======'carousel_item_highlighted'====== Args={'carousel': 'attract', 'direction': 'forwards', 'item': 'title'}
2026-08-11 20:12:12,244 : INFO : Timer.attract_carousel_timer : Starting Timer.
2026-08-11 20:12:12,244 : INFO : EventManager : Event: ======'timer_attract_carousel_timer_started'====== Args={'ticks': 0, 'ticks_remaining': 1}
2026-08-11 20:12:12,245 : INFO : EventManager : Event: ======'timer_attract_carousel_timer_tick'====== Args={'ticks': 0, 'ticks_remaining': 1}
2026-08-11 20:12:16,703 : INFO : SwitchController : <<<<<<< 's_11_start_button' active >>>>>>>
2026-08-11 20:12:16,831 : INFO : SwitchController : <<<<<<< 's_11_start_button' inactive >>>>>>>
2026-08-11 20:12:16,832 : INFO : EventManager : Event: ======'request_to_start_game'====== Args={}
2026-08-11 20:12:16,834 : INFO : EventManager : Event: ======'game_start'====== Args={'buttons': [], 'hold_time': 0.13999999999941792}
2026-08-11 20:12:16,834 : INFO : EventManager : Event: ======'mode_game_will_start'====== Args={'buttons': [], 'hold_time': 0.13999999999941792}
2026-08-11 20:12:16,835 : INFO : EventManager : Event: ======'mode_game_starting'====== Args={'buttons': [], 'hold_time': 0.13999999999941792}
2026-08-11 20:12:16,835 : INFO : EventManager : Event: ======'mode_attract_will_stop'====== Args={}
2026-08-11 20:12:16,835 : INFO : EventManager : Event: ======'mode_attract_stopping'====== Args={}
2026-08-11 20:12:16,835 : INFO : EventManager : Event: ======'stop_mode_attract_scores'====== Args={'priority': 0}
2026-08-11 20:12:16,835 : INFO : EventManager : Event: ======'stop_mode_attract_credits'====== Args={'priority': 0}
2026-08-11 20:12:16,836 : INFO : EventManager : Event: ======'attract_music_stop'====== Args={'priority': 0}
2026-08-11 20:12:16,836 : INFO : EventManager : Event: ======'stop_directional_audio'====== Args={'priority': 0}
2026-08-11 20:12:16,836 : INFO : Timer.backglass_cycle_restart_delay : Stopping Timer
2026-08-11 20:12:16,836 : INFO : EventManager : Event: ======'timer_backglass_cycle_restart_delay_stopped'====== Args={'ticks': 0, 'ticks_remaining': 0}
2026-08-11 20:12:16,836 : INFO : EventManager : Event: ======'mode_attract_scores_will_stop'====== Args={}
2026-08-11 20:12:16,836 : INFO : EventManager : Event: ======'mode_attract_scores_stopping'====== Args={}
2026-08-11 20:12:16,836 : INFO : EventManager : Event: ======'mode_attract_credits_will_stop'====== Args={}
2026-08-11 20:12:16,836 : INFO : EventManager : Event: ======'mode_attract_credits_stopping'====== Args={}
2026-08-11 20:12:16,837 : INFO : EventManager : Event: ======'audio_command'====== Args={'priority': 0, 'command': 0}
2026-08-11 20:12:16,837 : INFO : Mode.attract : Stopped.
2026-08-11 20:12:16,837 : INFO : EventManager : Event: ======'modes_active_modes_changed'====== Args={}
2026-08-11 20:12:16,840 : INFO : EventManager : Event: ======'mode_attract_stopped'====== Args={}
2026-08-11 20:12:16,840 : INFO : EventManager : Event: ======'clear'====== Args={'key': 'attract'}
2026-08-11 20:12:16,840 : INFO : Timer.backglass_cycle_restart_delay : Stopping Timer
2026-08-11 20:12:16,840 : INFO : EventManager : Event: ======'timer_backglass_cycle_restart_delay_stopped'====== Args={'ticks': 0, 'ticks_remaining': 0}
2026-08-11 20:12:16,840 : INFO : Timer.directional_track_1_delay : Stopping Timer
2026-08-11 20:12:16,841 : INFO : EventManager : Event: ======'timer_directional_track_1_delay_stopped'====== Args={'ticks': 0, 'ticks_remaining': 0}
2026-08-11 20:12:16,841 : INFO : Timer.attract_carousel_timer : Stopping Timer
2026-08-11 20:12:16,841 : INFO : EventManager : Event: ======'timer_attract_carousel_timer_stopped'====== Args={'ticks': 0, 'ticks_remaining': 1}
2026-08-11 20:12:16,841 : INFO : Mode.attract_credits : Stopped.
2026-08-11 20:12:16,841 : INFO : EventManager : Event: ======'modes_active_modes_changed'====== Args={}
2026-08-11 20:12:16,841 : INFO : EventManager : Event: ======'mode_attract_credits_stopped'====== Args={}
2026-08-11 20:12:16,841 : INFO : EventManager : Event: ======'clear'====== Args={'key': 'attract_credits'}
2026-08-11 20:12:16,842 : INFO : Timer.attract_credits_carousel_timer : Stopping Timer
2026-08-11 20:12:16,842 : INFO : EventManager : Event: ======'timer_attract_credits_carousel_timer_stopped'====== Args={'ticks': 1, 'ticks_remaining': 1}
2026-08-11 20:12:16,842 : INFO : Mode.attract_scores : Stopped.
2026-08-11 20:12:16,842 : INFO : EventManager : Event: ======'modes_active_modes_changed'====== Args={}
2026-08-11 20:12:16,842 : INFO : EventManager : Event: ======'mode_attract_scores_stopped'====== Args={}
2026-08-11 20:12:16,842 : INFO : EventManager : Event: ======'clear'====== Args={'key': 'attract_scores'}
2026-08-11 20:12:16,842 : INFO : Timer.attract_scores_carousel_timer : Stopping Timer
2026-08-11 20:12:16,842 : INFO : EventManager : Event: ======'timer_attract_scores_carousel_timer_stopped'====== Args={'ticks': 1, 'ticks_remaining': 1}
2026-08-11 20:12:16,842 : INFO : Mode.game : Started. Priority: 20
2026-08-11 20:12:16,842 : INFO : EventManager : Event: ======'modes_active_modes_changed'====== Args={}
2026-08-11 20:12:16,843 : INFO : EventManager : Event: ======'mode_game_started'====== Args={'buttons': [], 'hold_time': 0.13999999999941792}
2026-08-11 20:12:16,852 : INFO : EventManager : Event: ======'game_will_start'====== Args={}
2026-08-11 20:12:16,866 : INFO : EventManager : Event: ======'game_starting'====== Args={'game': <Mode.game>}
2026-08-11 20:12:16,868 : INFO : EventManager : Unordered handler for class <Auditor> on event game_ended with priority 1. Handlers: [RegisteredHandler(callback=<bound method Auditor.disable of <Auditor>>, priority=1, kwargs={}, key=UUID('8cc8cde7-24f0-4684-a154-56b532031ec2'), condition=None, blocking_facility=None), RegisteredHandler(callback=<bound method Auditor._save_audits of <Auditor>>, priority=1, kwargs={}, key=UUID('714169e2-6a45-40f1-b493-cc5dad140c01'), condition=None, blocking_facility=None)]. The order of those handlers is not defined and they will be executed in random order. This might lead to race conditions and potential bugs.
2026-08-11 20:12:16,869 : INFO : EventManager : Event: ======'player_add_request'====== Args={}
2026-08-11 20:12:16,870 : INFO : EventManager : Event: ======'player_will_add'====== Args={'number': 1}
2026-08-11 20:12:16,870 : INFO : EventManager : Event: ======'player_adding'====== Args={'player': <Player 1>, 'number': 1}
2026-08-11 20:12:16,870 : INFO : EventManager : Event: ======'player_added'====== Args={'player': <Player 1>, 'num': 1}
2026-08-11 20:12:16,870 : INFO : Mode.game : Player added successfully. Total players: 1
2026-08-11 20:12:16,871 : INFO : EventManager : Event: ======'player_index'====== Args={'value': 0, 'prev_value': 0, 'change': 0, 'player_num': 1}
2026-08-11 20:12:16,871 : INFO : EventManager : Event: ======'player_number'====== Args={'value': 1, 'prev_value': 1, 'change': 0, 'player_num': 1}
2026-08-11 20:12:16,872 : INFO : EventManager : Event: ======'player_awareness'====== Args={'value': 0, 'prev_value': 0, 'change': 0, 'player_num': 1}
2026-08-11 20:12:16,872 : INFO : EventManager : Event: ======'player_awareness_target'====== Args={'value': 100, 'prev_value': 100, 'change': 0, 'player_num': 1}
2026-08-11 20:12:16,872 : INFO : EventManager : Event: ======'player_awareness_qualified'====== Args={'value': 0, 'prev_value': 0, 'change': 0, 'player_num': 1}
2026-08-11 20:12:16,873 : INFO : EventManager : Event: ======'player_awareness_mysteries_collected'====== Args={'value': 0, 'prev_value': 0, 'change': 0, 'player_num': 1}
2026-08-11 20:12:16,873 : INFO : EventManager : Event: ======'player_awareness_milestone_25'====== Args={'value': 0, 'prev_value': 0, 'change': 0, 'player_num': 1}
2026-08-11 20:12:16,874 : INFO : EventManager : Event: ======'player_awareness_milestone_50'====== Args={'value': 0, 'prev_value': 0, 'change': 0, 'player_num': 1}
2026-08-11 20:12:16,874 : INFO : EventManager : Event: ======'player_awareness_milestone_75'====== Args={'value': 0, 'prev_value': 0, 'change': 0, 'player_num': 1}
2026-08-11 20:12:16,874 : INFO : EventManager : Event: ======'player_score'====== Args={'value': 0, 'prev_value': 0, 'change': 0, 'player_num': 1}
2026-08-11 20:12:16,879 : INFO : EventManager : Event: ======'game_started'====== Args={}
2026-08-11 20:12:16,895 : INFO : EventManager : Event: ======'player_turn_will_start'====== Args={'player': <Player 1>, 'number': 1}
2026-08-11 20:12:16,898 : INFO : EventManager : Event: ======'player_turn_starting'====== Args={'player': <Player 1>, 'number': 1}
2026-08-11 20:12:16,900 : INFO : EventManager : Event: ======'player_ball'====== Args={'value': 1, 'prev_value': 0, 'change': 1, 'player_num': 1}
2026-08-11 20:12:16,900 : INFO : EventManager : Event: ======'player_turn_started'====== Args={'player': <Player 1>, 'number': 1}
2026-08-11 20:12:16,903 : INFO : EventManager : Event: ======'ball_will_start'====== Args={'player': 1, 'ball': 1, 'balls_remaining': 2, 'is_extra_ball': False}
2026-08-11 20:12:16,908 : INFO : EventManager : Event: ======'ball_starting'====== Args={'player': 1, 'ball': 1, 'balls_remaining': 2, 'is_extra_ball': False}
2026-08-11 20:12:16,910 : INFO : EventManager : Event: ======'mode_skillshot_will_start'====== Args={'queue': <QueuedEvent>, 'player': 1, 'ball': 1, 'balls_remaining': 2, 'is_extra_ball': False}
2026-08-11 20:12:16,918 : INFO : EventManager : Event: ======'mode_skillshot_starting'====== Args={'queue': <QueuedEvent>, 'player': 1, 'ball': 1, 'balls_remaining': 2, 'is_extra_ball': False}
2026-08-11 20:12:16,918 : INFO : EventManager : Event: ======'mode_awareness_will_start'====== Args={'queue': <QueuedEvent>, 'player': 1, 'ball': 1, 'balls_remaining': 2, 'is_extra_ball': False}
2026-08-11 20:12:16,924 : INFO : EventManager : Event: ======'mode_awareness_starting'====== Args={'queue': <QueuedEvent>, 'player': 1, 'ball': 1, 'balls_remaining': 2, 'is_extra_ball': False}
2026-08-11 20:12:16,924 : INFO : EventManager : Event: ======'mode_base_will_start'====== Args={'queue': <QueuedEvent>, 'player': 1, 'ball': 1, 'balls_remaining': 2, 'is_extra_ball': False}
2026-08-11 20:12:16,925 : INFO : EventManager : Event: ======'player_shot_varitarget_p1_enabled'====== Args={'value': True, 'prev_value': 0, 'change': 1, 'player_num': 1}
2026-08-11 20:12:16,926 : INFO : EventManager : Event: ======'player_shot_varitarget_p2_enabled'====== Args={'value': True, 'prev_value': 0, 'change': 1, 'player_num': 1}
2026-08-11 20:12:16,926 : INFO : EventManager : Event: ======'player_shot_varitarget_p3_enabled'====== Args={'value': True, 'prev_value': 0, 'change': 1, 'player_num': 1}
2026-08-11 20:12:16,927 : INFO : EventManager : Event: ======'player_shot_varitarget_p4_enabled'====== Args={'value': True, 'prev_value': 0, 'change': 1, 'player_num': 1}
2026-08-11 20:12:16,927 : INFO : EventManager : Event: ======'player_shot_varitarget_p5_enabled'====== Args={'value': True, 'prev_value': 0, 'change': 1, 'player_num': 1}
2026-08-11 20:12:16,927 : INFO : EventManager : Event: ======'player_shot_varitarget_p6_enabled'====== Args={'value': True, 'prev_value': 0, 'change': 1, 'player_num': 1}
2026-08-11 20:12:16,928 : INFO : EventManager : Event: ======'player_shot_varitarget_p7_enabled'====== Args={'value': True, 'prev_value': 0, 'change': 1, 'player_num': 1}
2026-08-11 20:12:16,928 : INFO : EventManager : Event: ======'player_shot_shot_impossible_enabled'====== Args={'value': True, 'prev_value': 0, 'change': 1, 'player_num': 1}
2026-08-11 20:12:16,928 : INFO : EventManager : Event: ======'player_shot_shot_dt_1_enabled'====== Args={'value': True, 'prev_value': 0, 'change': 1, 'player_num': 1}
2026-08-11 20:12:16,929 : INFO : EventManager : Event: ======'player_shot_shot_dt_2_enabled'====== Args={'value': True, 'prev_value': 0, 'change': 1, 'player_num': 1}
2026-08-11 20:12:16,929 : INFO : EventManager : Event: ======'player_shot_shot_dt_3_enabled'====== Args={'value': True, 'prev_value': 0, 'change': 1, 'player_num': 1}
2026-08-11 20:12:16,929 : INFO : EventManager : Event: ======'player_shot_shot_dt_4_enabled'====== Args={'value': True, 'prev_value': 0, 'change': 1, 'player_num': 1}
2026-08-11 20:12:16,930 : INFO : EventManager : Event: ======'player_shot_shot_dt_5_enabled'====== Args={'value': True, 'prev_value': 0, 'change': 1, 'player_num': 1}
2026-08-11 20:12:16,930 : INFO : EventManager : Event: ======'player_shot_shot_dt_6_enabled'====== Args={'value': True, 'prev_value': 0, 'change': 1, 'player_num': 1}
2026-08-11 20:12:16,930 : INFO : EventManager : Event: ======'player_shot_shot_dt_7_enabled'====== Args={'value': True, 'prev_value': 0, 'change': 1, 'player_num': 1}
2026-08-11 20:12:16,931 : INFO : EventManager : Event: ======'player_shot_shot_sut_1_enabled'====== Args={'value': True, 'prev_value': 0, 'change': 1, 'player_num': 1}
2026-08-11 20:12:16,931 : INFO : EventManager : Event: ======'player_shot_shot_sut_2_enabled'====== Args={'value': True, 'prev_value': 0, 'change': 1, 'player_num': 1}
2026-08-11 20:12:16,931 : INFO : EventManager : Event: ======'player_shot_shot_sut_3_enabled'====== Args={'value': True, 'prev_value': 0, 'change': 1, 'player_num': 1}
2026-08-11 20:12:16,932 : INFO : EventManager : Event: ======'player_shot_shot_sut_4_enabled'====== Args={'value': True, 'prev_value': 0, 'change': 1, 'player_num': 1}
2026-08-11 20:12:16,932 : INFO : EventManager : Event: ======'player_shot_shot_sut_5_enabled'====== Args={'value': True, 'prev_value': 0, 'change': 1, 'player_num': 1}
2026-08-11 20:12:16,932 : INFO : EventManager : Event: ======'player_shot_shot_sut_6_enabled'====== Args={'value': True, 'prev_value': 0, 'change': 1, 'player_num': 1}
2026-08-11 20:12:16,933 : INFO : EventManager : Event: ======'player_shot_shot_sut_green_enabled'====== Args={'value': True, 'prev_value': 0, 'change': 1, 'player_num': 1}
2026-08-11 20:12:16,933 : INFO : EventManager : Event: ======'player_shot_shot_sut_blue_enabled'====== Args={'value': True, 'prev_value': 0, 'change': 1, 'player_num': 1}
2026-08-11 20:12:16,934 : INFO : EventManager : Event: ======'player_shot_shot_sut_red_enabled'====== Args={'value': True, 'prev_value': 0, 'change': 1, 'player_num': 1}
2026-08-11 20:12:16,934 : INFO : EventManager : Event: ======'player_shot_shot_slingshot_l_enabled'====== Args={'value': True, 'prev_value': 0, 'change': 1, 'player_num': 1}
2026-08-11 20:12:16,934 : INFO : EventManager : Event: ======'player_shot_shot_slingshot_r_enabled'====== Args={'value': True, 'prev_value': 0, 'change': 1, 'player_num': 1}
2026-08-11 20:12:16,934 : INFO : EventManager : Event: ======'player_shot_shot_rollover_bottom_enabled'====== Args={'value': True, 'prev_value': 0, 'change': 1, 'player_num': 1}
2026-08-11 20:12:16,935 : INFO : EventManager : Event: ======'player_shot_shot_rollover_top_enabled'====== Args={'value': True, 'prev_value': 0, 'change': 1, 'player_num': 1}
2026-08-11 20:12:16,935 : INFO : EventManager : Event: ======'player_shot_spinner_left_enabled'====== Args={'value': True, 'prev_value': 0, 'change': 1, 'player_num': 1}
2026-08-11 20:12:16,935 : INFO : EventManager : Event: ======'player_shot_spinner_right_enabled'====== Args={'value': True, 'prev_value': 0, 'change': 1, 'player_num': 1}
2026-08-11 20:12:16,935 : INFO : EventManager : Event: ======'varitarget_positions_complete'====== Args={'state': 'unlit'}
2026-08-11 20:12:16,936 : INFO : EventManager : Event: ======'varitarget_positions_unlit_complete'====== Args={}
2026-08-11 20:12:16,936 : INFO : EventManager : Event: ======'player_base_varitarget_reset_timer_tick'====== Args={'value': 0, 'prev_value': 0, 'change': 0, 'player_num': 1}
2026-08-11 20:12:16,937 : INFO : EventManager : Event: ======'player_base_varitarget_hit_settle_tick'====== Args={'value': 3, 'prev_value': 0, 'change': 3, 'player_num': 1}
2026-08-11 20:12:16,943 : INFO : EventManager : Event: ======'mode_base_starting'====== Args={'queue': <QueuedEvent>, 'player': 1, 'ball': 1, 'balls_remaining': 2, 'is_extra_ball': False}
2026-08-11 20:12:16,944 : INFO : Mode.base : Started. Priority: 100
2026-08-11 20:12:16,944 : INFO : EventManager : Event: ======'modes_active_modes_changed'====== Args={}
2026-08-11 20:12:16,944 : INFO : EventManager : Event: ======'mode_base_started'====== Args={'queue': <QueuedEvent>, 'player': 1, 'ball': 1, 'balls_remaining': 2, 'is_extra_ball': False}
2026-08-11 20:12:16,945 : INFO : EventManager : Event: ======'mode_glasses_mode_will_start'====== Args={'queue': <QueuedEvent>, 'player': 1, 'ball': 1, 'balls_remaining': 2, 'is_extra_ball': False}
2026-08-11 20:12:16,945 : INFO : EventManager : Event: ======'player_glasses_mode_glasses_position_confirm_tick'====== Args={'value': 0, 'prev_value': 0, 'change': 0, 'player_num': 1}
2026-08-11 20:12:16,946 : INFO : EventManager : Event: ======'player_glasses_mode_glasses_state_timer_tick'====== Args={'value': 0, 'prev_value': 0, 'change': 0, 'player_num': 1}
2026-08-11 20:12:16,946 : INFO : EventManager : Event: ======'player_glasses_mode_glasses_home_pulse_timer_tick'====== Args={'value': 0, 'prev_value': 0, 'change': 0, 'player_num': 1}
2026-08-11 20:12:16,951 : INFO : EventManager : Event: ======'mode_glasses_mode_starting'====== Args={'queue': <QueuedEvent>, 'player': 1, 'ball': 1, 'balls_remaining': 2, 'is_extra_ball': False}
2026-08-11 20:12:16,951 : INFO : EventManager : Event: ======'mode_super_pops_will_start'====== Args={'queue': <QueuedEvent>, 'player': 1, 'ball': 1, 'balls_remaining': 2, 'is_extra_ball': False}
2026-08-11 20:12:16,952 : INFO : EventManager : Event: ======'player_super_pops_super_pops_mult_timer_tick'====== Args={'value': 0, 'prev_value': 0, 'change': 0, 'player_num': 1}
2026-08-11 20:12:16,952 : INFO : EventManager : Unordered handler for class <Auditor> on event game_ended with priority 1. Handlers: [RegisteredHandler(callback=<bound method Auditor.disable of <Auditor>>, priority=1, kwargs={}, key=UUID('8cc8cde7-24f0-4684-a154-56b532031ec2'), condition=None, blocking_facility=None), RegisteredHandler(callback=<bound method Auditor._save_audits of <Auditor>>, priority=1, kwargs={}, key=UUID('714169e2-6a45-40f1-b493-cc5dad140c01'), condition=None, blocking_facility=None)]. The order of those handlers is not defined and they will be executed in random order. This might lead to race conditions and potential bugs.
2026-08-11 20:12:16,956 : INFO : EventManager : Event: ======'mode_super_pops_starting'====== Args={'queue': <QueuedEvent>, 'player': 1, 'ball': 1, 'balls_remaining': 2, 'is_extra_ball': False}
2026-08-11 20:12:16,956 : INFO : EventManager : Event: ======'mode_spinner_2x_qualify_will_start'====== Args={'queue': <QueuedEvent>, 'player': 1, 'ball': 1, 'balls_remaining': 2, 'is_extra_ball': False}
2026-08-11 20:12:16,960 : INFO : EventManager : Event: ======'mode_spinner_2x_qualify_starting'====== Args={'queue': <QueuedEvent>, 'player': 1, 'ball': 1, 'balls_remaining': 2, 'is_extra_ball': False}
2026-08-11 20:12:16,960 : INFO : EventManager : Event: ======'mode_shotgun_will_start'====== Args={'queue': <QueuedEvent>, 'player': 1, 'ball': 1, 'balls_remaining': 2, 'is_extra_ball': False}
2026-08-11 20:12:16,960 : INFO : EventManager : Event: ======'player_shotgun_top_lane_a_countdown_timer_tick'====== Args={'value': 30, 'prev_value': 0, 'change': 30, 'player_num': 1}
2026-08-11 20:12:16,961 : INFO : EventManager : Unordered handler for class <timer.top_lane_a_countdown_timer> on event shotgun_stop_all with priority 1. Handlers: [RegisteredHandler(callback=<bound method Timer.stop of <timer.top_lane_a_countdown_timer>>, priority=1, kwargs={}, key=UUID('33ead71e-4c19-46b2-8ded-b2a7a9ba831c'), condition=None, blocking_facility=None), RegisteredHandler(callback=<bound method Timer.reset of <timer.top_lane_a_countdown_timer>>, priority=1, kwargs={}, key=UUID('721172ff-6985-4c74-ab68-05bb7e906715'), condition=None, blocking_facility=None)]. The order of those handlers is not defined and they will be executed in random order. This might lead to race conditions and potential bugs.
2026-08-11 20:12:16,961 : INFO : EventManager : Event: ======'player_shotgun_top_lane_b_countdown_timer_tick'====== Args={'value': 30, 'prev_value': 0, 'change': 30, 'player_num': 1}
2026-08-11 20:12:16,961 : INFO : EventManager : Unordered handler for class <timer.top_lane_a_countdown_timer> on event shotgun_stop_all with priority 1. Handlers: [RegisteredHandler(callback=<bound method Timer.stop of <timer.top_lane_a_countdown_timer>>, priority=1, kwargs={}, key=UUID('33ead71e-4c19-46b2-8ded-b2a7a9ba831c'), condition=None, blocking_facility=None), RegisteredHandler(callback=<bound method Timer.reset of <timer.top_lane_a_countdown_timer>>, priority=1, kwargs={}, key=UUID('721172ff-6985-4c74-ab68-05bb7e906715'), condition=None, blocking_facility=None)]. The order of those handlers is not defined and they will be executed in random order. This might lead to race conditions and potential bugs.
2026-08-11 20:12:16,962 : INFO : EventManager : Unordered handler for class <timer.top_lane_a_countdown_timer> on event shotgun_stop_all with priority 1. Handlers: [RegisteredHandler(callback=<bound method Timer.stop of <timer.top_lane_a_countdown_timer>>, priority=1, kwargs={}, key=UUID('33ead71e-4c19-46b2-8ded-b2a7a9ba831c'), condition=None, blocking_facility=None), RegisteredHandler(callback=<bound method Timer.reset of <timer.top_lane_a_countdown_timer>>, priority=1, kwargs={}, key=UUID('721172ff-6985-4c74-ab68-05bb7e906715'), condition=None, blocking_facility=None)]. The order of those handlers is not defined and they will be executed in random order. This might lead to race conditions and potential bugs.
2026-08-11 20:12:16,962 : INFO : EventManager : Unordered handler for class <timer.top_lane_b_countdown_timer> on event shotgun_stop_all with priority 1. Handlers: [RegisteredHandler(callback=<bound method Timer.stop of <timer.top_lane_b_countdown_timer>>, priority=1, kwargs={}, key=UUID('89e99906-f48a-4313-9d13-1f3369781b67'), condition=None, blocking_facility=None), RegisteredHandler(callback=<bound method Timer.reset of <timer.top_lane_b_countdown_timer>>, priority=1, kwargs={}, key=UUID('f00f3da5-b24a-4747-9e93-981985ccaa91'), condition=None, blocking_facility=None)]. The order of those handlers is not defined and they will be executed in random order. This might lead to race conditions and potential bugs.
2026-08-11 20:12:16,962 : INFO : EventManager : Event: ======'player_shotgun_fourbank_reset_check_timer_tick'====== Args={'value': 0, 'prev_value': 0, 'change': 0, 'player_num': 1}
2026-08-11 20:12:16,962 : INFO : EventManager : Unordered handler for class <timer.top_lane_a_countdown_timer> on event shotgun_stop_all with priority 1. Handlers: [RegisteredHandler(callback=<bound method Timer.stop of <timer.top_lane_a_countdown_timer>>, priority=1, kwargs={}, key=UUID('33ead71e-4c19-46b2-8ded-b2a7a9ba831c'), condition=None, blocking_facility=None), RegisteredHandler(callback=<bound method Timer.reset of <timer.top_lane_a_countdown_timer>>, priority=1, kwargs={}, key=UUID('721172ff-6985-4c74-ab68-05bb7e906715'), condition=None, blocking_facility=None)]. The order of those handlers is not defined and they will be executed in random order. This might lead to race conditions and potential bugs.
2026-08-11 20:12:16,962 : INFO : EventManager : Unordered handler for class <timer.top_lane_b_countdown_timer> on event shotgun_stop_all with priority 1. Handlers: [RegisteredHandler(callback=<bound method Timer.stop of <timer.top_lane_b_countdown_timer>>, priority=1, kwargs={}, key=UUID('89e99906-f48a-4313-9d13-1f3369781b67'), condition=None, blocking_facility=None), RegisteredHandler(callback=<bound method Timer.reset of <timer.top_lane_b_countdown_timer>>, priority=1, kwargs={}, key=UUID('f00f3da5-b24a-4747-9e93-981985ccaa91'), condition=None, blocking_facility=None)]. The order of those handlers is not defined and they will be executed in random order. This might lead to race conditions and potential bugs.
2026-08-11 20:12:16,963 : INFO : EventManager : Event: ======'player_shotgun_fourbank_reset_retry_timer_tick'====== Args={'value': 0, 'prev_value': 0, 'change': 0, 'player_num': 1}
2026-08-11 20:12:16,963 : INFO : EventManager : Unordered handler for class <timer.top_lane_a_countdown_timer> on event shotgun_stop_all with priority 1. Handlers: [RegisteredHandler(callback=<bound method Timer.stop of <timer.top_lane_a_countdown_timer>>, priority=1, kwargs={}, key=UUID('33ead71e-4c19-46b2-8ded-b2a7a9ba831c'), condition=None, blocking_facility=None), RegisteredHandler(callback=<bound method Timer.reset of <timer.top_lane_a_countdown_timer>>, priority=1, kwargs={}, key=UUID('721172ff-6985-4c74-ab68-05bb7e906715'), condition=None, blocking_facility=None)]. The order of those handlers is not defined and they will be executed in random order. This might lead to race conditions and potential bugs.
2026-08-11 20:12:16,963 : INFO : EventManager : Unordered handler for class <timer.top_lane_b_countdown_timer> on event shotgun_stop_all with priority 1. Handlers: [RegisteredHandler(callback=<bound method Timer.stop of <timer.top_lane_b_countdown_timer>>, priority=1, kwargs={}, key=UUID('89e99906-f48a-4313-9d13-1f3369781b67'), condition=None, blocking_facility=None), RegisteredHandler(callback=<bound method Timer.reset of <timer.top_lane_b_countdown_timer>>, priority=1, kwargs={}, key=UUID('f00f3da5-b24a-4747-9e93-981985ccaa91'), condition=None, blocking_facility=None)]. The order of those handlers is not defined and they will be executed in random order. This might lead to race conditions and potential bugs.
2026-08-11 20:12:16,963 : INFO : EventManager : Event: ======'player_shotgun_threebank_reset_check_timer_tick'====== Args={'value': 0, 'prev_value': 0, 'change': 0, 'player_num': 1}
2026-08-11 20:12:16,964 : INFO : EventManager : Unordered handler for class <timer.top_lane_a_countdown_timer> on event shotgun_stop_all with priority 1. Handlers: [RegisteredHandler(callback=<bound method Timer.stop of <timer.top_lane_a_countdown_timer>>, priority=1, kwargs={}, key=UUID('33ead71e-4c19-46b2-8ded-b2a7a9ba831c'), condition=None, blocking_facility=None), RegisteredHandler(callback=<bound method Timer.reset of <timer.top_lane_a_countdown_timer>>, priority=1, kwargs={}, key=UUID('721172ff-6985-4c74-ab68-05bb7e906715'), condition=None, blocking_facility=None)]. The order of those handlers is not defined and they will be executed in random order. This might lead to race conditions and potential bugs.
2026-08-11 20:12:16,964 : INFO : EventManager : Unordered handler for class <timer.top_lane_b_countdown_timer> on event shotgun_stop_all with priority 1. Handlers: [RegisteredHandler(callback=<bound method Timer.stop of <timer.top_lane_b_countdown_timer>>, priority=1, kwargs={}, key=UUID('89e99906-f48a-4313-9d13-1f3369781b67'), condition=None, blocking_facility=None), RegisteredHandler(callback=<bound method Timer.reset of <timer.top_lane_b_countdown_timer>>, priority=1, kwargs={}, key=UUID('f00f3da5-b24a-4747-9e93-981985ccaa91'), condition=None, blocking_facility=None)]. The order of those handlers is not defined and they will be executed in random order. This might lead to race conditions and potential bugs.
2026-08-11 20:12:16,964 : INFO : EventManager : Event: ======'player_shotgun_threebank_reset_retry_timer_tick'====== Args={'value': 0, 'prev_value': 0, 'change': 0, 'player_num': 1}
2026-08-11 20:12:16,964 : INFO : EventManager : Unordered handler for class <timer.top_lane_a_countdown_timer> on event shotgun_stop_all with priority 1. Handlers: [RegisteredHandler(callback=<bound method Timer.stop of <timer.top_lane_a_countdown_timer>>, priority=1, kwargs={}, key=UUID('33ead71e-4c19-46b2-8ded-b2a7a9ba831c'), condition=None, blocking_facility=None), RegisteredHandler(callback=<bound method Timer.reset of <timer.top_lane_a_countdown_timer>>, priority=1, kwargs={}, key=UUID('721172ff-6985-4c74-ab68-05bb7e906715'), condition=None, blocking_facility=None)]. The order of those handlers is not defined and they will be executed in random order. This might lead to race conditions and potential bugs.
2026-08-11 20:12:16,965 : INFO : EventManager : Unordered handler for class <timer.top_lane_b_countdown_timer> on event shotgun_stop_all with priority 1. Handlers: [RegisteredHandler(callback=<bound method Timer.stop of <timer.top_lane_b_countdown_timer>>, priority=1, kwargs={}, key=UUID('89e99906-f48a-4313-9d13-1f3369781b67'), condition=None, blocking_facility=None), RegisteredHandler(callback=<bound method Timer.reset of <timer.top_lane_b_countdown_timer>>, priority=1, kwargs={}, key=UUID('f00f3da5-b24a-4747-9e93-981985ccaa91'), condition=None, blocking_facility=None)]. The order of those handlers is not defined and they will be executed in random order. This might lead to race conditions and potential bugs.
2026-08-11 20:12:16,965 : INFO : EventManager : Event: ======'player_shotgun_fourbank_drop_2_trip_timer_tick'====== Args={'value': 0, 'prev_value': 0, 'change': 0, 'player_num': 1}
2026-08-11 20:12:16,965 : INFO : EventManager : Event: ======'player_shotgun_fourbank_drop_3_trip_timer_tick'====== Args={'value': 0, 'prev_value': 0, 'change': 0, 'player_num': 1}
2026-08-11 20:12:16,966 : INFO : EventManager : Event: ======'player_shotgun_threebank_drop_1_trip_timer_tick'====== Args={'value': 0, 'prev_value': 0, 'change': 0, 'player_num': 1}
2026-08-11 20:12:16,966 : INFO : EventManager : Event: ======'player_shotgun_threebank_drop_2_trip_timer_tick'====== Args={'value': 0, 'prev_value': 0, 'change': 0, 'player_num': 1}
2026-08-11 20:12:16,966 : INFO : EventManager : Event: ======'player_shotgun_threebank_drop_3_trip_timer_tick'====== Args={'value': 0, 'prev_value': 0, 'change': 0, 'player_num': 1}
2026-08-11 20:12:16,966 : INFO : EventManager : Event: ======'player_shotgun_drop_1_4_7_step_2_timer_tick'====== Args={'value': 0, 'prev_value': 0, 'change': 0, 'player_num': 1}
2026-08-11 20:12:16,967 : INFO : EventManager : Event: ======'player_shotgun_drop_1_4_7_step_3_timer_tick'====== Args={'value': 0, 'prev_value': 0, 'change': 0, 'player_num': 1}
2026-08-11 20:12:16,967 : INFO : EventManager : Event: ======'player_shotgun_drop_1_4_7_step_4_timer_tick'====== Args={'value': 0, 'prev_value': 0, 'change': 0, 'player_num': 1}
2026-08-11 20:12:16,967 : INFO : EventManager : Event: ======'player_shotgun_drop_1_4_7_ready_timer_tick'====== Args={'value': 0, 'prev_value': 0, 'change': 0, 'player_num': 1}
2026-08-11 20:12:16,974 : INFO : EventManager : Unordered handler for class <timer.top_lane_a_countdown_timer> on event shotgun_stop_all with priority 1. Handlers: [RegisteredHandler(callback=<bound method Timer.stop of <timer.top_lane_a_countdown_timer>>, priority=1, kwargs={}, key=UUID('33ead71e-4c19-46b2-8ded-b2a7a9ba831c'), condition=None, blocking_facility=None), RegisteredHandler(callback=<bound method Timer.reset of <timer.top_lane_a_countdown_timer>>, priority=1, kwargs={}, key=UUID('721172ff-6985-4c74-ab68-05bb7e906715'), condition=None, blocking_facility=None)]. The order of those handlers is not defined and they will be executed in random order. This might lead to race conditions and potential bugs.
2026-08-11 20:12:16,974 : INFO : EventManager : Unordered handler for class <timer.top_lane_b_countdown_timer> on event shotgun_stop_all with priority 1. Handlers: [RegisteredHandler(callback=<bound method Timer.stop of <timer.top_lane_b_countdown_timer>>, priority=1, kwargs={}, key=UUID('89e99906-f48a-4313-9d13-1f3369781b67'), condition=None, blocking_facility=None), RegisteredHandler(callback=<bound method Timer.reset of <timer.top_lane_b_countdown_timer>>, priority=1, kwargs={}, key=UUID('f00f3da5-b24a-4747-9e93-981985ccaa91'), condition=None, blocking_facility=None)]. The order of those handlers is not defined and they will be executed in random order. This might lead to race conditions and potential bugs.
2026-08-11 20:12:16,975 : INFO : EventManager : Unordered handler for class <timer.top_lane_a_countdown_timer> on event shotgun_stop_all with priority 1. Handlers: [RegisteredHandler(callback=<bound method Timer.stop of <timer.top_lane_a_countdown_timer>>, priority=1, kwargs={}, key=UUID('33ead71e-4c19-46b2-8ded-b2a7a9ba831c'), condition=None, blocking_facility=None), RegisteredHandler(callback=<bound method Timer.reset of <timer.top_lane_a_countdown_timer>>, priority=1, kwargs={}, key=UUID('721172ff-6985-4c74-ab68-05bb7e906715'), condition=None, blocking_facility=None)]. The order of those handlers is not defined and they will be executed in random order. This might lead to race conditions and potential bugs.
2026-08-11 20:12:16,975 : INFO : EventManager : Unordered handler for class <timer.top_lane_b_countdown_timer> on event shotgun_stop_all with priority 1. Handlers: [RegisteredHandler(callback=<bound method Timer.stop of <timer.top_lane_b_countdown_timer>>, priority=1, kwargs={}, key=UUID('89e99906-f48a-4313-9d13-1f3369781b67'), condition=None, blocking_facility=None), RegisteredHandler(callback=<bound method Timer.reset of <timer.top_lane_b_countdown_timer>>, priority=1, kwargs={}, key=UUID('f00f3da5-b24a-4747-9e93-981985ccaa91'), condition=None, blocking_facility=None)]. The order of those handlers is not defined and they will be executed in random order. This might lead to race conditions and potential bugs.
2026-08-11 20:12:16,978 : INFO : EventManager : Event: ======'mode_shotgun_starting'====== Args={'queue': <QueuedEvent>, 'player': 1, 'ball': 1, 'balls_remaining': 2, 'is_extra_ball': False}
2026-08-11 20:12:16,978 : INFO : EventManager : Event: ======'varitarget_yaml_loaded'====== Args={'priority': 0}
2026-08-11 20:12:16,978 : INFO : EventManager : Event: ======'player_pf_multiplier'====== Args={'value': 1, 'prev_value': 0, 'change': 1, 'player_num': 1, 'source': 'base'}
2026-08-11 20:12:16,979 : INFO : EventManager : Event: ======'player_varitarget_position'====== Args={'value': 1, 'prev_value': 0, 'change': 1, 'player_num': 1, 'source': 'base'}
2026-08-11 20:12:16,979 : INFO : EventManager : Event: ======'player_varitarget_reset_attempts'====== Args={'value': 0, 'prev_value': 0, 'change': 0, 'player_num': 1, 'source': 'base'}
2026-08-11 20:12:16,979 : INFO : EventManager : Event: ======'player_varitarget_stable_position'====== Args={'value': 1, 'prev_value': 0, 'change': 1, 'player_num': 1, 'source': 'base'}
2026-08-11 20:12:16,979 : INFO : EventManager : Event: ======'player_varitarget_hit_active'====== Args={'value': 0, 'prev_value': 0, 'change': 0, 'player_num': 1, 'source': 'base'}
2026-08-11 20:12:16,979 : INFO : EventManager : Event: ======'player_varitarget_hit_start_pos'====== Args={'value': 1, 'prev_value': 0, 'change': 1, 'player_num': 1, 'source': 'base'}
2026-08-11 20:12:16,980 : INFO : EventManager : Event: ======'player_varitarget_hit_max_pos'====== Args={'value': 1, 'prev_value': 0, 'change': 1, 'player_num': 1, 'source': 'base'}
2026-08-11 20:12:16,980 : INFO : EventManager : Event: ======'player_varitarget_hit_moved'====== Args={'value': 0, 'prev_value': 0, 'change': 0, 'player_num': 1, 'source': 'base'}
2026-08-11 20:12:16,980 : INFO : Mode.shotgun : Started. Priority: 120
2026-08-11 20:12:16,980 : INFO : EventManager : Event: ======'modes_active_modes_changed'====== Args={}
2026-08-11 20:12:16,980 : INFO : EventManager : Event: ======'mode_shotgun_started'====== Args={'queue': <QueuedEvent>, 'player': 1, 'ball': 1, 'balls_remaining': 2, 'is_extra_ball': False}
2026-08-11 20:12:16,981 : INFO : EventManager : Event: ======'shotgun_vars_reset'====== Args={'priority': 0}
2026-08-11 20:12:16,981 : INFO : EventManager : Event: ======'shotgun_all_lights_off'====== Args={'priority': 0}
2026-08-11 20:12:16,982 : INFO : EventManager : Event: ======'player_shotgun_lane_a_active'====== Args={'value': 0, 'prev_value': 0, 'change': 0, 'player_num': 1, 'source': 'shotgun'}
2026-08-11 20:12:16,982 : INFO : EventManager : Event: ======'player_shotgun_lane_b_active'====== Args={'value': 0, 'prev_value': 0, 'change': 0, 'player_num': 1, 'source': 'shotgun'}
2026-08-11 20:12:16,982 : INFO : EventManager : Event: ======'player_shotgun_qualified'====== Args={'value': 0, 'prev_value': 0, 'change': 0, 'player_num': 1, 'source': 'shotgun'}
2026-08-11 20:12:16,982 : INFO : EventManager : Event: ======'player_shotgun_mode_active'====== Args={'value': 0, 'prev_value': 0, 'change': 0, 'player_num': 1, 'source': 'shotgun'}
2026-08-11 20:12:16,982 : INFO : EventManager : Event: ======'player_alien_first_achieved'====== Args={'value': 0, 'prev_value': 0, 'change': 0, 'player_num': 1, 'source': 'shotgun'}
2026-08-11 20:12:16,982 : INFO : EventManager : Event: ======'player_alien_second_active'====== Args={'value': 0, 'prev_value': 0, 'change': 0, 'player_num': 1, 'source': 'shotgun'}
2026-08-11 20:12:16,982 : INFO : EventManager : Event: ======'player_alien_second_achieved_part1'====== Args={'value': 0, 'prev_value': 0, 'change': 0, 'player_num': 1, 'source': 'shotgun'}
2026-08-11 20:12:16,983 : INFO : EventManager : Event: ======'player_alien_second_achieved'====== Args={'value': 0, 'prev_value': 0, 'change': 0, 'player_num': 1, 'source': 'shotgun'}
2026-08-11 20:12:16,983 : INFO : EventManager : Event: ======'player_alien_third_setup_active'====== Args={'value': 0, 'prev_value': 0, 'change': 0, 'player_num': 1, 'source': 'shotgun'}
2026-08-11 20:12:16,983 : INFO : EventManager : Event: ======'player_alien_third_active'====== Args={'value': 0, 'prev_value': 0, 'change': 0, 'player_num': 1, 'source': 'shotgun'}
2026-08-11 20:12:16,983 : INFO : EventManager : Event: ======'player_alien_third_achieved'====== Args={'value': 0, 'prev_value': 0, 'change': 0, 'player_num': 1, 'source': 'shotgun'}
2026-08-11 20:12:16,983 : INFO : EventManager : Event: ======'player_alien_third_failed'====== Args={'value': 0, 'prev_value': 0, 'change': 0, 'player_num': 1, 'source': 'shotgun'}
2026-08-11 20:12:16,983 : INFO : EventManager : Event: ======'player_drop_1_4_7_active'====== Args={'value': 0, 'prev_value': 0, 'change': 0, 'player_num': 1, 'source': 'shotgun'}
2026-08-11 20:12:16,983 : INFO : EventManager : Event: ======'player_fourbank_reset_request'====== Args={'value': 0, 'prev_value': 0, 'change': 0, 'player_num': 1, 'source': 'shotgun'}
2026-08-11 20:12:16,983 : INFO : EventManager : Event: ======'player_fourbank_reset_requested'====== Args={'value': 0, 'prev_value': 0, 'change': 0, 'player_num': 1, 'source': 'shotgun'}
2026-08-11 20:12:16,984 : INFO : EventManager : Event: ======'player_fourbank_reset_confirmed'====== Args={'value': 0, 'prev_value': 0, 'change': 0, 'player_num': 1, 'source': 'shotgun'}
2026-08-11 20:12:16,984 : INFO : EventManager : Event: ======'player_fourbank_reset_failed'====== Args={'value': 0, 'prev_value': 0, 'change': 0, 'player_num': 1, 'source': 'shotgun'}
2026-08-11 20:12:16,984 : INFO : EventManager : Event: ======'player_fourbank_reset_attempts'====== Args={'value': 0, 'prev_value': 0, 'change': 0, 'player_num': 1, 'source': 'shotgun'}
2026-08-11 20:12:16,984 : INFO : EventManager : Event: ======'player_threebank_reset_request'====== Args={'value': 0, 'prev_value': 0, 'change': 0, 'player_num': 1, 'source': 'shotgun'}
2026-08-11 20:12:16,984 : INFO : EventManager : Event: ======'player_threebank_reset_requested'====== Args={'value': 0, 'prev_value': 0, 'change': 0, 'player_num': 1, 'source': 'shotgun'}
2026-08-11 20:12:16,984 : INFO : EventManager : Event: ======'player_threebank_reset_confirmed'====== Args={'value': 0, 'prev_value': 0, 'change': 0, 'player_num': 1, 'source': 'shotgun'}
2026-08-11 20:12:16,984 : INFO : EventManager : Event: ======'player_threebank_reset_failed'====== Args={'value': 0, 'prev_value': 0, 'change': 0, 'player_num': 1, 'source': 'shotgun'}
2026-08-11 20:12:16,984 : INFO : EventManager : Event: ======'player_threebank_reset_attempts'====== Args={'value': 0, 'prev_value': 0, 'change': 0, 'player_num': 1, 'source': 'shotgun'}
2026-08-11 20:12:16,985 : INFO : Mode.spinner_2x_qualify : Started. Priority: 150
2026-08-11 20:12:16,985 : INFO : EventManager : Event: ======'modes_active_modes_changed'====== Args={}
2026-08-11 20:12:16,985 : INFO : EventManager : Event: ======'mode_spinner_2x_qualify_started'====== Args={'queue': <QueuedEvent>, 'player': 1, 'ball': 1, 'balls_remaining': 2, 'is_extra_ball': False}
2026-08-11 20:12:16,985 : INFO : EventManager : Event: ======'spinner_2x_stop'====== Args={'priority': 0}
2026-08-11 20:12:16,985 : INFO : EventManager : Event: ======'player_top_lane_a_lit'====== Args={'value': 0, 'prev_value': 0, 'change': 0, 'player_num': 1, 'source': 'spinner_2x_qualify'}
2026-08-11 20:12:16,985 : INFO : EventManager : Event: ======'player_top_lane_b_lit'====== Args={'value': 0, 'prev_value': 0, 'change': 0, 'player_num': 1, 'source': 'spinner_2x_qualify'}
2026-08-11 20:12:16,985 : INFO : EventManager : Event: ======'player_top_lane_c_lit'====== Args={'value': 0, 'prev_value': 0, 'change': 0, 'player_num': 1, 'source': 'spinner_2x_qualify'}
2026-08-11 20:12:16,986 : INFO : Mode.glasses_mode : Started. Priority: 800
2026-08-11 20:12:16,986 : INFO : EventManager : Event: ======'modes_active_modes_changed'====== Args={}
2026-08-11 20:12:16,986 : INFO : EventManager : Event: ======'mode_glasses_mode_started'====== Args={'queue': <QueuedEvent>, 'player': 1, 'ball': 1, 'balls_remaining': 2, 'is_extra_ball': False}
2026-08-11 20:12:16,986 : INFO : EventManager : Event: ======'glasses_mode_loaded'====== Args={'priority': 0}
2026-08-11 20:12:16,986 : INFO : EventManager : Event: ======'glasses_stop_all_shows'====== Args={'priority': 0}
2026-08-11 20:12:16,987 : INFO : EventManager : Event: ======'glasses_init_vars'====== Args={'priority': 0}
2026-08-11 20:12:16,987 : INFO : EventManager : Event: ======'player_glasses_current_state'====== Args={'value': 1, 'prev_value': 0, 'change': 1, 'player_num': 1, 'source': 'glasses_mode'}
2026-08-11 20:12:16,987 : INFO : EventManager : Event: ======'player_glasses_homing_active'====== Args={'value': 0, 'prev_value': 0, 'change': 0, 'player_num': 1, 'source': 'glasses_mode'}
2026-08-11 20:12:16,987 : INFO : EventManager : Event: ======'player_glasses_home_start_pos'====== Args={'value': 1, 'prev_value': 0, 'change': 1, 'player_num': 1, 'source': 'glasses_mode'}
2026-08-11 20:12:16,987 : INFO : EventManager : Event: ======'player_glasses_pending_position'====== Args={'value': 1, 'prev_value': 0, 'change': 1, 'player_num': 1, 'source': 'glasses_mode'}
2026-08-11 20:12:16,987 : INFO : EventManager : Event: ======'player_glasses_confirmed_position'====== Args={'value': 1, 'prev_value': 0, 'change': 1, 'player_num': 1, 'source': 'glasses_mode'}
2026-08-11 20:12:16,987 : INFO : EventManager : Event: ======'player_glasses_home_pulse_count'====== Args={'value': 0, 'prev_value': 0, 'change': 0, 'player_num': 1, 'source': 'glasses_mode'}
2026-08-11 20:12:16,988 : INFO : Mode.awareness : Started. Priority: 105
2026-08-11 20:12:16,988 : INFO : EventManager : Event: ======'modes_active_modes_changed'====== Args={}
2026-08-11 20:12:16,988 : INFO : EventManager : Event: ======'mode_awareness_started'====== Args={'queue': <QueuedEvent>, 'player': 1, 'ball': 1, 'balls_remaining': 2, 'is_extra_ball': False}
2026-08-11 20:12:16,988 : INFO : EventManager : Event: ======'player_awareness_percent'====== Args={'value': 0, 'prev_value': 0, 'change': 0, 'player_num': 1, 'source': 'awareness'}
2026-08-11 20:12:16,988 : INFO : Mode.skillshot : Started. Priority: 200
2026-08-11 20:12:16,989 : INFO : EventManager : Event: ======'modes_active_modes_changed'====== Args={}
2026-08-11 20:12:16,989 : INFO : EventManager : Event: ======'mode_skillshot_started'====== Args={'queue': <QueuedEvent>, 'player': 1, 'ball': 1, 'balls_remaining': 2, 'is_extra_ball': False}
2026-08-11 20:12:16,989 : INFO : EventManager : Event: ======'player_skillshot_left_plunger'====== Args={'value': 0, 'prev_value': 0, 'change': 0, 'player_num': 1, 'source': 'skillshot'}
2026-08-11 20:12:16,990 : INFO : EventManager : Event: ======'player_skillshot_first_switch_seen'====== Args={'value': 0, 'prev_value': 0, 'change': 0, 'player_num': 1, 'source': 'skillshot'}
2026-08-11 20:12:16,990 : INFO : EventManager : Event: ======'player_skillshot_phase1_success'====== Args={'value': 0, 'prev_value': 0, 'change': 0, 'player_num': 1, 'source': 'skillshot'}
2026-08-11 20:12:16,990 : INFO : EventManager : Event: ======'player_skillshot_phase2_success'====== Args={'value': 0, 'prev_value': 0, 'change': 0, 'player_num': 1, 'source': 'skillshot'}
2026-08-11 20:12:16,990 : INFO : EventManager : Event: ======'player_skillshot_waiting_phase3'====== Args={'value': 0, 'prev_value': 0, 'change': 0, 'player_num': 1, 'source': 'skillshot'}
2026-08-11 20:12:16,990 : INFO : EventManager : Event: ======'player_skillshot_award'====== Args={'value': 500000, 'prev_value': 0, 'change': 500000, 'player_num': 1, 'source': 'skillshot'}
2026-08-11 20:12:16,991 : INFO : EventManager : Event: ======'balls_in_play'====== Args={'balls': 1}
2026-08-11 20:12:16,991 : INFO : EventManager : Event: ======'ball_started'====== Args={'player': 1, 'ball': 1, 'balls_remaining': 2, 'is_extra_ball': False}
2026-08-11 20:12:16,993 : INFO : EventManager : Event: ======'mode_resistance_will_start'====== Args={'player': 1, 'ball': 1, 'balls_remaining': 2, 'is_extra_ball': False}
2026-08-11 20:12:16,994 : INFO : EventManager : Event: ======'player_resistance_right_inlane_countdown_timer_tick'====== Args={'value': 15, 'prev_value': 0, 'change': 15, 'player_num': 1}
2026-08-11 20:12:16,994 : INFO : EventManager : Event: ======'player_resistance_resistance_qual_lights_15_11_timer_tick'====== Args={'value': 4, 'prev_value': 0, 'change': 4, 'player_num': 1}
2026-08-11 20:12:16,995 : INFO : EventManager : Event: ======'player_resistance_resistance_qual_lights_10_5_timer_tick'====== Args={'value': 5, 'prev_value': 0, 'change': 5, 'player_num': 1}
2026-08-11 20:12:16,995 : INFO : EventManager : Event: ======'player_resistance_resistance_qual_lights_4_0_timer_tick'====== Args={'value': 4, 'prev_value': 0, 'change': 4, 'player_num': 1}
2026-08-11 20:12:16,996 : INFO : EventManager : Event: ======'player_resistance_state_2_resistance_active_timer_tick'====== Args={'value': 15, 'prev_value': 0, 'change': 15, 'player_num': 1}
2026-08-11 20:12:16,996 : INFO : EventManager : Event: ======'player_resistance_state_3_resistance_active_timer_tick'====== Args={'value': 15, 'prev_value': 0, 'change': 15, 'player_num': 1}
2026-08-11 20:12:16,997 : INFO : EventManager : Event: ======'player_resistance_state_4_resistance_active_timer_tick'====== Args={'value': 15, 'prev_value': 0, 'change': 15, 'player_num': 1}
2026-08-11 20:12:16,997 : INFO : EventManager : Event: ======'player_resistance_state_5_resistance_active_timer_tick'====== Args={'value': 10, 'prev_value': 0, 'change': 10, 'player_num': 1}
2026-08-11 20:12:16,997 : INFO : EventManager : Event: ======'player_shot_resistance_qualify_target_5_enabled'====== Args={'value': False, 'prev_value': 0, 'change': 0, 'player_num': 1}
2026-08-11 20:12:16,997 : INFO : EventManager : Event: ======'player_shot_resistance_qualify_target_6_enabled'====== Args={'value': False, 'prev_value': 0, 'change': 0, 'player_num': 1}
2026-08-11 20:12:16,998 : INFO : EventManager : Event: ======'player_shot_resistance_top_lane_stage_2_enabled'====== Args={'value': False, 'prev_value': 0, 'change': 0, 'player_num': 1}
2026-08-11 20:12:16,998 : INFO : EventManager : Event: ======'player_shot_resistance_top_lane_stage_3_enabled'====== Args={'value': False, 'prev_value': 0, 'change': 0, 'player_num': 1}
2026-08-11 20:12:16,998 : INFO : EventManager : Event: ======'player_shot_resistance_top_lane_stage_4_enabled'====== Args={'value': False, 'prev_value': 0, 'change': 0, 'player_num': 1}
2026-08-11 20:12:16,998 : INFO : EventManager : Event: ======'player_shot_resistance_single_drop_stage_5_enabled'====== Args={'value': False, 'prev_value': 0, 'change': 0, 'player_num': 1}
2026-08-11 20:12:16,998 : INFO : EventManager : Event: ======'player_shot_resistance_saucer_stage_5_enabled'====== Args={'value': False, 'prev_value': 0, 'change': 0, 'player_num': 1}
2026-08-11 20:12:17,002 : INFO : EventManager : Event: ======'mode_resistance_starting'====== Args={'player': 1, 'ball': 1, 'balls_remaining': 2, 'is_extra_ball': False}
2026-08-11 20:12:17,002 : INFO : EventManager : Event: ======'mode_stars_mode_will_start'====== Args={'player': 1, 'ball': 1, 'balls_remaining': 2, 'is_extra_ball': False}
2026-08-11 20:12:17,003 : INFO : EventManager : Event: ======'player_stars_mode_stars_s80_hold_tick'====== Args={'value': 0, 'prev_value': 0, 'change': 0, 'player_num': 1}
2026-08-11 20:12:17,003 : INFO : EventManager : Event: ======'player_stars_mode_stars_10x_timer_tick'====== Args={'value': 0, 'prev_value': 0, 'change': 0, 'player_num': 1}
2026-08-11 20:12:17,008 : INFO : EventManager : Event: ======'mode_stars_mode_starting'====== Args={'player': 1, 'ball': 1, 'balls_remaining': 2, 'is_extra_ball': False}
2026-08-11 20:12:17,008 : INFO : EventManager : Event: ======'mode_autoplunge_will_start'====== Args={'player': 1, 'ball': 1, 'balls_remaining': 2, 'is_extra_ball': False}
2026-08-11 20:12:17,009 : INFO : EventManager : Event: ======'player_autoplunge_t_auto_plunge_tick'====== Args={'value': 10, 'prev_value': 0, 'change': 10, 'player_num': 1}
2026-08-11 20:12:17,009 : INFO : EventManager : Event: ======'mode_autoplunge_starting'====== Args={'player': 1, 'ball': 1, 'balls_remaining': 2, 'is_extra_ball': False}
2026-08-11 20:12:17,009 : INFO : EventManager : Event: ======'mode_brian_combo_will_start'====== Args={'player': 1, 'ball': 1, 'balls_remaining': 2, 'is_extra_ball': False}
2026-08-11 20:12:17,010 : INFO : EventManager : Event: ======'mode_brian_combo_starting'====== Args={'player': 1, 'ball': 1, 'balls_remaining': 2, 'is_extra_ball': False}
2026-08-11 20:12:17,010 : INFO : EventManager : Event: ======'varitarget_reset_request'====== Args={'priority': 0}
2026-08-11 20:12:17,012 : INFO : EventManager : Event: ======'player_launch_ball_save_used'====== Args={'value': 0, 'prev_value': 0, 'change': 0, 'player_num': 1, 'source': 'base'}
2026-08-11 20:12:17,014 : INFO : EventManager : Event: ======'varitarget_reset_begin'====== Args={'priority': 0}
2026-08-11 20:12:17,014 : INFO : EventManager : Event: ======'varitarget_reset_attempts_clear'====== Args={'priority': 0}
2026-08-11 20:12:17,014 : INFO : EventManager : Event: ======'varitarget_reset_step'====== Args={'priority': 0}
2026-08-11 20:12:17,014 : INFO : EventManager : Event: ======'varitarget_reset_start'====== Args={'priority': 0}
2026-08-11 20:12:17,014 : INFO : coil.c_16_varitarget_reset : Pulsing Driver for 5ms (1.0 pulse_power)
2026-08-11 20:12:17,015 : INFO : EventManager : Event: ======'player_varitarget_reset_attempts'====== Args={'value': 1, 'prev_value': 0, 'change': 1, 'player_num': 1, 'source': 'base'}
2026-08-11 20:12:17,015 : INFO : Timer.varitarget_reset_timer : Starting Timer.
2026-08-11 20:12:17,015 : INFO : EventManager : Event: ======'timer_varitarget_reset_timer_started'====== Args={'ticks': 0, 'ticks_remaining': 999999}
2026-08-11 20:12:17,015 : INFO : EventManager : Event: ======'timer_varitarget_reset_timer_tick'====== Args={'ticks': 0, 'ticks_remaining': 999999}
2026-08-11 20:12:17,015 : INFO : EventManager : Event: ======'varitarget_reset_step'====== Args={'priority': 0}
2026-08-11 20:12:17,016 : INFO : coil.c_16_varitarget_reset : Pulsing Driver for 5ms (1.0 pulse_power)
2026-08-11 20:12:17,016 : INFO : EventManager : Event: ======'player_varitarget_reset_attempts'====== Args={'value': 2, 'prev_value': 1, 'change': 1, 'player_num': 1, 'source': 'base'}
2026-08-11 20:12:17,016 : INFO : Mode.brian_combo : Started. Priority: 120
2026-08-11 20:12:17,016 : INFO : EventManager : Event: ======'modes_active_modes_changed'====== Args={}
2026-08-11 20:12:17,016 : INFO : EventManager : Event: ======'mode_brian_combo_started'====== Args={'player': 1, 'ball': 1, 'balls_remaining': 2, 'is_extra_ball': False}
2026-08-11 20:12:17,016 : INFO : EventManager : Event: ======'player_brian_combo_step'====== Args={'value': 0, 'prev_value': 0, 'change': 0, 'player_num': 1, 'source': 'brian_combo'}
2026-08-11 20:12:17,017 : INFO : Mode.autoplunge : Started. Priority: 200
2026-08-11 20:12:17,017 : INFO : EventManager : Event: ======'modes_active_modes_changed'====== Args={}
2026-08-11 20:12:17,017 : INFO : EventManager : Event: ======'mode_autoplunge_started'====== Args={'player': 1, 'ball': 1, 'balls_remaining': 2, 'is_extra_ball': False}
2026-08-11 20:12:17,017 : INFO : Mode.stars_mode : Started. Priority: 220
2026-08-11 20:12:17,017 : INFO : EventManager : Event: ======'modes_active_modes_changed'====== Args={}
2026-08-11 20:12:17,017 : INFO : EventManager : Event: ======'mode_stars_mode_started'====== Args={'player': 1, 'ball': 1, 'balls_remaining': 2, 'is_extra_ball': False}
2026-08-11 20:12:17,017 : INFO : EventManager : Event: ======'player_stars_t40'====== Args={'value': 0, 'prev_value': 0, 'change': 0, 'player_num': 1, 'source': 'stars_mode'}
2026-08-11 20:12:17,017 : INFO : EventManager : Event: ======'player_stars_t41'====== Args={'value': 0, 'prev_value': 0, 'change': 0, 'player_num': 1, 'source': 'stars_mode'}
2026-08-11 20:12:17,018 : INFO : EventManager : Event: ======'player_stars_t42'====== Args={'value': 0, 'prev_value': 0, 'change': 0, 'player_num': 1, 'source': 'stars_mode'}
2026-08-11 20:12:17,018 : INFO : EventManager : Event: ======'player_stars_t43'====== Args={'value': 0, 'prev_value': 0, 'change': 0, 'player_num': 1, 'source': 'stars_mode'}
2026-08-11 20:12:17,018 : INFO : EventManager : Event: ======'player_stars_t63'====== Args={'value': 0, 'prev_value': 0, 'change': 0, 'player_num': 1, 'source': 'stars_mode'}
2026-08-11 20:12:17,018 : INFO : EventManager : Event: ======'player_stars_s80_on'====== Args={'value': 0, 'prev_value': 0, 'change': 0, 'player_num': 1, 'source': 'stars_mode'}
2026-08-11 20:12:17,018 : INFO : EventManager : Event: ======'player_stars_s80_qualified'====== Args={'value': 0, 'prev_value': 0, 'change': 0, 'player_num': 1, 'source': 'stars_mode'}
2026-08-11 20:12:17,018 : INFO : EventManager : Event: ======'player_stars_targets_lit_count'====== Args={'value': 0, 'prev_value': 0, 'change': 0, 'player_num': 1, 'source': 'stars_mode'}
2026-08-11 20:12:17,018 : INFO : EventManager : Event: ======'player_stars_10x_active'====== Args={'value': 0, 'prev_value': 0, 'change': 0, 'player_num': 1, 'source': 'stars_mode'}
2026-08-11 20:12:17,019 : INFO : Mode.resistance : Started. Priority: 500
2026-08-11 20:12:17,019 : INFO : EventManager : Event: ======'modes_active_modes_changed'====== Args={}
2026-08-11 20:12:17,019 : INFO : EventManager : Event: ======'mode_resistance_started'====== Args={'player': 1, 'ball': 1, 'balls_remaining': 2, 'is_extra_ball': False}
2026-08-11 20:12:17,019 : INFO : EventManager : Event: ======'resistance_waiting_for_qualification'====== Args={'priority': 0}
2026-08-11 20:12:17,019 : INFO : EventManager : Event: ======'logicblock_super_pops_phase1_counter_updated'====== Args={'value': 0, 'enabled': False}
2026-08-11 20:12:17,019 : INFO : EventManager : Event: ======'logicblock_super_pops_phase2_counter_updated'====== Args={'value': 0, 'enabled': False}
2026-08-11 20:12:17,020 : INFO : EventManager : Event: ======'logicblock_super_pops_phase3_counter_updated'====== Args={'value': 0, 'enabled': False}
2026-08-11 20:12:17,020 : INFO : EventManager : Event: ======'logicblock_super_pops_mega_counter_updated'====== Args={'value': 0, 'enabled': False}
2026-08-11 20:12:17,020 : INFO : Mode.super_pops : Started. Priority: 210
2026-08-11 20:12:17,020 : INFO : EventManager : Event: ======'modes_active_modes_changed'====== Args={}
2026-08-11 20:12:17,020 : INFO : EventManager : Event: ======'mode_super_pops_started'====== Args={'queue': <QueuedEvent>, 'player': 1, 'ball': 1, 'balls_remaining': 2, 'is_extra_ball': False}
2026-08-11 20:12:17,020 : INFO : EventManager : Event: ======'logicblock_super_pops_phase1_counter_updated'====== Args={'value': 0, 'enabled': True}
2026-08-11 20:12:17,020 : INFO : EventManager : Event: ======'logicblock_super_pops_phase1_counter_updated'====== Args={'value': 0, 'enabled': True}
2026-08-11 20:12:17,020 : INFO : EventManager : Event: ======'player_score'====== Args={'value': 1000000, 'prev_value': 0, 'change': 1000000, 'player_num': 1, 'source': 'super_pops'}
2026-08-11 20:12:17,021 : INFO : EventManager : Event: ======'player_super_pops_multiplier'====== Args={'value': 1, 'prev_value': 0, 'change': 1, 'player_num': 1, 'source': 'super_pops'}
2026-08-11 20:12:17,067 : INFO : EventManager : Event: ======'single_player_ball_started'====== Args={}
2026-08-11 20:12:17,074 : INFO : EventManager : Event: ======'ball_start_target'====== Args={'target': 'playfield'}
2026-08-11 20:12:17,077 : INFO : ball_device.bd_plunger : Setting up player-controlled eject. Balls: 1, Target: <playfield.playfield>, player_controlled_eject_event: None
2026-08-11 20:12:17,077 : INFO : EventManager : Event: ======'balldevice_balls_available'====== Args={}
2026-08-11 20:12:17,081 : INFO : ball_device.bd_trough : State: waiting_for_target_ready
2026-08-11 20:12:17,081 : INFO : EventManager : Event: ======'balldevice_bd_trough_ball_eject_attempt'====== Args={'balls': 1, 'target': <ball_device.bd_plunger>, 'source': <ball_device.bd_trough>, 'mechanical_eject': True, 'num_attempts': 0}
2026-08-11 20:12:17,081 : INFO : ball_device.bd_plunger : State: waiting_for_ball
2026-08-11 20:12:17,083 : INFO : ball_device.bd_trough : State: ejecting
2026-08-11 20:12:17,083 : INFO : ball_device.bd_trough : Ejecting ball to <ball_device.bd_plunger>
2026-08-11 20:12:17,083 : INFO : EventManager : Event: ======'balldevice_bd_trough_ejecting_ball'====== Args={'balls': 1, 'target': <ball_device.bd_plunger>, 'source': <ball_device.bd_trough>, 'mechanical_eject': True, 'num_attempts': 0}
2026-08-11 20:12:17,086 : INFO : ball_device.bd_trough : Wait for ball to leave device
2026-08-11 20:12:17,086 : INFO : coil.c_02_trough_eject : Pulsing Driver for 16ms (1.0 pulse_power)
2026-08-11 20:12:17,118 : INFO : SwitchController : <<<<<<< 's_24_trough_1' inactive >>>>>>>
2026-08-11 20:12:17,119 : INFO : SwitchController : <<<<<<< 's_30_trough_jam' active >>>>>>>
2026-08-11 20:12:17,119 : INFO : EventManager : Event: ======'machine_var_audits_switches_s_30_trough_jam'====== Args={'value': 2262, 'prev_value': 2261, 'change': 1}
2026-08-11 20:12:17,129 : INFO : ball_device.bd_trough : State: ball_left
2026-08-11 20:12:17,129 : INFO : ball_device.bd_trough : Ball left
2026-08-11 20:12:17,129 : INFO : ball_device.bd_trough : Wait for confirm with timeout 10.0
2026-08-11 20:12:17,152 : INFO : SwitchController : <<<<<<< 's_30_trough_jam' inactive >>>>>>>
2026-08-11 20:12:17,197 : INFO : EventManager : Event: ======'player_base_varitarget_reset_timer_tick'====== Args={'value': 1, 'prev_value': 0, 'change': 1, 'player_num': 1}
2026-08-11 20:12:17,197 : INFO : EventManager : Event: ======'timer_varitarget_reset_timer_tick'====== Args={'ticks': 1, 'ticks_remaining': 999998}
2026-08-11 20:12:17,203 : INFO : EventManager : Event: ======'varitarget_reset_step'====== Args={'priority': 0}
2026-08-11 20:12:17,203 : INFO : coil.c_16_varitarget_reset : Pulsing Driver for 5ms (1.0 pulse_power)
2026-08-11 20:12:17,203 : INFO : EventManager : Event: ======'player_varitarget_reset_attempts'====== Args={'value': 3, 'prev_value': 2, 'change': 1, 'player_num': 1, 'source': 'base'}
2026-08-11 20:12:17,341 : INFO : SwitchController : <<<<<<< 's_31_plunger_lane' active >>>>>>>
2026-08-11 20:12:17,341 : INFO : EventManager : Event: ======'s_31_plunger_lane_active'====== Args={}
2026-08-11 20:12:17,341 : INFO : EventManager : Event: ======'machine_var_audits_switches_s_31_plunger_lane'====== Args={'value': 2095, 'prev_value': 2094, 'change': 1}
2026-08-11 20:12:17,343 : INFO : Timer.t_auto_plunge : Starting Timer.
2026-08-11 20:12:17,343 : INFO : EventManager : Event: ======'timer_t_auto_plunge_started'====== Args={'ticks': 10, 'ticks_remaining': 10}
2026-08-11 20:12:17,343 : INFO : EventManager : Event: ======'timer_t_auto_plunge_tick'====== Args={'ticks': 10, 'ticks_remaining': 10}
2026-08-11 20:12:17,403 : INFO : EventManager : Event: ======'player_base_varitarget_reset_timer_tick'====== Args={'value': 2, 'prev_value': 1, 'change': 1, 'player_num': 1}
2026-08-11 20:12:17,403 : INFO : EventManager : Event: ======'timer_varitarget_reset_timer_tick'====== Args={'ticks': 2, 'ticks_remaining': 999997}
2026-08-11 20:12:17,410 : INFO : EventManager : Event: ======'varitarget_reset_step'====== Args={'priority': 0}
2026-08-11 20:12:17,411 : INFO : coil.c_16_varitarget_reset : Pulsing Driver for 5ms (1.0 pulse_power)
2026-08-11 20:12:17,411 : INFO : EventManager : Event: ======'player_varitarget_reset_attempts'====== Args={'value': 4, 'prev_value': 3, 'change': 1, 'player_num': 1, 'source': 'base'}
2026-08-11 20:12:17,420 : INFO : EventManager : Event: ======'slide_base_slide_created'====== Args={'_from_bcp': True}
2026-08-11 20:12:17,420 : INFO : EventManager : Event: ======'slide_attract_inactive'====== Args={'is_removing': True, '_from_bcp': True}
2026-08-11 20:12:17,420 : INFO : EventManager : Event: ======'slide_base_slide_active'====== Args={'original_context': 'base', 'original_calling_context': 'mode_base_started', 'priority': 100.0, 'queue': '<QueuedEvent>', 'player': 1.0, 'ball': 1.0, 'balls_remaining': 2.0, 'is_extra_ball': False, 'cmd': 'slides_play', '_from_bcp': True}
2026-08-11 20:12:17,426 : INFO : EventManager : Event: ======'slide_attract_removed'====== Args={'_from_bcp': True}
2026-08-11 20:12:17,450 : INFO : SwitchController : <<<<<<< 's_25_trough_2' inactive >>>>>>>
2026-08-11 20:12:17,450 : INFO : SwitchController : <<<<<<< 's_26_trough_3' inactive >>>>>>>
2026-08-11 20:12:17,500 : INFO : SwitchController : <<<<<<< 's_24_trough_1' active >>>>>>>
2026-08-11 20:12:17,500 : INFO : EventManager : Event: ======'machine_var_audits_switches_s_24_trough_1'====== Args={'value': 2262, 'prev_value': 2261, 'change': 1}
2026-08-11 20:12:17,501 : INFO : SwitchController : <<<<<<< 's_25_trough_2' active >>>>>>>
2026-08-11 20:12:17,501 : INFO : EventManager : Event: ======'machine_var_audits_switches_s_25_trough_2'====== Args={'value': 2225, 'prev_value': 2224, 'change': 1}
2026-08-11 20:12:17,609 : INFO : EventManager : Event: ======'player_base_varitarget_reset_timer_tick'====== Args={'value': 3, 'prev_value': 2, 'change': 1, 'player_num': 1}
2026-08-11 20:12:17,610 : INFO : EventManager : Event: ======'timer_varitarget_reset_timer_tick'====== Args={'ticks': 3, 'ticks_remaining': 999996}
2026-08-11 20:12:17,616 : INFO : EventManager : Event: ======'varitarget_reset_step'====== Args={'priority': 0}
2026-08-11 20:12:17,616 : INFO : coil.c_16_varitarget_reset : Pulsing Driver for 5ms (1.0 pulse_power)
2026-08-11 20:12:17,616 : INFO : EventManager : Event: ======'player_varitarget_reset_attempts'====== Args={'value': 5, 'prev_value': 4, 'change': 1, 'player_num': 1, 'source': 'base'}
2026-08-11 20:12:17,815 : INFO : EventManager : Event: ======'player_base_varitarget_reset_timer_tick'====== Args={'value': 4, 'prev_value': 3, 'change': 1, 'player_num': 1}
2026-08-11 20:12:17,815 : INFO : EventManager : Event: ======'timer_varitarget_reset_timer_tick'====== Args={'ticks': 4, 'ticks_remaining': 999995}
2026-08-11 20:12:17,821 : INFO : EventManager : Event: ======'varitarget_reset_step'====== Args={'priority': 0}
2026-08-11 20:12:17,822 : INFO : coil.c_16_varitarget_reset : Pulsing Driver for 5ms (1.0 pulse_power)
2026-08-11 20:12:17,822 : INFO : EventManager : Event: ======'player_varitarget_reset_attempts'====== Args={'value': 6, 'prev_value': 5, 'change': 1, 'player_num': 1, 'source': 'base'}
2026-08-11 20:12:17,833 : INFO : ball_device.bd_plunger : Received ball from <ball_device.bd_trough>
2026-08-11 20:12:17,833 : INFO : EventManager : Event: ======'balldevice_bd_plunger_ball_enter'====== Args={'new_balls': 1, 'unclaimed_balls': 0, 'new_available_balls': 0, 'device': <ball_device.bd_plunger>}
2026-08-11 20:12:17,834 : INFO : EventManager : Event: ======'balldevice_bd_plunger_ball_entered'====== Args={'new_balls': 0, 'device': <ball_device.bd_plunger>}
2026-08-11 20:12:17,835 : INFO : EventManager : Event: ======'balldevice_bd_plunger_ball_count_changed'====== Args={'balls': 1}
2026-08-11 20:12:17,835 : INFO : ball_device.bd_trough : Got eject confirm
2026-08-11 20:12:17,835 : INFO : ball_device.bd_trough : Eject successful
2026-08-11 20:12:17,835 : INFO : EventManager : Event: ======'balldevice_bd_trough_ball_eject_success'====== Args={'balls': 1, 'target': <ball_device.bd_plunger>}
2026-08-11 20:12:17,837 : INFO : EventManager : Event: ======'balldevice_bd_trough_ball_count_changed'====== Args={'balls': 2}
2026-08-11 20:12:17,837 : INFO : ball_device.bd_trough : State: idle
2026-08-11 20:12:17,837 : INFO : ball_device.bd_plunger : State: waiting_for_target_ready
2026-08-11 20:12:17,837 : INFO : EventManager : Event: ======'balldevice_bd_plunger_ball_eject_attempt'====== Args={'balls': 1, 'target': <playfield.playfield>, 'source': <ball_device.bd_plunger>, 'mechanical_eject': True, 'num_attempts': 0}
2026-08-11 20:12:17,838 : INFO : ball_device.bd_plunger : State: ejecting
2026-08-11 20:12:17,839 : INFO : ball_device.bd_plunger : Ejecting ball to <playfield.playfield>
2026-08-11 20:12:17,839 : INFO : EventManager : Event: ======'balldevice_bd_plunger_ejecting_ball'====== Args={'balls': 1, 'target': <playfield.playfield>, 'source': <ball_device.bd_plunger>, 'mechanical_eject': True, 'num_attempts': 0}
2026-08-11 20:12:17,841 : INFO : ball_device.bd_plunger : Wait for ball to leave device
2026-08-11 20:12:17,990 : INFO : EventManager : Event: ======'player_base_varitarget_reset_timer_tick'====== Args={'value': 5, 'prev_value': 4, 'change': 1, 'player_num': 1}
2026-08-11 20:12:17,991 : INFO : EventManager : Event: ======'timer_varitarget_reset_timer_tick'====== Args={'ticks': 5, 'ticks_remaining': 999994}
2026-08-11 20:12:17,993 : INFO : SwitchController : <<<<<<< 's_31_plunger_lane' inactive >>>>>>>
2026-08-11 20:12:17,994 : INFO : EventManager : Event: ======'s_31_plunger_lane_inactive'====== Args={}
2026-08-11 20:12:18,002 : INFO : EventManager : Event: ======'varitarget_reset_step'====== Args={'priority': 0}
2026-08-11 20:12:18,002 : INFO : coil.c_16_varitarget_reset : Pulsing Driver for 5ms (1.0 pulse_power)
2026-08-11 20:12:18,003 : INFO : EventManager : Event: ======'player_varitarget_reset_attempts'====== Args={'value': 7, 'prev_value': 6, 'change': 1, 'player_num': 1, 'source': 'base'}
2026-08-11 20:12:18,008 : INFO : EventManager : Event: ======'skillshot_plunger_left'====== Args={'priority': 0}
2026-08-11 20:12:18,009 : INFO : Timer.t_auto_plunge : Stopping Timer
2026-08-11 20:12:18,009 : INFO : EventManager : Event: ======'timer_t_auto_plunge_stopped'====== Args={'ticks': 10, 'ticks_remaining': 10}
2026-08-11 20:12:18,009 : INFO : EventManager : Event: ======'ball_save_request'====== Args={'priority': 0}
2026-08-11 20:12:18,009 : INFO : EventManager : Event: ======'player_skillshot_left_plunger'====== Args={'value': 1, 'prev_value': 0, 'change': 1, 'player_num': 1, 'source': 'skillshot'}
2026-08-11 20:12:18,014 : INFO : EventManager : Event: ======'player_launch_ball_save_used'====== Args={'value': 1, 'prev_value': 0, 'change': 1, 'player_num': 1, 'source': 'base'}
2026-08-11 20:12:18,015 : INFO : EventManager : Event: ======'ball_save_bs_default_timer_start'====== Args={}
2026-08-11 20:12:18,015 : INFO : EventManager : Event: ======'ball_save_bs_default_enabled'====== Args={}
2026-08-11 20:12:18,028 : INFO : ball_device.bd_plunger : State: ball_left
2026-08-11 20:12:18,028 : INFO : ball_device.bd_plunger : Ball left
2026-08-11 20:12:18,028 : INFO : ball_device.bd_plunger : Wait for confirm with timeout 4.0
2026-08-11 20:12:18,198 : INFO : EventManager : Event: ======'player_base_varitarget_reset_timer_tick'====== Args={'value': 6, 'prev_value': 5, 'change': 1, 'player_num': 1}
2026-08-11 20:12:18,198 : INFO : EventManager : Event: ======'timer_varitarget_reset_timer_tick'====== Args={'ticks': 6, 'ticks_remaining': 999993}
2026-08-11 20:12:18,205 : INFO : EventManager : Event: ======'varitarget_reset_step'====== Args={'priority': 0}
2026-08-11 20:12:18,205 : INFO : coil.c_16_varitarget_reset : Pulsing Driver for 5ms (1.0 pulse_power)
2026-08-11 20:12:18,205 : INFO : EventManager : Event: ======'player_varitarget_reset_attempts'====== Args={'value': 8, 'prev_value': 7, 'change': 1, 'player_num': 1, 'source': 'base'}
2026-08-11 20:12:18,405 : INFO : EventManager : Event: ======'player_base_varitarget_reset_timer_tick'====== Args={'value': 7, 'prev_value': 6, 'change': 1, 'player_num': 1}
2026-08-11 20:12:18,405 : INFO : EventManager : Event: ======'timer_varitarget_reset_timer_tick'====== Args={'ticks': 7, 'ticks_remaining': 999992}
2026-08-11 20:12:18,412 : INFO : EventManager : Event: ======'varitarget_reset_step'====== Args={'priority': 0}
2026-08-11 20:12:18,413 : INFO : coil.c_16_varitarget_reset : Pulsing Driver for 5ms (1.0 pulse_power)
2026-08-11 20:12:18,413 : INFO : EventManager : Event: ======'player_varitarget_reset_attempts'====== Args={'value': 9, 'prev_value': 8, 'change': 1, 'player_num': 1, 'source': 'base'}
2026-08-11 20:12:18,608 : INFO : EventManager : Event: ======'player_base_varitarget_reset_timer_tick'====== Args={'value': 8, 'prev_value': 7, 'change': 1, 'player_num': 1}
2026-08-11 20:12:18,608 : INFO : EventManager : Event: ======'timer_varitarget_reset_timer_tick'====== Args={'ticks': 8, 'ticks_remaining': 999991}
2026-08-11 20:12:18,614 : INFO : EventManager : Event: ======'varitarget_reset_step'====== Args={'priority': 0}
2026-08-11 20:12:18,615 : INFO : coil.c_16_varitarget_reset : Pulsing Driver for 5ms (1.0 pulse_power)
2026-08-11 20:12:18,615 : INFO : EventManager : Event: ======'player_varitarget_reset_attempts'====== Args={'value': 10, 'prev_value': 9, 'change': 1, 'player_num': 1, 'source': 'base'}
2026-08-11 20:12:18,814 : INFO : EventManager : Event: ======'player_base_varitarget_reset_timer_tick'====== Args={'value': 9, 'prev_value': 8, 'change': 1, 'player_num': 1}
2026-08-11 20:12:18,814 : INFO : EventManager : Event: ======'timer_varitarget_reset_timer_tick'====== Args={'ticks': 9, 'ticks_remaining': 999990}
2026-08-11 20:12:18,820 : INFO : EventManager : Event: ======'varitarget_reset_step'====== Args={'priority': 0}
2026-08-11 20:12:18,821 : INFO : coil.c_16_varitarget_reset : Pulsing Driver for 5ms (1.0 pulse_power)
2026-08-11 20:12:18,821 : INFO : EventManager : Event: ======'player_varitarget_reset_attempts'====== Args={'value': 11, 'prev_value': 10, 'change': 1, 'player_num': 1, 'source': 'base'}
2026-08-11 20:12:18,990 : INFO : EventManager : Event: ======'player_base_varitarget_reset_timer_tick'====== Args={'value': 10, 'prev_value': 9, 'change': 1, 'player_num': 1}
2026-08-11 20:12:18,991 : INFO : EventManager : Event: ======'timer_varitarget_reset_timer_tick'====== Args={'ticks': 10, 'ticks_remaining': 999989}
2026-08-11 20:12:19,000 : INFO : EventManager : Event: ======'varitarget_reset_step'====== Args={'priority': 0}
2026-08-11 20:12:19,001 : INFO : coil.c_16_varitarget_reset : Pulsing Driver for 5ms (1.0 pulse_power)
2026-08-11 20:12:19,001 : INFO : EventManager : Event: ======'player_varitarget_reset_attempts'====== Args={'value': 12, 'prev_value': 11, 'change': 1, 'player_num': 1, 'source': 'base'}
2026-08-11 20:12:19,198 : INFO : EventManager : Event: ======'player_base_varitarget_reset_timer_tick'====== Args={'value': 11, 'prev_value': 10, 'change': 1, 'player_num': 1}
2026-08-11 20:12:19,199 : INFO : EventManager : Event: ======'timer_varitarget_reset_timer_tick'====== Args={'ticks': 11, 'ticks_remaining': 999988}
2026-08-11 20:12:19,205 : INFO : EventManager : Event: ======'varitarget_reset_step'====== Args={'priority': 0}
2026-08-11 20:12:19,205 : INFO : coil.c_16_varitarget_reset : Pulsing Driver for 5ms (1.0 pulse_power)
2026-08-11 20:12:19,205 : INFO : EventManager : Event: ======'player_varitarget_reset_attempts'====== Args={'value': 13, 'prev_value': 12, 'change': 1, 'player_num': 1, 'source': 'base'}
2026-08-11 20:12:19,405 : INFO : EventManager : Event: ======'player_base_varitarget_reset_timer_tick'====== Args={'value': 12, 'prev_value': 11, 'change': 1, 'player_num': 1}
2026-08-11 20:12:19,405 : INFO : EventManager : Event: ======'timer_varitarget_reset_timer_tick'====== Args={'ticks': 12, 'ticks_remaining': 999987}
2026-08-11 20:12:19,412 : INFO : EventManager : Event: ======'varitarget_reset_step'====== Args={'priority': 0}
2026-08-11 20:12:19,412 : INFO : coil.c_16_varitarget_reset : Pulsing Driver for 5ms (1.0 pulse_power)
2026-08-11 20:12:19,412 : INFO : EventManager : Event: ======'player_varitarget_reset_attempts'====== Args={'value': 14, 'prev_value': 13, 'change': 1, 'player_num': 1, 'source': 'base'}
2026-08-11 20:12:19,609 : INFO : EventManager : Event: ======'player_base_varitarget_reset_timer_tick'====== Args={'value': 13, 'prev_value': 12, 'change': 1, 'player_num': 1}
2026-08-11 20:12:19,609 : INFO : EventManager : Event: ======'timer_varitarget_reset_timer_tick'====== Args={'ticks': 13, 'ticks_remaining': 999986}
2026-08-11 20:12:19,616 : INFO : EventManager : Event: ======'varitarget_reset_step'====== Args={'priority': 0}
2026-08-11 20:12:19,616 : INFO : coil.c_16_varitarget_reset : Pulsing Driver for 5ms (1.0 pulse_power)
2026-08-11 20:12:19,616 : INFO : EventManager : Event: ======'player_varitarget_reset_attempts'====== Args={'value': 15, 'prev_value': 14, 'change': 1, 'player_num': 1, 'source': 'base'}
2026-08-11 20:12:19,813 : INFO : EventManager : Event: ======'player_base_varitarget_reset_timer_tick'====== Args={'value': 14, 'prev_value': 13, 'change': 1, 'player_num': 1}
2026-08-11 20:12:19,813 : INFO : EventManager : Event: ======'timer_varitarget_reset_timer_tick'====== Args={'ticks': 14, 'ticks_remaining': 999985}
2026-08-11 20:12:19,819 : INFO : EventManager : Event: ======'varitarget_reset_step'====== Args={'priority': 0}
2026-08-11 20:12:19,820 : INFO : coil.c_16_varitarget_reset : Pulsing Driver for 5ms (1.0 pulse_power)
2026-08-11 20:12:19,820 : INFO : EventManager : Event: ======'player_varitarget_reset_attempts'====== Args={'value': 16, 'prev_value': 15, 'change': 1, 'player_num': 1, 'source': 'base'}
2026-08-11 20:12:19,988 : INFO : EventManager : Event: ======'player_base_varitarget_reset_timer_tick'====== Args={'value': 15, 'prev_value': 14, 'change': 1, 'player_num': 1}
2026-08-11 20:12:19,988 : INFO : EventManager : Event: ======'timer_varitarget_reset_timer_tick'====== Args={'ticks': 15, 'ticks_remaining': 999984}
2026-08-11 20:12:19,999 : INFO : EventManager : Event: ======'varitarget_reset_step'====== Args={'priority': 0}
2026-08-11 20:12:20,000 : INFO : coil.c_16_varitarget_reset : Pulsing Driver for 5ms (1.0 pulse_power)
2026-08-11 20:12:20,000 : INFO : EventManager : Event: ======'player_varitarget_reset_attempts'====== Args={'value': 17, 'prev_value': 16, 'change': 1, 'player_num': 1, 'source': 'base'}
2026-08-11 20:12:20,098 : INFO : SwitchController : <<<<<<< 's_41_stand_up_target_6' active >>>>>>>
2026-08-11 20:12:20,098 : INFO : EventManager : Event: ======'playfield_active'====== Args={'source': 'resistance_qualify_target_6'}
2026-08-11 20:12:20,098 : INFO : EventManager : Event: ======'s_41_stand_up_target_6_active'====== Args={}
2026-08-11 20:12:20,099 : INFO : EventManager : Event: ======'sw_playfield_active'====== Args={}
2026-08-11 20:12:20,099 : INFO : EventManager : Event: ======'sw_standups'====== Args={}
2026-08-11 20:12:20,099 : INFO : EventManager : Event: ======'machine_var_audits_switches_s_41_stand_up_target_6'====== Args={'value': 2499, 'prev_value': 2498, 'change': 1}
2026-08-11 20:12:20,100 : INFO : EventManager : Event: ======'stars_t41_on'====== Args={'priority': 0}
2026-08-11 20:12:20,101 : INFO : EventManager : Event: ======'skillshot_phase1_success'====== Args={'priority': 0}
2026-08-11 20:12:20,101 : INFO : EventManager : Event: ======'skillshot_complete'====== Args={'priority': 0}
2026-08-11 20:12:20,101 : INFO : EventManager : Event: ======'brian_combo_step1'====== Args={'priority': 0}
2026-08-11 20:12:20,101 : INFO : EventManager : Event: ======'awareness_add_4'====== Args={'priority': 0}
2026-08-11 20:12:20,101 : INFO : EventManager : Event: ======'stars_count_updated'====== Args={'priority': 0}
2026-08-11 20:12:20,102 : INFO : EventManager : Event: ======'stars_monitor_t41_on'====== Args={'priority': 0}
2026-08-11 20:12:20,102 : INFO : EventManager : Event: ======'player_stars_t41'====== Args={'value': 1, 'prev_value': 0, 'change': 1, 'player_num': 1, 'source': 'stars_mode'}
2026-08-11 20:12:20,102 : INFO : EventManager : Event: ======'player_stars_targets_lit_count'====== Args={'value': 1, 'prev_value': 0, 'change': 1, 'player_num': 1, 'source': 'stars_mode'}
2026-08-11 20:12:20,112 : INFO : EventManager : Event: ======'player_skillshot_first_switch_seen'====== Args={'value': 1, 'prev_value': 0, 'change': 1, 'player_num': 1, 'source': 'skillshot'}
2026-08-11 20:12:20,113 : INFO : EventManager : Event: ======'player_skillshot_phase1_success'====== Args={'value': 1, 'prev_value': 0, 'change': 1, 'player_num': 1, 'source': 'skillshot'}
2026-08-11 20:12:20,113 : INFO : EventManager : Event: ======'player_score'====== Args={'value': 1500000, 'prev_value': 1000000, 'change': 500000, 'player_num': 1, 'source': 'skillshot'}
2026-08-11 20:12:20,128 : INFO : EventManager : Event: ======'mode_skillshot_will_stop'====== Args={}
2026-08-11 20:12:20,128 : INFO : EventManager : Event: ======'mode_skillshot_stopping'====== Args={}
2026-08-11 20:12:20,128 : INFO : EventManager : Event: ======'player_brian_combo_step'====== Args={'value': 1, 'prev_value': 0, 'change': 1, 'player_num': 1, 'source': 'brian_combo'}
2026-08-11 20:12:20,133 : INFO : EventManager : Event: ======'player_awareness'====== Args={'value': 4, 'prev_value': 0, 'change': 4, 'player_num': 1, 'source': 'awareness'}
2026-08-11 20:12:20,134 : INFO : EventManager : Event: ======'player_awareness_percent'====== Args={'value': 4, 'prev_value': 0, 'change': 4, 'player_num': 1, 'source': 'awareness'}
2026-08-11 20:12:20,144 : INFO : EventManager : Event: ======'playfield_active'====== Args={'source': None}
2026-08-11 20:12:20,144 : INFO : EventManager : Event: ======'player_score'====== Args={'value': 1500042, 'prev_value': 1500000, 'change': 42, 'player_num': 1, 'source': 'base'}
2026-08-11 20:12:20,149 : INFO : Mode.skillshot : Stopped.
2026-08-11 20:12:20,149 : INFO : EventManager : Event: ======'modes_active_modes_changed'====== Args={}
2026-08-11 20:12:20,150 : INFO : EventManager : Event: ======'mode_skillshot_stopped'====== Args={}
2026-08-11 20:12:20,150 : INFO : EventManager : Event: ======'clear'====== Args={'key': 'skillshot'}
2026-08-11 20:12:20,174 : INFO : ball_device.bd_plunger : Got eject confirm
2026-08-11 20:12:20,174 : INFO : ball_device.bd_plunger : Eject successful
2026-08-11 20:12:20,174 : INFO : EventManager : Event: ======'balldevice_bd_plunger_ball_eject_success'====== Args={'balls': 1, 'target': <playfield.playfield>}
2026-08-11 20:12:20,180 : INFO : EventManager : Event: ======'balldevice_playfield_ball_enter'====== Args={'new_balls': 1, 'unclaimed_balls': 1, 'device': <playfield.playfield>}
2026-08-11 20:12:20,181 : INFO : EventManager : Event: ======'playfield_ball_count_change'====== Args={'balls': 1, 'change': 1}
2026-08-11 20:12:20,184 : INFO : EventManager : Event: ======'balldevice_bd_plunger_ball_count_changed'====== Args={'balls': 0}
2026-08-11 20:12:20,184 : INFO : ball_device.bd_plunger : State: idle
2026-08-11 20:12:20,192 : INFO : EventManager : Event: ======'player_base_varitarget_reset_timer_tick'====== Args={'value': 16, 'prev_value': 15, 'change': 1, 'player_num': 1}
2026-08-11 20:12:20,193 : INFO : EventManager : Event: ======'timer_varitarget_reset_timer_tick'====== Args={'ticks': 16, 'ticks_remaining': 999983}
2026-08-11 20:12:20,199 : INFO : EventManager : Event: ======'varitarget_reset_step'====== Args={'priority': 0}
2026-08-11 20:12:20,199 : INFO : coil.c_16_varitarget_reset : Pulsing Driver for 5ms (1.0 pulse_power)
2026-08-11 20:12:20,199 : INFO : EventManager : Event: ======'player_varitarget_reset_attempts'====== Args={'value': 18, 'prev_value': 17, 'change': 1, 'player_num': 1, 'source': 'base'}
2026-08-11 20:12:20,246 : INFO : SwitchController : <<<<<<< 's_41_stand_up_target_6' inactive >>>>>>>
2026-08-11 20:12:20,251 : INFO : SwitchController : <<<<<<< 's_41_stand_up_target_6' active >>>>>>>
2026-08-11 20:12:20,251 : INFO : EventManager : Event: ======'s_41_stand_up_target_6_active'====== Args={}
2026-08-11 20:12:20,252 : INFO : EventManager : Event: ======'sw_playfield_active'====== Args={}
2026-08-11 20:12:20,252 : INFO : EventManager : Event: ======'sw_standups'====== Args={}
2026-08-11 20:12:20,252 : INFO : EventManager : Event: ======'machine_var_audits_switches_s_41_stand_up_target_6'====== Args={'value': 2500, 'prev_value': 2499, 'change': 1}
2026-08-11 20:12:20,253 : INFO : EventManager : Event: ======'stars_t41_off'====== Args={'priority': 0}
2026-08-11 20:12:20,254 : INFO : EventManager : Event: ======'brian_combo_step1'====== Args={'priority': 0}
2026-08-11 20:12:20,254 : INFO : EventManager : Event: ======'awareness_add_4'====== Args={'priority': 0}
2026-08-11 20:12:20,254 : INFO : EventManager : Event: ======'stars_count_updated'====== Args={'priority': 0}
2026-08-11 20:12:20,254 : INFO : EventManager : Event: ======'stars_monitor_t41_off'====== Args={'priority': 0}
2026-08-11 20:12:20,254 : INFO : EventManager : Event: ======'player_stars_t41'====== Args={'value': 0, 'prev_value': 1, 'change': -1, 'player_num': 1, 'source': 'stars_mode'}
2026-08-11 20:12:20,255 : INFO : EventManager : Event: ======'player_stars_targets_lit_count'====== Args={'value': 0, 'prev_value': 1, 'change': -1, 'player_num': 1, 'source': 'stars_mode'}
2026-08-11 20:12:20,265 : INFO : EventManager : Event: ======'player_awareness'====== Args={'value': 8, 'prev_value': 4, 'change': 4, 'player_num': 1, 'source': 'awareness'}
2026-08-11 20:12:20,265 : INFO : EventManager : Event: ======'player_awareness_percent'====== Args={'value': 8, 'prev_value': 4, 'change': 4, 'player_num': 1, 'source': 'awareness'}
2026-08-11 20:12:20,276 : INFO : EventManager : Event: ======'player_score'====== Args={'value': 1500084, 'prev_value': 1500042, 'change': 42, 'player_num': 1, 'source': 'base'}
2026-08-11 20:12:20,286 : INFO : SwitchController : <<<<<<< 's_41_stand_up_target_6' inactive >>>>>>>
2026-08-11 20:12:20,286 : INFO : SwitchController : <<<<<<< 's_41_stand_up_target_6' active >>>>>>>
2026-08-11 20:12:20,286 : INFO : EventManager : Event: ======'s_41_stand_up_target_6_active'====== Args={}
2026-08-11 20:12:20,286 : INFO : EventManager : Event: ======'sw_playfield_active'====== Args={}
2026-08-11 20:12:20,286 : INFO : EventManager : Event: ======'sw_standups'====== Args={}
2026-08-11 20:12:20,287 : INFO : EventManager : Event: ======'machine_var_audits_switches_s_41_stand_up_target_6'====== Args={'value': 2501, 'prev_value': 2500, 'change': 1}
2026-08-11 20:12:20,287 : INFO : SwitchController : <<<<<<< 's_41_stand_up_target_6' inactive >>>>>>>
2026-08-11 20:12:20,287 : INFO : SwitchController : <<<<<<< 's_41_stand_up_target_6' active >>>>>>>
2026-08-11 20:12:20,287 : INFO : EventManager : Event: ======'s_41_stand_up_target_6_active'====== Args={}
2026-08-11 20:12:20,287 : INFO : EventManager : Event: ======'sw_playfield_active'====== Args={}
2026-08-11 20:12:20,287 : INFO : EventManager : Event: ======'sw_standups'====== Args={}
2026-08-11 20:12:20,288 : INFO : EventManager : Event: ======'machine_var_audits_switches_s_41_stand_up_target_6'====== Args={'value': 2502, 'prev_value': 2501, 'change': 1}
2026-08-11 20:12:20,288 : INFO : SwitchController : <<<<<<< 's_41_stand_up_target_6' inactive >>>>>>>
2026-08-11 20:12:20,290 : INFO : EventManager : Event: ======'stars_t41_on'====== Args={'priority': 0}
2026-08-11 20:12:20,290 : INFO : EventManager : Event: ======'brian_combo_step1'====== Args={'priority': 0}
2026-08-11 20:12:20,291 : INFO : EventManager : Event: ======'awareness_add_4'====== Args={'priority': 0}
2026-08-11 20:12:20,291 : INFO : EventManager : Event: ======'stars_count_updated'====== Args={'priority': 0}
2026-08-11 20:12:20,291 : INFO : EventManager : Event: ======'stars_monitor_t41_on'====== Args={'priority': 0}
2026-08-11 20:12:20,292 : INFO : EventManager : Event: ======'player_stars_t41'====== Args={'value': 1, 'prev_value': 0, 'change': 1, 'player_num': 1, 'source': 'stars_mode'}
2026-08-11 20:12:20,292 : INFO : EventManager : Event: ======'player_stars_targets_lit_count'====== Args={'value': 1, 'prev_value': 0, 'change': 1, 'player_num': 1, 'source': 'stars_mode'}
2026-08-11 20:12:20,302 : INFO : EventManager : Event: ======'player_awareness'====== Args={'value': 12, 'prev_value': 8, 'change': 4, 'player_num': 1, 'source': 'awareness'}
2026-08-11 20:12:20,303 : INFO : EventManager : Event: ======'player_awareness_percent'====== Args={'value': 12, 'prev_value': 8, 'change': 4, 'player_num': 1, 'source': 'awareness'}
2026-08-11 20:12:20,314 : INFO : EventManager : Event: ======'player_score'====== Args={'value': 1500126, 'prev_value': 1500084, 'change': 42, 'player_num': 1, 'source': 'base'}
2026-08-11 20:12:20,320 : INFO : EventManager : Event: ======'stars_t41_off'====== Args={'priority': 0}
2026-08-11 20:12:20,320 : INFO : EventManager : Event: ======'brian_combo_step1'====== Args={'priority': 0}
2026-08-11 20:12:20,320 : INFO : EventManager : Event: ======'awareness_add_4'====== Args={'priority': 0}
2026-08-11 20:12:20,320 : INFO : EventManager : Event: ======'stars_count_updated'====== Args={'priority': 0}
2026-08-11 20:12:20,320 : INFO : EventManager : Event: ======'stars_monitor_t41_off'====== Args={'priority': 0}
2026-08-11 20:12:20,321 : INFO : EventManager : Event: ======'player_stars_t41'====== Args={'value': 0, 'prev_value': 1, 'change': -1, 'player_num': 1, 'source': 'stars_mode'}
2026-08-11 20:12:20,321 : INFO : EventManager : Event: ======'player_stars_targets_lit_count'====== Args={'value': 0, 'prev_value': 1, 'change': -1, 'player_num': 1, 'source': 'stars_mode'}
2026-08-11 20:12:20,332 : INFO : EventManager : Event: ======'player_awareness'====== Args={'value': 16, 'prev_value': 12, 'change': 4, 'player_num': 1, 'source': 'awareness'}
2026-08-11 20:12:20,332 : INFO : EventManager : Event: ======'player_awareness_percent'====== Args={'value': 16, 'prev_value': 12, 'change': 4, 'player_num': 1, 'source': 'awareness'}
2026-08-11 20:12:20,342 : INFO : EventManager : Event: ======'player_score'====== Args={'value': 1500168, 'prev_value': 1500126, 'change': 42, 'player_num': 1, 'source': 'base'}
2026-08-11 20:12:20,353 : INFO : SwitchController : <<<<<<< 's_41_stand_up_target_6' active >>>>>>>
2026-08-11 20:12:20,353 : INFO : EventManager : Event: ======'s_41_stand_up_target_6_active'====== Args={}
2026-08-11 20:12:20,353 : INFO : EventManager : Event: ======'sw_playfield_active'====== Args={}
2026-08-11 20:12:20,353 : INFO : EventManager : Event: ======'sw_standups'====== Args={}
2026-08-11 20:12:20,354 : INFO : EventManager : Event: ======'machine_var_audits_switches_s_41_stand_up_target_6'====== Args={'value': 2503, 'prev_value': 2502, 'change': 1}
2026-08-11 20:12:20,354 : INFO : SwitchController : <<<<<<< 's_41_stand_up_target_6' inactive >>>>>>>
2026-08-11 20:12:20,354 : INFO : SwitchController : <<<<<<< 's_41_stand_up_target_6' active >>>>>>>
2026-08-11 20:12:20,354 : INFO : EventManager : Event: ======'s_41_stand_up_target_6_active'====== Args={}
2026-08-11 20:12:20,354 : INFO : EventManager : Event: ======'sw_playfield_active'====== Args={}
2026-08-11 20:12:20,355 : INFO : EventManager : Event: ======'sw_standups'====== Args={}
2026-08-11 20:12:20,355 : INFO : EventManager : Event: ======'machine_var_audits_switches_s_41_stand_up_target_6'====== Args={'value': 2504, 'prev_value': 2503, 'change': 1}
2026-08-11 20:12:20,355 : INFO : SwitchController : <<<<<<< 's_41_stand_up_target_6' inactive >>>>>>>
2026-08-11 20:12:20,356 : INFO : EventManager : Event: ======'stars_t41_on'====== Args={'priority': 0}
2026-08-11 20:12:20,357 : INFO : EventManager : Event: ======'brian_combo_step1'====== Args={'priority': 0}
2026-08-11 20:12:20,357 : INFO : EventManager : Event: ======'awareness_add_4'====== Args={'priority': 0}
2026-08-11 20:12:20,357 : INFO : EventManager : Event: ======'stars_count_updated'====== Args={'priority': 0}
2026-08-11 20:12:20,357 : INFO : EventManager : Event: ======'stars_monitor_t41_on'====== Args={'priority': 0}
2026-08-11 20:12:20,357 : INFO : EventManager : Event: ======'player_stars_t41'====== Args={'value': 1, 'prev_value': 0, 'change': 1, 'player_num': 1, 'source': 'stars_mode'}
2026-08-11 20:12:20,358 : INFO : EventManager : Event: ======'player_stars_targets_lit_count'====== Args={'value': 1, 'prev_value': 0, 'change': 1, 'player_num': 1, 'source': 'stars_mode'}
2026-08-11 20:12:20,369 : INFO : EventManager : Event: ======'player_awareness'====== Args={'value': 20, 'prev_value': 16, 'change': 4, 'player_num': 1, 'source': 'awareness'}
2026-08-11 20:12:20,369 : INFO : EventManager : Event: ======'player_awareness_percent'====== Args={'value': 20, 'prev_value': 16, 'change': 4, 'player_num': 1, 'source': 'awareness'}
2026-08-11 20:12:20,379 : INFO : EventManager : Event: ======'player_score'====== Args={'value': 1500210, 'prev_value': 1500168, 'change': 42, 'player_num': 1, 'source': 'base'}
2026-08-11 20:12:20,385 : INFO : EventManager : Event: ======'stars_t41_off'====== Args={'priority': 0}
2026-08-11 20:12:20,385 : INFO : EventManager : Event: ======'brian_combo_step1'====== Args={'priority': 0}
2026-08-11 20:12:20,385 : INFO : EventManager : Event: ======'awareness_add_4'====== Args={'priority': 0}
2026-08-11 20:12:20,385 : INFO : EventManager : Event: ======'stars_count_updated'====== Args={'priority': 0}
2026-08-11 20:12:20,385 : INFO : EventManager : Event: ======'stars_monitor_t41_off'====== Args={'priority': 0}
2026-08-11 20:12:20,386 : INFO : EventManager : Event: ======'player_stars_t41'====== Args={'value': 0, 'prev_value': 1, 'change': -1, 'player_num': 1, 'source': 'stars_mode'}
2026-08-11 20:12:20,386 : INFO : EventManager : Event: ======'player_stars_targets_lit_count'====== Args={'value': 0, 'prev_value': 1, 'change': -1, 'player_num': 1, 'source': 'stars_mode'}
2026-08-11 20:12:20,396 : INFO : EventManager : Event: ======'player_awareness'====== Args={'value': 24, 'prev_value': 20, 'change': 4, 'player_num': 1, 'source': 'awareness'}
2026-08-11 20:12:20,397 : INFO : EventManager : Event: ======'player_awareness_percent'====== Args={'value': 24, 'prev_value': 20, 'change': 4, 'player_num': 1, 'source': 'awareness'}
2026-08-11 20:12:20,407 : INFO : EventManager : Event: ======'player_score'====== Args={'value': 1500252, 'prev_value': 1500210, 'change': 42, 'player_num': 1, 'source': 'base'}
2026-08-11 20:12:20,418 : INFO : SwitchController : <<<<<<< 's_41_stand_up_target_6' active >>>>>>>
2026-08-11 20:12:20,418 : INFO : EventManager : Event: ======'s_41_stand_up_target_6_active'====== Args={}
2026-08-11 20:12:20,418 : INFO : EventManager : Event: ======'sw_playfield_active'====== Args={}
2026-08-11 20:12:20,418 : INFO : EventManager : Event: ======'sw_standups'====== Args={}
2026-08-11 20:12:20,418 : INFO : EventManager : Event: ======'machine_var_audits_switches_s_41_stand_up_target_6'====== Args={'value': 2505, 'prev_value': 2504, 'change': 1}
2026-08-11 20:12:20,419 : INFO : SwitchController : <<<<<<< 's_41_stand_up_target_6' inactive >>>>>>>
2026-08-11 20:12:20,421 : INFO : EventManager : Event: ======'player_base_varitarget_reset_timer_tick'====== Args={'value': 17, 'prev_value': 16, 'change': 1, 'player_num': 1}
2026-08-11 20:12:20,422 : INFO : EventManager : Event: ======'timer_varitarget_reset_timer_tick'====== Args={'ticks': 17, 'ticks_remaining': 999982}
2026-08-11 20:12:20,422 : INFO : EventManager : Event: ======'stars_t41_on'====== Args={'priority': 0}
2026-08-11 20:12:20,423 : INFO : EventManager : Event: ======'brian_combo_step1'====== Args={'priority': 0}
2026-08-11 20:12:20,423 : INFO : EventManager : Event: ======'awareness_add_4'====== Args={'priority': 0}
2026-08-11 20:12:20,423 : INFO : EventManager : Event: ======'stars_count_updated'====== Args={'priority': 0}
2026-08-11 20:12:20,423 : INFO : EventManager : Event: ======'stars_monitor_t41_on'====== Args={'priority': 0}
2026-08-11 20:12:20,424 : INFO : EventManager : Event: ======'player_stars_t41'====== Args={'value': 1, 'prev_value': 0, 'change': 1, 'player_num': 1, 'source': 'stars_mode'}
2026-08-11 20:12:20,424 : INFO : EventManager : Event: ======'player_stars_targets_lit_count'====== Args={'value': 1, 'prev_value': 0, 'change': 1, 'player_num': 1, 'source': 'stars_mode'}
2026-08-11 20:12:20,434 : INFO : EventManager : Event: ======'player_awareness'====== Args={'value': 28, 'prev_value': 24, 'change': 4, 'player_num': 1, 'source': 'awareness'}
2026-08-11 20:12:20,435 : INFO : EventManager : Event: ======'awareness_progress_display_start'====== Args={'priority': 0}
2026-08-11 20:12:20,435 : INFO : EventManager : Event: ======'player_awareness_percent'====== Args={'value': 28, 'prev_value': 24, 'change': 4, 'player_num': 1, 'source': 'awareness'}
2026-08-11 20:12:20,445 : INFO : EventManager : Event: ======'player_score'====== Args={'value': 1500294, 'prev_value': 1500252, 'change': 42, 'player_num': 1, 'source': 'base'}
2026-08-11 20:12:20,455 : INFO : EventManager : Event: ======'varitarget_reset_step'====== Args={'priority': 0}
2026-08-11 20:12:20,456 : INFO : coil.c_16_varitarget_reset : Pulsing Driver for 5ms (1.0 pulse_power)
2026-08-11 20:12:20,456 : INFO : EventManager : Event: ======'player_varitarget_reset_attempts'====== Args={'value': 19, 'prev_value': 18, 'change': 1, 'player_num': 1, 'source': 'base'}
2026-08-11 20:12:20,505 : INFO : EventManager : Event: ======'widget_awareness_progress_widget_active'====== Args={'original_context': 'awareness', 'original_calling_context': 'awareness_progress_display_start', 'priority': 105.0, 'cmd': 'widgets_play', '_from_bcp': True}
2026-08-11 20:12:20,607 : INFO : EventManager : Event: ======'player_base_varitarget_reset_timer_tick'====== Args={'value': 18, 'prev_value': 17, 'change': 1, 'player_num': 1}
2026-08-11 20:12:20,608 : INFO : EventManager : Event: ======'timer_varitarget_reset_timer_tick'====== Args={'ticks': 18, 'ticks_remaining': 999981}
2026-08-11 20:12:20,614 : INFO : EventManager : Event: ======'varitarget_reset_step'====== Args={'priority': 0}
2026-08-11 20:12:20,614 : INFO : coil.c_16_varitarget_reset : Pulsing Driver for 5ms (1.0 pulse_power)
2026-08-11 20:12:20,614 : INFO : EventManager : Event: ======'player_varitarget_reset_attempts'====== Args={'value': 20, 'prev_value': 19, 'change': 1, 'player_num': 1, 'source': 'base'}
2026-08-11 20:12:20,687 : INFO : SwitchController : <<<<<<< 's_41_stand_up_target_6' active >>>>>>>
2026-08-11 20:12:20,688 : INFO : EventManager : Event: ======'s_41_stand_up_target_6_active'====== Args={}
2026-08-11 20:12:20,688 : INFO : EventManager : Event: ======'sw_playfield_active'====== Args={}
2026-08-11 20:12:20,688 : INFO : EventManager : Event: ======'sw_standups'====== Args={}
2026-08-11 20:12:20,688 : INFO : EventManager : Event: ======'machine_var_audits_switches_s_41_stand_up_target_6'====== Args={'value': 2506, 'prev_value': 2505, 'change': 1}
2026-08-11 20:12:20,692 : INFO : EventManager : Event: ======'stars_t41_off'====== Args={'priority': 0}
2026-08-11 20:12:20,693 : INFO : EventManager : Event: ======'brian_combo_step1'====== Args={'priority': 0}
2026-08-11 20:12:20,693 : INFO : EventManager : Event: ======'awareness_add_4'====== Args={'priority': 0}
2026-08-11 20:12:20,693 : INFO : EventManager : Event: ======'stars_count_updated'====== Args={'priority': 0}
2026-08-11 20:12:20,693 : INFO : EventManager : Event: ======'stars_monitor_t41_off'====== Args={'priority': 0}
2026-08-11 20:12:20,694 : INFO : EventManager : Event: ======'player_stars_t41'====== Args={'value': 0, 'prev_value': 1, 'change': -1, 'player_num': 1, 'source': 'stars_mode'}
2026-08-11 20:12:20,694 : INFO : EventManager : Event: ======'player_stars_targets_lit_count'====== Args={'value': 0, 'prev_value': 1, 'change': -1, 'player_num': 1, 'source': 'stars_mode'}
2026-08-11 20:12:20,707 : INFO : EventManager : Event: ======'player_awareness'====== Args={'value': 32, 'prev_value': 28, 'change': 4, 'player_num': 1, 'source': 'awareness'}
2026-08-11 20:12:20,708 : INFO : EventManager : Event: ======'player_awareness_percent'====== Args={'value': 32, 'prev_value': 28, 'change': 4, 'player_num': 1, 'source': 'awareness'}
2026-08-11 20:12:20,721 : INFO : EventManager : Event: ======'player_score'====== Args={'value': 1500336, 'prev_value': 1500294, 'change': 42, 'player_num': 1, 'source': 'base'}
2026-08-11 20:12:20,783 : INFO : SwitchController : <<<<<<< 's_41_stand_up_target_6' inactive >>>>>>>
2026-08-11 20:12:20,789 : INFO : SwitchController : <<<<<<< 's_41_stand_up_target_6' active >>>>>>>
2026-08-11 20:12:20,789 : INFO : EventManager : Event: ======'s_41_stand_up_target_6_active'====== Args={}
2026-08-11 20:12:20,790 : INFO : EventManager : Event: ======'sw_playfield_active'====== Args={}
2026-08-11 20:12:20,790 : INFO : EventManager : Event: ======'sw_standups'====== Args={}
2026-08-11 20:12:20,790 : INFO : EventManager : Event: ======'machine_var_audits_switches_s_41_stand_up_target_6'====== Args={'value': 2507, 'prev_value': 2506, 'change': 1}
2026-08-11 20:12:20,791 : INFO : EventManager : Event: ======'stars_t41_on'====== Args={'priority': 0}
2026-08-11 20:12:20,792 : INFO : EventManager : Event: ======'brian_combo_step1'====== Args={'priority': 0}
2026-08-11 20:12:20,792 : INFO : EventManager : Event: ======'awareness_add_4'====== Args={'priority': 0}
2026-08-11 20:12:20,792 : INFO : EventManager : Event: ======'stars_count_updated'====== Args={'priority': 0}
2026-08-11 20:12:20,793 : INFO : EventManager : Event: ======'stars_monitor_t41_on'====== Args={'priority': 0}
2026-08-11 20:12:20,793 : INFO : EventManager : Event: ======'player_stars_t41'====== Args={'value': 1, 'prev_value': 0, 'change': 1, 'player_num': 1, 'source': 'stars_mode'}
2026-08-11 20:12:20,793 : INFO : EventManager : Event: ======'player_stars_targets_lit_count'====== Args={'value': 1, 'prev_value': 0, 'change': 1, 'player_num': 1, 'source': 'stars_mode'}
2026-08-11 20:12:20,803 : INFO : EventManager : Event: ======'player_awareness'====== Args={'value': 36, 'prev_value': 32, 'change': 4, 'player_num': 1, 'source': 'awareness'}
2026-08-11 20:12:20,804 : INFO : EventManager : Event: ======'player_awareness_percent'====== Args={'value': 36, 'prev_value': 32, 'change': 4, 'player_num': 1, 'source': 'awareness'}
2026-08-11 20:12:20,815 : INFO : EventManager : Event: ======'player_score'====== Args={'value': 1500378, 'prev_value': 1500336, 'change': 42, 'player_num': 1, 'source': 'base'}
2026-08-11 20:12:20,821 : INFO : SwitchController : <<<<<<< 's_41_stand_up_target_6' inactive >>>>>>>
2026-08-11 20:12:20,828 : INFO : SwitchController : <<<<<<< 's_41_stand_up_target_6' active >>>>>>>
2026-08-11 20:12:20,828 : INFO : EventManager : Event: ======'s_41_stand_up_target_6_active'====== Args={}
2026-08-11 20:12:20,829 : INFO : EventManager : Event: ======'sw_playfield_active'====== Args={}
2026-08-11 20:12:20,829 : INFO : EventManager : Event: ======'sw_standups'====== Args={}
2026-08-11 20:12:20,829 : INFO : EventManager : Event: ======'machine_var_audits_switches_s_41_stand_up_target_6'====== Args={'value': 2508, 'prev_value': 2507, 'change': 1}
2026-08-11 20:12:20,830 : INFO : SwitchController : <<<<<<< 's_41_stand_up_target_6' inactive >>>>>>>
2026-08-11 20:12:20,830 : INFO : EventManager : Event: ======'player_base_varitarget_reset_timer_tick'====== Args={'value': 19, 'prev_value': 18, 'change': 1, 'player_num': 1}
2026-08-11 20:12:20,830 : INFO : EventManager : Event: ======'timer_varitarget_reset_timer_tick'====== Args={'ticks': 19, 'ticks_remaining': 999980}
2026-08-11 20:12:20,831 : INFO : EventManager : Event: ======'stars_t41_off'====== Args={'priority': 0}
2026-08-11 20:12:20,831 : INFO : EventManager : Event: ======'brian_combo_step1'====== Args={'priority': 0}
2026-08-11 20:12:20,831 : INFO : EventManager : Event: ======'awareness_add_4'====== Args={'priority': 0}
2026-08-11 20:12:20,832 : INFO : EventManager : Event: ======'stars_count_updated'====== Args={'priority': 0}
2026-08-11 20:12:20,832 : INFO : EventManager : Event: ======'stars_monitor_t41_off'====== Args={'priority': 0}
2026-08-11 20:12:20,832 : INFO : EventManager : Event: ======'player_stars_t41'====== Args={'value': 0, 'prev_value': 1, 'change': -1, 'player_num': 1, 'source': 'stars_mode'}
2026-08-11 20:12:20,832 : INFO : EventManager : Event: ======'player_stars_targets_lit_count'====== Args={'value': 0, 'prev_value': 1, 'change': -1, 'player_num': 1, 'source': 'stars_mode'}
2026-08-11 20:12:20,844 : INFO : EventManager : Event: ======'player_awareness'====== Args={'value': 40, 'prev_value': 36, 'change': 4, 'player_num': 1, 'source': 'awareness'}
2026-08-11 20:12:20,845 : INFO : EventManager : Event: ======'player_awareness_percent'====== Args={'value': 40, 'prev_value': 36, 'change': 4, 'player_num': 1, 'source': 'awareness'}
2026-08-11 20:12:20,855 : INFO : EventManager : Event: ======'player_score'====== Args={'value': 1500420, 'prev_value': 1500378, 'change': 42, 'player_num': 1, 'source': 'base'}
2026-08-11 20:12:20,867 : INFO : EventManager : Event: ======'varitarget_reset_step'====== Args={'priority': 0}
2026-08-11 20:12:20,867 : INFO : coil.c_16_varitarget_reset : Pulsing Driver for 5ms (1.0 pulse_power)
2026-08-11 20:12:20,867 : INFO : EventManager : Event: ======'player_varitarget_reset_attempts'====== Args={'value': 21, 'prev_value': 20, 'change': 1, 'player_num': 1, 'source': 'base'}
2026-08-11 20:12:20,880 : INFO : SwitchController : <<<<<<< 's_41_stand_up_target_6' active >>>>>>>
2026-08-11 20:12:20,880 : INFO : EventManager : Event: ======'s_41_stand_up_target_6_active'====== Args={}
2026-08-11 20:12:20,880 : INFO : EventManager : Event: ======'sw_playfield_active'====== Args={}
2026-08-11 20:12:20,880 : INFO : EventManager : Event: ======'sw_standups'====== Args={}
2026-08-11 20:12:20,881 : INFO : EventManager : Event: ======'machine_var_audits_switches_s_41_stand_up_target_6'====== Args={'value': 2509, 'prev_value': 2508, 'change': 1}
2026-08-11 20:12:20,881 : INFO : SwitchController : <<<<<<< 's_41_stand_up_target_6' inactive >>>>>>>
2026-08-11 20:12:20,881 : INFO : SwitchController : <<<<<<< 's_41_stand_up_target_6' active >>>>>>>
2026-08-11 20:12:20,881 : INFO : EventManager : Event: ======'s_41_stand_up_target_6_active'====== Args={}
2026-08-11 20:12:20,882 : INFO : EventManager : Event: ======'sw_playfield_active'====== Args={}
2026-08-11 20:12:20,882 : INFO : EventManager : Event: ======'sw_standups'====== Args={}
2026-08-11 20:12:20,882 : INFO : EventManager : Event: ======'machine_var_audits_switches_s_41_stand_up_target_6'====== Args={'value': 2510, 'prev_value': 2509, 'change': 1}
2026-08-11 20:12:20,882 : INFO : SwitchController : <<<<<<< 's_41_stand_up_target_6' inactive >>>>>>>
2026-08-11 20:12:20,882 : INFO : SwitchController : <<<<<<< 's_41_stand_up_target_6' active >>>>>>>
2026-08-11 20:12:20,882 : INFO : EventManager : Event: ======'s_41_stand_up_target_6_active'====== Args={}
2026-08-11 20:12:20,882 : INFO : EventManager : Event: ======'sw_playfield_active'====== Args={}
2026-08-11 20:12:20,883 : INFO : EventManager : Event: ======'sw_standups'====== Args={}
2026-08-11 20:12:20,883 : INFO : EventManager : Event: ======'machine_var_audits_switches_s_41_stand_up_target_6'====== Args={'value': 2511, 'prev_value': 2510, 'change': 1}
2026-08-11 20:12:20,883 : INFO : SwitchController : <<<<<<< 's_41_stand_up_target_6' inactive >>>>>>>
2026-08-11 20:12:20,883 : INFO : SwitchController : <<<<<<< 's_41_stand_up_target_6' active >>>>>>>
2026-08-11 20:12:20,883 : INFO : EventManager : Event: ======'s_41_stand_up_target_6_active'====== Args={}
2026-08-11 20:12:20,883 : INFO : EventManager : Event: ======'sw_playfield_active'====== Args={}
2026-08-11 20:12:20,883 : INFO : EventManager : Event: ======'sw_standups'====== Args={}
2026-08-11 20:12:20,884 : INFO : EventManager : Event: ======'machine_var_audits_switches_s_41_stand_up_target_6'====== Args={'value': 2512, 'prev_value': 2511, 'change': 1}
2026-08-11 20:12:20,884 : INFO : SwitchController : <<<<<<< 's_41_stand_up_target_6' inactive >>>>>>>
2026-08-11 20:12:20,885 : INFO : EventManager : Event: ======'stars_t41_on'====== Args={'priority': 0}
2026-08-11 20:12:20,885 : INFO : EventManager : Event: ======'brian_combo_step1'====== Args={'priority': 0}
2026-08-11 20:12:20,885 : INFO : EventManager : Event: ======'awareness_add_4'====== Args={'priority': 0}
2026-08-11 20:12:20,885 : INFO : EventManager : Event: ======'stars_count_updated'====== Args={'priority': 0}
2026-08-11 20:12:20,885 : INFO : EventManager : Event: ======'stars_monitor_t41_on'====== Args={'priority': 0}
2026-08-11 20:12:20,886 : INFO : EventManager : Event: ======'player_stars_t41'====== Args={'value': 1, 'prev_value': 0, 'change': 1, 'player_num': 1, 'source': 'stars_mode'}
2026-08-11 20:12:20,886 : INFO : EventManager : Event: ======'player_stars_targets_lit_count'====== Args={'value': 1, 'prev_value': 0, 'change': 1, 'player_num': 1, 'source': 'stars_mode'}
2026-08-11 20:12:20,898 : INFO : EventManager : Event: ======'player_awareness'====== Args={'value': 44, 'prev_value': 40, 'change': 4, 'player_num': 1, 'source': 'awareness'}
2026-08-11 20:12:20,898 : INFO : EventManager : Event: ======'player_awareness_percent'====== Args={'value': 44, 'prev_value': 40, 'change': 4, 'player_num': 1, 'source': 'awareness'}
2026-08-11 20:12:20,909 : INFO : EventManager : Event: ======'player_score'====== Args={'value': 1500462, 'prev_value': 1500420, 'change': 42, 'player_num': 1, 'source': 'base'}
2026-08-11 20:12:20,914 : INFO : EventManager : Event: ======'stars_t41_off'====== Args={'priority': 0}
2026-08-11 20:12:20,914 : INFO : EventManager : Event: ======'brian_combo_step1'====== Args={'priority': 0}
2026-08-11 20:12:20,915 : INFO : EventManager : Event: ======'awareness_add_4'====== Args={'priority': 0}
2026-08-11 20:12:20,915 : INFO : EventManager : Event: ======'stars_count_updated'====== Args={'priority': 0}
2026-08-11 20:12:20,915 : INFO : EventManager : Event: ======'stars_monitor_t41_off'====== Args={'priority': 0}
2026-08-11 20:12:20,915 : INFO : EventManager : Event: ======'player_stars_t41'====== Args={'value': 0, 'prev_value': 1, 'change': -1, 'player_num': 1, 'source': 'stars_mode'}
2026-08-11 20:12:20,915 : INFO : EventManager : Event: ======'player_stars_targets_lit_count'====== Args={'value': 0, 'prev_value': 1, 'change': -1, 'player_num': 1, 'source': 'stars_mode'}
2026-08-11 20:12:20,926 : INFO : EventManager : Event: ======'player_awareness'====== Args={'value': 48, 'prev_value': 44, 'change': 4, 'player_num': 1, 'source': 'awareness'}
2026-08-11 20:12:20,926 : INFO : EventManager : Event: ======'player_awareness_percent'====== Args={'value': 48, 'prev_value': 44, 'change': 4, 'player_num': 1, 'source': 'awareness'}
2026-08-11 20:12:20,936 : INFO : EventManager : Event: ======'player_score'====== Args={'value': 1500504, 'prev_value': 1500462, 'change': 42, 'player_num': 1, 'source': 'base'}
2026-08-11 20:12:20,942 : INFO : EventManager : Event: ======'stars_t41_on'====== Args={'priority': 0}
2026-08-11 20:12:20,942 : INFO : EventManager : Event: ======'brian_combo_step1'====== Args={'priority': 0}
2026-08-11 20:12:20,943 : INFO : EventManager : Event: ======'awareness_add_4'====== Args={'priority': 0}
2026-08-11 20:12:20,943 : INFO : EventManager : Event: ======'stars_count_updated'====== Args={'priority': 0}
2026-08-11 20:12:20,943 : INFO : EventManager : Event: ======'stars_monitor_t41_on'====== Args={'priority': 0}
2026-08-11 20:12:20,943 : INFO : EventManager : Event: ======'player_stars_t41'====== Args={'value': 1, 'prev_value': 0, 'change': 1, 'player_num': 1, 'source': 'stars_mode'}
2026-08-11 20:12:20,943 : INFO : EventManager : Event: ======'player_stars_targets_lit_count'====== Args={'value': 1, 'prev_value': 0, 'change': 1, 'player_num': 1, 'source': 'stars_mode'}
2026-08-11 20:12:20,953 : INFO : EventManager : Event: ======'player_awareness'====== Args={'value': 52, 'prev_value': 48, 'change': 4, 'player_num': 1, 'source': 'awareness'}
2026-08-11 20:12:20,953 : INFO : EventManager : Event: ======'player_awareness_percent'====== Args={'value': 52, 'prev_value': 48, 'change': 4, 'player_num': 1, 'source': 'awareness'}
2026-08-11 20:12:20,963 : INFO : EventManager : Event: ======'player_score'====== Args={'value': 1500546, 'prev_value': 1500504, 'change': 42, 'player_num': 1, 'source': 'base'}
2026-08-11 20:12:20,968 : INFO : EventManager : Event: ======'stars_t41_off'====== Args={'priority': 0}
2026-08-11 20:12:20,968 : INFO : EventManager : Event: ======'brian_combo_step1'====== Args={'priority': 0}
2026-08-11 20:12:20,969 : INFO : EventManager : Event: ======'awareness_add_4'====== Args={'priority': 0}
2026-08-11 20:12:20,969 : INFO : EventManager : Event: ======'stars_count_updated'====== Args={'priority': 0}
2026-08-11 20:12:20,969 : INFO : EventManager : Event: ======'stars_monitor_t41_off'====== Args={'priority': 0}
2026-08-11 20:12:20,969 : INFO : EventManager : Event: ======'player_stars_t41'====== Args={'value': 0, 'prev_value': 1, 'change': -1, 'player_num': 1, 'source': 'stars_mode'}
2026-08-11 20:12:20,969 : INFO : EventManager : Event: ======'player_stars_targets_lit_count'====== Args={'value': 0, 'prev_value': 1, 'change': -1, 'player_num': 1, 'source': 'stars_mode'}
2026-08-11 20:12:20,980 : INFO : EventManager : Event: ======'player_awareness'====== Args={'value': 56, 'prev_value': 52, 'change': 4, 'player_num': 1, 'source': 'awareness'}
2026-08-11 20:12:20,981 : INFO : EventManager : Event: ======'player_awareness_percent'====== Args={'value': 56, 'prev_value': 52, 'change': 4, 'player_num': 1, 'source': 'awareness'}
2026-08-11 20:12:20,992 : INFO : EventManager : Event: ======'player_score'====== Args={'value': 1500588, 'prev_value': 1500546, 'change': 42, 'player_num': 1, 'source': 'base'}
2026-08-11 20:12:20,999 : INFO : SwitchController : <<<<<<< 's_41_stand_up_target_6' active >>>>>>>
2026-08-11 20:12:20,999 : INFO : EventManager : Event: ======'s_41_stand_up_target_6_active'====== Args={}
2026-08-11 20:12:20,999 : INFO : EventManager : Event: ======'sw_playfield_active'====== Args={}
2026-08-11 20:12:20,999 : INFO : EventManager : Event: ======'sw_standups'====== Args={}
2026-08-11 20:12:21,000 : INFO : EventManager : Event: ======'machine_var_audits_switches_s_41_stand_up_target_6'====== Args={'value': 2513, 'prev_value': 2512, 'change': 1}
2026-08-11 20:12:21,000 : INFO : EventManager : Event: ======'stars_t41_on'====== Args={'priority': 0}
2026-08-11 20:12:21,000 : INFO : EventManager : Event: ======'brian_combo_step1'====== Args={'priority': 0}
2026-08-11 20:12:21,000 : INFO : EventManager : Event: ======'awareness_add_4'====== Args={'priority': 0}
2026-08-11 20:12:21,001 : INFO : EventManager : Event: ======'stars_count_updated'====== Args={'priority': 0}
2026-08-11 20:12:21,001 : INFO : EventManager : Event: ======'stars_monitor_t41_on'====== Args={'priority': 0}
2026-08-11 20:12:21,001 : INFO : EventManager : Event: ======'player_stars_t41'====== Args={'value': 1, 'prev_value': 0, 'change': 1, 'player_num': 1, 'source': 'stars_mode'}
2026-08-11 20:12:21,001 : INFO : EventManager : Event: ======'player_stars_targets_lit_count'====== Args={'value': 1, 'prev_value': 0, 'change': 1, 'player_num': 1, 'source': 'stars_mode'}
2026-08-11 20:12:21,013 : INFO : EventManager : Event: ======'player_awareness'====== Args={'value': 60, 'prev_value': 56, 'change': 4, 'player_num': 1, 'source': 'awareness'}
2026-08-11 20:12:21,013 : INFO : EventManager : Event: ======'player_awareness_percent'====== Args={'value': 60, 'prev_value': 56, 'change': 4, 'player_num': 1, 'source': 'awareness'}
2026-08-11 20:12:21,024 : INFO : EventManager : Event: ======'player_score'====== Args={'value': 1500630, 'prev_value': 1500588, 'change': 42, 'player_num': 1, 'source': 'base'}
2026-08-11 20:12:21,037 : INFO : EventManager : Event: ======'player_base_varitarget_reset_timer_tick'====== Args={'value': 20, 'prev_value': 19, 'change': 1, 'player_num': 1}
2026-08-11 20:12:21,037 : INFO : EventManager : Event: ======'timer_varitarget_reset_timer_tick'====== Args={'ticks': 20, 'ticks_remaining': 999979}
2026-08-11 20:12:21,045 : INFO : EventManager : Event: ======'varitarget_reset_step'====== Args={'priority': 0}
2026-08-11 20:12:21,045 : INFO : coil.c_16_varitarget_reset : Pulsing Driver for 5ms (1.0 pulse_power)
2026-08-11 20:12:21,045 : INFO : EventManager : Event: ======'player_varitarget_reset_attempts'====== Args={'value': 22, 'prev_value': 21, 'change': 1, 'player_num': 1, 'source': 'base'}
2026-08-11 20:12:21,050 : INFO : SwitchController : <<<<<<< 's_41_stand_up_target_6' inactive >>>>>>>
2026-08-11 20:12:21,051 : INFO : SwitchController : <<<<<<< 's_41_stand_up_target_6' active >>>>>>>
2026-08-11 20:12:21,051 : INFO : EventManager : Event: ======'s_41_stand_up_target_6_active'====== Args={}
2026-08-11 20:12:21,051 : INFO : EventManager : Event: ======'sw_playfield_active'====== Args={}
2026-08-11 20:12:21,051 : INFO : EventManager : Event: ======'sw_standups'====== Args={}
2026-08-11 20:12:21,051 : INFO : EventManager : Event: ======'machine_var_audits_switches_s_41_stand_up_target_6'====== Args={'value': 2514, 'prev_value': 2513, 'change': 1}
2026-08-11 20:12:21,051 : INFO : SwitchController : <<<<<<< 's_41_stand_up_target_6' inactive >>>>>>>
2026-08-11 20:12:21,051 : INFO : SwitchController : <<<<<<< 's_41_stand_up_target_6' active >>>>>>>
2026-08-11 20:12:21,051 : INFO : EventManager : Event: ======'s_41_stand_up_target_6_active'====== Args={}
2026-08-11 20:12:21,052 : INFO : EventManager : Event: ======'sw_playfield_active'====== Args={}
2026-08-11 20:12:21,052 : INFO : EventManager : Event: ======'sw_standups'====== Args={}
2026-08-11 20:12:21,052 : INFO : EventManager : Event: ======'machine_var_audits_switches_s_41_stand_up_target_6'====== Args={'value': 2515, 'prev_value': 2514, 'change': 1}
2026-08-11 20:12:21,052 : INFO : SwitchController : <<<<<<< 's_41_stand_up_target_6' inactive >>>>>>>
2026-08-11 20:12:21,053 : INFO : EventManager : Event: ======'stars_t41_off'====== Args={'priority': 0}
2026-08-11 20:12:21,053 : INFO : EventManager : Event: ======'brian_combo_step1'====== Args={'priority': 0}
2026-08-11 20:12:21,053 : INFO : EventManager : Event: ======'awareness_add_4'====== Args={'priority': 0}
2026-08-11 20:12:21,053 : INFO : EventManager : Event: ======'stars_count_updated'====== Args={'priority': 0}
2026-08-11 20:12:21,053 : INFO : EventManager : Event: ======'stars_monitor_t41_off'====== Args={'priority': 0}
2026-08-11 20:12:21,053 : INFO : EventManager : Event: ======'player_stars_t41'====== Args={'value': 0, 'prev_value': 1, 'change': -1, 'player_num': 1, 'source': 'stars_mode'}
2026-08-11 20:12:21,054 : INFO : EventManager : Event: ======'player_stars_targets_lit_count'====== Args={'value': 0, 'prev_value': 1, 'change': -1, 'player_num': 1, 'source': 'stars_mode'}
2026-08-11 20:12:21,064 : INFO : EventManager : Event: ======'player_awareness'====== Args={'value': 64, 'prev_value': 60, 'change': 4, 'player_num': 1, 'source': 'awareness'}
2026-08-11 20:12:21,065 : INFO : EventManager : Event: ======'player_awareness_percent'====== Args={'value': 64, 'prev_value': 60, 'change': 4, 'player_num': 1, 'source': 'awareness'}
2026-08-11 20:12:21,076 : INFO : EventManager : Event: ======'player_score'====== Args={'value': 1500672, 'prev_value': 1500630, 'change': 42, 'player_num': 1, 'source': 'base'}
2026-08-11 20:12:21,081 : INFO : EventManager : Event: ======'stars_t41_on'====== Args={'priority': 0}
2026-08-11 20:12:21,081 : INFO : EventManager : Event: ======'brian_combo_step1'====== Args={'priority': 0}
2026-08-11 20:12:21,081 : INFO : EventManager : Event: ======'awareness_add_4'====== Args={'priority': 0}
2026-08-11 20:12:21,082 : INFO : EventManager : Event: ======'stars_count_updated'====== Args={'priority': 0}
2026-08-11 20:12:21,082 : INFO : EventManager : Event: ======'stars_monitor_t41_on'====== Args={'priority': 0}
2026-08-11 20:12:21,082 : INFO : EventManager : Event: ======'player_stars_t41'====== Args={'value': 1, 'prev_value': 0, 'change': 1, 'player_num': 1, 'source': 'stars_mode'}
2026-08-11 20:12:21,082 : INFO : EventManager : Event: ======'player_stars_targets_lit_count'====== Args={'value': 1, 'prev_value': 0, 'change': 1, 'player_num': 1, 'source': 'stars_mode'}
2026-08-11 20:12:21,092 : INFO : EventManager : Event: ======'player_awareness'====== Args={'value': 68, 'prev_value': 64, 'change': 4, 'player_num': 1, 'source': 'awareness'}
2026-08-11 20:12:21,093 : INFO : EventManager : Event: ======'player_awareness_percent'====== Args={'value': 68, 'prev_value': 64, 'change': 4, 'player_num': 1, 'source': 'awareness'}
2026-08-11 20:12:21,103 : INFO : EventManager : Event: ======'player_score'====== Args={'value': 1500714, 'prev_value': 1500672, 'change': 42, 'player_num': 1, 'source': 'base'}
2026-08-11 20:12:21,194 : INFO : EventManager : Event: ======'player_base_varitarget_reset_timer_tick'====== Args={'value': 21, 'prev_value': 20, 'change': 1, 'player_num': 1}
2026-08-11 20:12:21,194 : INFO : EventManager : Event: ======'timer_varitarget_reset_timer_tick'====== Args={'ticks': 21, 'ticks_remaining': 999978}
2026-08-11 20:12:21,201 : INFO : EventManager : Event: ======'varitarget_reset_step'====== Args={'priority': 0}
2026-08-11 20:12:21,201 : INFO : coil.c_16_varitarget_reset : Pulsing Driver for 5ms (1.0 pulse_power)
2026-08-11 20:12:21,201 : INFO : EventManager : Event: ======'player_varitarget_reset_attempts'====== Args={'value': 23, 'prev_value': 22, 'change': 1, 'player_num': 1, 'source': 'base'}
2026-08-11 20:12:21,337 : INFO : SwitchController : <<<<<<< 's_41_stand_up_target_6' active >>>>>>>
2026-08-11 20:12:21,337 : INFO : EventManager : Event: ======'s_41_stand_up_target_6_active'====== Args={}
2026-08-11 20:12:21,338 : INFO : EventManager : Event: ======'sw_playfield_active'====== Args={}
2026-08-11 20:12:21,338 : INFO : EventManager : Event: ======'sw_standups'====== Args={}
2026-08-11 20:12:21,338 : INFO : EventManager : Event: ======'machine_var_audits_switches_s_41_stand_up_target_6'====== Args={'value': 2516, 'prev_value': 2515, 'change': 1}
2026-08-11 20:12:21,340 : INFO : EventManager : Event: ======'stars_t41_off'====== Args={'priority': 0}
2026-08-11 20:12:21,340 : INFO : EventManager : Event: ======'brian_combo_step1'====== Args={'priority': 0}
2026-08-11 20:12:21,341 : INFO : EventManager : Event: ======'awareness_add_4'====== Args={'priority': 0}
2026-08-11 20:12:21,341 : INFO : EventManager : Event: ======'stars_count_updated'====== Args={'priority': 0}
2026-08-11 20:12:21,341 : INFO : EventManager : Event: ======'stars_monitor_t41_off'====== Args={'priority': 0}
2026-08-11 20:12:21,341 : INFO : EventManager : Event: ======'player_stars_t41'====== Args={'value': 0, 'prev_value': 1, 'change': -1, 'player_num': 1, 'source': 'stars_mode'}
2026-08-11 20:12:21,341 : INFO : EventManager : Event: ======'player_stars_targets_lit_count'====== Args={'value': 0, 'prev_value': 1, 'change': -1, 'player_num': 1, 'source': 'stars_mode'}
2026-08-11 20:12:21,351 : INFO : EventManager : Event: ======'player_awareness'====== Args={'value': 72, 'prev_value': 68, 'change': 4, 'player_num': 1, 'source': 'awareness'}
2026-08-11 20:12:21,352 : INFO : EventManager : Event: ======'player_awareness_percent'====== Args={'value': 72, 'prev_value': 68, 'change': 4, 'player_num': 1, 'source': 'awareness'}
2026-08-11 20:12:21,362 : INFO : EventManager : Event: ======'player_score'====== Args={'value': 1500756, 'prev_value': 1500714, 'change': 42, 'player_num': 1, 'source': 'base'}
2026-08-11 20:12:21,399 : INFO : EventManager : Event: ======'player_base_varitarget_reset_timer_tick'====== Args={'value': 22, 'prev_value': 21, 'change': 1, 'player_num': 1}
2026-08-11 20:12:21,399 : INFO : EventManager : Event: ======'timer_varitarget_reset_timer_tick'====== Args={'ticks': 22, 'ticks_remaining': 999977}
2026-08-11 20:12:21,405 : INFO : EventManager : Event: ======'varitarget_reset_step'====== Args={'priority': 0}
2026-08-11 20:12:21,406 : INFO : coil.c_16_varitarget_reset : Pulsing Driver for 5ms (1.0 pulse_power)
2026-08-11 20:12:21,406 : INFO : EventManager : Event: ======'player_varitarget_reset_attempts'====== Args={'value': 24, 'prev_value': 23, 'change': 1, 'player_num': 1, 'source': 'base'}
2026-08-11 20:12:21,525 : INFO : SwitchController : <<<<<<< 's_41_stand_up_target_6' inactive >>>>>>>
2026-08-11 20:12:21,525 : INFO : SwitchController : <<<<<<< 's_41_stand_up_target_6' active >>>>>>>
2026-08-11 20:12:21,526 : INFO : EventManager : Event: ======'s_41_stand_up_target_6_active'====== Args={}
2026-08-11 20:12:21,526 : INFO : EventManager : Event: ======'sw_playfield_active'====== Args={}
2026-08-11 20:12:21,526 : INFO : EventManager : Event: ======'sw_standups'====== Args={}
2026-08-11 20:12:21,526 : INFO : EventManager : Event: ======'machine_var_audits_switches_s_41_stand_up_target_6'====== Args={'value': 2517, 'prev_value': 2516, 'change': 1}
2026-08-11 20:12:21,528 : INFO : EventManager : Event: ======'stars_t41_on'====== Args={'priority': 0}
2026-08-11 20:12:21,529 : INFO : EventManager : Event: ======'brian_combo_step1'====== Args={'priority': 0}
2026-08-11 20:12:21,529 : INFO : EventManager : Event: ======'awareness_add_4'====== Args={'priority': 0}
2026-08-11 20:12:21,529 : INFO : EventManager : Event: ======'stars_count_updated'====== Args={'priority': 0}
2026-08-11 20:12:21,529 : INFO : EventManager : Event: ======'stars_monitor_t41_on'====== Args={'priority': 0}
2026-08-11 20:12:21,529 : INFO : EventManager : Event: ======'player_stars_t41'====== Args={'value': 1, 'prev_value': 0, 'change': 1, 'player_num': 1, 'source': 'stars_mode'}
2026-08-11 20:12:21,529 : INFO : EventManager : Event: ======'player_stars_targets_lit_count'====== Args={'value': 1, 'prev_value': 0, 'change': 1, 'player_num': 1, 'source': 'stars_mode'}
2026-08-11 20:12:21,540 : INFO : EventManager : Event: ======'player_awareness'====== Args={'value': 76, 'prev_value': 72, 'change': 4, 'player_num': 1, 'source': 'awareness'}
2026-08-11 20:12:21,540 : INFO : EventManager : Event: ======'player_awareness_percent'====== Args={'value': 76, 'prev_value': 72, 'change': 4, 'player_num': 1, 'source': 'awareness'}
2026-08-11 20:12:21,551 : INFO : EventManager : Event: ======'player_score'====== Args={'value': 1500798, 'prev_value': 1500756, 'change': 42, 'player_num': 1, 'source': 'base'}
2026-08-11 20:12:21,557 : INFO : SwitchController : <<<<<<< 's_41_stand_up_target_6' inactive >>>>>>>
2026-08-11 20:12:21,572 : INFO : SwitchController : <<<<<<< 's_41_stand_up_target_6' active >>>>>>>
2026-08-11 20:12:21,572 : INFO : EventManager : Event: ======'s_41_stand_up_target_6_active'====== Args={}
2026-08-11 20:12:21,573 : INFO : EventManager : Event: ======'sw_playfield_active'====== Args={}
2026-08-11 20:12:21,573 : INFO : EventManager : Event: ======'sw_standups'====== Args={}
2026-08-11 20:12:21,574 : INFO : EventManager : Event: ======'machine_var_audits_switches_s_41_stand_up_target_6'====== Args={'value': 2518, 'prev_value': 2517, 'change': 1}
2026-08-11 20:12:21,576 : INFO : EventManager : Event: ======'stars_t41_off'====== Args={'priority': 0}
2026-08-11 20:12:21,576 : INFO : EventManager : Event: ======'brian_combo_step1'====== Args={'priority': 0}
2026-08-11 20:12:21,576 : INFO : EventManager : Event: ======'awareness_add_4'====== Args={'priority': 0}
2026-08-11 20:12:21,576 : INFO : EventManager : Event: ======'stars_count_updated'====== Args={'priority': 0}
2026-08-11 20:12:21,577 : INFO : EventManager : Event: ======'stars_monitor_t41_off'====== Args={'priority': 0}
2026-08-11 20:12:21,577 : INFO : EventManager : Event: ======'player_stars_t41'====== Args={'value': 0, 'prev_value': 1, 'change': -1, 'player_num': 1, 'source': 'stars_mode'}
2026-08-11 20:12:21,577 : INFO : EventManager : Event: ======'player_stars_targets_lit_count'====== Args={'value': 0, 'prev_value': 1, 'change': -1, 'player_num': 1, 'source': 'stars_mode'}
2026-08-11 20:12:21,586 : INFO : EventManager : Event: ======'player_awareness'====== Args={'value': 80, 'prev_value': 76, 'change': 4, 'player_num': 1, 'source': 'awareness'}
2026-08-11 20:12:21,587 : INFO : EventManager : Event: ======'player_awareness_percent'====== Args={'value': 80, 'prev_value': 76, 'change': 4, 'player_num': 1, 'source': 'awareness'}
2026-08-11 20:12:21,597 : INFO : EventManager : Event: ======'player_score'====== Args={'value': 1500840, 'prev_value': 1500798, 'change': 42, 'player_num': 1, 'source': 'base'}
2026-08-11 20:12:21,603 : INFO : SwitchController : <<<<<<< 's_41_stand_up_target_6' inactive >>>>>>>
2026-08-11 20:12:21,606 : INFO : SwitchController : <<<<<<< 's_41_stand_up_target_6' active >>>>>>>
2026-08-11 20:12:21,607 : INFO : EventManager : Event: ======'s_41_stand_up_target_6_active'====== Args={}
2026-08-11 20:12:21,607 : INFO : EventManager : Event: ======'sw_playfield_active'====== Args={}
2026-08-11 20:12:21,607 : INFO : EventManager : Event: ======'sw_standups'====== Args={}
2026-08-11 20:12:21,608 : INFO : EventManager : Event: ======'machine_var_audits_switches_s_41_stand_up_target_6'====== Args={'value': 2519, 'prev_value': 2518, 'change': 1}
2026-08-11 20:12:21,608 : INFO : SwitchController : <<<<<<< 's_41_stand_up_target_6' inactive >>>>>>>
2026-08-11 20:12:21,610 : INFO : EventManager : Event: ======'player_base_varitarget_reset_timer_tick'====== Args={'value': 23, 'prev_value': 22, 'change': 1, 'player_num': 1}
2026-08-11 20:12:21,610 : INFO : EventManager : Event: ======'timer_varitarget_reset_timer_tick'====== Args={'ticks': 23, 'ticks_remaining': 999976}
2026-08-11 20:12:21,610 : INFO : EventManager : Event: ======'stars_t41_on'====== Args={'priority': 0}
2026-08-11 20:12:21,610 : INFO : EventManager : Event: ======'brian_combo_step1'====== Args={'priority': 0}
2026-08-11 20:12:21,611 : INFO : EventManager : Event: ======'awareness_add_4'====== Args={'priority': 0}
2026-08-11 20:12:21,611 : INFO : EventManager : Event: ======'stars_count_updated'====== Args={'priority': 0}
2026-08-11 20:12:21,611 : INFO : EventManager : Event: ======'stars_monitor_t41_on'====== Args={'priority': 0}
2026-08-11 20:12:21,611 : INFO : EventManager : Event: ======'player_stars_t41'====== Args={'value': 1, 'prev_value': 0, 'change': 1, 'player_num': 1, 'source': 'stars_mode'}
2026-08-11 20:12:21,611 : INFO : EventManager : Event: ======'player_stars_targets_lit_count'====== Args={'value': 1, 'prev_value': 0, 'change': 1, 'player_num': 1, 'source': 'stars_mode'}
2026-08-11 20:12:21,622 : INFO : EventManager : Event: ======'player_awareness'====== Args={'value': 84, 'prev_value': 80, 'change': 4, 'player_num': 1, 'source': 'awareness'}
2026-08-11 20:12:21,622 : INFO : EventManager : Event: ======'player_awareness_percent'====== Args={'value': 84, 'prev_value': 80, 'change': 4, 'player_num': 1, 'source': 'awareness'}
2026-08-11 20:12:21,633 : INFO : EventManager : Event: ======'player_score'====== Args={'value': 1500882, 'prev_value': 1500840, 'change': 42, 'player_num': 1, 'source': 'base'}
2026-08-11 20:12:21,644 : INFO : EventManager : Event: ======'varitarget_reset_step'====== Args={'priority': 0}
2026-08-11 20:12:21,644 : INFO : coil.c_16_varitarget_reset : Pulsing Driver for 5ms (1.0 pulse_power)
2026-08-11 20:12:21,645 : INFO : EventManager : Event: ======'player_varitarget_reset_attempts'====== Args={'value': 25, 'prev_value': 24, 'change': 1, 'player_num': 1, 'source': 'base'}
2026-08-11 20:12:21,682 : INFO : SwitchController : <<<<<<< 's_41_stand_up_target_6' active >>>>>>>
2026-08-11 20:12:21,682 : INFO : EventManager : Event: ======'s_41_stand_up_target_6_active'====== Args={}
2026-08-11 20:12:21,683 : INFO : EventManager : Event: ======'sw_playfield_active'====== Args={}
2026-08-11 20:12:21,683 : INFO : EventManager : Event: ======'sw_standups'====== Args={}
2026-08-11 20:12:21,683 : INFO : EventManager : Event: ======'machine_var_audits_switches_s_41_stand_up_target_6'====== Args={'value': 2520, 'prev_value': 2519, 'change': 1}
2026-08-11 20:12:21,684 : INFO : SwitchController : <<<<<<< 's_41_stand_up_target_6' inactive >>>>>>>
2026-08-11 20:12:21,685 : INFO : EventManager : Event: ======'stars_t41_off'====== Args={'priority': 0}
2026-08-11 20:12:21,685 : INFO : EventManager : Event: ======'brian_combo_step1'====== Args={'priority': 0}
2026-08-11 20:12:21,686 : INFO : EventManager : Event: ======'awareness_add_4'====== Args={'priority': 0}
2026-08-11 20:12:21,686 : INFO : EventManager : Event: ======'stars_count_updated'====== Args={'priority': 0}
2026-08-11 20:12:21,686 : INFO : EventManager : Event: ======'stars_monitor_t41_off'====== Args={'priority': 0}
2026-08-11 20:12:21,686 : INFO : EventManager : Event: ======'player_stars_t41'====== Args={'value': 0, 'prev_value': 1, 'change': -1, 'player_num': 1, 'source': 'stars_mode'}
2026-08-11 20:12:21,686 : INFO : EventManager : Event: ======'player_stars_targets_lit_count'====== Args={'value': 0, 'prev_value': 1, 'change': -1, 'player_num': 1, 'source': 'stars_mode'}
2026-08-11 20:12:21,697 : INFO : EventManager : Event: ======'player_awareness'====== Args={'value': 88, 'prev_value': 84, 'change': 4, 'player_num': 1, 'source': 'awareness'}
2026-08-11 20:12:21,698 : INFO : EventManager : Event: ======'player_awareness_percent'====== Args={'value': 88, 'prev_value': 84, 'change': 4, 'player_num': 1, 'source': 'awareness'}
2026-08-11 20:12:21,708 : INFO : EventManager : Event: ======'player_score'====== Args={'value': 1500924, 'prev_value': 1500882, 'change': 42, 'player_num': 1, 'source': 'base'}
2026-08-11 20:12:21,810 : INFO : EventManager : Event: ======'player_base_varitarget_reset_timer_tick'====== Args={'value': 24, 'prev_value': 23, 'change': 1, 'player_num': 1}
2026-08-11 20:12:21,811 : INFO : EventManager : Event: ======'timer_varitarget_reset_timer_tick'====== Args={'ticks': 24, 'ticks_remaining': 999975}
2026-08-11 20:12:21,817 : INFO : EventManager : Event: ======'varitarget_reset_stop'====== Args={'priority': 0}
2026-08-11 20:12:21,817 : INFO : EventManager : Event: ======'varitarget_reset_failed'====== Args={'priority': 0}
2026-08-11 20:12:21,817 : INFO : Timer.varitarget_reset_timer : Stopping Timer
2026-08-11 20:12:21,817 : INFO : EventManager : Event: ======'timer_varitarget_reset_timer_stopped'====== Args={'ticks': 24, 'ticks_remaining': 999975}
2026-08-11 20:12:22,302 : INFO : SwitchController : <<<<<<< 's_41_stand_up_target_6' active >>>>>>>
2026-08-11 20:12:22,302 : INFO : EventManager : Event: ======'s_41_stand_up_target_6_active'====== Args={}
2026-08-11 20:12:22,302 : INFO : EventManager : Event: ======'sw_playfield_active'====== Args={}
2026-08-11 20:12:22,303 : INFO : EventManager : Event: ======'sw_standups'====== Args={}
2026-08-11 20:12:22,303 : INFO : EventManager : Event: ======'machine_var_audits_switches_s_41_stand_up_target_6'====== Args={'value': 2521, 'prev_value': 2520, 'change': 1}
2026-08-11 20:12:22,304 : INFO : EventManager : Event: ======'stars_t41_on'====== Args={'priority': 0}
2026-08-11 20:12:22,305 : INFO : EventManager : Event: ======'brian_combo_step1'====== Args={'priority': 0}
2026-08-11 20:12:22,305 : INFO : EventManager : Event: ======'awareness_add_4'====== Args={'priority': 0}
2026-08-11 20:12:22,305 : INFO : EventManager : Event: ======'stars_count_updated'====== Args={'priority': 0}
2026-08-11 20:12:22,305 : INFO : EventManager : Event: ======'stars_monitor_t41_on'====== Args={'priority': 0}
2026-08-11 20:12:22,305 : INFO : EventManager : Event: ======'player_stars_t41'====== Args={'value': 1, 'prev_value': 0, 'change': 1, 'player_num': 1, 'source': 'stars_mode'}
2026-08-11 20:12:22,305 : INFO : EventManager : Event: ======'player_stars_targets_lit_count'====== Args={'value': 1, 'prev_value': 0, 'change': 1, 'player_num': 1, 'source': 'stars_mode'}
2026-08-11 20:12:22,316 : INFO : EventManager : Event: ======'player_awareness'====== Args={'value': 92, 'prev_value': 88, 'change': 4, 'player_num': 1, 'source': 'awareness'}
2026-08-11 20:12:22,316 : INFO : EventManager : Event: ======'player_awareness_percent'====== Args={'value': 92, 'prev_value': 88, 'change': 4, 'player_num': 1, 'source': 'awareness'}
2026-08-11 20:12:22,327 : INFO : EventManager : Event: ======'player_score'====== Args={'value': 1500966, 'prev_value': 1500924, 'change': 42, 'player_num': 1, 'source': 'base'}
2026-08-11 20:12:22,429 : INFO : SwitchController : <<<<<<< 's_41_stand_up_target_6' inactive >>>>>>>
2026-08-11 20:12:22,430 : INFO : SwitchController : <<<<<<< 's_41_stand_up_target_6' active >>>>>>>
2026-08-11 20:12:22,431 : INFO : EventManager : Event: ======'s_41_stand_up_target_6_active'====== Args={}
2026-08-11 20:12:22,431 : INFO : EventManager : Event: ======'sw_playfield_active'====== Args={}
2026-08-11 20:12:22,431 : INFO : EventManager : Event: ======'sw_standups'====== Args={}
2026-08-11 20:12:22,431 : INFO : EventManager : Event: ======'machine_var_audits_switches_s_41_stand_up_target_6'====== Args={'value': 2522, 'prev_value': 2521, 'change': 1}
2026-08-11 20:12:22,434 : INFO : EventManager : Event: ======'stars_t41_off'====== Args={'priority': 0}
2026-08-11 20:12:22,434 : INFO : EventManager : Event: ======'brian_combo_step1'====== Args={'priority': 0}
2026-08-11 20:12:22,434 : INFO : EventManager : Event: ======'awareness_add_4'====== Args={'priority': 0}
2026-08-11 20:12:22,435 : INFO : EventManager : Event: ======'stars_count_updated'====== Args={'priority': 0}
2026-08-11 20:12:22,435 : INFO : EventManager : Event: ======'stars_monitor_t41_off'====== Args={'priority': 0}
2026-08-11 20:12:22,435 : INFO : EventManager : Event: ======'player_stars_t41'====== Args={'value': 0, 'prev_value': 1, 'change': -1, 'player_num': 1, 'source': 'stars_mode'}
2026-08-11 20:12:22,435 : INFO : EventManager : Event: ======'player_stars_targets_lit_count'====== Args={'value': 0, 'prev_value': 1, 'change': -1, 'player_num': 1, 'source': 'stars_mode'}
2026-08-11 20:12:22,446 : INFO : EventManager : Event: ======'player_awareness'====== Args={'value': 96, 'prev_value': 92, 'change': 4, 'player_num': 1, 'source': 'awareness'}
2026-08-11 20:12:22,446 : INFO : EventManager : Event: ======'player_awareness_percent'====== Args={'value': 96, 'prev_value': 92, 'change': 4, 'player_num': 1, 'source': 'awareness'}
2026-08-11 20:12:22,457 : INFO : EventManager : Event: ======'player_score'====== Args={'value': 1501008, 'prev_value': 1500966, 'change': 42, 'player_num': 1, 'source': 'base'}
2026-08-11 20:12:22,469 : INFO : SwitchController : <<<<<<< 's_41_stand_up_target_6' inactive >>>>>>>
2026-08-11 20:12:22,469 : INFO : SwitchController : <<<<<<< 's_41_stand_up_target_6' active >>>>>>>
2026-08-11 20:12:22,469 : INFO : EventManager : Event: ======'s_41_stand_up_target_6_active'====== Args={}
2026-08-11 20:12:22,469 : INFO : EventManager : Event: ======'sw_playfield_active'====== Args={}
2026-08-11 20:12:22,469 : INFO : EventManager : Event: ======'sw_standups'====== Args={}
2026-08-11 20:12:22,470 : INFO : EventManager : Event: ======'machine_var_audits_switches_s_41_stand_up_target_6'====== Args={'value': 2523, 'prev_value': 2522, 'change': 1}
2026-08-11 20:12:22,470 : INFO : SwitchController : <<<<<<< 's_41_stand_up_target_6' inactive >>>>>>>
2026-08-11 20:12:22,470 : INFO : SwitchController : <<<<<<< 's_41_stand_up_target_6' active >>>>>>>
2026-08-11 20:12:22,470 : INFO : EventManager : Event: ======'s_41_stand_up_target_6_active'====== Args={}
2026-08-11 20:12:22,471 : INFO : EventManager : Event: ======'sw_playfield_active'====== Args={}
2026-08-11 20:12:22,471 : INFO : EventManager : Event: ======'sw_standups'====== Args={}
2026-08-11 20:12:22,471 : INFO : EventManager : Event: ======'machine_var_audits_switches_s_41_stand_up_target_6'====== Args={'value': 2524, 'prev_value': 2523, 'change': 1}
2026-08-11 20:12:22,471 : INFO : SwitchController : <<<<<<< 's_41_stand_up_target_6' inactive >>>>>>>
2026-08-11 20:12:22,471 : INFO : SwitchController : <<<<<<< 's_41_stand_up_target_6' active >>>>>>>
2026-08-11 20:12:22,471 : INFO : EventManager : Event: ======'s_41_stand_up_target_6_active'====== Args={}
2026-08-11 20:12:22,472 : INFO : EventManager : Event: ======'sw_playfield_active'====== Args={}
2026-08-11 20:12:22,472 : INFO : EventManager : Event: ======'sw_standups'====== Args={}
2026-08-11 20:12:22,472 : INFO : EventManager : Event: ======'machine_var_audits_switches_s_41_stand_up_target_6'====== Args={'value': 2525, 'prev_value': 2524, 'change': 1}
2026-08-11 20:12:22,473 : INFO : EventManager : Event: ======'stars_t41_on'====== Args={'priority': 0}
2026-08-11 20:12:22,473 : INFO : EventManager : Event: ======'brian_combo_step1'====== Args={'priority': 0}
2026-08-11 20:12:22,473 : INFO : EventManager : Event: ======'awareness_add_4'====== Args={'priority': 0}
2026-08-11 20:12:22,473 : INFO : EventManager : Event: ======'stars_count_updated'====== Args={'priority': 0}
2026-08-11 20:12:22,474 : INFO : EventManager : Event: ======'stars_monitor_t41_on'====== Args={'priority': 0}
2026-08-11 20:12:22,474 : INFO : EventManager : Event: ======'player_stars_t41'====== Args={'value': 1, 'prev_value': 0, 'change': 1, 'player_num': 1, 'source': 'stars_mode'}
2026-08-11 20:12:22,474 : INFO : EventManager : Event: ======'player_stars_targets_lit_count'====== Args={'value': 1, 'prev_value': 0, 'change': 1, 'player_num': 1, 'source': 'stars_mode'}
2026-08-11 20:12:22,485 : INFO : EventManager : Event: ======'player_awareness'====== Args={'value': 100, 'prev_value': 96, 'change': 4, 'player_num': 1, 'source': 'awareness'}
2026-08-11 20:12:22,486 : INFO : EventManager : Event: ======'awareness_qualified'====== Args={'priority': 0}
2026-08-11 20:12:22,486 : INFO : EventManager : Event: ======'player_awareness_percent'====== Args={'value': 100, 'prev_value': 96, 'change': 4, 'player_num': 1, 'source': 'awareness'}
2026-08-11 20:12:22,492 : INFO : EventManager : Event: ======'awareness_consume_ready_display'====== Args={'priority': 0}
2026-08-11 20:12:22,492 : INFO : EventManager : Event: ======'awareness_consume_ready_lightshow_start'====== Args={'priority': 0}
2026-08-11 20:12:22,492 : INFO : EventManager : Event: ======'player_awareness_qualified'====== Args={'value': 1, 'prev_value': 0, 'change': 1, 'player_num': 1, 'source': 'awareness'}
2026-08-11 20:12:22,503 : INFO : EventManager : Event: ======'player_score'====== Args={'value': 1501050, 'prev_value': 1501008, 'change': 42, 'player_num': 1, 'source': 'base'}
2026-08-11 20:12:22,509 : INFO : EventManager : Event: ======'stars_t41_off'====== Args={'priority': 0}
2026-08-11 20:12:22,509 : INFO : EventManager : Event: ======'brian_combo_step1'====== Args={'priority': 0}
2026-08-11 20:12:22,509 : INFO : EventManager : Event: ======'stars_count_updated'====== Args={'priority': 0}
2026-08-11 20:12:22,510 : INFO : EventManager : Event: ======'stars_monitor_t41_off'====== Args={'priority': 0}
2026-08-11 20:12:22,510 : INFO : EventManager : Event: ======'player_stars_t41'====== Args={'value': 0, 'prev_value': 1, 'change': -1, 'player_num': 1, 'source': 'stars_mode'}
2026-08-11 20:12:22,510 : INFO : EventManager : Event: ======'player_stars_targets_lit_count'====== Args={'value': 0, 'prev_value': 1, 'change': -1, 'player_num': 1, 'source': 'stars_mode'}
2026-08-11 20:12:22,520 : INFO : EventManager : Event: ======'player_score'====== Args={'value': 1501092, 'prev_value': 1501050, 'change': 42, 'player_num': 1, 'source': 'base'}
2026-08-11 20:12:22,526 : INFO : EventManager : Event: ======'stars_t41_on'====== Args={'priority': 0}
2026-08-11 20:12:22,526 : INFO : EventManager : Event: ======'brian_combo_step1'====== Args={'priority': 0}
2026-08-11 20:12:22,526 : INFO : EventManager : Event: ======'stars_count_updated'====== Args={'priority': 0}
2026-08-11 20:12:22,527 : INFO : EventManager : Event: ======'stars_monitor_t41_on'====== Args={'priority': 0}
2026-08-11 20:12:22,527 : INFO : EventManager : Event: ======'player_stars_t41'====== Args={'value': 1, 'prev_value': 0, 'change': 1, 'player_num': 1, 'source': 'stars_mode'}
2026-08-11 20:12:22,527 : INFO : EventManager : Event: ======'player_stars_targets_lit_count'====== Args={'value': 1, 'prev_value': 0, 'change': 1, 'player_num': 1, 'source': 'stars_mode'}
2026-08-11 20:12:22,537 : INFO : EventManager : Event: ======'player_score'====== Args={'value': 1501134, 'prev_value': 1501092, 'change': 42, 'player_num': 1, 'source': 'base'}
2026-08-11 20:12:22,544 : INFO : SwitchController : <<<<<<< 's_41_stand_up_target_6' inactive >>>>>>>
2026-08-11 20:12:22,550 : INFO : SwitchController : <<<<<<< 's_41_stand_up_target_6' active >>>>>>>
2026-08-11 20:12:22,550 : INFO : EventManager : Event: ======'s_41_stand_up_target_6_active'====== Args={}
2026-08-11 20:12:22,550 : INFO : EventManager : Event: ======'sw_playfield_active'====== Args={}
2026-08-11 20:12:22,551 : INFO : EventManager : Event: ======'sw_standups'====== Args={}
2026-08-11 20:12:22,551 : INFO : EventManager : Event: ======'machine_var_audits_switches_s_41_stand_up_target_6'====== Args={'value': 2526, 'prev_value': 2525, 'change': 1}
2026-08-11 20:12:22,551 : INFO : SwitchController : <<<<<<< 's_41_stand_up_target_6' inactive >>>>>>>
2026-08-11 20:12:22,551 : INFO : SwitchController : <<<<<<< 's_41_stand_up_target_6' active >>>>>>>
2026-08-11 20:12:22,551 : INFO : EventManager : Event: ======'s_41_stand_up_target_6_active'====== Args={}
2026-08-11 20:12:22,551 : INFO : EventManager : Event: ======'sw_playfield_active'====== Args={}
2026-08-11 20:12:22,552 : INFO : EventManager : Event: ======'sw_standups'====== Args={}
2026-08-11 20:12:22,552 : INFO : EventManager : Event: ======'machine_var_audits_switches_s_41_stand_up_target_6'====== Args={'value': 2527, 'prev_value': 2526, 'change': 1}
2026-08-11 20:12:22,552 : INFO : SwitchController : <<<<<<< 's_41_stand_up_target_6' inactive >>>>>>>
2026-08-11 20:12:22,552 : INFO : SwitchController : <<<<<<< 's_41_stand_up_target_6' active >>>>>>>
2026-08-11 20:12:22,552 : INFO : EventManager : Event: ======'s_41_stand_up_target_6_active'====== Args={}
2026-08-11 20:12:22,552 : INFO : EventManager : Event: ======'sw_playfield_active'====== Args={}
2026-08-11 20:12:22,552 : INFO : EventManager : Event: ======'sw_standups'====== Args={}
2026-08-11 20:12:22,552 : INFO : EventManager : Event: ======'machine_var_audits_switches_s_41_stand_up_target_6'====== Args={'value': 2528, 'prev_value': 2527, 'change': 1}
2026-08-11 20:12:22,553 : INFO : SwitchController : <<<<<<< 's_41_stand_up_target_6' inactive >>>>>>>
2026-08-11 20:12:22,553 : INFO : SwitchController : <<<<<<< 's_41_stand_up_target_6' active >>>>>>>
2026-08-11 20:12:22,553 : INFO : EventManager : Event: ======'s_41_stand_up_target_6_active'====== Args={}
2026-08-11 20:12:22,553 : INFO : EventManager : Event: ======'sw_playfield_active'====== Args={}
2026-08-11 20:12:22,553 : INFO : EventManager : Event: ======'sw_standups'====== Args={}
2026-08-11 20:12:22,553 : INFO : EventManager : Event: ======'machine_var_audits_switches_s_41_stand_up_target_6'====== Args={'value': 2529, 'prev_value': 2528, 'change': 1}
2026-08-11 20:12:22,553 : INFO : SwitchController : <<<<<<< 's_41_stand_up_target_6' inactive >>>>>>>
2026-08-11 20:12:22,554 : INFO : SwitchController : <<<<<<< 's_41_stand_up_target_6' active >>>>>>>
2026-08-11 20:12:22,554 : INFO : EventManager : Event: ======'s_41_stand_up_target_6_active'====== Args={}
2026-08-11 20:12:22,554 : INFO : EventManager : Event: ======'sw_playfield_active'====== Args={}
2026-08-11 20:12:22,554 : INFO : EventManager : Event: ======'sw_standups'====== Args={}
2026-08-11 20:12:22,554 : INFO : EventManager : Event: ======'machine_var_audits_switches_s_41_stand_up_target_6'====== Args={'value': 2530, 'prev_value': 2529, 'change': 1}
2026-08-11 20:12:22,554 : INFO : SwitchController : <<<<<<< 's_41_stand_up_target_6' inactive >>>>>>>
2026-08-11 20:12:22,557 : INFO : EventManager : Event: ======'stars_t41_off'====== Args={'priority': 0}
2026-08-11 20:12:22,557 : INFO : EventManager : Event: ======'brian_combo_step1'====== Args={'priority': 0}
2026-08-11 20:12:22,557 : INFO : EventManager : Event: ======'stars_count_updated'====== Args={'priority': 0}
2026-08-11 20:12:22,557 : INFO : EventManager : Event: ======'stars_monitor_t41_off'====== Args={'priority': 0}
2026-08-11 20:12:22,558 : INFO : EventManager : Event: ======'player_stars_t41'====== Args={'value': 0, 'prev_value': 1, 'change': -1, 'player_num': 1, 'source': 'stars_mode'}
2026-08-11 20:12:22,558 : INFO : EventManager : Event: ======'player_stars_targets_lit_count'====== Args={'value': 0, 'prev_value': 1, 'change': -1, 'player_num': 1, 'source': 'stars_mode'}
2026-08-11 20:12:22,569 : INFO : EventManager : Event: ======'player_score'====== Args={'value': 1501176, 'prev_value': 1501134, 'change': 42, 'player_num': 1, 'source': 'base'}
2026-08-11 20:12:22,576 : INFO : EventManager : Event: ======'stars_t41_on'====== Args={'priority': 0}
2026-08-11 20:12:22,576 : INFO : EventManager : Event: ======'brian_combo_step1'====== Args={'priority': 0}
2026-08-11 20:12:22,576 : INFO : EventManager : Event: ======'stars_count_updated'====== Args={'priority': 0}
2026-08-11 20:12:22,576 : INFO : EventManager : Event: ======'stars_monitor_t41_on'====== Args={'priority': 0}
2026-08-11 20:12:22,577 : INFO : EventManager : Event: ======'player_stars_t41'====== Args={'value': 1, 'prev_value': 0, 'change': 1, 'player_num': 1, 'source': 'stars_mode'}
2026-08-11 20:12:22,577 : INFO : EventManager : Event: ======'player_stars_targets_lit_count'====== Args={'value': 1, 'prev_value': 0, 'change': 1, 'player_num': 1, 'source': 'stars_mode'}
2026-08-11 20:12:22,587 : INFO : EventManager : Event: ======'player_score'====== Args={'value': 1501218, 'prev_value': 1501176, 'change': 42, 'player_num': 1, 'source': 'base'}
2026-08-11 20:12:22,594 : INFO : EventManager : Event: ======'stars_t41_off'====== Args={'priority': 0}
2026-08-11 20:12:22,595 : INFO : EventManager : Event: ======'brian_combo_step1'====== Args={'priority': 0}
2026-08-11 20:12:22,595 : INFO : EventManager : Event: ======'stars_count_updated'====== Args={'priority': 0}
2026-08-11 20:12:22,595 : INFO : EventManager : Event: ======'stars_monitor_t41_off'====== Args={'priority': 0}
2026-08-11 20:12:22,595 : INFO : EventManager : Event: ======'player_stars_t41'====== Args={'value': 0, 'prev_value': 1, 'change': -1, 'player_num': 1, 'source': 'stars_mode'}
2026-08-11 20:12:22,596 : INFO : EventManager : Event: ======'player_stars_targets_lit_count'====== Args={'value': 0, 'prev_value': 1, 'change': -1, 'player_num': 1, 'source': 'stars_mode'}
2026-08-11 20:12:22,606 : INFO : EventManager : Event: ======'player_score'====== Args={'value': 1501260, 'prev_value': 1501218, 'change': 42, 'player_num': 1, 'source': 'base'}
2026-08-11 20:12:22,612 : INFO : EventManager : Event: ======'stars_t41_on'====== Args={'priority': 0}
2026-08-11 20:12:22,612 : INFO : EventManager : Event: ======'brian_combo_step1'====== Args={'priority': 0}
2026-08-11 20:12:22,612 : INFO : EventManager : Event: ======'stars_count_updated'====== Args={'priority': 0}
2026-08-11 20:12:22,612 : INFO : EventManager : Event: ======'stars_monitor_t41_on'====== Args={'priority': 0}
2026-08-11 20:12:22,612 : INFO : EventManager : Event: ======'player_stars_t41'====== Args={'value': 1, 'prev_value': 0, 'change': 1, 'player_num': 1, 'source': 'stars_mode'}
2026-08-11 20:12:22,613 : INFO : EventManager : Event: ======'player_stars_targets_lit_count'====== Args={'value': 1, 'prev_value': 0, 'change': 1, 'player_num': 1, 'source': 'stars_mode'}
2026-08-11 20:12:22,623 : INFO : EventManager : Event: ======'player_score'====== Args={'value': 1501302, 'prev_value': 1501260, 'change': 42, 'player_num': 1, 'source': 'base'}
2026-08-11 20:12:22,629 : INFO : EventManager : Event: ======'stars_t41_off'====== Args={'priority': 0}
2026-08-11 20:12:22,629 : INFO : EventManager : Event: ======'brian_combo_step1'====== Args={'priority': 0}
2026-08-11 20:12:22,629 : INFO : EventManager : Event: ======'stars_count_updated'====== Args={'priority': 0}
2026-08-11 20:12:22,630 : INFO : EventManager : Event: ======'stars_monitor_t41_off'====== Args={'priority': 0}
2026-08-11 20:12:22,630 : INFO : EventManager : Event: ======'player_stars_t41'====== Args={'value': 0, 'prev_value': 1, 'change': -1, 'player_num': 1, 'source': 'stars_mode'}
2026-08-11 20:12:22,630 : INFO : EventManager : Event: ======'player_stars_targets_lit_count'====== Args={'value': 0, 'prev_value': 1, 'change': -1, 'player_num': 1, 'source': 'stars_mode'}
2026-08-11 20:12:22,641 : INFO : EventManager : Event: ======'player_score'====== Args={'value': 1501344, 'prev_value': 1501302, 'change': 42, 'player_num': 1, 'source': 'base'}
2026-08-11 20:12:22,654 : INFO : SwitchController : <<<<<<< 's_41_stand_up_target_6' active >>>>>>>
2026-08-11 20:12:22,654 : INFO : EventManager : Event: ======'s_41_stand_up_target_6_active'====== Args={}
2026-08-11 20:12:22,654 : INFO : EventManager : Event: ======'sw_playfield_active'====== Args={}
2026-08-11 20:12:22,654 : INFO : EventManager : Event: ======'sw_standups'====== Args={}
2026-08-11 20:12:22,655 : INFO : EventManager : Event: ======'machine_var_audits_switches_s_41_stand_up_target_6'====== Args={'value': 2531, 'prev_value': 2530, 'change': 1}
2026-08-11 20:12:22,655 : INFO : SwitchController : <<<<<<< 's_41_stand_up_target_6' inactive >>>>>>>
2026-08-11 20:12:22,655 : INFO : SwitchController : <<<<<<< 's_41_stand_up_target_6' active >>>>>>>
2026-08-11 20:12:22,655 : INFO : EventManager : Event: ======'s_41_stand_up_target_6_active'====== Args={}
2026-08-11 20:12:22,655 : INFO : EventManager : Event: ======'sw_playfield_active'====== Args={}
2026-08-11 20:12:22,655 : INFO : EventManager : Event: ======'sw_standups'====== Args={}
2026-08-11 20:12:22,655 : INFO : EventManager : Event: ======'machine_var_audits_switches_s_41_stand_up_target_6'====== Args={'value': 2532, 'prev_value': 2531, 'change': 1}
2026-08-11 20:12:22,656 : INFO : SwitchController : <<<<<<< 's_41_stand_up_target_6' inactive >>>>>>>
2026-08-11 20:12:22,658 : INFO : EventManager : Event: ======'stars_t41_on'====== Args={'priority': 0}
2026-08-11 20:12:22,659 : INFO : EventManager : Event: ======'brian_combo_step1'====== Args={'priority': 0}
2026-08-11 20:12:22,659 : INFO : EventManager : Event: ======'stars_count_updated'====== Args={'priority': 0}
2026-08-11 20:12:22,659 : INFO : EventManager : Event: ======'stars_monitor_t41_on'====== Args={'priority': 0}
2026-08-11 20:12:22,659 : INFO : EventManager : Event: ======'player_stars_t41'====== Args={'value': 1, 'prev_value': 0, 'change': 1, 'player_num': 1, 'source': 'stars_mode'}
2026-08-11 20:12:22,659 : INFO : EventManager : Event: ======'player_stars_targets_lit_count'====== Args={'value': 1, 'prev_value': 0, 'change': 1, 'player_num': 1, 'source': 'stars_mode'}
2026-08-11 20:12:22,669 : INFO : EventManager : Event: ======'player_score'====== Args={'value': 1501386, 'prev_value': 1501344, 'change': 42, 'player_num': 1, 'source': 'base'}
2026-08-11 20:12:22,676 : INFO : EventManager : Event: ======'stars_t41_off'====== Args={'priority': 0}
2026-08-11 20:12:22,676 : INFO : EventManager : Event: ======'brian_combo_step1'====== Args={'priority': 0}
2026-08-11 20:12:22,676 : INFO : EventManager : Event: ======'stars_count_updated'====== Args={'priority': 0}
2026-08-11 20:12:22,677 : INFO : EventManager : Event: ======'stars_monitor_t41_off'====== Args={'priority': 0}
2026-08-11 20:12:22,677 : INFO : EventManager : Event: ======'player_stars_t41'====== Args={'value': 0, 'prev_value': 1, 'change': -1, 'player_num': 1, 'source': 'stars_mode'}
2026-08-11 20:12:22,677 : INFO : EventManager : Event: ======'player_stars_targets_lit_count'====== Args={'value': 0, 'prev_value': 1, 'change': -1, 'player_num': 1, 'source': 'stars_mode'}
2026-08-11 20:12:22,687 : INFO : EventManager : Event: ======'player_score'====== Args={'value': 1501428, 'prev_value': 1501386, 'change': 42, 'player_num': 1, 'source': 'base'}
2026-08-11 20:12:22,694 : INFO : EventManager : Event: ======'widget_AwarenessProgressWidget_removed'====== Args={'_from_bcp': True}
2026-08-11 20:12:22,694 : INFO : EventManager : Event: ======'widget_objective_widget_active'====== Args={'original_context': 'awareness', 'original_calling_context': 'awareness_consume_ready_display', 'priority': 105.0, 'cmd': 'widgets_play', '_from_bcp': True}
2026-08-11 20:12:27,999 : INFO : EventManager : Event: ======'ball_save_bs_default_hurry_up'====== Args={}
2026-08-11 20:12:32,995 : INFO : EventManager : Event: ======'ball_save_bs_default_disabled'====== Args={}
2026-08-11 20:12:48,426 : INFO : SwitchController : <<<<<<< 's_29_trough_6' active >>>>>>>
2026-08-11 20:12:48,426 : INFO : EventManager : Event: ======'machine_var_audits_switches_s_29_trough_6'====== Args={'value': 1401, 'prev_value': 1400, 'change': 1}
2026-08-11 20:12:48,439 : INFO : SwitchController : <<<<<<< 's_29_trough_6' inactive >>>>>>>
2026-08-11 20:12:48,495 : INFO : SwitchController : <<<<<<< 's_29_trough_6' active >>>>>>>
2026-08-11 20:12:48,496 : INFO : EventManager : Event: ======'machine_var_audits_switches_s_29_trough_6'====== Args={'value': 1402, 'prev_value': 1401, 'change': 1}
2026-08-11 20:12:48,933 : INFO : SwitchController : <<<<<<< 's_29_trough_6' inactive >>>>>>>
2026-08-11 20:12:48,965 : INFO : SwitchController : <<<<<<< 's_28_trough_5' active >>>>>>>
2026-08-11 20:12:48,965 : INFO : EventManager : Event: ======'machine_var_audits_switches_s_28_trough_5'====== Args={'value': 1294, 'prev_value': 1293, 'change': 1}
2026-08-11 20:12:49,140 : INFO : SwitchController : <<<<<<< 's_28_trough_5' inactive >>>>>>>
2026-08-11 20:12:49,157 : INFO : SwitchController : <<<<<<< 's_27_trough_4' active >>>>>>>
2026-08-11 20:12:49,157 : INFO : EventManager : Event: ======'machine_var_audits_switches_s_27_trough_4'====== Args={'value': 1504, 'prev_value': 1503, 'change': 1}
2026-08-11 20:12:49,286 : INFO : SwitchController : <<<<<<< 's_27_trough_4' inactive >>>>>>>
2026-08-11 20:12:49,300 : INFO : SwitchController : <<<<<<< 's_26_trough_3' active >>>>>>>
2026-08-11 20:12:49,300 : INFO : EventManager : Event: ======'machine_var_audits_switches_s_26_trough_3'====== Args={'value': 1925, 'prev_value': 1924, 'change': 1}
2026-08-11 20:12:49,811 : INFO : EventManager : Event: ======'balldevice_bd_trough_ball_count_changed'====== Args={'balls': 3}
2026-08-11 20:12:49,811 : INFO : ball_device.bd_trough : Received unexpected ball
2026-08-11 20:12:49,811 : INFO : EventManager : Event: ======'balldevice_captured_from_playfield'====== Args={'balls': 1}
2026-08-11 20:12:49,812 : INFO : EventManager : Event: ======'sw_playfield_active'====== Args={'balls': 1}
2026-08-11 20:12:49,812 : INFO : EventManager : Event: ======'playfield_ball_count_change'====== Args={'balls': 0, 'change': -1}
2026-08-11 20:12:49,814 : INFO : EventManager : Event: ======'balldevice_bd_trough_ball_enter'====== Args={'new_balls': 1, 'unclaimed_balls': 1, 'new_available_balls': 1, 'device': <ball_device.bd_trough>}
2026-08-11 20:12:49,814 : INFO : EventManager : Event: ======'ball_drain'====== Args={'device': <ball_device.bd_trough>, 'balls': 1}
2026-08-11 20:12:49,816 : INFO : EventManager : Event: ======'ball_will_end'====== Args={}
2026-08-11 20:12:49,816 : INFO : EventManager : Event: ======'balldevice_balls_available'====== Args={}
2026-08-11 20:12:49,816 : INFO : EventManager : Event: ======'balldevice_bd_trough_ball_entered'====== Args={'new_balls': 1, 'device': <ball_device.bd_trough>}
2026-08-11 20:12:49,817 : INFO : EventManager : Event: ======'mode_stars_mode_will_stop'====== Args={}
2026-08-11 20:12:49,817 : INFO : EventManager : Event: ======'mode_stars_mode_stopping'====== Args={}
2026-08-11 20:12:49,817 : INFO : EventManager : Event: ======'mode_spinner_2x_qualify_will_stop'====== Args={}
2026-08-11 20:12:49,817 : INFO : EventManager : Event: ======'mode_spinner_2x_qualify_stopping'====== Args={}
2026-08-11 20:12:49,817 : INFO : EventManager : Event: ======'mode_base_will_stop'====== Args={}
2026-08-11 20:12:49,817 : INFO : EventManager : Event: ======'mode_base_stopping'====== Args={}
2026-08-11 20:12:49,819 : INFO : Mode.spinner_2x_qualify : Stopped.
2026-08-11 20:12:49,819 : INFO : EventManager : Event: ======'modes_active_modes_changed'====== Args={}
2026-08-11 20:12:49,819 : INFO : EventManager : Event: ======'mode_spinner_2x_qualify_stopped'====== Args={}
2026-08-11 20:12:49,820 : INFO : EventManager : Event: ======'clear'====== Args={'key': 'spinner_2x_qualify'}
2026-08-11 20:12:49,829 : INFO : Mode.stars_mode : Stopped.
2026-08-11 20:12:49,829 : INFO : EventManager : Event: ======'modes_active_modes_changed'====== Args={}
2026-08-11 20:12:49,830 : INFO : EventManager : Event: ======'mode_stars_mode_stopped'====== Args={}
2026-08-11 20:12:49,830 : INFO : EventManager : Event: ======'clear'====== Args={'key': 'stars_mode'}
2026-08-11 20:12:49,830 : INFO : EventManager : Event: ======'mode_glasses_mode_will_stop'====== Args={}
2026-08-11 20:12:49,830 : INFO : EventManager : Event: ======'mode_glasses_mode_stopping'====== Args={}
2026-08-11 20:12:49,830 : INFO : EventManager : Event: ======'mode_super_pops_will_stop'====== Args={}
2026-08-11 20:12:49,830 : INFO : EventManager : Event: ======'mode_super_pops_stopping'====== Args={}
2026-08-11 20:12:49,830 : INFO : Timer.varitarget_reset_timer : Stopping Timer
2026-08-11 20:12:49,830 : INFO : EventManager : Event: ======'timer_varitarget_reset_timer_stopped'====== Args={'ticks': 24, 'ticks_remaining': 999975}
2026-08-11 20:12:49,830 : INFO : Timer.varitarget_hit_settle : Stopping Timer
2026-08-11 20:12:49,831 : INFO : EventManager : Event: ======'timer_varitarget_hit_settle_stopped'====== Args={'ticks': 3, 'ticks_remaining': 0}
2026-08-11 20:12:49,831 : INFO : Mode.base : Stopped.
2026-08-11 20:12:49,831 : INFO : EventManager : Event: ======'modes_active_modes_changed'====== Args={}
2026-08-11 20:12:49,831 : INFO : EventManager : Event: ======'mode_base_stopped'====== Args={}
2026-08-11 20:12:49,831 : INFO : EventManager : Event: ======'clear'====== Args={'key': 'base'}
2026-08-11 20:12:49,831 : INFO : EventManager : Event: ======'mode_shotgun_will_stop'====== Args={}
2026-08-11 20:12:49,832 : INFO : EventManager : Event: ======'mode_shotgun_stopping'====== Args={}
2026-08-11 20:12:49,833 : INFO : Timer.varitarget_reset_timer : Stopping Timer
2026-08-11 20:12:49,833 : INFO : EventManager : Event: ======'timer_varitarget_reset_timer_stopped'====== Args={'ticks': 24, 'ticks_remaining': 999975}
2026-08-11 20:12:49,834 : INFO : Timer.varitarget_hit_settle : Stopping Timer
2026-08-11 20:12:49,834 : INFO : EventManager : Event: ======'timer_varitarget_hit_settle_stopped'====== Args={'ticks': 3, 'ticks_remaining': 0}
2026-08-11 20:12:49,834 : INFO : Mode.super_pops : Stopped.
2026-08-11 20:12:49,834 : INFO : EventManager : Event: ======'modes_active_modes_changed'====== Args={}
2026-08-11 20:12:49,834 : INFO : EventManager : Event: ======'mode_super_pops_stopped'====== Args={}
2026-08-11 20:12:49,834 : INFO : EventManager : Event: ======'clear'====== Args={'key': 'super_pops'}
2026-08-11 20:12:49,835 : INFO : Timer.super_pops_mult_timer : Stopping Timer
2026-08-11 20:12:49,835 : INFO : EventManager : Event: ======'timer_super_pops_mult_timer_stopped'====== Args={'ticks': 0, 'ticks_remaining': 0}
2026-08-11 20:12:49,835 : INFO : Timer.stars_10x_timer : Stopping Timer
2026-08-11 20:12:49,835 : INFO : EventManager : Event: ======'timer_stars_10x_timer_stopped'====== Args={'ticks': 0, 'ticks_remaining': 0}
2026-08-11 20:12:49,835 : INFO : Timer.stars_s80_hold : Stopping Timer
2026-08-11 20:12:49,835 : INFO : EventManager : Event: ======'timer_stars_s80_hold_stopped'====== Args={'ticks': 0, 'ticks_remaining': 0}
2026-08-11 20:12:49,835 : INFO : EventManager : Event: ======'ball_ending'====== Args={}
2026-08-11 20:12:49,847 : INFO : EventManager : Event: ======'glasses_stop_all_shows'====== Args={'priority': 0}
2026-08-11 20:12:49,848 : INFO : EventManager : Event: ======'glasses_position_confirm_stop'====== Args={'priority': 0}
2026-08-11 20:12:49,848 : INFO : EventManager : Event: ======'glasses_state_timer_stop'====== Args={'priority': 0}
2026-08-11 20:12:49,848 : INFO : EventManager : Event: ======'glasses_home_pulse_timer_stop'====== Args={'priority': 0}
2026-08-11 20:12:49,848 : INFO : EventManager : Event: ======'glasses_homing_cancel'====== Args={'priority': 0}
2026-08-11 20:12:49,848 : INFO : Timer.glasses_position_confirm : Stopping Timer
2026-08-11 20:12:49,848 : INFO : EventManager : Event: ======'timer_glasses_position_confirm_stopped'====== Args={'ticks': 0, 'ticks_remaining': 0}
2026-08-11 20:12:49,849 : INFO : Timer.glasses_state_timer : Stopping Timer
2026-08-11 20:12:49,849 : INFO : EventManager : Event: ======'timer_glasses_state_timer_stopped'====== Args={'ticks': 0, 'ticks_remaining': 0}
2026-08-11 20:12:49,849 : INFO : Timer.glasses_home_pulse_timer : Stopping Timer
2026-08-11 20:12:49,849 : INFO : EventManager : Event: ======'timer_glasses_home_pulse_timer_stopped'====== Args={'ticks': 0, 'ticks_remaining': 0}
2026-08-11 20:12:49,849 : INFO : Mode.glasses_mode : Stopped.
2026-08-11 20:12:49,849 : INFO : EventManager : Event: ======'modes_active_modes_changed'====== Args={}
2026-08-11 20:12:49,849 : INFO : EventManager : Event: ======'mode_glasses_mode_stopped'====== Args={}
2026-08-11 20:12:49,849 : INFO : EventManager : Event: ======'clear'====== Args={'key': 'glasses_mode'}
2026-08-11 20:12:49,849 : INFO : Timer.glasses_position_confirm : Stopping Timer
2026-08-11 20:12:49,850 : INFO : EventManager : Event: ======'timer_glasses_position_confirm_stopped'====== Args={'ticks': 0, 'ticks_remaining': 0}
2026-08-11 20:12:49,850 : INFO : Timer.glasses_state_timer : Stopping Timer
2026-08-11 20:12:49,850 : INFO : EventManager : Event: ======'timer_glasses_state_timer_stopped'====== Args={'ticks': 0, 'ticks_remaining': 0}
2026-08-11 20:12:49,850 : INFO : Timer.glasses_home_pulse_timer : Stopping Timer
2026-08-11 20:12:49,850 : INFO : EventManager : Event: ======'timer_glasses_home_pulse_timer_stopped'====== Args={'ticks': 0, 'ticks_remaining': 0}
2026-08-11 20:12:49,850 : INFO : Timer.glasses_state_timer : Stopping Timer
2026-08-11 20:12:49,850 : INFO : EventManager : Event: ======'timer_glasses_state_timer_stopped'====== Args={'ticks': 0, 'ticks_remaining': 0}
2026-08-11 20:12:49,850 : INFO : Timer.glasses_home_pulse_timer : Stopping Timer
2026-08-11 20:12:49,850 : INFO : EventManager : Event: ======'timer_glasses_home_pulse_timer_stopped'====== Args={'ticks': 0, 'ticks_remaining': 0}
2026-08-11 20:12:49,850 : INFO : Timer.glasses_position_confirm : Stopping Timer
2026-08-11 20:12:49,850 : INFO : EventManager : Event: ======'timer_glasses_position_confirm_stopped'====== Args={'ticks': 0, 'ticks_remaining': 0}
2026-08-11 20:12:49,850 : INFO : Timer.top_lane_a_countdown_timer : Stopping Timer
2026-08-11 20:12:49,851 : INFO : EventManager : Event: ======'timer_top_lane_a_countdown_timer_stopped'====== Args={'ticks': 30, 'ticks_remaining': 0}
2026-08-11 20:12:49,851 : INFO : Timer.top_lane_b_countdown_timer : Stopping Timer
2026-08-11 20:12:49,851 : INFO : EventManager : Event: ======'timer_top_lane_b_countdown_timer_stopped'====== Args={'ticks': 30, 'ticks_remaining': 0}
2026-08-11 20:12:49,851 : INFO : Timer.fourbank_reset_check_timer : Stopping Timer
2026-08-11 20:12:49,851 : INFO : EventManager : Event: ======'timer_fourbank_reset_check_timer_stopped'====== Args={'ticks': 0, 'ticks_remaining': 0}
2026-08-11 20:12:49,851 : INFO : Timer.fourbank_reset_retry_timer : Stopping Timer
2026-08-11 20:12:49,851 : INFO : EventManager : Event: ======'timer_fourbank_reset_retry_timer_stopped'====== Args={'ticks': 0, 'ticks_remaining': 0}
2026-08-11 20:12:49,851 : INFO : Timer.threebank_reset_check_timer : Stopping Timer
2026-08-11 20:12:49,851 : INFO : EventManager : Event: ======'timer_threebank_reset_check_timer_stopped'====== Args={'ticks': 0, 'ticks_remaining': 0}
2026-08-11 20:12:49,851 : INFO : Timer.threebank_reset_retry_timer : Stopping Timer
2026-08-11 20:12:49,851 : INFO : EventManager : Event: ======'timer_threebank_reset_retry_timer_stopped'====== Args={'ticks': 0, 'ticks_remaining': 0}
2026-08-11 20:12:49,851 : INFO : Mode.shotgun : Stopped.
2026-08-11 20:12:49,851 : INFO : EventManager : Event: ======'modes_active_modes_changed'====== Args={}
2026-08-11 20:12:49,852 : INFO : EventManager : Event: ======'mode_shotgun_stopped'====== Args={}
2026-08-11 20:12:49,852 : INFO : EventManager : Event: ======'clear'====== Args={'key': 'shotgun'}
2026-08-11 20:12:49,852 : INFO : Timer.fourbank_reset_check_timer : Stopping Timer
2026-08-11 20:12:49,852 : INFO : EventManager : Event: ======'timer_fourbank_reset_check_timer_stopped'====== Args={'ticks': 0, 'ticks_remaining': 0}
2026-08-11 20:12:49,852 : INFO : Timer.threebank_reset_retry_timer : Stopping Timer
2026-08-11 20:12:49,852 : INFO : EventManager : Event: ======'timer_threebank_reset_retry_timer_stopped'====== Args={'ticks': 0, 'ticks_remaining': 0}
2026-08-11 20:12:49,852 : INFO : Timer.fourbank_drop_3_trip_timer : Stopping Timer
2026-08-11 20:12:49,852 : INFO : EventManager : Event: ======'timer_fourbank_drop_3_trip_timer_stopped'====== Args={'ticks': 0, 'ticks_remaining': 0}
2026-08-11 20:12:49,853 : INFO : Timer.threebank_drop_3_trip_timer : Stopping Timer
2026-08-11 20:12:49,853 : INFO : EventManager : Event: ======'timer_threebank_drop_3_trip_timer_stopped'====== Args={'ticks': 0, 'ticks_remaining': 0}
2026-08-11 20:12:49,853 : INFO : Timer.drop_1_4_7_step_4_timer : Stopping Timer
2026-08-11 20:12:49,853 : INFO : EventManager : Event: ======'timer_drop_1_4_7_step_4_timer_stopped'====== Args={'ticks': 0, 'ticks_remaining': 0}
2026-08-11 20:12:49,853 : INFO : Timer.top_lane_a_countdown_timer : Stopping Timer
2026-08-11 20:12:49,853 : INFO : EventManager : Event: ======'timer_top_lane_a_countdown_timer_stopped'====== Args={'ticks': 30, 'ticks_remaining': 0}
2026-08-11 20:12:49,853 : INFO : Timer.fourbank_reset_retry_timer : Stopping Timer
2026-08-11 20:12:49,853 : INFO : EventManager : Event: ======'timer_fourbank_reset_retry_timer_stopped'====== Args={'ticks': 0, 'ticks_remaining': 0}
2026-08-11 20:12:49,853 : INFO : Timer.fourbank_drop_2_trip_timer : Stopping Timer
2026-08-11 20:12:49,853 : INFO : EventManager : Event: ======'timer_fourbank_drop_2_trip_timer_stopped'====== Args={'ticks': 0, 'ticks_remaining': 0}
2026-08-11 20:12:49,853 : INFO : Timer.threebank_drop_1_trip_timer : Stopping Timer
2026-08-11 20:12:49,853 : INFO : EventManager : Event: ======'timer_threebank_drop_1_trip_timer_stopped'====== Args={'ticks': 0, 'ticks_remaining': 0}
2026-08-11 20:12:49,853 : INFO : Timer.drop_1_4_7_step_2_timer : Stopping Timer
2026-08-11 20:12:49,853 : INFO : EventManager : Event: ======'timer_drop_1_4_7_step_2_timer_stopped'====== Args={'ticks': 0, 'ticks_remaining': 0}
2026-08-11 20:12:49,853 : INFO : Timer.drop_1_4_7_ready_timer : Stopping Timer
2026-08-11 20:12:49,853 : INFO : EventManager : Event: ======'timer_drop_1_4_7_ready_timer_stopped'====== Args={'ticks': 0, 'ticks_remaining': 0}
2026-08-11 20:12:49,854 : INFO : Timer.top_lane_b_countdown_timer : Stopping Timer
2026-08-11 20:12:49,854 : INFO : EventManager : Event: ======'timer_top_lane_b_countdown_timer_stopped'====== Args={'ticks': 30, 'ticks_remaining': 0}
2026-08-11 20:12:49,854 : INFO : Timer.threebank_reset_check_timer : Stopping Timer
2026-08-11 20:12:49,854 : INFO : EventManager : Event: ======'timer_threebank_reset_check_timer_stopped'====== Args={'ticks': 0, 'ticks_remaining': 0}
2026-08-11 20:12:49,854 : INFO : Timer.threebank_drop_2_trip_timer : Stopping Timer
2026-08-11 20:12:49,854 : INFO : EventManager : Event: ======'timer_threebank_drop_2_trip_timer_stopped'====== Args={'ticks': 0, 'ticks_remaining': 0}
2026-08-11 20:12:49,854 : INFO : Timer.drop_1_4_7_step_3_timer : Stopping Timer
2026-08-11 20:12:49,854 : INFO : EventManager : Event: ======'timer_drop_1_4_7_step_3_timer_stopped'====== Args={'ticks': 0, 'ticks_remaining': 0}
2026-08-11 20:12:49,855 : INFO : EventManager : Event: ======'mode_resistance_will_stop'====== Args={}
2026-08-11 20:12:49,855 : INFO : EventManager : Event: ======'mode_resistance_stopping'====== Args={}
2026-08-11 20:12:49,855 : INFO : EventManager : Event: ======'mode_autoplunge_will_stop'====== Args={}
2026-08-11 20:12:49,855 : INFO : EventManager : Event: ======'mode_autoplunge_stopping'====== Args={}
2026-08-11 20:12:49,856 : INFO : Timer.t_auto_plunge : Stopping Timer
2026-08-11 20:12:49,856 : INFO : EventManager : Event: ======'timer_t_auto_plunge_stopped'====== Args={'ticks': 10, 'ticks_remaining': 10}
2026-08-11 20:12:49,856 : INFO : EventManager : Event: ======'mode_brian_combo_will_stop'====== Args={}
2026-08-11 20:12:49,856 : INFO : EventManager : Event: ======'mode_brian_combo_stopping'====== Args={}
2026-08-11 20:12:49,856 : INFO : EventManager : Event: ======'mode_awareness_will_stop'====== Args={}
2026-08-11 20:12:49,856 : INFO : EventManager : Event: ======'mode_awareness_stopping'====== Args={}
2026-08-11 20:12:49,857 : INFO : Mode.awareness : Stopped.
2026-08-11 20:12:49,857 : INFO : EventManager : Event: ======'modes_active_modes_changed'====== Args={}
2026-08-11 20:12:49,858 : INFO : EventManager : Event: ======'mode_awareness_stopped'====== Args={}
2026-08-11 20:12:49,858 : INFO : EventManager : Event: ======'clear'====== Args={'key': 'awareness'}
2026-08-11 20:12:49,858 : INFO : Mode.brian_combo : Stopped.
2026-08-11 20:12:49,858 : INFO : EventManager : Event: ======'modes_active_modes_changed'====== Args={}
2026-08-11 20:12:49,858 : INFO : EventManager : Event: ======'mode_brian_combo_stopped'====== Args={}
2026-08-11 20:12:49,858 : INFO : EventManager : Event: ======'clear'====== Args={'key': 'brian_combo'}
2026-08-11 20:12:49,858 : INFO : Mode.autoplunge : Stopped.
2026-08-11 20:12:49,859 : INFO : EventManager : Event: ======'modes_active_modes_changed'====== Args={}
2026-08-11 20:12:49,859 : INFO : EventManager : Event: ======'mode_autoplunge_stopped'====== Args={}
2026-08-11 20:12:49,859 : INFO : EventManager : Event: ======'clear'====== Args={'key': 'autoplunge'}
2026-08-11 20:12:49,859 : INFO : Timer.t_auto_plunge : Stopping Timer
2026-08-11 20:12:49,859 : INFO : EventManager : Event: ======'timer_t_auto_plunge_stopped'====== Args={'ticks': 10, 'ticks_remaining': 10}
2026-08-11 20:12:49,859 : INFO : Mode.resistance : Stopped.
2026-08-11 20:12:49,859 : INFO : EventManager : Event: ======'modes_active_modes_changed'====== Args={}
2026-08-11 20:12:49,860 : INFO : EventManager : Event: ======'mode_resistance_stopped'====== Args={}
2026-08-11 20:12:49,860 : INFO : EventManager : Event: ======'clear'====== Args={'key': 'resistance'}
2026-08-11 20:12:49,860 : INFO : Timer.resistance_qual_lights_15_11_timer : Stopping Timer
2026-08-11 20:12:49,860 : INFO : EventManager : Event: ======'timer_resistance_qual_lights_15_11_timer_stopped'====== Args={'ticks': 4, 'ticks_remaining': 0}
2026-08-11 20:12:49,860 : INFO : Timer.state_2_resistance_active_timer : Stopping Timer
2026-08-11 20:12:49,860 : INFO : EventManager : Event: ======'timer_state_2_resistance_active_timer_stopped'====== Args={'ticks': 15, 'ticks_remaining': 0}
2026-08-11 20:12:49,860 : INFO : Timer.state_5_resistance_active_timer : Stopping Timer
2026-08-11 20:12:49,860 : INFO : EventManager : Event: ======'timer_state_5_resistance_active_timer_stopped'====== Args={'ticks': 10, 'ticks_remaining': 0}
2026-08-11 20:12:49,861 : INFO : Timer.resistance_qual_lights_10_5_timer : Stopping Timer
2026-08-11 20:12:49,861 : INFO : EventManager : Event: ======'timer_resistance_qual_lights_10_5_timer_stopped'====== Args={'ticks': 5, 'ticks_remaining': 0}
2026-08-11 20:12:49,861 : INFO : Timer.state_3_resistance_active_timer : Stopping Timer
2026-08-11 20:12:49,861 : INFO : EventManager : Event: ======'timer_state_3_resistance_active_timer_stopped'====== Args={'ticks': 15, 'ticks_remaining': 0}
2026-08-11 20:12:49,861 : INFO : Timer.right_inlane_countdown_timer : Stopping Timer
2026-08-11 20:12:49,861 : INFO : EventManager : Event: ======'timer_right_inlane_countdown_timer_stopped'====== Args={'ticks': 15, 'ticks_remaining': 0}
2026-08-11 20:12:49,861 : INFO : Timer.resistance_qual_lights_4_0_timer : Stopping Timer
2026-08-11 20:12:49,861 : INFO : EventManager : Event: ======'timer_resistance_qual_lights_4_0_timer_stopped'====== Args={'ticks': 4, 'ticks_remaining': 0}
2026-08-11 20:12:49,861 : INFO : Timer.state_4_resistance_active_timer : Stopping Timer
2026-08-11 20:12:49,861 : INFO : EventManager : Event: ======'timer_state_4_resistance_active_timer_stopped'====== Args={'ticks': 15, 'ticks_remaining': 0}
2026-08-11 20:12:49,873 : INFO : EventManager : Event: ======'ball_ended'====== Args={}
2026-08-11 20:12:49,880 : INFO : EventManager : Event: ======'player_turn_will_end'====== Args={'player': <Player 1>, 'number': 1}
2026-08-11 20:12:49,885 : INFO : EventManager : Event: ======'player_turn_ending'====== Args={'player': <Player 1>, 'number': 1}
2026-08-11 20:12:49,885 : INFO : EventManager : Event: ======'player_turn_ended'====== Args={'player': <Player 1>, 'number': 1}
2026-08-11 20:12:49,887 : INFO : EventManager : Event: ======'player_turn_will_start'====== Args={'player': <Player 1>, 'number': 1}
2026-08-11 20:12:49,888 : INFO : EventManager : Event: ======'player_turn_starting'====== Args={'player': <Player 1>, 'number': 1}
2026-08-11 20:12:49,889 : INFO : EventManager : Event: ======'player_ball'====== Args={'value': 2, 'prev_value': 1, 'change': 1, 'player_num': 1}
2026-08-11 20:12:49,889 : INFO : EventManager : Event: ======'player_turn_started'====== Args={'player': <Player 1>, 'number': 1}
2026-08-11 20:12:49,897 : INFO : EventManager : Event: ======'ball_will_start'====== Args={'player': 1, 'ball': 2, 'balls_remaining': 1, 'is_extra_ball': False}
2026-08-11 20:12:49,900 : INFO : EventManager : Event: ======'ball_starting'====== Args={'player': 1, 'ball': 2, 'balls_remaining': 1, 'is_extra_ball': False}
2026-08-11 20:12:49,902 : INFO : EventManager : Event: ======'mode_skillshot_will_start'====== Args={'queue': <QueuedEvent>, 'player': 1, 'ball': 2, 'balls_remaining': 1, 'is_extra_ball': False}
2026-08-11 20:12:49,909 : INFO : EventManager : Event: ======'mode_skillshot_starting'====== Args={'queue': <QueuedEvent>, 'player': 1, 'ball': 2, 'balls_remaining': 1, 'is_extra_ball': False}
2026-08-11 20:12:49,909 : INFO : EventManager : Event: ======'mode_awareness_will_start'====== Args={'queue': <QueuedEvent>, 'player': 1, 'ball': 2, 'balls_remaining': 1, 'is_extra_ball': False}
2026-08-11 20:12:49,914 : INFO : EventManager : Event: ======'mode_awareness_starting'====== Args={'queue': <QueuedEvent>, 'player': 1, 'ball': 2, 'balls_remaining': 1, 'is_extra_ball': False}
2026-08-11 20:12:49,915 : INFO : EventManager : Event: ======'mode_base_will_start'====== Args={'queue': <QueuedEvent>, 'player': 1, 'ball': 2, 'balls_remaining': 1, 'is_extra_ball': False}
2026-08-11 20:12:49,918 : INFO : EventManager : Event: ======'player_base_varitarget_reset_timer_tick'====== Args={'value': 0, 'prev_value': 24, 'change': -24, 'player_num': 1}
2026-08-11 20:12:49,923 : INFO : EventManager : Event: ======'mode_base_starting'====== Args={'queue': <QueuedEvent>, 'player': 1, 'ball': 2, 'balls_remaining': 1, 'is_extra_ball': False}
2026-08-11 20:12:49,929 : INFO : Mode.base : Started. Priority: 100
2026-08-11 20:12:49,929 : INFO : EventManager : Event: ======'modes_active_modes_changed'====== Args={}
2026-08-11 20:12:49,929 : INFO : EventManager : Event: ======'mode_base_started'====== Args={'queue': <QueuedEvent>, 'player': 1, 'ball': 2, 'balls_remaining': 1, 'is_extra_ball': False}
2026-08-11 20:12:49,929 : INFO : EventManager : Event: ======'mode_glasses_mode_will_start'====== Args={'queue': <QueuedEvent>, 'player': 1, 'ball': 2, 'balls_remaining': 1, 'is_extra_ball': False}
2026-08-11 20:12:49,934 : INFO : EventManager : Event: ======'mode_glasses_mode_starting'====== Args={'queue': <QueuedEvent>, 'player': 1, 'ball': 2, 'balls_remaining': 1, 'is_extra_ball': False}
2026-08-11 20:12:49,935 : INFO : EventManager : Event: ======'mode_super_pops_will_start'====== Args={'queue': <QueuedEvent>, 'player': 1, 'ball': 2, 'balls_remaining': 1, 'is_extra_ball': False}
2026-08-11 20:12:49,935 : INFO : EventManager : Unordered handler for class <Auditor> on event game_ended with priority 1. Handlers: [RegisteredHandler(callback=<bound method Auditor.disable of <Auditor>>, priority=1, kwargs={}, key=UUID('8cc8cde7-24f0-4684-a154-56b532031ec2'), condition=None, blocking_facility=None), RegisteredHandler(callback=<bound method Auditor._save_audits of <Auditor>>, priority=1, kwargs={}, key=UUID('714169e2-6a45-40f1-b493-cc5dad140c01'), condition=None, blocking_facility=None)]. The order of those handlers is not defined and they will be executed in random order. This might lead to race conditions and potential bugs.
2026-08-11 20:12:49,938 : INFO : EventManager : Event: ======'mode_super_pops_starting'====== Args={'queue': <QueuedEvent>, 'player': 1, 'ball': 2, 'balls_remaining': 1, 'is_extra_ball': False}
2026-08-11 20:12:49,938 : INFO : EventManager : Event: ======'mode_spinner_2x_qualify_will_start'====== Args={'queue': <QueuedEvent>, 'player': 1, 'ball': 2, 'balls_remaining': 1, 'is_extra_ball': False}
2026-08-11 20:12:49,939 : INFO : EventManager : Event: ======'mode_spinner_2x_qualify_starting'====== Args={'queue': <QueuedEvent>, 'player': 1, 'ball': 2, 'balls_remaining': 1, 'is_extra_ball': False}
2026-08-11 20:12:49,940 : INFO : EventManager : Event: ======'mode_shotgun_will_start'====== Args={'queue': <QueuedEvent>, 'player': 1, 'ball': 2, 'balls_remaining': 1, 'is_extra_ball': False}
2026-08-11 20:12:49,940 : INFO : EventManager : Unordered handler for class <timer.top_lane_a_countdown_timer> on event shotgun_stop_all with priority 1. Handlers: [RegisteredHandler(callback=<bound method Timer.stop of <timer.top_lane_a_countdown_timer>>, priority=1, kwargs={}, key=UUID('89d1f0a1-255d-4c84-8308-813084d70aca'), condition=None, blocking_facility=None), RegisteredHandler(callback=<bound method Timer.reset of <timer.top_lane_a_countdown_timer>>, priority=1, kwargs={}, key=UUID('272f36c2-caf3-40a1-846b-1cf0c2520087'), condition=None, blocking_facility=None)]. The order of those handlers is not defined and they will be executed in random order. This might lead to race conditions and potential bugs.
2026-08-11 20:12:49,940 : INFO : EventManager : Unordered handler for class <timer.top_lane_a_countdown_timer> on event shotgun_stop_all with priority 1. Handlers: [RegisteredHandler(callback=<bound method Timer.stop of <timer.top_lane_a_countdown_timer>>, priority=1, kwargs={}, key=UUID('89d1f0a1-255d-4c84-8308-813084d70aca'), condition=None, blocking_facility=None), RegisteredHandler(callback=<bound method Timer.reset of <timer.top_lane_a_countdown_timer>>, priority=1, kwargs={}, key=UUID('272f36c2-caf3-40a1-846b-1cf0c2520087'), condition=None, blocking_facility=None)]. The order of those handlers is not defined and they will be executed in random order. This might lead to race conditions and potential bugs.
2026-08-11 20:12:49,940 : INFO : EventManager : Unordered handler for class <timer.top_lane_a_countdown_timer> on event shotgun_stop_all with priority 1. Handlers: [RegisteredHandler(callback=<bound method Timer.stop of <timer.top_lane_a_countdown_timer>>, priority=1, kwargs={}, key=UUID('89d1f0a1-255d-4c84-8308-813084d70aca'), condition=None, blocking_facility=None), RegisteredHandler(callback=<bound method Timer.reset of <timer.top_lane_a_countdown_timer>>, priority=1, kwargs={}, key=UUID('272f36c2-caf3-40a1-846b-1cf0c2520087'), condition=None, blocking_facility=None)]. The order of those handlers is not defined and they will be executed in random order. This might lead to race conditions and potential bugs.
2026-08-11 20:12:49,940 : INFO : EventManager : Unordered handler for class <timer.top_lane_b_countdown_timer> on event shotgun_stop_all with priority 1. Handlers: [RegisteredHandler(callback=<bound method Timer.stop of <timer.top_lane_b_countdown_timer>>, priority=1, kwargs={}, key=UUID('5a1ff122-c4d8-4038-a014-87dfd4326215'), condition=None, blocking_facility=None), RegisteredHandler(callback=<bound method Timer.reset of <timer.top_lane_b_countdown_timer>>, priority=1, kwargs={}, key=UUID('8f7047e9-e2e9-4a7c-b298-1592824c547d'), condition=None, blocking_facility=None)]. The order of those handlers is not defined and they will be executed in random order. This might lead to race conditions and potential bugs.
2026-08-11 20:12:49,940 : INFO : EventManager : Unordered handler for class <timer.top_lane_a_countdown_timer> on event shotgun_stop_all with priority 1. Handlers: [RegisteredHandler(callback=<bound method Timer.stop of <timer.top_lane_a_countdown_timer>>, priority=1, kwargs={}, key=UUID('89d1f0a1-255d-4c84-8308-813084d70aca'), condition=None, blocking_facility=None), RegisteredHandler(callback=<bound method Timer.reset of <timer.top_lane_a_countdown_timer>>, priority=1, kwargs={}, key=UUID('272f36c2-caf3-40a1-846b-1cf0c2520087'), condition=None, blocking_facility=None)]. The order of those handlers is not defined and they will be executed in random order. This might lead to race conditions and potential bugs.
2026-08-11 20:12:49,940 : INFO : EventManager : Unordered handler for class <timer.top_lane_b_countdown_timer> on event shotgun_stop_all with priority 1. Handlers: [RegisteredHandler(callback=<bound method Timer.stop of <timer.top_lane_b_countdown_timer>>, priority=1, kwargs={}, key=UUID('5a1ff122-c4d8-4038-a014-87dfd4326215'), condition=None, blocking_facility=None), RegisteredHandler(callback=<bound method Timer.reset of <timer.top_lane_b_countdown_timer>>, priority=1, kwargs={}, key=UUID('8f7047e9-e2e9-4a7c-b298-1592824c547d'), condition=None, blocking_facility=None)]. The order of those handlers is not defined and they will be executed in random order. This might lead to race conditions and potential bugs.
2026-08-11 20:12:49,941 : INFO : EventManager : Unordered handler for class <timer.top_lane_a_countdown_timer> on event shotgun_stop_all with priority 1. Handlers: [RegisteredHandler(callback=<bound method Timer.stop of <timer.top_lane_a_countdown_timer>>, priority=1, kwargs={}, key=UUID('89d1f0a1-255d-4c84-8308-813084d70aca'), condition=None, blocking_facility=None), RegisteredHandler(callback=<bound method Timer.reset of <timer.top_lane_a_countdown_timer>>, priority=1, kwargs={}, key=UUID('272f36c2-caf3-40a1-846b-1cf0c2520087'), condition=None, blocking_facility=None)]. The order of those handlers is not defined and they will be executed in random order. This might lead to race conditions and potential bugs.
2026-08-11 20:12:49,941 : INFO : EventManager : Unordered handler for class <timer.top_lane_b_countdown_timer> on event shotgun_stop_all with priority 1. Handlers: [RegisteredHandler(callback=<bound method Timer.stop of <timer.top_lane_b_countdown_timer>>, priority=1, kwargs={}, key=UUID('5a1ff122-c4d8-4038-a014-87dfd4326215'), condition=None, blocking_facility=None), RegisteredHandler(callback=<bound method Timer.reset of <timer.top_lane_b_countdown_timer>>, priority=1, kwargs={}, key=UUID('8f7047e9-e2e9-4a7c-b298-1592824c547d'), condition=None, blocking_facility=None)]. The order of those handlers is not defined and they will be executed in random order. This might lead to race conditions and potential bugs.
2026-08-11 20:12:49,941 : INFO : EventManager : Unordered handler for class <timer.top_lane_a_countdown_timer> on event shotgun_stop_all with priority 1. Handlers: [RegisteredHandler(callback=<bound method Timer.stop of <timer.top_lane_a_countdown_timer>>, priority=1, kwargs={}, key=UUID('89d1f0a1-255d-4c84-8308-813084d70aca'), condition=None, blocking_facility=None), RegisteredHandler(callback=<bound method Timer.reset of <timer.top_lane_a_countdown_timer>>, priority=1, kwargs={}, key=UUID('272f36c2-caf3-40a1-846b-1cf0c2520087'), condition=None, blocking_facility=None)]. The order of those handlers is not defined and they will be executed in random order. This might lead to race conditions and potential bugs.
2026-08-11 20:12:49,941 : INFO : EventManager : Unordered handler for class <timer.top_lane_b_countdown_timer> on event shotgun_stop_all with priority 1. Handlers: [RegisteredHandler(callback=<bound method Timer.stop of <timer.top_lane_b_countdown_timer>>, priority=1, kwargs={}, key=UUID('5a1ff122-c4d8-4038-a014-87dfd4326215'), condition=None, blocking_facility=None), RegisteredHandler(callback=<bound method Timer.reset of <timer.top_lane_b_countdown_timer>>, priority=1, kwargs={}, key=UUID('8f7047e9-e2e9-4a7c-b298-1592824c547d'), condition=None, blocking_facility=None)]. The order of those handlers is not defined and they will be executed in random order. This might lead to race conditions and potential bugs.
2026-08-11 20:12:49,941 : INFO : EventManager : Unordered handler for class <timer.top_lane_a_countdown_timer> on event shotgun_stop_all with priority 1. Handlers: [RegisteredHandler(callback=<bound method Timer.stop of <timer.top_lane_a_countdown_timer>>, priority=1, kwargs={}, key=UUID('89d1f0a1-255d-4c84-8308-813084d70aca'), condition=None, blocking_facility=None), RegisteredHandler(callback=<bound method Timer.reset of <timer.top_lane_a_countdown_timer>>, priority=1, kwargs={}, key=UUID('272f36c2-caf3-40a1-846b-1cf0c2520087'), condition=None, blocking_facility=None)]. The order of those handlers is not defined and they will be executed in random order. This might lead to race conditions and potential bugs.
2026-08-11 20:12:49,942 : INFO : EventManager : Unordered handler for class <timer.top_lane_b_countdown_timer> on event shotgun_stop_all with priority 1. Handlers: [RegisteredHandler(callback=<bound method Timer.stop of <timer.top_lane_b_countdown_timer>>, priority=1, kwargs={}, key=UUID('5a1ff122-c4d8-4038-a014-87dfd4326215'), condition=None, blocking_facility=None), RegisteredHandler(callback=<bound method Timer.reset of <timer.top_lane_b_countdown_timer>>, priority=1, kwargs={}, key=UUID('8f7047e9-e2e9-4a7c-b298-1592824c547d'), condition=None, blocking_facility=None)]. The order of those handlers is not defined and they will be executed in random order. This might lead to race conditions and potential bugs.
2026-08-11 20:12:49,947 : INFO : EventManager : Unordered handler for class <timer.top_lane_a_countdown_timer> on event shotgun_stop_all with priority 1. Handlers: [RegisteredHandler(callback=<bound method Timer.stop of <timer.top_lane_a_countdown_timer>>, priority=1, kwargs={}, key=UUID('89d1f0a1-255d-4c84-8308-813084d70aca'), condition=None, blocking_facility=None), RegisteredHandler(callback=<bound method Timer.reset of <timer.top_lane_a_countdown_timer>>, priority=1, kwargs={}, key=UUID('272f36c2-caf3-40a1-846b-1cf0c2520087'), condition=None, blocking_facility=None)]. The order of those handlers is not defined and they will be executed in random order. This might lead to race conditions and potential bugs.
2026-08-11 20:12:49,947 : INFO : EventManager : Unordered handler for class <timer.top_lane_b_countdown_timer> on event shotgun_stop_all with priority 1. Handlers: [RegisteredHandler(callback=<bound method Timer.stop of <timer.top_lane_b_countdown_timer>>, priority=1, kwargs={}, key=UUID('5a1ff122-c4d8-4038-a014-87dfd4326215'), condition=None, blocking_facility=None), RegisteredHandler(callback=<bound method Timer.reset of <timer.top_lane_b_countdown_timer>>, priority=1, kwargs={}, key=UUID('8f7047e9-e2e9-4a7c-b298-1592824c547d'), condition=None, blocking_facility=None)]. The order of those handlers is not defined and they will be executed in random order. This might lead to race conditions and potential bugs.
2026-08-11 20:12:49,948 : INFO : EventManager : Unordered handler for class <timer.top_lane_a_countdown_timer> on event shotgun_stop_all with priority 1. Handlers: [RegisteredHandler(callback=<bound method Timer.stop of <timer.top_lane_a_countdown_timer>>, priority=1, kwargs={}, key=UUID('89d1f0a1-255d-4c84-8308-813084d70aca'), condition=None, blocking_facility=None), RegisteredHandler(callback=<bound method Timer.reset of <timer.top_lane_a_countdown_timer>>, priority=1, kwargs={}, key=UUID('272f36c2-caf3-40a1-846b-1cf0c2520087'), condition=None, blocking_facility=None)]. The order of those handlers is not defined and they will be executed in random order. This might lead to race conditions and potential bugs.
2026-08-11 20:12:49,948 : INFO : EventManager : Unordered handler for class <timer.top_lane_b_countdown_timer> on event shotgun_stop_all with priority 1. Handlers: [RegisteredHandler(callback=<bound method Timer.stop of <timer.top_lane_b_countdown_timer>>, priority=1, kwargs={}, key=UUID('5a1ff122-c4d8-4038-a014-87dfd4326215'), condition=None, blocking_facility=None), RegisteredHandler(callback=<bound method Timer.reset of <timer.top_lane_b_countdown_timer>>, priority=1, kwargs={}, key=UUID('8f7047e9-e2e9-4a7c-b298-1592824c547d'), condition=None, blocking_facility=None)]. The order of those handlers is not defined and they will be executed in random order. This might lead to race conditions and potential bugs.
2026-08-11 20:12:49,951 : INFO : EventManager : Event: ======'mode_shotgun_starting'====== Args={'queue': <QueuedEvent>, 'player': 1, 'ball': 2, 'balls_remaining': 1, 'is_extra_ball': False}
2026-08-11 20:12:49,951 : INFO : EventManager : Event: ======'varitarget_yaml_loaded'====== Args={'priority': 0}
2026-08-11 20:12:49,951 : INFO : EventManager : Event: ======'player_varitarget_reset_attempts'====== Args={'value': 0, 'prev_value': 25, 'change': -25, 'player_num': 1, 'source': 'base'}
2026-08-11 20:12:49,956 : INFO : Mode.shotgun : Started. Priority: 120
2026-08-11 20:12:49,956 : INFO : EventManager : Event: ======'modes_active_modes_changed'====== Args={}
2026-08-11 20:12:49,957 : INFO : EventManager : Event: ======'mode_shotgun_started'====== Args={'queue': <QueuedEvent>, 'player': 1, 'ball': 2, 'balls_remaining': 1, 'is_extra_ball': False}
2026-08-11 20:12:49,957 : INFO : EventManager : Event: ======'shotgun_all_lights_off'====== Args={'priority': 0}
2026-08-11 20:12:49,958 : INFO : Mode.spinner_2x_qualify : Started. Priority: 150
2026-08-11 20:12:49,958 : INFO : EventManager : Event: ======'modes_active_modes_changed'====== Args={}
2026-08-11 20:12:49,959 : INFO : EventManager : Event: ======'mode_spinner_2x_qualify_started'====== Args={'queue': <QueuedEvent>, 'player': 1, 'ball': 2, 'balls_remaining': 1, 'is_extra_ball': False}
2026-08-11 20:12:49,959 : INFO : EventManager : Event: ======'spinner_2x_stop'====== Args={'priority': 0}
2026-08-11 20:12:49,959 : INFO : Mode.glasses_mode : Started. Priority: 800
2026-08-11 20:12:49,959 : INFO : EventManager : Event: ======'modes_active_modes_changed'====== Args={}
2026-08-11 20:12:49,959 : INFO : EventManager : Event: ======'mode_glasses_mode_started'====== Args={'queue': <QueuedEvent>, 'player': 1, 'ball': 2, 'balls_remaining': 1, 'is_extra_ball': False}
2026-08-11 20:12:49,960 : INFO : EventManager : Event: ======'glasses_mode_loaded'====== Args={'priority': 0}
2026-08-11 20:12:49,960 : INFO : EventManager : Event: ======'glasses_stop_all_shows'====== Args={'priority': 0}
2026-08-11 20:12:49,960 : INFO : EventManager : Event: ======'glasses_init_vars'====== Args={'priority': 0}
2026-08-11 20:12:49,960 : INFO : Mode.awareness : Started. Priority: 105
2026-08-11 20:12:49,960 : INFO : EventManager : Event: ======'modes_active_modes_changed'====== Args={}
2026-08-11 20:12:49,961 : INFO : EventManager : Event: ======'mode_awareness_started'====== Args={'queue': <QueuedEvent>, 'player': 1, 'ball': 2, 'balls_remaining': 1, 'is_extra_ball': False}
2026-08-11 20:12:49,961 : INFO : EventManager : Event: ======'awareness_consume_ready_display'====== Args={'priority': 0}
2026-08-11 20:12:49,961 : INFO : Mode.skillshot : Started. Priority: 200
2026-08-11 20:12:49,961 : INFO : EventManager : Event: ======'modes_active_modes_changed'====== Args={}
2026-08-11 20:12:49,961 : INFO : EventManager : Event: ======'mode_skillshot_started'====== Args={'queue': <QueuedEvent>, 'player': 1, 'ball': 2, 'balls_remaining': 1, 'is_extra_ball': False}
2026-08-11 20:12:49,962 : INFO : EventManager : Event: ======'player_skillshot_left_plunger'====== Args={'value': 0, 'prev_value': 1, 'change': -1, 'player_num': 1, 'source': 'skillshot'}
2026-08-11 20:12:49,962 : INFO : EventManager : Event: ======'player_skillshot_first_switch_seen'====== Args={'value': 0, 'prev_value': 1, 'change': -1, 'player_num': 1, 'source': 'skillshot'}
2026-08-11 20:12:49,962 : INFO : EventManager : Event: ======'player_skillshot_phase1_success'====== Args={'value': 0, 'prev_value': 1, 'change': -1, 'player_num': 1, 'source': 'skillshot'}
2026-08-11 20:12:49,977 : INFO : EventManager : Event: ======'balls_in_play'====== Args={'balls': 1}
2026-08-11 20:12:49,978 : INFO : EventManager : Event: ======'ball_started'====== Args={'player': 1, 'ball': 2, 'balls_remaining': 1, 'is_extra_ball': False}
2026-08-11 20:12:49,980 : INFO : EventManager : Event: ======'mode_resistance_will_start'====== Args={'player': 1, 'ball': 2, 'balls_remaining': 1, 'is_extra_ball': False}
2026-08-11 20:12:49,984 : INFO : EventManager : Event: ======'mode_resistance_starting'====== Args={'player': 1, 'ball': 2, 'balls_remaining': 1, 'is_extra_ball': False}
2026-08-11 20:12:49,985 : INFO : EventManager : Event: ======'mode_stars_mode_will_start'====== Args={'player': 1, 'ball': 2, 'balls_remaining': 1, 'is_extra_ball': False}
2026-08-11 20:12:49,989 : INFO : EventManager : Event: ======'mode_stars_mode_starting'====== Args={'player': 1, 'ball': 2, 'balls_remaining': 1, 'is_extra_ball': False}
2026-08-11 20:12:49,989 : INFO : EventManager : Event: ======'mode_autoplunge_will_start'====== Args={'player': 1, 'ball': 2, 'balls_remaining': 1, 'is_extra_ball': False}
2026-08-11 20:12:49,989 : INFO : EventManager : Event: ======'mode_autoplunge_starting'====== Args={'player': 1, 'ball': 2, 'balls_remaining': 1, 'is_extra_ball': False}
2026-08-11 20:12:49,990 : INFO : EventManager : Event: ======'mode_brian_combo_will_start'====== Args={'player': 1, 'ball': 2, 'balls_remaining': 1, 'is_extra_ball': False}
2026-08-11 20:12:49,990 : INFO : EventManager : Event: ======'mode_brian_combo_starting'====== Args={'player': 1, 'ball': 2, 'balls_remaining': 1, 'is_extra_ball': False}
2026-08-11 20:12:49,990 : INFO : EventManager : Event: ======'varitarget_reset_request'====== Args={'priority': 0}
2026-08-11 20:12:49,993 : INFO : EventManager : Event: ======'player_launch_ball_save_used'====== Args={'value': 0, 'prev_value': 1, 'change': -1, 'player_num': 1, 'source': 'base'}
2026-08-11 20:12:49,994 : INFO : EventManager : Event: ======'varitarget_reset_begin'====== Args={'priority': 0}
2026-08-11 20:12:49,994 : INFO : EventManager : Event: ======'varitarget_reset_attempts_clear'====== Args={'priority': 0}
2026-08-11 20:12:49,995 : INFO : EventManager : Event: ======'varitarget_reset_step'====== Args={'priority': 0}
2026-08-11 20:12:49,995 : INFO : EventManager : Event: ======'varitarget_reset_start'====== Args={'priority': 0}
2026-08-11 20:12:49,995 : INFO : coil.c_16_varitarget_reset : Pulsing Driver for 5ms (1.0 pulse_power)
2026-08-11 20:12:49,995 : INFO : EventManager : Event: ======'player_varitarget_reset_attempts'====== Args={'value': 1, 'prev_value': 0, 'change': 1, 'player_num': 1, 'source': 'base'}
2026-08-11 20:12:50,001 : INFO : Timer.varitarget_reset_timer : Starting Timer.
2026-08-11 20:12:50,001 : INFO : EventManager : Event: ======'timer_varitarget_reset_timer_started'====== Args={'ticks': 0, 'ticks_remaining': 999999}
2026-08-11 20:12:50,001 : INFO : EventManager : Event: ======'timer_varitarget_reset_timer_tick'====== Args={'ticks': 0, 'ticks_remaining': 999999}
2026-08-11 20:12:50,002 : INFO : EventManager : Event: ======'varitarget_reset_step'====== Args={'priority': 0}
2026-08-11 20:12:50,002 : INFO : coil.c_16_varitarget_reset : Pulsing Driver for 5ms (1.0 pulse_power)
2026-08-11 20:12:50,002 : INFO : EventManager : Event: ======'player_varitarget_reset_attempts'====== Args={'value': 2, 'prev_value': 1, 'change': 1, 'player_num': 1, 'source': 'base'}
2026-08-11 20:12:50,012 : INFO : Mode.brian_combo : Started. Priority: 120
2026-08-11 20:12:50,013 : INFO : EventManager : Event: ======'modes_active_modes_changed'====== Args={}
2026-08-11 20:12:50,013 : INFO : EventManager : Event: ======'mode_brian_combo_started'====== Args={'player': 1, 'ball': 2, 'balls_remaining': 1, 'is_extra_ball': False}
2026-08-11 20:12:50,013 : INFO : EventManager : Event: ======'player_brian_combo_step'====== Args={'value': 0, 'prev_value': 1, 'change': -1, 'player_num': 1, 'source': 'brian_combo'}
2026-08-11 20:12:50,018 : INFO : Mode.autoplunge : Started. Priority: 200
2026-08-11 20:12:50,018 : INFO : EventManager : Event: ======'modes_active_modes_changed'====== Args={}
2026-08-11 20:12:50,018 : INFO : EventManager : Event: ======'mode_autoplunge_started'====== Args={'player': 1, 'ball': 2, 'balls_remaining': 1, 'is_extra_ball': False}
2026-08-11 20:12:50,019 : INFO : Mode.stars_mode : Started. Priority: 220
2026-08-11 20:12:50,019 : INFO : EventManager : Event: ======'modes_active_modes_changed'====== Args={}
2026-08-11 20:12:50,019 : INFO : EventManager : Event: ======'mode_stars_mode_started'====== Args={'player': 1, 'ball': 2, 'balls_remaining': 1, 'is_extra_ball': False}
2026-08-11 20:12:50,019 : INFO : Mode.resistance : Started. Priority: 500
2026-08-11 20:12:50,019 : INFO : EventManager : Event: ======'modes_active_modes_changed'====== Args={}
2026-08-11 20:12:50,019 : INFO : EventManager : Event: ======'mode_resistance_started'====== Args={'player': 1, 'ball': 2, 'balls_remaining': 1, 'is_extra_ball': False}
2026-08-11 20:12:50,019 : INFO : EventManager : Event: ======'resistance_waiting_for_qualification'====== Args={'priority': 0}
2026-08-11 20:12:50,020 : INFO : EventManager : Event: ======'logicblock_super_pops_phase1_counter_updated'====== Args={'value': 0, 'enabled': False}
2026-08-11 20:12:50,020 : INFO : EventManager : Event: ======'logicblock_super_pops_phase2_counter_updated'====== Args={'value': 0, 'enabled': False}
2026-08-11 20:12:50,020 : INFO : EventManager : Event: ======'logicblock_super_pops_phase3_counter_updated'====== Args={'value': 0, 'enabled': False}
2026-08-11 20:12:50,020 : INFO : EventManager : Event: ======'logicblock_super_pops_mega_counter_updated'====== Args={'value': 0, 'enabled': False}
2026-08-11 20:12:50,020 : INFO : Mode.super_pops : Started. Priority: 210
2026-08-11 20:12:50,020 : INFO : EventManager : Event: ======'modes_active_modes_changed'====== Args={}
2026-08-11 20:12:50,020 : INFO : EventManager : Event: ======'mode_super_pops_started'====== Args={'queue': <QueuedEvent>, 'player': 1, 'ball': 2, 'balls_remaining': 1, 'is_extra_ball': False}
2026-08-11 20:12:50,021 : INFO : EventManager : Event: ======'logicblock_super_pops_phase1_counter_updated'====== Args={'value': 0, 'enabled': True}
2026-08-11 20:12:50,021 : INFO : EventManager : Event: ======'logicblock_super_pops_phase1_counter_updated'====== Args={'value': 0, 'enabled': True}
2026-08-11 20:12:50,021 : INFO : EventManager : Event: ======'player_score'====== Args={'value': 2501428, 'prev_value': 1501428, 'change': 1000000, 'player_num': 1, 'source': 'super_pops'}
2026-08-11 20:12:50,041 : INFO : EventManager : Event: ======'single_player_ball_started'====== Args={}
2026-08-11 20:12:50,051 : INFO : EventManager : Event: ======'ball_start_target'====== Args={'target': 'playfield'}
2026-08-11 20:12:50,052 : INFO : EventManager : Event: ======'slide_base_slide_created'====== Args={'_from_bcp': True}
2026-08-11 20:12:50,053 : INFO : EventManager : Event: ======'slide_base_slide_inactive'====== Args={'is_removing': True, '_from_bcp': True}
2026-08-11 20:12:50,053 : INFO : EventManager : Event: ======'slide_base_slide_active'====== Args={'original_context': 'base', 'original_calling_context': 'mode_base_started', 'priority': 100.0, 'queue': '<QueuedEvent>', 'player': 1.0, 'ball': 2.0, 'balls_remaining': 1.0, 'is_extra_ball': False, 'cmd': 'slides_play', '_from_bcp': True}
2026-08-11 20:12:50,054 : INFO : ball_device.bd_plunger : Setting up player-controlled eject. Balls: 1, Target: <playfield.playfield>, player_controlled_eject_event: None
2026-08-11 20:12:50,054 : INFO : EventManager : Event: ======'balldevice_balls_available'====== Args={}
2026-08-11 20:12:50,058 : INFO : ball_device.bd_trough : State: waiting_for_target_ready
2026-08-11 20:12:50,060 : INFO : EventManager : Event: ======'balldevice_bd_trough_ball_eject_attempt'====== Args={'balls': 1, 'target': <ball_device.bd_plunger>, 'source': <ball_device.bd_trough>, 'mechanical_eject': True, 'num_attempts': 0}
2026-08-11 20:12:50,060 : INFO : ball_device.bd_plunger : State: waiting_for_ball
2026-08-11 20:12:50,062 : INFO : ball_device.bd_trough : State: ejecting
2026-08-11 20:12:50,063 : INFO : ball_device.bd_trough : Ejecting ball to <ball_device.bd_plunger>
2026-08-11 20:12:50,063 : INFO : EventManager : Event: ======'balldevice_bd_trough_ejecting_ball'====== Args={'balls': 1, 'target': <ball_device.bd_plunger>, 'source': <ball_device.bd_trough>, 'mechanical_eject': True, 'num_attempts': 0}
2026-08-11 20:12:50,063 : INFO : EventManager : Event: ======'slide_base_slide_removed'====== Args={'_from_bcp': True}
2026-08-11 20:12:50,063 : INFO : EventManager : Event: ======'widget_objective_widget_active'====== Args={'original_context': 'awareness', 'original_calling_context': 'awareness_consume_ready_display', 'priority': 105.0, 'cmd': 'widgets_play', '_from_bcp': True}
2026-08-11 20:12:50,066 : INFO : ball_device.bd_trough : Wait for ball to leave device
2026-08-11 20:12:50,066 : INFO : coil.c_02_trough_eject : Pulsing Driver for 16ms (1.0 pulse_power)
2026-08-11 20:12:50,093 : INFO : SwitchController : <<<<<<< 's_24_trough_1' inactive >>>>>>>
2026-08-11 20:12:50,094 : INFO : SwitchController : <<<<<<< 's_30_trough_jam' active >>>>>>>
2026-08-11 20:12:50,094 : INFO : EventManager : Event: ======'machine_var_audits_switches_s_30_trough_jam'====== Args={'value': 2263, 'prev_value': 2262, 'change': 1}
2026-08-11 20:12:50,103 : INFO : ball_device.bd_trough : State: ball_left
2026-08-11 20:12:50,103 : INFO : ball_device.bd_trough : Ball left
2026-08-11 20:12:50,103 : INFO : ball_device.bd_trough : Wait for confirm with timeout 10.0
2026-08-11 20:12:50,110 : INFO : SwitchController : <<<<<<< 's_30_trough_jam' inactive >>>>>>>
2026-08-11 20:12:50,189 : INFO : EventManager : Event: ======'player_base_varitarget_reset_timer_tick'====== Args={'value': 1, 'prev_value': 0, 'change': 1, 'player_num': 1}
2026-08-11 20:12:50,189 : INFO : EventManager : Event: ======'timer_varitarget_reset_timer_tick'====== Args={'ticks': 1, 'ticks_remaining': 999998}
2026-08-11 20:12:50,196 : INFO : EventManager : Event: ======'varitarget_reset_step'====== Args={'priority': 0}
2026-08-11 20:12:50,197 : INFO : coil.c_16_varitarget_reset : Pulsing Driver for 5ms (1.0 pulse_power)
2026-08-11 20:12:50,197 : INFO : EventManager : Event: ======'player_varitarget_reset_attempts'====== Args={'value': 3, 'prev_value': 2, 'change': 1, 'player_num': 1, 'source': 'base'}
2026-08-11 20:12:50,316 : INFO : SwitchController : <<<<<<< 's_31_plunger_lane' active >>>>>>>
2026-08-11 20:12:50,316 : INFO : EventManager : Event: ======'s_31_plunger_lane_active'====== Args={}
2026-08-11 20:12:50,316 : INFO : EventManager : Event: ======'machine_var_audits_switches_s_31_plunger_lane'====== Args={'value': 2096, 'prev_value': 2095, 'change': 1}
2026-08-11 20:12:50,318 : INFO : Timer.t_auto_plunge : Starting Timer.
2026-08-11 20:12:50,318 : INFO : EventManager : Event: ======'timer_t_auto_plunge_started'====== Args={'ticks': 10, 'ticks_remaining': 10}
2026-08-11 20:12:50,318 : INFO : EventManager : Event: ======'timer_t_auto_plunge_tick'====== Args={'ticks': 10, 'ticks_remaining': 10}
2026-08-11 20:12:50,323 : INFO : SwitchController : <<<<<<< 's_31_plunger_lane' inactive >>>>>>>
2026-08-11 20:12:50,365 : INFO : SwitchController : <<<<<<< 's_31_plunger_lane' active >>>>>>>
2026-08-11 20:12:50,365 : INFO : EventManager : Event: ======'machine_var_audits_switches_s_31_plunger_lane'====== Args={'value': 2097, 'prev_value': 2096, 'change': 1}
2026-08-11 20:12:50,380 : INFO : EventManager : Event: ======'player_base_varitarget_reset_timer_tick'====== Args={'value': 2, 'prev_value': 1, 'change': 1, 'player_num': 1}
2026-08-11 20:12:50,380 : INFO : EventManager : Event: ======'timer_varitarget_reset_timer_tick'====== Args={'ticks': 2, 'ticks_remaining': 999997}
2026-08-11 20:12:50,386 : INFO : EventManager : Event: ======'varitarget_reset_step'====== Args={'priority': 0}
2026-08-11 20:12:50,387 : INFO : coil.c_16_varitarget_reset : Pulsing Driver for 5ms (1.0 pulse_power)
2026-08-11 20:12:50,387 : INFO : EventManager : Event: ======'player_varitarget_reset_attempts'====== Args={'value': 4, 'prev_value': 3, 'change': 1, 'player_num': 1, 'source': 'base'}
2026-08-11 20:12:50,411 : INFO : SwitchController : <<<<<<< 's_25_trough_2' inactive >>>>>>>
2026-08-11 20:12:50,412 : INFO : SwitchController : <<<<<<< 's_64_varitarget_position_1' active >>>>>>>
2026-08-11 20:12:50,412 : INFO : EventManager : Event: ======'playfield_active'====== Args={'source': 'varitarget_p1'}
2026-08-11 20:12:50,412 : INFO : EventManager : Event: ======'unexpected_ball_on_playfield'====== Args={}
2026-08-11 20:12:50,412 : INFO : EventManager : Event: ======'s_64_varitarget_position_1_active'====== Args={}
2026-08-11 20:12:50,412 : INFO : EventManager : Event: ======'sw_vari'====== Args={}
2026-08-11 20:12:50,412 : INFO : EventManager : Event: ======'machine_var_audits_switches_s_64_varitarget_position_1'====== Args={'value': 11145, 'prev_value': 11144, 'change': 1}
2026-08-11 20:12:50,414 : INFO : EventManager : Event: ======'glasses_pending_position_1'====== Args={'priority': 0}
2026-08-11 20:12:50,414 : INFO : EventManager : Event: ======'player_shot_varitarget_p1'====== Args={'value': 1, 'prev_value': 0, 'change': 1, 'player_num': 1}
2026-08-11 20:12:50,414 : INFO : EventManager : Event: ======'machine_var_audits_shots_varitarget_p1'====== Args={'value': 11137, 'prev_value': 11136, 'change': 1}
2026-08-11 20:12:50,415 : INFO : EventManager : Event: ======'varitarget_p1_hit'====== Args={'profile': 'default', 'state': 'unlit', 'advancing': True}
2026-08-11 20:12:50,415 : INFO : EventManager : Event: ======'varitarget_p1_default_hit'====== Args={'profile': 'default', 'state': 'unlit', 'advancing': True}
2026-08-11 20:12:50,415 : INFO : EventManager : Event: ======'varitarget_p1_default_unlit_hit'====== Args={'profile': 'default', 'state': 'unlit', 'advancing': True}
2026-08-11 20:12:50,415 : INFO : EventManager : Event: ======'varitarget_p1_unlit_hit'====== Args={'profile': 'default', 'state': 'unlit', 'advancing': True}
2026-08-11 20:12:50,415 : INFO : EventManager : Event: ======'varitarget_position_changed'====== Args={'priority': 0}
2026-08-11 20:12:50,415 : INFO : EventManager : Event: ======'varitarget_reset_stop'====== Args={'priority': 0}
2026-08-11 20:12:50,415 : INFO : EventManager : Event: ======'varitarget_reset_complete'====== Args={'priority': 0}
2026-08-11 20:12:50,416 : INFO : EventManager : Event: ======'glasses_position_confirm_restart'====== Args={'priority': 0}
2026-08-11 20:12:50,416 : INFO : Timer.glasses_position_confirm : Starting Timer.
2026-08-11 20:12:50,416 : INFO : EventManager : Event: ======'timer_glasses_position_confirm_started'====== Args={'ticks': 0, 'ticks_remaining': 1}
2026-08-11 20:12:50,416 : INFO : EventManager : Event: ======'timer_glasses_position_confirm_tick'====== Args={'ticks': 0, 'ticks_remaining': 1}
2026-08-11 20:12:50,416 : INFO : EventManager : Event: ======'varitarget_positions_hit'====== Args={'shot': 'varitarget_p1'}
2026-08-11 20:12:50,416 : INFO : EventManager : Event: ======'varitarget_positions_unlit_hit'====== Args={'shot': 'varitarget_p1'}
2026-08-11 20:12:50,416 : INFO : EventManager : Event: ======'varitarget_update_stable'====== Args={'priority': 0}
2026-08-11 20:12:50,417 : INFO : Timer.varitarget_reset_timer : Stopping Timer
2026-08-11 20:12:50,417 : INFO : EventManager : Event: ======'timer_varitarget_reset_timer_stopped'====== Args={'ticks': 2, 'ticks_remaining': 999997}
2026-08-11 20:12:50,417 : INFO : EventManager : Event: ======'player_score'====== Args={'value': 2501470, 'prev_value': 2501428, 'change': 42, 'player_num': 1, 'source': 'base'}
2026-08-11 20:12:50,427 : INFO : SwitchController : <<<<<<< 's_64_varitarget_position_1' inactive >>>>>>>
2026-08-11 20:12:50,429 : INFO : SwitchController : <<<<<<< 's_26_trough_3' inactive >>>>>>>
2026-08-11 20:12:50,459 : INFO : SwitchController : <<<<<<< 's_24_trough_1' active >>>>>>>
2026-08-11 20:12:50,459 : INFO : EventManager : Event: ======'machine_var_audits_switches_s_24_trough_1'====== Args={'value': 2263, 'prev_value': 2262, 'change': 1}
2026-08-11 20:12:50,475 : INFO : SwitchController : <<<<<<< 's_25_trough_2' active >>>>>>>
2026-08-11 20:12:50,476 : INFO : EventManager : Event: ======'machine_var_audits_switches_s_25_trough_2'====== Args={'value': 2226, 'prev_value': 2225, 'change': 1}
2026-08-11 20:12:50,882 : INFO : ball_device.bd_plunger : Received ball from <ball_device.bd_trough>
2026-08-11 20:12:50,882 : INFO : EventManager : Event: ======'balldevice_bd_plunger_ball_enter'====== Args={'new_balls': 1, 'unclaimed_balls': 0, 'new_available_balls': 0, 'device': <ball_device.bd_plunger>}
2026-08-11 20:12:50,883 : INFO : EventManager : Event: ======'balldevice_bd_plunger_ball_entered'====== Args={'new_balls': 0, 'device': <ball_device.bd_plunger>}
2026-08-11 20:12:50,884 : INFO : EventManager : Event: ======'balldevice_bd_plunger_ball_count_changed'====== Args={'balls': 1}
2026-08-11 20:12:50,885 : INFO : ball_device.bd_trough : Got eject confirm
2026-08-11 20:12:50,885 : INFO : ball_device.bd_trough : Eject successful
2026-08-11 20:12:50,885 : INFO : EventManager : Event: ======'balldevice_bd_trough_ball_eject_success'====== Args={'balls': 1, 'target': <ball_device.bd_plunger>}
2026-08-11 20:12:50,885 : INFO : EventManager : Event: ======'balldevice_bd_trough_ball_count_changed'====== Args={'balls': 2}
2026-08-11 20:12:50,885 : INFO : ball_device.bd_trough : State: idle
2026-08-11 20:12:50,886 : INFO : ball_device.bd_plunger : State: waiting_for_target_ready
2026-08-11 20:12:50,886 : INFO : EventManager : Event: ======'balldevice_bd_plunger_ball_eject_attempt'====== Args={'balls': 1, 'target': <playfield.playfield>, 'source': <ball_device.bd_plunger>, 'mechanical_eject': True, 'num_attempts': 0}
2026-08-11 20:12:50,887 : INFO : ball_device.bd_plunger : State: ejecting
2026-08-11 20:12:50,887 : INFO : ball_device.bd_plunger : Ejecting ball to <playfield.playfield>
2026-08-11 20:12:50,887 : INFO : EventManager : Event: ======'balldevice_bd_plunger_ejecting_ball'====== Args={'balls': 1, 'target': <playfield.playfield>, 'source': <ball_device.bd_plunger>, 'mechanical_eject': True, 'num_attempts': 0}
2026-08-11 20:12:50,889 : INFO : ball_device.bd_plunger : Wait for ball to leave device
2026-08-11 20:12:51,318 : INFO : EventManager : Event: ======'player_autoplunge_t_auto_plunge_tick'====== Args={'value': 9, 'prev_value': 10, 'change': -1, 'player_num': 1}
2026-08-11 20:12:51,318 : INFO : EventManager : Event: ======'timer_t_auto_plunge_tick'====== Args={'ticks': 9, 'ticks_remaining': 9}
2026-08-11 20:12:51,398 : INFO : EventManager : Event: ======'player_glasses_mode_glasses_position_confirm_tick'====== Args={'value': 1, 'prev_value': 0, 'change': 1, 'player_num': 1}
2026-08-11 20:12:51,398 : INFO : Timer.glasses_position_confirm : Timer Complete
2026-08-11 20:12:51,398 : INFO : Timer.glasses_position_confirm : Stopping Timer
2026-08-11 20:12:51,399 : INFO : EventManager : Event: ======'timer_glasses_position_confirm_stopped'====== Args={'ticks': 1, 'ticks_remaining': 1}
2026-08-11 20:12:51,399 : INFO : EventManager : Event: ======'timer_glasses_position_confirm_complete'====== Args={'ticks': 1, 'ticks_remaining': 1}
2026-08-11 20:12:51,404 : INFO : EventManager : Event: ======'varitarget_position_1_confirmed'====== Args={'priority': 0}
2026-08-11 20:12:51,405 : INFO : EventManager : Event: ======'glasses_enter_state_1'====== Args={'priority': 0}
2026-08-11 20:12:51,405 : INFO : EventManager : Event: ======'glasses_stop_all_shows'====== Args={'priority': 0}
2026-08-11 20:12:51,405 : INFO : EventManager : Event: ======'glasses_state_timer_stop'====== Args={'priority': 0}
2026-08-11 20:12:51,406 : INFO : EventManager : Event: ======'glasses_home_pulse_timer_stop'====== Args={'priority': 0}
2026-08-11 20:12:51,406 : INFO : EventManager : Event: ======'glasses_homing_cancel'====== Args={'priority': 0}
2026-08-11 20:12:51,406 : INFO : Timer.glasses_state_timer : Stopping Timer
2026-08-11 20:12:51,406 : INFO : EventManager : Event: ======'timer_glasses_state_timer_stopped'====== Args={'ticks': 0, 'ticks_remaining': 0}
2026-08-11 20:12:51,406 : INFO : Timer.glasses_home_pulse_timer : Stopping Timer
2026-08-11 20:12:51,406 : INFO : EventManager : Event: ======'timer_glasses_home_pulse_timer_stopped'====== Args={'ticks': 0, 'ticks_remaining': 0}
2026-08-11 20:12:51,921 : INFO : SwitchController : <<<<<<< 's_31_plunger_lane' inactive >>>>>>>
2026-08-11 20:12:51,921 : INFO : EventManager : Event: ======'s_31_plunger_lane_inactive'====== Args={}
2026-08-11 20:12:51,922 : INFO : EventManager : Event: ======'skillshot_plunger_left'====== Args={'priority': 0}
2026-08-11 20:12:51,923 : INFO : Timer.t_auto_plunge : Stopping Timer
2026-08-11 20:12:51,923 : INFO : EventManager : Event: ======'timer_t_auto_plunge_stopped'====== Args={'ticks': 9, 'ticks_remaining': 9}
2026-08-11 20:12:51,923 : INFO : EventManager : Event: ======'ball_save_request'====== Args={'priority': 0}
2026-08-11 20:12:51,923 : INFO : EventManager : Event: ======'player_skillshot_left_plunger'====== Args={'value': 1, 'prev_value': 0, 'change': 1, 'player_num': 1, 'source': 'skillshot'}
2026-08-11 20:12:51,929 : INFO : EventManager : Event: ======'player_launch_ball_save_used'====== Args={'value': 1, 'prev_value': 0, 'change': 1, 'player_num': 1, 'source': 'base'}
2026-08-11 20:12:51,930 : INFO : EventManager : Event: ======'ball_save_bs_default_timer_start'====== Args={}
2026-08-11 20:12:51,930 : INFO : EventManager : Event: ======'ball_save_bs_default_enabled'====== Args={}
2026-08-11 20:12:51,943 : INFO : ball_device.bd_plunger : State: ball_left
2026-08-11 20:12:51,943 : INFO : ball_device.bd_plunger : Ball left
2026-08-11 20:12:51,943 : INFO : ball_device.bd_plunger : Wait for confirm with timeout 4.0
2026-08-11 20:12:55,949 : INFO : ball_device.bd_plunger : State: failed_confirm
2026-08-11 20:12:55,949 : INFO : ball_device.bd_plunger : Got timeout (4.0s) before confirm from <playfield.playfield>
2026-08-11 20:12:55,950 : INFO : SwitchController : <<<<<<< 's_29_trough_6' active >>>>>>>
2026-08-11 20:12:55,950 : INFO : EventManager : Event: ======'machine_var_audits_switches_s_29_trough_6'====== Args={'value': 1403, 'prev_value': 1402, 'change': 1}
2026-08-11 20:12:55,962 : INFO : SwitchController : <<<<<<< 's_29_trough_6' inactive >>>>>>>
2026-08-11 20:12:56,027 : INFO : SwitchController : <<<<<<< 's_29_trough_6' active >>>>>>>
2026-08-11 20:12:56,027 : INFO : EventManager : Event: ======'machine_var_audits_switches_s_29_trough_6'====== Args={'value': 1404, 'prev_value': 1403, 'change': 1}
2026-08-11 20:12:56,044 : INFO : ball_device.bd_plunger : Confirming eject because target is playfield and ball did not return.
2026-08-11 20:12:56,045 : INFO : ball_device.bd_plunger : Eject successful
2026-08-11 20:12:56,045 : INFO : EventManager : Event: ======'balldevice_bd_plunger_ball_eject_success'====== Args={'balls': 1, 'target': <playfield.playfield>}
2026-08-11 20:12:56,045 : INFO : EventManager : Event: ======'balldevice_playfield_ball_enter'====== Args={'new_balls': 1, 'unclaimed_balls': 1, 'device': <playfield.playfield>}
2026-08-11 20:12:56,046 : INFO : EventManager : Event: ======'playfield_ball_count_change'====== Args={'balls': 1, 'change': 1}
2026-08-11 20:12:56,046 : INFO : EventManager : Event: ======'balldevice_bd_plunger_ball_count_changed'====== Args={'balls': 0}
2026-08-11 20:12:56,046 : INFO : ball_device.bd_plunger : State: idle
2026-08-11 20:12:56,491 : INFO : SwitchController : <<<<<<< 's_29_trough_6' inactive >>>>>>>
2026-08-11 20:12:56,522 : INFO : SwitchController : <<<<<<< 's_28_trough_5' active >>>>>>>
2026-08-11 20:12:56,522 : INFO : EventManager : Event: ======'machine_var_audits_switches_s_28_trough_5'====== Args={'value': 1295, 'prev_value': 1294, 'change': 1}
2026-08-11 20:12:56,697 : INFO : SwitchController : <<<<<<< 's_28_trough_5' inactive >>>>>>>
2026-08-11 20:12:56,713 : INFO : SwitchController : <<<<<<< 's_27_trough_4' active >>>>>>>
2026-08-11 20:12:56,714 : INFO : EventManager : Event: ======'machine_var_audits_switches_s_27_trough_4'====== Args={'value': 1505, 'prev_value': 1504, 'change': 1}
2026-08-11 20:12:56,840 : INFO : SwitchController : <<<<<<< 's_27_trough_4' inactive >>>>>>>
2026-08-11 20:12:56,857 : INFO : SwitchController : <<<<<<< 's_26_trough_3' active >>>>>>>
2026-08-11 20:12:56,857 : INFO : EventManager : Event: ======'machine_var_audits_switches_s_26_trough_3'====== Args={'value': 1926, 'prev_value': 1925, 'change': 1}
2026-08-11 20:12:57,351 : INFO : EventManager : Event: ======'balldevice_bd_trough_ball_count_changed'====== Args={'balls': 3}
2026-08-11 20:12:57,351 : INFO : ball_device.bd_trough : Received unexpected ball
2026-08-11 20:12:57,351 : INFO : EventManager : Event: ======'balldevice_captured_from_playfield'====== Args={'balls': 1}
2026-08-11 20:12:57,352 : INFO : EventManager : Event: ======'sw_playfield_active'====== Args={'balls': 1}
2026-08-11 20:12:57,352 : INFO : EventManager : Event: ======'playfield_ball_count_change'====== Args={'balls': 0, 'change': -1}
2026-08-11 20:12:57,353 : INFO : EventManager : Event: ======'balldevice_bd_trough_ball_enter'====== Args={'new_balls': 1, 'unclaimed_balls': 1, 'new_available_balls': 1, 'device': <ball_device.bd_trough>}
2026-08-11 20:12:57,354 : INFO : EventManager : Event: ======'ball_drain'====== Args={'device': <ball_device.bd_trough>, 'balls': 1}
2026-08-11 20:12:57,354 : INFO : EventManager : Event: ======'ball_save_bs_default_saving_ball'====== Args={'balls': 1, 'early_save': False}
2026-08-11 20:12:57,354 : INFO : ball_device.bd_plunger : Adding 1 ball(s) to the eject_queue with target <playfield.playfield>.
2026-08-11 20:12:57,354 : INFO : EventManager : Event: ======'balldevice_balls_available'====== Args={}
2026-08-11 20:12:57,355 : INFO : EventManager : Event: ======'ball_save_bs_default_disabled'====== Args={}
2026-08-11 20:12:57,357 : INFO : EventManager : Event: ======'balldevice_balls_available'====== Args={}
2026-08-11 20:12:57,357 : INFO : EventManager : Event: ======'balldevice_bd_trough_ball_entered'====== Args={'new_balls': 1, 'device': <ball_device.bd_trough>}
2026-08-11 20:12:57,360 : INFO : ball_device.bd_trough : State: waiting_for_target_ready
2026-08-11 20:12:57,361 : INFO : EventManager : Event: ======'balldevice_bd_trough_ball_eject_attempt'====== Args={'balls': 1, 'target': <ball_device.bd_plunger>, 'source': <ball_device.bd_trough>, 'mechanical_eject': False, 'num_attempts': 0}
2026-08-11 20:12:57,361 : INFO : ball_device.bd_plunger : State: waiting_for_ball
2026-08-11 20:12:57,363 : INFO : ball_device.bd_trough : State: ejecting
2026-08-11 20:12:57,363 : INFO : ball_device.bd_trough : Ejecting ball to <ball_device.bd_plunger>
2026-08-11 20:12:57,363 : INFO : EventManager : Event: ======'balldevice_bd_trough_ejecting_ball'====== Args={'balls': 1, 'target': <ball_device.bd_plunger>, 'source': <ball_device.bd_trough>, 'mechanical_eject': False, 'num_attempts': 0}
2026-08-11 20:12:57,373 : INFO : ball_device.bd_trough : Wait for ball to leave device
2026-08-11 20:12:57,374 : INFO : coil.c_02_trough_eject : Pulsing Driver for 16ms (1.0 pulse_power)
2026-08-11 20:12:57,413 : INFO : SwitchController : <<<<<<< 's_24_trough_1' inactive >>>>>>>
2026-08-11 20:12:57,413 : INFO : SwitchController : <<<<<<< 's_30_trough_jam' active >>>>>>>
2026-08-11 20:12:57,413 : INFO : EventManager : Event: ======'machine_var_audits_switches_s_30_trough_jam'====== Args={'value': 2264, 'prev_value': 2263, 'change': 1}
2026-08-11 20:12:57,420 : INFO : SwitchController : <<<<<<< 's_30_trough_jam' inactive >>>>>>>
2026-08-11 20:12:57,424 : INFO : ball_device.bd_trough : State: ball_left
2026-08-11 20:12:57,425 : INFO : ball_device.bd_trough : Ball left
2026-08-11 20:12:57,425 : INFO : ball_device.bd_trough : Wait for confirm with timeout 10.0
2026-08-11 20:12:57,432 : INFO : EventManager : Event: ======'widget_award_popup_widget_active'====== Args={'original_context': '_global', 'original_calling_context': 'ball_save_bs_default_saving_ball', 'priority': 0.0, 'balls': 1.0, 'early_save': False, 'cmd': 'widgets_play', '_from_bcp': True}
2026-08-11 20:12:57,699 : INFO : SwitchController : <<<<<<< 's_25_trough_2' inactive >>>>>>>
2026-08-11 20:12:57,700 : INFO : SwitchController : <<<<<<< 's_26_trough_3' inactive >>>>>>>
2026-08-11 20:12:57,731 : INFO : SwitchController : <<<<<<< 's_24_trough_1' active >>>>>>>
2026-08-11 20:12:57,732 : INFO : EventManager : Event: ======'machine_var_audits_switches_s_24_trough_1'====== Args={'value': 2264, 'prev_value': 2263, 'change': 1}
2026-08-11 20:12:57,732 : INFO : SwitchController : <<<<<<< 's_25_trough_2' active >>>>>>>
2026-08-11 20:12:57,732 : INFO : EventManager : Event: ======'machine_var_audits_switches_s_25_trough_2'====== Args={'value': 2227, 'prev_value': 2226, 'change': 1}
2026-08-11 20:12:57,827 : INFO : SwitchController : <<<<<<< 's_31_plunger_lane' active >>>>>>>
2026-08-11 20:12:57,827 : INFO : EventManager : Event: ======'s_31_plunger_lane_active'====== Args={}
2026-08-11 20:12:57,828 : INFO : EventManager : Event: ======'machine_var_audits_switches_s_31_plunger_lane'====== Args={'value': 2098, 'prev_value': 2097, 'change': 1}
2026-08-11 20:12:57,829 : INFO : EventManager : Event: ======'player_skillshot_award'====== Args={'value': 400000, 'prev_value': 500000, 'change': -100000, 'player_num': 1, 'source': 'skillshot'}
2026-08-11 20:12:57,830 : INFO : Timer.t_auto_plunge : Starting Timer.
2026-08-11 20:12:57,830 : INFO : EventManager : Event: ======'timer_t_auto_plunge_started'====== Args={'ticks': 9, 'ticks_remaining': 9}
2026-08-11 20:12:57,830 : INFO : EventManager : Event: ======'timer_t_auto_plunge_tick'====== Args={'ticks': 9, 'ticks_remaining': 9}
2026-08-11 20:12:58,320 : INFO : ball_device.bd_plunger : Received ball from <ball_device.bd_trough>
2026-08-11 20:12:58,320 : INFO : EventManager : Event: ======'balldevice_bd_plunger_ball_enter'====== Args={'new_balls': 1, 'unclaimed_balls': 0, 'new_available_balls': 0, 'device': <ball_device.bd_plunger>}
2026-08-11 20:12:58,321 : INFO : EventManager : Event: ======'balldevice_bd_plunger_ball_entered'====== Args={'new_balls': 0, 'device': <ball_device.bd_plunger>}
2026-08-11 20:12:58,322 : INFO : EventManager : Event: ======'balldevice_bd_plunger_ball_count_changed'====== Args={'balls': 1}
2026-08-11 20:12:58,323 : INFO : ball_device.bd_trough : Got eject confirm
2026-08-11 20:12:58,323 : INFO : ball_device.bd_trough : Eject successful
2026-08-11 20:12:58,323 : INFO : EventManager : Event: ======'balldevice_bd_trough_ball_eject_success'====== Args={'balls': 1, 'target': <ball_device.bd_plunger>}
2026-08-11 20:12:58,324 : INFO : EventManager : Event: ======'balldevice_bd_trough_ball_count_changed'====== Args={'balls': 2}
2026-08-11 20:12:58,324 : INFO : ball_device.bd_trough : State: idle
2026-08-11 20:12:58,324 : INFO : ball_device.bd_plunger : State: waiting_for_target_ready
2026-08-11 20:12:58,324 : INFO : EventManager : Event: ======'balldevice_bd_plunger_ball_eject_attempt'====== Args={'balls': 1, 'target': <playfield.playfield>, 'source': <ball_device.bd_plunger>, 'mechanical_eject': False, 'num_attempts': 0}
2026-08-11 20:12:58,325 : INFO : ball_device.bd_plunger : State: ejecting
2026-08-11 20:12:58,326 : INFO : ball_device.bd_plunger : Ejecting ball to <playfield.playfield>
2026-08-11 20:12:58,326 : INFO : EventManager : Event: ======'balldevice_bd_plunger_ejecting_ball'====== Args={'balls': 1, 'target': <playfield.playfield>, 'source': <ball_device.bd_plunger>, 'mechanical_eject': False, 'num_attempts': 0}
2026-08-11 20:12:58,329 : INFO : ball_device.bd_plunger : Wait for ball to leave device
2026-08-11 20:12:58,329 : INFO : coil.c_01_plunger : Pulsing Driver for 14ms (1.0 pulse_power)
2026-08-11 20:12:58,368 : INFO : SwitchController : <<<<<<< 's_31_plunger_lane' inactive >>>>>>>
2026-08-11 20:12:58,369 : INFO : EventManager : Event: ======'s_31_plunger_lane_inactive'====== Args={}
2026-08-11 20:12:58,375 : INFO : Timer.t_auto_plunge : Stopping Timer
2026-08-11 20:12:58,375 : INFO : EventManager : Event: ======'timer_t_auto_plunge_stopped'====== Args={'ticks': 9, 'ticks_remaining': 9}
2026-08-11 20:12:58,383 : INFO : ball_device.bd_plunger : State: ball_left
2026-08-11 20:12:58,383 : INFO : ball_device.bd_plunger : Ball left
2026-08-11 20:12:58,383 : INFO : ball_device.bd_plunger : Wait for confirm with timeout 4.0
2026-08-11 20:12:59,308 : INFO : SwitchController : <<<<<<< 's_71_spinner_left' inactive >>>>>>>
2026-08-11 20:12:59,435 : INFO : SwitchController : <<<<<<< 's_71_spinner_left' active >>>>>>>
2026-08-11 20:12:59,435 : INFO : EventManager : Event: ======'playfield_active'====== Args={'source': 'spinner_left'}
2026-08-11 20:12:59,435 : INFO : EventManager : Event: ======'s_71_spinner_left_active'====== Args={}
2026-08-11 20:12:59,435 : INFO : EventManager : Event: ======'sw_playfield_active'====== Args={}
2026-08-11 20:12:59,436 : INFO : EventManager : Event: ======'sw_spinners'====== Args={}
2026-08-11 20:12:59,436 : INFO : EventManager : Event: ======'machine_var_audits_switches_s_71_spinner_left'====== Args={'value': 1477, 'prev_value': 1476, 'change': 1}
2026-08-11 20:12:59,437 : INFO : EventManager : Event: ======'skillshot_phase1_success'====== Args={'priority': 0}
2026-08-11 20:12:59,438 : INFO : EventManager : Event: ======'skillshot_complete'====== Args={'priority': 0}
2026-08-11 20:12:59,438 : INFO : EventManager : Event: ======'player_shot_spinner_left'====== Args={'value': 1, 'prev_value': 0, 'change': 1, 'player_num': 1}
2026-08-11 20:12:59,438 : INFO : EventManager : Event: ======'machine_var_audits_shots_spinner_left'====== Args={'value': 1475, 'prev_value': 1474, 'change': 1}
2026-08-11 20:12:59,438 : INFO : EventManager : Event: ======'spinner_left_hit'====== Args={'profile': 'default', 'state': 'unlit', 'advancing': True}
2026-08-11 20:12:59,438 : INFO : EventManager : Event: ======'spinner_left_default_hit'====== Args={'profile': 'default', 'state': 'unlit', 'advancing': True}
2026-08-11 20:12:59,439 : INFO : EventManager : Event: ======'spinner_left_default_unlit_hit'====== Args={'profile': 'default', 'state': 'unlit', 'advancing': True}
2026-08-11 20:12:59,439 : INFO : EventManager : Event: ======'spinner_left_unlit_hit'====== Args={'profile': 'default', 'state': 'unlit', 'advancing': True}
2026-08-11 20:12:59,439 : INFO : EventManager : Event: ======'player_skillshot_first_switch_seen'====== Args={'value': 1, 'prev_value': 0, 'change': 1, 'player_num': 1, 'source': 'skillshot'}
2026-08-11 20:12:59,439 : INFO : EventManager : Event: ======'player_skillshot_phase1_success'====== Args={'value': 1, 'prev_value': 0, 'change': 1, 'player_num': 1, 'source': 'skillshot'}
2026-08-11 20:12:59,439 : INFO : EventManager : Event: ======'player_score'====== Args={'value': 2901470, 'prev_value': 2501470, 'change': 400000, 'player_num': 1, 'source': 'skillshot'}
2026-08-11 20:12:59,455 : INFO : EventManager : Event: ======'mode_skillshot_will_stop'====== Args={}
2026-08-11 20:12:59,455 : INFO : EventManager : Event: ======'mode_skillshot_stopping'====== Args={}
2026-08-11 20:12:59,461 : INFO : EventManager : Event: ======'playfield_active'====== Args={'source': None}
2026-08-11 20:12:59,461 : INFO : EventManager : Event: ======'player_score'====== Args={'value': 2911470, 'prev_value': 2901470, 'change': 10000, 'player_num': 1, 'source': 'base'}
2026-08-11 20:12:59,466 : INFO : Mode.skillshot : Stopped.
2026-08-11 20:12:59,473 : INFO : EventManager : Event: ======'modes_active_modes_changed'====== Args={}
2026-08-11 20:12:59,474 : INFO : EventManager : Event: ======'mode_skillshot_stopped'====== Args={}
2026-08-11 20:12:59,474 : INFO : EventManager : Event: ======'clear'====== Args={'key': 'skillshot'}
2026-08-11 20:12:59,489 : INFO : ball_device.bd_plunger : Got eject confirm
2026-08-11 20:12:59,489 : INFO : ball_device.bd_plunger : Eject successful
2026-08-11 20:12:59,489 : INFO : EventManager : Event: ======'balldevice_bd_plunger_ball_eject_success'====== Args={'balls': 1, 'target': <playfield.playfield>}
2026-08-11 20:12:59,491 : INFO : EventManager : Event: ======'balldevice_playfield_ball_enter'====== Args={'new_balls': 1, 'unclaimed_balls': 1, 'device': <playfield.playfield>}
2026-08-11 20:12:59,492 : INFO : EventManager : Event: ======'playfield_ball_count_change'====== Args={'balls': 1, 'change': 1}
2026-08-11 20:12:59,501 : INFO : EventManager : Event: ======'balldevice_bd_plunger_ball_count_changed'====== Args={'balls': 0}
2026-08-11 20:12:59,501 : INFO : ball_device.bd_plunger : State: idle
2026-08-11 20:12:59,517 : INFO : SwitchController : <<<<<<< 's_71_spinner_left' inactive >>>>>>>
2026-08-11 20:12:59,745 : INFO : EventManager : Event: ======'widget_AwardPopup_removed'====== Args={'_from_bcp': True}
2026-08-11 20:12:59,800 : INFO : SwitchController : <<<<<<< 's_71_spinner_left' active >>>>>>>
2026-08-11 20:12:59,800 : INFO : EventManager : Event: ======'s_71_spinner_left_active'====== Args={}
2026-08-11 20:12:59,800 : INFO : EventManager : Event: ======'sw_playfield_active'====== Args={}
2026-08-11 20:12:59,800 : INFO : EventManager : Event: ======'sw_spinners'====== Args={}
2026-08-11 20:12:59,801 : INFO : EventManager : Event: ======'machine_var_audits_switches_s_71_spinner_left'====== Args={'value': 1478, 'prev_value': 1477, 'change': 1}
2026-08-11 20:12:59,802 : INFO : EventManager : Event: ======'machine_var_audits_shots_spinner_left'====== Args={'value': 1476, 'prev_value': 1475, 'change': 1}
2026-08-11 20:12:59,802 : INFO : EventManager : Event: ======'spinner_left_hit'====== Args={'profile': 'default', 'state': 'lit', 'advancing': False}
2026-08-11 20:12:59,802 : INFO : EventManager : Event: ======'spinner_left_default_hit'====== Args={'profile': 'default', 'state': 'lit', 'advancing': False}
2026-08-11 20:12:59,803 : INFO : EventManager : Event: ======'spinner_left_default_lit_hit'====== Args={'profile': 'default', 'state': 'lit', 'advancing': False}
2026-08-11 20:12:59,803 : INFO : EventManager : Event: ======'spinner_left_lit_hit'====== Args={'profile': 'default', 'state': 'lit', 'advancing': False}
2026-08-11 20:12:59,803 : INFO : EventManager : Event: ======'player_score'====== Args={'value': 2921470, 'prev_value': 2911470, 'change': 10000, 'player_num': 1, 'source': 'base'}
2026-08-11 20:12:59,942 : INFO : SwitchController : <<<<<<< 's_71_spinner_left' inactive >>>>>>>
2026-08-11 20:13:00,008 : INFO : SwitchController : <<<<<<< 's_58_pop_bumper_left' active >>>>>>>
2026-08-11 20:13:00,008 : INFO : EventManager : Event: ======'s_58_pop_bumper_left_active'====== Args={}
2026-08-11 20:13:00,009 : INFO : EventManager : Event: ======'sw_pops'====== Args={}
2026-08-11 20:13:00,009 : INFO : EventManager : Event: ======'machine_var_audits_switches_s_58_pop_bumper_left'====== Args={'value': 2715, 'prev_value': 2714, 'change': 1}
2026-08-11 20:13:00,013 : INFO : EventManager : Event: ======'logicblock_super_pops_phase1_counter_updated'====== Args={'value': 1, 'enabled': True}
2026-08-11 20:13:00,013 : INFO : EventManager : Event: ======'counter_super_pops_phase1_counter_hit'====== Args={'count': 1, 'hits': 1, 'remaining': 4}
2026-08-11 20:13:00,013 : INFO : EventManager : Event: ======'logicblock_super_pops_phase1_counter_hit'====== Args={'count': 1, 'hits': 1, 'remaining': 4}
2026-08-11 20:13:00,014 : INFO : EventManager : Event: ======'player_score'====== Args={'value': 2921512, 'prev_value': 2921470, 'change': 42, 'player_num': 1, 'source': 'base'}
2026-08-11 20:13:00,025 : INFO : SwitchController : <<<<<<< 's_58_pop_bumper_left' inactive >>>>>>>
2026-08-11 20:13:00,037 : INFO : SwitchController : <<<<<<< 's_64_varitarget_position_1' active >>>>>>>
2026-08-11 20:13:00,037 : INFO : EventManager : Event: ======'s_64_varitarget_position_1_active'====== Args={}
2026-08-11 20:13:00,038 : INFO : EventManager : Event: ======'sw_vari'====== Args={}
2026-08-11 20:13:00,038 : INFO : EventManager : Event: ======'machine_var_audits_switches_s_64_varitarget_position_1'====== Args={'value': 11146, 'prev_value': 11145, 'change': 1}
2026-08-11 20:13:00,039 : INFO : SwitchController : <<<<<<< 's_64_varitarget_position_1' inactive >>>>>>>
2026-08-11 20:13:00,040 : INFO : EventManager : Event: ======'glasses_pending_position_1'====== Args={'priority': 0}
2026-08-11 20:13:00,040 : INFO : EventManager : Event: ======'machine_var_audits_shots_varitarget_p1'====== Args={'value': 11138, 'prev_value': 11137, 'change': 1}
2026-08-11 20:13:00,041 : INFO : EventManager : Event: ======'varitarget_p1_hit'====== Args={'profile': 'default', 'state': 'lit', 'advancing': False}
2026-08-11 20:13:00,041 : INFO : EventManager : Event: ======'varitarget_p1_default_hit'====== Args={'profile': 'default', 'state': 'lit', 'advancing': False}
2026-08-11 20:13:00,041 : INFO : EventManager : Event: ======'varitarget_p1_default_lit_hit'====== Args={'profile': 'default', 'state': 'lit', 'advancing': False}
2026-08-11 20:13:00,042 : INFO : EventManager : Event: ======'varitarget_p1_lit_hit'====== Args={'profile': 'default', 'state': 'lit', 'advancing': False}
2026-08-11 20:13:00,042 : INFO : EventManager : Event: ======'varitarget_position_changed'====== Args={'priority': 0}
2026-08-11 20:13:00,042 : INFO : EventManager : Event: ======'varitarget_reset_stop'====== Args={'priority': 0}
2026-08-11 20:13:00,042 : INFO : EventManager : Event: ======'varitarget_reset_complete'====== Args={'priority': 0}
2026-08-11 20:13:00,042 : INFO : EventManager : Event: ======'glasses_position_confirm_restart'====== Args={'priority': 0}
2026-08-11 20:13:00,044 : INFO : EventManager : Event: ======'player_glasses_mode_glasses_position_confirm_tick'====== Args={'value': 0, 'prev_value': 1, 'change': -1, 'player_num': 1}
2026-08-11 20:13:00,045 : INFO : Timer.glasses_position_confirm : Starting Timer.
2026-08-11 20:13:00,045 : INFO : EventManager : Event: ======'timer_glasses_position_confirm_started'====== Args={'ticks': 0, 'ticks_remaining': 1}
2026-08-11 20:13:00,045 : INFO : EventManager : Event: ======'timer_glasses_position_confirm_tick'====== Args={'ticks': 0, 'ticks_remaining': 1}
2026-08-11 20:13:00,051 : INFO : EventManager : Event: ======'varitarget_positions_hit'====== Args={'shot': 'varitarget_p1'}
2026-08-11 20:13:00,051 : INFO : EventManager : Event: ======'varitarget_positions_lit_hit'====== Args={'shot': 'varitarget_p1'}
2026-08-11 20:13:00,051 : INFO : EventManager : Event: ======'varitarget_update_stable'====== Args={'priority': 0}
2026-08-11 20:13:00,051 : INFO : Timer.varitarget_reset_timer : Stopping Timer
2026-08-11 20:13:00,051 : INFO : EventManager : Event: ======'timer_varitarget_reset_timer_stopped'====== Args={'ticks': 2, 'ticks_remaining': 999997}
2026-08-11 20:13:00,052 : INFO : EventManager : Event: ======'player_score'====== Args={'value': 2921554, 'prev_value': 2921512, 'change': 42, 'player_num': 1, 'source': 'base'}
2026-08-11 20:13:00,067 : INFO : SwitchController : <<<<<<< 's_71_spinner_left' active >>>>>>>
2026-08-11 20:13:00,067 : INFO : EventManager : Event: ======'s_71_spinner_left_active'====== Args={}
2026-08-11 20:13:00,067 : INFO : EventManager : Event: ======'sw_playfield_active'====== Args={}
2026-08-11 20:13:00,067 : INFO : EventManager : Event: ======'sw_spinners'====== Args={}
2026-08-11 20:13:00,067 : INFO : EventManager : Event: ======'machine_var_audits_switches_s_71_spinner_left'====== Args={'value': 1479, 'prev_value': 1478, 'change': 1}
2026-08-11 20:13:00,069 : INFO : EventManager : Event: ======'machine_var_audits_shots_spinner_left'====== Args={'value': 1477, 'prev_value': 1476, 'change': 1}
2026-08-11 20:13:00,069 : INFO : EventManager : Event: ======'spinner_left_hit'====== Args={'profile': 'default', 'state': 'lit', 'advancing': False}
2026-08-11 20:13:00,069 : INFO : EventManager : Event: ======'spinner_left_default_hit'====== Args={'profile': 'default', 'state': 'lit', 'advancing': False}
2026-08-11 20:13:00,070 : INFO : EventManager : Event: ======'spinner_left_default_lit_hit'====== Args={'profile': 'default', 'state': 'lit', 'advancing': False}
2026-08-11 20:13:00,070 : INFO : EventManager : Event: ======'spinner_left_lit_hit'====== Args={'profile': 'default', 'state': 'lit', 'advancing': False}
2026-08-11 20:13:00,071 : INFO : EventManager : Event: ======'player_score'====== Args={'value': 2931554, 'prev_value': 2921554, 'change': 10000, 'player_num': 1, 'source': 'base'}
2026-08-11 20:13:00,199 : INFO : SwitchController : <<<<<<< 's_56_pop_bumper_right' active >>>>>>>
2026-08-11 20:13:00,199 : INFO : EventManager : Event: ======'s_56_pop_bumper_right_active'====== Args={}
2026-08-11 20:13:00,200 : INFO : EventManager : Event: ======'sw_pops'====== Args={}
2026-08-11 20:13:00,200 : INFO : EventManager : Event: ======'machine_var_audits_switches_s_56_pop_bumper_right'====== Args={'value': 837, 'prev_value': 836, 'change': 1}
2026-08-11 20:13:00,202 : INFO : EventManager : Event: ======'logicblock_super_pops_phase1_counter_updated'====== Args={'value': 2, 'enabled': True}
2026-08-11 20:13:00,202 : INFO : EventManager : Event: ======'counter_super_pops_phase1_counter_hit'====== Args={'count': 2, 'hits': 2, 'remaining': 3}
2026-08-11 20:13:00,202 : INFO : EventManager : Event: ======'logicblock_super_pops_phase1_counter_hit'====== Args={'count': 2, 'hits': 2, 'remaining': 3}
2026-08-11 20:13:00,202 : INFO : EventManager : Event: ======'player_score'====== Args={'value': 2931596, 'prev_value': 2931554, 'change': 42, 'player_num': 1, 'source': 'base'}
2026-08-11 20:13:00,223 : INFO : SwitchController : <<<<<<< 's_56_pop_bumper_right' inactive >>>>>>>
2026-08-11 20:13:00,246 : INFO : SwitchController : <<<<<<< 's_58_pop_bumper_left' active >>>>>>>
2026-08-11 20:13:00,247 : INFO : EventManager : Event: ======'s_58_pop_bumper_left_active'====== Args={}
2026-08-11 20:13:00,247 : INFO : EventManager : Event: ======'sw_pops'====== Args={}
2026-08-11 20:13:00,247 : INFO : EventManager : Event: ======'machine_var_audits_switches_s_58_pop_bumper_left'====== Args={'value': 2716, 'prev_value': 2715, 'change': 1}
2026-08-11 20:13:00,253 : INFO : EventManager : Event: ======'logicblock_super_pops_phase1_counter_updated'====== Args={'value': 3, 'enabled': True}
2026-08-11 20:13:00,254 : INFO : EventManager : Event: ======'counter_super_pops_phase1_counter_hit'====== Args={'count': 3, 'hits': 3, 'remaining': 2}
2026-08-11 20:13:00,254 : INFO : EventManager : Event: ======'logicblock_super_pops_phase1_counter_hit'====== Args={'count': 3, 'hits': 3, 'remaining': 2}
2026-08-11 20:13:00,254 : INFO : EventManager : Event: ======'player_score'====== Args={'value': 2931638, 'prev_value': 2931596, 'change': 42, 'player_num': 1, 'source': 'base'}
2026-08-11 20:13:00,260 : INFO : SwitchController : <<<<<<< 's_58_pop_bumper_left' inactive >>>>>>>
2026-08-11 20:13:00,276 : INFO : SwitchController : <<<<<<< 's_58_pop_bumper_left' active >>>>>>>
2026-08-11 20:13:00,276 : INFO : EventManager : Event: ======'machine_var_audits_switches_s_58_pop_bumper_left'====== Args={'value': 2717, 'prev_value': 2716, 'change': 1}
2026-08-11 20:13:00,276 : INFO : SwitchController : <<<<<<< 's_58_pop_bumper_left' inactive >>>>>>>
2026-08-11 20:13:00,290 : INFO : SwitchController : <<<<<<< 's_71_spinner_left' inactive >>>>>>>
2026-08-11 20:13:00,306 : INFO : SwitchController : <<<<<<< 's_56_pop_bumper_right' active >>>>>>>
2026-08-11 20:13:00,307 : INFO : EventManager : Event: ======'s_56_pop_bumper_right_active'====== Args={}
2026-08-11 20:13:00,307 : INFO : EventManager : Event: ======'sw_pops'====== Args={}
2026-08-11 20:13:00,307 : INFO : EventManager : Event: ======'machine_var_audits_switches_s_56_pop_bumper_right'====== Args={'value': 838, 'prev_value': 837, 'change': 1}
2026-08-11 20:13:00,310 : INFO : EventManager : Event: ======'logicblock_super_pops_phase1_counter_updated'====== Args={'value': 4, 'enabled': True}
2026-08-11 20:13:00,310 : INFO : EventManager : Event: ======'counter_super_pops_phase1_counter_hit'====== Args={'count': 4, 'hits': 4, 'remaining': 1}
2026-08-11 20:13:00,310 : INFO : EventManager : Event: ======'logicblock_super_pops_phase1_counter_hit'====== Args={'count': 4, 'hits': 4, 'remaining': 1}
2026-08-11 20:13:00,311 : INFO : EventManager : Event: ======'player_score'====== Args={'value': 2931680, 'prev_value': 2931638, 'change': 42, 'player_num': 1, 'source': 'base'}
2026-08-11 20:13:00,321 : INFO : SwitchController : <<<<<<< 's_56_pop_bumper_right' inactive >>>>>>>
2026-08-11 20:13:00,352 : INFO : SwitchController : <<<<<<< 's_57_pop_bumper_center' active >>>>>>>
2026-08-11 20:13:00,353 : INFO : EventManager : Event: ======'s_57_pop_bumper_center_active'====== Args={}
2026-08-11 20:13:00,353 : INFO : EventManager : Event: ======'sw_pops'====== Args={}
2026-08-11 20:13:00,353 : INFO : EventManager : Event: ======'machine_var_audits_switches_s_57_pop_bumper_center'====== Args={'value': 1868, 'prev_value': 1867, 'change': 1}
2026-08-11 20:13:00,355 : INFO : EventManager : Event: ======'logicblock_super_pops_phase1_counter_updated'====== Args={'value': 5, 'enabled': True}
2026-08-11 20:13:00,355 : INFO : EventManager : Event: ======'counter_super_pops_phase1_counter_hit'====== Args={'count': 5, 'hits': 5, 'remaining': 0}
2026-08-11 20:13:00,356 : INFO : EventManager : Event: ======'logicblock_super_pops_phase1_counter_hit'====== Args={'count': 5, 'hits': 5, 'remaining': 0}
2026-08-11 20:13:00,356 : INFO : EventManager : Event: ======'super_pops_phase1_start'====== Args={}
2026-08-11 20:13:00,356 : INFO : EventManager : Event: ======'logicblock_super_pops_phase1_counter_updated'====== Args={'value': 0, 'enabled': True}
2026-08-11 20:13:00,356 : INFO : EventManager : Event: ======'logicblock_super_pops_phase1_counter_updated'====== Args={'value': 0, 'enabled': False}
2026-08-11 20:13:00,356 : INFO : EventManager : Event: ======'logicblock_super_pops_phase2_counter_updated'====== Args={'value': 0, 'enabled': True}
2026-08-11 20:13:00,357 : INFO : EventManager : Event: ======'logicblock_super_pops_phase2_counter_updated'====== Args={'value': 0, 'enabled': True}
2026-08-11 20:13:00,357 : INFO : EventManager : Event: ======'super_pops_timer_phase1'====== Args={'priority': 0}
2026-08-11 20:13:00,357 : INFO : EventManager : Event: ======'player_super_pops_multiplier'====== Args={'value': 2, 'prev_value': 1, 'change': 1, 'player_num': 1, 'source': 'super_pops'}
2026-08-11 20:13:00,357 : INFO : EventManager : Event: ======'super_pops_timer_phase1_jump'====== Args={'priority': 0}
2026-08-11 20:13:00,357 : INFO : EventManager : Event: ======'player_super_pops_super_pops_mult_timer_tick'====== Args={'value': 10, 'prev_value': 0, 'change': 10, 'player_num': 1}
2026-08-11 20:13:00,368 : INFO : EventManager : Event: ======'player_score'====== Args={'value': 2931722, 'prev_value': 2931680, 'change': 42, 'player_num': 1, 'source': 'base'}
2026-08-11 20:13:00,373 : INFO : SwitchController : <<<<<<< 's_57_pop_bumper_center' inactive >>>>>>>
2026-08-11 20:13:00,378 : INFO : SwitchController : <<<<<<< 's_64_varitarget_position_1' active >>>>>>>
2026-08-11 20:13:00,378 : INFO : EventManager : Event: ======'s_64_varitarget_position_1_active'====== Args={}
2026-08-11 20:13:00,378 : INFO : EventManager : Event: ======'sw_vari'====== Args={}
2026-08-11 20:13:00,378 : INFO : EventManager : Event: ======'machine_var_audits_switches_s_64_varitarget_position_1'====== Args={'value': 11147, 'prev_value': 11146, 'change': 1}
2026-08-11 20:13:00,382 : INFO : EventManager : Event: ======'glasses_pending_position_1'====== Args={'priority': 0}
2026-08-11 20:13:00,383 : INFO : EventManager : Event: ======'machine_var_audits_shots_varitarget_p1'====== Args={'value': 11139, 'prev_value': 11138, 'change': 1}
2026-08-11 20:13:00,383 : INFO : EventManager : Event: ======'varitarget_p1_hit'====== Args={'profile': 'default', 'state': 'lit', 'advancing': False}
2026-08-11 20:13:00,383 : INFO : EventManager : Event: ======'varitarget_p1_default_hit'====== Args={'profile': 'default', 'state': 'lit', 'advancing': False}
2026-08-11 20:13:00,383 : INFO : EventManager : Event: ======'varitarget_p1_default_lit_hit'====== Args={'profile': 'default', 'state': 'lit', 'advancing': False}
2026-08-11 20:13:00,383 : INFO : EventManager : Event: ======'varitarget_p1_lit_hit'====== Args={'profile': 'default', 'state': 'lit', 'advancing': False}
2026-08-11 20:13:00,383 : INFO : EventManager : Event: ======'varitarget_position_changed'====== Args={'priority': 0}
2026-08-11 20:13:00,383 : INFO : EventManager : Event: ======'varitarget_reset_stop'====== Args={'priority': 0}
2026-08-11 20:13:00,384 : INFO : EventManager : Event: ======'varitarget_reset_complete'====== Args={'priority': 0}
2026-08-11 20:13:00,384 : INFO : EventManager : Event: ======'glasses_position_confirm_restart'====== Args={'priority': 0}
2026-08-11 20:13:00,384 : INFO : EventManager : Event: ======'timer_glasses_position_confirm_tick'====== Args={'ticks': 0, 'ticks_remaining': 1}
2026-08-11 20:13:00,384 : INFO : EventManager : Event: ======'varitarget_positions_hit'====== Args={'shot': 'varitarget_p1'}
2026-08-11 20:13:00,384 : INFO : EventManager : Event: ======'varitarget_positions_lit_hit'====== Args={'shot': 'varitarget_p1'}
2026-08-11 20:13:00,384 : INFO : EventManager : Event: ======'varitarget_update_stable'====== Args={'priority': 0}
2026-08-11 20:13:00,384 : INFO : Timer.varitarget_reset_timer : Stopping Timer
2026-08-11 20:13:00,384 : INFO : EventManager : Event: ======'timer_varitarget_reset_timer_stopped'====== Args={'ticks': 2, 'ticks_remaining': 999997}
2026-08-11 20:13:00,385 : INFO : EventManager : Event: ======'player_score'====== Args={'value': 2931764, 'prev_value': 2931722, 'change': 42, 'player_num': 1, 'source': 'base'}
2026-08-11 20:13:00,390 : INFO : SwitchController : <<<<<<< 's_64_varitarget_position_1' inactive >>>>>>>
2026-08-11 20:13:00,416 : INFO : SwitchController : <<<<<<< 's_71_spinner_left' active >>>>>>>
2026-08-11 20:13:00,416 : INFO : EventManager : Event: ======'s_71_spinner_left_active'====== Args={}
2026-08-11 20:13:00,417 : INFO : EventManager : Event: ======'sw_playfield_active'====== Args={}
2026-08-11 20:13:00,417 : INFO : EventManager : Event: ======'sw_spinners'====== Args={}
2026-08-11 20:13:00,417 : INFO : EventManager : Event: ======'machine_var_audits_switches_s_71_spinner_left'====== Args={'value': 1480, 'prev_value': 1479, 'change': 1}
2026-08-11 20:13:00,419 : INFO : EventManager : Event: ======'machine_var_audits_shots_spinner_left'====== Args={'value': 1478, 'prev_value': 1477, 'change': 1}
2026-08-11 20:13:00,420 : INFO : EventManager : Event: ======'spinner_left_hit'====== Args={'profile': 'default', 'state': 'lit', 'advancing': False}
2026-08-11 20:13:00,420 : INFO : EventManager : Event: ======'spinner_left_default_hit'====== Args={'profile': 'default', 'state': 'lit', 'advancing': False}
2026-08-11 20:13:00,420 : INFO : EventManager : Event: ======'spinner_left_default_lit_hit'====== Args={'profile': 'default', 'state': 'lit', 'advancing': False}
2026-08-11 20:13:00,420 : INFO : EventManager : Event: ======'spinner_left_lit_hit'====== Args={'profile': 'default', 'state': 'lit', 'advancing': False}
2026-08-11 20:13:00,420 : INFO : EventManager : Event: ======'player_score'====== Args={'value': 2941764, 'prev_value': 2931764, 'change': 10000, 'player_num': 1, 'source': 'base'}
2026-08-11 20:13:00,447 : INFO : EventManager : Event: ======'super_pops_timer_phase1_start'====== Args={'priority': 0}
2026-08-11 20:13:00,448 : INFO : Timer.super_pops_mult_timer : Starting Timer.
2026-08-11 20:13:00,448 : INFO : EventManager : Event: ======'timer_super_pops_mult_timer_started'====== Args={'ticks': 10, 'ticks_remaining': 10}
2026-08-11 20:13:00,448 : INFO : EventManager : Event: ======'timer_super_pops_mult_timer_tick'====== Args={'ticks': 10, 'ticks_remaining': 10}
2026-08-11 20:13:01,369 : INFO : EventManager : Event: ======'player_glasses_mode_glasses_position_confirm_tick'====== Args={'value': 1, 'prev_value': 0, 'change': 1, 'player_num': 1}
2026-08-11 20:13:01,370 : INFO : Timer.glasses_position_confirm : Timer Complete
2026-08-11 20:13:01,370 : INFO : Timer.glasses_position_confirm : Stopping Timer
2026-08-11 20:13:01,370 : INFO : EventManager : Event: ======'timer_glasses_position_confirm_stopped'====== Args={'ticks': 1, 'ticks_remaining': 1}
2026-08-11 20:13:01,370 : INFO : EventManager : Event: ======'timer_glasses_position_confirm_complete'====== Args={'ticks': 1, 'ticks_remaining': 1}
2026-08-11 20:13:01,381 : INFO : EventManager : Event: ======'varitarget_position_1_confirmed'====== Args={'priority': 0}
2026-08-11 20:13:01,381 : INFO : EventManager : Event: ======'glasses_enter_state_1'====== Args={'priority': 0}
2026-08-11 20:13:01,382 : INFO : EventManager : Event: ======'glasses_stop_all_shows'====== Args={'priority': 0}
2026-08-11 20:13:01,382 : INFO : EventManager : Event: ======'glasses_state_timer_stop'====== Args={'priority': 0}
2026-08-11 20:13:01,382 : INFO : EventManager : Event: ======'glasses_home_pulse_timer_stop'====== Args={'priority': 0}
2026-08-11 20:13:01,382 : INFO : EventManager : Event: ======'glasses_homing_cancel'====== Args={'priority': 0}
2026-08-11 20:13:01,382 : INFO : Timer.glasses_state_timer : Stopping Timer
2026-08-11 20:13:01,382 : INFO : EventManager : Event: ======'timer_glasses_state_timer_stopped'====== Args={'ticks': 0, 'ticks_remaining': 0}
2026-08-11 20:13:01,383 : INFO : Timer.glasses_home_pulse_timer : Stopping Timer
2026-08-11 20:13:01,383 : INFO : EventManager : Event: ======'timer_glasses_home_pulse_timer_stopped'====== Args={'ticks': 0, 'ticks_remaining': 0}
2026-08-11 20:13:01,447 : INFO : EventManager : Event: ======'player_super_pops_super_pops_mult_timer_tick'====== Args={'value': 9, 'prev_value': 10, 'change': -1, 'player_num': 1}
2026-08-11 20:13:01,447 : INFO : EventManager : Event: ======'timer_super_pops_mult_timer_tick'====== Args={'ticks': 9, 'ticks_remaining': 9}
2026-08-11 20:13:01,654 : INFO : SwitchController : <<<<<<< 's_73_fourbank_drop_1' active >>>>>>>
2026-08-11 20:13:01,654 : INFO : EventManager : Event: ======'s_73_fourbank_drop_1_active'====== Args={}
2026-08-11 20:13:01,654 : INFO : EventManager : Event: ======'sw_drop_target'====== Args={}
2026-08-11 20:13:01,655 : INFO : EventManager : Event: ======'drop_target_dt_1_down'====== Args={'device': <drop_target.dt_1>}
2026-08-11 20:13:01,655 : INFO : EventManager : Event: ======'drop_target_bank_dt_bank_1_4_mixed'====== Args={'prev_value': <DropTargetBankState.UP: 'up'>, 'down': 1}
2026-08-11 20:13:01,655 : INFO : EventManager : Event: ======'machine_var_audits_switches_s_73_fourbank_drop_1'====== Args={'value': 360, 'prev_value': 359, 'change': 1}
2026-08-11 20:13:01,657 : INFO : EventManager : Event: ======'player_shot_shot_dt_1'====== Args={'value': 1, 'prev_value': 0, 'change': 1, 'player_num': 1}
2026-08-11 20:13:01,657 : INFO : EventManager : Event: ======'machine_var_audits_shots_shot_dt_1'====== Args={'value': 345, 'prev_value': 344, 'change': 1}
2026-08-11 20:13:01,657 : INFO : EventManager : Event: ======'shot_dt_1_hit'====== Args={'profile': 'default', 'state': 'unlit', 'advancing': True}
2026-08-11 20:13:01,658 : INFO : EventManager : Event: ======'shot_dt_1_default_hit'====== Args={'profile': 'default', 'state': 'unlit', 'advancing': True}
2026-08-11 20:13:01,658 : INFO : EventManager : Event: ======'shot_dt_1_default_unlit_hit'====== Args={'profile': 'default', 'state': 'unlit', 'advancing': True}
2026-08-11 20:13:01,658 : INFO : EventManager : Event: ======'shot_dt_1_unlit_hit'====== Args={'profile': 'default', 'state': 'unlit', 'advancing': True}
2026-08-11 20:13:01,658 : INFO : EventManager : Event: ======'player_score'====== Args={'value': 2941806, 'prev_value': 2941764, 'change': 42, 'player_num': 1, 'source': 'base'}
2026-08-11 20:13:02,445 : INFO : EventManager : Event: ======'player_super_pops_super_pops_mult_timer_tick'====== Args={'value': 8, 'prev_value': 9, 'change': -1, 'player_num': 1}
2026-08-11 20:13:02,445 : INFO : EventManager : Event: ======'timer_super_pops_mult_timer_tick'====== Args={'ticks': 8, 'ticks_remaining': 8}
2026-08-11 20:13:03,444 : INFO : EventManager : Event: ======'player_super_pops_super_pops_mult_timer_tick'====== Args={'value': 7, 'prev_value': 8, 'change': -1, 'player_num': 1}
2026-08-11 20:13:03,445 : INFO : EventManager : Event: ======'timer_super_pops_mult_timer_tick'====== Args={'ticks': 7, 'ticks_remaining': 7}
2026-08-11 20:13:04,446 : INFO : EventManager : Event: ======'player_super_pops_super_pops_mult_timer_tick'====== Args={'value': 6, 'prev_value': 7, 'change': -1, 'player_num': 1}
2026-08-11 20:13:04,446 : INFO : EventManager : Event: ======'timer_super_pops_mult_timer_tick'====== Args={'ticks': 6, 'ticks_remaining': 6}
2026-08-11 20:13:04,496 : INFO : SwitchController : <<<<<<< 's_29_trough_6' active >>>>>>>
2026-08-11 20:13:04,496 : INFO : EventManager : Event: ======'machine_var_audits_switches_s_29_trough_6'====== Args={'value': 1405, 'prev_value': 1404, 'change': 1}
2026-08-11 20:13:04,860 : INFO : SwitchController : <<<<<<< 's_29_trough_6' inactive >>>>>>>
2026-08-11 20:13:04,892 : INFO : SwitchController : <<<<<<< 's_28_trough_5' active >>>>>>>
2026-08-11 20:13:04,892 : INFO : EventManager : Event: ======'machine_var_audits_switches_s_28_trough_5'====== Args={'value': 1296, 'prev_value': 1295, 'change': 1}
2026-08-11 20:13:05,065 : INFO : SwitchController : <<<<<<< 's_28_trough_5' inactive >>>>>>>
2026-08-11 20:13:05,083 : INFO : SwitchController : <<<<<<< 's_27_trough_4' active >>>>>>>
2026-08-11 20:13:05,083 : INFO : EventManager : Event: ======'machine_var_audits_switches_s_27_trough_4'====== Args={'value': 1506, 'prev_value': 1505, 'change': 1}
2026-08-11 20:13:05,224 : INFO : SwitchController : <<<<<<< 's_27_trough_4' inactive >>>>>>>
2026-08-11 20:13:05,225 : INFO : SwitchController : <<<<<<< 's_26_trough_3' active >>>>>>>
2026-08-11 20:13:05,225 : INFO : EventManager : Event: ======'machine_var_audits_switches_s_26_trough_3'====== Args={'value': 1927, 'prev_value': 1926, 'change': 1}
2026-08-11 20:13:05,445 : INFO : EventManager : Event: ======'player_super_pops_super_pops_mult_timer_tick'====== Args={'value': 5, 'prev_value': 6, 'change': -1, 'player_num': 1}
2026-08-11 20:13:05,445 : INFO : EventManager : Event: ======'timer_super_pops_mult_timer_tick'====== Args={'ticks': 5, 'ticks_remaining': 5}
2026-08-11 20:13:05,732 : INFO : EventManager : Event: ======'balldevice_bd_trough_ball_count_changed'====== Args={'balls': 3}
2026-08-11 20:13:05,733 : INFO : ball_device.bd_trough : Received unexpected ball
2026-08-11 20:13:05,733 : INFO : EventManager : Event: ======'balldevice_captured_from_playfield'====== Args={'balls': 1}
2026-08-11 20:13:05,733 : INFO : EventManager : Event: ======'sw_playfield_active'====== Args={'balls': 1}
2026-08-11 20:13:05,733 : INFO : EventManager : Event: ======'playfield_ball_count_change'====== Args={'balls': 0, 'change': -1}
2026-08-11 20:13:05,735 : INFO : EventManager : Event: ======'balldevice_bd_trough_ball_enter'====== Args={'new_balls': 1, 'unclaimed_balls': 1, 'new_available_balls': 1, 'device': <ball_device.bd_trough>}
2026-08-11 20:13:05,735 : INFO : EventManager : Event: ======'ball_drain'====== Args={'device': <ball_device.bd_trough>, 'balls': 1}
2026-08-11 20:13:05,736 : INFO : EventManager : Event: ======'ball_will_end'====== Args={}
2026-08-11 20:13:05,737 : INFO : EventManager : Event: ======'balldevice_balls_available'====== Args={}
2026-08-11 20:13:05,737 : INFO : EventManager : Event: ======'balldevice_bd_trough_ball_entered'====== Args={'new_balls': 1, 'device': <ball_device.bd_trough>}
2026-08-11 20:13:05,737 : INFO : EventManager : Event: ======'mode_stars_mode_will_stop'====== Args={}
2026-08-11 20:13:05,738 : INFO : EventManager : Event: ======'mode_stars_mode_stopping'====== Args={}
2026-08-11 20:13:05,738 : INFO : EventManager : Event: ======'mode_spinner_2x_qualify_will_stop'====== Args={}
2026-08-11 20:13:05,738 : INFO : EventManager : Event: ======'mode_spinner_2x_qualify_stopping'====== Args={}
2026-08-11 20:13:05,738 : INFO : EventManager : Event: ======'mode_base_will_stop'====== Args={}
2026-08-11 20:13:05,738 : INFO : EventManager : Event: ======'mode_base_stopping'====== Args={}
2026-08-11 20:13:05,738 : INFO : Mode.spinner_2x_qualify : Stopped.
2026-08-11 20:13:05,738 : INFO : EventManager : Event: ======'modes_active_modes_changed'====== Args={}
2026-08-11 20:13:05,739 : INFO : EventManager : Event: ======'mode_spinner_2x_qualify_stopped'====== Args={}
2026-08-11 20:13:05,739 : INFO : EventManager : Event: ======'clear'====== Args={'key': 'spinner_2x_qualify'}
2026-08-11 20:13:05,740 : INFO : Mode.stars_mode : Stopped.
2026-08-11 20:13:05,740 : INFO : EventManager : Event: ======'modes_active_modes_changed'====== Args={}
2026-08-11 20:13:05,740 : INFO : EventManager : Event: ======'mode_stars_mode_stopped'====== Args={}
2026-08-11 20:13:05,740 : INFO : EventManager : Event: ======'clear'====== Args={'key': 'stars_mode'}
2026-08-11 20:13:05,740 : INFO : EventManager : Event: ======'mode_glasses_mode_will_stop'====== Args={}
2026-08-11 20:13:05,741 : INFO : EventManager : Event: ======'mode_glasses_mode_stopping'====== Args={}
2026-08-11 20:13:05,741 : INFO : EventManager : Event: ======'mode_super_pops_will_stop'====== Args={}
2026-08-11 20:13:05,741 : INFO : EventManager : Event: ======'mode_super_pops_stopping'====== Args={}
2026-08-11 20:13:05,741 : INFO : Timer.varitarget_reset_timer : Stopping Timer
2026-08-11 20:13:05,741 : INFO : EventManager : Event: ======'timer_varitarget_reset_timer_stopped'====== Args={'ticks': 2, 'ticks_remaining': 999997}
2026-08-11 20:13:05,741 : INFO : Timer.varitarget_hit_settle : Stopping Timer
2026-08-11 20:13:05,741 : INFO : EventManager : Event: ======'timer_varitarget_hit_settle_stopped'====== Args={'ticks': 3, 'ticks_remaining': 0}
2026-08-11 20:13:05,741 : INFO : Mode.base : Stopped.
2026-08-11 20:13:05,741 : INFO : EventManager : Event: ======'modes_active_modes_changed'====== Args={}
2026-08-11 20:13:05,743 : INFO : EventManager : Event: ======'mode_base_stopped'====== Args={}
2026-08-11 20:13:05,744 : INFO : EventManager : Event: ======'clear'====== Args={'key': 'base'}
2026-08-11 20:13:05,744 : INFO : EventManager : Event: ======'mode_shotgun_will_stop'====== Args={}
2026-08-11 20:13:05,744 : INFO : EventManager : Event: ======'mode_shotgun_stopping'====== Args={}
2026-08-11 20:13:05,746 : INFO : Timer.varitarget_reset_timer : Stopping Timer
2026-08-11 20:13:05,746 : INFO : EventManager : Event: ======'timer_varitarget_reset_timer_stopped'====== Args={'ticks': 2, 'ticks_remaining': 999997}
2026-08-11 20:13:05,747 : INFO : Timer.varitarget_hit_settle : Stopping Timer
2026-08-11 20:13:05,747 : INFO : EventManager : Event: ======'timer_varitarget_hit_settle_stopped'====== Args={'ticks': 3, 'ticks_remaining': 0}
2026-08-11 20:13:05,747 : INFO : Mode.super_pops : Stopped.
2026-08-11 20:13:05,747 : INFO : EventManager : Event: ======'modes_active_modes_changed'====== Args={}
2026-08-11 20:13:05,748 : INFO : EventManager : Event: ======'mode_super_pops_stopped'====== Args={}
2026-08-11 20:13:05,748 : INFO : EventManager : Event: ======'clear'====== Args={'key': 'super_pops'}
2026-08-11 20:13:05,748 : INFO : Timer.super_pops_mult_timer : Stopping Timer
2026-08-11 20:13:05,748 : INFO : EventManager : Event: ======'timer_super_pops_mult_timer_stopped'====== Args={'ticks': 5, 'ticks_remaining': 5}
2026-08-11 20:13:05,748 : INFO : Timer.stars_10x_timer : Stopping Timer
2026-08-11 20:13:05,748 : INFO : EventManager : Event: ======'timer_stars_10x_timer_stopped'====== Args={'ticks': 0, 'ticks_remaining': 0}
2026-08-11 20:13:05,748 : INFO : Timer.stars_s80_hold : Stopping Timer
2026-08-11 20:13:05,748 : INFO : EventManager : Event: ======'timer_stars_s80_hold_stopped'====== Args={'ticks': 0, 'ticks_remaining': 0}
2026-08-11 20:13:05,749 : INFO : EventManager : Event: ======'ball_ending'====== Args={}
2026-08-11 20:13:05,761 : INFO : EventManager : Event: ======'glasses_stop_all_shows'====== Args={'priority': 0}
2026-08-11 20:13:05,762 : INFO : EventManager : Event: ======'glasses_position_confirm_stop'====== Args={'priority': 0}
2026-08-11 20:13:05,762 : INFO : EventManager : Event: ======'glasses_state_timer_stop'====== Args={'priority': 0}
2026-08-11 20:13:05,762 : INFO : EventManager : Event: ======'glasses_home_pulse_timer_stop'====== Args={'priority': 0}
2026-08-11 20:13:05,762 : INFO : EventManager : Event: ======'glasses_homing_cancel'====== Args={'priority': 0}
2026-08-11 20:13:05,763 : INFO : Timer.glasses_position_confirm : Stopping Timer
2026-08-11 20:13:05,763 : INFO : EventManager : Event: ======'timer_glasses_position_confirm_stopped'====== Args={'ticks': 1, 'ticks_remaining': 1}
2026-08-11 20:13:05,763 : INFO : Timer.glasses_state_timer : Stopping Timer
2026-08-11 20:13:05,763 : INFO : EventManager : Event: ======'timer_glasses_state_timer_stopped'====== Args={'ticks': 0, 'ticks_remaining': 0}
2026-08-11 20:13:05,763 : INFO : Timer.glasses_home_pulse_timer : Stopping Timer
2026-08-11 20:13:05,763 : INFO : EventManager : Event: ======'timer_glasses_home_pulse_timer_stopped'====== Args={'ticks': 0, 'ticks_remaining': 0}
2026-08-11 20:13:05,763 : INFO : Mode.glasses_mode : Stopped.
2026-08-11 20:13:05,763 : INFO : EventManager : Event: ======'modes_active_modes_changed'====== Args={}
2026-08-11 20:13:05,764 : INFO : EventManager : Event: ======'mode_glasses_mode_stopped'====== Args={}
2026-08-11 20:13:05,764 : INFO : EventManager : Event: ======'clear'====== Args={'key': 'glasses_mode'}
2026-08-11 20:13:05,764 : INFO : Timer.glasses_position_confirm : Stopping Timer
2026-08-11 20:13:05,764 : INFO : EventManager : Event: ======'timer_glasses_position_confirm_stopped'====== Args={'ticks': 1, 'ticks_remaining': 1}
2026-08-11 20:13:05,764 : INFO : Timer.glasses_state_timer : Stopping Timer
2026-08-11 20:13:05,764 : INFO : EventManager : Event: ======'timer_glasses_state_timer_stopped'====== Args={'ticks': 0, 'ticks_remaining': 0}
2026-08-11 20:13:05,764 : INFO : Timer.glasses_home_pulse_timer : Stopping Timer
2026-08-11 20:13:05,764 : INFO : EventManager : Event: ======'timer_glasses_home_pulse_timer_stopped'====== Args={'ticks': 0, 'ticks_remaining': 0}
2026-08-11 20:13:05,765 : INFO : Timer.glasses_state_timer : Stopping Timer
2026-08-11 20:13:05,765 : INFO : EventManager : Event: ======'timer_glasses_state_timer_stopped'====== Args={'ticks': 0, 'ticks_remaining': 0}
2026-08-11 20:13:05,765 : INFO : Timer.glasses_home_pulse_timer : Stopping Timer
2026-08-11 20:13:05,765 : INFO : EventManager : Event: ======'timer_glasses_home_pulse_timer_stopped'====== Args={'ticks': 0, 'ticks_remaining': 0}
2026-08-11 20:13:05,765 : INFO : Timer.glasses_position_confirm : Stopping Timer
2026-08-11 20:13:05,765 : INFO : EventManager : Event: ======'timer_glasses_position_confirm_stopped'====== Args={'ticks': 1, 'ticks_remaining': 1}
2026-08-11 20:13:05,765 : INFO : Timer.top_lane_a_countdown_timer : Stopping Timer
2026-08-11 20:13:05,765 : INFO : EventManager : Event: ======'timer_top_lane_a_countdown_timer_stopped'====== Args={'ticks': 30, 'ticks_remaining': 0}
2026-08-11 20:13:05,765 : INFO : Timer.top_lane_b_countdown_timer : Stopping Timer
2026-08-11 20:13:05,765 : INFO : EventManager : Event: ======'timer_top_lane_b_countdown_timer_stopped'====== Args={'ticks': 30, 'ticks_remaining': 0}
2026-08-11 20:13:05,765 : INFO : Timer.fourbank_reset_check_timer : Stopping Timer
2026-08-11 20:13:05,765 : INFO : EventManager : Event: ======'timer_fourbank_reset_check_timer_stopped'====== Args={'ticks': 0, 'ticks_remaining': 0}
2026-08-11 20:13:05,766 : INFO : Timer.fourbank_reset_retry_timer : Stopping Timer
2026-08-11 20:13:05,766 : INFO : EventManager : Event: ======'timer_fourbank_reset_retry_timer_stopped'====== Args={'ticks': 0, 'ticks_remaining': 0}
2026-08-11 20:13:05,766 : INFO : Timer.threebank_reset_check_timer : Stopping Timer
2026-08-11 20:13:05,766 : INFO : EventManager : Event: ======'timer_threebank_reset_check_timer_stopped'====== Args={'ticks': 0, 'ticks_remaining': 0}
2026-08-11 20:13:05,766 : INFO : Timer.threebank_reset_retry_timer : Stopping Timer
2026-08-11 20:13:05,766 : INFO : EventManager : Event: ======'timer_threebank_reset_retry_timer_stopped'====== Args={'ticks': 0, 'ticks_remaining': 0}
2026-08-11 20:13:05,766 : INFO : Mode.shotgun : Stopped.
2026-08-11 20:13:05,766 : INFO : EventManager : Event: ======'modes_active_modes_changed'====== Args={}
2026-08-11 20:13:05,767 : INFO : EventManager : Event: ======'mode_shotgun_stopped'====== Args={}
2026-08-11 20:13:05,767 : INFO : EventManager : Event: ======'clear'====== Args={'key': 'shotgun'}
2026-08-11 20:13:05,767 : INFO : Timer.fourbank_reset_check_timer : Stopping Timer
2026-08-11 20:13:05,767 : INFO : EventManager : Event: ======'timer_fourbank_reset_check_timer_stopped'====== Args={'ticks': 0, 'ticks_remaining': 0}
2026-08-11 20:13:05,767 : INFO : Timer.threebank_reset_retry_timer : Stopping Timer
2026-08-11 20:13:05,767 : INFO : EventManager : Event: ======'timer_threebank_reset_retry_timer_stopped'====== Args={'ticks': 0, 'ticks_remaining': 0}
2026-08-11 20:13:05,767 : INFO : Timer.fourbank_drop_3_trip_timer : Stopping Timer
2026-08-11 20:13:05,767 : INFO : EventManager : Event: ======'timer_fourbank_drop_3_trip_timer_stopped'====== Args={'ticks': 0, 'ticks_remaining': 0}
2026-08-11 20:13:05,768 : INFO : Timer.threebank_drop_3_trip_timer : Stopping Timer
2026-08-11 20:13:05,768 : INFO : EventManager : Event: ======'timer_threebank_drop_3_trip_timer_stopped'====== Args={'ticks': 0, 'ticks_remaining': 0}
2026-08-11 20:13:05,768 : INFO : Timer.drop_1_4_7_step_4_timer : Stopping Timer
2026-08-11 20:13:05,768 : INFO : EventManager : Event: ======'timer_drop_1_4_7_step_4_timer_stopped'====== Args={'ticks': 0, 'ticks_remaining': 0}
2026-08-11 20:13:05,768 : INFO : Timer.top_lane_a_countdown_timer : Stopping Timer
2026-08-11 20:13:05,768 : INFO : EventManager : Event: ======'timer_top_lane_a_countdown_timer_stopped'====== Args={'ticks': 30, 'ticks_remaining': 0}
2026-08-11 20:13:05,768 : INFO : Timer.fourbank_reset_retry_timer : Stopping Timer
2026-08-11 20:13:05,768 : INFO : EventManager : Event: ======'timer_fourbank_reset_retry_timer_stopped'====== Args={'ticks': 0, 'ticks_remaining': 0}
2026-08-11 20:13:05,768 : INFO : Timer.fourbank_drop_2_trip_timer : Stopping Timer
2026-08-11 20:13:05,768 : INFO : EventManager : Event: ======'timer_fourbank_drop_2_trip_timer_stopped'====== Args={'ticks': 0, 'ticks_remaining': 0}
2026-08-11 20:13:05,768 : INFO : Timer.threebank_drop_1_trip_timer : Stopping Timer
2026-08-11 20:13:05,768 : INFO : EventManager : Event: ======'timer_threebank_drop_1_trip_timer_stopped'====== Args={'ticks': 0, 'ticks_remaining': 0}
2026-08-11 20:13:05,768 : INFO : Timer.drop_1_4_7_step_2_timer : Stopping Timer
2026-08-11 20:13:05,768 : INFO : EventManager : Event: ======'timer_drop_1_4_7_step_2_timer_stopped'====== Args={'ticks': 0, 'ticks_remaining': 0}
2026-08-11 20:13:05,768 : INFO : Timer.drop_1_4_7_ready_timer : Stopping Timer
2026-08-11 20:13:05,768 : INFO : EventManager : Event: ======'timer_drop_1_4_7_ready_timer_stopped'====== Args={'ticks': 0, 'ticks_remaining': 0}
2026-08-11 20:13:05,769 : INFO : Timer.top_lane_b_countdown_timer : Stopping Timer
2026-08-11 20:13:05,769 : INFO : EventManager : Event: ======'timer_top_lane_b_countdown_timer_stopped'====== Args={'ticks': 30, 'ticks_remaining': 0}
2026-08-11 20:13:05,769 : INFO : Timer.threebank_reset_check_timer : Stopping Timer
2026-08-11 20:13:05,769 : INFO : EventManager : Event: ======'timer_threebank_reset_check_timer_stopped'====== Args={'ticks': 0, 'ticks_remaining': 0}
2026-08-11 20:13:05,769 : INFO : Timer.threebank_drop_2_trip_timer : Stopping Timer
2026-08-11 20:13:05,769 : INFO : EventManager : Event: ======'timer_threebank_drop_2_trip_timer_stopped'====== Args={'ticks': 0, 'ticks_remaining': 0}
2026-08-11 20:13:05,769 : INFO : Timer.drop_1_4_7_step_3_timer : Stopping Timer
2026-08-11 20:13:05,769 : INFO : EventManager : Event: ======'timer_drop_1_4_7_step_3_timer_stopped'====== Args={'ticks': 0, 'ticks_remaining': 0}
2026-08-11 20:13:05,779 : INFO : EventManager : Event: ======'mode_resistance_will_stop'====== Args={}
2026-08-11 20:13:05,779 : INFO : EventManager : Event: ======'mode_resistance_stopping'====== Args={}
2026-08-11 20:13:05,779 : INFO : EventManager : Event: ======'mode_autoplunge_will_stop'====== Args={}
2026-08-11 20:13:05,779 : INFO : EventManager : Event: ======'mode_autoplunge_stopping'====== Args={}
2026-08-11 20:13:05,780 : INFO : Timer.t_auto_plunge : Stopping Timer
2026-08-11 20:13:05,780 : INFO : EventManager : Event: ======'timer_t_auto_plunge_stopped'====== Args={'ticks': 9, 'ticks_remaining': 9}
2026-08-11 20:13:05,780 : INFO : EventManager : Event: ======'mode_brian_combo_will_stop'====== Args={}
2026-08-11 20:13:05,780 : INFO : EventManager : Event: ======'mode_brian_combo_stopping'====== Args={}
2026-08-11 20:13:05,780 : INFO : EventManager : Event: ======'mode_awareness_will_stop'====== Args={}
2026-08-11 20:13:05,780 : INFO : EventManager : Event: ======'mode_awareness_stopping'====== Args={}
2026-08-11 20:13:05,781 : INFO : Mode.awareness : Stopped.
2026-08-11 20:13:05,781 : INFO : EventManager : Event: ======'modes_active_modes_changed'====== Args={}
2026-08-11 20:13:05,781 : INFO : EventManager : Event: ======'mode_awareness_stopped'====== Args={}
2026-08-11 20:13:05,782 : INFO : EventManager : Event: ======'clear'====== Args={'key': 'awareness'}
2026-08-11 20:13:05,782 : INFO : Mode.brian_combo : Stopped.
2026-08-11 20:13:05,782 : INFO : EventManager : Event: ======'modes_active_modes_changed'====== Args={}
2026-08-11 20:13:05,782 : INFO : EventManager : Event: ======'mode_brian_combo_stopped'====== Args={}
2026-08-11 20:13:05,782 : INFO : EventManager : Event: ======'clear'====== Args={'key': 'brian_combo'}
2026-08-11 20:13:05,782 : INFO : Mode.autoplunge : Stopped.
2026-08-11 20:13:05,782 : INFO : EventManager : Event: ======'modes_active_modes_changed'====== Args={}
2026-08-11 20:13:05,783 : INFO : EventManager : Event: ======'mode_autoplunge_stopped'====== Args={}
2026-08-11 20:13:05,783 : INFO : EventManager : Event: ======'clear'====== Args={'key': 'autoplunge'}
2026-08-11 20:13:05,783 : INFO : Timer.t_auto_plunge : Stopping Timer
2026-08-11 20:13:05,783 : INFO : EventManager : Event: ======'timer_t_auto_plunge_stopped'====== Args={'ticks': 9, 'ticks_remaining': 9}
2026-08-11 20:13:05,783 : INFO : Mode.resistance : Stopped.
2026-08-11 20:13:05,783 : INFO : EventManager : Event: ======'modes_active_modes_changed'====== Args={}
2026-08-11 20:13:05,783 : INFO : EventManager : Event: ======'mode_resistance_stopped'====== Args={}
2026-08-11 20:13:05,783 : INFO : EventManager : Event: ======'clear'====== Args={'key': 'resistance'}
2026-08-11 20:13:05,784 : INFO : Timer.resistance_qual_lights_15_11_timer : Stopping Timer
2026-08-11 20:13:05,784 : INFO : EventManager : Event: ======'timer_resistance_qual_lights_15_11_timer_stopped'====== Args={'ticks': 4, 'ticks_remaining': 0}
2026-08-11 20:13:05,784 : INFO : Timer.state_2_resistance_active_timer : Stopping Timer
2026-08-11 20:13:05,784 : INFO : EventManager : Event: ======'timer_state_2_resistance_active_timer_stopped'====== Args={'ticks': 15, 'ticks_remaining': 0}
2026-08-11 20:13:05,784 : INFO : Timer.state_5_resistance_active_timer : Stopping Timer
2026-08-11 20:13:05,784 : INFO : EventManager : Event: ======'timer_state_5_resistance_active_timer_stopped'====== Args={'ticks': 10, 'ticks_remaining': 0}
2026-08-11 20:13:05,784 : INFO : Timer.resistance_qual_lights_10_5_timer : Stopping Timer
2026-08-11 20:13:05,784 : INFO : EventManager : Event: ======'timer_resistance_qual_lights_10_5_timer_stopped'====== Args={'ticks': 5, 'ticks_remaining': 0}
2026-08-11 20:13:05,784 : INFO : Timer.state_3_resistance_active_timer : Stopping Timer
2026-08-11 20:13:05,784 : INFO : EventManager : Event: ======'timer_state_3_resistance_active_timer_stopped'====== Args={'ticks': 15, 'ticks_remaining': 0}
2026-08-11 20:13:05,784 : INFO : Timer.right_inlane_countdown_timer : Stopping Timer
2026-08-11 20:13:05,784 : INFO : EventManager : Event: ======'timer_right_inlane_countdown_timer_stopped'====== Args={'ticks': 15, 'ticks_remaining': 0}
2026-08-11 20:13:05,785 : INFO : Timer.resistance_qual_lights_4_0_timer : Stopping Timer
2026-08-11 20:13:05,785 : INFO : EventManager : Event: ======'timer_resistance_qual_lights_4_0_timer_stopped'====== Args={'ticks': 4, 'ticks_remaining': 0}
2026-08-11 20:13:05,785 : INFO : Timer.state_4_resistance_active_timer : Stopping Timer
2026-08-11 20:13:05,785 : INFO : EventManager : Event: ======'timer_state_4_resistance_active_timer_stopped'====== Args={'ticks': 15, 'ticks_remaining': 0}
2026-08-11 20:13:05,797 : INFO : EventManager : Event: ======'ball_ended'====== Args={}
2026-08-11 20:13:05,804 : INFO : EventManager : Event: ======'player_turn_will_end'====== Args={'player': <Player 1>, 'number': 1}
2026-08-11 20:13:05,807 : INFO : EventManager : Event: ======'player_turn_ending'====== Args={'player': <Player 1>, 'number': 1}
2026-08-11 20:13:05,808 : INFO : EventManager : Event: ======'player_turn_ended'====== Args={'player': <Player 1>, 'number': 1}
2026-08-11 20:13:05,809 : INFO : EventManager : Event: ======'player_turn_will_start'====== Args={'player': <Player 1>, 'number': 1}
2026-08-11 20:13:05,811 : INFO : EventManager : Event: ======'player_turn_starting'====== Args={'player': <Player 1>, 'number': 1}
2026-08-11 20:13:05,813 : INFO : EventManager : Event: ======'player_ball'====== Args={'value': 3, 'prev_value': 2, 'change': 1, 'player_num': 1}
2026-08-11 20:13:05,813 : INFO : EventManager : Event: ======'player_turn_started'====== Args={'player': <Player 1>, 'number': 1}
2026-08-11 20:13:05,820 : INFO : EventManager : Event: ======'ball_will_start'====== Args={'player': 1, 'ball': 3, 'balls_remaining': 0, 'is_extra_ball': False}
2026-08-11 20:13:05,824 : INFO : EventManager : Event: ======'ball_starting'====== Args={'player': 1, 'ball': 3, 'balls_remaining': 0, 'is_extra_ball': False}
2026-08-11 20:13:05,825 : INFO : EventManager : Event: ======'mode_skillshot_will_start'====== Args={'queue': <QueuedEvent>, 'player': 1, 'ball': 3, 'balls_remaining': 0, 'is_extra_ball': False}
2026-08-11 20:13:05,833 : INFO : EventManager : Event: ======'mode_skillshot_starting'====== Args={'queue': <QueuedEvent>, 'player': 1, 'ball': 3, 'balls_remaining': 0, 'is_extra_ball': False}
2026-08-11 20:13:05,833 : INFO : EventManager : Event: ======'mode_awareness_will_start'====== Args={'queue': <QueuedEvent>, 'player': 1, 'ball': 3, 'balls_remaining': 0, 'is_extra_ball': False}
2026-08-11 20:13:05,838 : INFO : EventManager : Event: ======'mode_awareness_starting'====== Args={'queue': <QueuedEvent>, 'player': 1, 'ball': 3, 'balls_remaining': 0, 'is_extra_ball': False}
2026-08-11 20:13:05,838 : INFO : EventManager : Event: ======'mode_base_will_start'====== Args={'queue': <QueuedEvent>, 'player': 1, 'ball': 3, 'balls_remaining': 0, 'is_extra_ball': False}
2026-08-11 20:13:05,841 : INFO : EventManager : Event: ======'player_base_varitarget_reset_timer_tick'====== Args={'value': 0, 'prev_value': 2, 'change': -2, 'player_num': 1}
2026-08-11 20:13:05,848 : INFO : EventManager : Event: ======'mode_base_starting'====== Args={'queue': <QueuedEvent>, 'player': 1, 'ball': 3, 'balls_remaining': 0, 'is_extra_ball': False}
2026-08-11 20:13:05,848 : INFO : coil.c_40_fourbank_drop_reset : Pulsing Driver for 10ms (1.0 pulse_power)
2026-08-11 20:13:05,854 : INFO : Mode.base : Started. Priority: 100
2026-08-11 20:13:05,854 : INFO : EventManager : Event: ======'modes_active_modes_changed'====== Args={}
2026-08-11 20:13:05,854 : INFO : EventManager : Event: ======'mode_base_started'====== Args={'queue': <QueuedEvent>, 'player': 1, 'ball': 3, 'balls_remaining': 0, 'is_extra_ball': False}
2026-08-11 20:13:05,854 : INFO : EventManager : Event: ======'mode_glasses_mode_will_start'====== Args={'queue': <QueuedEvent>, 'player': 1, 'ball': 3, 'balls_remaining': 0, 'is_extra_ball': False}
2026-08-11 20:13:05,854 : INFO : EventManager : Event: ======'player_glasses_mode_glasses_position_confirm_tick'====== Args={'value': 0, 'prev_value': 1, 'change': -1, 'player_num': 1}
2026-08-11 20:13:05,860 : INFO : EventManager : Event: ======'mode_glasses_mode_starting'====== Args={'queue': <QueuedEvent>, 'player': 1, 'ball': 3, 'balls_remaining': 0, 'is_extra_ball': False}
2026-08-11 20:13:05,860 : INFO : EventManager : Event: ======'mode_super_pops_will_start'====== Args={'queue': <QueuedEvent>, 'player': 1, 'ball': 3, 'balls_remaining': 0, 'is_extra_ball': False}
2026-08-11 20:13:05,861 : INFO : EventManager : Event: ======'player_super_pops_super_pops_mult_timer_tick'====== Args={'value': 0, 'prev_value': 5, 'change': -5, 'player_num': 1}
2026-08-11 20:13:05,862 : INFO : EventManager : Unordered handler for class <Auditor> on event game_ended with priority 1. Handlers: [RegisteredHandler(callback=<bound method Auditor.disable of <Auditor>>, priority=1, kwargs={}, key=UUID('8cc8cde7-24f0-4684-a154-56b532031ec2'), condition=None, blocking_facility=None), RegisteredHandler(callback=<bound method Auditor._save_audits of <Auditor>>, priority=1, kwargs={}, key=UUID('714169e2-6a45-40f1-b493-cc5dad140c01'), condition=None, blocking_facility=None)]. The order of those handlers is not defined and they will be executed in random order. This might lead to race conditions and potential bugs.
2026-08-11 20:13:05,864 : INFO : EventManager : Event: ======'mode_super_pops_starting'====== Args={'queue': <QueuedEvent>, 'player': 1, 'ball': 3, 'balls_remaining': 0, 'is_extra_ball': False}
2026-08-11 20:13:05,865 : INFO : EventManager : Event: ======'mode_spinner_2x_qualify_will_start'====== Args={'queue': <QueuedEvent>, 'player': 1, 'ball': 3, 'balls_remaining': 0, 'is_extra_ball': False}
2026-08-11 20:13:05,866 : INFO : EventManager : Event: ======'mode_spinner_2x_qualify_starting'====== Args={'queue': <QueuedEvent>, 'player': 1, 'ball': 3, 'balls_remaining': 0, 'is_extra_ball': False}
2026-08-11 20:13:05,866 : INFO : EventManager : Event: ======'mode_shotgun_will_start'====== Args={'queue': <QueuedEvent>, 'player': 1, 'ball': 3, 'balls_remaining': 0, 'is_extra_ball': False}
2026-08-11 20:13:05,866 : INFO : EventManager : Unordered handler for class <timer.top_lane_a_countdown_timer> on event shotgun_stop_all with priority 1. Handlers: [RegisteredHandler(callback=<bound method Timer.stop of <timer.top_lane_a_countdown_timer>>, priority=1, kwargs={}, key=UUID('3f80f040-4bfb-44c2-a60a-ad5d8a2a5d7e'), condition=None, blocking_facility=None), RegisteredHandler(callback=<bound method Timer.reset of <timer.top_lane_a_countdown_timer>>, priority=1, kwargs={}, key=UUID('9887c81b-ffe0-4f0f-b9a6-49fc0c697221'), condition=None, blocking_facility=None)]. The order of those handlers is not defined and they will be executed in random order. This might lead to race conditions and potential bugs.
2026-08-11 20:13:05,867 : INFO : EventManager : Unordered handler for class <timer.top_lane_a_countdown_timer> on event shotgun_stop_all with priority 1. Handlers: [RegisteredHandler(callback=<bound method Timer.stop of <timer.top_lane_a_countdown_timer>>, priority=1, kwargs={}, key=UUID('3f80f040-4bfb-44c2-a60a-ad5d8a2a5d7e'), condition=None, blocking_facility=None), RegisteredHandler(callback=<bound method Timer.reset of <timer.top_lane_a_countdown_timer>>, priority=1, kwargs={}, key=UUID('9887c81b-ffe0-4f0f-b9a6-49fc0c697221'), condition=None, blocking_facility=None)]. The order of those handlers is not defined and they will be executed in random order. This might lead to race conditions and potential bugs.
2026-08-11 20:13:05,867 : INFO : EventManager : Unordered handler for class <timer.top_lane_a_countdown_timer> on event shotgun_stop_all with priority 1. Handlers: [RegisteredHandler(callback=<bound method Timer.stop of <timer.top_lane_a_countdown_timer>>, priority=1, kwargs={}, key=UUID('3f80f040-4bfb-44c2-a60a-ad5d8a2a5d7e'), condition=None, blocking_facility=None), RegisteredHandler(callback=<bound method Timer.reset of <timer.top_lane_a_countdown_timer>>, priority=1, kwargs={}, key=UUID('9887c81b-ffe0-4f0f-b9a6-49fc0c697221'), condition=None, blocking_facility=None)]. The order of those handlers is not defined and they will be executed in random order. This might lead to race conditions and potential bugs.
2026-08-11 20:13:05,867 : INFO : EventManager : Unordered handler for class <timer.top_lane_b_countdown_timer> on event shotgun_stop_all with priority 1. Handlers: [RegisteredHandler(callback=<bound method Timer.stop of <timer.top_lane_b_countdown_timer>>, priority=1, kwargs={}, key=UUID('6a72357f-b5c8-4c3a-8d1d-e96b76dd62f0'), condition=None, blocking_facility=None), RegisteredHandler(callback=<bound method Timer.reset of <timer.top_lane_b_countdown_timer>>, priority=1, kwargs={}, key=UUID('0e6dde07-eb80-45ac-8926-cdecbebb9c4c'), condition=None, blocking_facility=None)]. The order of those handlers is not defined and they will be executed in random order. This might lead to race conditions and potential bugs.
2026-08-11 20:13:05,867 : INFO : EventManager : Unordered handler for class <timer.top_lane_a_countdown_timer> on event shotgun_stop_all with priority 1. Handlers: [RegisteredHandler(callback=<bound method Timer.stop of <timer.top_lane_a_countdown_timer>>, priority=1, kwargs={}, key=UUID('3f80f040-4bfb-44c2-a60a-ad5d8a2a5d7e'), condition=None, blocking_facility=None), RegisteredHandler(callback=<bound method Timer.reset of <timer.top_lane_a_countdown_timer>>, priority=1, kwargs={}, key=UUID('9887c81b-ffe0-4f0f-b9a6-49fc0c697221'), condition=None, blocking_facility=None)]. The order of those handlers is not defined and they will be executed in random order. This might lead to race conditions and potential bugs.
2026-08-11 20:13:05,867 : INFO : EventManager : Unordered handler for class <timer.top_lane_b_countdown_timer> on event shotgun_stop_all with priority 1. Handlers: [RegisteredHandler(callback=<bound method Timer.stop of <timer.top_lane_b_countdown_timer>>, priority=1, kwargs={}, key=UUID('6a72357f-b5c8-4c3a-8d1d-e96b76dd62f0'), condition=None, blocking_facility=None), RegisteredHandler(callback=<bound method Timer.reset of <timer.top_lane_b_countdown_timer>>, priority=1, kwargs={}, key=UUID('0e6dde07-eb80-45ac-8926-cdecbebb9c4c'), condition=None, blocking_facility=None)]. The order of those handlers is not defined and they will be executed in random order. This might lead to race conditions and potential bugs.
2026-08-11 20:13:05,867 : INFO : EventManager : Unordered handler for class <timer.top_lane_a_countdown_timer> on event shotgun_stop_all with priority 1. Handlers: [RegisteredHandler(callback=<bound method Timer.stop of <timer.top_lane_a_countdown_timer>>, priority=1, kwargs={}, key=UUID('3f80f040-4bfb-44c2-a60a-ad5d8a2a5d7e'), condition=None, blocking_facility=None), RegisteredHandler(callback=<bound method Timer.reset of <timer.top_lane_a_countdown_timer>>, priority=1, kwargs={}, key=UUID('9887c81b-ffe0-4f0f-b9a6-49fc0c697221'), condition=None, blocking_facility=None)]. The order of those handlers is not defined and they will be executed in random order. This might lead to race conditions and potential bugs.
2026-08-11 20:13:05,867 : INFO : EventManager : Unordered handler for class <timer.top_lane_b_countdown_timer> on event shotgun_stop_all with priority 1. Handlers: [RegisteredHandler(callback=<bound method Timer.stop of <timer.top_lane_b_countdown_timer>>, priority=1, kwargs={}, key=UUID('6a72357f-b5c8-4c3a-8d1d-e96b76dd62f0'), condition=None, blocking_facility=None), RegisteredHandler(callback=<bound method Timer.reset of <timer.top_lane_b_countdown_timer>>, priority=1, kwargs={}, key=UUID('0e6dde07-eb80-45ac-8926-cdecbebb9c4c'), condition=None, blocking_facility=None)]. The order of those handlers is not defined and they will be executed in random order. This might lead to race conditions and potential bugs.
2026-08-11 20:13:05,868 : INFO : EventManager : Unordered handler for class <timer.top_lane_a_countdown_timer> on event shotgun_stop_all with priority 1. Handlers: [RegisteredHandler(callback=<bound method Timer.stop of <timer.top_lane_a_countdown_timer>>, priority=1, kwargs={}, key=UUID('3f80f040-4bfb-44c2-a60a-ad5d8a2a5d7e'), condition=None, blocking_facility=None), RegisteredHandler(callback=<bound method Timer.reset of <timer.top_lane_a_countdown_timer>>, priority=1, kwargs={}, key=UUID('9887c81b-ffe0-4f0f-b9a6-49fc0c697221'), condition=None, blocking_facility=None)]. The order of those handlers is not defined and they will be executed in random order. This might lead to race conditions and potential bugs.
2026-08-11 20:13:05,868 : INFO : EventManager : Unordered handler for class <timer.top_lane_b_countdown_timer> on event shotgun_stop_all with priority 1. Handlers: [RegisteredHandler(callback=<bound method Timer.stop of <timer.top_lane_b_countdown_timer>>, priority=1, kwargs={}, key=UUID('6a72357f-b5c8-4c3a-8d1d-e96b76dd62f0'), condition=None, blocking_facility=None), RegisteredHandler(callback=<bound method Timer.reset of <timer.top_lane_b_countdown_timer>>, priority=1, kwargs={}, key=UUID('0e6dde07-eb80-45ac-8926-cdecbebb9c4c'), condition=None, blocking_facility=None)]. The order of those handlers is not defined and they will be executed in random order. This might lead to race conditions and potential bugs.
2026-08-11 20:13:05,868 : INFO : EventManager : Unordered handler for class <timer.top_lane_a_countdown_timer> on event shotgun_stop_all with priority 1. Handlers: [RegisteredHandler(callback=<bound method Timer.stop of <timer.top_lane_a_countdown_timer>>, priority=1, kwargs={}, key=UUID('3f80f040-4bfb-44c2-a60a-ad5d8a2a5d7e'), condition=None, blocking_facility=None), RegisteredHandler(callback=<bound method Timer.reset of <timer.top_lane_a_countdown_timer>>, priority=1, kwargs={}, key=UUID('9887c81b-ffe0-4f0f-b9a6-49fc0c697221'), condition=None, blocking_facility=None)]. The order of those handlers is not defined and they will be executed in random order. This might lead to race conditions and potential bugs.
2026-08-11 20:13:05,868 : INFO : EventManager : Unordered handler for class <timer.top_lane_b_countdown_timer> on event shotgun_stop_all with priority 1. Handlers: [RegisteredHandler(callback=<bound method Timer.stop of <timer.top_lane_b_countdown_timer>>, priority=1, kwargs={}, key=UUID('6a72357f-b5c8-4c3a-8d1d-e96b76dd62f0'), condition=None, blocking_facility=None), RegisteredHandler(callback=<bound method Timer.reset of <timer.top_lane_b_countdown_timer>>, priority=1, kwargs={}, key=UUID('0e6dde07-eb80-45ac-8926-cdecbebb9c4c'), condition=None, blocking_facility=None)]. The order of those handlers is not defined and they will be executed in random order. This might lead to race conditions and potential bugs.
2026-08-11 20:13:05,873 : INFO : EventManager : Unordered handler for class <timer.top_lane_a_countdown_timer> on event shotgun_stop_all with priority 1. Handlers: [RegisteredHandler(callback=<bound method Timer.stop of <timer.top_lane_a_countdown_timer>>, priority=1, kwargs={}, key=UUID('3f80f040-4bfb-44c2-a60a-ad5d8a2a5d7e'), condition=None, blocking_facility=None), RegisteredHandler(callback=<bound method Timer.reset of <timer.top_lane_a_countdown_timer>>, priority=1, kwargs={}, key=UUID('9887c81b-ffe0-4f0f-b9a6-49fc0c697221'), condition=None, blocking_facility=None)]. The order of those handlers is not defined and they will be executed in random order. This might lead to race conditions and potential bugs.
2026-08-11 20:13:05,873 : INFO : EventManager : Unordered handler for class <timer.top_lane_b_countdown_timer> on event shotgun_stop_all with priority 1. Handlers: [RegisteredHandler(callback=<bound method Timer.stop of <timer.top_lane_b_countdown_timer>>, priority=1, kwargs={}, key=UUID('6a72357f-b5c8-4c3a-8d1d-e96b76dd62f0'), condition=None, blocking_facility=None), RegisteredHandler(callback=<bound method Timer.reset of <timer.top_lane_b_countdown_timer>>, priority=1, kwargs={}, key=UUID('0e6dde07-eb80-45ac-8926-cdecbebb9c4c'), condition=None, blocking_facility=None)]. The order of those handlers is not defined and they will be executed in random order. This might lead to race conditions and potential bugs.
2026-08-11 20:13:05,875 : INFO : EventManager : Unordered handler for class <timer.top_lane_a_countdown_timer> on event shotgun_stop_all with priority 1. Handlers: [RegisteredHandler(callback=<bound method Timer.stop of <timer.top_lane_a_countdown_timer>>, priority=1, kwargs={}, key=UUID('3f80f040-4bfb-44c2-a60a-ad5d8a2a5d7e'), condition=None, blocking_facility=None), RegisteredHandler(callback=<bound method Timer.reset of <timer.top_lane_a_countdown_timer>>, priority=1, kwargs={}, key=UUID('9887c81b-ffe0-4f0f-b9a6-49fc0c697221'), condition=None, blocking_facility=None)]. The order of those handlers is not defined and they will be executed in random order. This might lead to race conditions and potential bugs.
2026-08-11 20:13:05,875 : INFO : EventManager : Unordered handler for class <timer.top_lane_b_countdown_timer> on event shotgun_stop_all with priority 1. Handlers: [RegisteredHandler(callback=<bound method Timer.stop of <timer.top_lane_b_countdown_timer>>, priority=1, kwargs={}, key=UUID('6a72357f-b5c8-4c3a-8d1d-e96b76dd62f0'), condition=None, blocking_facility=None), RegisteredHandler(callback=<bound method Timer.reset of <timer.top_lane_b_countdown_timer>>, priority=1, kwargs={}, key=UUID('0e6dde07-eb80-45ac-8926-cdecbebb9c4c'), condition=None, blocking_facility=None)]. The order of those handlers is not defined and they will be executed in random order. This might lead to race conditions and potential bugs.
2026-08-11 20:13:05,877 : INFO : EventManager : Event: ======'mode_shotgun_starting'====== Args={'queue': <QueuedEvent>, 'player': 1, 'ball': 3, 'balls_remaining': 0, 'is_extra_ball': False}
2026-08-11 20:13:05,878 : INFO : EventManager : Event: ======'varitarget_yaml_loaded'====== Args={'priority': 0}
2026-08-11 20:13:05,878 : INFO : EventManager : Event: ======'player_varitarget_reset_attempts'====== Args={'value': 0, 'prev_value': 4, 'change': -4, 'player_num': 1, 'source': 'base'}
2026-08-11 20:13:05,892 : INFO : Mode.shotgun : Started. Priority: 120
2026-08-11 20:13:05,892 : INFO : EventManager : Event: ======'modes_active_modes_changed'====== Args={}
2026-08-11 20:13:05,893 : INFO : EventManager : Event: ======'mode_shotgun_started'====== Args={'queue': <QueuedEvent>, 'player': 1, 'ball': 3, 'balls_remaining': 0, 'is_extra_ball': False}
2026-08-11 20:13:05,893 : INFO : EventManager : Event: ======'shotgun_all_lights_off'====== Args={'priority': 0}
2026-08-11 20:13:05,894 : INFO : Mode.spinner_2x_qualify : Started. Priority: 150
2026-08-11 20:13:05,894 : INFO : EventManager : Event: ======'modes_active_modes_changed'====== Args={}
2026-08-11 20:13:05,894 : INFO : EventManager : Event: ======'mode_spinner_2x_qualify_started'====== Args={'queue': <QueuedEvent>, 'player': 1, 'ball': 3, 'balls_remaining': 0, 'is_extra_ball': False}
2026-08-11 20:13:05,895 : INFO : EventManager : Event: ======'spinner_2x_stop'====== Args={'priority': 0}
2026-08-11 20:13:05,895 : INFO : Mode.glasses_mode : Started. Priority: 800
2026-08-11 20:13:05,895 : INFO : EventManager : Event: ======'modes_active_modes_changed'====== Args={}
2026-08-11 20:13:05,895 : INFO : EventManager : Event: ======'mode_glasses_mode_started'====== Args={'queue': <QueuedEvent>, 'player': 1, 'ball': 3, 'balls_remaining': 0, 'is_extra_ball': False}
2026-08-11 20:13:05,895 : INFO : EventManager : Event: ======'glasses_mode_loaded'====== Args={'priority': 0}
2026-08-11 20:13:05,895 : INFO : EventManager : Event: ======'glasses_stop_all_shows'====== Args={'priority': 0}
2026-08-11 20:13:05,896 : INFO : EventManager : Event: ======'glasses_init_vars'====== Args={'priority': 0}
2026-08-11 20:13:05,896 : INFO : Mode.awareness : Started. Priority: 105
2026-08-11 20:13:05,896 : INFO : EventManager : Event: ======'modes_active_modes_changed'====== Args={}
2026-08-11 20:13:05,896 : INFO : EventManager : Event: ======'mode_awareness_started'====== Args={'queue': <QueuedEvent>, 'player': 1, 'ball': 3, 'balls_remaining': 0, 'is_extra_ball': False}
2026-08-11 20:13:05,897 : INFO : EventManager : Event: ======'awareness_consume_ready_display'====== Args={'priority': 0}
2026-08-11 20:13:05,897 : INFO : Mode.skillshot : Started. Priority: 200
2026-08-11 20:13:05,897 : INFO : EventManager : Event: ======'modes_active_modes_changed'====== Args={}
2026-08-11 20:13:05,897 : INFO : EventManager : Event: ======'mode_skillshot_started'====== Args={'queue': <QueuedEvent>, 'player': 1, 'ball': 3, 'balls_remaining': 0, 'is_extra_ball': False}
2026-08-11 20:13:05,897 : INFO : EventManager : Event: ======'player_skillshot_left_plunger'====== Args={'value': 0, 'prev_value': 1, 'change': -1, 'player_num': 1, 'source': 'skillshot'}
2026-08-11 20:13:05,897 : INFO : EventManager : Event: ======'player_skillshot_first_switch_seen'====== Args={'value': 0, 'prev_value': 1, 'change': -1, 'player_num': 1, 'source': 'skillshot'}
2026-08-11 20:13:05,898 : INFO : EventManager : Event: ======'player_skillshot_phase1_success'====== Args={'value': 0, 'prev_value': 1, 'change': -1, 'player_num': 1, 'source': 'skillshot'}
2026-08-11 20:13:05,898 : INFO : EventManager : Event: ======'player_skillshot_award'====== Args={'value': 500000, 'prev_value': 400000, 'change': 100000, 'player_num': 1, 'source': 'skillshot'}
2026-08-11 20:13:05,918 : INFO : EventManager : Event: ======'balls_in_play'====== Args={'balls': 1}
2026-08-11 20:13:05,918 : INFO : EventManager : Event: ======'ball_started'====== Args={'player': 1, 'ball': 3, 'balls_remaining': 0, 'is_extra_ball': False}
2026-08-11 20:13:05,920 : INFO : EventManager : Event: ======'mode_resistance_will_start'====== Args={'player': 1, 'ball': 3, 'balls_remaining': 0, 'is_extra_ball': False}
2026-08-11 20:13:05,925 : INFO : EventManager : Event: ======'mode_resistance_starting'====== Args={'player': 1, 'ball': 3, 'balls_remaining': 0, 'is_extra_ball': False}
2026-08-11 20:13:05,925 : INFO : EventManager : Event: ======'mode_stars_mode_will_start'====== Args={'player': 1, 'ball': 3, 'balls_remaining': 0, 'is_extra_ball': False}
2026-08-11 20:13:05,929 : INFO : EventManager : Event: ======'mode_stars_mode_starting'====== Args={'player': 1, 'ball': 3, 'balls_remaining': 0, 'is_extra_ball': False}
2026-08-11 20:13:05,930 : INFO : EventManager : Event: ======'mode_autoplunge_will_start'====== Args={'player': 1, 'ball': 3, 'balls_remaining': 0, 'is_extra_ball': False}
2026-08-11 20:13:05,930 : INFO : EventManager : Event: ======'player_autoplunge_t_auto_plunge_tick'====== Args={'value': 10, 'prev_value': 9, 'change': 1, 'player_num': 1}
2026-08-11 20:13:05,931 : INFO : EventManager : Event: ======'mode_autoplunge_starting'====== Args={'player': 1, 'ball': 3, 'balls_remaining': 0, 'is_extra_ball': False}
2026-08-11 20:13:05,931 : INFO : EventManager : Event: ======'mode_brian_combo_will_start'====== Args={'player': 1, 'ball': 3, 'balls_remaining': 0, 'is_extra_ball': False}
2026-08-11 20:13:05,932 : INFO : EventManager : Event: ======'mode_brian_combo_starting'====== Args={'player': 1, 'ball': 3, 'balls_remaining': 0, 'is_extra_ball': False}
2026-08-11 20:13:05,933 : INFO : EventManager : Event: ======'knights_of_cydonia_started'====== Args={'priority': 0}
2026-08-11 20:13:05,933 : INFO : EventManager : Event: ======'varitarget_reset_request'====== Args={'priority': 0}
2026-08-11 20:13:05,933 : INFO : EventManager : Event: ======'player_launch_ball_save_used'====== Args={'value': 0, 'prev_value': 1, 'change': -1, 'player_num': 1, 'source': 'base'}
2026-08-11 20:13:05,941 : INFO : EventManager : Event: ======'varitarget_reset_begin'====== Args={'priority': 0}
2026-08-11 20:13:05,941 : INFO : EventManager : Event: ======'varitarget_reset_attempts_clear'====== Args={'priority': 0}
2026-08-11 20:13:05,941 : INFO : EventManager : Event: ======'varitarget_reset_step'====== Args={'priority': 0}
2026-08-11 20:13:05,941 : INFO : EventManager : Event: ======'varitarget_reset_start'====== Args={'priority': 0}
2026-08-11 20:13:05,942 : INFO : coil.c_16_varitarget_reset : Pulsing Driver for 5ms (1.0 pulse_power)
2026-08-11 20:13:05,942 : INFO : EventManager : Event: ======'player_varitarget_reset_attempts'====== Args={'value': 1, 'prev_value': 0, 'change': 1, 'player_num': 1, 'source': 'base'}
2026-08-11 20:13:05,948 : INFO : Timer.varitarget_reset_timer : Starting Timer.
2026-08-11 20:13:05,948 : INFO : EventManager : Event: ======'timer_varitarget_reset_timer_started'====== Args={'ticks': 0, 'ticks_remaining': 999999}
2026-08-11 20:13:05,948 : INFO : EventManager : Event: ======'timer_varitarget_reset_timer_tick'====== Args={'ticks': 0, 'ticks_remaining': 999999}
2026-08-11 20:13:05,948 : INFO : EventManager : Event: ======'varitarget_reset_step'====== Args={'priority': 0}
2026-08-11 20:13:05,948 : INFO : coil.c_16_varitarget_reset : Pulsing Driver for 5ms (1.0 pulse_power)
2026-08-11 20:13:05,949 : INFO : EventManager : Event: ======'player_varitarget_reset_attempts'====== Args={'value': 2, 'prev_value': 1, 'change': 1, 'player_num': 1, 'source': 'base'}
2026-08-11 20:13:05,959 : INFO : Mode.brian_combo : Started. Priority: 120
2026-08-11 20:13:05,959 : INFO : EventManager : Event: ======'modes_active_modes_changed'====== Args={}
2026-08-11 20:13:05,959 : INFO : EventManager : Event: ======'mode_brian_combo_started'====== Args={'player': 1, 'ball': 3, 'balls_remaining': 0, 'is_extra_ball': False}
2026-08-11 20:13:05,960 : INFO : Mode.autoplunge : Started. Priority: 200
2026-08-11 20:13:05,960 : INFO : EventManager : Event: ======'modes_active_modes_changed'====== Args={}
2026-08-11 20:13:05,960 : INFO : EventManager : Event: ======'mode_autoplunge_started'====== Args={'player': 1, 'ball': 3, 'balls_remaining': 0, 'is_extra_ball': False}
2026-08-11 20:13:05,961 : INFO : Mode.stars_mode : Started. Priority: 220
2026-08-11 20:13:05,961 : INFO : EventManager : Event: ======'modes_active_modes_changed'====== Args={}
2026-08-11 20:13:05,961 : INFO : EventManager : Event: ======'mode_stars_mode_started'====== Args={'player': 1, 'ball': 3, 'balls_remaining': 0, 'is_extra_ball': False}
2026-08-11 20:13:05,961 : INFO : Mode.resistance : Started. Priority: 500
2026-08-11 20:13:05,961 : INFO : EventManager : Event: ======'modes_active_modes_changed'====== Args={}
2026-08-11 20:13:05,961 : INFO : EventManager : Event: ======'mode_resistance_started'====== Args={'player': 1, 'ball': 3, 'balls_remaining': 0, 'is_extra_ball': False}
2026-08-11 20:13:05,962 : INFO : EventManager : Event: ======'resistance_waiting_for_qualification'====== Args={'priority': 0}
2026-08-11 20:13:05,962 : INFO : EventManager : Event: ======'logicblock_super_pops_phase1_counter_updated'====== Args={'value': 0, 'enabled': False}
2026-08-11 20:13:05,962 : INFO : EventManager : Event: ======'logicblock_super_pops_phase2_counter_updated'====== Args={'value': 0, 'enabled': False}
2026-08-11 20:13:05,962 : INFO : EventManager : Event: ======'logicblock_super_pops_phase3_counter_updated'====== Args={'value': 0, 'enabled': False}
2026-08-11 20:13:05,962 : INFO : EventManager : Event: ======'logicblock_super_pops_mega_counter_updated'====== Args={'value': 0, 'enabled': False}
2026-08-11 20:13:05,963 : INFO : Mode.super_pops : Started. Priority: 210
2026-08-11 20:13:05,963 : INFO : EventManager : Event: ======'modes_active_modes_changed'====== Args={}
2026-08-11 20:13:05,963 : INFO : EventManager : Event: ======'mode_super_pops_started'====== Args={'queue': <QueuedEvent>, 'player': 1, 'ball': 3, 'balls_remaining': 0, 'is_extra_ball': False}
2026-08-11 20:13:05,963 : INFO : EventManager : Event: ======'logicblock_super_pops_phase1_counter_updated'====== Args={'value': 0, 'enabled': True}
2026-08-11 20:13:05,963 : INFO : EventManager : Event: ======'logicblock_super_pops_phase1_counter_updated'====== Args={'value': 0, 'enabled': True}
2026-08-11 20:13:05,963 : INFO : EventManager : Event: ======'player_score'====== Args={'value': 3941806, 'prev_value': 2941806, 'change': 1000000, 'player_num': 1, 'source': 'super_pops'}
2026-08-11 20:13:05,963 : INFO : EventManager : Event: ======'player_super_pops_multiplier'====== Args={'value': 1, 'prev_value': 2, 'change': -1, 'player_num': 1, 'source': 'super_pops'}
2026-08-11 20:13:05,974 : INFO : EventManager : Event: ======'single_player_ball_started'====== Args={}
2026-08-11 20:13:05,988 : INFO : EventManager : Event: ======'ball_start_target'====== Args={'target': 'playfield'}
2026-08-11 20:13:05,993 : INFO : EventManager : Event: ======'slide_base_slide_created'====== Args={'_from_bcp': True}
2026-08-11 20:13:05,994 : INFO : EventManager : Event: ======'slide_base_slide_inactive'====== Args={'is_removing': True, '_from_bcp': True}
2026-08-11 20:13:05,994 : INFO : EventManager : Event: ======'slide_base_slide_active'====== Args={'original_context': 'base', 'original_calling_context': 'mode_base_started', 'priority': 100.0, 'queue': '<QueuedEvent>', 'player': 1.0, 'ball': 3.0, 'balls_remaining': 0.0, 'is_extra_ball': False, 'cmd': 'slides_play', '_from_bcp': True}
2026-08-11 20:13:05,996 : INFO : ball_device.bd_plunger : Setting up player-controlled eject. Balls: 1, Target: <playfield.playfield>, player_controlled_eject_event: None
2026-08-11 20:13:05,996 : INFO : EventManager : Event: ======'balldevice_balls_available'====== Args={}
2026-08-11 20:13:06,001 : INFO : EventManager : Event: ======'slide_base_slide_removed'====== Args={'_from_bcp': True}
2026-08-11 20:13:06,001 : INFO : EventManager : Event: ======'widget_objective_widget_active'====== Args={'original_context': 'awareness', 'original_calling_context': 'awareness_consume_ready_display', 'priority': 105.0, 'cmd': 'widgets_play', '_from_bcp': True}
2026-08-11 20:13:06,001 : INFO : SwitchController : <<<<<<< 's_73_fourbank_drop_1' inactive (muted) >>>>>>>
2026-08-11 20:13:06,009 : INFO : ball_device.bd_trough : State: waiting_for_target_ready
2026-08-11 20:13:06,010 : INFO : EventManager : Event: ======'balldevice_bd_trough_ball_eject_attempt'====== Args={'balls': 1, 'target': <ball_device.bd_plunger>, 'source': <ball_device.bd_trough>, 'mechanical_eject': True, 'num_attempts': 0}
2026-08-11 20:13:06,010 : INFO : ball_device.bd_plunger : State: waiting_for_ball
2026-08-11 20:13:06,012 : INFO : ball_device.bd_trough : State: ejecting
2026-08-11 20:13:06,012 : INFO : ball_device.bd_trough : Ejecting ball to <ball_device.bd_plunger>
2026-08-11 20:13:06,012 : INFO : EventManager : Event: ======'balldevice_bd_trough_ejecting_ball'====== Args={'balls': 1, 'target': <ball_device.bd_plunger>, 'source': <ball_device.bd_trough>, 'mechanical_eject': True, 'num_attempts': 0}
2026-08-11 20:13:06,015 : INFO : ball_device.bd_trough : Wait for ball to leave device
2026-08-11 20:13:06,015 : INFO : coil.c_02_trough_eject : Pulsing Driver for 16ms (1.0 pulse_power)
2026-08-11 20:13:06,047 : INFO : SwitchController : <<<<<<< 's_24_trough_1' inactive >>>>>>>
2026-08-11 20:13:06,047 : INFO : SwitchController : <<<<<<< 's_30_trough_jam' active >>>>>>>
2026-08-11 20:13:06,048 : INFO : EventManager : Event: ======'machine_var_audits_switches_s_30_trough_jam'====== Args={'value': 2265, 'prev_value': 2264, 'change': 1}
2026-08-11 20:13:06,059 : INFO : ball_device.bd_trough : State: ball_left
2026-08-11 20:13:06,060 : INFO : ball_device.bd_trough : Ball left
2026-08-11 20:13:06,060 : INFO : ball_device.bd_trough : Wait for confirm with timeout 10.0
2026-08-11 20:13:06,063 : INFO : SwitchController : <<<<<<< 's_30_trough_jam' inactive >>>>>>>
2026-08-11 20:13:06,143 : INFO : EventManager : Event: ======'player_base_varitarget_reset_timer_tick'====== Args={'value': 1, 'prev_value': 0, 'change': 1, 'player_num': 1}
2026-08-11 20:13:06,144 : INFO : EventManager : Event: ======'timer_varitarget_reset_timer_tick'====== Args={'ticks': 1, 'ticks_remaining': 999998}
2026-08-11 20:13:06,150 : INFO : EventManager : Event: ======'varitarget_reset_step'====== Args={'priority': 0}
2026-08-11 20:13:06,150 : INFO : coil.c_16_varitarget_reset : Pulsing Driver for 5ms (1.0 pulse_power)
2026-08-11 20:13:06,150 : INFO : EventManager : Event: ======'player_varitarget_reset_attempts'====== Args={'value': 3, 'prev_value': 2, 'change': 1, 'player_num': 1, 'source': 'base'}
2026-08-11 20:13:06,275 : INFO : SwitchController : <<<<<<< 's_31_plunger_lane' active >>>>>>>
2026-08-11 20:13:06,275 : INFO : EventManager : Event: ======'s_31_plunger_lane_active'====== Args={}
2026-08-11 20:13:06,275 : INFO : EventManager : Event: ======'machine_var_audits_switches_s_31_plunger_lane'====== Args={'value': 2099, 'prev_value': 2098, 'change': 1}
2026-08-11 20:13:06,276 : INFO : Timer.t_auto_plunge : Starting Timer.
2026-08-11 20:13:06,276 : INFO : EventManager : Event: ======'timer_t_auto_plunge_started'====== Args={'ticks': 10, 'ticks_remaining': 10}
2026-08-11 20:13:06,276 : INFO : EventManager : Event: ======'timer_t_auto_plunge_tick'====== Args={'ticks': 10, 'ticks_remaining': 10}
2026-08-11 20:13:06,334 : INFO : EventManager : Event: ======'player_base_varitarget_reset_timer_tick'====== Args={'value': 2, 'prev_value': 1, 'change': 1, 'player_num': 1}
2026-08-11 20:13:06,334 : INFO : EventManager : Event: ======'timer_varitarget_reset_timer_tick'====== Args={'ticks': 2, 'ticks_remaining': 999997}
2026-08-11 20:13:06,335 : INFO : SwitchController : <<<<<<< 's_26_trough_3' inactive >>>>>>>
2026-08-11 20:13:06,335 : INFO : SwitchController : <<<<<<< 's_25_trough_2' inactive >>>>>>>
2026-08-11 20:13:06,341 : INFO : EventManager : Event: ======'varitarget_reset_step'====== Args={'priority': 0}
2026-08-11 20:13:06,341 : INFO : coil.c_16_varitarget_reset : Pulsing Driver for 5ms (1.0 pulse_power)
2026-08-11 20:13:06,341 : INFO : EventManager : Event: ======'player_varitarget_reset_attempts'====== Args={'value': 4, 'prev_value': 3, 'change': 1, 'player_num': 1, 'source': 'base'}
2026-08-11 20:13:06,353 : INFO : EventManager : Event: ======'drop_target_dt_1_up'====== Args={'device': <drop_target.dt_1>}
2026-08-11 20:13:06,360 : INFO : SwitchController : <<<<<<< 's_24_trough_1' active >>>>>>>
2026-08-11 20:13:06,361 : INFO : EventManager : Event: ======'machine_var_audits_switches_s_24_trough_1'====== Args={'value': 2265, 'prev_value': 2264, 'change': 1}
2026-08-11 20:13:06,361 : INFO : SwitchController : <<<<<<< 's_25_trough_2' active >>>>>>>
2026-08-11 20:13:06,361 : INFO : EventManager : Event: ======'machine_var_audits_switches_s_25_trough_2'====== Args={'value': 2228, 'prev_value': 2227, 'change': 1}
2026-08-11 20:13:06,540 : INFO : EventManager : Event: ======'player_base_varitarget_reset_timer_tick'====== Args={'value': 3, 'prev_value': 2, 'change': 1, 'player_num': 1}
2026-08-11 20:13:06,540 : INFO : EventManager : Event: ======'timer_varitarget_reset_timer_tick'====== Args={'ticks': 3, 'ticks_remaining': 999996}
2026-08-11 20:13:06,547 : INFO : EventManager : Event: ======'varitarget_reset_step'====== Args={'priority': 0}
2026-08-11 20:13:06,547 : INFO : coil.c_16_varitarget_reset : Pulsing Driver for 5ms (1.0 pulse_power)
2026-08-11 20:13:06,547 : INFO : EventManager : Event: ======'player_varitarget_reset_attempts'====== Args={'value': 5, 'prev_value': 4, 'change': 1, 'player_num': 1, 'source': 'base'}
2026-08-11 20:13:06,747 : INFO : EventManager : Event: ======'player_base_varitarget_reset_timer_tick'====== Args={'value': 4, 'prev_value': 3, 'change': 1, 'player_num': 1}
2026-08-11 20:13:06,748 : INFO : EventManager : Event: ======'timer_varitarget_reset_timer_tick'====== Args={'ticks': 4, 'ticks_remaining': 999995}
2026-08-11 20:13:06,757 : INFO : EventManager : Event: ======'varitarget_reset_step'====== Args={'priority': 0}
2026-08-11 20:13:06,757 : INFO : coil.c_16_varitarget_reset : Pulsing Driver for 5ms (1.0 pulse_power)
2026-08-11 20:13:06,757 : INFO : EventManager : Event: ======'player_varitarget_reset_attempts'====== Args={'value': 6, 'prev_value': 5, 'change': 1, 'player_num': 1, 'source': 'base'}
2026-08-11 20:13:06,774 : INFO : ball_device.bd_plunger : Received ball from <ball_device.bd_trough>
2026-08-11 20:13:06,775 : INFO : EventManager : Event: ======'balldevice_bd_plunger_ball_enter'====== Args={'new_balls': 1, 'unclaimed_balls': 0, 'new_available_balls': 0, 'device': <ball_device.bd_plunger>}
2026-08-11 20:13:06,777 : INFO : EventManager : Event: ======'balldevice_bd_plunger_ball_entered'====== Args={'new_balls': 0, 'device': <ball_device.bd_plunger>}
2026-08-11 20:13:06,777 : INFO : EventManager : Event: ======'balldevice_bd_plunger_ball_count_changed'====== Args={'balls': 1}
2026-08-11 20:13:06,779 : INFO : ball_device.bd_trough : Got eject confirm
2026-08-11 20:13:06,779 : INFO : ball_device.bd_trough : Eject successful
2026-08-11 20:13:06,779 : INFO : EventManager : Event: ======'balldevice_bd_trough_ball_eject_success'====== Args={'balls': 1, 'target': <ball_device.bd_plunger>}
2026-08-11 20:13:06,780 : INFO : EventManager : Event: ======'balldevice_bd_trough_ball_count_changed'====== Args={'balls': 2}
2026-08-11 20:13:06,780 : INFO : ball_device.bd_trough : State: idle
2026-08-11 20:13:06,780 : INFO : ball_device.bd_plunger : State: waiting_for_target_ready
2026-08-11 20:13:06,781 : INFO : EventManager : Event: ======'balldevice_bd_plunger_ball_eject_attempt'====== Args={'balls': 1, 'target': <playfield.playfield>, 'source': <ball_device.bd_plunger>, 'mechanical_eject': True, 'num_attempts': 0}
2026-08-11 20:13:06,783 : INFO : ball_device.bd_plunger : State: ejecting
2026-08-11 20:13:06,783 : INFO : ball_device.bd_plunger : Ejecting ball to <playfield.playfield>
2026-08-11 20:13:06,783 : INFO : EventManager : Event: ======'balldevice_bd_plunger_ejecting_ball'====== Args={'balls': 1, 'target': <playfield.playfield>, 'source': <ball_device.bd_plunger>, 'mechanical_eject': True, 'num_attempts': 0}
2026-08-11 20:13:06,787 : INFO : ball_device.bd_plunger : Wait for ball to leave device
2026-08-11 20:13:06,943 : INFO : EventManager : Event: ======'player_base_varitarget_reset_timer_tick'====== Args={'value': 5, 'prev_value': 4, 'change': 1, 'player_num': 1}
2026-08-11 20:13:06,944 : INFO : EventManager : Event: ======'timer_varitarget_reset_timer_tick'====== Args={'ticks': 5, 'ticks_remaining': 999994}
2026-08-11 20:13:06,951 : INFO : EventManager : Event: ======'varitarget_reset_step'====== Args={'priority': 0}
2026-08-11 20:13:06,951 : INFO : coil.c_16_varitarget_reset : Pulsing Driver for 5ms (1.0 pulse_power)
2026-08-11 20:13:06,952 : INFO : EventManager : Event: ======'player_varitarget_reset_attempts'====== Args={'value': 7, 'prev_value': 6, 'change': 1, 'player_num': 1, 'source': 'base'}
2026-08-11 20:13:07,130 : INFO : EventManager : Event: ======'player_base_varitarget_reset_timer_tick'====== Args={'value': 6, 'prev_value': 5, 'change': 1, 'player_num': 1}
2026-08-11 20:13:07,130 : INFO : EventManager : Event: ======'timer_varitarget_reset_timer_tick'====== Args={'ticks': 6, 'ticks_remaining': 999993}
2026-08-11 20:13:07,136 : INFO : EventManager : Event: ======'varitarget_reset_step'====== Args={'priority': 0}
2026-08-11 20:13:07,137 : INFO : coil.c_16_varitarget_reset : Pulsing Driver for 5ms (1.0 pulse_power)
2026-08-11 20:13:07,137 : INFO : EventManager : Event: ======'player_varitarget_reset_attempts'====== Args={'value': 8, 'prev_value': 7, 'change': 1, 'player_num': 1, 'source': 'base'}
2026-08-11 20:13:07,273 : INFO : EventManager : Event: ======'player_autoplunge_t_auto_plunge_tick'====== Args={'value': 9, 'prev_value': 10, 'change': -1, 'player_num': 1}
2026-08-11 20:13:07,273 : INFO : EventManager : Event: ======'timer_t_auto_plunge_tick'====== Args={'ticks': 9, 'ticks_remaining': 9}
2026-08-11 20:13:07,337 : INFO : EventManager : Event: ======'player_base_varitarget_reset_timer_tick'====== Args={'value': 7, 'prev_value': 6, 'change': 1, 'player_num': 1}
2026-08-11 20:13:07,337 : INFO : EventManager : Event: ======'timer_varitarget_reset_timer_tick'====== Args={'ticks': 7, 'ticks_remaining': 999992}
2026-08-11 20:13:07,344 : INFO : EventManager : Event: ======'varitarget_reset_step'====== Args={'priority': 0}
2026-08-11 20:13:07,344 : INFO : coil.c_16_varitarget_reset : Pulsing Driver for 5ms (1.0 pulse_power)
2026-08-11 20:13:07,344 : INFO : EventManager : Event: ======'player_varitarget_reset_attempts'====== Args={'value': 9, 'prev_value': 8, 'change': 1, 'player_num': 1, 'source': 'base'}
2026-08-11 20:13:07,529 : INFO : SwitchController : <<<<<<< 's_31_plunger_lane' inactive >>>>>>>
2026-08-11 20:13:07,529 : INFO : EventManager : Event: ======'s_31_plunger_lane_inactive'====== Args={}
2026-08-11 20:13:07,533 : INFO : EventManager : Event: ======'skillshot_plunger_left'====== Args={'priority': 0}
2026-08-11 20:13:07,533 : INFO : Timer.t_auto_plunge : Stopping Timer
2026-08-11 20:13:07,533 : INFO : EventManager : Event: ======'timer_t_auto_plunge_stopped'====== Args={'ticks': 9, 'ticks_remaining': 9}
2026-08-11 20:13:07,533 : INFO : EventManager : Event: ======'ball_save_request'====== Args={'priority': 0}
2026-08-11 20:13:07,534 : INFO : EventManager : Event: ======'player_skillshot_left_plunger'====== Args={'value': 1, 'prev_value': 0, 'change': 1, 'player_num': 1, 'source': 'skillshot'}
2026-08-11 20:13:07,539 : INFO : EventManager : Event: ======'player_launch_ball_save_used'====== Args={'value': 1, 'prev_value': 0, 'change': 1, 'player_num': 1, 'source': 'base'}
2026-08-11 20:13:07,540 : INFO : EventManager : Event: ======'ball_save_bs_default_timer_start'====== Args={}
2026-08-11 20:13:07,540 : INFO : EventManager : Event: ======'ball_save_bs_default_enabled'====== Args={}
2026-08-11 20:13:07,552 : INFO : EventManager : Event: ======'player_base_varitarget_reset_timer_tick'====== Args={'value': 8, 'prev_value': 7, 'change': 1, 'player_num': 1}
2026-08-11 20:13:07,552 : INFO : EventManager : Event: ======'timer_varitarget_reset_timer_tick'====== Args={'ticks': 8, 'ticks_remaining': 999991}
2026-08-11 20:13:07,560 : INFO : EventManager : Event: ======'varitarget_reset_step'====== Args={'priority': 0}
2026-08-11 20:13:07,560 : INFO : coil.c_16_varitarget_reset : Pulsing Driver for 5ms (1.0 pulse_power)
2026-08-11 20:13:07,560 : INFO : EventManager : Event: ======'player_varitarget_reset_attempts'====== Args={'value': 10, 'prev_value': 9, 'change': 1, 'player_num': 1, 'source': 'base'}
2026-08-11 20:13:07,574 : INFO : ball_device.bd_plunger : State: ball_left
2026-08-11 20:13:07,574 : INFO : ball_device.bd_plunger : Ball left
2026-08-11 20:13:07,574 : INFO : ball_device.bd_plunger : Wait for confirm with timeout 4.0
2026-08-11 20:13:07,749 : INFO : EventManager : Event: ======'player_base_varitarget_reset_timer_tick'====== Args={'value': 9, 'prev_value': 8, 'change': 1, 'player_num': 1}
2026-08-11 20:13:07,749 : INFO : EventManager : Event: ======'timer_varitarget_reset_timer_tick'====== Args={'ticks': 9, 'ticks_remaining': 999990}
2026-08-11 20:13:07,756 : INFO : EventManager : Event: ======'varitarget_reset_step'====== Args={'priority': 0}
2026-08-11 20:13:07,756 : INFO : coil.c_16_varitarget_reset : Pulsing Driver for 5ms (1.0 pulse_power)
2026-08-11 20:13:07,756 : INFO : EventManager : Event: ======'player_varitarget_reset_attempts'====== Args={'value': 11, 'prev_value': 10, 'change': 1, 'player_num': 1, 'source': 'base'}
2026-08-11 20:13:07,955 : INFO : EventManager : Event: ======'player_base_varitarget_reset_timer_tick'====== Args={'value': 10, 'prev_value': 9, 'change': 1, 'player_num': 1}
2026-08-11 20:13:07,955 : INFO : EventManager : Event: ======'timer_varitarget_reset_timer_tick'====== Args={'ticks': 10, 'ticks_remaining': 999989}
2026-08-11 20:13:07,966 : INFO : EventManager : Event: ======'varitarget_reset_step'====== Args={'priority': 0}
2026-08-11 20:13:07,966 : INFO : coil.c_16_varitarget_reset : Pulsing Driver for 5ms (1.0 pulse_power)
2026-08-11 20:13:07,966 : INFO : EventManager : Event: ======'player_varitarget_reset_attempts'====== Args={'value': 12, 'prev_value': 11, 'change': 1, 'player_num': 1, 'source': 'base'}
2026-08-11 20:13:08,131 : INFO : EventManager : Event: ======'player_base_varitarget_reset_timer_tick'====== Args={'value': 11, 'prev_value': 10, 'change': 1, 'player_num': 1}
2026-08-11 20:13:08,132 : INFO : EventManager : Event: ======'timer_varitarget_reset_timer_tick'====== Args={'ticks': 11, 'ticks_remaining': 999988}
2026-08-11 20:13:08,138 : INFO : EventManager : Event: ======'varitarget_reset_step'====== Args={'priority': 0}
2026-08-11 20:13:08,138 : INFO : coil.c_16_varitarget_reset : Pulsing Driver for 5ms (1.0 pulse_power)
2026-08-11 20:13:08,138 : INFO : EventManager : Event: ======'player_varitarget_reset_attempts'====== Args={'value': 13, 'prev_value': 12, 'change': 1, 'player_num': 1, 'source': 'base'}
2026-08-11 20:13:08,181 : INFO : SwitchController : <<<<<<< 's_64_varitarget_position_1' active >>>>>>>
2026-08-11 20:13:08,181 : INFO : EventManager : Event: ======'playfield_active'====== Args={'source': 'varitarget_p1'}
2026-08-11 20:13:08,182 : INFO : EventManager : Event: ======'s_64_varitarget_position_1_active'====== Args={}
2026-08-11 20:13:08,182 : INFO : EventManager : Event: ======'sw_vari'====== Args={}
2026-08-11 20:13:08,182 : INFO : EventManager : Event: ======'machine_var_audits_switches_s_64_varitarget_position_1'====== Args={'value': 11148, 'prev_value': 11147, 'change': 1}
2026-08-11 20:13:08,183 : INFO : SwitchController : <<<<<<< 's_64_varitarget_position_1' inactive >>>>>>>
2026-08-11 20:13:08,187 : INFO : EventManager : Event: ======'glasses_pending_position_1'====== Args={'priority': 0}
2026-08-11 20:13:08,187 : INFO : EventManager : Event: ======'skillshot_phase1_success'====== Args={'priority': 0}
2026-08-11 20:13:08,187 : INFO : EventManager : Event: ======'skillshot_complete'====== Args={'priority': 0}
2026-08-11 20:13:08,187 : INFO : EventManager : Event: ======'machine_var_audits_shots_varitarget_p1'====== Args={'value': 11140, 'prev_value': 11139, 'change': 1}
2026-08-11 20:13:08,187 : INFO : EventManager : Event: ======'varitarget_p1_hit'====== Args={'profile': 'default', 'state': 'lit', 'advancing': False}
2026-08-11 20:13:08,188 : INFO : EventManager : Event: ======'varitarget_p1_default_hit'====== Args={'profile': 'default', 'state': 'lit', 'advancing': False}
2026-08-11 20:13:08,188 : INFO : EventManager : Event: ======'varitarget_p1_default_lit_hit'====== Args={'profile': 'default', 'state': 'lit', 'advancing': False}
2026-08-11 20:13:08,188 : INFO : EventManager : Event: ======'varitarget_p1_lit_hit'====== Args={'profile': 'default', 'state': 'lit', 'advancing': False}
2026-08-11 20:13:08,188 : INFO : EventManager : Event: ======'varitarget_position_changed'====== Args={'priority': 0}
2026-08-11 20:13:08,188 : INFO : EventManager : Event: ======'varitarget_reset_stop'====== Args={'priority': 0}
2026-08-11 20:13:08,188 : INFO : EventManager : Event: ======'varitarget_reset_complete'====== Args={'priority': 0}
2026-08-11 20:13:08,188 : INFO : EventManager : Event: ======'glasses_position_confirm_restart'====== Args={'priority': 0}
2026-08-11 20:13:08,188 : INFO : Timer.glasses_position_confirm : Starting Timer.
2026-08-11 20:13:08,189 : INFO : EventManager : Event: ======'timer_glasses_position_confirm_started'====== Args={'ticks': 0, 'ticks_remaining': 1}
2026-08-11 20:13:08,189 : INFO : EventManager : Event: ======'timer_glasses_position_confirm_tick'====== Args={'ticks': 0, 'ticks_remaining': 1}
2026-08-11 20:13:08,189 : INFO : EventManager : Event: ======'player_skillshot_first_switch_seen'====== Args={'value': 1, 'prev_value': 0, 'change': 1, 'player_num': 1, 'source': 'skillshot'}
2026-08-11 20:13:08,189 : INFO : EventManager : Event: ======'player_skillshot_phase1_success'====== Args={'value': 1, 'prev_value': 0, 'change': 1, 'player_num': 1, 'source': 'skillshot'}
2026-08-11 20:13:08,189 : INFO : EventManager : Event: ======'player_score'====== Args={'value': 4441806, 'prev_value': 3941806, 'change': 500000, 'player_num': 1, 'source': 'skillshot'}
2026-08-11 20:13:08,204 : INFO : EventManager : Event: ======'mode_skillshot_will_stop'====== Args={}
2026-08-11 20:13:08,205 : INFO : EventManager : Event: ======'mode_skillshot_stopping'====== Args={}
2026-08-11 20:13:08,205 : INFO : EventManager : Event: ======'varitarget_positions_hit'====== Args={'shot': 'varitarget_p1'}
2026-08-11 20:13:08,205 : INFO : EventManager : Event: ======'varitarget_positions_lit_hit'====== Args={'shot': 'varitarget_p1'}
2026-08-11 20:13:08,205 : INFO : EventManager : Event: ======'varitarget_update_stable'====== Args={'priority': 0}
2026-08-11 20:13:08,205 : INFO : Timer.varitarget_reset_timer : Stopping Timer
2026-08-11 20:13:08,205 : INFO : EventManager : Event: ======'timer_varitarget_reset_timer_stopped'====== Args={'ticks': 11, 'ticks_remaining': 999988}
2026-08-11 20:13:08,206 : INFO : EventManager : Event: ======'player_score'====== Args={'value': 4441848, 'prev_value': 4441806, 'change': 42, 'player_num': 1, 'source': 'base'}
2026-08-11 20:13:08,218 : INFO : Mode.skillshot : Stopped.
2026-08-11 20:13:08,218 : INFO : EventManager : Event: ======'modes_active_modes_changed'====== Args={}
2026-08-11 20:13:08,219 : INFO : EventManager : Event: ======'mode_skillshot_stopped'====== Args={}
2026-08-11 20:13:08,219 : INFO : EventManager : Event: ======'clear'====== Args={'key': 'skillshot'}
2026-08-11 20:13:08,233 : INFO : ball_device.bd_plunger : Got eject confirm
2026-08-11 20:13:08,234 : INFO : ball_device.bd_plunger : Eject successful
2026-08-11 20:13:08,234 : INFO : EventManager : Event: ======'balldevice_bd_plunger_ball_eject_success'====== Args={'balls': 1, 'target': <playfield.playfield>}
2026-08-11 20:13:08,235 : INFO : EventManager : Event: ======'balldevice_playfield_ball_enter'====== Args={'new_balls': 1, 'unclaimed_balls': 1, 'device': <playfield.playfield>}
2026-08-11 20:13:08,235 : INFO : EventManager : Event: ======'playfield_ball_count_change'====== Args={'balls': 1, 'change': 1}
2026-08-11 20:13:08,240 : INFO : EventManager : Event: ======'balldevice_bd_plunger_ball_count_changed'====== Args={'balls': 0}
2026-08-11 20:13:08,240 : INFO : ball_device.bd_plunger : State: idle
2026-08-11 20:13:08,358 : INFO : SwitchController : <<<<<<< 's_60_top_lane_c' active >>>>>>>
2026-08-11 20:13:08,359 : INFO : EventManager : Event: ======'s_60_top_lane_c_active'====== Args={}
2026-08-11 20:13:08,359 : INFO : EventManager : Event: ======'sw_playfield_active'====== Args={}
2026-08-11 20:13:08,359 : INFO : EventManager : Event: ======'sw_top_lanes'====== Args={}
2026-08-11 20:13:08,359 : INFO : EventManager : Event: ======'machine_var_audits_switches_s_60_top_lane_c'====== Args={'value': 826, 'prev_value': 825, 'change': 1}
2026-08-11 20:13:08,360 : INFO : EventManager : Event: ======'top_lane_c_turn_on'====== Args={'priority': 0}
2026-08-11 20:13:08,361 : INFO : EventManager : Event: ======'top_lanes_check'====== Args={'priority': 0}
2026-08-11 20:13:08,361 : INFO : EventManager : Event: ======'player_top_lane_c_lit'====== Args={'value': 1, 'prev_value': 0, 'change': 1, 'player_num': 1, 'source': 'spinner_2x_qualify'}
2026-08-11 20:13:08,361 : INFO : EventManager : Event: ======'spinner_2x_stop'====== Args={'priority': 0}
2026-08-11 20:13:08,367 : INFO : EventManager : Event: ======'player_score'====== Args={'value': 4446848, 'prev_value': 4441848, 'change': 5000, 'player_num': 1, 'source': 'base'}
2026-08-11 20:13:08,675 : INFO : SwitchController : <<<<<<< 's_60_top_lane_c' inactive >>>>>>>
2026-08-11 20:13:09,180 : INFO : EventManager : Event: ======'player_glasses_mode_glasses_position_confirm_tick'====== Args={'value': 1, 'prev_value': 0, 'change': 1, 'player_num': 1}
2026-08-11 20:13:09,181 : INFO : Timer.glasses_position_confirm : Timer Complete
2026-08-11 20:13:09,181 : INFO : Timer.glasses_position_confirm : Stopping Timer
2026-08-11 20:13:09,181 : INFO : EventManager : Event: ======'timer_glasses_position_confirm_stopped'====== Args={'ticks': 1, 'ticks_remaining': 1}
2026-08-11 20:13:09,181 : INFO : EventManager : Event: ======'timer_glasses_position_confirm_complete'====== Args={'ticks': 1, 'ticks_remaining': 1}
2026-08-11 20:13:09,192 : INFO : EventManager : Event: ======'varitarget_position_1_confirmed'====== Args={'priority': 0}
2026-08-11 20:13:09,192 : INFO : EventManager : Event: ======'glasses_enter_state_1'====== Args={'priority': 0}
2026-08-11 20:13:09,192 : INFO : EventManager : Event: ======'glasses_stop_all_shows'====== Args={'priority': 0}
2026-08-11 20:13:09,193 : INFO : EventManager : Event: ======'glasses_state_timer_stop'====== Args={'priority': 0}
2026-08-11 20:13:09,193 : INFO : EventManager : Event: ======'glasses_home_pulse_timer_stop'====== Args={'priority': 0}
2026-08-11 20:13:09,193 : INFO : EventManager : Event: ======'glasses_homing_cancel'====== Args={'priority': 0}
2026-08-11 20:13:09,193 : INFO : Timer.glasses_state_timer : Stopping Timer
2026-08-11 20:13:09,193 : INFO : EventManager : Event: ======'timer_glasses_state_timer_stopped'====== Args={'ticks': 0, 'ticks_remaining': 0}
2026-08-11 20:13:09,194 : INFO : Timer.glasses_home_pulse_timer : Stopping Timer
2026-08-11 20:13:09,194 : INFO : EventManager : Event: ======'timer_glasses_home_pulse_timer_stopped'====== Args={'ticks': 0, 'ticks_remaining': 0}
2026-08-11 20:13:11,630 : INFO : SwitchController : <<<<<<< 's_29_trough_6' active >>>>>>>
2026-08-11 20:13:11,630 : INFO : EventManager : Event: ======'machine_var_audits_switches_s_29_trough_6'====== Args={'value': 1406, 'prev_value': 1405, 'change': 1}
2026-08-11 20:13:11,651 : INFO : SwitchController : <<<<<<< 's_29_trough_6' inactive >>>>>>>
2026-08-11 20:13:11,725 : INFO : SwitchController : <<<<<<< 's_29_trough_6' active >>>>>>>
2026-08-11 20:13:11,725 : INFO : EventManager : Event: ======'machine_var_audits_switches_s_29_trough_6'====== Args={'value': 1407, 'prev_value': 1406, 'change': 1}
2026-08-11 20:13:11,740 : INFO : SwitchController : <<<<<<< 's_29_trough_6' inactive >>>>>>>
2026-08-11 20:13:11,804 : INFO : SwitchController : <<<<<<< 's_28_trough_5' active >>>>>>>
2026-08-11 20:13:11,804 : INFO : EventManager : Event: ======'machine_var_audits_switches_s_28_trough_5'====== Args={'value': 1297, 'prev_value': 1296, 'change': 1}
2026-08-11 20:13:11,980 : INFO : SwitchController : <<<<<<< 's_28_trough_5' inactive >>>>>>>
2026-08-11 20:13:11,989 : INFO : SwitchController : <<<<<<< 's_27_trough_4' active >>>>>>>
2026-08-11 20:13:11,989 : INFO : EventManager : Event: ======'machine_var_audits_switches_s_27_trough_4'====== Args={'value': 1507, 'prev_value': 1506, 'change': 1}
2026-08-11 20:13:12,123 : INFO : SwitchController : <<<<<<< 's_27_trough_4' inactive >>>>>>>
2026-08-11 20:13:12,133 : INFO : SwitchController : <<<<<<< 's_26_trough_3' active >>>>>>>
2026-08-11 20:13:12,133 : INFO : EventManager : Event: ======'machine_var_audits_switches_s_26_trough_3'====== Args={'value': 1928, 'prev_value': 1927, 'change': 1}
2026-08-11 20:13:12,633 : INFO : EventManager : Event: ======'balldevice_bd_trough_ball_count_changed'====== Args={'balls': 3}
2026-08-11 20:13:12,634 : INFO : ball_device.bd_trough : Received unexpected ball
2026-08-11 20:13:12,634 : INFO : EventManager : Event: ======'balldevice_captured_from_playfield'====== Args={'balls': 1}
2026-08-11 20:13:12,634 : INFO : EventManager : Event: ======'sw_playfield_active'====== Args={'balls': 1}
2026-08-11 20:13:12,634 : INFO : EventManager : Event: ======'playfield_ball_count_change'====== Args={'balls': 0, 'change': -1}
2026-08-11 20:13:12,636 : INFO : EventManager : Event: ======'balldevice_bd_trough_ball_enter'====== Args={'new_balls': 1, 'unclaimed_balls': 1, 'new_available_balls': 1, 'device': <ball_device.bd_trough>}
2026-08-11 20:13:12,636 : INFO : EventManager : Event: ======'ball_drain'====== Args={'device': <ball_device.bd_trough>, 'balls': 1}
2026-08-11 20:13:12,636 : INFO : EventManager : Event: ======'ball_save_bs_default_saving_ball'====== Args={'balls': 1, 'early_save': False}
2026-08-11 20:13:12,636 : INFO : ball_device.bd_plunger : Adding 1 ball(s) to the eject_queue with target <playfield.playfield>.
2026-08-11 20:13:12,637 : INFO : EventManager : Event: ======'balldevice_balls_available'====== Args={}
2026-08-11 20:13:12,637 : INFO : EventManager : Event: ======'ball_save_bs_default_disabled'====== Args={}
2026-08-11 20:13:12,639 : INFO : EventManager : Event: ======'balldevice_balls_available'====== Args={}
2026-08-11 20:13:12,639 : INFO : EventManager : Event: ======'balldevice_bd_trough_ball_entered'====== Args={'new_balls': 1, 'device': <ball_device.bd_trough>}
2026-08-11 20:13:12,642 : INFO : ball_device.bd_trough : State: waiting_for_target_ready
2026-08-11 20:13:12,642 : INFO : EventManager : Event: ======'balldevice_bd_trough_ball_eject_attempt'====== Args={'balls': 1, 'target': <ball_device.bd_plunger>, 'source': <ball_device.bd_trough>, 'mechanical_eject': False, 'num_attempts': 0}
2026-08-11 20:13:12,642 : INFO : ball_device.bd_plunger : State: waiting_for_ball
2026-08-11 20:13:12,644 : INFO : ball_device.bd_trough : State: ejecting
2026-08-11 20:13:12,644 : INFO : ball_device.bd_trough : Ejecting ball to <ball_device.bd_plunger>
2026-08-11 20:13:12,644 : INFO : EventManager : Event: ======'balldevice_bd_trough_ejecting_ball'====== Args={'balls': 1, 'target': <ball_device.bd_plunger>, 'source': <ball_device.bd_trough>, 'mechanical_eject': False, 'num_attempts': 0}
2026-08-11 20:13:12,659 : INFO : ball_device.bd_trough : Wait for ball to leave device
2026-08-11 20:13:12,659 : INFO : coil.c_02_trough_eject : Pulsing Driver for 16ms (1.0 pulse_power)
2026-08-11 20:13:12,673 : INFO : EventManager : Event: ======'widget_award_popup_widget_active'====== Args={'original_context': '_global', 'original_calling_context': 'ball_save_bs_default_saving_ball', 'priority': 0.0, 'balls': 1.0, 'early_save': False, 'cmd': 'widgets_play', '_from_bcp': True}
2026-08-11 20:13:12,697 : INFO : SwitchController : <<<<<<< 's_24_trough_1' inactive >>>>>>>
2026-08-11 20:13:12,697 : INFO : SwitchController : <<<<<<< 's_30_trough_jam' active >>>>>>>
2026-08-11 20:13:12,698 : INFO : EventManager : Event: ======'machine_var_audits_switches_s_30_trough_jam'====== Args={'value': 2266, 'prev_value': 2265, 'change': 1}
2026-08-11 20:13:12,709 : INFO : SwitchController : <<<<<<< 's_30_trough_jam' inactive >>>>>>>
2026-08-11 20:13:12,710 : INFO : ball_device.bd_trough : State: ball_left
2026-08-11 20:13:12,711 : INFO : ball_device.bd_trough : Ball left
2026-08-11 20:13:12,711 : INFO : ball_device.bd_trough : Wait for confirm with timeout 10.0
2026-08-11 20:13:12,983 : INFO : SwitchController : <<<<<<< 's_31_plunger_lane' active >>>>>>>
2026-08-11 20:13:12,983 : INFO : EventManager : Event: ======'s_31_plunger_lane_active'====== Args={}
2026-08-11 20:13:12,983 : INFO : EventManager : Event: ======'machine_var_audits_switches_s_31_plunger_lane'====== Args={'value': 2100, 'prev_value': 2099, 'change': 1}
2026-08-11 20:13:12,987 : INFO : Timer.t_auto_plunge : Starting Timer.
2026-08-11 20:13:12,987 : INFO : EventManager : Event: ======'timer_t_auto_plunge_started'====== Args={'ticks': 9, 'ticks_remaining': 9}
2026-08-11 20:13:12,987 : INFO : EventManager : Event: ======'timer_t_auto_plunge_tick'====== Args={'ticks': 9, 'ticks_remaining': 9}
2026-08-11 20:13:12,988 : INFO : SwitchController : <<<<<<< 's_26_trough_3' inactive >>>>>>>
2026-08-11 20:13:12,988 : INFO : SwitchController : <<<<<<< 's_25_trough_2' inactive >>>>>>>
2026-08-11 20:13:13,015 : INFO : SwitchController : <<<<<<< 's_24_trough_1' active >>>>>>>
2026-08-11 20:13:13,015 : INFO : EventManager : Event: ======'machine_var_audits_switches_s_24_trough_1'====== Args={'value': 2266, 'prev_value': 2265, 'change': 1}
2026-08-11 20:13:13,022 : INFO : SwitchController : <<<<<<< 's_25_trough_2' active >>>>>>>
2026-08-11 20:13:13,022 : INFO : EventManager : Event: ======'machine_var_audits_switches_s_25_trough_2'====== Args={'value': 2229, 'prev_value': 2228, 'change': 1}
2026-08-11 20:13:13,480 : INFO : ball_device.bd_plunger : Received ball from <ball_device.bd_trough>
2026-08-11 20:13:13,480 : INFO : EventManager : Event: ======'balldevice_bd_plunger_ball_enter'====== Args={'new_balls': 1, 'unclaimed_balls': 0, 'new_available_balls': 0, 'device': <ball_device.bd_plunger>}
2026-08-11 20:13:13,482 : INFO : EventManager : Event: ======'balldevice_bd_plunger_ball_entered'====== Args={'new_balls': 0, 'device': <ball_device.bd_plunger>}
2026-08-11 20:13:13,482 : INFO : EventManager : Event: ======'balldevice_bd_plunger_ball_count_changed'====== Args={'balls': 1}
2026-08-11 20:13:13,483 : INFO : ball_device.bd_trough : Got eject confirm
2026-08-11 20:13:13,483 : INFO : ball_device.bd_trough : Eject successful
2026-08-11 20:13:13,483 : INFO : EventManager : Event: ======'balldevice_bd_trough_ball_eject_success'====== Args={'balls': 1, 'target': <ball_device.bd_plunger>}
2026-08-11 20:13:13,484 : INFO : EventManager : Event: ======'balldevice_bd_trough_ball_count_changed'====== Args={'balls': 2}
2026-08-11 20:13:13,484 : INFO : ball_device.bd_trough : State: idle
2026-08-11 20:13:13,484 : INFO : ball_device.bd_plunger : State: waiting_for_target_ready
2026-08-11 20:13:13,484 : INFO : EventManager : Event: ======'balldevice_bd_plunger_ball_eject_attempt'====== Args={'balls': 1, 'target': <playfield.playfield>, 'source': <ball_device.bd_plunger>, 'mechanical_eject': False, 'num_attempts': 0}
2026-08-11 20:13:13,486 : INFO : ball_device.bd_plunger : State: ejecting
2026-08-11 20:13:13,486 : INFO : ball_device.bd_plunger : Ejecting ball to <playfield.playfield>
2026-08-11 20:13:13,486 : INFO : EventManager : Event: ======'balldevice_bd_plunger_ejecting_ball'====== Args={'balls': 1, 'target': <playfield.playfield>, 'source': <ball_device.bd_plunger>, 'mechanical_eject': False, 'num_attempts': 0}
2026-08-11 20:13:13,491 : INFO : ball_device.bd_plunger : Wait for ball to leave device
2026-08-11 20:13:13,491 : INFO : coil.c_01_plunger : Pulsing Driver for 14ms (1.0 pulse_power)
2026-08-11 20:13:13,522 : INFO : SwitchController : <<<<<<< 's_31_plunger_lane' inactive >>>>>>>
2026-08-11 20:13:13,522 : INFO : EventManager : Event: ======'s_31_plunger_lane_inactive'====== Args={}
2026-08-11 20:13:13,526 : INFO : Timer.t_auto_plunge : Stopping Timer
2026-08-11 20:13:13,527 : INFO : EventManager : Event: ======'timer_t_auto_plunge_stopped'====== Args={'ticks': 9, 'ticks_remaining': 9}
2026-08-11 20:13:13,535 : INFO : ball_device.bd_plunger : State: ball_left
2026-08-11 20:13:13,535 : INFO : ball_device.bd_plunger : Ball left
2026-08-11 20:13:13,535 : INFO : ball_device.bd_plunger : Wait for confirm with timeout 4.0
2026-08-11 20:13:14,427 : INFO : SwitchController : <<<<<<< 's_63_stand_up_target_3' active >>>>>>>
2026-08-11 20:13:14,427 : INFO : EventManager : Event: ======'s_63_stand_up_target_3_active'====== Args={}
2026-08-11 20:13:14,428 : INFO : EventManager : Event: ======'sw_playfield_active'====== Args={}
2026-08-11 20:13:14,428 : INFO : EventManager : Event: ======'sw_standups'====== Args={}
2026-08-11 20:13:14,428 : INFO : EventManager : Event: ======'machine_var_audits_switches_s_63_stand_up_target_3'====== Args={'value': 319, 'prev_value': 318, 'change': 1}
2026-08-11 20:13:14,433 : INFO : EventManager : Event: ======'stars_t63_on'====== Args={'priority': 0}
2026-08-11 20:13:14,433 : INFO : EventManager : Event: ======'stars_count_updated'====== Args={'priority': 0}
2026-08-11 20:13:14,433 : INFO : EventManager : Event: ======'stars_monitor_t63_on'====== Args={'priority': 0}
2026-08-11 20:13:14,433 : INFO : EventManager : Event: ======'player_stars_t63'====== Args={'value': 1, 'prev_value': 0, 'change': 1, 'player_num': 1, 'source': 'stars_mode'}
2026-08-11 20:13:14,434 : INFO : EventManager : Event: ======'player_stars_targets_lit_count'====== Args={'value': 1, 'prev_value': 0, 'change': 1, 'player_num': 1, 'source': 'stars_mode'}
2026-08-11 20:13:14,445 : INFO : EventManager : Event: ======'playfield_active'====== Args={'source': None}
2026-08-11 20:13:14,445 : INFO : EventManager : Event: ======'player_score'====== Args={'value': 4446890, 'prev_value': 4446848, 'change': 42, 'player_num': 1, 'source': 'base'}
2026-08-11 20:13:14,452 : INFO : SwitchController : <<<<<<< 's_63_stand_up_target_3' inactive >>>>>>>
2026-08-11 20:13:14,458 : INFO : ball_device.bd_plunger : Got eject confirm
2026-08-11 20:13:14,458 : INFO : ball_device.bd_plunger : Eject successful
2026-08-11 20:13:14,458 : INFO : EventManager : Event: ======'balldevice_bd_plunger_ball_eject_success'====== Args={'balls': 1, 'target': <playfield.playfield>}
2026-08-11 20:13:14,461 : INFO : EventManager : Event: ======'balldevice_playfield_ball_enter'====== Args={'new_balls': 1, 'unclaimed_balls': 1, 'device': <playfield.playfield>}
2026-08-11 20:13:14,461 : INFO : EventManager : Event: ======'playfield_ball_count_change'====== Args={'balls': 1, 'change': 1}
2026-08-11 20:13:14,462 : INFO : EventManager : Event: ======'balldevice_bd_plunger_ball_count_changed'====== Args={'balls': 0}
2026-08-11 20:13:14,462 : INFO : ball_device.bd_plunger : State: idle
2026-08-11 20:13:14,934 : INFO : SwitchController : <<<<<<< 's_62_top_lane_a' active >>>>>>>
2026-08-11 20:13:14,934 : INFO : EventManager : Event: ======'s_62_top_lane_a_active'====== Args={}
2026-08-11 20:13:14,935 : INFO : EventManager : Event: ======'sw_playfield_active'====== Args={}
2026-08-11 20:13:14,935 : INFO : EventManager : Event: ======'sw_top_lanes'====== Args={}
2026-08-11 20:13:14,935 : INFO : EventManager : Event: ======'machine_var_audits_switches_s_62_top_lane_a'====== Args={'value': 241, 'prev_value': 240, 'change': 1}
2026-08-11 20:13:14,939 : INFO : EventManager : Event: ======'top_lane_a_turn_on'====== Args={'priority': 0}
2026-08-11 20:13:14,939 : INFO : EventManager : Event: ======'shotgun_lane_a_charged'====== Args={'priority': 0}
2026-08-11 20:13:14,940 : INFO : EventManager : Event: ======'top_lanes_check'====== Args={'priority': 0}
2026-08-11 20:13:14,940 : INFO : EventManager : Event: ======'player_top_lane_a_lit'====== Args={'value': 1, 'prev_value': 0, 'change': 1, 'player_num': 1, 'source': 'spinner_2x_qualify'}
2026-08-11 20:13:14,940 : INFO : EventManager : Event: ======'spinner_2x_stop'====== Args={'priority': 0}
2026-08-11 20:13:14,946 : INFO : EventManager : Event: ======'player_shotgun_lane_a_active'====== Args={'value': 1, 'prev_value': 0, 'change': 1, 'player_num': 1, 'source': 'shotgun'}
2026-08-11 20:13:14,952 : INFO : EventManager : Event: ======'player_score'====== Args={'value': 4451890, 'prev_value': 4446890, 'change': 5000, 'player_num': 1, 'source': 'base'}
2026-08-11 20:13:14,966 : INFO : SwitchController : <<<<<<< 's_62_top_lane_a' inactive >>>>>>>
2026-08-11 20:13:14,994 : INFO : EventManager : Event: ======'widget_AwardPopup_removed'====== Args={'_from_bcp': True}
2026-08-11 20:13:15,092 : INFO : SwitchController : <<<<<<< 's_58_pop_bumper_left' active >>>>>>>
2026-08-11 20:13:15,093 : INFO : EventManager : Event: ======'s_58_pop_bumper_left_active'====== Args={}
2026-08-11 20:13:15,093 : INFO : EventManager : Event: ======'sw_pops'====== Args={}
2026-08-11 20:13:15,093 : INFO : EventManager : Event: ======'machine_var_audits_switches_s_58_pop_bumper_left'====== Args={'value': 2718, 'prev_value': 2717, 'change': 1}
2026-08-11 20:13:15,094 : INFO : SwitchController : <<<<<<< 's_58_pop_bumper_left' inactive >>>>>>>
2026-08-11 20:13:15,094 : INFO : SwitchController : <<<<<<< 's_58_pop_bumper_left' active >>>>>>>
2026-08-11 20:13:15,094 : INFO : EventManager : Event: ======'machine_var_audits_switches_s_58_pop_bumper_left'====== Args={'value': 2719, 'prev_value': 2718, 'change': 1}
2026-08-11 20:13:15,096 : INFO : EventManager : Event: ======'logicblock_super_pops_phase1_counter_updated'====== Args={'value': 1, 'enabled': True}
2026-08-11 20:13:15,096 : INFO : EventManager : Event: ======'counter_super_pops_phase1_counter_hit'====== Args={'count': 1, 'hits': 1, 'remaining': 4}
2026-08-11 20:13:15,096 : INFO : EventManager : Event: ======'logicblock_super_pops_phase1_counter_hit'====== Args={'count': 1, 'hits': 1, 'remaining': 4}
2026-08-11 20:13:15,096 : INFO : EventManager : Event: ======'player_score'====== Args={'value': 4451932, 'prev_value': 4451890, 'change': 42, 'player_num': 1, 'source': 'base'}
2026-08-11 20:13:15,102 : INFO : SwitchController : <<<<<<< 's_58_pop_bumper_left' inactive >>>>>>>
2026-08-11 20:13:15,107 : INFO : SwitchController : <<<<<<< 's_64_varitarget_position_1' active >>>>>>>
2026-08-11 20:13:15,107 : INFO : EventManager : Event: ======'s_64_varitarget_position_1_active'====== Args={}
2026-08-11 20:13:15,108 : INFO : EventManager : Event: ======'sw_vari'====== Args={}
2026-08-11 20:13:15,108 : INFO : EventManager : Event: ======'machine_var_audits_switches_s_64_varitarget_position_1'====== Args={'value': 11149, 'prev_value': 11148, 'change': 1}
2026-08-11 20:13:15,108 : INFO : EventManager : Event: ======'glasses_pending_position_1'====== Args={'priority': 0}
2026-08-11 20:13:15,109 : INFO : EventManager : Event: ======'machine_var_audits_shots_varitarget_p1'====== Args={'value': 11141, 'prev_value': 11140, 'change': 1}
2026-08-11 20:13:15,109 : INFO : EventManager : Event: ======'varitarget_p1_hit'====== Args={'profile': 'default', 'state': 'lit', 'advancing': False}
2026-08-11 20:13:15,109 : INFO : EventManager : Event: ======'varitarget_p1_default_hit'====== Args={'profile': 'default', 'state': 'lit', 'advancing': False}
2026-08-11 20:13:15,109 : INFO : EventManager : Event: ======'varitarget_p1_default_lit_hit'====== Args={'profile': 'default', 'state': 'lit', 'advancing': False}
2026-08-11 20:13:15,109 : INFO : EventManager : Event: ======'varitarget_p1_lit_hit'====== Args={'profile': 'default', 'state': 'lit', 'advancing': False}
2026-08-11 20:13:15,109 : INFO : EventManager : Event: ======'varitarget_position_changed'====== Args={'priority': 0}
2026-08-11 20:13:15,109 : INFO : EventManager : Event: ======'varitarget_reset_stop'====== Args={'priority': 0}
2026-08-11 20:13:15,110 : INFO : EventManager : Event: ======'varitarget_reset_complete'====== Args={'priority': 0}
2026-08-11 20:13:15,110 : INFO : EventManager : Event: ======'glasses_position_confirm_restart'====== Args={'priority': 0}
2026-08-11 20:13:15,110 : INFO : EventManager : Event: ======'player_glasses_mode_glasses_position_confirm_tick'====== Args={'value': 0, 'prev_value': 1, 'change': -1, 'player_num': 1}
2026-08-11 20:13:15,110 : INFO : Timer.glasses_position_confirm : Starting Timer.
2026-08-11 20:13:15,110 : INFO : EventManager : Event: ======'timer_glasses_position_confirm_started'====== Args={'ticks': 0, 'ticks_remaining': 1}
2026-08-11 20:13:15,110 : INFO : EventManager : Event: ======'timer_glasses_position_confirm_tick'====== Args={'ticks': 0, 'ticks_remaining': 1}
2026-08-11 20:13:15,116 : INFO : EventManager : Event: ======'varitarget_positions_hit'====== Args={'shot': 'varitarget_p1'}
2026-08-11 20:13:15,116 : INFO : EventManager : Event: ======'varitarget_positions_lit_hit'====== Args={'shot': 'varitarget_p1'}
2026-08-11 20:13:15,116 : INFO : EventManager : Event: ======'varitarget_update_stable'====== Args={'priority': 0}
2026-08-11 20:13:15,116 : INFO : Timer.varitarget_reset_timer : Stopping Timer
2026-08-11 20:13:15,117 : INFO : EventManager : Event: ======'timer_varitarget_reset_timer_stopped'====== Args={'ticks': 11, 'ticks_remaining': 999988}
2026-08-11 20:13:15,117 : INFO : EventManager : Event: ======'player_score'====== Args={'value': 4451974, 'prev_value': 4451932, 'change': 42, 'player_num': 1, 'source': 'base'}
2026-08-11 20:13:15,129 : INFO : SwitchController : <<<<<<< 's_64_varitarget_position_1' inactive >>>>>>>
2026-08-11 20:13:15,140 : INFO : SwitchController : <<<<<<< 's_58_pop_bumper_left' active >>>>>>>
2026-08-11 20:13:15,140 : INFO : EventManager : Event: ======'machine_var_audits_switches_s_58_pop_bumper_left'====== Args={'value': 2720, 'prev_value': 2719, 'change': 1}
2026-08-11 20:13:15,156 : INFO : SwitchController : <<<<<<< 's_58_pop_bumper_left' inactive >>>>>>>
2026-08-11 20:13:15,166 : INFO : SwitchController : <<<<<<< 's_58_pop_bumper_left' active >>>>>>>
2026-08-11 20:13:15,166 : INFO : EventManager : Event: ======'machine_var_audits_switches_s_58_pop_bumper_left'====== Args={'value': 2721, 'prev_value': 2720, 'change': 1}
2026-08-11 20:13:15,220 : INFO : SwitchController : <<<<<<< 's_58_pop_bumper_left' inactive >>>>>>>
2026-08-11 20:13:15,251 : INFO : SwitchController : <<<<<<< 's_58_pop_bumper_left' active >>>>>>>
2026-08-11 20:13:15,251 : INFO : EventManager : Event: ======'machine_var_audits_switches_s_58_pop_bumper_left'====== Args={'value': 2722, 'prev_value': 2721, 'change': 1}
2026-08-11 20:13:15,267 : INFO : SwitchController : <<<<<<< 's_58_pop_bumper_left' inactive >>>>>>>
2026-08-11 20:13:15,278 : INFO : SwitchController : <<<<<<< 's_64_varitarget_position_1' active >>>>>>>
2026-08-11 20:13:15,278 : INFO : EventManager : Event: ======'s_64_varitarget_position_1_active'====== Args={}
2026-08-11 20:13:15,278 : INFO : EventManager : Event: ======'sw_vari'====== Args={}
2026-08-11 20:13:15,278 : INFO : EventManager : Event: ======'machine_var_audits_switches_s_64_varitarget_position_1'====== Args={'value': 11150, 'prev_value': 11149, 'change': 1}
2026-08-11 20:13:15,279 : INFO : SwitchController : <<<<<<< 's_58_pop_bumper_left' active >>>>>>>
2026-08-11 20:13:15,279 : INFO : EventManager : Event: ======'machine_var_audits_switches_s_58_pop_bumper_left'====== Args={'value': 2723, 'prev_value': 2722, 'change': 1}
2026-08-11 20:13:15,280 : INFO : EventManager : Event: ======'glasses_pending_position_1'====== Args={'priority': 0}
2026-08-11 20:13:15,280 : INFO : EventManager : Event: ======'machine_var_audits_shots_varitarget_p1'====== Args={'value': 11142, 'prev_value': 11141, 'change': 1}
2026-08-11 20:13:15,281 : INFO : EventManager : Event: ======'varitarget_p1_hit'====== Args={'profile': 'default', 'state': 'lit', 'advancing': False}
2026-08-11 20:13:15,281 : INFO : EventManager : Event: ======'varitarget_p1_default_hit'====== Args={'profile': 'default', 'state': 'lit', 'advancing': False}
2026-08-11 20:13:15,281 : INFO : EventManager : Event: ======'varitarget_p1_default_lit_hit'====== Args={'profile': 'default', 'state': 'lit', 'advancing': False}
2026-08-11 20:13:15,281 : INFO : EventManager : Event: ======'varitarget_p1_lit_hit'====== Args={'profile': 'default', 'state': 'lit', 'advancing': False}
2026-08-11 20:13:15,281 : INFO : EventManager : Event: ======'varitarget_position_changed'====== Args={'priority': 0}
2026-08-11 20:13:15,281 : INFO : EventManager : Event: ======'varitarget_reset_stop'====== Args={'priority': 0}
2026-08-11 20:13:15,281 : INFO : EventManager : Event: ======'varitarget_reset_complete'====== Args={'priority': 0}
2026-08-11 20:13:15,282 : INFO : EventManager : Event: ======'glasses_position_confirm_restart'====== Args={'priority': 0}
2026-08-11 20:13:15,282 : INFO : EventManager : Event: ======'timer_glasses_position_confirm_tick'====== Args={'ticks': 0, 'ticks_remaining': 1}
2026-08-11 20:13:15,282 : INFO : EventManager : Event: ======'varitarget_positions_hit'====== Args={'shot': 'varitarget_p1'}
2026-08-11 20:13:15,282 : INFO : EventManager : Event: ======'varitarget_positions_lit_hit'====== Args={'shot': 'varitarget_p1'}
2026-08-11 20:13:15,282 : INFO : EventManager : Event: ======'varitarget_update_stable'====== Args={'priority': 0}
2026-08-11 20:13:15,282 : INFO : Timer.varitarget_reset_timer : Stopping Timer
2026-08-11 20:13:15,282 : INFO : EventManager : Event: ======'timer_varitarget_reset_timer_stopped'====== Args={'ticks': 11, 'ticks_remaining': 999988}
2026-08-11 20:13:15,283 : INFO : EventManager : Event: ======'player_score'====== Args={'value': 4452016, 'prev_value': 4451974, 'change': 42, 'player_num': 1, 'source': 'base'}
2026-08-11 20:13:15,288 : INFO : SwitchController : <<<<<<< 's_64_varitarget_position_1' inactive >>>>>>>
2026-08-11 20:13:15,294 : INFO : SwitchController : <<<<<<< 's_58_pop_bumper_left' inactive >>>>>>>
2026-08-11 20:13:15,712 : INFO : SwitchController : <<<<<<< 's_57_pop_bumper_center' active >>>>>>>
2026-08-11 20:13:15,712 : INFO : EventManager : Event: ======'s_57_pop_bumper_center_active'====== Args={}
2026-08-11 20:13:15,713 : INFO : EventManager : Event: ======'sw_pops'====== Args={}
2026-08-11 20:13:15,713 : INFO : EventManager : Event: ======'machine_var_audits_switches_s_57_pop_bumper_center'====== Args={'value': 1869, 'prev_value': 1868, 'change': 1}
2026-08-11 20:13:15,714 : INFO : EventManager : Event: ======'logicblock_super_pops_phase1_counter_updated'====== Args={'value': 2, 'enabled': True}
2026-08-11 20:13:15,714 : INFO : EventManager : Event: ======'counter_super_pops_phase1_counter_hit'====== Args={'count': 2, 'hits': 2, 'remaining': 3}
2026-08-11 20:13:15,714 : INFO : EventManager : Event: ======'logicblock_super_pops_phase1_counter_hit'====== Args={'count': 2, 'hits': 2, 'remaining': 3}
2026-08-11 20:13:15,714 : INFO : EventManager : Event: ======'player_score'====== Args={'value': 4452058, 'prev_value': 4452016, 'change': 42, 'player_num': 1, 'source': 'base'}
2026-08-11 20:13:15,725 : INFO : SwitchController : <<<<<<< 's_57_pop_bumper_center' inactive >>>>>>>
2026-08-11 20:13:15,735 : INFO : SwitchController : <<<<<<< 's_64_varitarget_position_1' active >>>>>>>
2026-08-11 20:13:15,735 : INFO : EventManager : Event: ======'s_64_varitarget_position_1_active'====== Args={}
2026-08-11 20:13:15,735 : INFO : EventManager : Event: ======'sw_vari'====== Args={}
2026-08-11 20:13:15,735 : INFO : EventManager : Event: ======'machine_var_audits_switches_s_64_varitarget_position_1'====== Args={'value': 11151, 'prev_value': 11150, 'change': 1}
2026-08-11 20:13:15,736 : INFO : EventManager : Event: ======'glasses_pending_position_1'====== Args={'priority': 0}
2026-08-11 20:13:15,736 : INFO : EventManager : Event: ======'machine_var_audits_shots_varitarget_p1'====== Args={'value': 11143, 'prev_value': 11142, 'change': 1}
2026-08-11 20:13:15,736 : INFO : EventManager : Event: ======'varitarget_p1_hit'====== Args={'profile': 'default', 'state': 'lit', 'advancing': False}
2026-08-11 20:13:15,737 : INFO : EventManager : Event: ======'varitarget_p1_default_hit'====== Args={'profile': 'default', 'state': 'lit', 'advancing': False}
2026-08-11 20:13:15,737 : INFO : EventManager : Event: ======'varitarget_p1_default_lit_hit'====== Args={'profile': 'default', 'state': 'lit', 'advancing': False}
2026-08-11 20:13:15,737 : INFO : EventManager : Event: ======'varitarget_p1_lit_hit'====== Args={'profile': 'default', 'state': 'lit', 'advancing': False}
2026-08-11 20:13:15,737 : INFO : EventManager : Event: ======'varitarget_position_changed'====== Args={'priority': 0}
2026-08-11 20:13:15,737 : INFO : EventManager : Event: ======'varitarget_reset_stop'====== Args={'priority': 0}
2026-08-11 20:13:15,737 : INFO : EventManager : Event: ======'varitarget_reset_complete'====== Args={'priority': 0}
2026-08-11 20:13:15,737 : INFO : EventManager : Event: ======'glasses_position_confirm_restart'====== Args={'priority': 0}
2026-08-11 20:13:15,737 : INFO : EventManager : Event: ======'timer_glasses_position_confirm_tick'====== Args={'ticks': 0, 'ticks_remaining': 1}
2026-08-11 20:13:15,737 : INFO : EventManager : Event: ======'varitarget_positions_hit'====== Args={'shot': 'varitarget_p1'}
2026-08-11 20:13:15,738 : INFO : EventManager : Event: ======'varitarget_positions_lit_hit'====== Args={'shot': 'varitarget_p1'}
2026-08-11 20:13:15,738 : INFO : EventManager : Event: ======'varitarget_update_stable'====== Args={'priority': 0}
2026-08-11 20:13:15,738 : INFO : Timer.varitarget_reset_timer : Stopping Timer
2026-08-11 20:13:15,738 : INFO : EventManager : Event: ======'timer_varitarget_reset_timer_stopped'====== Args={'ticks': 11, 'ticks_remaining': 999988}
2026-08-11 20:13:15,738 : INFO : EventManager : Event: ======'player_score'====== Args={'value': 4452100, 'prev_value': 4452058, 'change': 42, 'player_num': 1, 'source': 'base'}
2026-08-11 20:13:15,751 : INFO : SwitchController : <<<<<<< 's_64_varitarget_position_1' inactive >>>>>>>
2026-08-11 20:13:16,730 : INFO : EventManager : Event: ======'player_glasses_mode_glasses_position_confirm_tick'====== Args={'value': 1, 'prev_value': 0, 'change': 1, 'player_num': 1}
2026-08-11 20:13:16,731 : INFO : Timer.glasses_position_confirm : Timer Complete
2026-08-11 20:13:16,731 : INFO : Timer.glasses_position_confirm : Stopping Timer
2026-08-11 20:13:16,731 : INFO : EventManager : Event: ======'timer_glasses_position_confirm_stopped'====== Args={'ticks': 1, 'ticks_remaining': 1}
2026-08-11 20:13:16,731 : INFO : EventManager : Event: ======'timer_glasses_position_confirm_complete'====== Args={'ticks': 1, 'ticks_remaining': 1}
2026-08-11 20:13:16,741 : INFO : EventManager : Event: ======'varitarget_position_1_confirmed'====== Args={'priority': 0}
2026-08-11 20:13:16,741 : INFO : EventManager : Event: ======'glasses_enter_state_1'====== Args={'priority': 0}
2026-08-11 20:13:16,741 : INFO : EventManager : Event: ======'glasses_stop_all_shows'====== Args={'priority': 0}
2026-08-11 20:13:16,742 : INFO : EventManager : Event: ======'glasses_state_timer_stop'====== Args={'priority': 0}
2026-08-11 20:13:16,742 : INFO : EventManager : Event: ======'glasses_home_pulse_timer_stop'====== Args={'priority': 0}
2026-08-11 20:13:16,742 : INFO : EventManager : Event: ======'glasses_homing_cancel'====== Args={'priority': 0}
2026-08-11 20:13:16,742 : INFO : Timer.glasses_state_timer : Stopping Timer
2026-08-11 20:13:16,742 : INFO : EventManager : Event: ======'timer_glasses_state_timer_stopped'====== Args={'ticks': 0, 'ticks_remaining': 0}
2026-08-11 20:13:16,742 : INFO : Timer.glasses_home_pulse_timer : Stopping Timer
2026-08-11 20:13:16,742 : INFO : EventManager : Event: ======'timer_glasses_home_pulse_timer_stopped'====== Args={'ticks': 0, 'ticks_remaining': 0}
2026-08-11 20:13:19,156 : INFO : SwitchController : <<<<<<< 's_29_trough_6' active >>>>>>>
2026-08-11 20:13:19,156 : INFO : EventManager : Event: ======'machine_var_audits_switches_s_29_trough_6'====== Args={'value': 1408, 'prev_value': 1407, 'change': 1}
2026-08-11 20:13:19,196 : INFO : SwitchController : <<<<<<< 's_29_trough_6' inactive >>>>>>>
2026-08-11 20:13:19,209 : INFO : SwitchController : <<<<<<< 's_29_trough_6' active >>>>>>>
2026-08-11 20:13:19,209 : INFO : EventManager : Event: ======'machine_var_audits_switches_s_29_trough_6'====== Args={'value': 1409, 'prev_value': 1408, 'change': 1}
2026-08-11 20:13:19,416 : INFO : SwitchController : <<<<<<< 's_29_trough_6' inactive >>>>>>>
2026-08-11 20:13:19,449 : INFO : SwitchController : <<<<<<< 's_28_trough_5' active >>>>>>>
2026-08-11 20:13:19,449 : INFO : EventManager : Event: ======'machine_var_audits_switches_s_28_trough_5'====== Args={'value': 1298, 'prev_value': 1297, 'change': 1}
2026-08-11 20:13:19,638 : INFO : SwitchController : <<<<<<< 's_28_trough_5' inactive >>>>>>>
2026-08-11 20:13:19,656 : INFO : SwitchController : <<<<<<< 's_27_trough_4' active >>>>>>>
2026-08-11 20:13:19,656 : INFO : EventManager : Event: ======'machine_var_audits_switches_s_27_trough_4'====== Args={'value': 1508, 'prev_value': 1507, 'change': 1}
2026-08-11 20:13:19,787 : INFO : SwitchController : <<<<<<< 's_27_trough_4' inactive >>>>>>>
2026-08-11 20:13:19,814 : INFO : SwitchController : <<<<<<< 's_26_trough_3' active >>>>>>>
2026-08-11 20:13:19,814 : INFO : EventManager : Event: ======'machine_var_audits_switches_s_26_trough_3'====== Args={'value': 1929, 'prev_value': 1928, 'change': 1}
2026-08-11 20:13:20,314 : INFO : EventManager : Event: ======'balldevice_bd_trough_ball_count_changed'====== Args={'balls': 3}
2026-08-11 20:13:20,314 : INFO : ball_device.bd_trough : Received unexpected ball
2026-08-11 20:13:20,315 : INFO : EventManager : Event: ======'balldevice_captured_from_playfield'====== Args={'balls': 1}
2026-08-11 20:13:20,315 : INFO : EventManager : Event: ======'sw_playfield_active'====== Args={'balls': 1}
2026-08-11 20:13:20,315 : INFO : EventManager : Event: ======'playfield_ball_count_change'====== Args={'balls': 0, 'change': -1}
2026-08-11 20:13:20,317 : INFO : EventManager : Event: ======'balldevice_bd_trough_ball_enter'====== Args={'new_balls': 1, 'unclaimed_balls': 1, 'new_available_balls': 1, 'device': <ball_device.bd_trough>}
2026-08-11 20:13:20,319 : INFO : EventManager : Event: ======'ball_drain'====== Args={'device': <ball_device.bd_trough>, 'balls': 1}
2026-08-11 20:13:20,323 : INFO : EventManager : Event: ======'ball_will_end'====== Args={}
2026-08-11 20:13:20,324 : INFO : EventManager : Event: ======'balldevice_balls_available'====== Args={}
2026-08-11 20:13:20,324 : INFO : EventManager : Event: ======'balldevice_bd_trough_ball_entered'====== Args={'new_balls': 1, 'device': <ball_device.bd_trough>}
2026-08-11 20:13:20,325 : INFO : EventManager : Event: ======'mode_stars_mode_will_stop'====== Args={}
2026-08-11 20:13:20,325 : INFO : EventManager : Event: ======'mode_stars_mode_stopping'====== Args={}
2026-08-11 20:13:20,325 : INFO : EventManager : Event: ======'mode_spinner_2x_qualify_will_stop'====== Args={}
2026-08-11 20:13:20,325 : INFO : EventManager : Event: ======'mode_spinner_2x_qualify_stopping'====== Args={}
2026-08-11 20:13:20,325 : INFO : EventManager : Event: ======'mode_base_will_stop'====== Args={}
2026-08-11 20:13:20,325 : INFO : EventManager : Event: ======'mode_base_stopping'====== Args={}
2026-08-11 20:13:20,327 : INFO : Mode.spinner_2x_qualify : Stopped.
2026-08-11 20:13:20,327 : INFO : EventManager : Event: ======'modes_active_modes_changed'====== Args={}
2026-08-11 20:13:20,327 : INFO : EventManager : Event: ======'mode_spinner_2x_qualify_stopped'====== Args={}
2026-08-11 20:13:20,328 : INFO : EventManager : Event: ======'clear'====== Args={'key': 'spinner_2x_qualify'}
2026-08-11 20:13:20,335 : INFO : Mode.stars_mode : Stopped.
2026-08-11 20:13:20,335 : INFO : EventManager : Event: ======'modes_active_modes_changed'====== Args={}
2026-08-11 20:13:20,335 : INFO : EventManager : Event: ======'mode_stars_mode_stopped'====== Args={}
2026-08-11 20:13:20,335 : INFO : EventManager : Event: ======'clear'====== Args={'key': 'stars_mode'}
2026-08-11 20:13:20,335 : INFO : EventManager : Event: ======'mode_glasses_mode_will_stop'====== Args={}
2026-08-11 20:13:20,335 : INFO : EventManager : Event: ======'mode_glasses_mode_stopping'====== Args={}
2026-08-11 20:13:20,336 : INFO : EventManager : Event: ======'mode_super_pops_will_stop'====== Args={}
2026-08-11 20:13:20,336 : INFO : EventManager : Event: ======'mode_super_pops_stopping'====== Args={}
2026-08-11 20:13:20,336 : INFO : Timer.varitarget_reset_timer : Stopping Timer
2026-08-11 20:13:20,336 : INFO : EventManager : Event: ======'timer_varitarget_reset_timer_stopped'====== Args={'ticks': 11, 'ticks_remaining': 999988}
2026-08-11 20:13:20,336 : INFO : Timer.varitarget_hit_settle : Stopping Timer
2026-08-11 20:13:20,336 : INFO : EventManager : Event: ======'timer_varitarget_hit_settle_stopped'====== Args={'ticks': 3, 'ticks_remaining': 0}
2026-08-11 20:13:20,336 : INFO : Mode.base : Stopped.
2026-08-11 20:13:20,336 : INFO : EventManager : Event: ======'modes_active_modes_changed'====== Args={}
2026-08-11 20:13:20,337 : INFO : EventManager : Event: ======'mode_base_stopped'====== Args={}
2026-08-11 20:13:20,337 : INFO : EventManager : Event: ======'clear'====== Args={'key': 'base'}
2026-08-11 20:13:20,337 : INFO : EventManager : Event: ======'mode_shotgun_will_stop'====== Args={}
2026-08-11 20:13:20,337 : INFO : EventManager : Event: ======'mode_shotgun_stopping'====== Args={}
2026-08-11 20:13:20,339 : INFO : Timer.varitarget_reset_timer : Stopping Timer
2026-08-11 20:13:20,339 : INFO : EventManager : Event: ======'timer_varitarget_reset_timer_stopped'====== Args={'ticks': 11, 'ticks_remaining': 999988}
2026-08-11 20:13:20,339 : INFO : Timer.varitarget_hit_settle : Stopping Timer
2026-08-11 20:13:20,339 : INFO : EventManager : Event: ======'timer_varitarget_hit_settle_stopped'====== Args={'ticks': 3, 'ticks_remaining': 0}
2026-08-11 20:13:20,339 : INFO : Mode.super_pops : Stopped.
2026-08-11 20:13:20,340 : INFO : EventManager : Event: ======'modes_active_modes_changed'====== Args={}
2026-08-11 20:13:20,340 : INFO : EventManager : Event: ======'mode_super_pops_stopped'====== Args={}
2026-08-11 20:13:20,340 : INFO : EventManager : Event: ======'clear'====== Args={'key': 'super_pops'}
2026-08-11 20:13:20,340 : INFO : Timer.super_pops_mult_timer : Stopping Timer
2026-08-11 20:13:20,341 : INFO : EventManager : Event: ======'timer_super_pops_mult_timer_stopped'====== Args={'ticks': 0, 'ticks_remaining': 5}
2026-08-11 20:13:20,341 : INFO : Timer.stars_10x_timer : Stopping Timer
2026-08-11 20:13:20,341 : INFO : EventManager : Event: ======'timer_stars_10x_timer_stopped'====== Args={'ticks': 0, 'ticks_remaining': 0}
2026-08-11 20:13:20,341 : INFO : Timer.stars_s80_hold : Stopping Timer
2026-08-11 20:13:20,341 : INFO : EventManager : Event: ======'timer_stars_s80_hold_stopped'====== Args={'ticks': 0, 'ticks_remaining': 0}
2026-08-11 20:13:20,341 : INFO : EventManager : Event: ======'ball_ending'====== Args={}
2026-08-11 20:13:20,353 : INFO : EventManager : Event: ======'glasses_stop_all_shows'====== Args={'priority': 0}
2026-08-11 20:13:20,354 : INFO : EventManager : Event: ======'glasses_position_confirm_stop'====== Args={'priority': 0}
2026-08-11 20:13:20,354 : INFO : EventManager : Event: ======'glasses_state_timer_stop'====== Args={'priority': 0}
2026-08-11 20:13:20,354 : INFO : EventManager : Event: ======'glasses_home_pulse_timer_stop'====== Args={'priority': 0}
2026-08-11 20:13:20,354 : INFO : EventManager : Event: ======'glasses_homing_cancel'====== Args={'priority': 0}
2026-08-11 20:13:20,354 : INFO : Timer.glasses_position_confirm : Stopping Timer
2026-08-11 20:13:20,354 : INFO : EventManager : Event: ======'timer_glasses_position_confirm_stopped'====== Args={'ticks': 1, 'ticks_remaining': 1}
2026-08-11 20:13:20,354 : INFO : Timer.glasses_state_timer : Stopping Timer
2026-08-11 20:13:20,354 : INFO : EventManager : Event: ======'timer_glasses_state_timer_stopped'====== Args={'ticks': 0, 'ticks_remaining': 0}
2026-08-11 20:13:20,354 : INFO : Timer.glasses_home_pulse_timer : Stopping Timer
2026-08-11 20:13:20,354 : INFO : EventManager : Event: ======'timer_glasses_home_pulse_timer_stopped'====== Args={'ticks': 0, 'ticks_remaining': 0}
2026-08-11 20:13:20,354 : INFO : Mode.glasses_mode : Stopped.
2026-08-11 20:13:20,354 : INFO : EventManager : Event: ======'modes_active_modes_changed'====== Args={}
2026-08-11 20:13:20,355 : INFO : EventManager : Event: ======'mode_glasses_mode_stopped'====== Args={}
2026-08-11 20:13:20,355 : INFO : EventManager : Event: ======'clear'====== Args={'key': 'glasses_mode'}
2026-08-11 20:13:20,355 : INFO : Timer.glasses_position_confirm : Stopping Timer
2026-08-11 20:13:20,355 : INFO : EventManager : Event: ======'timer_glasses_position_confirm_stopped'====== Args={'ticks': 1, 'ticks_remaining': 1}
2026-08-11 20:13:20,355 : INFO : Timer.glasses_state_timer : Stopping Timer
2026-08-11 20:13:20,355 : INFO : EventManager : Event: ======'timer_glasses_state_timer_stopped'====== Args={'ticks': 0, 'ticks_remaining': 0}
2026-08-11 20:13:20,355 : INFO : Timer.glasses_home_pulse_timer : Stopping Timer
2026-08-11 20:13:20,355 : INFO : EventManager : Event: ======'timer_glasses_home_pulse_timer_stopped'====== Args={'ticks': 0, 'ticks_remaining': 0}
2026-08-11 20:13:20,356 : INFO : Timer.glasses_state_timer : Stopping Timer
2026-08-11 20:13:20,356 : INFO : EventManager : Event: ======'timer_glasses_state_timer_stopped'====== Args={'ticks': 0, 'ticks_remaining': 0}
2026-08-11 20:13:20,356 : INFO : Timer.glasses_home_pulse_timer : Stopping Timer
2026-08-11 20:13:20,356 : INFO : EventManager : Event: ======'timer_glasses_home_pulse_timer_stopped'====== Args={'ticks': 0, 'ticks_remaining': 0}
2026-08-11 20:13:20,356 : INFO : Timer.glasses_position_confirm : Stopping Timer
2026-08-11 20:13:20,356 : INFO : EventManager : Event: ======'timer_glasses_position_confirm_stopped'====== Args={'ticks': 1, 'ticks_remaining': 1}
2026-08-11 20:13:20,356 : INFO : Timer.top_lane_a_countdown_timer : Stopping Timer
2026-08-11 20:13:20,356 : INFO : EventManager : Event: ======'timer_top_lane_a_countdown_timer_stopped'====== Args={'ticks': 30, 'ticks_remaining': 0}
2026-08-11 20:13:20,356 : INFO : Timer.top_lane_b_countdown_timer : Stopping Timer
2026-08-11 20:13:20,356 : INFO : EventManager : Event: ======'timer_top_lane_b_countdown_timer_stopped'====== Args={'ticks': 30, 'ticks_remaining': 0}
2026-08-11 20:13:20,356 : INFO : Timer.fourbank_reset_check_timer : Stopping Timer
2026-08-11 20:13:20,356 : INFO : EventManager : Event: ======'timer_fourbank_reset_check_timer_stopped'====== Args={'ticks': 0, 'ticks_remaining': 0}
2026-08-11 20:13:20,356 : INFO : Timer.fourbank_reset_retry_timer : Stopping Timer
2026-08-11 20:13:20,357 : INFO : EventManager : Event: ======'timer_fourbank_reset_retry_timer_stopped'====== Args={'ticks': 0, 'ticks_remaining': 0}
2026-08-11 20:13:20,357 : INFO : Timer.threebank_reset_check_timer : Stopping Timer
2026-08-11 20:13:20,357 : INFO : EventManager : Event: ======'timer_threebank_reset_check_timer_stopped'====== Args={'ticks': 0, 'ticks_remaining': 0}
2026-08-11 20:13:20,357 : INFO : Timer.threebank_reset_retry_timer : Stopping Timer
2026-08-11 20:13:20,357 : INFO : EventManager : Event: ======'timer_threebank_reset_retry_timer_stopped'====== Args={'ticks': 0, 'ticks_remaining': 0}
2026-08-11 20:13:20,357 : INFO : Mode.shotgun : Stopped.
2026-08-11 20:13:20,357 : INFO : EventManager : Event: ======'modes_active_modes_changed'====== Args={}
2026-08-11 20:13:20,357 : INFO : EventManager : Event: ======'mode_shotgun_stopped'====== Args={}
2026-08-11 20:13:20,358 : INFO : EventManager : Event: ======'clear'====== Args={'key': 'shotgun'}
2026-08-11 20:13:20,358 : INFO : Timer.fourbank_reset_check_timer : Stopping Timer
2026-08-11 20:13:20,358 : INFO : EventManager : Event: ======'timer_fourbank_reset_check_timer_stopped'====== Args={'ticks': 0, 'ticks_remaining': 0}
2026-08-11 20:13:20,358 : INFO : Timer.threebank_reset_retry_timer : Stopping Timer
2026-08-11 20:13:20,358 : INFO : EventManager : Event: ======'timer_threebank_reset_retry_timer_stopped'====== Args={'ticks': 0, 'ticks_remaining': 0}
2026-08-11 20:13:20,358 : INFO : Timer.fourbank_drop_3_trip_timer : Stopping Timer
2026-08-11 20:13:20,358 : INFO : EventManager : Event: ======'timer_fourbank_drop_3_trip_timer_stopped'====== Args={'ticks': 0, 'ticks_remaining': 0}
2026-08-11 20:13:20,358 : INFO : Timer.threebank_drop_3_trip_timer : Stopping Timer
2026-08-11 20:13:20,358 : INFO : EventManager : Event: ======'timer_threebank_drop_3_trip_timer_stopped'====== Args={'ticks': 0, 'ticks_remaining': 0}
2026-08-11 20:13:20,358 : INFO : Timer.drop_1_4_7_step_4_timer : Stopping Timer
2026-08-11 20:13:20,358 : INFO : EventManager : Event: ======'timer_drop_1_4_7_step_4_timer_stopped'====== Args={'ticks': 0, 'ticks_remaining': 0}
2026-08-11 20:13:20,359 : INFO : Timer.top_lane_a_countdown_timer : Stopping Timer
2026-08-11 20:13:20,359 : INFO : EventManager : Event: ======'timer_top_lane_a_countdown_timer_stopped'====== Args={'ticks': 30, 'ticks_remaining': 0}
2026-08-11 20:13:20,359 : INFO : Timer.fourbank_reset_retry_timer : Stopping Timer
2026-08-11 20:13:20,359 : INFO : EventManager : Event: ======'timer_fourbank_reset_retry_timer_stopped'====== Args={'ticks': 0, 'ticks_remaining': 0}
2026-08-11 20:13:20,359 : INFO : Timer.fourbank_drop_2_trip_timer : Stopping Timer
2026-08-11 20:13:20,359 : INFO : EventManager : Event: ======'timer_fourbank_drop_2_trip_timer_stopped'====== Args={'ticks': 0, 'ticks_remaining': 0}
2026-08-11 20:13:20,359 : INFO : Timer.threebank_drop_1_trip_timer : Stopping Timer
2026-08-11 20:13:20,359 : INFO : EventManager : Event: ======'timer_threebank_drop_1_trip_timer_stopped'====== Args={'ticks': 0, 'ticks_remaining': 0}
2026-08-11 20:13:20,359 : INFO : Timer.drop_1_4_7_step_2_timer : Stopping Timer
2026-08-11 20:13:20,359 : INFO : EventManager : Event: ======'timer_drop_1_4_7_step_2_timer_stopped'====== Args={'ticks': 0, 'ticks_remaining': 0}
2026-08-11 20:13:20,359 : INFO : Timer.drop_1_4_7_ready_timer : Stopping Timer
2026-08-11 20:13:20,359 : INFO : EventManager : Event: ======'timer_drop_1_4_7_ready_timer_stopped'====== Args={'ticks': 0, 'ticks_remaining': 0}
2026-08-11 20:13:20,359 : INFO : Timer.top_lane_b_countdown_timer : Stopping Timer
2026-08-11 20:13:20,359 : INFO : EventManager : Event: ======'timer_top_lane_b_countdown_timer_stopped'====== Args={'ticks': 30, 'ticks_remaining': 0}
2026-08-11 20:13:20,359 : INFO : Timer.threebank_reset_check_timer : Stopping Timer
2026-08-11 20:13:20,359 : INFO : EventManager : Event: ======'timer_threebank_reset_check_timer_stopped'====== Args={'ticks': 0, 'ticks_remaining': 0}
2026-08-11 20:13:20,360 : INFO : Timer.threebank_drop_2_trip_timer : Stopping Timer
2026-08-11 20:13:20,360 : INFO : EventManager : Event: ======'timer_threebank_drop_2_trip_timer_stopped'====== Args={'ticks': 0, 'ticks_remaining': 0}
2026-08-11 20:13:20,360 : INFO : Timer.drop_1_4_7_step_3_timer : Stopping Timer
2026-08-11 20:13:20,360 : INFO : EventManager : Event: ======'timer_drop_1_4_7_step_3_timer_stopped'====== Args={'ticks': 0, 'ticks_remaining': 0}
2026-08-11 20:13:20,360 : INFO : EventManager : Event: ======'mode_resistance_will_stop'====== Args={}
2026-08-11 20:13:20,360 : INFO : EventManager : Event: ======'mode_resistance_stopping'====== Args={}
2026-08-11 20:13:20,360 : INFO : EventManager : Event: ======'mode_autoplunge_will_stop'====== Args={}
2026-08-11 20:13:20,360 : INFO : EventManager : Event: ======'mode_autoplunge_stopping'====== Args={}
2026-08-11 20:13:20,361 : INFO : Timer.t_auto_plunge : Stopping Timer
2026-08-11 20:13:20,361 : INFO : EventManager : Event: ======'timer_t_auto_plunge_stopped'====== Args={'ticks': 9, 'ticks_remaining': 9}
2026-08-11 20:13:20,361 : INFO : EventManager : Event: ======'mode_brian_combo_will_stop'====== Args={}
2026-08-11 20:13:20,361 : INFO : EventManager : Event: ======'mode_brian_combo_stopping'====== Args={}
2026-08-11 20:13:20,361 : INFO : EventManager : Event: ======'mode_awareness_will_stop'====== Args={}
2026-08-11 20:13:20,362 : INFO : EventManager : Event: ======'mode_awareness_stopping'====== Args={}
2026-08-11 20:13:20,364 : INFO : Mode.awareness : Stopped.
2026-08-11 20:13:20,364 : INFO : EventManager : Event: ======'modes_active_modes_changed'====== Args={}
2026-08-11 20:13:20,365 : INFO : EventManager : Event: ======'mode_awareness_stopped'====== Args={}
2026-08-11 20:13:20,365 : INFO : EventManager : Event: ======'clear'====== Args={'key': 'awareness'}
2026-08-11 20:13:20,365 : INFO : Mode.brian_combo : Stopped.
2026-08-11 20:13:20,365 : INFO : EventManager : Event: ======'modes_active_modes_changed'====== Args={}
2026-08-11 20:13:20,365 : INFO : EventManager : Event: ======'mode_brian_combo_stopped'====== Args={}
2026-08-11 20:13:20,365 : INFO : EventManager : Event: ======'clear'====== Args={'key': 'brian_combo'}
2026-08-11 20:13:20,365 : INFO : Mode.autoplunge : Stopped.
2026-08-11 20:13:20,365 : INFO : EventManager : Event: ======'modes_active_modes_changed'====== Args={}
2026-08-11 20:13:20,366 : INFO : EventManager : Event: ======'mode_autoplunge_stopped'====== Args={}
2026-08-11 20:13:20,366 : INFO : EventManager : Event: ======'clear'====== Args={'key': 'autoplunge'}
2026-08-11 20:13:20,366 : INFO : Timer.t_auto_plunge : Stopping Timer
2026-08-11 20:13:20,366 : INFO : EventManager : Event: ======'timer_t_auto_plunge_stopped'====== Args={'ticks': 9, 'ticks_remaining': 9}
2026-08-11 20:13:20,366 : INFO : Mode.resistance : Stopped.
2026-08-11 20:13:20,366 : INFO : EventManager : Event: ======'modes_active_modes_changed'====== Args={}
2026-08-11 20:13:20,366 : INFO : EventManager : Event: ======'mode_resistance_stopped'====== Args={}
2026-08-11 20:13:20,366 : INFO : EventManager : Event: ======'clear'====== Args={'key': 'resistance'}
2026-08-11 20:13:20,367 : INFO : Timer.resistance_qual_lights_15_11_timer : Stopping Timer
2026-08-11 20:13:20,367 : INFO : EventManager : Event: ======'timer_resistance_qual_lights_15_11_timer_stopped'====== Args={'ticks': 4, 'ticks_remaining': 0}
2026-08-11 20:13:20,367 : INFO : Timer.state_2_resistance_active_timer : Stopping Timer
2026-08-11 20:13:20,367 : INFO : EventManager : Event: ======'timer_state_2_resistance_active_timer_stopped'====== Args={'ticks': 15, 'ticks_remaining': 0}
2026-08-11 20:13:20,367 : INFO : Timer.state_5_resistance_active_timer : Stopping Timer
2026-08-11 20:13:20,367 : INFO : EventManager : Event: ======'timer_state_5_resistance_active_timer_stopped'====== Args={'ticks': 10, 'ticks_remaining': 0}
2026-08-11 20:13:20,367 : INFO : Timer.resistance_qual_lights_10_5_timer : Stopping Timer
2026-08-11 20:13:20,367 : INFO : EventManager : Event: ======'timer_resistance_qual_lights_10_5_timer_stopped'====== Args={'ticks': 5, 'ticks_remaining': 0}
2026-08-11 20:13:20,367 : INFO : Timer.state_3_resistance_active_timer : Stopping Timer
2026-08-11 20:13:20,367 : INFO : EventManager : Event: ======'timer_state_3_resistance_active_timer_stopped'====== Args={'ticks': 15, 'ticks_remaining': 0}
2026-08-11 20:13:20,367 : INFO : Timer.right_inlane_countdown_timer : Stopping Timer
2026-08-11 20:13:20,367 : INFO : EventManager : Event: ======'timer_right_inlane_countdown_timer_stopped'====== Args={'ticks': 15, 'ticks_remaining': 0}
2026-08-11 20:13:20,368 : INFO : Timer.resistance_qual_lights_4_0_timer : Stopping Timer
2026-08-11 20:13:20,368 : INFO : EventManager : Event: ======'timer_resistance_qual_lights_4_0_timer_stopped'====== Args={'ticks': 4, 'ticks_remaining': 0}
2026-08-11 20:13:20,368 : INFO : Timer.state_4_resistance_active_timer : Stopping Timer
2026-08-11 20:13:20,368 : INFO : EventManager : Event: ======'timer_state_4_resistance_active_timer_stopped'====== Args={'ticks': 15, 'ticks_remaining': 0}
2026-08-11 20:13:20,380 : INFO : EventManager : Event: ======'ball_ended'====== Args={}
2026-08-11 20:13:20,387 : INFO : EventManager : Event: ======'player_turn_will_end'====== Args={'player': <Player 1>, 'number': 1}
2026-08-11 20:13:20,391 : INFO : EventManager : Event: ======'player_turn_ending'====== Args={'player': <Player 1>, 'number': 1}
2026-08-11 20:13:20,392 : INFO : EventManager : Event: ======'player_turn_ended'====== Args={'player': <Player 1>, 'number': 1}
2026-08-11 20:13:20,393 : INFO : EventManager : Event: ======'game_will_end'====== Args={}
2026-08-11 20:13:20,394 : INFO : EventManager : Event: ======'game_ending'====== Args={}
2026-08-11 20:13:20,398 : INFO : EventManager : Event: ======'machine_var_player1_score'====== Args={'value': 4452100, 'prev_value': 4754074, 'change': -301974}
2026-08-11 20:13:20,399 : INFO : EventManager : Event: ======'game_ended'====== Args={}
2026-08-11 20:13:20,401 : INFO : EventManager : Event: ======'mode_game_will_stop'====== Args={}
2026-08-11 20:13:20,401 : INFO : EventManager : Event: ======'mode_game_stopping'====== Args={}
2026-08-11 20:13:20,401 : INFO : EventManager : Event: ======'mode_attract_will_start'====== Args={}
2026-08-11 20:13:20,402 : INFO : Timer.attract_carousel_timer : Starting Timer.
2026-08-11 20:13:20,402 : INFO : EventManager : Event: ======'timer_attract_carousel_timer_started'====== Args={'ticks': 0, 'ticks_remaining': 1}
2026-08-11 20:13:20,402 : INFO : EventManager : Event: ======'timer_attract_carousel_timer_tick'====== Args={'ticks': 0, 'ticks_remaining': 1}
2026-08-11 20:13:20,404 : INFO : EventManager : Event: ======'mode_attract_starting'====== Args={}
2026-08-11 20:13:20,405 : INFO : EventManager : Event: ======'machine_var_last_game_score'====== Args={'value': 4452100, 'prev_value': 0, 'change': 4452100}
2026-08-11 20:13:20,405 : INFO : Mode.attract : Started. Priority: 10
2026-08-11 20:13:20,405 : INFO : EventManager : Event: ======'modes_active_modes_changed'====== Args={}
2026-08-11 20:13:20,405 : INFO : EventManager : Event: ======'mode_attract_started'====== Args={}
2026-08-11 20:13:20,405 : INFO : EventManager : Event: ======'start_mode_attract_scores'====== Args={'priority': 0}
2026-08-11 20:13:20,406 : INFO : EventManager : Event: ======'start_mode_attract_credits'====== Args={'priority': 0}
2026-08-11 20:13:20,406 : INFO : EventManager : Event: ======'attract_backglass_cycle_start'====== Args={'priority': 0}
2026-08-11 20:13:20,406 : INFO : EventManager : Event: ======'attract_playfield_lightshow'====== Args={'priority': 0}
2026-08-11 20:13:20,407 : INFO : EventManager : Event: ======'mode_attract_scores_will_start'====== Args={'priority': 0}
2026-08-11 20:13:20,407 : INFO : Timer.attract_scores_carousel_timer : Starting Timer.
2026-08-11 20:13:20,407 : INFO : EventManager : Event: ======'timer_attract_scores_carousel_timer_started'====== Args={'ticks': 0, 'ticks_remaining': 1}
2026-08-11 20:13:20,408 : INFO : EventManager : Event: ======'timer_attract_scores_carousel_timer_tick'====== Args={'ticks': 0, 'ticks_remaining': 1}
2026-08-11 20:13:20,408 : INFO : EventManager : Event: ======'mode_attract_scores_starting'====== Args={'priority': 0}
2026-08-11 20:13:20,408 : INFO : EventManager : Event: ======'mode_attract_credits_will_start'====== Args={'priority': 0}
2026-08-11 20:13:20,408 : INFO : Timer.attract_credits_carousel_timer : Starting Timer.
2026-08-11 20:13:20,408 : INFO : EventManager : Event: ======'timer_attract_credits_carousel_timer_started'====== Args={'ticks': 0, 'ticks_remaining': 1}
2026-08-11 20:13:20,408 : INFO : EventManager : Event: ======'timer_attract_credits_carousel_timer_tick'====== Args={'ticks': 0, 'ticks_remaining': 1}
2026-08-11 20:13:20,409 : INFO : EventManager : Event: ======'mode_attract_credits_starting'====== Args={'priority': 0}
2026-08-11 20:13:20,411 : INFO : Mode.attract_credits : Started. Priority: 8
2026-08-11 20:13:20,411 : INFO : EventManager : Event: ======'modes_active_modes_changed'====== Args={}
2026-08-11 20:13:20,411 : INFO : EventManager : Event: ======'mode_attract_credits_started'====== Args={'priority': 0}
2026-08-11 20:13:20,411 : INFO : EventManager : Event: ======'carousel_item_highlighted'====== Args={'carousel': 'attract_credits', 'direction': None, 'item': 'credits_sfx'}
2026-08-11 20:13:20,412 : INFO : Mode.attract_scores : Started. Priority: 9
2026-08-11 20:13:20,412 : INFO : EventManager : Event: ======'modes_active_modes_changed'====== Args={}
2026-08-11 20:13:20,412 : INFO : EventManager : Event: ======'mode_attract_scores_started'====== Args={'priority': 0}
2026-08-11 20:13:20,412 : INFO : EventManager : Event: ======'carousel_item_highlighted'====== Args={'carousel': 'attract_scores', 'direction': None, 'item': 'last_game_score'}
2026-08-11 20:13:20,412 : INFO : EventManager : Event: ======'collecting_balls_complete'====== Args={}
2026-08-11 20:13:20,413 : INFO : EventManager : Event: ======'carousel_item_highlighted'====== Args={'carousel': 'attract', 'direction': None, 'item': 'title'}
2026-08-11 20:13:20,433 : INFO : Mode.game : Stopped.
2026-08-11 20:13:20,433 : INFO : EventManager : Event: ======'modes_active_modes_changed'====== Args={}
2026-08-11 20:13:20,433 : INFO : EventManager : Event: ======'mode_game_stopped'====== Args={}
2026-08-11 20:13:20,433 : INFO : EventManager : Event: ======'clear'====== Args={'key': 'game'}
2026-08-11 20:13:20,468 : INFO : EventManager : Event: ======'slide_attract_created'====== Args={'_from_bcp': True}
2026-08-11 20:13:20,468 : INFO : EventManager : Event: ======'slide_base_slide_inactive'====== Args={'is_removing': True, '_from_bcp': True}
2026-08-11 20:13:20,468 : INFO : EventManager : Event: ======'slide_attract_active'====== Args={'original_context': 'attract', 'original_calling_context': 'mode_attract_started', 'priority': 10.0, 'cmd': 'slides_play', '_from_bcp': True}
2026-08-11 20:13:20,484 : INFO : EventManager : Event: ======'slide_base_slide_removed'====== Args={'_from_bcp': True}
2026-08-11 20:13:25,404 : INFO : Timer.attract_credits_carousel_timer : Timer Complete
2026-08-11 20:13:25,404 : INFO : Timer.attract_credits_carousel_timer : Stopping Timer
2026-08-11 20:13:25,404 : INFO : EventManager : Event: ======'timer_attract_credits_carousel_timer_stopped'====== Args={'ticks': 1, 'ticks_remaining': 1}
2026-08-11 20:13:25,404 : INFO : EventManager : Event: ======'timer_attract_credits_carousel_timer_complete'====== Args={'ticks': 1, 'ticks_remaining': 1}
2026-08-11 20:13:25,405 : INFO : Timer.attract_scores_carousel_timer : Timer Complete
2026-08-11 20:13:25,405 : INFO : Timer.attract_scores_carousel_timer : Stopping Timer
2026-08-11 20:13:25,405 : INFO : EventManager : Event: ======'timer_attract_scores_carousel_timer_stopped'====== Args={'ticks': 1, 'ticks_remaining': 1}
2026-08-11 20:13:25,405 : INFO : EventManager : Event: ======'timer_attract_scores_carousel_timer_complete'====== Args={'ticks': 1, 'ticks_remaining': 1}
2026-08-11 20:13:25,405 : INFO : Timer.attract_carousel_timer : Timer Complete
2026-08-11 20:13:25,405 : INFO : Timer.attract_carousel_timer : Stopping Timer
2026-08-11 20:13:25,406 : INFO : EventManager : Event: ======'timer_attract_carousel_timer_stopped'====== Args={'ticks': 1, 'ticks_remaining': 1}
2026-08-11 20:13:25,406 : INFO : EventManager : Event: ======'timer_attract_carousel_timer_complete'====== Args={'ticks': 1, 'ticks_remaining': 1}
2026-08-11 20:13:25,412 : INFO : EventManager : Event: ======'carousel_item_highlighted'====== Args={'carousel': 'attract_credits', 'direction': 'forwards', 'item': 'credits_mpf'}
2026-08-11 20:13:25,412 : INFO : EventManager : Event: ======'carousel_item_highlighted'====== Args={'carousel': 'attract_scores', 'direction': 'forwards', 'item': 'grand_champion'}
2026-08-11 20:13:25,413 : INFO : EventManager : Event: ======'carousel_item_highlighted'====== Args={'carousel': 'attract', 'direction': 'forwards', 'item': 'title2'}
2026-08-11 20:13:25,413 : INFO : Timer.attract_carousel_timer : Starting Timer.
2026-08-11 20:13:25,413 : INFO : EventManager : Event: ======'timer_attract_carousel_timer_started'====== Args={'ticks': 0, 'ticks_remaining': 1}
2026-08-11 20:13:25,413 : INFO : EventManager : Event: ======'timer_attract_carousel_timer_tick'====== Args={'ticks': 0, 'ticks_remaining': 1}
2026-08-11 20:13:28,644 : INFO : EventManager : Event: ======'attract_backglass_helicopter_rotor'====== Args={}
2026-08-11 20:13:30,404 : INFO : Timer.attract_carousel_timer : Timer Complete
2026-08-11 20:13:30,404 : INFO : Timer.attract_carousel_timer : Stopping Timer
2026-08-11 20:13:30,404 : INFO : EventManager : Event: ======'timer_attract_carousel_timer_stopped'====== Args={'ticks': 1, 'ticks_remaining': 1}
2026-08-11 20:13:30,404 : INFO : EventManager : Event: ======'timer_attract_carousel_timer_complete'====== Args={'ticks': 1, 'ticks_remaining': 1}
2026-08-11 20:13:30,408 : INFO : EventManager : Event: ======'carousel_item_highlighted'====== Args={'carousel': 'attract', 'direction': 'forwards', 'item': 'title'}
2026-08-11 20:13:30,409 : INFO : Timer.attract_carousel_timer : Starting Timer.
2026-08-11 20:13:30,409 : INFO : EventManager : Event: ======'timer_attract_carousel_timer_started'====== Args={'ticks': 0, 'ticks_remaining': 1}
2026-08-11 20:13:30,409 : INFO : EventManager : Event: ======'timer_attract_carousel_timer_tick'====== Args={'ticks': 0, 'ticks_remaining': 1}
2026-08-11 20:13:31,707 : INFO : Machine : Shutting down...
2026-08-11 20:13:31,707 : INFO : EventManager : Event: ======'shutdown'====== Args={}
2026-08-11 20:13:31,803 : INFO : root : MPF run loop ended.
