2026-09-13 23:27:58,989 : INFO : root : Loading config.
2026-09-13 23:27:58,993 : INFO : YamlMultifileConfigLoader : Machine config file #1: config.yaml
2026-09-13 23:27:58,993 : INFO : ConfigProcessor : Loading config from cache: C:\Users\tl\AppData\Local\Temp\86f932e179f318f5dae29f066573dee9.mpf_cache
2026-09-13 23:27:59,086 : INFO : ConfigProcessor : Loading config from cache: C:\Users\tl\AppData\Local\Temp\5e7e3dd8e04e0aa46ea76018297218da.mpf_cache
2026-09-13 23:27:59,086 : INFO : ConfigProcessor : Loading config from cache: C:\Users\tl\AppData\Local\Temp\af6ad0dab2f43bd9cbdac83e0b2786ac.mpf_cache
2026-09-13 23:27:59,087 : INFO : ConfigProcessor : Loading config from cache: C:\Users\tl\AppData\Local\Temp\5e7e3dd8e04e0aa46ea76018297218da.mpf_cache
2026-09-13 23:27:59,088 : INFO : ConfigProcessor : Loading config from cache: C:\Users\tl\AppData\Local\Temp\078e3f4c59f1cd1bf0ff8685cc9e7ff5.mpf_cache
2026-09-13 23:27:59,089 : INFO : ConfigProcessor : Loading config from cache: C:\Users\tl\AppData\Local\Temp\279434e09bc5e8b073f441f36778b3c5.mpf_cache
2026-09-13 23:27:59,089 : INFO : ConfigProcessor : Loading config from cache: C:\Users\tl\AppData\Local\Temp\0f8a6fed03551fa5e1f599b5c511b7ce.mpf_cache
2026-09-13 23:27:59,090 : INFO : ConfigProcessor : Loading config from cache: C:\Users\tl\AppData\Local\Temp\f7ef3217062c4a128670875e2cb05ce9.mpf_cache
2026-09-13 23:27:59,091 : INFO : ConfigProcessor : Loading config from cache: C:\Users\tl\AppData\Local\Temp\af5889bf1d8b1305d084c7abbaed88de.mpf_cache
2026-09-13 23:27:59,092 : INFO : ConfigProcessor : Loading config from cache: C:\Users\tl\AppData\Local\Temp\3e0da43cdf74c6e3f9d34deafe6b0c00.mpf_cache
2026-09-13 23:27:59,092 : INFO : ConfigProcessor : Loading config from cache: C:\Users\tl\AppData\Local\Temp\3f4b5828320b2882d8f6d86277da0e3c.mpf_cache
2026-09-13 23:27:59,093 : INFO : ConfigProcessor : Loading config from cache: C:\Users\tl\AppData\Local\Temp\e0885cd80287b6cf2bdb3b3b7e551419.mpf_cache
2026-09-13 23:27:59,094 : INFO : ConfigProcessor : Loading config from cache: C:\Users\tl\AppData\Local\Temp\21a3b6af72788c31c1bb21496f7d3280.mpf_cache
2026-09-13 23:27:59,094 : INFO : ConfigProcessor : Loading config from cache: C:\Users\tl\AppData\Local\Temp\5ad868424699ac3c9402d8d89c5742fa.mpf_cache
2026-09-13 23:27:59,095 : INFO : ConfigProcessor : Loading config from cache: C:\Users\tl\AppData\Local\Temp\b41aec6702196d0bd650320fa331266f.mpf_cache
2026-09-13 23:27:59,096 : INFO : ConfigProcessor : Loading config from cache: C:\Users\tl\AppData\Local\Temp\a951eeea2c167365e5a009cce33f51d8.mpf_cache
2026-09-13 23:27:59,097 : INFO : ConfigProcessor : Loading config from cache: C:\Users\tl\AppData\Local\Temp\f020dca9eec5e09763b9289397e6c32f.mpf_cache
2026-09-13 23:27:59,097 : INFO : ConfigProcessor : Loading config from cache: C:\Users\tl\AppData\Local\Temp\edce5a74ebf86ee6330810859c361ede.mpf_cache
2026-09-13 23:27:59,098 : INFO : ConfigProcessor : Loading config from cache: C:\Users\tl\AppData\Local\Temp\7c825e76f3d981841c3099d018a06a8f.mpf_cache
2026-09-13 23:27:59,099 : INFO : ConfigProcessor : Loading config from cache: C:\Users\tl\AppData\Local\Temp\4c1252d1f04cb61ecc91110937cfd225.mpf_cache
2026-09-13 23:27:59,100 : INFO : ConfigProcessor : Loading config from cache: C:\Users\tl\AppData\Local\Temp\8d6d681afe5a7b6e9186321cd98f18ca.mpf_cache
2026-09-13 23:27:59,101 : INFO : ConfigProcessor : Loading config from cache: C:\Users\tl\AppData\Local\Temp\add3a15ea58c6bef92f0329cd292979c.mpf_cache
2026-09-13 23:27:59,101 : INFO : ConfigProcessor : Loading config from cache: C:\Users\tl\AppData\Local\Temp\b37986fa0c604ea577a0e9b44cf977e6.mpf_cache
2026-09-13 23:27:59,102 : INFO : ConfigProcessor : Loading config from cache: C:\Users\tl\AppData\Local\Temp\3e748772e5bc5fc1c228a384cbe4d644.mpf_cache
2026-09-13 23:27:59,104 : INFO : ConfigProcessor : Loading config from cache: C:\Users\tl\AppData\Local\Temp\6ca6a8b9cb340c3b8d36233eeb0719a5.mpf_cache
2026-09-13 23:27:59,105 : INFO : ConfigProcessor : Loading config from cache: C:\Users\tl\AppData\Local\Temp\d7f9969d1a13fb8a4ff98949110a3363.mpf_cache
2026-09-13 23:27:59,105 : INFO : ConfigProcessor : Loading config from cache: C:\Users\tl\AppData\Local\Temp\ea483b3190585f1b6f58e5d4b3be4053.mpf_cache
2026-09-13 23:27:59,106 : INFO : ConfigProcessor : Loading config from cache: C:\Users\tl\AppData\Local\Temp\29a24a1f58555604e17f1620fab88485.mpf_cache
2026-09-13 23:27:59,106 : INFO : ConfigProcessor : Loading config from cache: C:\Users\tl\AppData\Local\Temp\9e4f4ac993fe3c13c573513cb70c74c1.mpf_cache
2026-09-13 23:27:59,107 : INFO : ConfigProcessor : Loading config from cache: C:\Users\tl\AppData\Local\Temp\271b31ea91f7fc416a689202738fcb25.mpf_cache
2026-09-13 23:27:59,109 : INFO : ConfigProcessor : Loading config from cache: C:\Users\tl\AppData\Local\Temp\d5113bae71fe9b2600b29bf116525aac.mpf_cache
2026-09-13 23:27:59,109 : INFO : ConfigProcessor : Loading config from cache: C:\Users\tl\AppData\Local\Temp\ae5d383473e063efe671bf30ab478239.mpf_cache
2026-09-13 23:27:59,111 : INFO : ConfigProcessor : Loading config from cache: C:\Users\tl\AppData\Local\Temp\46870b44a1c011c86a746a823adf6b5a.mpf_cache
2026-09-13 23:27:59,112 : INFO : ConfigProcessor : Loading config from cache: C:\Users\tl\AppData\Local\Temp\0cf169c51710e2e034dc49f1aab9dfdd.mpf_cache
2026-09-13 23:27:59,118 : INFO : ConfigProcessor : Loading config from cache: C:\Users\tl\AppData\Local\Temp\7f1f48089af53c0812f6ef7352fae9fc.mpf_cache
2026-09-13 23:27:59,119 : INFO : ConfigProcessor : Loading config from cache: C:\Users\tl\AppData\Local\Temp\2cc33be7b212147eeee1bdfcda64fa9a.mpf_cache
2026-09-13 23:27:59,119 : INFO : ConfigProcessor : Loading config from cache: C:\Users\tl\AppData\Local\Temp\a16abf331f3e7de6af87e663850f3d9e.mpf_cache
2026-09-13 23:27:59,120 : INFO : ConfigProcessor : Loading config from cache: C:\Users\tl\AppData\Local\Temp\38e2b0a0c5cbde9df196d324be754e6f.mpf_cache
2026-09-13 23:27:59,120 : INFO : ConfigProcessor : Loading config from cache: C:\Users\tl\AppData\Local\Temp\e80dee9eca7c5982ccbcb422c91db859.mpf_cache
2026-09-13 23:27:59,121 : INFO : ConfigProcessor : Loading config from cache: C:\Users\tl\AppData\Local\Temp\0109be63d67329a8885529bd2a71548c.mpf_cache
2026-09-13 23:27:59,121 : INFO : ConfigProcessor : Loading config from cache: C:\Users\tl\AppData\Local\Temp\61bab561dcce3f0c07355166d6e0f761.mpf_cache
2026-09-13 23:27:59,122 : INFO : ConfigProcessor : Loading config from cache: C:\Users\tl\AppData\Local\Temp\25d2f8081a4f10d84b73dba07eba574c.mpf_cache
2026-09-13 23:27:59,122 : INFO : ConfigProcessor : Loading config from cache: C:\Users\tl\AppData\Local\Temp\5dff49294fdc1400ecd20df1617a2b2f.mpf_cache
2026-09-13 23:27:59,123 : INFO : ConfigProcessor : Loading config from cache: C:\Users\tl\AppData\Local\Temp\eb82598b1fb2ee02b221679b664276f0.mpf_cache
2026-09-13 23:27:59,123 : INFO : ConfigProcessor : Loading config from cache: C:\Users\tl\AppData\Local\Temp\ee5817e1bc6c76799d194e89aa39905b.mpf_cache
2026-09-13 23:27:59,124 : INFO : ConfigProcessor : Loading config from cache: C:\Users\tl\AppData\Local\Temp\b4fb504f89ca2ed519ed0a0e98e46a04.mpf_cache
2026-09-13 23:27:59,124 : INFO : ConfigProcessor : Loading config from cache: C:\Users\tl\AppData\Local\Temp\a6a2066a35a93afd7c5e023580b97319.mpf_cache
2026-09-13 23:27:59,125 : INFO : ConfigProcessor : Loading config from cache: C:\Users\tl\AppData\Local\Temp\b8c836a76b8f12a6f53828e327bc835b.mpf_cache
2026-09-13 23:27:59,125 : INFO : ConfigProcessor : Loading config from cache: C:\Users\tl\AppData\Local\Temp\a42c9a1e5925ead55e30ef9c3174b8d6.mpf_cache
2026-09-13 23:27:59,126 : INFO : ConfigProcessor : Loading config from cache: C:\Users\tl\AppData\Local\Temp\232eb4bb290f7b6232b4d79d1c841dd5.mpf_cache
2026-09-13 23:27:59,126 : INFO : ConfigProcessor : Loading config from cache: C:\Users\tl\AppData\Local\Temp\a2de7c1b2b3faf18b0affdedaa38907f.mpf_cache
2026-09-13 23:27:59,127 : INFO : ConfigProcessor : Loading config from cache: C:\Users\tl\AppData\Local\Temp\e26965993a19a15abbd54118f3bb1f6b.mpf_cache
2026-09-13 23:27:59,127 : INFO : ConfigProcessor : Loading config from cache: C:\Users\tl\AppData\Local\Temp\1a8067b3018dc540f40ee09fbd30147e.mpf_cache
2026-09-13 23:27:59,128 : INFO : ConfigProcessor : Loading config from cache: C:\Users\tl\AppData\Local\Temp\34d2c1cbec8fdaa1db7761a61cc7c1b6.mpf_cache
2026-09-13 23:27:59,129 : INFO : ConfigProcessor : Loading config from cache: C:\Users\tl\AppData\Local\Temp\4065fa59aedcbd523b942a40672a4db1.mpf_cache
2026-09-13 23:27:59,133 : INFO : ConfigProcessor : Loading config from cache: C:\Users\tl\AppData\Local\Temp\911efd7252939128e304c2322100ac37.mpf_cache
2026-09-13 23:27:59,134 : INFO : ConfigProcessor : Loading config from cache: C:\Users\tl\AppData\Local\Temp\95a50568c399a025ef217996526f3494.mpf_cache
2026-09-13 23:27:59,135 : INFO : ConfigProcessor : Loading config from cache: C:\Users\tl\AppData\Local\Temp\1c5eb8218503e51cf536cafa8bd397ee.mpf_cache
2026-09-13 23:27:59,136 : INFO : ConfigProcessor : Loading config from cache: C:\Users\tl\AppData\Local\Temp\5f6f068da8bf69eef400625ea0f44976.mpf_cache
2026-09-13 23:27:59,136 : INFO : ConfigProcessor : Loading config from cache: C:\Users\tl\AppData\Local\Temp\6d756c7e3c24aa2efe72cdb3224f8ea6.mpf_cache
2026-09-13 23:27:59,137 : INFO : ConfigProcessor : Loading config from cache: C:\Users\tl\AppData\Local\Temp\a376fdb2b6d4bb622bb4acdba901a310.mpf_cache
2026-09-13 23:27:59,137 : INFO : ConfigProcessor : Loading config from cache: C:\Users\tl\AppData\Local\Temp\4fa9cf92dccc774be532e383b837572e.mpf_cache
2026-09-13 23:27:59,138 : INFO : ConfigProcessor : Loading config from cache: C:\Users\tl\AppData\Local\Temp\7d6afe43d2cd59003bd26d29f6951346.mpf_cache
2026-09-13 23:27:59,138 : INFO : ConfigProcessor : Loading config from cache: C:\Users\tl\AppData\Local\Temp\3ec53097f46dd8f92da5caf7a9362729.mpf_cache
2026-09-13 23:27:59,143 : INFO : ConfigProcessor : Loading config from cache: C:\Users\tl\AppData\Local\Temp\c36da47bad15180a41187d147cb7917e.mpf_cache
2026-09-13 23:27:59,144 : INFO : ConfigProcessor : Loading config from cache: C:\Users\tl\AppData\Local\Temp\ca9866041621d35ab6358609b63e90d5.mpf_cache
2026-09-13 23:27:59,145 : INFO : ConfigProcessor : Loading config from cache: C:\Users\tl\AppData\Local\Temp\d3b229dc9cb99a8202099f03c2a43090.mpf_cache
2026-09-13 23:27:59,145 : INFO : ConfigProcessor : Loading config from cache: C:\Users\tl\AppData\Local\Temp\81582981e74d3995e366d06d8338d799.mpf_cache
2026-09-13 23:27:59,149 : INFO : ConfigProcessor : Loading config from cache: C:\Users\tl\AppData\Local\Temp\5b34afe52ee194dd00e9309f3b7b7351.mpf_cache
2026-09-13 23:27:59,157 : INFO : ConfigProcessor : Loading config from cache: C:\Users\tl\AppData\Local\Temp\879969db85bf719d2fcb9e04ce9b1f2c.mpf_cache
2026-09-13 23:27:59,162 : INFO : ConfigProcessor : Loading config from cache: C:\Users\tl\AppData\Local\Temp\b4093eb1dd81447678927dbfa4b9c600.mpf_cache
2026-09-13 23:27:59,169 : INFO : ConfigProcessor : Loading config from cache: C:\Users\tl\AppData\Local\Temp\e35a82f552c222d594bf16e07246473c.mpf_cache
2026-09-13 23:27:59,170 : INFO : ConfigProcessor : Loading config from cache: C:\Users\tl\AppData\Local\Temp\a4723462ff8ee54e9440eae8a1a4781c.mpf_cache
2026-09-13 23:27:59,175 : INFO : ConfigProcessor : Loading config from cache: C:\Users\tl\AppData\Local\Temp\33800f163ed2f7721971ef060d638387.mpf_cache
2026-09-13 23:27:59,188 : INFO : ConfigProcessor : Loading config from cache: C:\Users\tl\AppData\Local\Temp\cfac8a12b8c870509d27980bb08852ae.mpf_cache
2026-09-13 23:27:59,193 : INFO : ConfigProcessor : Loading config from cache: C:\Users\tl\AppData\Local\Temp\83c76c71cb0df61411f4c0eb7dea7353.mpf_cache
2026-09-13 23:27:59,197 : INFO : ConfigProcessor : Loading config from cache: C:\Users\tl\AppData\Local\Temp\7db44b334d172168fab831ef3c57ff8b.mpf_cache
2026-09-13 23:27:59,247 : INFO : ConfigProcessor : Loading config from cache: C:\Users\tl\AppData\Local\Temp\0209fa69c7ceb7b65d8e49418413a2d4.mpf_cache
2026-09-13 23:27:59,349 : INFO : ConfigProcessor : Loading config from cache: C:\Users\tl\AppData\Local\Temp\9eec954e3a0a7462dea03c8c17cb64d9.mpf_cache
2026-09-13 23:27:59,472 : INFO : ConfigProcessor : Loading config from cache: C:\Users\tl\AppData\Local\Temp\456118bf1ce6b85e98a4b068670426da.mpf_cache
2026-09-13 23:27:59,546 : INFO : ConfigProcessor : Loading config from cache: C:\Users\tl\AppData\Local\Temp\5d7ea21ac1dbbe8d902c44335cb580f3.mpf_cache
2026-09-13 23:27:59,745 : INFO : ConfigProcessor : Loading config from cache: C:\Users\tl\AppData\Local\Temp\3c338cf0a5e3d861413d7d2f266c3053.mpf_cache
2026-09-13 23:27:59,786 : INFO : ConfigProcessor : Loading config from cache: C:\Users\tl\AppData\Local\Temp\7da579784f035f2b4609b04d18d514d9.mpf_cache
2026-09-13 23:27:59,800 : INFO : ConfigProcessor : Loading config from cache: C:\Users\tl\AppData\Local\Temp\ffa5a16e3925fe77c4aff5ce9d0caddb.mpf_cache
2026-09-13 23:27:59,805 : INFO : ConfigProcessor : Loading config from cache: C:\Users\tl\AppData\Local\Temp\61c3a064e90ef7e33c913189cd37d961.mpf_cache
2026-09-13 23:27:59,806 : INFO : ConfigProcessor : Loading config from cache: C:\Users\tl\AppData\Local\Temp\25a686ef15fa403c62c3e04d82a02e30.mpf_cache
2026-09-13 23:27:59,806 : INFO : ConfigProcessor : Loading config from cache: C:\Users\tl\AppData\Local\Temp\08e4cfee44032ad50b613fdfc1c76afd.mpf_cache
2026-09-13 23:27:59,807 : INFO : ConfigProcessor : Loading config from cache: C:\Users\tl\AppData\Local\Temp\c7ff492dd95ca61c8ae2ca071fa902b1.mpf_cache
2026-09-13 23:27:59,808 : INFO : ConfigProcessor : Loading config from cache: C:\Users\tl\AppData\Local\Temp\895244eb25002d1be2182d373f22710f.mpf_cache
2026-09-13 23:27:59,808 : INFO : ConfigProcessor : Loading config from cache: C:\Users\tl\AppData\Local\Temp\8f542fdb27a9c7af6359517ab8d171a1.mpf_cache
2026-09-13 23:27:59,809 : INFO : ConfigProcessor : Loading config from cache: C:\Users\tl\AppData\Local\Temp\c899bce83960d7b8a909fd30af5ba34c.mpf_cache
2026-09-13 23:27:59,809 : INFO : ConfigProcessor : Loading config from cache: C:\Users\tl\AppData\Local\Temp\e3f8c10279e680757f03e6b0889aa739.mpf_cache
2026-09-13 23:27:59,810 : INFO : ConfigProcessor : Loading config from cache: C:\Users\tl\AppData\Local\Temp\ff087817282734556151e8020b1fd49c.mpf_cache
2026-09-13 23:27:59,810 : INFO : ConfigProcessor : Loading config from cache: C:\Users\tl\AppData\Local\Temp\17b17d6e70b510a409968e15bd8ba63c.mpf_cache
2026-09-13 23:27:59,900 : INFO : ConfigProcessor : Loading config from cache: C:\Users\tl\AppData\Local\Temp\7597473749050946854e5e52d7c2d79a.mpf_cache
2026-09-13 23:27:59,916 : INFO : ConfigProcessor : Loading config from cache: C:\Users\tl\AppData\Local\Temp\31f3b89ebad27aaf6ad1cb7b6e8c1ae3.mpf_cache
2026-09-13 23:27:59,917 : INFO : ConfigProcessor : Loading config from cache: C:\Users\tl\AppData\Local\Temp\5bdc262ac811f8916946a10b325faaed.mpf_cache
2026-09-13 23:28:00,018 : INFO : ConfigProcessor : Loading config from cache: C:\Users\tl\AppData\Local\Temp\4e08b8c240bf4c7fda77ba565d31acbf.mpf_cache
2026-09-13 23:28:00,019 : INFO : ConfigProcessor : Loading config from cache: C:\Users\tl\AppData\Local\Temp\fa1228f4f6254a2bb4324b02c31ba582.mpf_cache
2026-09-13 23:28:00,019 : INFO : ConfigProcessor : Loading config from cache: C:\Users\tl\AppData\Local\Temp\5845b7af2d7329a18142b81380f64d8e.mpf_cache
2026-09-13 23:28:00,020 : INFO : ConfigProcessor : Loading config from cache: C:\Users\tl\AppData\Local\Temp\54bf914e1528c7f3e802e39d39faeb76.mpf_cache
2026-09-13 23:28:00,020 : INFO : ConfigProcessor : Loading config from cache: C:\Users\tl\AppData\Local\Temp\103bfb4fbd71af36419ab3f548a18d71.mpf_cache
2026-09-13 23:28:00,021 : INFO : ConfigProcessor : Loading config from cache: C:\Users\tl\AppData\Local\Temp\4262986a441bb7754780f112bb0e0c56.mpf_cache
2026-09-13 23:28:00,022 : INFO : ConfigProcessor : Loading config from cache: C:\Users\tl\AppData\Local\Temp\d572a2de143bf480090a737668938cb0.mpf_cache
2026-09-13 23:28:00,023 : INFO : ConfigProcessor : Loading config from cache: C:\Users\tl\AppData\Local\Temp\2e7beac76d3bca457a3a521575ba4ead.mpf_cache
2026-09-13 23:28:00,023 : INFO : ConfigProcessor : Loading config from cache: C:\Users\tl\AppData\Local\Temp\7c0931ffc6b13496fd8fae8b9d1b7a08.mpf_cache
2026-09-13 23:28:00,024 : INFO : ConfigProcessor : Loading config from cache: C:\Users\tl\AppData\Local\Temp\62404ae2e9ee2b95d65f52fccac154f0.mpf_cache
2026-09-13 23:28:00,025 : INFO : ConfigProcessor : Loading config from cache: C:\Users\tl\AppData\Local\Temp\d8c27512a4074d58955a247342afc0f0.mpf_cache
2026-09-13 23:28:00,027 : INFO : ConfigProcessor : Loading config from cache: C:\Users\tl\AppData\Local\Temp\537cd9276618929e3a64b374ceb3437f.mpf_cache
2026-09-13 23:28:00,028 : INFO : ConfigProcessor : Loading config from cache: C:\Users\tl\AppData\Local\Temp\cf29873bc64cfbd46b5a5b4c47c95532.mpf_cache
2026-09-13 23:28:00,029 : INFO : ConfigProcessor : Loading config from cache: C:\Users\tl\AppData\Local\Temp\16182b247314d06896cbae33110acd4c.mpf_cache
2026-09-13 23:28:00,030 : INFO : ConfigProcessor : Loading config from cache: C:\Users\tl\AppData\Local\Temp\13826b94a4b36b65ca4171a1d326006f.mpf_cache
2026-09-13 23:28:00,030 : INFO : ConfigProcessor : Loading config from cache: C:\Users\tl\AppData\Local\Temp\34a4b7622c4ff26b43be2fcb96c6a855.mpf_cache
2026-09-13 23:28:00,031 : INFO : ConfigProcessor : Loading config from cache: C:\Users\tl\AppData\Local\Temp\182821bccfa4b63efd74352fab235702.mpf_cache
2026-09-13 23:28:00,032 : INFO : ConfigProcessor : Loading config from cache: C:\Users\tl\AppData\Local\Temp\2f43cefe34d7c6a44d3f6c5311f84fe9.mpf_cache
2026-09-13 23:28:00,033 : INFO : ConfigProcessor : Loading config from cache: C:\Users\tl\AppData\Local\Temp\dd8dd9f13d87b252e0a8f76fecdc5dbb.mpf_cache
2026-09-13 23:28:00,057 : INFO : ConfigProcessor : Loading config from cache: C:\Users\tl\AppData\Local\Temp\276c1f70d31e70894e5ad36255656804.mpf_cache
2026-09-13 23:28:00,057 : INFO : ConfigProcessor : Loading config from cache: C:\Users\tl\AppData\Local\Temp\14147de6d2576b83dc1fa7658d0d99f1.mpf_cache
2026-09-13 23:28:00,058 : INFO : ConfigProcessor : Loading config from cache: C:\Users\tl\AppData\Local\Temp\0560061596499ba9c1490154fdcef2ca.mpf_cache
2026-09-13 23:28:00,059 : INFO : ConfigProcessor : Loading config from cache: C:\Users\tl\AppData\Local\Temp\c1896ec26ad05d4cb3e6ad50fd8dc123.mpf_cache
2026-09-13 23:28:00,059 : INFO : ConfigProcessor : Loading config from cache: C:\Users\tl\AppData\Local\Temp\9894a77e77ebcad772e6ab40ada6f893.mpf_cache
2026-09-13 23:28:00,060 : INFO : ConfigProcessor : Loading config from cache: C:\Users\tl\AppData\Local\Temp\33a0313dc768edabc6062a57466c6435.mpf_cache
2026-09-13 23:28:00,060 : INFO : ConfigProcessor : Loading config from cache: C:\Users\tl\AppData\Local\Temp\51d1034df3c2d8154cfea3abae2369be.mpf_cache
2026-09-13 23:28:00,061 : INFO : ConfigProcessor : Loading config from cache: C:\Users\tl\AppData\Local\Temp\2904ce8d8b78981642dc8b63141b390e.mpf_cache
2026-09-13 23:28:00,062 : INFO : ConfigProcessor : Loading config from cache: C:\Users\tl\AppData\Local\Temp\de3c199f73b407edda0c6227f08684dc.mpf_cache
2026-09-13 23:28:00,062 : INFO : ConfigProcessor : Loading config from cache: C:\Users\tl\AppData\Local\Temp\5951b01dcffceee156e3aba13b4691bc.mpf_cache
2026-09-13 23:28:00,063 : INFO : ConfigProcessor : Loading config from cache: C:\Users\tl\AppData\Local\Temp\3ef5173c7a910a36727c66b6285f9c3e.mpf_cache
2026-09-13 23:28:00,063 : INFO : ConfigProcessor : Loading config from cache: C:\Users\tl\AppData\Local\Temp\d5aeeb96f0e3024d102ed6eef227158e.mpf_cache
2026-09-13 23:28:00,064 : INFO : ConfigProcessor : Loading config from cache: C:\Users\tl\AppData\Local\Temp\abac16fdcd8444e81c5d354009d45cba.mpf_cache
2026-09-13 23:28:00,065 : INFO : ConfigProcessor : Loading config from cache: C:\Users\tl\AppData\Local\Temp\1671f2a7e01818367d14934820caa625.mpf_cache
2026-09-13 23:28:00,065 : INFO : ConfigProcessor : Loading config from cache: C:\Users\tl\AppData\Local\Temp\f222a647edf3886b9afe02940fb5218b.mpf_cache
2026-09-13 23:28:00,066 : INFO : ConfigProcessor : Loading config from cache: C:\Users\tl\AppData\Local\Temp\413a5c2ee3ba22f15e31e85070bcc3a0.mpf_cache
2026-09-13 23:28:00,067 : INFO : ConfigProcessor : Loading config from cache: C:\Users\tl\AppData\Local\Temp\8441689a8d32c41acf7df12596aea2a1.mpf_cache
2026-09-13 23:28:00,068 : INFO : ConfigProcessor : Loading config from cache: C:\Users\tl\AppData\Local\Temp\5942006365c0ff9dd8daa9b6cf54f7e5.mpf_cache
2026-09-13 23:28:00,068 : INFO : ConfigProcessor : Loading config from cache: C:\Users\tl\AppData\Local\Temp\2856cb3dd9823be7f227bcd3e9e74d9c.mpf_cache
2026-09-13 23:28:00,069 : INFO : ConfigProcessor : Loading config from cache: C:\Users\tl\AppData\Local\Temp\7bc597beac49bd83589c0f432d6df3a7.mpf_cache
2026-09-13 23:28:00,069 : INFO : ConfigProcessor : Loading config from cache: C:\Users\tl\AppData\Local\Temp\68aef743ce387ca4b0917854000ab96f.mpf_cache
2026-09-13 23:28:00,071 : INFO : ConfigProcessor : Loading config from cache: C:\Users\tl\AppData\Local\Temp\d8eab45dc417e5712e341a87d617345c.mpf_cache
2026-09-13 23:28:00,072 : INFO : ConfigProcessor : Loading config from cache: C:\Users\tl\AppData\Local\Temp\469f885a0d482cac3db6f093008cfd24.mpf_cache
2026-09-13 23:28:00,072 : INFO : ConfigProcessor : Loading config from cache: C:\Users\tl\AppData\Local\Temp\a268d193aab3d6536668c32d6da9263e.mpf_cache
2026-09-13 23:28:00,072 : INFO : ConfigProcessor : Loading config from cache: C:\Users\tl\AppData\Local\Temp\0ddc24559d577387e7f3127610d528ac.mpf_cache
2026-09-13 23:28:00,073 : INFO : ConfigProcessor : Loading config from cache: C:\Users\tl\AppData\Local\Temp\a63ea6967061a0c2197fb0bb68311879.mpf_cache
2026-09-13 23:28:00,073 : INFO : ConfigProcessor : Loading config from cache: C:\Users\tl\AppData\Local\Temp\43577826f0443b71968b5102aaf30af3.mpf_cache
2026-09-13 23:28:00,074 : INFO : ConfigProcessor : Loading config from cache: C:\Users\tl\AppData\Local\Temp\9c5a8c407413e80747afdb721a5b060d.mpf_cache
2026-09-13 23:28:00,074 : INFO : ConfigProcessor : Loading config from cache: C:\Users\tl\AppData\Local\Temp\af0cbbf8538bda34a0e26f98cdd5aca7.mpf_cache
2026-09-13 23:28:00,075 : INFO : ConfigProcessor : Loading config from cache: C:\Users\tl\AppData\Local\Temp\ce8d78fec460068c5bebc943ce9b6f30.mpf_cache
2026-09-13 23:28:00,075 : INFO : ConfigProcessor : Loading config from cache: C:\Users\tl\AppData\Local\Temp\31f829499efdcff804ebe1944d19d329.mpf_cache
2026-09-13 23:28:00,076 : INFO : ConfigProcessor : Loading config from cache: C:\Users\tl\AppData\Local\Temp\79045076bfba23d531ff144ac6757de4.mpf_cache
2026-09-13 23:28:00,076 : INFO : ConfigProcessor : Loading config from cache: C:\Users\tl\AppData\Local\Temp\b26d36d0781b7ac0f26418f65421592c.mpf_cache
2026-09-13 23:28:00,076 : INFO : ConfigProcessor : Loading config from cache: C:\Users\tl\AppData\Local\Temp\8b6f457abf3cfdd87417ebce16fa6732.mpf_cache
2026-09-13 23:28:00,077 : INFO : ConfigProcessor : Loading config from cache: C:\Users\tl\AppData\Local\Temp\c59e3da9fa5362a5c24ac789898ceb13.mpf_cache
2026-09-13 23:28:00,078 : INFO : ConfigProcessor : Loading config from cache: C:\Users\tl\AppData\Local\Temp\701f2c032cd9e807d4fb3fa2828f9b37.mpf_cache
2026-09-13 23:28:00,078 : INFO : ConfigProcessor : Loading config from cache: C:\Users\tl\AppData\Local\Temp\c801690053c2da5c09f6d10b42ee9917.mpf_cache
2026-09-13 23:28:00,079 : INFO : ConfigProcessor : Loading config from cache: C:\Users\tl\AppData\Local\Temp\2e335ca9623f971cc8240d357e9bde21.mpf_cache
2026-09-13 23:28:00,079 : INFO : ConfigProcessor : Loading config from cache: C:\Users\tl\AppData\Local\Temp\291432155100441a6a6d1cc35a9827e6.mpf_cache
2026-09-13 23:28:00,079 : INFO : ConfigProcessor : Loading config from cache: C:\Users\tl\AppData\Local\Temp\3a13ce866f38c1bdfd88cdf5d8a37b57.mpf_cache
2026-09-13 23:28:00,080 : INFO : ConfigProcessor : Loading config from cache: C:\Users\tl\AppData\Local\Temp\67766e06be15afe44bf4653d2e0643ac.mpf_cache
2026-09-13 23:28:00,080 : INFO : ConfigProcessor : Loading config from cache: C:\Users\tl\AppData\Local\Temp\4d0875bd28a5b9899fb2c6e9ca5fbaa0.mpf_cache
2026-09-13 23:28:00,082 : INFO : ConfigProcessor : Loading config from cache: C:\Users\tl\AppData\Local\Temp\013b41c20fe074e5f42d4da80ff7d4bd.mpf_cache
2026-09-13 23:28:00,082 : INFO : ConfigProcessor : Loading config from cache: C:\Users\tl\AppData\Local\Temp\c0155b29343fe146f8483b349919ea50.mpf_cache
2026-09-13 23:28:00,083 : INFO : Machine : Mission Pinball Framework Core Engine v0.80.0.dev12
2026-09-13 23:28:00,083 : INFO : Machine : Command line arguments: {'no_load_cache': False, 'create_config_cache': True, 'bcp': True, 'configfile': ['config.yaml'], 'force_assets_load': False, 'platform_integration_test': False, 'jsonlogging': False, 'logfile': 'logs\\2026-09-13-23-27-58-mpf-DESKTOP-HV85DRD.log', 'pause': False, 'production': False, 'text_ui': True, 'loglevel': 15, 'consoleloglevel': 20, 'force_platform': None, 'syslog_address': None, 'full_logfile_path': 'C:\\Users\\tl\\Documents\\tl-pinball\\logs\\2026-09-13-23-27-58-mpf-DESKTOP-HV85DRD.log'}
2026-09-13 23:28:00,083 : INFO : Machine : MPF path: C:\mpf\Lib\site-packages\mpf
2026-09-13 23:28:00,083 : INFO : Machine : Machine path: C:\Users\tl\Documents\tl-pinball
2026-09-13 23:28:00,083 : INFO : Machine : Platform: win32
2026-09-13 23:28:00,083 : INFO : Machine : Python executable location: C:\mpf\Scripts\python.exe
2026-09-13 23:28:00,084 : INFO : Machine : Python version: 3.12.7 (64-bit)
2026-09-13 23:28:00,085 : INFO : Machine : Initializing MPF...
2026-09-13 23:28:00,413 : INFO : FAST [NET] : Trying to connect to COM4 at 921600bps
2026-09-13 23:28:00,418 : INFO : FAST [NET] : Connected to COM4 at 921600bps
2026-09-13 23:28:00,529 : INFO : FAST [NET] : Connected to FP-CPU-2000 with firmware v02.26
2026-09-13 23:28:00,561 : INFO : FAST [NET] : Registered I/O Board 0: Model: FP-I/O-0024, Firmware: 01.10, Switches: 24, Drivers: 8
2026-09-13 23:28:00,577 : INFO : FAST [NET] : Registered I/O Board 1: Model: FP-I/O-1616, Firmware: 01.10, Switches: 16, Drivers: 16
2026-09-13 23:28:00,593 : INFO : FAST [NET] : Registered I/O Board 2: Model: FP-I/O-3208, Firmware: 01.10, Switches: 32, Drivers: 8
2026-09-13 23:28:00,609 : INFO : FAST [NET] : Registered I/O Board 3: Model: FP-I/O-1616, Firmware: 01.10, Switches: 16, Drivers: 16
2026-09-13 23:28:00,611 : INFO : FAST [EXP] : Trying to connect to COM5 at 921600bps
2026-09-13 23:28:00,615 : INFO : FAST [EXP] : Connected to COM5 at 921600bps
2026-09-13 23:28:00,721 : INFO : FAST [EXP] : Verifying hardware for EXP "ledcab" (FP-EXP-2000, @48) with ID string "EXP FP-EXP-2000  0.42", board address 48
2026-09-13 23:28:00,737 : INFO : FAST [EXP] : Verifying hardware for EXP "ledcab" (FP-EXP-2000, @48) with ID string "BRK FP-EXP-2000  0.42", board address 480
2026-09-13 23:28:01,742 : ERROR : FAST [EXP] : Timeout waiting for response to BR@48:. Retrying...
2026-09-13 23:28:02,734 : ERROR : FAST [EXP] : Timeout waiting for response to BR@48:. Retrying...
2026-09-13 23:28:02,765 : INFO : FAST [EXP] : Verifying hardware for EXP "ledpf1" (FP-EXP-0081, @84) with ID string "EXP FP-EXP-0081  0.38", board address 84
2026-09-13 23:28:02,781 : INFO : FAST [EXP] : Verifying hardware for EXP "ledpf1" (FP-EXP-0081, @84) with ID string "BRK FP-EXP-0081  0.38", board address 840
2026-09-13 23:28:02,797 : INFO : FAST [EXP] : Verifying hardware for EXP "ledpf1" (FP-EXP-0081, @84) with ID string "BRK FP-EXP-0081  0.38", board address 841
2026-09-13 23:28:02,829 : INFO : FAST [EXP] : Verifying hardware for EXP "ledpf2" (FP-EXP-0081, @85) with ID string "EXP FP-EXP-0081  0.48", board address 85
2026-09-13 23:28:02,845 : INFO : FAST [EXP] : Verifying hardware for EXP "ledpf2" (FP-EXP-0081, @85) with ID string "BRK FP-EXP-0081  0.48", board address 850
2026-09-13 23:28:02,861 : INFO : FAST [EXP] : Verifying hardware for EXP "ledpf2" (FP-EXP-0081, @85) with ID string "BRK FP-EXP-0081  0.48", board address 851
2026-09-13 23:28:02,877 : INFO : EventManager : Event: ======'machine_var_credits_string'====== Args={'value': 'FREE PLAY', 'prev_value': None, 'change': True}
2026-09-13 23:28:02,902 : INFO : EventManager : Event: ======'machine_var_master_volume'====== Args={'value': 0.5, 'prev_value': None, 'change': True}
2026-09-13 23:28:02,902 : INFO : EventManager : Event: ======'machine_var_player1_score'====== Args={'value': 21491284, 'prev_value': None, 'change': True}
2026-09-13 23:28:02,903 : INFO : EventManager : Event: ======'machine_var_last_game_score'====== Args={'value': 0, 'prev_value': None, 'change': True}
2026-09-13 23:28:02,903 : INFO : EventManager : Event: ======'machine_var_mpf_version'====== Args={'value': 'Mission Pinball Framework v0.80.0.dev12', 'prev_value': None, 'change': True}
2026-09-13 23:28:02,903 : INFO : EventManager : Event: ======'machine_var_mpf_extended_version'====== Args={'value': 'Mission Pinball Framework v0.80.0.dev12, Config version:6, Show version: 6, BCP version:1.1', 'prev_value': None, 'change': True}
2026-09-13 23:28:02,903 : INFO : EventManager : Event: ======'machine_var_python_version'====== Args={'value': '3.12.7', 'prev_value': None, 'change': True}
2026-09-13 23:28:02,928 : INFO : EventManager : Event: ======'machine_var_platform'====== Args={'value': 'Windows-10-10.0.19044-SP0', 'prev_value': None, 'change': True}
2026-09-13 23:28:02,928 : INFO : EventManager : Event: ======'machine_var_platform_system'====== Args={'value': 'Windows', 'prev_value': None, 'change': True}
2026-09-13 23:28:02,928 : INFO : EventManager : Event: ======'machine_var_platform_release'====== Args={'value': '10', 'prev_value': None, 'change': True}
2026-09-13 23:28:02,928 : INFO : EventManager : Event: ======'machine_var_platform_version'====== Args={'value': '10.0.19044', 'prev_value': None, 'change': True}
2026-09-13 23:28:02,928 : INFO : EventManager : Event: ======'machine_var_platform_machine'====== Args={'value': 'AMD64', 'prev_value': None, 'change': True}
2026-09-13 23:28:02,928 : INFO : EventManager : Event: ======'machine_var_log_file_path'====== Args={'value': 'C:\\Users\\tl\\Documents\\tl-pinball\\logs\\2026-09-13-23-27-58-mpf-DESKTOP-HV85DRD.log', 'prev_value': None, 'change': True}
2026-09-13 23:28:02,928 : INFO : EventManager : Event: ======'init_phase_1'====== Args={}
2026-09-13 23:28:03,076 : INFO : EventManager : Event: ======'drop_target_bank_dt_bank_1_4_up'====== Args={}
2026-09-13 23:28:03,076 : INFO : EventManager : Event: ======'drop_target_bank_dt_bank_5_7_up'====== Args={}
2026-09-13 23:28:05,679 : INFO : SwitchController : <<<<<<< 's_24_trough_1' active >>>>>>>
2026-09-13 23:28:05,679 : INFO : SwitchController : <<<<<<< 's_25_trough_2' active >>>>>>>
2026-09-13 23:28:05,679 : INFO : SwitchController : <<<<<<< 's_31_plunger_lane' active >>>>>>>
2026-09-13 23:28:05,679 : INFO : SwitchController : <<<<<<< 's_38_star_rollover_bottom' active >>>>>>>
2026-09-13 23:28:05,679 : INFO : SwitchController : <<<<<<< 's_44_spinner_right' active >>>>>>>
2026-09-13 23:28:05,679 : INFO : SwitchController : <<<<<<< 's_71_spinner_left' active >>>>>>>
2026-09-13 23:28:05,762 : INFO : EventManager : Event: ======'init_phase_2'====== Args={}
2026-09-13 23:28:05,763 : INFO : SwitchController : Found active switch: (40, [FAST Platform Interface]) <switch.s_24_trough_1>
2026-09-13 23:28:05,763 : INFO : SwitchController : Found active switch: (41, [FAST Platform Interface]) <switch.s_25_trough_2>
2026-09-13 23:28:05,763 : INFO : SwitchController : Found active switch: (47, [FAST Platform Interface]) <switch.s_31_plunger_lane>
2026-09-13 23:28:05,763 : INFO : SwitchController : Found active switch: (54, [FAST Platform Interface]) <switch.s_38_star_rollover_bottom>
2026-09-13 23:28:05,763 : INFO : SwitchController : Found active switch: (60, [FAST Platform Interface]) <switch.s_44_spinner_right>
2026-09-13 23:28:05,763 : INFO : SwitchController : Found active switch: (39, [FAST Platform Interface]) <switch.s_71_spinner_left>
2026-09-13 23:28:05,810 : INFO : EventManager : Event: ======'bcp_connection_attempt'====== Args={'name': 'local_display', 'host': 'localhost', 'port': 5050}
2026-09-13 23:28:05,812 : INFO : BCPClientSocket : Connecting BCP to 'local_display' at localhost:5050...
2026-09-13 23:28:05,824 : INFO : BCPClientSocket : Connected BCP to 'local_display' localhost:5050
2026-09-13 23:28:05,825 : INFO : EventManager : Event: ======'bcp_clients_connected'====== Args={}
2026-09-13 23:28:06,174 : INFO : ball_device.bd_plunger : BCH: Initial count: 1
2026-09-13 23:28:06,174 : INFO : ball_device.bd_plunger : State: idle
2026-09-13 23:28:06,175 : INFO : ball_device.bd_trough : BCH: Initial count: 2
2026-09-13 23:28:06,175 : INFO : ball_device.bd_trough : State: idle
2026-09-13 23:28:06,176 : INFO : ball_device.bd_left_vuk : BCH: Initial count: 0
2026-09-13 23:28:06,176 : INFO : ball_device.bd_left_vuk : State: idle
2026-09-13 23:28:06,177 : INFO : ball_device.bd_right_vuk : BCH: Initial count: 0
2026-09-13 23:28:06,177 : INFO : ball_device.bd_right_vuk : State: idle
2026-09-13 23:28:06,200 : INFO : EventManager : Event: ======'init_phase_3'====== Args={}
2026-09-13 23:29:35,083 : INFO : EventManager : Event: ======'init_phase_4'====== Args={}
2026-09-13 23:29:35,133 : INFO : BallController : Initial balls found: 3
2026-09-13 23:29:35,161 : INFO : EventManager : Event: ======'machine_var_audits_events_game_ended'====== Args={'value': 221, 'prev_value': None, 'change': True}
2026-09-13 23:29:35,161 : INFO : EventManager : Event: ======'machine_var_audits_events_game_started'====== Args={'value': 336, 'prev_value': None, 'change': True}
2026-09-13 23:29:35,161 : INFO : EventManager : Event: ======'machine_var_audits_missing_switches_s_00_service_esc'====== Args={'value': 336, 'prev_value': None, 'change': True}
2026-09-13 23:29:35,161 : INFO : EventManager : Event: ======'machine_var_audits_missing_switches_s_01_service_up'====== Args={'value': 336, 'prev_value': None, 'change': True}
2026-09-13 23:29:35,161 : INFO : EventManager : Event: ======'machine_var_audits_missing_switches_s_02_service_down'====== Args={'value': 336, 'prev_value': None, 'change': True}
2026-09-13 23:29:35,161 : INFO : EventManager : Event: ======'machine_var_audits_missing_switches_s_03_service_enter'====== Args={'value': 336, 'prev_value': None, 'change': True}
2026-09-13 23:29:35,161 : INFO : EventManager : Event: ======'machine_var_audits_missing_switches_s_08_left_flipper'====== Args={'value': 7, 'prev_value': None, 'change': True}
2026-09-13 23:29:35,161 : INFO : EventManager : Event: ======'machine_var_audits_missing_switches_s_11_start_button'====== Args={'value': 18, 'prev_value': None, 'change': True}
2026-09-13 23:29:35,161 : INFO : EventManager : Event: ======'machine_var_audits_missing_switches_s_17_right_flipper_upper'====== Args={'value': 10, 'prev_value': None, 'change': True}
2026-09-13 23:29:35,162 : INFO : EventManager : Event: ======'machine_var_audits_missing_switches_s_19_cab_arrow_left'====== Args={'value': 93, 'prev_value': None, 'change': True}
2026-09-13 23:29:35,162 : INFO : EventManager : Event: ======'machine_var_audits_missing_switches_s_20_cab_arrow_right'====== Args={'value': 93, 'prev_value': None, 'change': True}
2026-09-13 23:29:35,162 : INFO : EventManager : Event: ======'machine_var_audits_missing_switches_s_32_right_inlane'====== Args={'value': 3, 'prev_value': None, 'change': True}
2026-09-13 23:29:35,162 : INFO : EventManager : Event: ======'machine_var_audits_missing_switches_s_33_right_outlane'====== Args={'value': 17, 'prev_value': None, 'change': True}
2026-09-13 23:29:35,162 : INFO : EventManager : Event: ======'machine_var_audits_missing_switches_s_35_left_inlane'====== Args={'value': 3, 'prev_value': None, 'change': True}
2026-09-13 23:29:35,162 : INFO : EventManager : Event: ======'machine_var_audits_missing_switches_s_36_left_outlane'====== Args={'value': 5, 'prev_value': None, 'change': True}
2026-09-13 23:29:35,162 : INFO : EventManager : Event: ======'machine_var_audits_missing_switches_s_37_left_sling'====== Args={'value': 3, 'prev_value': None, 'change': True}
2026-09-13 23:29:35,162 : INFO : EventManager : Event: ======'machine_var_audits_missing_switches_s_38_star_rollover_bottom'====== Args={'value': 336, 'prev_value': None, 'change': True}
2026-09-13 23:29:35,162 : INFO : EventManager : Event: ======'machine_var_audits_missing_switches_s_39_star_rollover_top'====== Args={'value': 336, 'prev_value': None, 'change': True}
2026-09-13 23:29:35,162 : INFO : EventManager : Event: ======'machine_var_audits_missing_switches_s_42_stand_up_target_1'====== Args={'value': 5, 'prev_value': None, 'change': True}
2026-09-13 23:29:35,162 : INFO : EventManager : Event: ======'machine_var_audits_missing_switches_s_43_stand_up_target_4'====== Args={'value': 3, 'prev_value': None, 'change': True}
2026-09-13 23:29:35,162 : INFO : EventManager : Event: ======'machine_var_audits_missing_switches_s_56_pop_bumper_right'====== Args={'value': 3, 'prev_value': None, 'change': True}
2026-09-13 23:29:35,162 : INFO : EventManager : Event: ======'machine_var_audits_missing_switches_s_57_pop_bumper_center'====== Args={'value': 3, 'prev_value': None, 'change': True}
2026-09-13 23:29:35,162 : INFO : EventManager : Event: ======'machine_var_audits_missing_switches_s_58_pop_bumper_left'====== Args={'value': 3, 'prev_value': None, 'change': True}
2026-09-13 23:29:35,162 : INFO : EventManager : Event: ======'machine_var_audits_missing_switches_s_59_saucer_right'====== Args={'value': 3, 'prev_value': None, 'change': True}
2026-09-13 23:29:35,163 : INFO : EventManager : Event: ======'machine_var_audits_missing_switches_s_60_top_lane_c'====== Args={'value': 1, 'prev_value': None, 'change': True}
2026-09-13 23:29:35,163 : INFO : EventManager : Event: ======'machine_var_audits_missing_switches_s_61_top_lane_b'====== Args={'value': 3, 'prev_value': None, 'change': True}
2026-09-13 23:29:35,163 : INFO : EventManager : Event: ======'machine_var_audits_missing_switches_s_62_top_lane_a'====== Args={'value': 3, 'prev_value': None, 'change': True}
2026-09-13 23:29:35,163 : INFO : EventManager : Event: ======'machine_var_audits_missing_switches_s_68_varitarget_position_5'====== Args={'value': 4, 'prev_value': None, 'change': True}
2026-09-13 23:29:35,163 : INFO : EventManager : Event: ======'machine_var_audits_missing_switches_s_69_varitarget_position_6'====== Args={'value': 4, 'prev_value': None, 'change': True}
2026-09-13 23:29:35,163 : INFO : EventManager : Event: ======'machine_var_audits_missing_switches_s_70_varitarget_position_7'====== Args={'value': 4, 'prev_value': None, 'change': True}
2026-09-13 23:29:35,163 : INFO : EventManager : Event: ======'machine_var_audits_missing_switches_s_72_single_drop_1'====== Args={'value': 3, 'prev_value': None, 'change': True}
2026-09-13 23:29:35,163 : INFO : EventManager : Event: ======'machine_var_audits_missing_switches_s_73_fourbank_drop_1'====== Args={'value': 3, 'prev_value': None, 'change': True}
2026-09-13 23:29:35,163 : INFO : EventManager : Event: ======'machine_var_audits_missing_switches_s_74_fourbank_drop_2'====== Args={'value': 3, 'prev_value': None, 'change': True}
2026-09-13 23:29:35,163 : INFO : EventManager : Event: ======'machine_var_audits_missing_switches_s_75_fourbank_drop_3'====== Args={'value': 3, 'prev_value': None, 'change': True}
2026-09-13 23:29:35,163 : INFO : EventManager : Event: ======'machine_var_audits_missing_switches_s_76_fourbank_drop_4'====== Args={'value': 3, 'prev_value': None, 'change': True}
2026-09-13 23:29:35,163 : INFO : EventManager : Event: ======'machine_var_audits_missing_switches_s_77_threebank_drop_1'====== Args={'value': 3, 'prev_value': None, 'change': True}
2026-09-13 23:29:35,163 : INFO : EventManager : Event: ======'machine_var_audits_missing_switches_s_78_threebank_drop_2'====== Args={'value': 3, 'prev_value': None, 'change': True}
2026-09-13 23:29:35,163 : INFO : EventManager : Event: ======'machine_var_audits_missing_switches_s_79_threebank_drop_3'====== Args={'value': 3, 'prev_value': None, 'change': True}
2026-09-13 23:29:35,164 : INFO : EventManager : Event: ======'machine_var_audits_missing_switches_s_80_stand_up_target_2'====== Args={'value': 3, 'prev_value': None, 'change': True}
2026-09-13 23:29:35,164 : INFO : EventManager : Event: ======'machine_var_audits_missing_switches_s_81_saucer_left'====== Args={'value': 3, 'prev_value': None, 'change': True}
2026-09-13 23:29:35,164 : INFO : EventManager : Event: ======'machine_var_audits_missing_switches_s_82_stand_up_target_bank_1'====== Args={'value': 3, 'prev_value': None, 'change': True}
2026-09-13 23:29:35,164 : INFO : EventManager : Event: ======'machine_var_audits_missing_switches_s_83_stand_up_target_bank_2'====== Args={'value': 3, 'prev_value': None, 'change': True}
2026-09-13 23:29:35,164 : INFO : EventManager : Event: ======'machine_var_audits_missing_switches_s_84_stand_up_target_bank_3'====== Args={'value': 4, 'prev_value': None, 'change': True}
2026-09-13 23:29:35,164 : INFO : EventManager : Event: ======'machine_var_audits_missing_switches_s_85_stand_up_target_bank_4'====== Args={'value': 10, 'prev_value': None, 'change': True}
2026-09-13 23:29:35,164 : INFO : EventManager : Event: ======'machine_var_audits_missing_switches_s_86_stand_up_target_bank_5'====== Args={'value': 10, 'prev_value': None, 'change': True}
2026-09-13 23:29:35,164 : INFO : EventManager : Event: ======'machine_var_audits_missing_switches_s_87_stand_up_target_bank_6'====== Args={'value': 3, 'prev_value': None, 'change': True}
2026-09-13 23:29:35,164 : INFO : EventManager : Event: ======'machine_var_audits_player_score'====== Args={'value': {'average': 6882888, 'top': [88603150, 76121812, 44765364, 42679715, 42074076, 41009082, 40615668, 24862509, 21491284, 21058224], 'total': 221}, 'prev_value': None, 'change': True}
2026-09-13 23:29:35,164 : INFO : EventManager : Event: ======'machine_var_audits_shots_resistance_qualify_target_5'====== Args={'value': 52, 'prev_value': None, 'change': True}
2026-09-13 23:29:35,164 : INFO : EventManager : Event: ======'machine_var_audits_shots_resistance_qualify_target_6'====== Args={'value': 44, 'prev_value': None, 'change': True}
2026-09-13 23:29:35,164 : INFO : EventManager : Event: ======'machine_var_audits_shots_resistance_saucer_stage_5'====== Args={'value': 1, 'prev_value': None, 'change': True}
2026-09-13 23:29:35,164 : INFO : EventManager : Event: ======'machine_var_audits_shots_resistance_single_drop_stage_5'====== Args={'value': 3, 'prev_value': None, 'change': True}
2026-09-13 23:29:35,164 : INFO : EventManager : Event: ======'machine_var_audits_shots_resistance_top_lane_stage_2'====== Args={'value': 31, 'prev_value': None, 'change': True}
2026-09-13 23:29:35,164 : INFO : EventManager : Event: ======'machine_var_audits_shots_resistance_top_lane_stage_3'====== Args={'value': 17, 'prev_value': None, 'change': True}
2026-09-13 23:29:35,165 : INFO : EventManager : Event: ======'machine_var_audits_shots_resistance_top_lane_stage_4'====== Args={'value': 9, 'prev_value': None, 'change': True}
2026-09-13 23:29:35,165 : INFO : EventManager : Event: ======'machine_var_audits_shots_shot_dt_1'====== Args={'value': 496, 'prev_value': None, 'change': True}
2026-09-13 23:29:35,165 : INFO : EventManager : Event: ======'machine_var_audits_shots_shot_dt_2'====== Args={'value': 535, 'prev_value': None, 'change': True}
2026-09-13 23:29:35,165 : INFO : EventManager : Event: ======'machine_var_audits_shots_shot_dt_3'====== Args={'value': 502, 'prev_value': None, 'change': True}
2026-09-13 23:29:35,165 : INFO : EventManager : Event: ======'machine_var_audits_shots_shot_dt_4'====== Args={'value': 446, 'prev_value': None, 'change': True}
2026-09-13 23:29:35,165 : INFO : EventManager : Event: ======'machine_var_audits_shots_shot_dt_5'====== Args={'value': 443, 'prev_value': None, 'change': True}
2026-09-13 23:29:35,165 : INFO : EventManager : Event: ======'machine_var_audits_shots_shot_dt_6'====== Args={'value': 438, 'prev_value': None, 'change': True}
2026-09-13 23:29:35,165 : INFO : EventManager : Event: ======'machine_var_audits_shots_shot_dt_7'====== Args={'value': 439, 'prev_value': None, 'change': True}
2026-09-13 23:29:35,165 : INFO : EventManager : Event: ======'machine_var_audits_shots_shot_impossible'====== Args={'value': 209, 'prev_value': None, 'change': True}
2026-09-13 23:29:35,165 : INFO : EventManager : Event: ======'machine_var_audits_shots_shot_slingshot_l'====== Args={'value': 539, 'prev_value': None, 'change': True}
2026-09-13 23:29:35,165 : INFO : EventManager : Event: ======'machine_var_audits_shots_shot_slingshot_r'====== Args={'value': 771, 'prev_value': None, 'change': True}
2026-09-13 23:29:35,165 : INFO : EventManager : Event: ======'machine_var_audits_shots_shot_sut_1'====== Args={'value': 2053, 'prev_value': None, 'change': True}
2026-09-13 23:29:35,165 : INFO : EventManager : Event: ======'machine_var_audits_shots_shot_sut_2'====== Args={'value': 2129, 'prev_value': None, 'change': True}
2026-09-13 23:29:35,165 : INFO : EventManager : Event: ======'machine_var_audits_shots_shot_sut_3'====== Args={'value': 815, 'prev_value': None, 'change': True}
2026-09-13 23:29:35,166 : INFO : EventManager : Event: ======'machine_var_audits_shots_shot_sut_4'====== Args={'value': 390, 'prev_value': None, 'change': True}
2026-09-13 23:29:35,166 : INFO : EventManager : Event: ======'machine_var_audits_shots_shot_sut_5'====== Args={'value': 560, 'prev_value': None, 'change': True}
2026-09-13 23:29:35,166 : INFO : EventManager : Event: ======'machine_var_audits_shots_shot_sut_6'====== Args={'value': 305, 'prev_value': None, 'change': True}
2026-09-13 23:29:35,166 : INFO : EventManager : Event: ======'machine_var_audits_shots_shot_sut_blue'====== Args={'value': 2689, 'prev_value': None, 'change': True}
2026-09-13 23:29:35,166 : INFO : EventManager : Event: ======'machine_var_audits_shots_shot_sut_green'====== Args={'value': 2358, 'prev_value': None, 'change': True}
2026-09-13 23:29:35,166 : INFO : EventManager : Event: ======'machine_var_audits_shots_shot_sut_red'====== Args={'value': 1205, 'prev_value': None, 'change': True}
2026-09-13 23:29:35,166 : INFO : EventManager : Event: ======'machine_var_audits_shots_spinner_left'====== Args={'value': 2867, 'prev_value': None, 'change': True}
2026-09-13 23:29:35,166 : INFO : EventManager : Event: ======'machine_var_audits_shots_spinner_right'====== Args={'value': 2996, 'prev_value': None, 'change': True}
2026-09-13 23:29:35,166 : INFO : EventManager : Event: ======'machine_var_audits_shots_varitarget_p1'====== Args={'value': 16553, 'prev_value': None, 'change': True}
2026-09-13 23:29:35,166 : INFO : EventManager : Event: ======'machine_var_audits_shots_varitarget_p2'====== Args={'value': 1000, 'prev_value': None, 'change': True}
2026-09-13 23:29:35,166 : INFO : EventManager : Event: ======'machine_var_audits_shots_varitarget_p3'====== Args={'value': 928, 'prev_value': None, 'change': True}
2026-09-13 23:29:35,166 : INFO : EventManager : Event: ======'machine_var_audits_shots_varitarget_p4'====== Args={'value': 325, 'prev_value': None, 'change': True}
2026-09-13 23:29:35,166 : INFO : EventManager : Event: ======'machine_var_audits_shots_varitarget_p5'====== Args={'value': 470, 'prev_value': None, 'change': True}
2026-09-13 23:29:35,166 : INFO : EventManager : Event: ======'machine_var_audits_shots_varitarget_p6'====== Args={'value': 540, 'prev_value': None, 'change': True}
2026-09-13 23:29:35,167 : INFO : EventManager : Event: ======'machine_var_audits_shots_varitarget_p7'====== Args={'value': 312, 'prev_value': None, 'change': True}
2026-09-13 23:29:35,167 : INFO : EventManager : Event: ======'machine_var_audits_switches_s_00_service_esc'====== Args={'value': 0, 'prev_value': None, 'change': True}
2026-09-13 23:29:35,167 : INFO : EventManager : Event: ======'machine_var_audits_switches_s_01_service_up'====== Args={'value': 0, 'prev_value': None, 'change': True}
2026-09-13 23:29:35,167 : INFO : EventManager : Event: ======'machine_var_audits_switches_s_02_service_down'====== Args={'value': 0, 'prev_value': None, 'change': True}
2026-09-13 23:29:35,167 : INFO : EventManager : Event: ======'machine_var_audits_switches_s_03_service_enter'====== Args={'value': 0, 'prev_value': None, 'change': True}
2026-09-13 23:29:35,167 : INFO : EventManager : Event: ======'machine_var_audits_switches_s_08_left_flipper'====== Args={'value': 6431, 'prev_value': None, 'change': True}
2026-09-13 23:29:35,167 : INFO : EventManager : Event: ======'machine_var_audits_switches_s_11_start_button'====== Args={'value': 493, 'prev_value': None, 'change': True}
2026-09-13 23:29:35,167 : INFO : EventManager : Event: ======'machine_var_audits_switches_s_16_right_flipper'====== Args={'value': 10922, 'prev_value': None, 'change': True}
2026-09-13 23:29:35,167 : INFO : EventManager : Event: ======'machine_var_audits_switches_s_17_right_flipper_upper'====== Args={'value': 7964, 'prev_value': None, 'change': True}
2026-09-13 23:29:35,167 : INFO : EventManager : Event: ======'machine_var_audits_switches_s_19_cab_arrow_left'====== Args={'value': 64, 'prev_value': None, 'change': True}
2026-09-13 23:29:35,167 : INFO : EventManager : Event: ======'machine_var_audits_switches_s_20_cab_arrow_right'====== Args={'value': 55, 'prev_value': None, 'change': True}
2026-09-13 23:29:35,167 : INFO : EventManager : Event: ======'machine_var_audits_switches_s_24_trough_1'====== Args={'value': 2752, 'prev_value': None, 'change': True}
2026-09-13 23:29:35,167 : INFO : EventManager : Event: ======'machine_var_audits_switches_s_25_trough_2'====== Args={'value': 2722, 'prev_value': None, 'change': True}
2026-09-13 23:29:35,167 : INFO : EventManager : Event: ======'machine_var_audits_switches_s_26_trough_3'====== Args={'value': 2344, 'prev_value': None, 'change': True}
2026-09-13 23:29:35,168 : INFO : EventManager : Event: ======'machine_var_audits_switches_s_27_trough_4'====== Args={'value': 1920, 'prev_value': None, 'change': True}
2026-09-13 23:29:35,168 : INFO : EventManager : Event: ======'machine_var_audits_switches_s_28_trough_5'====== Args={'value': 1711, 'prev_value': None, 'change': True}
2026-09-13 23:29:35,168 : INFO : EventManager : Event: ======'machine_var_audits_switches_s_29_trough_6'====== Args={'value': 1901, 'prev_value': None, 'change': True}
2026-09-13 23:29:35,168 : INFO : EventManager : Event: ======'machine_var_audits_switches_s_30_trough_jam'====== Args={'value': 2761, 'prev_value': None, 'change': True}
2026-09-13 23:29:35,168 : INFO : EventManager : Event: ======'machine_var_audits_switches_s_31_plunger_lane'====== Args={'value': 2677, 'prev_value': None, 'change': True}
2026-09-13 23:29:35,168 : INFO : EventManager : Event: ======'machine_var_audits_switches_s_32_right_inlane'====== Args={'value': 349, 'prev_value': None, 'change': True}
2026-09-13 23:29:35,168 : INFO : EventManager : Event: ======'machine_var_audits_switches_s_33_right_outlane'====== Args={'value': 152, 'prev_value': None, 'change': True}
2026-09-13 23:29:35,168 : INFO : EventManager : Event: ======'machine_var_audits_switches_s_34_right_sling'====== Args={'value': 772, 'prev_value': None, 'change': True}
2026-09-13 23:29:35,168 : INFO : EventManager : Event: ======'machine_var_audits_switches_s_35_left_inlane'====== Args={'value': 319, 'prev_value': None, 'change': True}
2026-09-13 23:29:35,168 : INFO : EventManager : Event: ======'machine_var_audits_switches_s_36_left_outlane'====== Args={'value': 123, 'prev_value': None, 'change': True}
2026-09-13 23:29:35,168 : INFO : EventManager : Event: ======'machine_var_audits_switches_s_37_left_sling'====== Args={'value': 539, 'prev_value': None, 'change': True}
2026-09-13 23:29:35,168 : INFO : EventManager : Event: ======'machine_var_audits_switches_s_38_star_rollover_bottom'====== Args={'value': 0, 'prev_value': None, 'change': True}
2026-09-13 23:29:35,168 : INFO : EventManager : Event: ======'machine_var_audits_switches_s_39_star_rollover_top'====== Args={'value': 0, 'prev_value': None, 'change': True}
2026-09-13 23:29:35,168 : INFO : EventManager : Event: ======'machine_var_audits_switches_s_40_stand_up_target_5'====== Args={'value': 638, 'prev_value': None, 'change': True}
2026-09-13 23:29:35,169 : INFO : EventManager : Event: ======'machine_var_audits_switches_s_41_stand_up_target_6'====== Args={'value': 5039, 'prev_value': None, 'change': True}
2026-09-13 23:29:35,169 : INFO : EventManager : Event: ======'machine_var_audits_switches_s_42_stand_up_target_1'====== Args={'value': 209, 'prev_value': None, 'change': True}
2026-09-13 23:29:35,169 : INFO : EventManager : Event: ======'machine_var_audits_switches_s_43_stand_up_target_4'====== Args={'value': 495, 'prev_value': None, 'change': True}
2026-09-13 23:29:35,169 : INFO : EventManager : Event: ======'machine_var_audits_switches_s_44_spinner_right'====== Args={'value': 2997, 'prev_value': None, 'change': True}
2026-09-13 23:29:35,169 : INFO : EventManager : Event: ======'machine_var_audits_switches_s_56_pop_bumper_right'====== Args={'value': 1090, 'prev_value': None, 'change': True}
2026-09-13 23:29:35,169 : INFO : EventManager : Event: ======'machine_var_audits_switches_s_57_pop_bumper_center'====== Args={'value': 2477, 'prev_value': None, 'change': True}
2026-09-13 23:29:35,169 : INFO : EventManager : Event: ======'machine_var_audits_switches_s_58_pop_bumper_left'====== Args={'value': 3899, 'prev_value': None, 'change': True}
2026-09-13 23:29:35,169 : INFO : EventManager : Event: ======'machine_var_audits_switches_s_59_saucer_right'====== Args={'value': 199, 'prev_value': None, 'change': True}
2026-09-13 23:29:35,169 : INFO : EventManager : Event: ======'machine_var_audits_switches_s_60_top_lane_c'====== Args={'value': 1101, 'prev_value': None, 'change': True}
2026-09-13 23:29:35,169 : INFO : EventManager : Event: ======'machine_var_audits_switches_s_61_top_lane_b'====== Args={'value': 952, 'prev_value': None, 'change': True}
2026-09-13 23:29:35,169 : INFO : EventManager : Event: ======'machine_var_audits_switches_s_62_top_lane_a'====== Args={'value': 325, 'prev_value': None, 'change': True}
2026-09-13 23:29:35,169 : INFO : EventManager : Event: ======'machine_var_audits_switches_s_63_stand_up_target_3'====== Args={'value': 533, 'prev_value': None, 'change': True}
2026-09-13 23:29:35,169 : INFO : EventManager : Event: ======'machine_var_audits_switches_s_64_varitarget_position_1'====== Args={'value': 16586, 'prev_value': None, 'change': True}
2026-09-13 23:29:35,170 : INFO : EventManager : Event: ======'machine_var_audits_switches_s_65_varitarget_position_2'====== Args={'value': 1001, 'prev_value': None, 'change': True}
2026-09-13 23:29:35,170 : INFO : EventManager : Event: ======'machine_var_audits_switches_s_66_varitarget_position_3'====== Args={'value': 928, 'prev_value': None, 'change': True}
2026-09-13 23:29:35,170 : INFO : EventManager : Event: ======'machine_var_audits_switches_s_67_varitarget_position_4'====== Args={'value': 327, 'prev_value': None, 'change': True}
2026-09-13 23:29:35,170 : INFO : EventManager : Event: ======'machine_var_audits_switches_s_68_varitarget_position_5'====== Args={'value': 470, 'prev_value': None, 'change': True}
2026-09-13 23:29:35,170 : INFO : EventManager : Event: ======'machine_var_audits_switches_s_69_varitarget_position_6'====== Args={'value': 540, 'prev_value': None, 'change': True}
2026-09-13 23:29:35,170 : INFO : EventManager : Event: ======'machine_var_audits_switches_s_70_varitarget_position_7'====== Args={'value': 312, 'prev_value': None, 'change': True}
2026-09-13 23:29:35,170 : INFO : EventManager : Event: ======'machine_var_audits_switches_s_71_spinner_left'====== Args={'value': 2871, 'prev_value': None, 'change': True}
2026-09-13 23:29:35,170 : INFO : EventManager : Event: ======'machine_var_audits_switches_s_72_single_drop_1'====== Args={'value': 384, 'prev_value': None, 'change': True}
2026-09-13 23:29:35,170 : INFO : EventManager : Event: ======'machine_var_audits_switches_s_73_fourbank_drop_1'====== Args={'value': 527, 'prev_value': None, 'change': True}
2026-09-13 23:29:35,170 : INFO : EventManager : Event: ======'machine_var_audits_switches_s_74_fourbank_drop_2'====== Args={'value': 547, 'prev_value': None, 'change': True}
2026-09-13 23:29:35,170 : INFO : EventManager : Event: ======'machine_var_audits_switches_s_75_fourbank_drop_3'====== Args={'value': 517, 'prev_value': None, 'change': True}
2026-09-13 23:29:35,170 : INFO : EventManager : Event: ======'machine_var_audits_switches_s_76_fourbank_drop_4'====== Args={'value': 479, 'prev_value': None, 'change': True}
2026-09-13 23:29:35,170 : INFO : EventManager : Event: ======'machine_var_audits_switches_s_77_threebank_drop_1'====== Args={'value': 767, 'prev_value': None, 'change': True}
2026-09-13 23:29:35,171 : INFO : EventManager : Event: ======'machine_var_audits_switches_s_78_threebank_drop_2'====== Args={'value': 463, 'prev_value': None, 'change': True}
2026-09-13 23:29:35,171 : INFO : EventManager : Event: ======'machine_var_audits_switches_s_79_threebank_drop_3'====== Args={'value': 448, 'prev_value': None, 'change': True}
2026-09-13 23:29:35,171 : INFO : EventManager : Event: ======'machine_var_audits_switches_s_80_stand_up_target_2'====== Args={'value': 107, 'prev_value': None, 'change': True}
2026-09-13 23:29:35,171 : INFO : EventManager : Event: ======'machine_var_audits_switches_s_81_saucer_left'====== Args={'value': 514, 'prev_value': None, 'change': True}
2026-09-13 23:29:35,171 : INFO : EventManager : Event: ======'machine_var_audits_switches_s_82_stand_up_target_bank_1'====== Args={'value': 2053, 'prev_value': None, 'change': True}
2026-09-13 23:29:35,171 : INFO : EventManager : Event: ======'machine_var_audits_switches_s_83_stand_up_target_bank_2'====== Args={'value': 2129, 'prev_value': None, 'change': True}
2026-09-13 23:29:35,171 : INFO : EventManager : Event: ======'machine_var_audits_switches_s_84_stand_up_target_bank_3'====== Args={'value': 815, 'prev_value': None, 'change': True}
2026-09-13 23:29:35,171 : INFO : EventManager : Event: ======'machine_var_audits_switches_s_85_stand_up_target_bank_4'====== Args={'value': 390, 'prev_value': None, 'change': True}
2026-09-13 23:29:35,171 : INFO : EventManager : Event: ======'machine_var_audits_switches_s_86_stand_up_target_bank_5'====== Args={'value': 560, 'prev_value': None, 'change': True}
2026-09-13 23:29:35,171 : INFO : EventManager : Event: ======'machine_var_audits_switches_s_87_stand_up_target_bank_6'====== Args={'value': 305, 'prev_value': None, 'change': True}
2026-09-13 23:29:35,186 : INFO : EventManager : Event: ======'init_phase_5'====== Args={}
2026-09-13 23:29:35,194 : INFO : EventManager : Event: ======'init_done'====== Args={}
2026-09-13 23:29:35,200 : INFO : EventManager : Event: ======'machine_reset_phase_1'====== Args={}
2026-09-13 23:29:35,230 : INFO : EventManager : Event: ======'machine_reset_phase_2'====== Args={}
2026-09-13 23:29:35,239 : INFO : EventManager : Event: ======'machine_reset_phase_3'====== Args={}
2026-09-13 23:29:35,243 : INFO : drop_target_bank.dt_bank_1_4 : All targets are already up. Will not reset bank.
2026-09-13 23:29:35,243 : INFO : drop_target_bank.dt_bank_5_7 : All targets are already up. Will not reset bank.
2026-09-13 23:29:35,246 : INFO : EventManager : Event: ======'reset_complete'====== Args={}
2026-09-13 23:29:35,250 : INFO : EventManager : Event: ======'mode_attract_will_start'====== Args={}
2026-09-13 23:29:35,251 : INFO : Timer.attract_carousel_timer : Starting Timer.
2026-09-13 23:29:35,251 : INFO : EventManager : Event: ======'timer_attract_carousel_timer_started'====== Args={'ticks': 0, 'ticks_remaining': 1}
2026-09-13 23:29:35,251 : INFO : EventManager : Event: ======'timer_attract_carousel_timer_tick'====== Args={'ticks': 0, 'ticks_remaining': 1}
2026-09-13 23:29:35,253 : INFO : EventManager : Event: ======'mode_attract_starting'====== Args={}
2026-09-13 23:29:35,253 : INFO : Mode.attract : Started. Priority: 10
2026-09-13 23:29:35,254 : INFO : EventManager : Event: ======'modes_active_modes_changed'====== Args={}
2026-09-13 23:29:35,254 : INFO : EventManager : Event: ======'mode_attract_started'====== Args={}
2026-09-13 23:29:35,254 : INFO : EventManager : Event: ======'start_mode_attract_scores'====== Args={'priority': 0}
2026-09-13 23:29:35,254 : INFO : EventManager : Event: ======'start_mode_attract_credits'====== Args={'priority': 0}
2026-09-13 23:29:35,254 : INFO : EventManager : Event: ======'attract_backglass_cycle_start'====== Args={'priority': 0}
2026-09-13 23:29:35,254 : INFO : EventManager : Event: ======'attract_playfield_lightshow'====== Args={'priority': 0}
2026-09-13 23:29:35,255 : INFO : EventManager : Event: ======'mode_attract_scores_will_start'====== Args={'priority': 0}
2026-09-13 23:29:35,255 : INFO : Timer.attract_scores_carousel_timer : Starting Timer.
2026-09-13 23:29:35,255 : INFO : EventManager : Event: ======'timer_attract_scores_carousel_timer_started'====== Args={'ticks': 0, 'ticks_remaining': 1}
2026-09-13 23:29:35,255 : INFO : EventManager : Event: ======'timer_attract_scores_carousel_timer_tick'====== Args={'ticks': 0, 'ticks_remaining': 1}
2026-09-13 23:29:35,256 : INFO : EventManager : Event: ======'mode_attract_scores_starting'====== Args={'priority': 0}
2026-09-13 23:29:35,256 : INFO : EventManager : Event: ======'mode_attract_credits_will_start'====== Args={'priority': 0}
2026-09-13 23:29:35,256 : INFO : Timer.attract_credits_carousel_timer : Starting Timer.
2026-09-13 23:29:35,256 : INFO : EventManager : Event: ======'timer_attract_credits_carousel_timer_started'====== Args={'ticks': 0, 'ticks_remaining': 1}
2026-09-13 23:29:35,256 : INFO : EventManager : Event: ======'timer_attract_credits_carousel_timer_tick'====== Args={'ticks': 0, 'ticks_remaining': 1}
2026-09-13 23:29:35,256 : INFO : EventManager : Event: ======'mode_attract_credits_starting'====== Args={'priority': 0}
2026-09-13 23:29:35,259 : INFO : Mode.attract_credits : Started. Priority: 8
2026-09-13 23:29:35,259 : INFO : EventManager : Event: ======'modes_active_modes_changed'====== Args={}
2026-09-13 23:29:35,259 : INFO : EventManager : Event: ======'mode_attract_credits_started'====== Args={'priority': 0}
2026-09-13 23:29:35,260 : INFO : EventManager : Event: ======'carousel_item_highlighted'====== Args={'carousel': 'attract_credits', 'direction': None, 'item': 'credits_sfx'}
2026-09-13 23:29:35,260 : INFO : Mode.attract_scores : Started. Priority: 9
2026-09-13 23:29:35,260 : INFO : EventManager : Event: ======'modes_active_modes_changed'====== Args={}
2026-09-13 23:29:35,260 : INFO : EventManager : Event: ======'mode_attract_scores_started'====== Args={'priority': 0}
2026-09-13 23:29:35,260 : INFO : EventManager : Event: ======'carousel_item_highlighted'====== Args={'carousel': 'attract_scores', 'direction': None, 'item': 'last_game_score'}
2026-09-13 23:29:35,260 : INFO : EventManager : Event: ======'collecting_balls'====== Args={}
2026-09-13 23:29:35,260 : INFO : ball_device.bd_plunger : Adding 1 ball(s) to the eject_queue with target <playfield.playfield>.
2026-09-13 23:29:35,261 : INFO : EventManager : Event: ======'balldevice_balls_available'====== Args={}
2026-09-13 23:29:35,261 : INFO : EventManager : Event: ======'carousel_item_highlighted'====== Args={'carousel': 'attract', 'direction': None, 'item': 'title'}
2026-09-13 23:29:35,286 : INFO : Machine : Starting the main run loop with active modes: [<Mode.attract>, <Mode.attract_scores>, <Mode.attract_credits>]
2026-09-13 23:29:35,295 : INFO : ball_device.bd_plunger : State: waiting_for_target_ready
2026-09-13 23:29:35,295 : INFO : EventManager : Event: ======'balldevice_bd_plunger_ball_eject_attempt'====== Args={'balls': 1, 'target': <playfield.playfield>, 'source': <ball_device.bd_plunger>, 'mechanical_eject': False, 'num_attempts': 0}
2026-09-13 23:29:35,301 : INFO : ball_device.bd_plunger : State: ejecting
2026-09-13 23:29:35,301 : INFO : ball_device.bd_plunger : Ejecting ball to <playfield.playfield>
2026-09-13 23:29:35,301 : INFO : EventManager : Event: ======'balldevice_bd_plunger_ejecting_ball'====== Args={'balls': 1, 'target': <playfield.playfield>, 'source': <ball_device.bd_plunger>, 'mechanical_eject': False, 'num_attempts': 0}
2026-09-13 23:29:35,318 : INFO : ball_device.bd_plunger : Wait for ball to leave device
2026-09-13 23:29:35,318 : INFO : coil.c_01_plunger : Pulsing Driver for 14ms (1.0 pulse_power)
2026-09-13 23:29:35,352 : INFO : SwitchController : <<<<<<< 's_64_varitarget_position_1' active >>>>>>>
2026-09-13 23:29:35,352 : INFO : EventManager : Event: ======'playfield_active'====== Args={'source': 'varitarget_p1'}
2026-09-13 23:29:35,358 : INFO : SwitchController : <<<<<<< 's_31_plunger_lane' inactive >>>>>>>
2026-09-13 23:29:35,358 : INFO : EventManager : Event: ======'s_31_plunger_lane_inactive'====== Args={}
2026-09-13 23:29:35,380 : INFO : ball_device.bd_plunger : State: ball_left
2026-09-13 23:29:35,380 : INFO : ball_device.bd_plunger : Ball left
2026-09-13 23:29:35,380 : INFO : ball_device.bd_plunger : Wait for confirm with timeout 4.0
2026-09-13 23:29:35,415 : INFO : EventManager : Event: ======'slide_attract_created'====== Args={'_from_bcp': True}
2026-09-13 23:29:35,415 : INFO : EventManager : Event: ======'slide__removed'====== Args={'_from_bcp': True}
2026-09-13 23:29:35,416 : INFO : EventManager : Event: ======'slide_attract_active'====== Args={'original_context': 'attract', 'original_calling_context': 'mode_attract_started', 'priority': 10.0, 'cmd': 'slides_play', '_from_bcp': True}
2026-09-13 23:29:35,478 : INFO : SwitchController : <<<<<<< 's_64_varitarget_position_1' inactive >>>>>>>
2026-09-13 23:29:35,803 : INFO : SwitchController : <<<<<<< 's_64_varitarget_position_1' active >>>>>>>
2026-09-13 23:29:35,803 : INFO : EventManager : Event: ======'playfield_active'====== Args={'source': 'varitarget_p1'}
2026-09-13 23:29:35,807 : INFO : ball_device.bd_plunger : Got eject confirm
2026-09-13 23:29:35,807 : INFO : ball_device.bd_plunger : Eject successful
2026-09-13 23:29:35,807 : INFO : EventManager : Event: ======'balldevice_bd_plunger_ball_eject_success'====== Args={'balls': 1, 'target': <playfield.playfield>}
2026-09-13 23:29:35,807 : INFO : EventManager : Event: ======'balldevice_playfield_ball_enter'====== Args={'new_balls': 1, 'unclaimed_balls': 1, 'device': <playfield.playfield>}
2026-09-13 23:29:35,807 : INFO : EventManager : Event: ======'playfield_ball_count_change'====== Args={'balls': 1, 'change': 1}
2026-09-13 23:29:35,808 : INFO : EventManager : Event: ======'balldevice_bd_plunger_ball_count_changed'====== Args={'balls': 0}
2026-09-13 23:29:35,808 : INFO : ball_device.bd_plunger : State: idle
2026-09-13 23:29:35,898 : INFO : SwitchController : <<<<<<< 's_60_top_lane_c' active >>>>>>>
2026-09-13 23:29:35,898 : INFO : EventManager : Event: ======'s_60_top_lane_c_active'====== Args={}
2026-09-13 23:29:35,898 : INFO : EventManager : Event: ======'sw_playfield_active'====== Args={}
2026-09-13 23:29:35,898 : INFO : SwitchController : <<<<<<< 's_60_top_lane_c' inactive >>>>>>>
2026-09-13 23:29:36,218 : INFO : SwitchController : <<<<<<< 's_63_stand_up_target_3' active >>>>>>>
2026-09-13 23:29:36,218 : INFO : EventManager : Event: ======'sw_playfield_active'====== Args={}
2026-09-13 23:29:36,249 : INFO : SwitchController : <<<<<<< 's_63_stand_up_target_3' inactive >>>>>>>
2026-09-13 23:29:37,125 : INFO : SwitchController : <<<<<<< 's_62_top_lane_a' active >>>>>>>
2026-09-13 23:29:37,125 : INFO : EventManager : Event: ======'sw_playfield_active'====== Args={}
2026-09-13 23:29:37,204 : INFO : SwitchController : <<<<<<< 's_62_top_lane_a' inactive >>>>>>>
2026-09-13 23:29:37,365 : INFO : SwitchController : <<<<<<< 's_58_pop_bumper_left' active >>>>>>>
2026-09-13 23:29:37,383 : INFO : SwitchController : <<<<<<< 's_58_pop_bumper_left' inactive >>>>>>>
2026-09-13 23:29:37,665 : INFO : SwitchController : <<<<<<< 's_64_varitarget_position_1' inactive >>>>>>>
2026-09-13 23:29:37,966 : INFO : SwitchController : <<<<<<< 's_57_pop_bumper_center' active >>>>>>>
2026-09-13 23:29:37,983 : INFO : SwitchController : <<<<<<< 's_64_varitarget_position_1' active >>>>>>>
2026-09-13 23:29:38,001 : INFO : SwitchController : <<<<<<< 's_57_pop_bumper_center' inactive >>>>>>>
2026-09-13 23:29:40,248 : INFO : Timer.attract_carousel_timer : Timer Complete
2026-09-13 23:29:40,248 : INFO : Timer.attract_carousel_timer : Stopping Timer
2026-09-13 23:29:40,248 : INFO : EventManager : Event: ======'timer_attract_carousel_timer_stopped'====== Args={'ticks': 1, 'ticks_remaining': 1}
2026-09-13 23:29:40,249 : INFO : EventManager : Event: ======'timer_attract_carousel_timer_complete'====== Args={'ticks': 1, 'ticks_remaining': 1}
2026-09-13 23:29:40,250 : INFO : Timer.attract_scores_carousel_timer : Timer Complete
2026-09-13 23:29:40,250 : INFO : Timer.attract_scores_carousel_timer : Stopping Timer
2026-09-13 23:29:40,250 : INFO : EventManager : Event: ======'timer_attract_scores_carousel_timer_stopped'====== Args={'ticks': 1, 'ticks_remaining': 1}
2026-09-13 23:29:40,250 : INFO : EventManager : Event: ======'timer_attract_scores_carousel_timer_complete'====== Args={'ticks': 1, 'ticks_remaining': 1}
2026-09-13 23:29:40,251 : INFO : Timer.attract_credits_carousel_timer : Timer Complete
2026-09-13 23:29:40,251 : INFO : Timer.attract_credits_carousel_timer : Stopping Timer
2026-09-13 23:29:40,251 : INFO : EventManager : Event: ======'timer_attract_credits_carousel_timer_stopped'====== Args={'ticks': 1, 'ticks_remaining': 1}
2026-09-13 23:29:40,251 : INFO : EventManager : Event: ======'timer_attract_credits_carousel_timer_complete'====== Args={'ticks': 1, 'ticks_remaining': 1}
2026-09-13 23:29:40,251 : INFO : EventManager : Event: ======'carousel_item_highlighted'====== Args={'carousel': 'attract', 'direction': 'forwards', 'item': 'title2'}
2026-09-13 23:29:40,251 : INFO : Timer.attract_carousel_timer : Starting Timer.
2026-09-13 23:29:40,251 : INFO : EventManager : Event: ======'timer_attract_carousel_timer_started'====== Args={'ticks': 0, 'ticks_remaining': 1}
2026-09-13 23:29:40,251 : INFO : EventManager : Event: ======'timer_attract_carousel_timer_tick'====== Args={'ticks': 0, 'ticks_remaining': 1}
2026-09-13 23:29:40,251 : INFO : EventManager : Event: ======'carousel_item_highlighted'====== Args={'carousel': 'attract_scores', 'direction': 'forwards', 'item': 'grand_champion'}
2026-09-13 23:29:40,251 : INFO : EventManager : Event: ======'carousel_item_highlighted'====== Args={'carousel': 'attract_credits', 'direction': 'forwards', 'item': 'credits_mpf'}
2026-09-13 23:29:42,795 : INFO : SwitchController : <<<<<<< 's_28_trough_5' active >>>>>>>
2026-09-13 23:29:42,826 : INFO : SwitchController : <<<<<<< 's_28_trough_5' inactive >>>>>>>
2026-09-13 23:29:42,874 : INFO : SwitchController : <<<<<<< 's_27_trough_4' active >>>>>>>
2026-09-13 23:29:42,906 : INFO : SwitchController : <<<<<<< 's_27_trough_4' inactive >>>>>>>
2026-09-13 23:29:42,922 : INFO : SwitchController : <<<<<<< 's_26_trough_3' active >>>>>>>
2026-09-13 23:29:43,433 : INFO : EventManager : Event: ======'balldevice_bd_trough_ball_count_changed'====== Args={'balls': 3}
2026-09-13 23:29:43,433 : INFO : ball_device.bd_trough : Received unexpected ball
2026-09-13 23:29:43,433 : INFO : EventManager : Event: ======'balldevice_captured_from_playfield'====== Args={'balls': 1}
2026-09-13 23:29:43,433 : INFO : EventManager : Event: ======'sw_playfield_active'====== Args={'balls': 1}
2026-09-13 23:29:43,434 : INFO : EventManager : Event: ======'playfield_ball_count_change'====== Args={'balls': 0, 'change': -1}
2026-09-13 23:29:43,434 : INFO : EventManager : Event: ======'balldevice_bd_trough_ball_enter'====== Args={'new_balls': 1, 'unclaimed_balls': 1, 'new_available_balls': 1, 'device': <ball_device.bd_trough>}
2026-09-13 23:29:43,434 : INFO : EventManager : Event: ======'ball_drain'====== Args={'device': <ball_device.bd_trough>, 'balls': 1}
2026-09-13 23:29:43,434 : INFO : EventManager : Event: ======'collecting_balls_complete'====== Args={}
2026-09-13 23:29:43,435 : INFO : EventManager : Event: ======'balldevice_balls_available'====== Args={}
2026-09-13 23:29:43,435 : INFO : EventManager : Event: ======'balldevice_bd_trough_ball_entered'====== Args={'new_balls': 1, 'device': <ball_device.bd_trough>}
2026-09-13 23:29:43,497 : INFO : EventManager : Event: ======'attract_backglass_helicopter_rotor'====== Args={}
2026-09-13 23:29:45,237 : INFO : Timer.attract_carousel_timer : Timer Complete
2026-09-13 23:29:45,237 : INFO : Timer.attract_carousel_timer : Stopping Timer
2026-09-13 23:29:45,237 : INFO : EventManager : Event: ======'timer_attract_carousel_timer_stopped'====== Args={'ticks': 1, 'ticks_remaining': 1}
2026-09-13 23:29:45,237 : INFO : EventManager : Event: ======'timer_attract_carousel_timer_complete'====== Args={'ticks': 1, 'ticks_remaining': 1}
2026-09-13 23:29:45,237 : INFO : EventManager : Event: ======'carousel_item_highlighted'====== Args={'carousel': 'attract', 'direction': 'forwards', 'item': 'title'}
2026-09-13 23:29:45,238 : INFO : Timer.attract_carousel_timer : Starting Timer.
2026-09-13 23:29:45,238 : INFO : EventManager : Event: ======'timer_attract_carousel_timer_started'====== Args={'ticks': 0, 'ticks_remaining': 1}
2026-09-13 23:29:45,238 : INFO : EventManager : Event: ======'timer_attract_carousel_timer_tick'====== Args={'ticks': 0, 'ticks_remaining': 1}
2026-09-13 23:29:46,937 : INFO : EventManager : Event: ======'attract_step_3'====== Args={}
2026-09-13 23:29:47,017 : INFO : SwitchController : <<<<<<< 's_11_start_button' active >>>>>>>
2026-09-13 23:29:47,145 : INFO : SwitchController : <<<<<<< 's_11_start_button' inactive >>>>>>>
2026-09-13 23:29:47,145 : INFO : EventManager : Event: ======'request_to_start_game'====== Args={}
2026-09-13 23:29:47,145 : INFO : EventManager : Event: ======'game_start'====== Args={'buttons': [], 'hold_time': 0.125}
2026-09-13 23:29:47,145 : INFO : EventManager : Event: ======'mode_game_will_start'====== Args={'buttons': [], 'hold_time': 0.125}
2026-09-13 23:29:47,146 : INFO : EventManager : Event: ======'mode_game_starting'====== Args={'buttons': [], 'hold_time': 0.125}
2026-09-13 23:29:47,146 : INFO : EventManager : Event: ======'mode_attract_will_stop'====== Args={}
2026-09-13 23:29:47,146 : INFO : EventManager : Event: ======'mode_attract_stopping'====== Args={}
2026-09-13 23:29:47,146 : INFO : EventManager : Event: ======'stop_mode_attract_scores'====== Args={'priority': 0}
2026-09-13 23:29:47,146 : INFO : EventManager : Event: ======'stop_mode_attract_credits'====== Args={'priority': 0}
2026-09-13 23:29:47,146 : INFO : EventManager : Event: ======'attract_music_stop'====== Args={'priority': 0}
2026-09-13 23:29:47,146 : INFO : EventManager : Event: ======'stop_directional_audio'====== Args={'priority': 0}
2026-09-13 23:29:47,146 : INFO : Timer.backglass_cycle_restart_delay : Stopping Timer
2026-09-13 23:29:47,146 : INFO : EventManager : Event: ======'timer_backglass_cycle_restart_delay_stopped'====== Args={'ticks': 0, 'ticks_remaining': 0}
2026-09-13 23:29:47,146 : INFO : EventManager : Event: ======'mode_attract_scores_will_stop'====== Args={}
2026-09-13 23:29:47,146 : INFO : EventManager : Event: ======'mode_attract_scores_stopping'====== Args={}
2026-09-13 23:29:47,146 : INFO : EventManager : Event: ======'mode_attract_credits_will_stop'====== Args={}
2026-09-13 23:29:47,147 : INFO : EventManager : Event: ======'mode_attract_credits_stopping'====== Args={}
2026-09-13 23:29:47,147 : INFO : EventManager : Event: ======'audio_command'====== Args={'priority': 0, 'command': 0}
2026-09-13 23:29:47,147 : INFO : Mode.attract : Stopped.
2026-09-13 23:29:47,147 : INFO : EventManager : Event: ======'modes_active_modes_changed'====== Args={}
2026-09-13 23:29:47,149 : INFO : EventManager : Event: ======'mode_attract_stopped'====== Args={}
2026-09-13 23:29:47,149 : INFO : EventManager : Event: ======'clear'====== Args={'key': 'attract'}
2026-09-13 23:29:47,150 : INFO : Timer.backglass_cycle_restart_delay : Stopping Timer
2026-09-13 23:29:47,150 : INFO : EventManager : Event: ======'timer_backglass_cycle_restart_delay_stopped'====== Args={'ticks': 0, 'ticks_remaining': 0}
2026-09-13 23:29:47,150 : INFO : Timer.attract_carousel_timer : Stopping Timer
2026-09-13 23:29:47,150 : INFO : EventManager : Event: ======'timer_attract_carousel_timer_stopped'====== Args={'ticks': 0, 'ticks_remaining': 1}
2026-09-13 23:29:47,150 : INFO : Timer.directional_track_1_delay : Stopping Timer
2026-09-13 23:29:47,150 : INFO : EventManager : Event: ======'timer_directional_track_1_delay_stopped'====== Args={'ticks': 0, 'ticks_remaining': 0}
2026-09-13 23:29:47,150 : INFO : Mode.attract_credits : Stopped.
2026-09-13 23:29:47,150 : INFO : EventManager : Event: ======'modes_active_modes_changed'====== Args={}
2026-09-13 23:29:47,150 : INFO : EventManager : Event: ======'mode_attract_credits_stopped'====== Args={}
2026-09-13 23:29:47,150 : INFO : EventManager : Event: ======'clear'====== Args={'key': 'attract_credits'}
2026-09-13 23:29:47,150 : INFO : Timer.attract_credits_carousel_timer : Stopping Timer
2026-09-13 23:29:47,150 : INFO : EventManager : Event: ======'timer_attract_credits_carousel_timer_stopped'====== Args={'ticks': 1, 'ticks_remaining': 1}
2026-09-13 23:29:47,150 : INFO : Mode.attract_scores : Stopped.
2026-09-13 23:29:47,150 : INFO : EventManager : Event: ======'modes_active_modes_changed'====== Args={}
2026-09-13 23:29:47,150 : INFO : EventManager : Event: ======'mode_attract_scores_stopped'====== Args={}
2026-09-13 23:29:47,150 : INFO : EventManager : Event: ======'clear'====== Args={'key': 'attract_scores'}
2026-09-13 23:29:47,151 : INFO : Timer.attract_scores_carousel_timer : Stopping Timer
2026-09-13 23:29:47,151 : INFO : EventManager : Event: ======'timer_attract_scores_carousel_timer_stopped'====== Args={'ticks': 1, 'ticks_remaining': 1}
2026-09-13 23:29:47,151 : INFO : Mode.game : Started. Priority: 20
2026-09-13 23:29:47,151 : INFO : EventManager : Event: ======'modes_active_modes_changed'====== Args={}
2026-09-13 23:29:47,151 : INFO : EventManager : Event: ======'mode_game_started'====== Args={'buttons': [], 'hold_time': 0.125}
2026-09-13 23:29:47,161 : INFO : EventManager : Event: ======'game_will_start'====== Args={}
2026-09-13 23:29:47,161 : INFO : EventManager : Event: ======'game_starting'====== Args={'game': <Mode.game>}
2026-09-13 23:29:47,162 : INFO : EventManager : Unordered handler for class <Auditor> on event game_ended with priority 1. Handlers: [RegisteredHandler(callback=<bound method Auditor.disable of <Auditor>>, priority=1, kwargs={}, key=UUID('855b919d-9413-41ef-81ff-28d6c05ff936'), condition=None, blocking_facility=None), RegisteredHandler(callback=<bound method Auditor._save_audits of <Auditor>>, priority=1, kwargs={}, key=UUID('3002144e-e97c-49ae-a2c4-f6574f81b95a'), condition=None, blocking_facility=None)]. The order of those handlers is not defined and they will be executed in random order. This might lead to race conditions and potential bugs.
2026-09-13 23:29:47,163 : INFO : EventManager : Event: ======'player_add_request'====== Args={}
2026-09-13 23:29:47,163 : INFO : EventManager : Event: ======'player_will_add'====== Args={'number': 1}
2026-09-13 23:29:47,163 : INFO : EventManager : Event: ======'player_adding'====== Args={'player': <Player 1>, 'number': 1}
2026-09-13 23:29:47,163 : INFO : EventManager : Event: ======'player_added'====== Args={'player': <Player 1>, 'num': 1}
2026-09-13 23:29:47,163 : INFO : Mode.game : Player added successfully. Total players: 1
2026-09-13 23:29:47,164 : INFO : EventManager : Event: ======'player_index'====== Args={'value': 0, 'prev_value': 0, 'change': 0, 'player_num': 1}
2026-09-13 23:29:47,164 : INFO : EventManager : Event: ======'player_number'====== Args={'value': 1, 'prev_value': 1, 'change': 0, 'player_num': 1}
2026-09-13 23:29:47,164 : INFO : EventManager : Event: ======'player_awareness'====== Args={'value': 0, 'prev_value': 0, 'change': 0, 'player_num': 1}
2026-09-13 23:29:47,164 : INFO : EventManager : Event: ======'player_awareness_target'====== Args={'value': 100, 'prev_value': 100, 'change': 0, 'player_num': 1}
2026-09-13 23:29:47,164 : INFO : EventManager : Event: ======'player_awareness_qualified'====== Args={'value': 0, 'prev_value': 0, 'change': 0, 'player_num': 1}
2026-09-13 23:29:47,164 : INFO : EventManager : Event: ======'player_awareness_mysteries_collected'====== Args={'value': 0, 'prev_value': 0, 'change': 0, 'player_num': 1}
2026-09-13 23:29:47,164 : INFO : EventManager : Event: ======'player_awareness_milestone_25'====== Args={'value': 0, 'prev_value': 0, 'change': 0, 'player_num': 1}
2026-09-13 23:29:47,165 : INFO : EventManager : Event: ======'player_awareness_milestone_50'====== Args={'value': 0, 'prev_value': 0, 'change': 0, 'player_num': 1}
2026-09-13 23:29:47,165 : INFO : EventManager : Event: ======'player_awareness_milestone_75'====== Args={'value': 0, 'prev_value': 0, 'change': 0, 'player_num': 1}
2026-09-13 23:29:47,165 : INFO : EventManager : Event: ======'player_score'====== Args={'value': 0, 'prev_value': 0, 'change': 0, 'player_num': 1}
2026-09-13 23:29:47,166 : INFO : EventManager : Event: ======'game_started'====== Args={}
2026-09-13 23:29:47,166 : WARNING : Mode.obey_status : Can only start mode obey_status during a game. Aborting start.
2026-09-13 23:29:47,175 : INFO : EventManager : Event: ======'player_turn_will_start'====== Args={'player': <Player 1>, 'number': 1}
2026-09-13 23:29:47,184 : INFO : EventManager : Event: ======'player_turn_starting'====== Args={'player': <Player 1>, 'number': 1}
2026-09-13 23:29:47,184 : INFO : EventManager : Event: ======'player_ball'====== Args={'value': 1, 'prev_value': 0, 'change': 1, 'player_num': 1}
2026-09-13 23:29:47,185 : INFO : EventManager : Event: ======'player_turn_started'====== Args={'player': <Player 1>, 'number': 1}
2026-09-13 23:29:47,186 : INFO : EventManager : Event: ======'ball_will_start'====== Args={'player': 1, 'ball': 1, 'balls_remaining': 2, 'is_extra_ball': False}
2026-09-13 23:29:47,189 : INFO : EventManager : Event: ======'ball_starting'====== Args={'player': 1, 'ball': 1, 'balls_remaining': 2, 'is_extra_ball': False}
2026-09-13 23:29:47,189 : INFO : EventManager : Event: ======'mode_skillshot_will_start'====== Args={'queue': <QueuedEvent>, 'player': 1, 'ball': 1, 'balls_remaining': 2, 'is_extra_ball': False}
2026-09-13 23:29:47,197 : INFO : EventManager : Event: ======'mode_skillshot_starting'====== Args={'queue': <QueuedEvent>, 'player': 1, 'ball': 1, 'balls_remaining': 2, 'is_extra_ball': False}
2026-09-13 23:29:47,197 : INFO : EventManager : Event: ======'mode_awareness_will_start'====== Args={'queue': <QueuedEvent>, 'player': 1, 'ball': 1, 'balls_remaining': 2, 'is_extra_ball': False}
2026-09-13 23:29:47,201 : INFO : EventManager : Event: ======'mode_awareness_starting'====== Args={'queue': <QueuedEvent>, 'player': 1, 'ball': 1, 'balls_remaining': 2, 'is_extra_ball': False}
2026-09-13 23:29:47,201 : INFO : EventManager : Event: ======'mode_base_will_start'====== Args={'queue': <QueuedEvent>, 'player': 1, 'ball': 1, 'balls_remaining': 2, 'is_extra_ball': False}
2026-09-13 23:29:47,201 : INFO : EventManager : Event: ======'player_shot_varitarget_p1_enabled'====== Args={'value': True, 'prev_value': 0, 'change': 1, 'player_num': 1}
2026-09-13 23:29:47,201 : INFO : EventManager : Event: ======'player_shot_varitarget_p2_enabled'====== Args={'value': True, 'prev_value': 0, 'change': 1, 'player_num': 1}
2026-09-13 23:29:47,201 : INFO : EventManager : Event: ======'player_shot_varitarget_p3_enabled'====== Args={'value': True, 'prev_value': 0, 'change': 1, 'player_num': 1}
2026-09-13 23:29:47,202 : INFO : EventManager : Event: ======'player_shot_varitarget_p4_enabled'====== Args={'value': True, 'prev_value': 0, 'change': 1, 'player_num': 1}
2026-09-13 23:29:47,202 : INFO : EventManager : Event: ======'player_shot_varitarget_p5_enabled'====== Args={'value': True, 'prev_value': 0, 'change': 1, 'player_num': 1}
2026-09-13 23:29:47,202 : INFO : EventManager : Event: ======'player_shot_varitarget_p6_enabled'====== Args={'value': True, 'prev_value': 0, 'change': 1, 'player_num': 1}
2026-09-13 23:29:47,202 : INFO : EventManager : Event: ======'player_shot_varitarget_p7_enabled'====== Args={'value': True, 'prev_value': 0, 'change': 1, 'player_num': 1}
2026-09-13 23:29:47,202 : INFO : EventManager : Event: ======'player_shot_shot_impossible_enabled'====== Args={'value': True, 'prev_value': 0, 'change': 1, 'player_num': 1}
2026-09-13 23:29:47,203 : INFO : EventManager : Event: ======'player_shot_shot_dt_1_enabled'====== Args={'value': True, 'prev_value': 0, 'change': 1, 'player_num': 1}
2026-09-13 23:29:47,203 : INFO : EventManager : Event: ======'player_shot_shot_dt_2_enabled'====== Args={'value': True, 'prev_value': 0, 'change': 1, 'player_num': 1}
2026-09-13 23:29:47,203 : INFO : EventManager : Event: ======'player_shot_shot_dt_3_enabled'====== Args={'value': True, 'prev_value': 0, 'change': 1, 'player_num': 1}
2026-09-13 23:29:47,203 : INFO : EventManager : Event: ======'player_shot_shot_dt_4_enabled'====== Args={'value': True, 'prev_value': 0, 'change': 1, 'player_num': 1}
2026-09-13 23:29:47,203 : INFO : EventManager : Event: ======'player_shot_shot_dt_5_enabled'====== Args={'value': True, 'prev_value': 0, 'change': 1, 'player_num': 1}
2026-09-13 23:29:47,204 : INFO : EventManager : Event: ======'player_shot_shot_dt_6_enabled'====== Args={'value': True, 'prev_value': 0, 'change': 1, 'player_num': 1}
2026-09-13 23:29:47,204 : INFO : EventManager : Event: ======'player_shot_shot_dt_7_enabled'====== Args={'value': True, 'prev_value': 0, 'change': 1, 'player_num': 1}
2026-09-13 23:29:47,204 : INFO : EventManager : Event: ======'player_shot_shot_sut_1_enabled'====== Args={'value': True, 'prev_value': 0, 'change': 1, 'player_num': 1}
2026-09-13 23:29:47,204 : INFO : EventManager : Event: ======'player_shot_shot_sut_2_enabled'====== Args={'value': True, 'prev_value': 0, 'change': 1, 'player_num': 1}
2026-09-13 23:29:47,204 : INFO : EventManager : Event: ======'player_shot_shot_sut_3_enabled'====== Args={'value': True, 'prev_value': 0, 'change': 1, 'player_num': 1}
2026-09-13 23:29:47,204 : INFO : EventManager : Event: ======'player_shot_shot_sut_4_enabled'====== Args={'value': True, 'prev_value': 0, 'change': 1, 'player_num': 1}
2026-09-13 23:29:47,205 : INFO : EventManager : Event: ======'player_shot_shot_sut_5_enabled'====== Args={'value': True, 'prev_value': 0, 'change': 1, 'player_num': 1}
2026-09-13 23:29:47,205 : INFO : EventManager : Event: ======'player_shot_shot_sut_6_enabled'====== Args={'value': True, 'prev_value': 0, 'change': 1, 'player_num': 1}
2026-09-13 23:29:47,205 : INFO : EventManager : Event: ======'player_shot_shot_sut_green_enabled'====== Args={'value': True, 'prev_value': 0, 'change': 1, 'player_num': 1}
2026-09-13 23:29:47,205 : INFO : EventManager : Event: ======'player_shot_shot_sut_blue_enabled'====== Args={'value': True, 'prev_value': 0, 'change': 1, 'player_num': 1}
2026-09-13 23:29:47,205 : INFO : EventManager : Event: ======'player_shot_shot_sut_red_enabled'====== Args={'value': True, 'prev_value': 0, 'change': 1, 'player_num': 1}
2026-09-13 23:29:47,206 : INFO : EventManager : Event: ======'player_shot_shot_slingshot_l_enabled'====== Args={'value': True, 'prev_value': 0, 'change': 1, 'player_num': 1}
2026-09-13 23:29:47,206 : INFO : EventManager : Event: ======'player_shot_shot_slingshot_r_enabled'====== Args={'value': True, 'prev_value': 0, 'change': 1, 'player_num': 1}
2026-09-13 23:29:47,206 : INFO : EventManager : Event: ======'player_shot_shot_rollover_bottom_enabled'====== Args={'value': True, 'prev_value': 0, 'change': 1, 'player_num': 1}
2026-09-13 23:29:47,206 : INFO : EventManager : Event: ======'player_shot_shot_rollover_top_enabled'====== Args={'value': True, 'prev_value': 0, 'change': 1, 'player_num': 1}
2026-09-13 23:29:47,206 : INFO : EventManager : Event: ======'player_shot_spinner_left_enabled'====== Args={'value': True, 'prev_value': 0, 'change': 1, 'player_num': 1}
2026-09-13 23:29:47,207 : INFO : EventManager : Event: ======'player_shot_spinner_right_enabled'====== Args={'value': True, 'prev_value': 0, 'change': 1, 'player_num': 1}
2026-09-13 23:29:47,207 : INFO : EventManager : Event: ======'varitarget_positions_complete'====== Args={'state': 'unlit'}
2026-09-13 23:29:47,207 : INFO : EventManager : Event: ======'varitarget_positions_unlit_complete'====== Args={}
2026-09-13 23:29:47,208 : INFO : EventManager : Event: ======'player_base_varitarget_reset_timer_tick'====== Args={'value': 0, 'prev_value': 0, 'change': 0, 'player_num': 1}
2026-09-13 23:29:47,208 : INFO : EventManager : Event: ======'player_base_varitarget_hit_settle_tick'====== Args={'value': 3, 'prev_value': 0, 'change': 3, 'player_num': 1}
2026-09-13 23:29:47,214 : INFO : EventManager : Event: ======'mode_base_starting'====== Args={'queue': <QueuedEvent>, 'player': 1, 'ball': 1, 'balls_remaining': 2, 'is_extra_ball': False}
2026-09-13 23:29:47,215 : INFO : Mode.base : Started. Priority: 100
2026-09-13 23:29:47,215 : INFO : EventManager : Event: ======'modes_active_modes_changed'====== Args={}
2026-09-13 23:29:47,215 : INFO : EventManager : Event: ======'mode_base_started'====== Args={'queue': <QueuedEvent>, 'player': 1, 'ball': 1, 'balls_remaining': 2, 'is_extra_ball': False}
2026-09-13 23:29:47,215 : INFO : EventManager : Event: ======'mode_glasses_mode_will_start'====== Args={'queue': <QueuedEvent>, 'player': 1, 'ball': 1, 'balls_remaining': 2, 'is_extra_ball': False}
2026-09-13 23:29:47,215 : INFO : EventManager : Event: ======'player_glasses_mode_glasses_position_confirm_tick'====== Args={'value': 0, 'prev_value': 0, 'change': 0, 'player_num': 1}
2026-09-13 23:29:47,216 : INFO : EventManager : Event: ======'player_glasses_mode_glasses_state_timer_tick'====== Args={'value': 0, 'prev_value': 0, 'change': 0, 'player_num': 1}
2026-09-13 23:29:47,216 : INFO : EventManager : Event: ======'player_glasses_mode_glasses_home_pulse_timer_tick'====== Args={'value': 0, 'prev_value': 0, 'change': 0, 'player_num': 1}
2026-09-13 23:29:47,220 : INFO : EventManager : Event: ======'mode_glasses_mode_starting'====== Args={'queue': <QueuedEvent>, 'player': 1, 'ball': 1, 'balls_remaining': 2, 'is_extra_ball': False}
2026-09-13 23:29:47,221 : INFO : EventManager : Event: ======'mode_super_pops_will_start'====== Args={'queue': <QueuedEvent>, 'player': 1, 'ball': 1, 'balls_remaining': 2, 'is_extra_ball': False}
2026-09-13 23:29:47,221 : INFO : EventManager : Event: ======'player_super_pops_super_pops_mult_timer_tick'====== Args={'value': 0, 'prev_value': 0, 'change': 0, 'player_num': 1}
2026-09-13 23:29:47,221 : INFO : EventManager : Unordered handler for class <Auditor> on event game_ended with priority 1. Handlers: [RegisteredHandler(callback=<bound method Auditor.disable of <Auditor>>, priority=1, kwargs={}, key=UUID('855b919d-9413-41ef-81ff-28d6c05ff936'), condition=None, blocking_facility=None), RegisteredHandler(callback=<bound method Auditor._save_audits of <Auditor>>, priority=1, kwargs={}, key=UUID('3002144e-e97c-49ae-a2c4-f6574f81b95a'), condition=None, blocking_facility=None)]. The order of those handlers is not defined and they will be executed in random order. This might lead to race conditions and potential bugs.
2026-09-13 23:29:47,225 : INFO : EventManager : Event: ======'mode_super_pops_starting'====== Args={'queue': <QueuedEvent>, 'player': 1, 'ball': 1, 'balls_remaining': 2, 'is_extra_ball': False}
2026-09-13 23:29:47,225 : INFO : EventManager : Event: ======'mode_spinner_2x_qualify_will_start'====== Args={'queue': <QueuedEvent>, 'player': 1, 'ball': 1, 'balls_remaining': 2, 'is_extra_ball': False}
2026-09-13 23:29:47,227 : INFO : EventManager : Event: ======'mode_spinner_2x_qualify_starting'====== Args={'queue': <QueuedEvent>, 'player': 1, 'ball': 1, 'balls_remaining': 2, 'is_extra_ball': False}
2026-09-13 23:29:47,227 : INFO : EventManager : Event: ======'mode_shotgun_will_start'====== Args={'queue': <QueuedEvent>, 'player': 1, 'ball': 1, 'balls_remaining': 2, 'is_extra_ball': False}
2026-09-13 23:29:47,227 : INFO : EventManager : Event: ======'player_shotgun_top_lane_a_countdown_timer_tick'====== Args={'value': 30, 'prev_value': 0, 'change': 30, 'player_num': 1}
2026-09-13 23:29:47,227 : INFO : EventManager : Unordered handler for class <timer.top_lane_a_countdown_timer> on event shotgun_stop_all with priority 1. Handlers: [RegisteredHandler(callback=<bound method Timer.stop of <timer.top_lane_a_countdown_timer>>, priority=1, kwargs={}, key=UUID('0132b35c-1e4b-41a9-84e0-d0e988ee0ada'), condition=None, blocking_facility=None), RegisteredHandler(callback=<bound method Timer.reset of <timer.top_lane_a_countdown_timer>>, priority=1, kwargs={}, key=UUID('ae874594-622d-400d-8616-ebf25aebe9cd'), condition=None, blocking_facility=None)]. The order of those handlers is not defined and they will be executed in random order. This might lead to race conditions and potential bugs.
2026-09-13 23:29:47,227 : INFO : EventManager : Event: ======'player_shotgun_top_lane_b_countdown_timer_tick'====== Args={'value': 30, 'prev_value': 0, 'change': 30, 'player_num': 1}
2026-09-13 23:29:47,228 : INFO : EventManager : Unordered handler for class <timer.top_lane_a_countdown_timer> on event shotgun_stop_all with priority 1. Handlers: [RegisteredHandler(callback=<bound method Timer.stop of <timer.top_lane_a_countdown_timer>>, priority=1, kwargs={}, key=UUID('0132b35c-1e4b-41a9-84e0-d0e988ee0ada'), condition=None, blocking_facility=None), RegisteredHandler(callback=<bound method Timer.reset of <timer.top_lane_a_countdown_timer>>, priority=1, kwargs={}, key=UUID('ae874594-622d-400d-8616-ebf25aebe9cd'), condition=None, blocking_facility=None)]. The order of those handlers is not defined and they will be executed in random order. This might lead to race conditions and potential bugs.
2026-09-13 23:29:47,228 : INFO : EventManager : Unordered handler for class <timer.top_lane_a_countdown_timer> on event shotgun_stop_all with priority 1. Handlers: [RegisteredHandler(callback=<bound method Timer.stop of <timer.top_lane_a_countdown_timer>>, priority=1, kwargs={}, key=UUID('0132b35c-1e4b-41a9-84e0-d0e988ee0ada'), condition=None, blocking_facility=None), RegisteredHandler(callback=<bound method Timer.reset of <timer.top_lane_a_countdown_timer>>, priority=1, kwargs={}, key=UUID('ae874594-622d-400d-8616-ebf25aebe9cd'), condition=None, blocking_facility=None)]. The order of those handlers is not defined and they will be executed in random order. This might lead to race conditions and potential bugs.
2026-09-13 23:29:47,228 : INFO : EventManager : Unordered handler for class <timer.top_lane_b_countdown_timer> on event shotgun_stop_all with priority 1. Handlers: [RegisteredHandler(callback=<bound method Timer.stop of <timer.top_lane_b_countdown_timer>>, priority=1, kwargs={}, key=UUID('507b210f-fe1b-424b-b987-284dee773eaf'), condition=None, blocking_facility=None), RegisteredHandler(callback=<bound method Timer.reset of <timer.top_lane_b_countdown_timer>>, priority=1, kwargs={}, key=UUID('3cc82b3d-df27-4874-aec9-a7098bc66f7d'), condition=None, blocking_facility=None)]. The order of those handlers is not defined and they will be executed in random order. This might lead to race conditions and potential bugs.
2026-09-13 23:29:47,228 : INFO : EventManager : Event: ======'player_shotgun_fourbank_reset_check_timer_tick'====== Args={'value': 0, 'prev_value': 0, 'change': 0, 'player_num': 1}
2026-09-13 23:29:47,228 : INFO : EventManager : Unordered handler for class <timer.top_lane_a_countdown_timer> on event shotgun_stop_all with priority 1. Handlers: [RegisteredHandler(callback=<bound method Timer.stop of <timer.top_lane_a_countdown_timer>>, priority=1, kwargs={}, key=UUID('0132b35c-1e4b-41a9-84e0-d0e988ee0ada'), condition=None, blocking_facility=None), RegisteredHandler(callback=<bound method Timer.reset of <timer.top_lane_a_countdown_timer>>, priority=1, kwargs={}, key=UUID('ae874594-622d-400d-8616-ebf25aebe9cd'), condition=None, blocking_facility=None)]. The order of those handlers is not defined and they will be executed in random order. This might lead to race conditions and potential bugs.
2026-09-13 23:29:47,228 : INFO : EventManager : Unordered handler for class <timer.top_lane_b_countdown_timer> on event shotgun_stop_all with priority 1. Handlers: [RegisteredHandler(callback=<bound method Timer.stop of <timer.top_lane_b_countdown_timer>>, priority=1, kwargs={}, key=UUID('507b210f-fe1b-424b-b987-284dee773eaf'), condition=None, blocking_facility=None), RegisteredHandler(callback=<bound method Timer.reset of <timer.top_lane_b_countdown_timer>>, priority=1, kwargs={}, key=UUID('3cc82b3d-df27-4874-aec9-a7098bc66f7d'), condition=None, blocking_facility=None)]. The order of those handlers is not defined and they will be executed in random order. This might lead to race conditions and potential bugs.
2026-09-13 23:29:47,228 : INFO : EventManager : Event: ======'player_shotgun_fourbank_reset_retry_timer_tick'====== Args={'value': 0, 'prev_value': 0, 'change': 0, 'player_num': 1}
2026-09-13 23:29:47,229 : INFO : EventManager : Unordered handler for class <timer.top_lane_a_countdown_timer> on event shotgun_stop_all with priority 1. Handlers: [RegisteredHandler(callback=<bound method Timer.stop of <timer.top_lane_a_countdown_timer>>, priority=1, kwargs={}, key=UUID('0132b35c-1e4b-41a9-84e0-d0e988ee0ada'), condition=None, blocking_facility=None), RegisteredHandler(callback=<bound method Timer.reset of <timer.top_lane_a_countdown_timer>>, priority=1, kwargs={}, key=UUID('ae874594-622d-400d-8616-ebf25aebe9cd'), condition=None, blocking_facility=None)]. The order of those handlers is not defined and they will be executed in random order. This might lead to race conditions and potential bugs.
2026-09-13 23:29:47,229 : INFO : EventManager : Unordered handler for class <timer.top_lane_b_countdown_timer> on event shotgun_stop_all with priority 1. Handlers: [RegisteredHandler(callback=<bound method Timer.stop of <timer.top_lane_b_countdown_timer>>, priority=1, kwargs={}, key=UUID('507b210f-fe1b-424b-b987-284dee773eaf'), condition=None, blocking_facility=None), RegisteredHandler(callback=<bound method Timer.reset of <timer.top_lane_b_countdown_timer>>, priority=1, kwargs={}, key=UUID('3cc82b3d-df27-4874-aec9-a7098bc66f7d'), condition=None, blocking_facility=None)]. The order of those handlers is not defined and they will be executed in random order. This might lead to race conditions and potential bugs.
2026-09-13 23:29:47,229 : INFO : EventManager : Event: ======'player_shotgun_threebank_reset_check_timer_tick'====== Args={'value': 0, 'prev_value': 0, 'change': 0, 'player_num': 1}
2026-09-13 23:29:47,229 : INFO : EventManager : Unordered handler for class <timer.top_lane_a_countdown_timer> on event shotgun_stop_all with priority 1. Handlers: [RegisteredHandler(callback=<bound method Timer.stop of <timer.top_lane_a_countdown_timer>>, priority=1, kwargs={}, key=UUID('0132b35c-1e4b-41a9-84e0-d0e988ee0ada'), condition=None, blocking_facility=None), RegisteredHandler(callback=<bound method Timer.reset of <timer.top_lane_a_countdown_timer>>, priority=1, kwargs={}, key=UUID('ae874594-622d-400d-8616-ebf25aebe9cd'), condition=None, blocking_facility=None)]. The order of those handlers is not defined and they will be executed in random order. This might lead to race conditions and potential bugs.
2026-09-13 23:29:47,229 : INFO : EventManager : Unordered handler for class <timer.top_lane_b_countdown_timer> on event shotgun_stop_all with priority 1. Handlers: [RegisteredHandler(callback=<bound method Timer.stop of <timer.top_lane_b_countdown_timer>>, priority=1, kwargs={}, key=UUID('507b210f-fe1b-424b-b987-284dee773eaf'), condition=None, blocking_facility=None), RegisteredHandler(callback=<bound method Timer.reset of <timer.top_lane_b_countdown_timer>>, priority=1, kwargs={}, key=UUID('3cc82b3d-df27-4874-aec9-a7098bc66f7d'), condition=None, blocking_facility=None)]. The order of those handlers is not defined and they will be executed in random order. This might lead to race conditions and potential bugs.
2026-09-13 23:29:47,229 : INFO : EventManager : Event: ======'player_shotgun_threebank_reset_retry_timer_tick'====== Args={'value': 0, 'prev_value': 0, 'change': 0, 'player_num': 1}
2026-09-13 23:29:47,230 : INFO : EventManager : Unordered handler for class <timer.top_lane_a_countdown_timer> on event shotgun_stop_all with priority 1. Handlers: [RegisteredHandler(callback=<bound method Timer.stop of <timer.top_lane_a_countdown_timer>>, priority=1, kwargs={}, key=UUID('0132b35c-1e4b-41a9-84e0-d0e988ee0ada'), condition=None, blocking_facility=None), RegisteredHandler(callback=<bound method Timer.reset of <timer.top_lane_a_countdown_timer>>, priority=1, kwargs={}, key=UUID('ae874594-622d-400d-8616-ebf25aebe9cd'), condition=None, blocking_facility=None)]. The order of those handlers is not defined and they will be executed in random order. This might lead to race conditions and potential bugs.
2026-09-13 23:29:47,230 : INFO : EventManager : Unordered handler for class <timer.top_lane_b_countdown_timer> on event shotgun_stop_all with priority 1. Handlers: [RegisteredHandler(callback=<bound method Timer.stop of <timer.top_lane_b_countdown_timer>>, priority=1, kwargs={}, key=UUID('507b210f-fe1b-424b-b987-284dee773eaf'), condition=None, blocking_facility=None), RegisteredHandler(callback=<bound method Timer.reset of <timer.top_lane_b_countdown_timer>>, priority=1, kwargs={}, key=UUID('3cc82b3d-df27-4874-aec9-a7098bc66f7d'), condition=None, blocking_facility=None)]. The order of those handlers is not defined and they will be executed in random order. This might lead to race conditions and potential bugs.
2026-09-13 23:29:47,230 : INFO : EventManager : Event: ======'player_shotgun_fourbank_drop_2_trip_timer_tick'====== Args={'value': 0, 'prev_value': 0, 'change': 0, 'player_num': 1}
2026-09-13 23:29:47,230 : INFO : EventManager : Event: ======'player_shotgun_fourbank_drop_3_trip_timer_tick'====== Args={'value': 0, 'prev_value': 0, 'change': 0, 'player_num': 1}
2026-09-13 23:29:47,230 : INFO : EventManager : Event: ======'player_shotgun_threebank_drop_1_trip_timer_tick'====== Args={'value': 0, 'prev_value': 0, 'change': 0, 'player_num': 1}
2026-09-13 23:29:47,230 : INFO : EventManager : Event: ======'player_shotgun_threebank_drop_2_trip_timer_tick'====== Args={'value': 0, 'prev_value': 0, 'change': 0, 'player_num': 1}
2026-09-13 23:29:47,230 : INFO : EventManager : Event: ======'player_shotgun_threebank_drop_3_trip_timer_tick'====== Args={'value': 0, 'prev_value': 0, 'change': 0, 'player_num': 1}
2026-09-13 23:29:47,231 : INFO : EventManager : Event: ======'player_shotgun_drop_1_4_7_step_2_timer_tick'====== Args={'value': 0, 'prev_value': 0, 'change': 0, 'player_num': 1}
2026-09-13 23:29:47,231 : INFO : EventManager : Event: ======'player_shotgun_drop_1_4_7_step_3_timer_tick'====== Args={'value': 0, 'prev_value': 0, 'change': 0, 'player_num': 1}
2026-09-13 23:29:47,231 : INFO : EventManager : Event: ======'player_shotgun_drop_1_4_7_step_4_timer_tick'====== Args={'value': 0, 'prev_value': 0, 'change': 0, 'player_num': 1}
2026-09-13 23:29:47,231 : INFO : EventManager : Event: ======'player_shotgun_drop_1_4_7_ready_timer_tick'====== Args={'value': 0, 'prev_value': 0, 'change': 0, 'player_num': 1}
2026-09-13 23:29:47,236 : INFO : EventManager : Unordered handler for class <timer.top_lane_a_countdown_timer> on event shotgun_stop_all with priority 1. Handlers: [RegisteredHandler(callback=<bound method Timer.stop of <timer.top_lane_a_countdown_timer>>, priority=1, kwargs={}, key=UUID('0132b35c-1e4b-41a9-84e0-d0e988ee0ada'), condition=None, blocking_facility=None), RegisteredHandler(callback=<bound method Timer.reset of <timer.top_lane_a_countdown_timer>>, priority=1, kwargs={}, key=UUID('ae874594-622d-400d-8616-ebf25aebe9cd'), condition=None, blocking_facility=None)]. The order of those handlers is not defined and they will be executed in random order. This might lead to race conditions and potential bugs.
2026-09-13 23:29:47,236 : INFO : EventManager : Unordered handler for class <timer.top_lane_b_countdown_timer> on event shotgun_stop_all with priority 1. Handlers: [RegisteredHandler(callback=<bound method Timer.stop of <timer.top_lane_b_countdown_timer>>, priority=1, kwargs={}, key=UUID('507b210f-fe1b-424b-b987-284dee773eaf'), condition=None, blocking_facility=None), RegisteredHandler(callback=<bound method Timer.reset of <timer.top_lane_b_countdown_timer>>, priority=1, kwargs={}, key=UUID('3cc82b3d-df27-4874-aec9-a7098bc66f7d'), condition=None, blocking_facility=None)]. The order of those handlers is not defined and they will be executed in random order. This might lead to race conditions and potential bugs.
2026-09-13 23:29:47,237 : INFO : EventManager : Unordered handler for class <timer.top_lane_a_countdown_timer> on event shotgun_stop_all with priority 1. Handlers: [RegisteredHandler(callback=<bound method Timer.stop of <timer.top_lane_a_countdown_timer>>, priority=1, kwargs={}, key=UUID('0132b35c-1e4b-41a9-84e0-d0e988ee0ada'), condition=None, blocking_facility=None), RegisteredHandler(callback=<bound method Timer.reset of <timer.top_lane_a_countdown_timer>>, priority=1, kwargs={}, key=UUID('ae874594-622d-400d-8616-ebf25aebe9cd'), condition=None, blocking_facility=None)]. The order of those handlers is not defined and they will be executed in random order. This might lead to race conditions and potential bugs.
2026-09-13 23:29:47,237 : INFO : EventManager : Unordered handler for class <timer.top_lane_b_countdown_timer> on event shotgun_stop_all with priority 1. Handlers: [RegisteredHandler(callback=<bound method Timer.stop of <timer.top_lane_b_countdown_timer>>, priority=1, kwargs={}, key=UUID('507b210f-fe1b-424b-b987-284dee773eaf'), condition=None, blocking_facility=None), RegisteredHandler(callback=<bound method Timer.reset of <timer.top_lane_b_countdown_timer>>, priority=1, kwargs={}, key=UUID('3cc82b3d-df27-4874-aec9-a7098bc66f7d'), condition=None, blocking_facility=None)]. The order of those handlers is not defined and they will be executed in random order. This might lead to race conditions and potential bugs.
2026-09-13 23:29:47,240 : INFO : EventManager : Event: ======'mode_shotgun_starting'====== Args={'queue': <QueuedEvent>, 'player': 1, 'ball': 1, 'balls_remaining': 2, 'is_extra_ball': False}
2026-09-13 23:29:47,240 : INFO : EventManager : Event: ======'varitarget_yaml_loaded'====== Args={'priority': 0}
2026-09-13 23:29:47,241 : INFO : EventManager : Event: ======'player_pf_multiplier'====== Args={'value': 1, 'prev_value': 0, 'change': 1, 'player_num': 1, 'source': 'base'}
2026-09-13 23:29:47,241 : INFO : EventManager : Event: ======'player_varitarget_position'====== Args={'value': 1, 'prev_value': 0, 'change': 1, 'player_num': 1, 'source': 'base'}
2026-09-13 23:29:47,241 : INFO : EventManager : Event: ======'player_varitarget_reset_attempts'====== Args={'value': 0, 'prev_value': 0, 'change': 0, 'player_num': 1, 'source': 'base'}
2026-09-13 23:29:47,241 : INFO : EventManager : Event: ======'player_varitarget_stable_position'====== Args={'value': 1, 'prev_value': 0, 'change': 1, 'player_num': 1, 'source': 'base'}
2026-09-13 23:29:47,241 : INFO : EventManager : Event: ======'player_varitarget_hit_active'====== Args={'value': 0, 'prev_value': 0, 'change': 0, 'player_num': 1, 'source': 'base'}
2026-09-13 23:29:47,241 : INFO : EventManager : Event: ======'player_varitarget_hit_start_pos'====== Args={'value': 1, 'prev_value': 0, 'change': 1, 'player_num': 1, 'source': 'base'}
2026-09-13 23:29:47,241 : INFO : EventManager : Event: ======'player_varitarget_hit_max_pos'====== Args={'value': 1, 'prev_value': 0, 'change': 1, 'player_num': 1, 'source': 'base'}
2026-09-13 23:29:47,241 : INFO : EventManager : Event: ======'player_varitarget_hit_moved'====== Args={'value': 0, 'prev_value': 0, 'change': 0, 'player_num': 1, 'source': 'base'}
2026-09-13 23:29:47,242 : INFO : Mode.shotgun : Started. Priority: 120
2026-09-13 23:29:47,242 : INFO : EventManager : Event: ======'modes_active_modes_changed'====== Args={}
2026-09-13 23:29:47,242 : INFO : EventManager : Event: ======'mode_shotgun_started'====== Args={'queue': <QueuedEvent>, 'player': 1, 'ball': 1, 'balls_remaining': 2, 'is_extra_ball': False}
2026-09-13 23:29:47,242 : INFO : EventManager : Event: ======'shotgun_vars_reset'====== Args={'priority': 0}
2026-09-13 23:29:47,242 : INFO : EventManager : Event: ======'shotgun_all_lights_off'====== Args={'priority': 0}
2026-09-13 23:29:47,242 : INFO : EventManager : Event: ======'player_shotgun_lane_a_active'====== Args={'value': 0, 'prev_value': 0, 'change': 0, 'player_num': 1, 'source': 'shotgun'}
2026-09-13 23:29:47,242 : INFO : EventManager : Event: ======'player_shotgun_lane_b_active'====== Args={'value': 0, 'prev_value': 0, 'change': 0, 'player_num': 1, 'source': 'shotgun'}
2026-09-13 23:29:47,243 : INFO : EventManager : Event: ======'player_shotgun_qualified'====== Args={'value': 0, 'prev_value': 0, 'change': 0, 'player_num': 1, 'source': 'shotgun'}
2026-09-13 23:29:47,243 : INFO : EventManager : Event: ======'player_shotgun_mode_active'====== Args={'value': 0, 'prev_value': 0, 'change': 0, 'player_num': 1, 'source': 'shotgun'}
2026-09-13 23:29:47,243 : INFO : EventManager : Event: ======'player_alien_first_achieved'====== Args={'value': 0, 'prev_value': 0, 'change': 0, 'player_num': 1, 'source': 'shotgun'}
2026-09-13 23:29:47,243 : INFO : EventManager : Event: ======'player_alien_second_active'====== Args={'value': 0, 'prev_value': 0, 'change': 0, 'player_num': 1, 'source': 'shotgun'}
2026-09-13 23:29:47,243 : INFO : EventManager : Event: ======'player_alien_second_achieved_part1'====== Args={'value': 0, 'prev_value': 0, 'change': 0, 'player_num': 1, 'source': 'shotgun'}
2026-09-13 23:29:47,243 : INFO : EventManager : Event: ======'player_alien_second_achieved'====== Args={'value': 0, 'prev_value': 0, 'change': 0, 'player_num': 1, 'source': 'shotgun'}
2026-09-13 23:29:47,243 : INFO : EventManager : Event: ======'player_alien_third_setup_active'====== Args={'value': 0, 'prev_value': 0, 'change': 0, 'player_num': 1, 'source': 'shotgun'}
2026-09-13 23:29:47,243 : INFO : EventManager : Event: ======'player_alien_third_active'====== Args={'value': 0, 'prev_value': 0, 'change': 0, 'player_num': 1, 'source': 'shotgun'}
2026-09-13 23:29:47,243 : INFO : EventManager : Event: ======'player_alien_third_achieved'====== Args={'value': 0, 'prev_value': 0, 'change': 0, 'player_num': 1, 'source': 'shotgun'}
2026-09-13 23:29:47,243 : INFO : EventManager : Event: ======'player_alien_third_failed'====== Args={'value': 0, 'prev_value': 0, 'change': 0, 'player_num': 1, 'source': 'shotgun'}
2026-09-13 23:29:47,243 : INFO : EventManager : Event: ======'player_drop_1_4_7_active'====== Args={'value': 0, 'prev_value': 0, 'change': 0, 'player_num': 1, 'source': 'shotgun'}
2026-09-13 23:29:47,243 : INFO : EventManager : Event: ======'player_fourbank_reset_request'====== Args={'value': 0, 'prev_value': 0, 'change': 0, 'player_num': 1, 'source': 'shotgun'}
2026-09-13 23:29:47,244 : INFO : EventManager : Event: ======'player_fourbank_reset_requested'====== Args={'value': 0, 'prev_value': 0, 'change': 0, 'player_num': 1, 'source': 'shotgun'}
2026-09-13 23:29:47,244 : INFO : EventManager : Event: ======'player_fourbank_reset_confirmed'====== Args={'value': 0, 'prev_value': 0, 'change': 0, 'player_num': 1, 'source': 'shotgun'}
2026-09-13 23:29:47,244 : INFO : EventManager : Event: ======'player_fourbank_reset_failed'====== Args={'value': 0, 'prev_value': 0, 'change': 0, 'player_num': 1, 'source': 'shotgun'}
2026-09-13 23:29:47,244 : INFO : EventManager : Event: ======'player_fourbank_reset_attempts'====== Args={'value': 0, 'prev_value': 0, 'change': 0, 'player_num': 1, 'source': 'shotgun'}
2026-09-13 23:29:47,244 : INFO : EventManager : Event: ======'player_threebank_reset_request'====== Args={'value': 0, 'prev_value': 0, 'change': 0, 'player_num': 1, 'source': 'shotgun'}
2026-09-13 23:29:47,244 : INFO : EventManager : Event: ======'player_threebank_reset_requested'====== Args={'value': 0, 'prev_value': 0, 'change': 0, 'player_num': 1, 'source': 'shotgun'}
2026-09-13 23:29:47,244 : INFO : EventManager : Event: ======'player_threebank_reset_confirmed'====== Args={'value': 0, 'prev_value': 0, 'change': 0, 'player_num': 1, 'source': 'shotgun'}
2026-09-13 23:29:47,244 : INFO : EventManager : Event: ======'player_threebank_reset_failed'====== Args={'value': 0, 'prev_value': 0, 'change': 0, 'player_num': 1, 'source': 'shotgun'}
2026-09-13 23:29:47,244 : INFO : EventManager : Event: ======'player_threebank_reset_attempts'====== Args={'value': 0, 'prev_value': 0, 'change': 0, 'player_num': 1, 'source': 'shotgun'}
2026-09-13 23:29:47,245 : INFO : Mode.spinner_2x_qualify : Started. Priority: 150
2026-09-13 23:29:47,245 : INFO : EventManager : Event: ======'modes_active_modes_changed'====== Args={}
2026-09-13 23:29:47,245 : INFO : EventManager : Event: ======'mode_spinner_2x_qualify_started'====== Args={'queue': <QueuedEvent>, 'player': 1, 'ball': 1, 'balls_remaining': 2, 'is_extra_ball': False}
2026-09-13 23:29:47,245 : INFO : EventManager : Event: ======'spinner_2x_stop'====== Args={'priority': 0}
2026-09-13 23:29:47,245 : INFO : EventManager : Event: ======'player_top_lane_a_lit'====== Args={'value': 0, 'prev_value': 0, 'change': 0, 'player_num': 1, 'source': 'spinner_2x_qualify'}
2026-09-13 23:29:47,245 : INFO : EventManager : Event: ======'player_top_lane_b_lit'====== Args={'value': 0, 'prev_value': 0, 'change': 0, 'player_num': 1, 'source': 'spinner_2x_qualify'}
2026-09-13 23:29:47,245 : INFO : EventManager : Event: ======'player_top_lane_c_lit'====== Args={'value': 0, 'prev_value': 0, 'change': 0, 'player_num': 1, 'source': 'spinner_2x_qualify'}
2026-09-13 23:29:47,245 : INFO : Mode.glasses_mode : Started. Priority: 800
2026-09-13 23:29:47,245 : INFO : EventManager : Event: ======'modes_active_modes_changed'====== Args={}
2026-09-13 23:29:47,245 : INFO : EventManager : Event: ======'mode_glasses_mode_started'====== Args={'queue': <QueuedEvent>, 'player': 1, 'ball': 1, 'balls_remaining': 2, 'is_extra_ball': False}
2026-09-13 23:29:47,245 : INFO : EventManager : Event: ======'glasses_mode_loaded'====== Args={'priority': 0}
2026-09-13 23:29:47,245 : INFO : EventManager : Event: ======'glasses_stop_all_shows'====== Args={'priority': 0}
2026-09-13 23:29:47,245 : INFO : EventManager : Event: ======'glasses_init_vars'====== Args={'priority': 0}
2026-09-13 23:29:47,246 : INFO : EventManager : Event: ======'player_glasses_current_state'====== Args={'value': 1, 'prev_value': 0, 'change': 1, 'player_num': 1, 'source': 'glasses_mode'}
2026-09-13 23:29:47,246 : INFO : EventManager : Event: ======'player_glasses_homing_active'====== Args={'value': 0, 'prev_value': 0, 'change': 0, 'player_num': 1, 'source': 'glasses_mode'}
2026-09-13 23:29:47,246 : INFO : EventManager : Event: ======'player_glasses_home_start_pos'====== Args={'value': 1, 'prev_value': 0, 'change': 1, 'player_num': 1, 'source': 'glasses_mode'}
2026-09-13 23:29:47,246 : INFO : EventManager : Event: ======'player_glasses_pending_position'====== Args={'value': 1, 'prev_value': 0, 'change': 1, 'player_num': 1, 'source': 'glasses_mode'}
2026-09-13 23:29:47,246 : INFO : EventManager : Event: ======'player_glasses_confirmed_position'====== Args={'value': 1, 'prev_value': 0, 'change': 1, 'player_num': 1, 'source': 'glasses_mode'}
2026-09-13 23:29:47,246 : INFO : EventManager : Event: ======'player_glasses_home_pulse_count'====== Args={'value': 0, 'prev_value': 0, 'change': 0, 'player_num': 1, 'source': 'glasses_mode'}
2026-09-13 23:29:47,246 : INFO : Mode.awareness : Started. Priority: 105
2026-09-13 23:29:47,246 : INFO : EventManager : Event: ======'modes_active_modes_changed'====== Args={}
2026-09-13 23:29:47,246 : INFO : EventManager : Event: ======'mode_awareness_started'====== Args={'queue': <QueuedEvent>, 'player': 1, 'ball': 1, 'balls_remaining': 2, 'is_extra_ball': False}
2026-09-13 23:29:47,246 : INFO : EventManager : Event: ======'player_awareness_percent'====== Args={'value': 0, 'prev_value': 0, 'change': 0, 'player_num': 1, 'source': 'awareness'}
2026-09-13 23:29:47,246 : INFO : Mode.skillshot : Started. Priority: 200
2026-09-13 23:29:47,247 : INFO : EventManager : Event: ======'modes_active_modes_changed'====== Args={}
2026-09-13 23:29:47,247 : INFO : EventManager : Event: ======'mode_skillshot_started'====== Args={'queue': <QueuedEvent>, 'player': 1, 'ball': 1, 'balls_remaining': 2, 'is_extra_ball': False}
2026-09-13 23:29:47,247 : INFO : EventManager : Event: ======'player_skillshot_left_plunger'====== Args={'value': 0, 'prev_value': 0, 'change': 0, 'player_num': 1, 'source': 'skillshot'}
2026-09-13 23:29:47,247 : INFO : EventManager : Event: ======'player_skillshot_first_switch_seen'====== Args={'value': 0, 'prev_value': 0, 'change': 0, 'player_num': 1, 'source': 'skillshot'}
2026-09-13 23:29:47,247 : INFO : EventManager : Event: ======'player_skillshot_phase1_success'====== Args={'value': 0, 'prev_value': 0, 'change': 0, 'player_num': 1, 'source': 'skillshot'}
2026-09-13 23:29:47,247 : INFO : EventManager : Event: ======'player_skillshot_phase2_success'====== Args={'value': 0, 'prev_value': 0, 'change': 0, 'player_num': 1, 'source': 'skillshot'}
2026-09-13 23:29:47,247 : INFO : EventManager : Event: ======'player_skillshot_waiting_phase3'====== Args={'value': 0, 'prev_value': 0, 'change': 0, 'player_num': 1, 'source': 'skillshot'}
2026-09-13 23:29:47,247 : INFO : EventManager : Event: ======'player_skillshot_award'====== Args={'value': 500000, 'prev_value': 0, 'change': 500000, 'player_num': 1, 'source': 'skillshot'}
2026-09-13 23:29:47,247 : INFO : EventManager : Event: ======'balls_in_play'====== Args={'balls': 1}
2026-09-13 23:29:47,247 : INFO : EventManager : Event: ======'ball_started'====== Args={'player': 1, 'ball': 1, 'balls_remaining': 2, 'is_extra_ball': False}
2026-09-13 23:29:47,248 : INFO : EventManager : Event: ======'mode_resistance_will_start'====== Args={'player': 1, 'ball': 1, 'balls_remaining': 2, 'is_extra_ball': False}
2026-09-13 23:29:47,248 : INFO : EventManager : Event: ======'player_resistance_right_inlane_countdown_timer_tick'====== Args={'value': 15, 'prev_value': 0, 'change': 15, 'player_num': 1}
2026-09-13 23:29:47,249 : INFO : EventManager : Event: ======'player_resistance_resistance_qual_lights_15_11_timer_tick'====== Args={'value': 4, 'prev_value': 0, 'change': 4, 'player_num': 1}
2026-09-13 23:29:47,249 : INFO : EventManager : Event: ======'player_resistance_resistance_qual_lights_10_5_timer_tick'====== Args={'value': 5, 'prev_value': 0, 'change': 5, 'player_num': 1}
2026-09-13 23:29:47,249 : INFO : EventManager : Event: ======'player_resistance_resistance_qual_lights_4_0_timer_tick'====== Args={'value': 4, 'prev_value': 0, 'change': 4, 'player_num': 1}
2026-09-13 23:29:47,250 : INFO : EventManager : Event: ======'player_resistance_state_2_resistance_active_timer_tick'====== Args={'value': 15, 'prev_value': 0, 'change': 15, 'player_num': 1}
2026-09-13 23:29:47,250 : INFO : EventManager : Event: ======'player_resistance_state_3_resistance_active_timer_tick'====== Args={'value': 15, 'prev_value': 0, 'change': 15, 'player_num': 1}
2026-09-13 23:29:47,250 : INFO : EventManager : Event: ======'player_resistance_state_4_resistance_active_timer_tick'====== Args={'value': 15, 'prev_value': 0, 'change': 15, 'player_num': 1}
2026-09-13 23:29:47,250 : INFO : EventManager : Event: ======'player_resistance_state_5_resistance_active_timer_tick'====== Args={'value': 10, 'prev_value': 0, 'change': 10, 'player_num': 1}
2026-09-13 23:29:47,251 : INFO : EventManager : Event: ======'player_shot_resistance_qualify_target_5_enabled'====== Args={'value': False, 'prev_value': 0, 'change': 0, 'player_num': 1}
2026-09-13 23:29:47,251 : INFO : EventManager : Event: ======'player_shot_resistance_qualify_target_6_enabled'====== Args={'value': False, 'prev_value': 0, 'change': 0, 'player_num': 1}
2026-09-13 23:29:47,251 : INFO : EventManager : Event: ======'player_shot_resistance_top_lane_stage_2_enabled'====== Args={'value': False, 'prev_value': 0, 'change': 0, 'player_num': 1}
2026-09-13 23:29:47,251 : INFO : EventManager : Event: ======'player_shot_resistance_top_lane_stage_3_enabled'====== Args={'value': False, 'prev_value': 0, 'change': 0, 'player_num': 1}
2026-09-13 23:29:47,251 : INFO : EventManager : Event: ======'player_shot_resistance_top_lane_stage_4_enabled'====== Args={'value': False, 'prev_value': 0, 'change': 0, 'player_num': 1}
2026-09-13 23:29:47,251 : INFO : EventManager : Event: ======'player_shot_resistance_single_drop_stage_5_enabled'====== Args={'value': False, 'prev_value': 0, 'change': 0, 'player_num': 1}
2026-09-13 23:29:47,251 : INFO : EventManager : Event: ======'player_shot_resistance_saucer_stage_5_enabled'====== Args={'value': False, 'prev_value': 0, 'change': 0, 'player_num': 1}
2026-09-13 23:29:47,255 : INFO : EventManager : Event: ======'mode_resistance_starting'====== Args={'player': 1, 'ball': 1, 'balls_remaining': 2, 'is_extra_ball': False}
2026-09-13 23:29:47,255 : INFO : EventManager : Event: ======'mode_stars_mode_will_start'====== Args={'player': 1, 'ball': 1, 'balls_remaining': 2, 'is_extra_ball': False}
2026-09-13 23:29:47,255 : INFO : EventManager : Event: ======'player_stars_mode_stars_s80_hold_tick'====== Args={'value': 0, 'prev_value': 0, 'change': 0, 'player_num': 1}
2026-09-13 23:29:47,255 : INFO : EventManager : Event: ======'player_stars_mode_stars_10x_timer_tick'====== Args={'value': 0, 'prev_value': 0, 'change': 0, 'player_num': 1}
2026-09-13 23:29:47,261 : INFO : EventManager : Event: ======'mode_stars_mode_starting'====== Args={'player': 1, 'ball': 1, 'balls_remaining': 2, 'is_extra_ball': False}
2026-09-13 23:29:47,261 : INFO : EventManager : Event: ======'mode_obey_qualify_will_start'====== Args={'player': 1, 'ball': 1, 'balls_remaining': 2, 'is_extra_ball': False}
2026-09-13 23:29:47,263 : INFO : EventManager : Event: ======'mode_obey_qualify_starting'====== Args={'player': 1, 'ball': 1, 'balls_remaining': 2, 'is_extra_ball': False}
2026-09-13 23:29:47,263 : INFO : EventManager : Event: ======'mode_autoplunge_will_start'====== Args={'player': 1, 'ball': 1, 'balls_remaining': 2, 'is_extra_ball': False}
2026-09-13 23:29:47,263 : INFO : EventManager : Event: ======'player_autoplunge_t_auto_plunge_tick'====== Args={'value': 10, 'prev_value': 0, 'change': 10, 'player_num': 1}
2026-09-13 23:29:47,264 : INFO : EventManager : Event: ======'mode_autoplunge_starting'====== Args={'player': 1, 'ball': 1, 'balls_remaining': 2, 'is_extra_ball': False}
2026-09-13 23:29:47,264 : INFO : EventManager : Event: ======'mode_brian_combo_will_start'====== Args={'player': 1, 'ball': 1, 'balls_remaining': 2, 'is_extra_ball': False}
2026-09-13 23:29:47,264 : INFO : EventManager : Event: ======'mode_brian_combo_starting'====== Args={'player': 1, 'ball': 1, 'balls_remaining': 2, 'is_extra_ball': False}
2026-09-13 23:29:47,264 : INFO : EventManager : Event: ======'varitarget_reset_request'====== Args={'priority': 0}
2026-09-13 23:29:47,266 : INFO : EventManager : Event: ======'player_launch_ball_save_used'====== Args={'value': 0, 'prev_value': 0, 'change': 0, 'player_num': 1, 'source': 'base'}
2026-09-13 23:29:47,267 : INFO : EventManager : Event: ======'varitarget_reset_begin'====== Args={'priority': 0}
2026-09-13 23:29:47,267 : INFO : EventManager : Event: ======'varitarget_reset_attempts_clear'====== Args={'priority': 0}
2026-09-13 23:29:47,267 : INFO : EventManager : Event: ======'varitarget_reset_step'====== Args={'priority': 0}
2026-09-13 23:29:47,267 : INFO : EventManager : Event: ======'varitarget_reset_start'====== Args={'priority': 0}
2026-09-13 23:29:47,267 : INFO : coil.c_16_varitarget_reset : Pulsing Driver for 5ms (1.0 pulse_power)
2026-09-13 23:29:47,267 : INFO : EventManager : Event: ======'player_varitarget_reset_attempts'====== Args={'value': 1, 'prev_value': 0, 'change': 1, 'player_num': 1, 'source': 'base'}
2026-09-13 23:29:47,267 : INFO : Timer.varitarget_reset_timer : Starting Timer.
2026-09-13 23:29:47,268 : INFO : EventManager : Event: ======'timer_varitarget_reset_timer_started'====== Args={'ticks': 0, 'ticks_remaining': 999999}
2026-09-13 23:29:47,268 : INFO : EventManager : Event: ======'timer_varitarget_reset_timer_tick'====== Args={'ticks': 0, 'ticks_remaining': 999999}
2026-09-13 23:29:47,268 : INFO : EventManager : Event: ======'varitarget_reset_step'====== Args={'priority': 0}
2026-09-13 23:29:47,268 : INFO : coil.c_16_varitarget_reset : Pulsing Driver for 5ms (1.0 pulse_power)
2026-09-13 23:29:47,268 : INFO : EventManager : Event: ======'player_varitarget_reset_attempts'====== Args={'value': 2, 'prev_value': 1, 'change': 1, 'player_num': 1, 'source': 'base'}
2026-09-13 23:29:47,268 : INFO : Mode.brian_combo : Started. Priority: 120
2026-09-13 23:29:47,268 : INFO : EventManager : Event: ======'modes_active_modes_changed'====== Args={}
2026-09-13 23:29:47,268 : INFO : EventManager : Event: ======'mode_brian_combo_started'====== Args={'player': 1, 'ball': 1, 'balls_remaining': 2, 'is_extra_ball': False}
2026-09-13 23:29:47,268 : INFO : EventManager : Event: ======'player_brian_combo_step'====== Args={'value': 0, 'prev_value': 0, 'change': 0, 'player_num': 1, 'source': 'brian_combo'}
2026-09-13 23:29:47,268 : INFO : Mode.autoplunge : Started. Priority: 200
2026-09-13 23:29:47,268 : INFO : EventManager : Event: ======'modes_active_modes_changed'====== Args={}
2026-09-13 23:29:47,268 : INFO : EventManager : Event: ======'mode_autoplunge_started'====== Args={'player': 1, 'ball': 1, 'balls_remaining': 2, 'is_extra_ball': False}
2026-09-13 23:29:47,269 : INFO : Mode.obey_qualify : Started. Priority: 210
2026-09-13 23:29:47,269 : INFO : EventManager : Event: ======'modes_active_modes_changed'====== Args={}
2026-09-13 23:29:47,269 : INFO : EventManager : Event: ======'mode_obey_qualify_started'====== Args={'player': 1, 'ball': 1, 'balls_remaining': 2, 'is_extra_ball': False}
2026-09-13 23:29:47,269 : INFO : EventManager : Event: ======'player_obey_qualify_hits'====== Args={'value': 0, 'prev_value': 0, 'change': 0, 'player_num': 1, 'source': 'obey_qualify'}
2026-09-13 23:29:47,269 : INFO : EventManager : Event: ======'player_obey_qualification_active'====== Args={'value': 0, 'prev_value': 0, 'change': 0, 'player_num': 1, 'source': 'obey_qualify'}
2026-09-13 23:29:47,269 : INFO : Mode.stars_mode : Started. Priority: 220
2026-09-13 23:29:47,269 : INFO : EventManager : Event: ======'modes_active_modes_changed'====== Args={}
2026-09-13 23:29:47,269 : INFO : EventManager : Event: ======'mode_stars_mode_started'====== Args={'player': 1, 'ball': 1, 'balls_remaining': 2, 'is_extra_ball': False}
2026-09-13 23:29:47,269 : INFO : EventManager : Event: ======'player_stars_t40'====== Args={'value': 0, 'prev_value': 0, 'change': 0, 'player_num': 1, 'source': 'stars_mode'}
2026-09-13 23:29:47,269 : INFO : EventManager : Event: ======'player_stars_t41'====== Args={'value': 0, 'prev_value': 0, 'change': 0, 'player_num': 1, 'source': 'stars_mode'}
2026-09-13 23:29:47,269 : INFO : EventManager : Event: ======'player_stars_t42'====== Args={'value': 0, 'prev_value': 0, 'change': 0, 'player_num': 1, 'source': 'stars_mode'}
2026-09-13 23:29:47,270 : INFO : EventManager : Event: ======'player_stars_t43'====== Args={'value': 0, 'prev_value': 0, 'change': 0, 'player_num': 1, 'source': 'stars_mode'}
2026-09-13 23:29:47,270 : INFO : EventManager : Event: ======'player_stars_t63'====== Args={'value': 0, 'prev_value': 0, 'change': 0, 'player_num': 1, 'source': 'stars_mode'}
2026-09-13 23:29:47,270 : INFO : EventManager : Event: ======'player_stars_s80_on'====== Args={'value': 0, 'prev_value': 0, 'change': 0, 'player_num': 1, 'source': 'stars_mode'}
2026-09-13 23:29:47,270 : INFO : EventManager : Event: ======'player_stars_s80_qualified'====== Args={'value': 0, 'prev_value': 0, 'change': 0, 'player_num': 1, 'source': 'stars_mode'}
2026-09-13 23:29:47,270 : INFO : EventManager : Event: ======'player_stars_targets_lit_count'====== Args={'value': 0, 'prev_value': 0, 'change': 0, 'player_num': 1, 'source': 'stars_mode'}
2026-09-13 23:29:47,270 : INFO : EventManager : Event: ======'player_stars_10x_active'====== Args={'value': 0, 'prev_value': 0, 'change': 0, 'player_num': 1, 'source': 'stars_mode'}
2026-09-13 23:29:47,270 : INFO : Mode.resistance : Started. Priority: 500
2026-09-13 23:29:47,270 : INFO : EventManager : Event: ======'modes_active_modes_changed'====== Args={}
2026-09-13 23:29:47,270 : INFO : EventManager : Event: ======'mode_resistance_started'====== Args={'player': 1, 'ball': 1, 'balls_remaining': 2, 'is_extra_ball': False}
2026-09-13 23:29:47,270 : INFO : EventManager : Event: ======'resistance_waiting_for_qualification'====== Args={'priority': 0}
2026-09-13 23:29:47,270 : INFO : EventManager : Event: ======'logicblock_super_pops_phase1_counter_updated'====== Args={'value': 0, 'enabled': False}
2026-09-13 23:29:47,270 : INFO : EventManager : Event: ======'logicblock_super_pops_phase2_counter_updated'====== Args={'value': 0, 'enabled': False}
2026-09-13 23:29:47,270 : INFO : EventManager : Event: ======'logicblock_super_pops_phase3_counter_updated'====== Args={'value': 0, 'enabled': False}
2026-09-13 23:29:47,271 : INFO : EventManager : Event: ======'logicblock_super_pops_mega_counter_updated'====== Args={'value': 0, 'enabled': False}
2026-09-13 23:29:47,271 : INFO : Mode.super_pops : Started. Priority: 210
2026-09-13 23:29:47,271 : INFO : EventManager : Event: ======'modes_active_modes_changed'====== Args={}
2026-09-13 23:29:47,271 : INFO : EventManager : Event: ======'mode_super_pops_started'====== Args={'queue': <QueuedEvent>, 'player': 1, 'ball': 1, 'balls_remaining': 2, 'is_extra_ball': False}
2026-09-13 23:29:47,271 : INFO : EventManager : Event: ======'logicblock_super_pops_phase1_counter_updated'====== Args={'value': 0, 'enabled': True}
2026-09-13 23:29:47,271 : INFO : EventManager : Event: ======'logicblock_super_pops_phase1_counter_updated'====== Args={'value': 0, 'enabled': True}
2026-09-13 23:29:47,271 : INFO : EventManager : Event: ======'player_score'====== Args={'value': 100, 'prev_value': 0, 'change': 100, 'player_num': 1, 'source': 'super_pops'}
2026-09-13 23:29:47,271 : INFO : EventManager : Event: ======'player_super_pops_multiplier'====== Args={'value': 1, 'prev_value': 0, 'change': 1, 'player_num': 1, 'source': 'super_pops'}
2026-09-13 23:29:47,316 : INFO : EventManager : Event: ======'single_player_ball_started'====== Args={}
2026-09-13 23:29:47,316 : INFO : EventManager : Event: ======'ball_start_target'====== Args={'target': 'playfield'}
2026-09-13 23:29:47,317 : INFO : ball_device.bd_plunger : Setting up player-controlled eject. Balls: 1, Target: <playfield.playfield>, player_controlled_eject_event: None
2026-09-13 23:29:47,317 : INFO : EventManager : Event: ======'balldevice_balls_available'====== Args={}
2026-09-13 23:29:47,319 : INFO : ball_device.bd_trough : State: waiting_for_target_ready
2026-09-13 23:29:47,320 : INFO : EventManager : Event: ======'balldevice_bd_trough_ball_eject_attempt'====== Args={'balls': 1, 'target': <ball_device.bd_plunger>, 'source': <ball_device.bd_trough>, 'mechanical_eject': True, 'num_attempts': 0}
2026-09-13 23:29:47,320 : INFO : ball_device.bd_plunger : State: waiting_for_ball
2026-09-13 23:29:47,320 : INFO : ball_device.bd_trough : State: ejecting
2026-09-13 23:29:47,320 : INFO : ball_device.bd_trough : Ejecting ball to <ball_device.bd_plunger>
2026-09-13 23:29:47,320 : INFO : EventManager : Event: ======'balldevice_bd_trough_ejecting_ball'====== Args={'balls': 1, 'target': <ball_device.bd_plunger>, 'source': <ball_device.bd_trough>, 'mechanical_eject': True, 'num_attempts': 0}
2026-09-13 23:29:47,321 : INFO : ball_device.bd_trough : Wait for ball to leave device
2026-09-13 23:29:47,321 : INFO : coil.c_02_trough_eject : Pulsing Driver for 16ms (1.0 pulse_power)
2026-09-13 23:29:47,352 : INFO : SwitchController : <<<<<<< 's_24_trough_1' inactive >>>>>>>
2026-09-13 23:29:47,352 : INFO : SwitchController : <<<<<<< 's_30_trough_jam' active >>>>>>>
2026-09-13 23:29:47,352 : INFO : EventManager : Event: ======'machine_var_audits_switches_s_30_trough_jam'====== Args={'value': 2762, 'prev_value': 2761, 'change': 1}
2026-09-13 23:29:47,358 : INFO : ball_device.bd_trough : State: ball_left
2026-09-13 23:29:47,358 : INFO : ball_device.bd_trough : Ball left
2026-09-13 23:29:47,358 : INFO : ball_device.bd_trough : Wait for confirm with timeout 10.0
2026-09-13 23:29:47,368 : INFO : SwitchController : <<<<<<< 's_30_trough_jam' inactive >>>>>>>
2026-09-13 23:29:47,387 : INFO : SwitchController : <<<<<<< 's_64_varitarget_position_1' inactive >>>>>>>
2026-09-13 23:29:47,387 : INFO : SwitchController : <<<<<<< 's_64_varitarget_position_1' active >>>>>>>
2026-09-13 23:29:47,387 : INFO : EventManager : Event: ======'playfield_active'====== Args={'source': 'varitarget_p1'}
2026-09-13 23:29:47,387 : INFO : EventManager : Event: ======'unexpected_ball_on_playfield'====== Args={}
2026-09-13 23:29:47,388 : INFO : EventManager : Event: ======'s_64_varitarget_position_1_active'====== Args={}
2026-09-13 23:29:47,388 : INFO : EventManager : Event: ======'sw_vari'====== Args={}
2026-09-13 23:29:47,388 : INFO : EventManager : Event: ======'machine_var_audits_switches_s_64_varitarget_position_1'====== Args={'value': 16587, 'prev_value': 16586, 'change': 1}
2026-09-13 23:29:47,388 : INFO : EventManager : Event: ======'glasses_pending_position_1'====== Args={'priority': 0}
2026-09-13 23:29:47,388 : INFO : EventManager : Event: ======'player_shot_varitarget_p1'====== Args={'value': 1, 'prev_value': 0, 'change': 1, 'player_num': 1}
2026-09-13 23:29:47,389 : INFO : EventManager : Event: ======'machine_var_audits_shots_varitarget_p1'====== Args={'value': 16554, 'prev_value': 16553, 'change': 1}
2026-09-13 23:29:47,389 : INFO : EventManager : Event: ======'varitarget_p1_hit'====== Args={'profile': 'default', 'state': 'unlit', 'advancing': True}
2026-09-13 23:29:47,389 : INFO : EventManager : Event: ======'varitarget_p1_default_hit'====== Args={'profile': 'default', 'state': 'unlit', 'advancing': True}
2026-09-13 23:29:47,389 : INFO : EventManager : Event: ======'varitarget_p1_default_unlit_hit'====== Args={'profile': 'default', 'state': 'unlit', 'advancing': True}
2026-09-13 23:29:47,389 : INFO : EventManager : Event: ======'varitarget_p1_unlit_hit'====== Args={'profile': 'default', 'state': 'unlit', 'advancing': True}
2026-09-13 23:29:47,389 : INFO : EventManager : Event: ======'varitarget_position_changed'====== Args={'priority': 0}
2026-09-13 23:29:47,389 : INFO : EventManager : Event: ======'varitarget_reset_stop'====== Args={'priority': 0}
2026-09-13 23:29:47,389 : INFO : EventManager : Event: ======'varitarget_reset_complete'====== Args={'priority': 0}
2026-09-13 23:29:47,389 : INFO : EventManager : Event: ======'glasses_position_confirm_restart'====== Args={'priority': 0}
2026-09-13 23:29:47,389 : INFO : Timer.glasses_position_confirm : Starting Timer.
2026-09-13 23:29:47,389 : INFO : EventManager : Event: ======'timer_glasses_position_confirm_started'====== Args={'ticks': 0, 'ticks_remaining': 1}
2026-09-13 23:29:47,389 : INFO : EventManager : Event: ======'timer_glasses_position_confirm_tick'====== Args={'ticks': 0, 'ticks_remaining': 1}
2026-09-13 23:29:47,389 : INFO : EventManager : Event: ======'varitarget_positions_hit'====== Args={'shot': 'varitarget_p1'}
2026-09-13 23:29:47,389 : INFO : EventManager : Event: ======'varitarget_positions_unlit_hit'====== Args={'shot': 'varitarget_p1'}
2026-09-13 23:29:47,390 : INFO : EventManager : Event: ======'varitarget_update_stable'====== Args={'priority': 0}
2026-09-13 23:29:47,390 : INFO : Timer.varitarget_reset_timer : Stopping Timer
2026-09-13 23:29:47,390 : INFO : EventManager : Event: ======'timer_varitarget_reset_timer_stopped'====== Args={'ticks': 0, 'ticks_remaining': 999999}
2026-09-13 23:29:47,390 : INFO : EventManager : Event: ======'player_score'====== Args={'value': 142, 'prev_value': 100, 'change': 42, 'player_num': 1, 'source': 'base'}
2026-09-13 23:29:47,548 : INFO : EventManager : Event: ======'slide_base_slide_created'====== Args={'_from_bcp': True}
2026-09-13 23:29:47,549 : INFO : EventManager : Event: ======'slide_attract_inactive'====== Args={'is_removing': True, '_from_bcp': True}
2026-09-13 23:29:47,549 : INFO : EventManager : Event: ======'slide_base_slide_active'====== Args={'original_context': 'base', 'original_calling_context': 'mode_base_started', 'priority': 100.0, 'queue': '<QueuedEvent>', 'player': 1.0, 'ball': 1.0, 'balls_remaining': 2.0, 'is_extra_ball': False, 'cmd': 'slides_play', '_from_bcp': True}
2026-09-13 23:29:47,567 : INFO : EventManager : Event: ======'slide_attract_removed'====== Args={'_from_bcp': True}
2026-09-13 23:29:47,590 : INFO : SwitchController : <<<<<<< 's_31_plunger_lane' active >>>>>>>
2026-09-13 23:29:47,590 : INFO : EventManager : Event: ======'s_31_plunger_lane_active'====== Args={}
2026-09-13 23:29:47,590 : INFO : EventManager : Event: ======'machine_var_audits_switches_s_31_plunger_lane'====== Args={'value': 2678, 'prev_value': 2677, 'change': 1}
2026-09-13 23:29:47,591 : INFO : Timer.t_auto_plunge : Starting Timer.
2026-09-13 23:29:47,591 : INFO : EventManager : Event: ======'timer_t_auto_plunge_started'====== Args={'ticks': 10, 'ticks_remaining': 10}
2026-09-13 23:29:47,591 : INFO : EventManager : Event: ======'timer_t_auto_plunge_tick'====== Args={'ticks': 10, 'ticks_remaining': 10}
2026-09-13 23:29:47,639 : INFO : SwitchController : <<<<<<< 's_26_trough_3' inactive >>>>>>>
2026-09-13 23:29:47,640 : INFO : SwitchController : <<<<<<< 's_25_trough_2' inactive >>>>>>>
2026-09-13 23:29:47,670 : INFO : SwitchController : <<<<<<< 's_24_trough_1' active >>>>>>>
2026-09-13 23:29:47,670 : INFO : EventManager : Event: ======'machine_var_audits_switches_s_24_trough_1'====== Args={'value': 2753, 'prev_value': 2752, 'change': 1}
2026-09-13 23:29:47,670 : INFO : SwitchController : <<<<<<< 's_25_trough_2' active >>>>>>>
2026-09-13 23:29:47,671 : INFO : EventManager : Event: ======'machine_var_audits_switches_s_25_trough_2'====== Args={'value': 2723, 'prev_value': 2722, 'change': 1}
2026-09-13 23:29:48,085 : INFO : ball_device.bd_plunger : Received ball from <ball_device.bd_trough>
2026-09-13 23:29:48,085 : INFO : EventManager : Event: ======'balldevice_bd_plunger_ball_enter'====== Args={'new_balls': 1, 'unclaimed_balls': 0, 'new_available_balls': 0, 'device': <ball_device.bd_plunger>}
2026-09-13 23:29:48,086 : INFO : EventManager : Event: ======'balldevice_bd_plunger_ball_entered'====== Args={'new_balls': 0, 'device': <ball_device.bd_plunger>}
2026-09-13 23:29:48,086 : INFO : EventManager : Event: ======'balldevice_bd_plunger_ball_count_changed'====== Args={'balls': 1}
2026-09-13 23:29:48,086 : INFO : ball_device.bd_trough : Got eject confirm
2026-09-13 23:29:48,086 : INFO : ball_device.bd_trough : Eject successful
2026-09-13 23:29:48,086 : INFO : EventManager : Event: ======'balldevice_bd_trough_ball_eject_success'====== Args={'balls': 1, 'target': <ball_device.bd_plunger>}
2026-09-13 23:29:48,086 : INFO : ball_device.bd_plunger : State: waiting_for_target_ready
2026-09-13 23:29:48,086 : INFO : EventManager : Event: ======'balldevice_bd_plunger_ball_eject_attempt'====== Args={'balls': 1, 'target': <playfield.playfield>, 'source': <ball_device.bd_plunger>, 'mechanical_eject': True, 'num_attempts': 0}
2026-09-13 23:29:48,087 : INFO : EventManager : Event: ======'balldevice_bd_trough_ball_count_changed'====== Args={'balls': 2}
2026-09-13 23:29:48,087 : INFO : ball_device.bd_trough : State: idle
2026-09-13 23:29:48,087 : INFO : ball_device.bd_plunger : State: ejecting
2026-09-13 23:29:48,087 : INFO : ball_device.bd_plunger : Ejecting ball to <playfield.playfield>
2026-09-13 23:29:48,087 : INFO : EventManager : Event: ======'balldevice_bd_plunger_ejecting_ball'====== Args={'balls': 1, 'target': <playfield.playfield>, 'source': <ball_device.bd_plunger>, 'mechanical_eject': True, 'num_attempts': 0}
2026-09-13 23:29:48,088 : INFO : ball_device.bd_plunger : Wait for ball to leave device
2026-09-13 23:29:48,195 : INFO : SwitchController : <<<<<<< 's_31_plunger_lane' inactive >>>>>>>
2026-09-13 23:29:48,195 : INFO : EventManager : Event: ======'s_31_plunger_lane_inactive'====== Args={}
2026-09-13 23:29:48,196 : INFO : EventManager : Event: ======'skillshot_plunger_left'====== Args={'priority': 0}
2026-09-13 23:29:48,196 : INFO : Timer.t_auto_plunge : Stopping Timer
2026-09-13 23:29:48,196 : INFO : EventManager : Event: ======'timer_t_auto_plunge_stopped'====== Args={'ticks': 10, 'ticks_remaining': 10}
2026-09-13 23:29:48,196 : INFO : EventManager : Event: ======'ball_save_request'====== Args={'priority': 0}
2026-09-13 23:29:48,196 : INFO : EventManager : Event: ======'player_skillshot_left_plunger'====== Args={'value': 1, 'prev_value': 0, 'change': 1, 'player_num': 1, 'source': 'skillshot'}
2026-09-13 23:29:48,201 : INFO : EventManager : Event: ======'player_launch_ball_save_used'====== Args={'value': 1, 'prev_value': 0, 'change': 1, 'player_num': 1, 'source': 'base'}
2026-09-13 23:29:48,201 : INFO : EventManager : Event: ======'ball_save_bs_default_timer_start'====== Args={}
2026-09-13 23:29:48,201 : INFO : EventManager : Event: ======'ball_save_bs_default_enabled'====== Args={}
2026-09-13 23:29:48,211 : INFO : ball_device.bd_plunger : State: ball_left
2026-09-13 23:29:48,211 : INFO : ball_device.bd_plunger : Ball left
2026-09-13 23:29:48,212 : INFO : ball_device.bd_plunger : Wait for confirm with timeout 4.0
2026-09-13 23:29:48,402 : INFO : EventManager : Event: ======'player_glasses_mode_glasses_position_confirm_tick'====== Args={'value': 1, 'prev_value': 0, 'change': 1, 'player_num': 1}
2026-09-13 23:29:48,402 : INFO : Timer.glasses_position_confirm : Timer Complete
2026-09-13 23:29:48,402 : INFO : Timer.glasses_position_confirm : Stopping Timer
2026-09-13 23:29:48,402 : INFO : EventManager : Event: ======'timer_glasses_position_confirm_stopped'====== Args={'ticks': 1, 'ticks_remaining': 1}
2026-09-13 23:29:48,402 : INFO : EventManager : Event: ======'timer_glasses_position_confirm_complete'====== Args={'ticks': 1, 'ticks_remaining': 1}
2026-09-13 23:29:48,409 : INFO : EventManager : Event: ======'varitarget_position_1_confirmed'====== Args={'priority': 0}
2026-09-13 23:29:48,409 : INFO : EventManager : Event: ======'glasses_enter_state_1'====== Args={'priority': 0}
2026-09-13 23:29:48,409 : INFO : EventManager : Event: ======'glasses_stop_all_shows'====== Args={'priority': 0}
2026-09-13 23:29:48,409 : INFO : EventManager : Event: ======'glasses_state_timer_stop'====== Args={'priority': 0}
2026-09-13 23:29:48,409 : INFO : EventManager : Event: ======'glasses_home_pulse_timer_stop'====== Args={'priority': 0}
2026-09-13 23:29:48,409 : INFO : EventManager : Event: ======'glasses_homing_cancel'====== Args={'priority': 0}
2026-09-13 23:29:48,409 : INFO : Timer.glasses_state_timer : Stopping Timer
2026-09-13 23:29:48,410 : INFO : EventManager : Event: ======'timer_glasses_state_timer_stopped'====== Args={'ticks': 0, 'ticks_remaining': 0}
2026-09-13 23:29:48,410 : INFO : Timer.glasses_home_pulse_timer : Stopping Timer
2026-09-13 23:29:48,410 : INFO : EventManager : Event: ======'timer_glasses_home_pulse_timer_stopped'====== Args={'ticks': 0, 'ticks_remaining': 0}
2026-09-13 23:29:50,360 : INFO : SwitchController : <<<<<<< 's_64_varitarget_position_1' inactive >>>>>>>
2026-09-13 23:29:50,360 : INFO : SwitchController : <<<<<<< 's_41_stand_up_target_6' active >>>>>>>
2026-09-13 23:29:50,360 : INFO : EventManager : Event: ======'playfield_active'====== Args={'source': 'resistance_qualify_target_6'}
2026-09-13 23:29:50,360 : INFO : EventManager : Event: ======'s_41_stand_up_target_6_active'====== Args={}
2026-09-13 23:29:50,360 : INFO : EventManager : Event: ======'sw_playfield_active'====== Args={}
2026-09-13 23:29:50,360 : INFO : EventManager : Event: ======'sw_standups'====== Args={}
2026-09-13 23:29:50,360 : INFO : EventManager : Event: ======'machine_var_audits_switches_s_41_stand_up_target_6'====== Args={'value': 5040, 'prev_value': 5039, 'change': 1}
2026-09-13 23:29:50,361 : INFO : EventManager : Event: ======'stars_t41_on'====== Args={'priority': 0}
2026-09-13 23:29:50,361 : INFO : EventManager : Event: ======'obey_qualify_hit'====== Args={'priority': 0}
2026-09-13 23:29:50,362 : INFO : EventManager : Event: ======'skillshot_phase1_success'====== Args={'priority': 0}
2026-09-13 23:29:50,362 : INFO : EventManager : Event: ======'skillshot_complete'====== Args={'priority': 0}
2026-09-13 23:29:50,362 : INFO : EventManager : Event: ======'brian_combo_step1'====== Args={'priority': 0}
2026-09-13 23:29:50,362 : INFO : EventManager : Event: ======'stars_count_updated'====== Args={'priority': 0}
2026-09-13 23:29:50,362 : INFO : EventManager : Event: ======'stars_monitor_t41_on'====== Args={'priority': 0}
2026-09-13 23:29:50,362 : INFO : EventManager : Event: ======'player_stars_t41'====== Args={'value': 1, 'prev_value': 0, 'change': 1, 'player_num': 1, 'source': 'stars_mode'}
2026-09-13 23:29:50,362 : INFO : EventManager : Event: ======'player_stars_targets_lit_count'====== Args={'value': 1, 'prev_value': 0, 'change': 1, 'player_num': 1, 'source': 'stars_mode'}
2026-09-13 23:29:50,372 : INFO : EventManager : Event: ======'player_obey_qualify_hits'====== Args={'value': 1, 'prev_value': 0, 'change': 1, 'player_num': 1, 'source': 'obey_qualify'}
2026-09-13 23:29:50,378 : INFO : EventManager : Event: ======'player_skillshot_first_switch_seen'====== Args={'value': 1, 'prev_value': 0, 'change': 1, 'player_num': 1, 'source': 'skillshot'}
2026-09-13 23:29:50,378 : INFO : EventManager : Event: ======'player_skillshot_phase1_success'====== Args={'value': 1, 'prev_value': 0, 'change': 1, 'player_num': 1, 'source': 'skillshot'}
2026-09-13 23:29:50,378 : INFO : EventManager : Event: ======'player_score'====== Args={'value': 500142, 'prev_value': 142, 'change': 500000, 'player_num': 1, 'source': 'skillshot'}
2026-09-13 23:29:50,393 : INFO : EventManager : Event: ======'mode_skillshot_will_stop'====== Args={}
2026-09-13 23:29:50,393 : INFO : EventManager : Event: ======'mode_skillshot_stopping'====== Args={}
2026-09-13 23:29:50,393 : INFO : EventManager : Event: ======'player_brian_combo_step'====== Args={'value': 1, 'prev_value': 0, 'change': 1, 'player_num': 1, 'source': 'brian_combo'}
2026-09-13 23:29:50,398 : INFO : EventManager : Event: ======'playfield_active'====== Args={'source': None}
2026-09-13 23:29:50,398 : INFO : EventManager : Event: ======'player_score'====== Args={'value': 500184, 'prev_value': 500142, 'change': 42, 'player_num': 1, 'source': 'base'}
2026-09-13 23:29:50,403 : INFO : Mode.skillshot : Stopped.
2026-09-13 23:29:50,403 : INFO : EventManager : Event: ======'modes_active_modes_changed'====== Args={}
2026-09-13 23:29:50,403 : INFO : EventManager : Event: ======'mode_skillshot_stopped'====== Args={}
2026-09-13 23:29:50,403 : INFO : EventManager : Event: ======'clear'====== Args={'key': 'skillshot'}
2026-09-13 23:29:50,425 : INFO : ball_device.bd_plunger : Got eject confirm
2026-09-13 23:29:50,425 : INFO : ball_device.bd_plunger : Eject successful
2026-09-13 23:29:50,425 : INFO : EventManager : Event: ======'balldevice_bd_plunger_ball_eject_success'====== Args={'balls': 1, 'target': <playfield.playfield>}
2026-09-13 23:29:50,426 : INFO : EventManager : Event: ======'balldevice_playfield_ball_enter'====== Args={'new_balls': 1, 'unclaimed_balls': 1, 'device': <playfield.playfield>}
2026-09-13 23:29:50,426 : INFO : EventManager : Event: ======'playfield_ball_count_change'====== Args={'balls': 1, 'change': 1}
2026-09-13 23:29:50,427 : INFO : EventManager : Event: ======'balldevice_bd_plunger_ball_count_changed'====== Args={'balls': 0}
2026-09-13 23:29:50,427 : INFO : ball_device.bd_plunger : State: idle
2026-09-13 23:29:50,536 : INFO : SwitchController : <<<<<<< 's_41_stand_up_target_6' inactive >>>>>>>
2026-09-13 23:29:50,537 : INFO : SwitchController : <<<<<<< 's_41_stand_up_target_6' active >>>>>>>
2026-09-13 23:29:50,537 : INFO : EventManager : Event: ======'s_41_stand_up_target_6_active'====== Args={}
2026-09-13 23:29:50,537 : INFO : EventManager : Event: ======'sw_playfield_active'====== Args={}
2026-09-13 23:29:50,537 : INFO : EventManager : Event: ======'sw_standups'====== Args={}
2026-09-13 23:29:50,537 : INFO : EventManager : Event: ======'machine_var_audits_switches_s_41_stand_up_target_6'====== Args={'value': 5041, 'prev_value': 5040, 'change': 1}
2026-09-13 23:29:50,537 : INFO : EventManager : Event: ======'stars_t41_off'====== Args={'priority': 0}
2026-09-13 23:29:50,537 : INFO : EventManager : Event: ======'obey_qualify_hit'====== Args={'priority': 0}
2026-09-13 23:29:50,537 : INFO : EventManager : Event: ======'brian_combo_step1'====== Args={'priority': 0}
2026-09-13 23:29:50,538 : INFO : EventManager : Event: ======'stars_count_updated'====== Args={'priority': 0}
2026-09-13 23:29:50,538 : INFO : EventManager : Event: ======'stars_monitor_t41_off'====== Args={'priority': 0}
2026-09-13 23:29:50,538 : INFO : EventManager : Event: ======'player_stars_t41'====== Args={'value': 0, 'prev_value': 1, 'change': -1, 'player_num': 1, 'source': 'stars_mode'}
2026-09-13 23:29:50,538 : INFO : EventManager : Event: ======'player_stars_targets_lit_count'====== Args={'value': 0, 'prev_value': 1, 'change': -1, 'player_num': 1, 'source': 'stars_mode'}
2026-09-13 23:29:50,548 : INFO : EventManager : Event: ======'player_obey_qualify_hits'====== Args={'value': 2, 'prev_value': 1, 'change': 1, 'player_num': 1, 'source': 'obey_qualify'}
2026-09-13 23:29:50,553 : INFO : EventManager : Event: ======'player_score'====== Args={'value': 500226, 'prev_value': 500184, 'change': 42, 'player_num': 1, 'source': 'base'}
2026-09-13 23:29:50,562 : INFO : SwitchController : <<<<<<< 's_41_stand_up_target_6' inactive >>>>>>>
2026-09-13 23:29:50,562 : INFO : SwitchController : <<<<<<< 's_41_stand_up_target_6' active >>>>>>>
2026-09-13 23:29:50,562 : INFO : EventManager : Event: ======'s_41_stand_up_target_6_active'====== Args={}
2026-09-13 23:29:50,563 : INFO : EventManager : Event: ======'sw_playfield_active'====== Args={}
2026-09-13 23:29:50,563 : INFO : EventManager : Event: ======'sw_standups'====== Args={}
2026-09-13 23:29:50,563 : INFO : EventManager : Event: ======'machine_var_audits_switches_s_41_stand_up_target_6'====== Args={'value': 5042, 'prev_value': 5041, 'change': 1}
2026-09-13 23:29:50,563 : INFO : SwitchController : <<<<<<< 's_41_stand_up_target_6' inactive >>>>>>>
2026-09-13 23:29:50,564 : INFO : EventManager : Event: ======'stars_t41_on'====== Args={'priority': 0}
2026-09-13 23:29:50,564 : INFO : EventManager : Event: ======'obey_qualify_hit'====== Args={'priority': 0}
2026-09-13 23:29:50,564 : INFO : EventManager : Event: ======'brian_combo_step1'====== Args={'priority': 0}
2026-09-13 23:29:50,564 : INFO : EventManager : Event: ======'stars_count_updated'====== Args={'priority': 0}
2026-09-13 23:29:50,564 : INFO : EventManager : Event: ======'stars_monitor_t41_on'====== Args={'priority': 0}
2026-09-13 23:29:50,564 : INFO : EventManager : Event: ======'player_stars_t41'====== Args={'value': 1, 'prev_value': 0, 'change': 1, 'player_num': 1, 'source': 'stars_mode'}
2026-09-13 23:29:50,564 : INFO : EventManager : Event: ======'player_stars_targets_lit_count'====== Args={'value': 1, 'prev_value': 0, 'change': 1, 'player_num': 1, 'source': 'stars_mode'}
2026-09-13 23:29:50,574 : INFO : EventManager : Event: ======'player_obey_qualify_hits'====== Args={'value': 3, 'prev_value': 2, 'change': 1, 'player_num': 1, 'source': 'obey_qualify'}
2026-09-13 23:29:50,580 : INFO : EventManager : Event: ======'player_score'====== Args={'value': 500268, 'prev_value': 500226, 'change': 42, 'player_num': 1, 'source': 'base'}
2026-09-13 23:29:50,589 : INFO : SwitchController : <<<<<<< 's_41_stand_up_target_6' active >>>>>>>
2026-09-13 23:29:50,589 : INFO : EventManager : Event: ======'s_41_stand_up_target_6_active'====== Args={}
2026-09-13 23:29:50,589 : INFO : EventManager : Event: ======'sw_playfield_active'====== Args={}
2026-09-13 23:29:50,589 : INFO : EventManager : Event: ======'sw_standups'====== Args={}
2026-09-13 23:29:50,589 : INFO : EventManager : Event: ======'machine_var_audits_switches_s_41_stand_up_target_6'====== Args={'value': 5043, 'prev_value': 5042, 'change': 1}
2026-09-13 23:29:50,590 : INFO : EventManager : Event: ======'stars_t41_off'====== Args={'priority': 0}
2026-09-13 23:29:50,590 : INFO : EventManager : Event: ======'obey_qualify_hit'====== Args={'priority': 0}
2026-09-13 23:29:50,590 : INFO : EventManager : Event: ======'brian_combo_step1'====== Args={'priority': 0}
2026-09-13 23:29:50,590 : INFO : EventManager : Event: ======'stars_count_updated'====== Args={'priority': 0}
2026-09-13 23:29:50,590 : INFO : EventManager : Event: ======'stars_monitor_t41_off'====== Args={'priority': 0}
2026-09-13 23:29:50,591 : INFO : EventManager : Event: ======'player_stars_t41'====== Args={'value': 0, 'prev_value': 1, 'change': -1, 'player_num': 1, 'source': 'stars_mode'}
2026-09-13 23:29:50,591 : INFO : EventManager : Event: ======'player_stars_targets_lit_count'====== Args={'value': 0, 'prev_value': 1, 'change': -1, 'player_num': 1, 'source': 'stars_mode'}
2026-09-13 23:29:50,601 : INFO : EventManager : Event: ======'player_obey_qualify_hits'====== Args={'value': 4, 'prev_value': 3, 'change': 1, 'player_num': 1, 'source': 'obey_qualify'}
2026-09-13 23:29:50,606 : INFO : EventManager : Event: ======'player_score'====== Args={'value': 500310, 'prev_value': 500268, 'change': 42, 'player_num': 1, 'source': 'base'}
2026-09-13 23:29:50,612 : INFO : SwitchController : <<<<<<< 's_41_stand_up_target_6' inactive >>>>>>>
2026-09-13 23:29:50,616 : INFO : SwitchController : <<<<<<< 's_41_stand_up_target_6' active >>>>>>>
2026-09-13 23:29:50,616 : INFO : EventManager : Event: ======'s_41_stand_up_target_6_active'====== Args={}
2026-09-13 23:29:50,616 : INFO : EventManager : Event: ======'sw_playfield_active'====== Args={}
2026-09-13 23:29:50,616 : INFO : EventManager : Event: ======'sw_standups'====== Args={}
2026-09-13 23:29:50,616 : INFO : EventManager : Event: ======'machine_var_audits_switches_s_41_stand_up_target_6'====== Args={'value': 5044, 'prev_value': 5043, 'change': 1}
2026-09-13 23:29:50,616 : INFO : SwitchController : <<<<<<< 's_41_stand_up_target_6' inactive >>>>>>>
2026-09-13 23:29:50,616 : INFO : SwitchController : <<<<<<< 's_41_stand_up_target_6' active >>>>>>>
2026-09-13 23:29:50,616 : INFO : EventManager : Event: ======'s_41_stand_up_target_6_active'====== Args={}
2026-09-13 23:29:50,616 : INFO : EventManager : Event: ======'sw_playfield_active'====== Args={}
2026-09-13 23:29:50,617 : INFO : EventManager : Event: ======'sw_standups'====== Args={}
2026-09-13 23:29:50,617 : INFO : EventManager : Event: ======'machine_var_audits_switches_s_41_stand_up_target_6'====== Args={'value': 5045, 'prev_value': 5044, 'change': 1}
2026-09-13 23:29:50,617 : INFO : SwitchController : <<<<<<< 's_41_stand_up_target_6' inactive >>>>>>>
2026-09-13 23:29:50,617 : INFO : EventManager : Event: ======'stars_t41_on'====== Args={'priority': 0}
2026-09-13 23:29:50,617 : INFO : EventManager : Event: ======'obey_qualify_hit'====== Args={'priority': 0}
2026-09-13 23:29:50,617 : INFO : EventManager : Event: ======'brian_combo_step1'====== Args={'priority': 0}
2026-09-13 23:29:50,617 : INFO : EventManager : Event: ======'stars_count_updated'====== Args={'priority': 0}
2026-09-13 23:29:50,618 : INFO : EventManager : Event: ======'stars_monitor_t41_on'====== Args={'priority': 0}
2026-09-13 23:29:50,618 : INFO : EventManager : Event: ======'player_stars_t41'====== Args={'value': 1, 'prev_value': 0, 'change': 1, 'player_num': 1, 'source': 'stars_mode'}
2026-09-13 23:29:50,618 : INFO : EventManager : Event: ======'player_stars_targets_lit_count'====== Args={'value': 1, 'prev_value': 0, 'change': 1, 'player_num': 1, 'source': 'stars_mode'}
2026-09-13 23:29:50,628 : INFO : EventManager : Event: ======'player_obey_qualify_hits'====== Args={'value': 5, 'prev_value': 4, 'change': 1, 'player_num': 1, 'source': 'obey_qualify'}
2026-09-13 23:29:50,633 : INFO : EventManager : Event: ======'player_score'====== Args={'value': 500352, 'prev_value': 500310, 'change': 42, 'player_num': 1, 'source': 'base'}
2026-09-13 23:29:50,638 : INFO : EventManager : Event: ======'stars_t41_off'====== Args={'priority': 0}
2026-09-13 23:29:50,638 : INFO : EventManager : Event: ======'obey_qualify_hit'====== Args={'priority': 0}
2026-09-13 23:29:50,638 : INFO : EventManager : Event: ======'brian_combo_step1'====== Args={'priority': 0}
2026-09-13 23:29:50,639 : INFO : EventManager : Event: ======'stars_count_updated'====== Args={'priority': 0}
2026-09-13 23:29:50,639 : INFO : EventManager : Event: ======'stars_monitor_t41_off'====== Args={'priority': 0}
2026-09-13 23:29:50,639 : INFO : EventManager : Event: ======'player_stars_t41'====== Args={'value': 0, 'prev_value': 1, 'change': -1, 'player_num': 1, 'source': 'stars_mode'}
2026-09-13 23:29:50,639 : INFO : EventManager : Event: ======'player_stars_targets_lit_count'====== Args={'value': 0, 'prev_value': 1, 'change': -1, 'player_num': 1, 'source': 'stars_mode'}
2026-09-13 23:29:50,649 : INFO : EventManager : Event: ======'player_obey_qualify_hits'====== Args={'value': 6, 'prev_value': 5, 'change': 1, 'player_num': 1, 'source': 'obey_qualify'}
2026-09-13 23:29:50,654 : INFO : EventManager : Event: ======'player_score'====== Args={'value': 500394, 'prev_value': 500352, 'change': 42, 'player_num': 1, 'source': 'base'}
2026-09-13 23:29:50,664 : INFO : SwitchController : <<<<<<< 's_41_stand_up_target_6' active >>>>>>>
2026-09-13 23:29:50,664 : INFO : EventManager : Event: ======'s_41_stand_up_target_6_active'====== Args={}
2026-09-13 23:29:50,664 : INFO : EventManager : Event: ======'sw_playfield_active'====== Args={}
2026-09-13 23:29:50,664 : INFO : EventManager : Event: ======'sw_standups'====== Args={}
2026-09-13 23:29:50,664 : INFO : EventManager : Event: ======'machine_var_audits_switches_s_41_stand_up_target_6'====== Args={'value': 5046, 'prev_value': 5045, 'change': 1}
2026-09-13 23:29:50,664 : INFO : SwitchController : <<<<<<< 's_41_stand_up_target_6' inactive >>>>>>>
2026-09-13 23:29:50,664 : INFO : SwitchController : <<<<<<< 's_41_stand_up_target_6' active >>>>>>>
2026-09-13 23:29:50,665 : INFO : EventManager : Event: ======'s_41_stand_up_target_6_active'====== Args={}
2026-09-13 23:29:50,665 : INFO : EventManager : Event: ======'sw_playfield_active'====== Args={}
2026-09-13 23:29:50,665 : INFO : EventManager : Event: ======'sw_standups'====== Args={}
2026-09-13 23:29:50,665 : INFO : EventManager : Event: ======'machine_var_audits_switches_s_41_stand_up_target_6'====== Args={'value': 5047, 'prev_value': 5046, 'change': 1}
2026-09-13 23:29:50,665 : INFO : SwitchController : <<<<<<< 's_41_stand_up_target_6' inactive >>>>>>>
2026-09-13 23:29:50,665 : INFO : SwitchController : <<<<<<< 's_41_stand_up_target_6' active >>>>>>>
2026-09-13 23:29:50,665 : INFO : EventManager : Event: ======'s_41_stand_up_target_6_active'====== Args={}
2026-09-13 23:29:50,665 : INFO : EventManager : Event: ======'sw_playfield_active'====== Args={}
2026-09-13 23:29:50,665 : INFO : EventManager : Event: ======'sw_standups'====== Args={}
2026-09-13 23:29:50,665 : INFO : EventManager : Event: ======'machine_var_audits_switches_s_41_stand_up_target_6'====== Args={'value': 5048, 'prev_value': 5047, 'change': 1}
2026-09-13 23:29:50,665 : INFO : SwitchController : <<<<<<< 's_41_stand_up_target_6' inactive >>>>>>>
2026-09-13 23:29:50,665 : INFO : SwitchController : <<<<<<< 's_41_stand_up_target_6' active >>>>>>>
2026-09-13 23:29:50,665 : INFO : EventManager : Event: ======'s_41_stand_up_target_6_active'====== Args={}
2026-09-13 23:29:50,665 : INFO : EventManager : Event: ======'sw_playfield_active'====== Args={}
2026-09-13 23:29:50,665 : INFO : EventManager : Event: ======'sw_standups'====== Args={}
2026-09-13 23:29:50,665 : INFO : EventManager : Event: ======'machine_var_audits_switches_s_41_stand_up_target_6'====== Args={'value': 5049, 'prev_value': 5048, 'change': 1}
2026-09-13 23:29:50,666 : INFO : SwitchController : <<<<<<< 's_41_stand_up_target_6' inactive >>>>>>>
2026-09-13 23:29:50,668 : INFO : EventManager : Event: ======'stars_t41_on'====== Args={'priority': 0}
2026-09-13 23:29:50,668 : INFO : EventManager : Event: ======'obey_qualify_hit'====== Args={'priority': 0}
2026-09-13 23:29:50,668 : INFO : EventManager : Event: ======'brian_combo_step1'====== Args={'priority': 0}
2026-09-13 23:29:50,668 : INFO : EventManager : Event: ======'stars_count_updated'====== Args={'priority': 0}
2026-09-13 23:29:50,668 : INFO : EventManager : Event: ======'stars_monitor_t41_on'====== Args={'priority': 0}
2026-09-13 23:29:50,668 : INFO : EventManager : Event: ======'player_stars_t41'====== Args={'value': 1, 'prev_value': 0, 'change': 1, 'player_num': 1, 'source': 'stars_mode'}
2026-09-13 23:29:50,668 : INFO : EventManager : Event: ======'player_stars_targets_lit_count'====== Args={'value': 1, 'prev_value': 0, 'change': 1, 'player_num': 1, 'source': 'stars_mode'}
2026-09-13 23:29:50,679 : INFO : EventManager : Event: ======'player_obey_qualify_hits'====== Args={'value': 7, 'prev_value': 6, 'change': 1, 'player_num': 1, 'source': 'obey_qualify'}
2026-09-13 23:29:50,683 : INFO : EventManager : Event: ======'player_score'====== Args={'value': 500436, 'prev_value': 500394, 'change': 42, 'player_num': 1, 'source': 'base'}
2026-09-13 23:29:50,688 : INFO : EventManager : Event: ======'stars_t41_off'====== Args={'priority': 0}
2026-09-13 23:29:50,688 : INFO : EventManager : Event: ======'obey_qualify_hit'====== Args={'priority': 0}
2026-09-13 23:29:50,688 : INFO : EventManager : Event: ======'brian_combo_step1'====== Args={'priority': 0}
2026-09-13 23:29:50,689 : INFO : EventManager : Event: ======'stars_count_updated'====== Args={'priority': 0}
2026-09-13 23:29:50,689 : INFO : EventManager : Event: ======'stars_monitor_t41_off'====== Args={'priority': 0}
2026-09-13 23:29:50,689 : INFO : EventManager : Event: ======'player_stars_t41'====== Args={'value': 0, 'prev_value': 1, 'change': -1, 'player_num': 1, 'source': 'stars_mode'}
2026-09-13 23:29:50,689 : INFO : EventManager : Event: ======'player_stars_targets_lit_count'====== Args={'value': 0, 'prev_value': 1, 'change': -1, 'player_num': 1, 'source': 'stars_mode'}
2026-09-13 23:29:50,699 : INFO : EventManager : Event: ======'player_obey_qualify_hits'====== Args={'value': 8, 'prev_value': 7, 'change': 1, 'player_num': 1, 'source': 'obey_qualify'}
2026-09-13 23:29:50,704 : INFO : EventManager : Event: ======'player_score'====== Args={'value': 500478, 'prev_value': 500436, 'change': 42, 'player_num': 1, 'source': 'base'}
2026-09-13 23:29:50,709 : INFO : EventManager : Event: ======'stars_t41_on'====== Args={'priority': 0}
2026-09-13 23:29:50,709 : INFO : EventManager : Event: ======'obey_qualify_hit'====== Args={'priority': 0}
2026-09-13 23:29:50,709 : INFO : EventManager : Event: ======'brian_combo_step1'====== Args={'priority': 0}
2026-09-13 23:29:50,710 : INFO : EventManager : Event: ======'stars_count_updated'====== Args={'priority': 0}
2026-09-13 23:29:50,710 : INFO : EventManager : Event: ======'stars_monitor_t41_on'====== Args={'priority': 0}
2026-09-13 23:29:50,710 : INFO : EventManager : Event: ======'player_stars_t41'====== Args={'value': 1, 'prev_value': 0, 'change': 1, 'player_num': 1, 'source': 'stars_mode'}
2026-09-13 23:29:50,710 : INFO : EventManager : Event: ======'player_stars_targets_lit_count'====== Args={'value': 1, 'prev_value': 0, 'change': 1, 'player_num': 1, 'source': 'stars_mode'}
2026-09-13 23:29:50,719 : INFO : EventManager : Event: ======'player_obey_qualify_hits'====== Args={'value': 9, 'prev_value': 8, 'change': 1, 'player_num': 1, 'source': 'obey_qualify'}
2026-09-13 23:29:50,724 : INFO : EventManager : Event: ======'player_score'====== Args={'value': 500520, 'prev_value': 500478, 'change': 42, 'player_num': 1, 'source': 'base'}
2026-09-13 23:29:50,730 : INFO : EventManager : Event: ======'stars_t41_off'====== Args={'priority': 0}
2026-09-13 23:29:50,730 : INFO : EventManager : Event: ======'obey_qualify_hit'====== Args={'priority': 0}
2026-09-13 23:29:50,730 : INFO : EventManager : Event: ======'brian_combo_step1'====== Args={'priority': 0}
2026-09-13 23:29:50,730 : INFO : EventManager : Event: ======'stars_count_updated'====== Args={'priority': 0}
2026-09-13 23:29:50,730 : INFO : EventManager : Event: ======'stars_monitor_t41_off'====== Args={'priority': 0}
2026-09-13 23:29:50,731 : INFO : EventManager : Event: ======'player_stars_t41'====== Args={'value': 0, 'prev_value': 1, 'change': -1, 'player_num': 1, 'source': 'stars_mode'}
2026-09-13 23:29:50,731 : INFO : EventManager : Event: ======'player_stars_targets_lit_count'====== Args={'value': 0, 'prev_value': 1, 'change': -1, 'player_num': 1, 'source': 'stars_mode'}
2026-09-13 23:29:50,740 : INFO : EventManager : Event: ======'player_obey_qualify_hits'====== Args={'value': 10, 'prev_value': 9, 'change': 1, 'player_num': 1, 'source': 'obey_qualify'}
2026-09-13 23:29:50,745 : INFO : EventManager : Event: ======'player_score'====== Args={'value': 500562, 'prev_value': 500520, 'change': 42, 'player_num': 1, 'source': 'base'}
2026-09-13 23:29:51,026 : INFO : SwitchController : <<<<<<< 's_41_stand_up_target_6' active >>>>>>>
2026-09-13 23:29:51,026 : INFO : EventManager : Event: ======'s_41_stand_up_target_6_active'====== Args={}
2026-09-13 23:29:51,026 : INFO : EventManager : Event: ======'sw_playfield_active'====== Args={}
2026-09-13 23:29:51,026 : INFO : EventManager : Event: ======'sw_standups'====== Args={}
2026-09-13 23:29:51,026 : INFO : EventManager : Event: ======'machine_var_audits_switches_s_41_stand_up_target_6'====== Args={'value': 5050, 'prev_value': 5049, 'change': 1}
2026-09-13 23:29:51,027 : INFO : EventManager : Event: ======'stars_t41_on'====== Args={'priority': 0}
2026-09-13 23:29:51,027 : INFO : EventManager : Event: ======'obey_qualify_hit'====== Args={'priority': 0}
2026-09-13 23:29:51,027 : INFO : EventManager : Event: ======'obey_qualification_started'====== Args={'priority': 0}
2026-09-13 23:29:51,027 : INFO : EventManager : Event: ======'brian_combo_step1'====== Args={'priority': 0}
2026-09-13 23:29:51,027 : INFO : EventManager : Event: ======'stars_count_updated'====== Args={'priority': 0}
2026-09-13 23:29:51,027 : INFO : EventManager : Event: ======'stars_monitor_t41_on'====== Args={'priority': 0}
2026-09-13 23:29:51,028 : INFO : EventManager : Event: ======'player_stars_t41'====== Args={'value': 1, 'prev_value': 0, 'change': 1, 'player_num': 1, 'source': 'stars_mode'}
2026-09-13 23:29:51,028 : INFO : EventManager : Event: ======'player_stars_targets_lit_count'====== Args={'value': 1, 'prev_value': 0, 'change': 1, 'player_num': 1, 'source': 'stars_mode'}
2026-09-13 23:29:51,037 : INFO : EventManager : Event: ======'player_obey_qualify_hits'====== Args={'value': 11, 'prev_value': 10, 'change': 1, 'player_num': 1, 'source': 'obey_qualify'}
2026-09-13 23:29:51,043 : INFO : EventManager : Event: ======'obey_qualification_stage_active'====== Args={'priority': 0}
2026-09-13 23:29:51,044 : INFO : EventManager : Event: ======'player_obey_qualification_active'====== Args={'value': 1, 'prev_value': 0, 'change': 1, 'player_num': 1, 'source': 'obey_qualify'}
2026-09-13 23:29:51,049 : INFO : EventManager : Event: ======'player_score'====== Args={'value': 500604, 'prev_value': 500562, 'change': 42, 'player_num': 1, 'source': 'base'}
2026-09-13 23:29:51,065 : INFO : EventManager : Event: ======'widget_obey_objective_widget_active'====== Args={'original_context': 'obey_qualify', 'original_calling_context': 'obey_qualification_started', 'priority': 210.0, 'cmd': 'widgets_play', '_from_bcp': True}
2026-09-13 23:29:51,104 : INFO : SwitchController : <<<<<<< 's_41_stand_up_target_6' inactive >>>>>>>
2026-09-13 23:29:51,104 : INFO : SwitchController : <<<<<<< 's_41_stand_up_target_6' active >>>>>>>
2026-09-13 23:29:51,104 : INFO : EventManager : Event: ======'s_41_stand_up_target_6_active'====== Args={}
2026-09-13 23:29:51,104 : INFO : EventManager : Event: ======'sw_playfield_active'====== Args={}
2026-09-13 23:29:51,104 : INFO : EventManager : Event: ======'sw_standups'====== Args={}
2026-09-13 23:29:51,104 : INFO : EventManager : Event: ======'machine_var_audits_switches_s_41_stand_up_target_6'====== Args={'value': 5051, 'prev_value': 5050, 'change': 1}
2026-09-13 23:29:51,105 : INFO : EventManager : Event: ======'stars_t41_off'====== Args={'priority': 0}
2026-09-13 23:29:51,105 : INFO : EventManager : Event: ======'obey_qualify_hit'====== Args={'priority': 0}
2026-09-13 23:29:51,105 : INFO : EventManager : Event: ======'brian_combo_step1'====== Args={'priority': 0}
2026-09-13 23:29:51,105 : INFO : EventManager : Event: ======'stars_count_updated'====== Args={'priority': 0}
2026-09-13 23:29:51,105 : INFO : EventManager : Event: ======'stars_monitor_t41_off'====== Args={'priority': 0}
2026-09-13 23:29:51,105 : INFO : EventManager : Event: ======'player_stars_t41'====== Args={'value': 0, 'prev_value': 1, 'change': -1, 'player_num': 1, 'source': 'stars_mode'}
2026-09-13 23:29:51,105 : INFO : EventManager : Event: ======'player_stars_targets_lit_count'====== Args={'value': 0, 'prev_value': 1, 'change': -1, 'player_num': 1, 'source': 'stars_mode'}
2026-09-13 23:29:51,117 : INFO : EventManager : Event: ======'player_obey_qualify_hits'====== Args={'value': 12, 'prev_value': 11, 'change': 1, 'player_num': 1, 'source': 'obey_qualify'}
2026-09-13 23:29:51,123 : INFO : EventManager : Event: ======'player_score'====== Args={'value': 500646, 'prev_value': 500604, 'change': 42, 'player_num': 1, 'source': 'base'}
2026-09-13 23:29:51,133 : INFO : SwitchController : <<<<<<< 's_41_stand_up_target_6' inactive >>>>>>>
2026-09-13 23:29:51,133 : INFO : SwitchController : <<<<<<< 's_41_stand_up_target_6' active >>>>>>>
2026-09-13 23:29:51,133 : INFO : EventManager : Event: ======'s_41_stand_up_target_6_active'====== Args={}
2026-09-13 23:29:51,133 : INFO : EventManager : Event: ======'sw_playfield_active'====== Args={}
2026-09-13 23:29:51,133 : INFO : EventManager : Event: ======'sw_standups'====== Args={}
2026-09-13 23:29:51,133 : INFO : EventManager : Event: ======'machine_var_audits_switches_s_41_stand_up_target_6'====== Args={'value': 5052, 'prev_value': 5051, 'change': 1}
2026-09-13 23:29:51,133 : INFO : SwitchController : <<<<<<< 's_41_stand_up_target_6' inactive >>>>>>>
2026-09-13 23:29:51,134 : INFO : SwitchController : <<<<<<< 's_41_stand_up_target_6' active >>>>>>>
2026-09-13 23:29:51,134 : INFO : EventManager : Event: ======'s_41_stand_up_target_6_active'====== Args={}
2026-09-13 23:29:51,134 : INFO : EventManager : Event: ======'sw_playfield_active'====== Args={}
2026-09-13 23:29:51,134 : INFO : EventManager : Event: ======'sw_standups'====== Args={}
2026-09-13 23:29:51,134 : INFO : EventManager : Event: ======'machine_var_audits_switches_s_41_stand_up_target_6'====== Args={'value': 5053, 'prev_value': 5052, 'change': 1}
2026-09-13 23:29:51,134 : INFO : EventManager : Event: ======'stars_t41_on'====== Args={'priority': 0}
2026-09-13 23:29:51,135 : INFO : EventManager : Event: ======'obey_qualify_hit'====== Args={'priority': 0}
2026-09-13 23:29:51,135 : INFO : EventManager : Event: ======'brian_combo_step1'====== Args={'priority': 0}
2026-09-13 23:29:51,135 : INFO : EventManager : Event: ======'stars_count_updated'====== Args={'priority': 0}
2026-09-13 23:29:51,135 : INFO : EventManager : Event: ======'stars_monitor_t41_on'====== Args={'priority': 0}
2026-09-13 23:29:51,135 : INFO : EventManager : Event: ======'player_stars_t41'====== Args={'value': 1, 'prev_value': 0, 'change': 1, 'player_num': 1, 'source': 'stars_mode'}
2026-09-13 23:29:51,135 : INFO : EventManager : Event: ======'player_stars_targets_lit_count'====== Args={'value': 1, 'prev_value': 0, 'change': 1, 'player_num': 1, 'source': 'stars_mode'}
2026-09-13 23:29:51,146 : INFO : EventManager : Event: ======'player_obey_qualify_hits'====== Args={'value': 13, 'prev_value': 12, 'change': 1, 'player_num': 1, 'source': 'obey_qualify'}
2026-09-13 23:29:51,151 : INFO : EventManager : Event: ======'player_score'====== Args={'value': 500688, 'prev_value': 500646, 'change': 42, 'player_num': 1, 'source': 'base'}
2026-09-13 23:29:51,156 : INFO : EventManager : Event: ======'stars_t41_off'====== Args={'priority': 0}
2026-09-13 23:29:51,156 : INFO : EventManager : Event: ======'obey_qualify_hit'====== Args={'priority': 0}
2026-09-13 23:29:51,156 : INFO : EventManager : Event: ======'brian_combo_step1'====== Args={'priority': 0}
2026-09-13 23:29:51,156 : INFO : EventManager : Event: ======'stars_count_updated'====== Args={'priority': 0}
2026-09-13 23:29:51,156 : INFO : EventManager : Event: ======'stars_monitor_t41_off'====== Args={'priority': 0}
2026-09-13 23:29:51,156 : INFO : EventManager : Event: ======'player_stars_t41'====== Args={'value': 0, 'prev_value': 1, 'change': -1, 'player_num': 1, 'source': 'stars_mode'}
2026-09-13 23:29:51,156 : INFO : EventManager : Event: ======'player_stars_targets_lit_count'====== Args={'value': 0, 'prev_value': 1, 'change': -1, 'player_num': 1, 'source': 'stars_mode'}
2026-09-13 23:29:51,166 : INFO : EventManager : Event: ======'player_obey_qualify_hits'====== Args={'value': 14, 'prev_value': 13, 'change': 1, 'player_num': 1, 'source': 'obey_qualify'}
2026-09-13 23:29:51,171 : INFO : EventManager : Event: ======'player_score'====== Args={'value': 500730, 'prev_value': 500688, 'change': 42, 'player_num': 1, 'source': 'base'}
2026-09-13 23:29:51,177 : INFO : SwitchController : <<<<<<< 's_41_stand_up_target_6' inactive >>>>>>>
2026-09-13 23:29:51,182 : INFO : SwitchController : <<<<<<< 's_41_stand_up_target_6' active >>>>>>>
2026-09-13 23:29:51,182 : INFO : EventManager : Event: ======'s_41_stand_up_target_6_active'====== Args={}
2026-09-13 23:29:51,182 : INFO : EventManager : Event: ======'sw_playfield_active'====== Args={}
2026-09-13 23:29:51,182 : INFO : EventManager : Event: ======'sw_standups'====== Args={}
2026-09-13 23:29:51,182 : INFO : EventManager : Event: ======'machine_var_audits_switches_s_41_stand_up_target_6'====== Args={'value': 5054, 'prev_value': 5053, 'change': 1}
2026-09-13 23:29:51,183 : INFO : SwitchController : <<<<<<< 's_41_stand_up_target_6' inactive >>>>>>>
2026-09-13 23:29:51,183 : INFO : SwitchController : <<<<<<< 's_41_stand_up_target_6' active >>>>>>>
2026-09-13 23:29:51,183 : INFO : EventManager : Event: ======'s_41_stand_up_target_6_active'====== Args={}
2026-09-13 23:29:51,183 : INFO : EventManager : Event: ======'sw_playfield_active'====== Args={}
2026-09-13 23:29:51,183 : INFO : EventManager : Event: ======'sw_standups'====== Args={}
2026-09-13 23:29:51,183 : INFO : EventManager : Event: ======'machine_var_audits_switches_s_41_stand_up_target_6'====== Args={'value': 5055, 'prev_value': 5054, 'change': 1}
2026-09-13 23:29:51,183 : INFO : SwitchController : <<<<<<< 's_41_stand_up_target_6' inactive >>>>>>>
2026-09-13 23:29:51,185 : INFO : EventManager : Event: ======'stars_t41_on'====== Args={'priority': 0}
2026-09-13 23:29:51,185 : INFO : EventManager : Event: ======'obey_qualify_hit'====== Args={'priority': 0}
2026-09-13 23:29:51,185 : INFO : EventManager : Event: ======'brian_combo_step1'====== Args={'priority': 0}
2026-09-13 23:29:51,185 : INFO : EventManager : Event: ======'stars_count_updated'====== Args={'priority': 0}
2026-09-13 23:29:51,185 : INFO : EventManager : Event: ======'stars_monitor_t41_on'====== Args={'priority': 0}
2026-09-13 23:29:51,185 : INFO : EventManager : Event: ======'player_stars_t41'====== Args={'value': 1, 'prev_value': 0, 'change': 1, 'player_num': 1, 'source': 'stars_mode'}
2026-09-13 23:29:51,185 : INFO : EventManager : Event: ======'player_stars_targets_lit_count'====== Args={'value': 1, 'prev_value': 0, 'change': 1, 'player_num': 1, 'source': 'stars_mode'}
2026-09-13 23:29:51,196 : INFO : EventManager : Event: ======'player_obey_qualify_hits'====== Args={'value': 15, 'prev_value': 14, 'change': 1, 'player_num': 1, 'source': 'obey_qualify'}
2026-09-13 23:29:51,201 : INFO : EventManager : Event: ======'player_score'====== Args={'value': 500772, 'prev_value': 500730, 'change': 42, 'player_num': 1, 'source': 'base'}
2026-09-13 23:29:51,206 : INFO : EventManager : Event: ======'stars_t41_off'====== Args={'priority': 0}
2026-09-13 23:29:51,206 : INFO : EventManager : Event: ======'obey_qualify_hit'====== Args={'priority': 0}
2026-09-13 23:29:51,206 : INFO : EventManager : Event: ======'obey_start'====== Args={'priority': 0}
2026-09-13 23:29:51,206 : INFO : EventManager : Event: ======'brian_combo_step1'====== Args={'priority': 0}
2026-09-13 23:29:51,206 : INFO : EventManager : Event: ======'stars_count_updated'====== Args={'priority': 0}
2026-09-13 23:29:51,206 : INFO : EventManager : Event: ======'stars_monitor_t41_off'====== Args={'priority': 0}
2026-09-13 23:29:51,206 : INFO : EventManager : Event: ======'player_stars_t41'====== Args={'value': 0, 'prev_value': 1, 'change': -1, 'player_num': 1, 'source': 'stars_mode'}
2026-09-13 23:29:51,206 : INFO : EventManager : Event: ======'player_stars_targets_lit_count'====== Args={'value': 0, 'prev_value': 1, 'change': -1, 'player_num': 1, 'source': 'stars_mode'}
2026-09-13 23:29:51,217 : INFO : EventManager : Event: ======'player_obey_qualify_hits'====== Args={'value': 16, 'prev_value': 15, 'change': 1, 'player_num': 1, 'source': 'obey_qualify'}
2026-09-13 23:29:51,221 : INFO : EventManager : Event: ======'mode_obey_will_start'====== Args={'priority': 0}
2026-09-13 23:29:51,222 : INFO : EventManager : Event: ======'player_obey_obey_stage1_timer_tick'====== Args={'value': 180, 'prev_value': 0, 'change': 180, 'player_num': 1}
2026-09-13 23:29:51,222 : INFO : EventManager : Event: ======'player_obey_obey_stage2_timer_tick'====== Args={'value': 180, 'prev_value': 0, 'change': 180, 'player_num': 1}
2026-09-13 23:29:51,228 : INFO : EventManager : Event: ======'mode_obey_starting'====== Args={'priority': 0}
2026-09-13 23:29:51,228 : INFO : EventManager : Event: ======'mode_obey_qualify_will_stop'====== Args={}
2026-09-13 23:29:51,228 : INFO : EventManager : Event: ======'mode_obey_qualify_stopping'====== Args={}
2026-09-13 23:29:51,228 : INFO : EventManager : Event: ======'obey_qualification_complete'====== Args={'priority': 0}
2026-09-13 23:29:51,228 : INFO : EventManager : Event: ======'player_score'====== Args={'value': 500814, 'prev_value': 500772, 'change': 42, 'player_num': 1, 'source': 'base'}
2026-09-13 23:29:51,233 : INFO : Mode.obey : Started. Priority: 500
2026-09-13 23:29:51,234 : INFO : EventManager : Event: ======'modes_active_modes_changed'====== Args={}
2026-09-13 23:29:51,234 : INFO : EventManager : Event: ======'mode_obey_started'====== Args={'priority': 0}
2026-09-13 23:29:51,234 : INFO : EventManager : Event: ======'obey_stage1_started'====== Args={'priority': 0}
2026-09-13 23:29:51,234 : INFO : EventManager : Event: ======'player_obey_spinner_goal'====== Args={'value': 40, 'prev_value': 0, 'change': 40, 'player_num': 1, 'source': 'obey'}
2026-09-13 23:29:51,234 : INFO : EventManager : Event: ======'player_obey_stage'====== Args={'value': 1, 'prev_value': 0, 'change': 1, 'player_num': 1, 'source': 'obey'}
2026-09-13 23:29:51,234 : INFO : EventManager : Event: ======'player_obey_left_spins'====== Args={'value': 0, 'prev_value': 0, 'change': 0, 'player_num': 1, 'source': 'obey'}
2026-09-13 23:29:51,234 : INFO : EventManager : Event: ======'player_obey_right_spins'====== Args={'value': 0, 'prev_value': 0, 'change': 0, 'player_num': 1, 'source': 'obey'}
2026-09-13 23:29:51,234 : INFO : EventManager : Event: ======'player_obey_left_complete'====== Args={'value': 0, 'prev_value': 0, 'change': 0, 'player_num': 1, 'source': 'obey'}
2026-09-13 23:29:51,234 : INFO : EventManager : Event: ======'player_obey_right_complete'====== Args={'value': 0, 'prev_value': 0, 'change': 0, 'player_num': 1, 'source': 'obey'}
2026-09-13 23:29:51,234 : INFO : EventManager : Event: ======'player_obey_multiplier_selected'====== Args={'value': 0, 'prev_value': 0, 'change': 0, 'player_num': 1, 'source': 'obey'}
2026-09-13 23:29:51,234 : INFO : EventManager : Event: ======'player_obey_multiplier'====== Args={'value': 1, 'prev_value': 0, 'change': 1, 'player_num': 1, 'source': 'obey'}
2026-09-13 23:29:51,235 : INFO : EventManager : Event: ======'player_obey_reward_active'====== Args={'value': 0, 'prev_value': 0, 'change': 0, 'player_num': 1, 'source': 'obey'}
2026-09-13 23:29:51,235 : INFO : EventManager : Event: ======'player_obey_varitarget_ready'====== Args={'value': 0, 'prev_value': 0, 'change': 0, 'player_num': 1, 'source': 'obey'}
2026-09-13 23:29:51,235 : INFO : Timer.obey_stage1_timer : Starting Timer.
2026-09-13 23:29:51,235 : INFO : EventManager : Event: ======'timer_obey_stage1_timer_started'====== Args={'ticks': 180, 'ticks_remaining': 180}
2026-09-13 23:29:51,235 : INFO : EventManager : Event: ======'timer_obey_stage1_timer_tick'====== Args={'ticks': 180, 'ticks_remaining': 180}
2026-09-13 23:29:51,248 : INFO : Mode.obey_qualify : Stopped.
2026-09-13 23:29:51,248 : INFO : EventManager : Event: ======'modes_active_modes_changed'====== Args={}
2026-09-13 23:29:51,248 : INFO : EventManager : Event: ======'mode_obey_qualify_stopped'====== Args={}
2026-09-13 23:29:51,248 : INFO : EventManager : Event: ======'clear'====== Args={'key': 'obey_qualify'}
2026-09-13 23:29:51,269 : INFO : EventManager : Event: ======'widget_ObeyObjectiveWidget_removed'====== Args={'_from_bcp': True}
2026-09-13 23:29:51,269 : INFO : EventManager : Event: ======'widget_obey_title_widget_active'====== Args={'original_context': 'obey', 'original_calling_context': 'mode_obey_started', 'priority': 500.0, 'cmd': 'widgets_play', '_from_bcp': True}
2026-09-13 23:29:51,278 : INFO : EventManager : Event: ======'widget_obey_stage1_widget_active'====== Args={'original_context': 'obey', 'original_calling_context': 'obey_stage1_started', 'priority': 500.0, 'cmd': 'widgets_play', '_from_bcp': True}
2026-09-13 23:29:51,300 : INFO : EventManager : Event: ======'widget_arrow_spinners_widget_active'====== Args={'original_context': 'obey', 'original_calling_context': 'obey_stage1_started', 'priority': 500.0, 'cmd': 'widgets_play', '_from_bcp': True}
2026-09-13 23:29:51,325 : INFO : SwitchController : <<<<<<< 's_41_stand_up_target_6' active >>>>>>>
2026-09-13 23:29:51,325 : INFO : EventManager : Event: ======'s_41_stand_up_target_6_active'====== Args={}
2026-09-13 23:29:51,325 : INFO : EventManager : Event: ======'sw_playfield_active'====== Args={}
2026-09-13 23:29:51,325 : INFO : EventManager : Event: ======'sw_standups'====== Args={}
2026-09-13 23:29:51,325 : INFO : EventManager : Event: ======'machine_var_audits_switches_s_41_stand_up_target_6'====== Args={'value': 5056, 'prev_value': 5055, 'change': 1}
2026-09-13 23:29:51,326 : INFO : EventManager : Event: ======'stars_t41_on'====== Args={'priority': 0}
2026-09-13 23:29:51,326 : INFO : EventManager : Event: ======'brian_combo_step1'====== Args={'priority': 0}
2026-09-13 23:29:51,326 : INFO : EventManager : Event: ======'stars_count_updated'====== Args={'priority': 0}
2026-09-13 23:29:51,326 : INFO : EventManager : Event: ======'stars_monitor_t41_on'====== Args={'priority': 0}
2026-09-13 23:29:51,326 : INFO : EventManager : Event: ======'player_stars_t41'====== Args={'value': 1, 'prev_value': 0, 'change': 1, 'player_num': 1, 'source': 'stars_mode'}
2026-09-13 23:29:51,326 : INFO : EventManager : Event: ======'player_stars_targets_lit_count'====== Args={'value': 1, 'prev_value': 0, 'change': 1, 'player_num': 1, 'source': 'stars_mode'}
2026-09-13 23:29:51,337 : INFO : EventManager : Event: ======'player_score'====== Args={'value': 500856, 'prev_value': 500814, 'change': 42, 'player_num': 1, 'source': 'base'}
2026-09-13 23:29:51,406 : INFO : SwitchController : <<<<<<< 's_41_stand_up_target_6' inactive >>>>>>>
2026-09-13 23:29:51,420 : INFO : SwitchController : <<<<<<< 's_41_stand_up_target_6' active >>>>>>>
2026-09-13 23:29:51,420 : INFO : EventManager : Event: ======'s_41_stand_up_target_6_active'====== Args={}
2026-09-13 23:29:51,420 : INFO : EventManager : Event: ======'sw_playfield_active'====== Args={}
2026-09-13 23:29:51,420 : INFO : EventManager : Event: ======'sw_standups'====== Args={}
2026-09-13 23:29:51,420 : INFO : EventManager : Event: ======'machine_var_audits_switches_s_41_stand_up_target_6'====== Args={'value': 5057, 'prev_value': 5056, 'change': 1}
2026-09-13 23:29:51,421 : INFO : SwitchController : <<<<<<< 's_41_stand_up_target_6' inactive >>>>>>>
2026-09-13 23:29:51,421 : INFO : EventManager : Event: ======'stars_t41_off'====== Args={'priority': 0}
2026-09-13 23:29:51,421 : INFO : EventManager : Event: ======'brian_combo_step1'====== Args={'priority': 0}
2026-09-13 23:29:51,421 : INFO : EventManager : Event: ======'stars_count_updated'====== Args={'priority': 0}
2026-09-13 23:29:51,421 : INFO : EventManager : Event: ======'stars_monitor_t41_off'====== Args={'priority': 0}
2026-09-13 23:29:51,421 : INFO : EventManager : Event: ======'player_stars_t41'====== Args={'value': 0, 'prev_value': 1, 'change': -1, 'player_num': 1, 'source': 'stars_mode'}
2026-09-13 23:29:51,421 : INFO : EventManager : Event: ======'player_stars_targets_lit_count'====== Args={'value': 0, 'prev_value': 1, 'change': -1, 'player_num': 1, 'source': 'stars_mode'}
2026-09-13 23:29:51,433 : INFO : EventManager : Event: ======'player_score'====== Args={'value': 500898, 'prev_value': 500856, 'change': 42, 'player_num': 1, 'source': 'base'}
2026-09-13 23:29:51,449 : INFO : SwitchController : <<<<<<< 's_41_stand_up_target_6' active >>>>>>>
2026-09-13 23:29:51,449 : INFO : EventManager : Event: ======'s_41_stand_up_target_6_active'====== Args={}
2026-09-13 23:29:51,449 : INFO : EventManager : Event: ======'sw_playfield_active'====== Args={}
2026-09-13 23:29:51,449 : INFO : EventManager : Event: ======'sw_standups'====== Args={}
2026-09-13 23:29:51,449 : INFO : EventManager : Event: ======'machine_var_audits_switches_s_41_stand_up_target_6'====== Args={'value': 5058, 'prev_value': 5057, 'change': 1}
2026-09-13 23:29:51,449 : INFO : SwitchController : <<<<<<< 's_41_stand_up_target_6' inactive >>>>>>>
2026-09-13 23:29:51,449 : INFO : SwitchController : <<<<<<< 's_41_stand_up_target_6' active >>>>>>>
2026-09-13 23:29:51,449 : INFO : EventManager : Event: ======'s_41_stand_up_target_6_active'====== Args={}
2026-09-13 23:29:51,449 : INFO : EventManager : Event: ======'sw_playfield_active'====== Args={}
2026-09-13 23:29:51,450 : INFO : EventManager : Event: ======'sw_standups'====== Args={}
2026-09-13 23:29:51,450 : INFO : EventManager : Event: ======'machine_var_audits_switches_s_41_stand_up_target_6'====== Args={'value': 5059, 'prev_value': 5058, 'change': 1}
2026-09-13 23:29:51,450 : INFO : SwitchController : <<<<<<< 's_41_stand_up_target_6' inactive >>>>>>>
2026-09-13 23:29:51,450 : INFO : EventManager : Event: ======'stars_t41_on'====== Args={'priority': 0}
2026-09-13 23:29:51,450 : INFO : EventManager : Event: ======'brian_combo_step1'====== Args={'priority': 0}
2026-09-13 23:29:51,450 : INFO : EventManager : Event: ======'stars_count_updated'====== Args={'priority': 0}
2026-09-13 23:29:51,451 : INFO : EventManager : Event: ======'stars_monitor_t41_on'====== Args={'priority': 0}
2026-09-13 23:29:51,451 : INFO : EventManager : Event: ======'player_stars_t41'====== Args={'value': 1, 'prev_value': 0, 'change': 1, 'player_num': 1, 'source': 'stars_mode'}
2026-09-13 23:29:51,451 : INFO : EventManager : Event: ======'player_stars_targets_lit_count'====== Args={'value': 1, 'prev_value': 0, 'change': 1, 'player_num': 1, 'source': 'stars_mode'}
2026-09-13 23:29:51,462 : INFO : EventManager : Event: ======'player_score'====== Args={'value': 500940, 'prev_value': 500898, 'change': 42, 'player_num': 1, 'source': 'base'}
2026-09-13 23:29:51,467 : INFO : EventManager : Event: ======'stars_t41_off'====== Args={'priority': 0}
2026-09-13 23:29:51,467 : INFO : EventManager : Event: ======'brian_combo_step1'====== Args={'priority': 0}
2026-09-13 23:29:51,467 : INFO : EventManager : Event: ======'stars_count_updated'====== Args={'priority': 0}
2026-09-13 23:29:51,467 : INFO : EventManager : Event: ======'stars_monitor_t41_off'====== Args={'priority': 0}
2026-09-13 23:29:51,467 : INFO : EventManager : Event: ======'player_stars_t41'====== Args={'value': 0, 'prev_value': 1, 'change': -1, 'player_num': 1, 'source': 'stars_mode'}
2026-09-13 23:29:51,467 : INFO : EventManager : Event: ======'player_stars_targets_lit_count'====== Args={'value': 0, 'prev_value': 1, 'change': -1, 'player_num': 1, 'source': 'stars_mode'}
2026-09-13 23:29:51,479 : INFO : EventManager : Event: ======'player_score'====== Args={'value': 500982, 'prev_value': 500940, 'change': 42, 'player_num': 1, 'source': 'base'}
2026-09-13 23:29:52,246 : INFO : EventManager : Event: ======'player_obey_obey_stage1_timer_tick'====== Args={'value': 179, 'prev_value': 180, 'change': -1, 'player_num': 1}
2026-09-13 23:29:52,246 : INFO : EventManager : Event: ======'timer_obey_stage1_timer_tick'====== Args={'ticks': 179, 'ticks_remaining': 179}
2026-09-13 23:29:53,247 : INFO : EventManager : Event: ======'player_obey_obey_stage1_timer_tick'====== Args={'value': 178, 'prev_value': 179, 'change': -1, 'player_num': 1}
2026-09-13 23:29:53,247 : INFO : EventManager : Event: ======'timer_obey_stage1_timer_tick'====== Args={'ticks': 178, 'ticks_remaining': 178}
2026-09-13 23:29:54,245 : INFO : EventManager : Event: ======'player_obey_obey_stage1_timer_tick'====== Args={'value': 177, 'prev_value': 178, 'change': -1, 'player_num': 1}
2026-09-13 23:29:54,245 : INFO : EventManager : Event: ======'timer_obey_stage1_timer_tick'====== Args={'ticks': 177, 'ticks_remaining': 177}
2026-09-13 23:29:55,244 : INFO : EventManager : Event: ======'player_obey_obey_stage1_timer_tick'====== Args={'value': 176, 'prev_value': 177, 'change': -1, 'player_num': 1}
2026-09-13 23:29:55,244 : INFO : EventManager : Event: ======'timer_obey_stage1_timer_tick'====== Args={'ticks': 176, 'ticks_remaining': 176}
2026-09-13 23:29:56,245 : INFO : EventManager : Event: ======'player_obey_obey_stage1_timer_tick'====== Args={'value': 175, 'prev_value': 176, 'change': -1, 'player_num': 1}
2026-09-13 23:29:56,246 : INFO : EventManager : Event: ======'timer_obey_stage1_timer_tick'====== Args={'ticks': 175, 'ticks_remaining': 175}
2026-09-13 23:29:57,239 : INFO : EventManager : Event: ======'player_obey_obey_stage1_timer_tick'====== Args={'value': 174, 'prev_value': 175, 'change': -1, 'player_num': 1}
2026-09-13 23:29:57,239 : INFO : EventManager : Event: ======'timer_obey_stage1_timer_tick'====== Args={'ticks': 174, 'ticks_remaining': 174}
2026-09-13 23:29:58,193 : INFO : EventManager : Event: ======'ball_save_bs_default_hurry_up'====== Args={}
2026-09-13 23:29:58,241 : INFO : EventManager : Event: ======'player_obey_obey_stage1_timer_tick'====== Args={'value': 173, 'prev_value': 174, 'change': -1, 'player_num': 1}
2026-09-13 23:29:58,241 : INFO : EventManager : Event: ======'timer_obey_stage1_timer_tick'====== Args={'ticks': 173, 'ticks_remaining': 173}
2026-09-13 23:29:58,368 : INFO : SwitchController : <<<<<<< 's_71_spinner_left' inactive >>>>>>>
2026-09-13 23:29:58,430 : INFO : SwitchController : <<<<<<< 's_71_spinner_left' active >>>>>>>
2026-09-13 23:29:58,430 : INFO : EventManager : Event: ======'s_71_spinner_left_active'====== Args={}
2026-09-13 23:29:58,431 : INFO : EventManager : Event: ======'sw_playfield_active'====== Args={}
2026-09-13 23:29:58,431 : INFO : EventManager : Event: ======'sw_spinners'====== Args={}
2026-09-13 23:29:58,431 : INFO : EventManager : Event: ======'machine_var_audits_switches_s_71_spinner_left'====== Args={'value': 2872, 'prev_value': 2871, 'change': 1}
2026-09-13 23:29:58,432 : INFO : EventManager : Event: ======'obey_left_spin'====== Args={'priority': 0}
2026-09-13 23:29:58,432 : INFO : EventManager : Event: ======'player_shot_spinner_left'====== Args={'value': 1, 'prev_value': 0, 'change': 1, 'player_num': 1}
2026-09-13 23:29:58,432 : INFO : EventManager : Event: ======'machine_var_audits_shots_spinner_left'====== Args={'value': 2868, 'prev_value': 2867, 'change': 1}
2026-09-13 23:29:58,433 : INFO : EventManager : Event: ======'spinner_left_hit'====== Args={'profile': 'default', 'state': 'unlit', 'advancing': True}
2026-09-13 23:29:58,433 : INFO : EventManager : Event: ======'spinner_left_default_hit'====== Args={'profile': 'default', 'state': 'unlit', 'advancing': True}
2026-09-13 23:29:58,433 : INFO : EventManager : Event: ======'spinner_left_default_unlit_hit'====== Args={'profile': 'default', 'state': 'unlit', 'advancing': True}
2026-09-13 23:29:58,433 : INFO : EventManager : Event: ======'spinner_left_unlit_hit'====== Args={'profile': 'default', 'state': 'unlit', 'advancing': True}
2026-09-13 23:29:58,433 : INFO : EventManager : Event: ======'player_obey_left_spins'====== Args={'value': 1, 'prev_value': 0, 'change': 1, 'player_num': 1, 'source': 'obey'}
2026-09-13 23:29:58,440 : INFO : EventManager : Event: ======'player_score'====== Args={'value': 510982, 'prev_value': 500982, 'change': 10000, 'player_num': 1, 'source': 'base'}
2026-09-13 23:29:58,447 : INFO : SwitchController : <<<<<<< 's_71_spinner_left' inactive >>>>>>>
2026-09-13 23:29:58,464 : INFO : SwitchController : <<<<<<< 's_71_spinner_left' active >>>>>>>
2026-09-13 23:29:58,464 : INFO : EventManager : Event: ======'s_71_spinner_left_active'====== Args={}
2026-09-13 23:29:58,464 : INFO : EventManager : Event: ======'sw_playfield_active'====== Args={}
2026-09-13 23:29:58,464 : INFO : EventManager : Event: ======'sw_spinners'====== Args={}
2026-09-13 23:29:58,465 : INFO : EventManager : Event: ======'machine_var_audits_switches_s_71_spinner_left'====== Args={'value': 2873, 'prev_value': 2872, 'change': 1}
2026-09-13 23:29:58,465 : INFO : EventManager : Event: ======'obey_left_spin'====== Args={'priority': 0}
2026-09-13 23:29:58,465 : INFO : EventManager : Event: ======'machine_var_audits_shots_spinner_left'====== Args={'value': 2869, 'prev_value': 2868, 'change': 1}
2026-09-13 23:29:58,465 : INFO : EventManager : Event: ======'spinner_left_hit'====== Args={'profile': 'default', 'state': 'lit', 'advancing': False}
2026-09-13 23:29:58,466 : INFO : EventManager : Event: ======'spinner_left_default_hit'====== Args={'profile': 'default', 'state': 'lit', 'advancing': False}
2026-09-13 23:29:58,466 : INFO : EventManager : Event: ======'spinner_left_default_lit_hit'====== Args={'profile': 'default', 'state': 'lit', 'advancing': False}
2026-09-13 23:29:58,466 : INFO : EventManager : Event: ======'spinner_left_lit_hit'====== Args={'profile': 'default', 'state': 'lit', 'advancing': False}
2026-09-13 23:29:58,466 : INFO : EventManager : Event: ======'player_obey_left_spins'====== Args={'value': 2, 'prev_value': 1, 'change': 1, 'player_num': 1, 'source': 'obey'}
2026-09-13 23:29:58,471 : INFO : EventManager : Event: ======'player_score'====== Args={'value': 520982, 'prev_value': 510982, 'change': 10000, 'player_num': 1, 'source': 'base'}
2026-09-13 23:29:58,496 : INFO : SwitchController : <<<<<<< 's_71_spinner_left' inactive >>>>>>>
2026-09-13 23:29:58,528 : INFO : SwitchController : <<<<<<< 's_71_spinner_left' active >>>>>>>
2026-09-13 23:29:58,528 : INFO : EventManager : Event: ======'s_71_spinner_left_active'====== Args={}
2026-09-13 23:29:58,528 : INFO : EventManager : Event: ======'sw_playfield_active'====== Args={}
2026-09-13 23:29:58,528 : INFO : EventManager : Event: ======'sw_spinners'====== Args={}
2026-09-13 23:29:58,528 : INFO : EventManager : Event: ======'machine_var_audits_switches_s_71_spinner_left'====== Args={'value': 2874, 'prev_value': 2873, 'change': 1}
2026-09-13 23:29:58,529 : INFO : EventManager : Event: ======'obey_left_spin'====== Args={'priority': 0}
2026-09-13 23:29:58,529 : INFO : EventManager : Event: ======'machine_var_audits_shots_spinner_left'====== Args={'value': 2870, 'prev_value': 2869, 'change': 1}
2026-09-13 23:29:58,529 : INFO : EventManager : Event: ======'spinner_left_hit'====== Args={'profile': 'default', 'state': 'lit', 'advancing': False}
2026-09-13 23:29:58,529 : INFO : EventManager : Event: ======'spinner_left_default_hit'====== Args={'profile': 'default', 'state': 'lit', 'advancing': False}
2026-09-13 23:29:58,529 : INFO : EventManager : Event: ======'spinner_left_default_lit_hit'====== Args={'profile': 'default', 'state': 'lit', 'advancing': False}
2026-09-13 23:29:58,529 : INFO : EventManager : Event: ======'spinner_left_lit_hit'====== Args={'profile': 'default', 'state': 'lit', 'advancing': False}
2026-09-13 23:29:58,529 : INFO : EventManager : Event: ======'player_obey_left_spins'====== Args={'value': 3, 'prev_value': 2, 'change': 1, 'player_num': 1, 'source': 'obey'}
2026-09-13 23:29:58,536 : INFO : EventManager : Event: ======'player_score'====== Args={'value': 530982, 'prev_value': 520982, 'change': 10000, 'player_num': 1, 'source': 'base'}
2026-09-13 23:29:58,547 : INFO : SwitchController : <<<<<<< 's_71_spinner_left' inactive >>>>>>>
2026-09-13 23:29:58,591 : INFO : SwitchController : <<<<<<< 's_71_spinner_left' active >>>>>>>
2026-09-13 23:29:58,591 : INFO : EventManager : Event: ======'s_71_spinner_left_active'====== Args={}
2026-09-13 23:29:58,591 : INFO : EventManager : Event: ======'sw_playfield_active'====== Args={}
2026-09-13 23:29:58,591 : INFO : EventManager : Event: ======'sw_spinners'====== Args={}
2026-09-13 23:29:58,592 : INFO : EventManager : Event: ======'machine_var_audits_switches_s_71_spinner_left'====== Args={'value': 2875, 'prev_value': 2874, 'change': 1}
2026-09-13 23:29:58,593 : INFO : EventManager : Event: ======'obey_left_spin'====== Args={'priority': 0}
2026-09-13 23:29:58,594 : INFO : EventManager : Event: ======'machine_var_audits_shots_spinner_left'====== Args={'value': 2871, 'prev_value': 2870, 'change': 1}
2026-09-13 23:29:58,594 : INFO : EventManager : Event: ======'spinner_left_hit'====== Args={'profile': 'default', 'state': 'lit', 'advancing': False}
2026-09-13 23:29:58,594 : INFO : EventManager : Event: ======'spinner_left_default_hit'====== Args={'profile': 'default', 'state': 'lit', 'advancing': False}
2026-09-13 23:29:58,594 : INFO : EventManager : Event: ======'spinner_left_default_lit_hit'====== Args={'profile': 'default', 'state': 'lit', 'advancing': False}
2026-09-13 23:29:58,594 : INFO : EventManager : Event: ======'spinner_left_lit_hit'====== Args={'profile': 'default', 'state': 'lit', 'advancing': False}
2026-09-13 23:29:58,594 : INFO : EventManager : Event: ======'player_obey_left_spins'====== Args={'value': 4, 'prev_value': 3, 'change': 1, 'player_num': 1, 'source': 'obey'}
2026-09-13 23:29:58,600 : INFO : EventManager : Event: ======'player_score'====== Args={'value': 540982, 'prev_value': 530982, 'change': 10000, 'player_num': 1, 'source': 'base'}
2026-09-13 23:29:58,610 : INFO : SwitchController : <<<<<<< 's_71_spinner_left' inactive >>>>>>>
2026-09-13 23:29:58,654 : INFO : SwitchController : <<<<<<< 's_71_spinner_left' active >>>>>>>
2026-09-13 23:29:58,654 : INFO : EventManager : Event: ======'s_71_spinner_left_active'====== Args={}
2026-09-13 23:29:58,654 : INFO : EventManager : Event: ======'sw_playfield_active'====== Args={}
2026-09-13 23:29:58,654 : INFO : EventManager : Event: ======'sw_spinners'====== Args={}
2026-09-13 23:29:58,654 : INFO : EventManager : Event: ======'machine_var_audits_switches_s_71_spinner_left'====== Args={'value': 2876, 'prev_value': 2875, 'change': 1}
2026-09-13 23:29:58,655 : INFO : EventManager : Event: ======'obey_left_spin'====== Args={'priority': 0}
2026-09-13 23:29:58,655 : INFO : EventManager : Event: ======'machine_var_audits_shots_spinner_left'====== Args={'value': 2872, 'prev_value': 2871, 'change': 1}
2026-09-13 23:29:58,655 : INFO : EventManager : Event: ======'spinner_left_hit'====== Args={'profile': 'default', 'state': 'lit', 'advancing': False}
2026-09-13 23:29:58,655 : INFO : EventManager : Event: ======'spinner_left_default_hit'====== Args={'profile': 'default', 'state': 'lit', 'advancing': False}
2026-09-13 23:29:58,655 : INFO : EventManager : Event: ======'spinner_left_default_lit_hit'====== Args={'profile': 'default', 'state': 'lit', 'advancing': False}
2026-09-13 23:29:58,655 : INFO : EventManager : Event: ======'spinner_left_lit_hit'====== Args={'profile': 'default', 'state': 'lit', 'advancing': False}
2026-09-13 23:29:58,655 : INFO : EventManager : Event: ======'player_obey_left_spins'====== Args={'value': 5, 'prev_value': 4, 'change': 1, 'player_num': 1, 'source': 'obey'}
2026-09-13 23:29:58,662 : INFO : EventManager : Event: ======'player_score'====== Args={'value': 550982, 'prev_value': 540982, 'change': 10000, 'player_num': 1, 'source': 'base'}
2026-09-13 23:29:58,672 : INFO : SwitchController : <<<<<<< 's_71_spinner_left' inactive >>>>>>>
2026-09-13 23:29:58,718 : INFO : SwitchController : <<<<<<< 's_71_spinner_left' active >>>>>>>
2026-09-13 23:29:58,718 : INFO : EventManager : Event: ======'s_71_spinner_left_active'====== Args={}
2026-09-13 23:29:58,718 : INFO : EventManager : Event: ======'sw_playfield_active'====== Args={}
2026-09-13 23:29:58,718 : INFO : EventManager : Event: ======'sw_spinners'====== Args={}
2026-09-13 23:29:58,718 : INFO : EventManager : Event: ======'machine_var_audits_switches_s_71_spinner_left'====== Args={'value': 2877, 'prev_value': 2876, 'change': 1}
2026-09-13 23:29:58,719 : INFO : EventManager : Event: ======'obey_left_spin'====== Args={'priority': 0}
2026-09-13 23:29:58,719 : INFO : EventManager : Event: ======'machine_var_audits_shots_spinner_left'====== Args={'value': 2873, 'prev_value': 2872, 'change': 1}
2026-09-13 23:29:58,719 : INFO : EventManager : Event: ======'spinner_left_hit'====== Args={'profile': 'default', 'state': 'lit', 'advancing': False}
2026-09-13 23:29:58,719 : INFO : EventManager : Event: ======'spinner_left_default_hit'====== Args={'profile': 'default', 'state': 'lit', 'advancing': False}
2026-09-13 23:29:58,719 : INFO : EventManager : Event: ======'spinner_left_default_lit_hit'====== Args={'profile': 'default', 'state': 'lit', 'advancing': False}
2026-09-13 23:29:58,719 : INFO : EventManager : Event: ======'spinner_left_lit_hit'====== Args={'profile': 'default', 'state': 'lit', 'advancing': False}
2026-09-13 23:29:58,720 : INFO : EventManager : Event: ======'player_obey_left_spins'====== Args={'value': 6, 'prev_value': 5, 'change': 1, 'player_num': 1, 'source': 'obey'}
2026-09-13 23:29:58,725 : INFO : EventManager : Event: ======'player_score'====== Args={'value': 560982, 'prev_value': 550982, 'change': 10000, 'player_num': 1, 'source': 'base'}
2026-09-13 23:29:58,735 : INFO : SwitchController : <<<<<<< 's_71_spinner_left' inactive >>>>>>>
2026-09-13 23:29:58,781 : INFO : SwitchController : <<<<<<< 's_71_spinner_left' active >>>>>>>
2026-09-13 23:29:58,781 : INFO : EventManager : Event: ======'s_71_spinner_left_active'====== Args={}
2026-09-13 23:29:58,781 : INFO : EventManager : Event: ======'sw_playfield_active'====== Args={}
2026-09-13 23:29:58,781 : INFO : EventManager : Event: ======'sw_spinners'====== Args={}
2026-09-13 23:29:58,781 : INFO : EventManager : Event: ======'machine_var_audits_switches_s_71_spinner_left'====== Args={'value': 2878, 'prev_value': 2877, 'change': 1}
2026-09-13 23:29:58,782 : INFO : EventManager : Event: ======'obey_left_spin'====== Args={'priority': 0}
2026-09-13 23:29:58,782 : INFO : EventManager : Event: ======'machine_var_audits_shots_spinner_left'====== Args={'value': 2874, 'prev_value': 2873, 'change': 1}
2026-09-13 23:29:58,782 : INFO : EventManager : Event: ======'spinner_left_hit'====== Args={'profile': 'default', 'state': 'lit', 'advancing': False}
2026-09-13 23:29:58,782 : INFO : EventManager : Event: ======'spinner_left_default_hit'====== Args={'profile': 'default', 'state': 'lit', 'advancing': False}
2026-09-13 23:29:58,782 : INFO : EventManager : Event: ======'spinner_left_default_lit_hit'====== Args={'profile': 'default', 'state': 'lit', 'advancing': False}
2026-09-13 23:29:58,782 : INFO : EventManager : Event: ======'spinner_left_lit_hit'====== Args={'profile': 'default', 'state': 'lit', 'advancing': False}
2026-09-13 23:29:58,783 : INFO : EventManager : Event: ======'player_obey_left_spins'====== Args={'value': 7, 'prev_value': 6, 'change': 1, 'player_num': 1, 'source': 'obey'}
2026-09-13 23:29:58,788 : INFO : EventManager : Event: ======'player_score'====== Args={'value': 570982, 'prev_value': 560982, 'change': 10000, 'player_num': 1, 'source': 'base'}
2026-09-13 23:29:58,813 : INFO : SwitchController : <<<<<<< 's_71_spinner_left' inactive >>>>>>>
2026-09-13 23:29:58,860 : INFO : SwitchController : <<<<<<< 's_71_spinner_left' active >>>>>>>
2026-09-13 23:29:58,860 : INFO : EventManager : Event: ======'s_71_spinner_left_active'====== Args={}
2026-09-13 23:29:58,860 : INFO : EventManager : Event: ======'sw_playfield_active'====== Args={}
2026-09-13 23:29:58,860 : INFO : EventManager : Event: ======'sw_spinners'====== Args={}
2026-09-13 23:29:58,860 : INFO : EventManager : Event: ======'machine_var_audits_switches_s_71_spinner_left'====== Args={'value': 2879, 'prev_value': 2878, 'change': 1}
2026-09-13 23:29:58,861 : INFO : EventManager : Event: ======'obey_left_spin'====== Args={'priority': 0}
2026-09-13 23:29:58,861 : INFO : EventManager : Event: ======'machine_var_audits_shots_spinner_left'====== Args={'value': 2875, 'prev_value': 2874, 'change': 1}
2026-09-13 23:29:58,861 : INFO : EventManager : Event: ======'spinner_left_hit'====== Args={'profile': 'default', 'state': 'lit', 'advancing': False}
2026-09-13 23:29:58,861 : INFO : EventManager : Event: ======'spinner_left_default_hit'====== Args={'profile': 'default', 'state': 'lit', 'advancing': False}
2026-09-13 23:29:58,861 : INFO : EventManager : Event: ======'spinner_left_default_lit_hit'====== Args={'profile': 'default', 'state': 'lit', 'advancing': False}
2026-09-13 23:29:58,861 : INFO : EventManager : Event: ======'spinner_left_lit_hit'====== Args={'profile': 'default', 'state': 'lit', 'advancing': False}
2026-09-13 23:29:58,861 : INFO : EventManager : Event: ======'player_obey_left_spins'====== Args={'value': 8, 'prev_value': 7, 'change': 1, 'player_num': 1, 'source': 'obey'}
2026-09-13 23:29:58,867 : INFO : EventManager : Event: ======'player_score'====== Args={'value': 580982, 'prev_value': 570982, 'change': 10000, 'player_num': 1, 'source': 'base'}
2026-09-13 23:29:58,877 : INFO : SwitchController : <<<<<<< 's_71_spinner_left' inactive >>>>>>>
2026-09-13 23:29:58,940 : INFO : SwitchController : <<<<<<< 's_71_spinner_left' active >>>>>>>
2026-09-13 23:29:58,940 : INFO : EventManager : Event: ======'s_71_spinner_left_active'====== Args={}
2026-09-13 23:29:58,940 : INFO : EventManager : Event: ======'sw_playfield_active'====== Args={}
2026-09-13 23:29:58,940 : INFO : EventManager : Event: ======'sw_spinners'====== Args={}
2026-09-13 23:29:58,940 : INFO : EventManager : Event: ======'machine_var_audits_switches_s_71_spinner_left'====== Args={'value': 2880, 'prev_value': 2879, 'change': 1}
2026-09-13 23:29:58,941 : INFO : EventManager : Event: ======'obey_left_spin'====== Args={'priority': 0}
2026-09-13 23:29:58,941 : INFO : EventManager : Event: ======'machine_var_audits_shots_spinner_left'====== Args={'value': 2876, 'prev_value': 2875, 'change': 1}
2026-09-13 23:29:58,941 : INFO : EventManager : Event: ======'spinner_left_hit'====== Args={'profile': 'default', 'state': 'lit', 'advancing': False}
2026-09-13 23:29:58,941 : INFO : EventManager : Event: ======'spinner_left_default_hit'====== Args={'profile': 'default', 'state': 'lit', 'advancing': False}
2026-09-13 23:29:58,941 : INFO : EventManager : Event: ======'spinner_left_default_lit_hit'====== Args={'profile': 'default', 'state': 'lit', 'advancing': False}
2026-09-13 23:29:58,941 : INFO : EventManager : Event: ======'spinner_left_lit_hit'====== Args={'profile': 'default', 'state': 'lit', 'advancing': False}
2026-09-13 23:29:58,941 : INFO : EventManager : Event: ======'player_obey_left_spins'====== Args={'value': 9, 'prev_value': 8, 'change': 1, 'player_num': 1, 'source': 'obey'}
2026-09-13 23:29:58,948 : INFO : EventManager : Event: ======'player_score'====== Args={'value': 590982, 'prev_value': 580982, 'change': 10000, 'player_num': 1, 'source': 'base'}
2026-09-13 23:29:58,958 : INFO : SwitchController : <<<<<<< 's_71_spinner_left' inactive >>>>>>>
2026-09-13 23:29:59,004 : INFO : SwitchController : <<<<<<< 's_71_spinner_left' active >>>>>>>
2026-09-13 23:29:59,004 : INFO : EventManager : Event: ======'s_71_spinner_left_active'====== Args={}
2026-09-13 23:29:59,004 : INFO : EventManager : Event: ======'sw_playfield_active'====== Args={}
2026-09-13 23:29:59,004 : INFO : EventManager : Event: ======'sw_spinners'====== Args={}
2026-09-13 23:29:59,004 : INFO : EventManager : Event: ======'machine_var_audits_switches_s_71_spinner_left'====== Args={'value': 2881, 'prev_value': 2880, 'change': 1}
2026-09-13 23:29:59,005 : INFO : EventManager : Event: ======'obey_left_spin'====== Args={'priority': 0}
2026-09-13 23:29:59,005 : INFO : EventManager : Event: ======'machine_var_audits_shots_spinner_left'====== Args={'value': 2877, 'prev_value': 2876, 'change': 1}
2026-09-13 23:29:59,006 : INFO : EventManager : Event: ======'spinner_left_hit'====== Args={'profile': 'default', 'state': 'lit', 'advancing': False}
2026-09-13 23:29:59,006 : INFO : EventManager : Event: ======'spinner_left_default_hit'====== Args={'profile': 'default', 'state': 'lit', 'advancing': False}
2026-09-13 23:29:59,006 : INFO : EventManager : Event: ======'spinner_left_default_lit_hit'====== Args={'profile': 'default', 'state': 'lit', 'advancing': False}
2026-09-13 23:29:59,006 : INFO : EventManager : Event: ======'spinner_left_lit_hit'====== Args={'profile': 'default', 'state': 'lit', 'advancing': False}
2026-09-13 23:29:59,006 : INFO : EventManager : Event: ======'player_obey_left_spins'====== Args={'value': 10, 'prev_value': 9, 'change': 1, 'player_num': 1, 'source': 'obey'}
2026-09-13 23:29:59,012 : INFO : EventManager : Event: ======'player_score'====== Args={'value': 600982, 'prev_value': 590982, 'change': 10000, 'player_num': 1, 'source': 'base'}
2026-09-13 23:29:59,036 : INFO : SwitchController : <<<<<<< 's_71_spinner_left' inactive >>>>>>>
2026-09-13 23:29:59,099 : INFO : SwitchController : <<<<<<< 's_71_spinner_left' active >>>>>>>
2026-09-13 23:29:59,099 : INFO : EventManager : Event: ======'s_71_spinner_left_active'====== Args={}
2026-09-13 23:29:59,099 : INFO : EventManager : Event: ======'sw_playfield_active'====== Args={}
2026-09-13 23:29:59,099 : INFO : EventManager : Event: ======'sw_spinners'====== Args={}
2026-09-13 23:29:59,099 : INFO : EventManager : Event: ======'machine_var_audits_switches_s_71_spinner_left'====== Args={'value': 2882, 'prev_value': 2881, 'change': 1}
2026-09-13 23:29:59,100 : INFO : EventManager : Event: ======'obey_left_spin'====== Args={'priority': 0}
2026-09-13 23:29:59,100 : INFO : EventManager : Event: ======'machine_var_audits_shots_spinner_left'====== Args={'value': 2878, 'prev_value': 2877, 'change': 1}
2026-09-13 23:29:59,100 : INFO : EventManager : Event: ======'spinner_left_hit'====== Args={'profile': 'default', 'state': 'lit', 'advancing': False}
2026-09-13 23:29:59,100 : INFO : EventManager : Event: ======'spinner_left_default_hit'====== Args={'profile': 'default', 'state': 'lit', 'advancing': False}
2026-09-13 23:29:59,100 : INFO : EventManager : Event: ======'spinner_left_default_lit_hit'====== Args={'profile': 'default', 'state': 'lit', 'advancing': False}
2026-09-13 23:29:59,100 : INFO : EventManager : Event: ======'spinner_left_lit_hit'====== Args={'profile': 'default', 'state': 'lit', 'advancing': False}
2026-09-13 23:29:59,101 : INFO : EventManager : Event: ======'player_obey_left_spins'====== Args={'value': 11, 'prev_value': 10, 'change': 1, 'player_num': 1, 'source': 'obey'}
2026-09-13 23:29:59,106 : INFO : EventManager : Event: ======'player_score'====== Args={'value': 610982, 'prev_value': 600982, 'change': 10000, 'player_num': 1, 'source': 'base'}
2026-09-13 23:29:59,118 : INFO : SwitchController : <<<<<<< 's_71_spinner_left' inactive >>>>>>>
2026-09-13 23:29:59,178 : INFO : SwitchController : <<<<<<< 's_71_spinner_left' active >>>>>>>
2026-09-13 23:29:59,178 : INFO : EventManager : Event: ======'s_71_spinner_left_active'====== Args={}
2026-09-13 23:29:59,179 : INFO : EventManager : Event: ======'sw_playfield_active'====== Args={}
2026-09-13 23:29:59,179 : INFO : EventManager : Event: ======'sw_spinners'====== Args={}
2026-09-13 23:29:59,179 : INFO : EventManager : Event: ======'machine_var_audits_switches_s_71_spinner_left'====== Args={'value': 2883, 'prev_value': 2882, 'change': 1}
2026-09-13 23:29:59,179 : INFO : EventManager : Event: ======'obey_left_spin'====== Args={'priority': 0}
2026-09-13 23:29:59,179 : INFO : EventManager : Event: ======'machine_var_audits_shots_spinner_left'====== Args={'value': 2879, 'prev_value': 2878, 'change': 1}
2026-09-13 23:29:59,180 : INFO : EventManager : Event: ======'spinner_left_hit'====== Args={'profile': 'default', 'state': 'lit', 'advancing': False}
2026-09-13 23:29:59,180 : INFO : EventManager : Event: ======'spinner_left_default_hit'====== Args={'profile': 'default', 'state': 'lit', 'advancing': False}
2026-09-13 23:29:59,180 : INFO : EventManager : Event: ======'spinner_left_default_lit_hit'====== Args={'profile': 'default', 'state': 'lit', 'advancing': False}
2026-09-13 23:29:59,180 : INFO : EventManager : Event: ======'spinner_left_lit_hit'====== Args={'profile': 'default', 'state': 'lit', 'advancing': False}
2026-09-13 23:29:59,180 : INFO : EventManager : Event: ======'player_obey_left_spins'====== Args={'value': 12, 'prev_value': 11, 'change': 1, 'player_num': 1, 'source': 'obey'}
2026-09-13 23:29:59,186 : INFO : EventManager : Event: ======'player_score'====== Args={'value': 620982, 'prev_value': 610982, 'change': 10000, 'player_num': 1, 'source': 'base'}
2026-09-13 23:29:59,210 : INFO : SwitchController : <<<<<<< 's_71_spinner_left' inactive >>>>>>>
2026-09-13 23:29:59,241 : INFO : EventManager : Event: ======'player_obey_obey_stage1_timer_tick'====== Args={'value': 172, 'prev_value': 173, 'change': -1, 'player_num': 1}
2026-09-13 23:29:59,241 : INFO : EventManager : Event: ======'timer_obey_stage1_timer_tick'====== Args={'ticks': 172, 'ticks_remaining': 172}
2026-09-13 23:29:59,276 : INFO : SwitchController : <<<<<<< 's_71_spinner_left' active >>>>>>>
2026-09-13 23:29:59,276 : INFO : EventManager : Event: ======'s_71_spinner_left_active'====== Args={}
2026-09-13 23:29:59,276 : INFO : EventManager : Event: ======'sw_playfield_active'====== Args={}
2026-09-13 23:29:59,276 : INFO : EventManager : Event: ======'sw_spinners'====== Args={}
2026-09-13 23:29:59,276 : INFO : EventManager : Event: ======'machine_var_audits_switches_s_71_spinner_left'====== Args={'value': 2884, 'prev_value': 2883, 'change': 1}
2026-09-13 23:29:59,277 : INFO : EventManager : Event: ======'obey_left_spin'====== Args={'priority': 0}
2026-09-13 23:29:59,277 : INFO : EventManager : Event: ======'machine_var_audits_shots_spinner_left'====== Args={'value': 2880, 'prev_value': 2879, 'change': 1}
2026-09-13 23:29:59,278 : INFO : EventManager : Event: ======'spinner_left_hit'====== Args={'profile': 'default', 'state': 'lit', 'advancing': False}
2026-09-13 23:29:59,278 : INFO : EventManager : Event: ======'spinner_left_default_hit'====== Args={'profile': 'default', 'state': 'lit', 'advancing': False}
2026-09-13 23:29:59,278 : INFO : EventManager : Event: ======'spinner_left_default_lit_hit'====== Args={'profile': 'default', 'state': 'lit', 'advancing': False}
2026-09-13 23:29:59,278 : INFO : EventManager : Event: ======'spinner_left_lit_hit'====== Args={'profile': 'default', 'state': 'lit', 'advancing': False}
2026-09-13 23:29:59,278 : INFO : EventManager : Event: ======'player_obey_left_spins'====== Args={'value': 13, 'prev_value': 12, 'change': 1, 'player_num': 1, 'source': 'obey'}
2026-09-13 23:29:59,284 : INFO : EventManager : Event: ======'player_score'====== Args={'value': 630982, 'prev_value': 620982, 'change': 10000, 'player_num': 1, 'source': 'base'}
2026-09-13 23:29:59,320 : INFO : SwitchController : <<<<<<< 's_71_spinner_left' inactive >>>>>>>
2026-09-13 23:29:59,400 : INFO : SwitchController : <<<<<<< 's_71_spinner_left' active >>>>>>>
2026-09-13 23:29:59,400 : INFO : EventManager : Event: ======'s_71_spinner_left_active'====== Args={}
2026-09-13 23:29:59,400 : INFO : EventManager : Event: ======'sw_playfield_active'====== Args={}
2026-09-13 23:29:59,400 : INFO : EventManager : Event: ======'sw_spinners'====== Args={}
2026-09-13 23:29:59,401 : INFO : EventManager : Event: ======'machine_var_audits_switches_s_71_spinner_left'====== Args={'value': 2885, 'prev_value': 2884, 'change': 1}
2026-09-13 23:29:59,401 : INFO : EventManager : Event: ======'obey_left_spin'====== Args={'priority': 0}
2026-09-13 23:29:59,401 : INFO : EventManager : Event: ======'machine_var_audits_shots_spinner_left'====== Args={'value': 2881, 'prev_value': 2880, 'change': 1}
2026-09-13 23:29:59,402 : INFO : EventManager : Event: ======'spinner_left_hit'====== Args={'profile': 'default', 'state': 'lit', 'advancing': False}
2026-09-13 23:29:59,402 : INFO : EventManager : Event: ======'spinner_left_default_hit'====== Args={'profile': 'default', 'state': 'lit', 'advancing': False}
2026-09-13 23:29:59,402 : INFO : EventManager : Event: ======'spinner_left_default_lit_hit'====== Args={'profile': 'default', 'state': 'lit', 'advancing': False}
2026-09-13 23:29:59,402 : INFO : EventManager : Event: ======'spinner_left_lit_hit'====== Args={'profile': 'default', 'state': 'lit', 'advancing': False}
2026-09-13 23:29:59,402 : INFO : EventManager : Event: ======'player_obey_left_spins'====== Args={'value': 14, 'prev_value': 13, 'change': 1, 'player_num': 1, 'source': 'obey'}
2026-09-13 23:29:59,407 : INFO : EventManager : Event: ======'player_score'====== Args={'value': 640982, 'prev_value': 630982, 'change': 10000, 'player_num': 1, 'source': 'base'}
2026-09-13 23:29:59,420 : INFO : SwitchController : <<<<<<< 's_71_spinner_left' inactive >>>>>>>
2026-09-13 23:29:59,512 : INFO : SwitchController : <<<<<<< 's_71_spinner_left' active >>>>>>>
2026-09-13 23:29:59,512 : INFO : EventManager : Event: ======'s_71_spinner_left_active'====== Args={}
2026-09-13 23:29:59,512 : INFO : EventManager : Event: ======'sw_playfield_active'====== Args={}
2026-09-13 23:29:59,512 : INFO : EventManager : Event: ======'sw_spinners'====== Args={}
2026-09-13 23:29:59,512 : INFO : EventManager : Event: ======'machine_var_audits_switches_s_71_spinner_left'====== Args={'value': 2886, 'prev_value': 2885, 'change': 1}
2026-09-13 23:29:59,513 : INFO : EventManager : Event: ======'obey_left_spin'====== Args={'priority': 0}
2026-09-13 23:29:59,513 : INFO : EventManager : Event: ======'machine_var_audits_shots_spinner_left'====== Args={'value': 2882, 'prev_value': 2881, 'change': 1}
2026-09-13 23:29:59,513 : INFO : EventManager : Event: ======'spinner_left_hit'====== Args={'profile': 'default', 'state': 'lit', 'advancing': False}
2026-09-13 23:29:59,513 : INFO : EventManager : Event: ======'spinner_left_default_hit'====== Args={'profile': 'default', 'state': 'lit', 'advancing': False}
2026-09-13 23:29:59,513 : INFO : EventManager : Event: ======'spinner_left_default_lit_hit'====== Args={'profile': 'default', 'state': 'lit', 'advancing': False}
2026-09-13 23:29:59,513 : INFO : EventManager : Event: ======'spinner_left_lit_hit'====== Args={'profile': 'default', 'state': 'lit', 'advancing': False}
2026-09-13 23:29:59,513 : INFO : EventManager : Event: ======'player_obey_left_spins'====== Args={'value': 15, 'prev_value': 14, 'change': 1, 'player_num': 1, 'source': 'obey'}
2026-09-13 23:29:59,519 : INFO : EventManager : Event: ======'player_score'====== Args={'value': 650982, 'prev_value': 640982, 'change': 10000, 'player_num': 1, 'source': 'base'}
2026-09-13 23:29:59,558 : INFO : SwitchController : <<<<<<< 's_71_spinner_left' inactive >>>>>>>
2026-09-13 23:29:59,654 : INFO : SwitchController : <<<<<<< 's_71_spinner_left' active >>>>>>>
2026-09-13 23:29:59,654 : INFO : EventManager : Event: ======'s_71_spinner_left_active'====== Args={}
2026-09-13 23:29:59,654 : INFO : EventManager : Event: ======'sw_playfield_active'====== Args={}
2026-09-13 23:29:59,654 : INFO : EventManager : Event: ======'sw_spinners'====== Args={}
2026-09-13 23:29:59,655 : INFO : EventManager : Event: ======'machine_var_audits_switches_s_71_spinner_left'====== Args={'value': 2887, 'prev_value': 2886, 'change': 1}
2026-09-13 23:29:59,655 : INFO : EventManager : Event: ======'obey_left_spin'====== Args={'priority': 0}
2026-09-13 23:29:59,655 : INFO : EventManager : Event: ======'machine_var_audits_shots_spinner_left'====== Args={'value': 2883, 'prev_value': 2882, 'change': 1}
2026-09-13 23:29:59,655 : INFO : EventManager : Event: ======'spinner_left_hit'====== Args={'profile': 'default', 'state': 'lit', 'advancing': False}
2026-09-13 23:29:59,656 : INFO : EventManager : Event: ======'spinner_left_default_hit'====== Args={'profile': 'default', 'state': 'lit', 'advancing': False}
2026-09-13 23:29:59,656 : INFO : EventManager : Event: ======'spinner_left_default_lit_hit'====== Args={'profile': 'default', 'state': 'lit', 'advancing': False}
2026-09-13 23:29:59,656 : INFO : EventManager : Event: ======'spinner_left_lit_hit'====== Args={'profile': 'default', 'state': 'lit', 'advancing': False}
2026-09-13 23:29:59,656 : INFO : EventManager : Event: ======'player_obey_left_spins'====== Args={'value': 16, 'prev_value': 15, 'change': 1, 'player_num': 1, 'source': 'obey'}
2026-09-13 23:29:59,662 : INFO : EventManager : Event: ======'player_score'====== Args={'value': 660982, 'prev_value': 650982, 'change': 10000, 'player_num': 1, 'source': 'base'}
2026-09-13 23:29:59,717 : INFO : SwitchController : <<<<<<< 's_71_spinner_left' inactive >>>>>>>
2026-09-13 23:29:59,843 : INFO : SwitchController : <<<<<<< 's_71_spinner_left' active >>>>>>>
2026-09-13 23:29:59,843 : INFO : EventManager : Event: ======'s_71_spinner_left_active'====== Args={}
2026-09-13 23:29:59,844 : INFO : EventManager : Event: ======'sw_playfield_active'====== Args={}
2026-09-13 23:29:59,844 : INFO : EventManager : Event: ======'sw_spinners'====== Args={}
2026-09-13 23:29:59,844 : INFO : EventManager : Event: ======'machine_var_audits_switches_s_71_spinner_left'====== Args={'value': 2888, 'prev_value': 2887, 'change': 1}
2026-09-13 23:29:59,844 : INFO : EventManager : Event: ======'obey_left_spin'====== Args={'priority': 0}
2026-09-13 23:29:59,845 : INFO : EventManager : Event: ======'machine_var_audits_shots_spinner_left'====== Args={'value': 2884, 'prev_value': 2883, 'change': 1}
2026-09-13 23:29:59,845 : INFO : EventManager : Event: ======'spinner_left_hit'====== Args={'profile': 'default', 'state': 'lit', 'advancing': False}
2026-09-13 23:29:59,845 : INFO : EventManager : Event: ======'spinner_left_default_hit'====== Args={'profile': 'default', 'state': 'lit', 'advancing': False}
2026-09-13 23:29:59,845 : INFO : EventManager : Event: ======'spinner_left_default_lit_hit'====== Args={'profile': 'default', 'state': 'lit', 'advancing': False}
2026-09-13 23:29:59,845 : INFO : EventManager : Event: ======'spinner_left_lit_hit'====== Args={'profile': 'default', 'state': 'lit', 'advancing': False}
2026-09-13 23:29:59,845 : INFO : EventManager : Event: ======'player_obey_left_spins'====== Args={'value': 17, 'prev_value': 16, 'change': 1, 'player_num': 1, 'source': 'obey'}
2026-09-13 23:29:59,851 : INFO : EventManager : Event: ======'player_score'====== Args={'value': 670982, 'prev_value': 660982, 'change': 10000, 'player_num': 1, 'source': 'base'}
2026-09-13 23:29:59,907 : INFO : SwitchController : <<<<<<< 's_71_spinner_left' inactive >>>>>>>
2026-09-13 23:30:00,098 : INFO : SwitchController : <<<<<<< 's_71_spinner_left' active >>>>>>>
2026-09-13 23:30:00,098 : INFO : EventManager : Event: ======'s_71_spinner_left_active'====== Args={}
2026-09-13 23:30:00,098 : INFO : EventManager : Event: ======'sw_playfield_active'====== Args={}
2026-09-13 23:30:00,098 : INFO : EventManager : Event: ======'sw_spinners'====== Args={}
2026-09-13 23:30:00,098 : INFO : EventManager : Event: ======'machine_var_audits_switches_s_71_spinner_left'====== Args={'value': 2889, 'prev_value': 2888, 'change': 1}
2026-09-13 23:30:00,099 : INFO : EventManager : Event: ======'obey_left_spin'====== Args={'priority': 0}
2026-09-13 23:30:00,099 : INFO : EventManager : Event: ======'machine_var_audits_shots_spinner_left'====== Args={'value': 2885, 'prev_value': 2884, 'change': 1}
2026-09-13 23:30:00,099 : INFO : EventManager : Event: ======'spinner_left_hit'====== Args={'profile': 'default', 'state': 'lit', 'advancing': False}
2026-09-13 23:30:00,099 : INFO : EventManager : Event: ======'spinner_left_default_hit'====== Args={'profile': 'default', 'state': 'lit', 'advancing': False}
2026-09-13 23:30:00,099 : INFO : EventManager : Event: ======'spinner_left_default_lit_hit'====== Args={'profile': 'default', 'state': 'lit', 'advancing': False}
2026-09-13 23:30:00,099 : INFO : EventManager : Event: ======'spinner_left_lit_hit'====== Args={'profile': 'default', 'state': 'lit', 'advancing': False}
2026-09-13 23:30:00,099 : INFO : EventManager : Event: ======'player_obey_left_spins'====== Args={'value': 18, 'prev_value': 17, 'change': 1, 'player_num': 1, 'source': 'obey'}
2026-09-13 23:30:00,105 : INFO : EventManager : Event: ======'player_score'====== Args={'value': 680982, 'prev_value': 670982, 'change': 10000, 'player_num': 1, 'source': 'base'}
2026-09-13 23:30:00,209 : INFO : SwitchController : <<<<<<< 's_71_spinner_left' inactive >>>>>>>
2026-09-13 23:30:00,241 : INFO : EventManager : Event: ======'player_obey_obey_stage1_timer_tick'====== Args={'value': 171, 'prev_value': 172, 'change': -1, 'player_num': 1}
2026-09-13 23:30:00,241 : INFO : EventManager : Event: ======'timer_obey_stage1_timer_tick'====== Args={'ticks': 171, 'ticks_remaining': 171}
2026-09-13 23:30:00,400 : INFO : SwitchController : <<<<<<< 's_71_spinner_left' active >>>>>>>
2026-09-13 23:30:00,400 : INFO : EventManager : Event: ======'s_71_spinner_left_active'====== Args={}
2026-09-13 23:30:00,400 : INFO : EventManager : Event: ======'sw_playfield_active'====== Args={}
2026-09-13 23:30:00,400 : INFO : EventManager : Event: ======'sw_spinners'====== Args={}
2026-09-13 23:30:00,400 : INFO : EventManager : Event: ======'machine_var_audits_switches_s_71_spinner_left'====== Args={'value': 2890, 'prev_value': 2889, 'change': 1}
2026-09-13 23:30:00,401 : INFO : EventManager : Event: ======'obey_left_spin'====== Args={'priority': 0}
2026-09-13 23:30:00,401 : INFO : EventManager : Event: ======'machine_var_audits_shots_spinner_left'====== Args={'value': 2886, 'prev_value': 2885, 'change': 1}
2026-09-13 23:30:00,401 : INFO : EventManager : Event: ======'spinner_left_hit'====== Args={'profile': 'default', 'state': 'lit', 'advancing': False}
2026-09-13 23:30:00,401 : INFO : EventManager : Event: ======'spinner_left_default_hit'====== Args={'profile': 'default', 'state': 'lit', 'advancing': False}
2026-09-13 23:30:00,401 : INFO : EventManager : Event: ======'spinner_left_default_lit_hit'====== Args={'profile': 'default', 'state': 'lit', 'advancing': False}
2026-09-13 23:30:00,401 : INFO : EventManager : Event: ======'spinner_left_lit_hit'====== Args={'profile': 'default', 'state': 'lit', 'advancing': False}
2026-09-13 23:30:00,401 : INFO : EventManager : Event: ======'player_obey_left_spins'====== Args={'value': 19, 'prev_value': 18, 'change': 1, 'player_num': 1, 'source': 'obey'}
2026-09-13 23:30:00,407 : INFO : EventManager : Event: ======'player_score'====== Args={'value': 690982, 'prev_value': 680982, 'change': 10000, 'player_num': 1, 'source': 'base'}
2026-09-13 23:30:01,232 : INFO : EventManager : Event: ======'player_obey_obey_stage1_timer_tick'====== Args={'value': 170, 'prev_value': 171, 'change': -1, 'player_num': 1}
2026-09-13 23:30:01,232 : INFO : EventManager : Event: ======'timer_obey_stage1_timer_tick'====== Args={'ticks': 170, 'ticks_remaining': 170}
2026-09-13 23:30:02,015 : INFO : SwitchController : <<<<<<< 's_71_spinner_left' inactive >>>>>>>
2026-09-13 23:30:02,045 : INFO : SwitchController : <<<<<<< 's_71_spinner_left' active >>>>>>>
2026-09-13 23:30:02,045 : INFO : EventManager : Event: ======'s_71_spinner_left_active'====== Args={}
2026-09-13 23:30:02,045 : INFO : EventManager : Event: ======'sw_playfield_active'====== Args={}
2026-09-13 23:30:02,045 : INFO : EventManager : Event: ======'sw_spinners'====== Args={}
2026-09-13 23:30:02,045 : INFO : EventManager : Event: ======'machine_var_audits_switches_s_71_spinner_left'====== Args={'value': 2891, 'prev_value': 2890, 'change': 1}
2026-09-13 23:30:02,046 : INFO : EventManager : Event: ======'obey_left_spin'====== Args={'priority': 0}
2026-09-13 23:30:02,047 : INFO : EventManager : Event: ======'machine_var_audits_shots_spinner_left'====== Args={'value': 2887, 'prev_value': 2886, 'change': 1}
2026-09-13 23:30:02,047 : INFO : EventManager : Event: ======'spinner_left_hit'====== Args={'profile': 'default', 'state': 'lit', 'advancing': False}
2026-09-13 23:30:02,047 : INFO : EventManager : Event: ======'spinner_left_default_hit'====== Args={'profile': 'default', 'state': 'lit', 'advancing': False}
2026-09-13 23:30:02,047 : INFO : EventManager : Event: ======'spinner_left_default_lit_hit'====== Args={'profile': 'default', 'state': 'lit', 'advancing': False}
2026-09-13 23:30:02,047 : INFO : EventManager : Event: ======'spinner_left_lit_hit'====== Args={'profile': 'default', 'state': 'lit', 'advancing': False}
2026-09-13 23:30:02,047 : INFO : EventManager : Event: ======'player_obey_left_spins'====== Args={'value': 20, 'prev_value': 19, 'change': 1, 'player_num': 1, 'source': 'obey'}
2026-09-13 23:30:02,053 : INFO : EventManager : Event: ======'player_score'====== Args={'value': 700982, 'prev_value': 690982, 'change': 10000, 'player_num': 1, 'source': 'base'}
2026-09-13 23:30:02,069 : INFO : SwitchController : <<<<<<< 's_71_spinner_left' inactive >>>>>>>
2026-09-13 23:30:02,093 : INFO : SwitchController : <<<<<<< 's_71_spinner_left' active >>>>>>>
2026-09-13 23:30:02,093 : INFO : EventManager : Event: ======'s_71_spinner_left_active'====== Args={}
2026-09-13 23:30:02,093 : INFO : EventManager : Event: ======'sw_playfield_active'====== Args={}
2026-09-13 23:30:02,093 : INFO : EventManager : Event: ======'sw_spinners'====== Args={}
2026-09-13 23:30:02,093 : INFO : EventManager : Event: ======'machine_var_audits_switches_s_71_spinner_left'====== Args={'value': 2892, 'prev_value': 2891, 'change': 1}
2026-09-13 23:30:02,094 : INFO : EventManager : Event: ======'obey_left_spin'====== Args={'priority': 0}
2026-09-13 23:30:02,094 : INFO : EventManager : Event: ======'machine_var_audits_shots_spinner_left'====== Args={'value': 2888, 'prev_value': 2887, 'change': 1}
2026-09-13 23:30:02,095 : INFO : EventManager : Event: ======'spinner_left_hit'====== Args={'profile': 'default', 'state': 'lit', 'advancing': False}
2026-09-13 23:30:02,095 : INFO : EventManager : Event: ======'spinner_left_default_hit'====== Args={'profile': 'default', 'state': 'lit', 'advancing': False}
2026-09-13 23:30:02,095 : INFO : EventManager : Event: ======'spinner_left_default_lit_hit'====== Args={'profile': 'default', 'state': 'lit', 'advancing': False}
2026-09-13 23:30:02,095 : INFO : EventManager : Event: ======'spinner_left_lit_hit'====== Args={'profile': 'default', 'state': 'lit', 'advancing': False}
2026-09-13 23:30:02,095 : INFO : EventManager : Event: ======'player_obey_left_spins'====== Args={'value': 21, 'prev_value': 20, 'change': 1, 'player_num': 1, 'source': 'obey'}
2026-09-13 23:30:02,101 : INFO : EventManager : Event: ======'player_score'====== Args={'value': 710982, 'prev_value': 700982, 'change': 10000, 'player_num': 1, 'source': 'base'}
2026-09-13 23:30:02,111 : INFO : SwitchController : <<<<<<< 's_71_spinner_left' inactive >>>>>>>
2026-09-13 23:30:02,141 : INFO : SwitchController : <<<<<<< 's_71_spinner_left' active >>>>>>>
2026-09-13 23:30:02,142 : INFO : EventManager : Event: ======'s_71_spinner_left_active'====== Args={}
2026-09-13 23:30:02,142 : INFO : EventManager : Event: ======'sw_playfield_active'====== Args={}
2026-09-13 23:30:02,142 : INFO : EventManager : Event: ======'sw_spinners'====== Args={}
2026-09-13 23:30:02,142 : INFO : EventManager : Event: ======'machine_var_audits_switches_s_71_spinner_left'====== Args={'value': 2893, 'prev_value': 2892, 'change': 1}
2026-09-13 23:30:02,143 : INFO : EventManager : Event: ======'obey_left_spin'====== Args={'priority': 0}
2026-09-13 23:30:02,143 : INFO : EventManager : Event: ======'machine_var_audits_shots_spinner_left'====== Args={'value': 2889, 'prev_value': 2888, 'change': 1}
2026-09-13 23:30:02,143 : INFO : EventManager : Event: ======'spinner_left_hit'====== Args={'profile': 'default', 'state': 'lit', 'advancing': False}
2026-09-13 23:30:02,143 : INFO : EventManager : Event: ======'spinner_left_default_hit'====== Args={'profile': 'default', 'state': 'lit', 'advancing': False}
2026-09-13 23:30:02,143 : INFO : EventManager : Event: ======'spinner_left_default_lit_hit'====== Args={'profile': 'default', 'state': 'lit', 'advancing': False}
2026-09-13 23:30:02,143 : INFO : EventManager : Event: ======'spinner_left_lit_hit'====== Args={'profile': 'default', 'state': 'lit', 'advancing': False}
2026-09-13 23:30:02,143 : INFO : EventManager : Event: ======'player_obey_left_spins'====== Args={'value': 22, 'prev_value': 21, 'change': 1, 'player_num': 1, 'source': 'obey'}
2026-09-13 23:30:02,149 : INFO : EventManager : Event: ======'player_score'====== Args={'value': 720982, 'prev_value': 710982, 'change': 10000, 'player_num': 1, 'source': 'base'}
2026-09-13 23:30:02,160 : INFO : SwitchController : <<<<<<< 's_71_spinner_left' inactive >>>>>>>
2026-09-13 23:30:02,188 : INFO : SwitchController : <<<<<<< 's_71_spinner_left' active >>>>>>>
2026-09-13 23:30:02,188 : INFO : EventManager : Event: ======'s_71_spinner_left_active'====== Args={}
2026-09-13 23:30:02,188 : INFO : EventManager : Event: ======'sw_playfield_active'====== Args={}
2026-09-13 23:30:02,188 : INFO : EventManager : Event: ======'sw_spinners'====== Args={}
2026-09-13 23:30:02,188 : INFO : EventManager : Event: ======'machine_var_audits_switches_s_71_spinner_left'====== Args={'value': 2894, 'prev_value': 2893, 'change': 1}
2026-09-13 23:30:02,189 : INFO : EventManager : Event: ======'obey_left_spin'====== Args={'priority': 0}
2026-09-13 23:30:02,189 : INFO : EventManager : Event: ======'machine_var_audits_shots_spinner_left'====== Args={'value': 2890, 'prev_value': 2889, 'change': 1}
2026-09-13 23:30:02,189 : INFO : EventManager : Event: ======'spinner_left_hit'====== Args={'profile': 'default', 'state': 'lit', 'advancing': False}
2026-09-13 23:30:02,189 : INFO : EventManager : Event: ======'spinner_left_default_hit'====== Args={'profile': 'default', 'state': 'lit', 'advancing': False}
2026-09-13 23:30:02,189 : INFO : EventManager : Event: ======'spinner_left_default_lit_hit'====== Args={'profile': 'default', 'state': 'lit', 'advancing': False}
2026-09-13 23:30:02,189 : INFO : EventManager : Event: ======'spinner_left_lit_hit'====== Args={'profile': 'default', 'state': 'lit', 'advancing': False}
2026-09-13 23:30:02,189 : INFO : EventManager : Event: ======'player_obey_left_spins'====== Args={'value': 23, 'prev_value': 22, 'change': 1, 'player_num': 1, 'source': 'obey'}
2026-09-13 23:30:02,196 : INFO : EventManager : Event: ======'player_score'====== Args={'value': 730982, 'prev_value': 720982, 'change': 10000, 'player_num': 1, 'source': 'base'}
2026-09-13 23:30:02,220 : INFO : SwitchController : <<<<<<< 's_71_spinner_left' inactive >>>>>>>
2026-09-13 23:30:02,241 : INFO : EventManager : Event: ======'player_obey_obey_stage1_timer_tick'====== Args={'value': 169, 'prev_value': 170, 'change': -1, 'player_num': 1}
2026-09-13 23:30:02,241 : INFO : EventManager : Event: ======'timer_obey_stage1_timer_tick'====== Args={'ticks': 169, 'ticks_remaining': 169}
2026-09-13 23:30:02,251 : INFO : SwitchController : <<<<<<< 's_71_spinner_left' active >>>>>>>
2026-09-13 23:30:02,251 : INFO : EventManager : Event: ======'s_71_spinner_left_active'====== Args={}
2026-09-13 23:30:02,251 : INFO : EventManager : Event: ======'sw_playfield_active'====== Args={}
2026-09-13 23:30:02,251 : INFO : EventManager : Event: ======'sw_spinners'====== Args={}
2026-09-13 23:30:02,251 : INFO : EventManager : Event: ======'machine_var_audits_switches_s_71_spinner_left'====== Args={'value': 2895, 'prev_value': 2894, 'change': 1}
2026-09-13 23:30:02,252 : INFO : EventManager : Event: ======'obey_left_spin'====== Args={'priority': 0}
2026-09-13 23:30:02,253 : INFO : EventManager : Event: ======'machine_var_audits_shots_spinner_left'====== Args={'value': 2891, 'prev_value': 2890, 'change': 1}
2026-09-13 23:30:02,253 : INFO : EventManager : Event: ======'spinner_left_hit'====== Args={'profile': 'default', 'state': 'lit', 'advancing': False}
2026-09-13 23:30:02,253 : INFO : EventManager : Event: ======'spinner_left_default_hit'====== Args={'profile': 'default', 'state': 'lit', 'advancing': False}
2026-09-13 23:30:02,253 : INFO : EventManager : Event: ======'spinner_left_default_lit_hit'====== Args={'profile': 'default', 'state': 'lit', 'advancing': False}
2026-09-13 23:30:02,253 : INFO : EventManager : Event: ======'spinner_left_lit_hit'====== Args={'profile': 'default', 'state': 'lit', 'advancing': False}
2026-09-13 23:30:02,253 : INFO : EventManager : Event: ======'player_obey_left_spins'====== Args={'value': 24, 'prev_value': 23, 'change': 1, 'player_num': 1, 'source': 'obey'}
2026-09-13 23:30:02,259 : INFO : EventManager : Event: ======'player_score'====== Args={'value': 740982, 'prev_value': 730982, 'change': 10000, 'player_num': 1, 'source': 'base'}
2026-09-13 23:30:02,270 : INFO : SwitchController : <<<<<<< 's_71_spinner_left' inactive >>>>>>>
2026-09-13 23:30:02,299 : INFO : SwitchController : <<<<<<< 's_71_spinner_left' active >>>>>>>
2026-09-13 23:30:02,299 : INFO : EventManager : Event: ======'s_71_spinner_left_active'====== Args={}
2026-09-13 23:30:02,299 : INFO : EventManager : Event: ======'sw_playfield_active'====== Args={}
2026-09-13 23:30:02,300 : INFO : EventManager : Event: ======'sw_spinners'====== Args={}
2026-09-13 23:30:02,300 : INFO : EventManager : Event: ======'machine_var_audits_switches_s_71_spinner_left'====== Args={'value': 2896, 'prev_value': 2895, 'change': 1}
2026-09-13 23:30:02,300 : INFO : EventManager : Event: ======'obey_left_spin'====== Args={'priority': 0}
2026-09-13 23:30:02,301 : INFO : EventManager : Event: ======'machine_var_audits_shots_spinner_left'====== Args={'value': 2892, 'prev_value': 2891, 'change': 1}
2026-09-13 23:30:02,301 : INFO : EventManager : Event: ======'spinner_left_hit'====== Args={'profile': 'default', 'state': 'lit', 'advancing': False}
2026-09-13 23:30:02,301 : INFO : EventManager : Event: ======'spinner_left_default_hit'====== Args={'profile': 'default', 'state': 'lit', 'advancing': False}
2026-09-13 23:30:02,301 : INFO : EventManager : Event: ======'spinner_left_default_lit_hit'====== Args={'profile': 'default', 'state': 'lit', 'advancing': False}
2026-09-13 23:30:02,301 : INFO : EventManager : Event: ======'spinner_left_lit_hit'====== Args={'profile': 'default', 'state': 'lit', 'advancing': False}
2026-09-13 23:30:02,301 : INFO : EventManager : Event: ======'player_obey_left_spins'====== Args={'value': 25, 'prev_value': 24, 'change': 1, 'player_num': 1, 'source': 'obey'}
2026-09-13 23:30:02,307 : INFO : EventManager : Event: ======'player_score'====== Args={'value': 750982, 'prev_value': 740982, 'change': 10000, 'player_num': 1, 'source': 'base'}
2026-09-13 23:30:02,318 : INFO : SwitchController : <<<<<<< 's_71_spinner_left' inactive >>>>>>>
2026-09-13 23:30:02,363 : INFO : SwitchController : <<<<<<< 's_71_spinner_left' active >>>>>>>
2026-09-13 23:30:02,363 : INFO : EventManager : Event: ======'s_71_spinner_left_active'====== Args={}
2026-09-13 23:30:02,363 : INFO : EventManager : Event: ======'sw_playfield_active'====== Args={}
2026-09-13 23:30:02,363 : INFO : EventManager : Event: ======'sw_spinners'====== Args={}
2026-09-13 23:30:02,363 : INFO : EventManager : Event: ======'machine_var_audits_switches_s_71_spinner_left'====== Args={'value': 2897, 'prev_value': 2896, 'change': 1}
2026-09-13 23:30:02,364 : INFO : EventManager : Event: ======'obey_left_spin'====== Args={'priority': 0}
2026-09-13 23:30:02,364 : INFO : EventManager : Event: ======'machine_var_audits_shots_spinner_left'====== Args={'value': 2893, 'prev_value': 2892, 'change': 1}
2026-09-13 23:30:02,364 : INFO : EventManager : Event: ======'spinner_left_hit'====== Args={'profile': 'default', 'state': 'lit', 'advancing': False}
2026-09-13 23:30:02,364 : INFO : EventManager : Event: ======'spinner_left_default_hit'====== Args={'profile': 'default', 'state': 'lit', 'advancing': False}
2026-09-13 23:30:02,364 : INFO : EventManager : Event: ======'spinner_left_default_lit_hit'====== Args={'profile': 'default', 'state': 'lit', 'advancing': False}
2026-09-13 23:30:02,364 : INFO : EventManager : Event: ======'spinner_left_lit_hit'====== Args={'profile': 'default', 'state': 'lit', 'advancing': False}
2026-09-13 23:30:02,364 : INFO : EventManager : Event: ======'player_obey_left_spins'====== Args={'value': 26, 'prev_value': 25, 'change': 1, 'player_num': 1, 'source': 'obey'}
2026-09-13 23:30:02,370 : INFO : EventManager : Event: ======'player_score'====== Args={'value': 760982, 'prev_value': 750982, 'change': 10000, 'player_num': 1, 'source': 'base'}
2026-09-13 23:30:02,380 : INFO : SwitchController : <<<<<<< 's_71_spinner_left' inactive >>>>>>>
2026-09-13 23:30:02,409 : INFO : SwitchController : <<<<<<< 's_71_spinner_left' active >>>>>>>
2026-09-13 23:30:02,410 : INFO : EventManager : Event: ======'s_71_spinner_left_active'====== Args={}
2026-09-13 23:30:02,410 : INFO : EventManager : Event: ======'sw_playfield_active'====== Args={}
2026-09-13 23:30:02,410 : INFO : EventManager : Event: ======'sw_spinners'====== Args={}
2026-09-13 23:30:02,410 : INFO : EventManager : Event: ======'machine_var_audits_switches_s_71_spinner_left'====== Args={'value': 2898, 'prev_value': 2897, 'change': 1}
2026-09-13 23:30:02,411 : INFO : EventManager : Event: ======'obey_left_spin'====== Args={'priority': 0}
2026-09-13 23:30:02,411 : INFO : EventManager : Event: ======'machine_var_audits_shots_spinner_left'====== Args={'value': 2894, 'prev_value': 2893, 'change': 1}
2026-09-13 23:30:02,411 : INFO : EventManager : Event: ======'spinner_left_hit'====== Args={'profile': 'default', 'state': 'lit', 'advancing': False}
2026-09-13 23:30:02,412 : INFO : EventManager : Event: ======'spinner_left_default_hit'====== Args={'profile': 'default', 'state': 'lit', 'advancing': False}
2026-09-13 23:30:02,412 : INFO : EventManager : Event: ======'spinner_left_default_lit_hit'====== Args={'profile': 'default', 'state': 'lit', 'advancing': False}
2026-09-13 23:30:02,412 : INFO : EventManager : Event: ======'spinner_left_lit_hit'====== Args={'profile': 'default', 'state': 'lit', 'advancing': False}
2026-09-13 23:30:02,412 : INFO : EventManager : Event: ======'player_obey_left_spins'====== Args={'value': 27, 'prev_value': 26, 'change': 1, 'player_num': 1, 'source': 'obey'}
2026-09-13 23:30:02,418 : INFO : EventManager : Event: ======'player_score'====== Args={'value': 770982, 'prev_value': 760982, 'change': 10000, 'player_num': 1, 'source': 'base'}
2026-09-13 23:30:02,441 : INFO : SwitchController : <<<<<<< 's_71_spinner_left' inactive >>>>>>>
2026-09-13 23:30:02,473 : INFO : SwitchController : <<<<<<< 's_71_spinner_left' active >>>>>>>
2026-09-13 23:30:02,473 : INFO : EventManager : Event: ======'s_71_spinner_left_active'====== Args={}
2026-09-13 23:30:02,473 : INFO : EventManager : Event: ======'sw_playfield_active'====== Args={}
2026-09-13 23:30:02,473 : INFO : EventManager : Event: ======'sw_spinners'====== Args={}
2026-09-13 23:30:02,473 : INFO : EventManager : Event: ======'machine_var_audits_switches_s_71_spinner_left'====== Args={'value': 2899, 'prev_value': 2898, 'change': 1}
2026-09-13 23:30:02,474 : INFO : EventManager : Event: ======'obey_left_spin'====== Args={'priority': 0}
2026-09-13 23:30:02,474 : INFO : EventManager : Event: ======'machine_var_audits_shots_spinner_left'====== Args={'value': 2895, 'prev_value': 2894, 'change': 1}
2026-09-13 23:30:02,474 : INFO : EventManager : Event: ======'spinner_left_hit'====== Args={'profile': 'default', 'state': 'lit', 'advancing': False}
2026-09-13 23:30:02,474 : INFO : EventManager : Event: ======'spinner_left_default_hit'====== Args={'profile': 'default', 'state': 'lit', 'advancing': False}
2026-09-13 23:30:02,474 : INFO : EventManager : Event: ======'spinner_left_default_lit_hit'====== Args={'profile': 'default', 'state': 'lit', 'advancing': False}
2026-09-13 23:30:02,474 : INFO : EventManager : Event: ======'spinner_left_lit_hit'====== Args={'profile': 'default', 'state': 'lit', 'advancing': False}
2026-09-13 23:30:02,474 : INFO : EventManager : Event: ======'player_obey_left_spins'====== Args={'value': 28, 'prev_value': 27, 'change': 1, 'player_num': 1, 'source': 'obey'}
2026-09-13 23:30:02,481 : INFO : EventManager : Event: ======'player_score'====== Args={'value': 780982, 'prev_value': 770982, 'change': 10000, 'player_num': 1, 'source': 'base'}
2026-09-13 23:30:02,491 : INFO : SwitchController : <<<<<<< 's_71_spinner_left' inactive >>>>>>>
2026-09-13 23:30:02,536 : INFO : SwitchController : <<<<<<< 's_71_spinner_left' active >>>>>>>
2026-09-13 23:30:02,537 : INFO : EventManager : Event: ======'s_71_spinner_left_active'====== Args={}
2026-09-13 23:30:02,537 : INFO : EventManager : Event: ======'sw_playfield_active'====== Args={}
2026-09-13 23:30:02,537 : INFO : EventManager : Event: ======'sw_spinners'====== Args={}
2026-09-13 23:30:02,537 : INFO : EventManager : Event: ======'machine_var_audits_switches_s_71_spinner_left'====== Args={'value': 2900, 'prev_value': 2899, 'change': 1}
2026-09-13 23:30:02,537 : INFO : EventManager : Event: ======'obey_left_spin'====== Args={'priority': 0}
2026-09-13 23:30:02,537 : INFO : EventManager : Event: ======'machine_var_audits_shots_spinner_left'====== Args={'value': 2896, 'prev_value': 2895, 'change': 1}
2026-09-13 23:30:02,538 : INFO : EventManager : Event: ======'spinner_left_hit'====== Args={'profile': 'default', 'state': 'lit', 'advancing': False}
2026-09-13 23:30:02,538 : INFO : EventManager : Event: ======'spinner_left_default_hit'====== Args={'profile': 'default', 'state': 'lit', 'advancing': False}
2026-09-13 23:30:02,538 : INFO : EventManager : Event: ======'spinner_left_default_lit_hit'====== Args={'profile': 'default', 'state': 'lit', 'advancing': False}
2026-09-13 23:30:02,538 : INFO : EventManager : Event: ======'spinner_left_lit_hit'====== Args={'profile': 'default', 'state': 'lit', 'advancing': False}
2026-09-13 23:30:02,538 : INFO : EventManager : Event: ======'player_obey_left_spins'====== Args={'value': 29, 'prev_value': 28, 'change': 1, 'player_num': 1, 'source': 'obey'}
2026-09-13 23:30:02,544 : INFO : EventManager : Event: ======'player_score'====== Args={'value': 790982, 'prev_value': 780982, 'change': 10000, 'player_num': 1, 'source': 'base'}
2026-09-13 23:30:02,555 : INFO : SwitchController : <<<<<<< 's_71_spinner_left' inactive >>>>>>>
2026-09-13 23:30:02,600 : INFO : SwitchController : <<<<<<< 's_71_spinner_left' active >>>>>>>
2026-09-13 23:30:02,600 : INFO : EventManager : Event: ======'s_71_spinner_left_active'====== Args={}
2026-09-13 23:30:02,600 : INFO : EventManager : Event: ======'sw_playfield_active'====== Args={}
2026-09-13 23:30:02,600 : INFO : EventManager : Event: ======'sw_spinners'====== Args={}
2026-09-13 23:30:02,600 : INFO : EventManager : Event: ======'machine_var_audits_switches_s_71_spinner_left'====== Args={'value': 2901, 'prev_value': 2900, 'change': 1}
2026-09-13 23:30:02,601 : INFO : EventManager : Event: ======'obey_left_spin'====== Args={'priority': 0}
2026-09-13 23:30:02,601 : INFO : EventManager : Event: ======'machine_var_audits_shots_spinner_left'====== Args={'value': 2897, 'prev_value': 2896, 'change': 1}
2026-09-13 23:30:02,601 : INFO : EventManager : Event: ======'spinner_left_hit'====== Args={'profile': 'default', 'state': 'lit', 'advancing': False}
2026-09-13 23:30:02,601 : INFO : EventManager : Event: ======'spinner_left_default_hit'====== Args={'profile': 'default', 'state': 'lit', 'advancing': False}
2026-09-13 23:30:02,601 : INFO : EventManager : Event: ======'spinner_left_default_lit_hit'====== Args={'profile': 'default', 'state': 'lit', 'advancing': False}
2026-09-13 23:30:02,601 : INFO : EventManager : Event: ======'spinner_left_lit_hit'====== Args={'profile': 'default', 'state': 'lit', 'advancing': False}
2026-09-13 23:30:02,601 : INFO : EventManager : Event: ======'player_obey_left_spins'====== Args={'value': 30, 'prev_value': 29, 'change': 1, 'player_num': 1, 'source': 'obey'}
2026-09-13 23:30:02,607 : INFO : EventManager : Event: ======'player_score'====== Args={'value': 800982, 'prev_value': 790982, 'change': 10000, 'player_num': 1, 'source': 'base'}
2026-09-13 23:30:02,632 : INFO : SwitchController : <<<<<<< 's_71_spinner_left' inactive >>>>>>>
2026-09-13 23:30:02,680 : INFO : SwitchController : <<<<<<< 's_71_spinner_left' active >>>>>>>
2026-09-13 23:30:02,680 : INFO : EventManager : Event: ======'s_71_spinner_left_active'====== Args={}
2026-09-13 23:30:02,681 : INFO : EventManager : Event: ======'sw_playfield_active'====== Args={}
2026-09-13 23:30:02,681 : INFO : EventManager : Event: ======'sw_spinners'====== Args={}
2026-09-13 23:30:02,681 : INFO : EventManager : Event: ======'machine_var_audits_switches_s_71_spinner_left'====== Args={'value': 2902, 'prev_value': 2901, 'change': 1}
2026-09-13 23:30:02,681 : INFO : EventManager : Event: ======'obey_left_spin'====== Args={'priority': 0}
2026-09-13 23:30:02,682 : INFO : EventManager : Event: ======'machine_var_audits_shots_spinner_left'====== Args={'value': 2898, 'prev_value': 2897, 'change': 1}
2026-09-13 23:30:02,682 : INFO : EventManager : Event: ======'spinner_left_hit'====== Args={'profile': 'default', 'state': 'lit', 'advancing': False}
2026-09-13 23:30:02,682 : INFO : EventManager : Event: ======'spinner_left_default_hit'====== Args={'profile': 'default', 'state': 'lit', 'advancing': False}
2026-09-13 23:30:02,682 : INFO : EventManager : Event: ======'spinner_left_default_lit_hit'====== Args={'profile': 'default', 'state': 'lit', 'advancing': False}
2026-09-13 23:30:02,682 : INFO : EventManager : Event: ======'spinner_left_lit_hit'====== Args={'profile': 'default', 'state': 'lit', 'advancing': False}
2026-09-13 23:30:02,682 : INFO : EventManager : Event: ======'player_obey_left_spins'====== Args={'value': 31, 'prev_value': 30, 'change': 1, 'player_num': 1, 'source': 'obey'}
2026-09-13 23:30:02,689 : INFO : EventManager : Event: ======'player_score'====== Args={'value': 810982, 'prev_value': 800982, 'change': 10000, 'player_num': 1, 'source': 'base'}
2026-09-13 23:30:02,703 : INFO : SwitchController : <<<<<<< 's_71_spinner_left' inactive >>>>>>>
2026-09-13 23:30:02,743 : INFO : SwitchController : <<<<<<< 's_71_spinner_left' active >>>>>>>
2026-09-13 23:30:02,743 : INFO : EventManager : Event: ======'s_71_spinner_left_active'====== Args={}
2026-09-13 23:30:02,743 : INFO : EventManager : Event: ======'sw_playfield_active'====== Args={}
2026-09-13 23:30:02,743 : INFO : EventManager : Event: ======'sw_spinners'====== Args={}
2026-09-13 23:30:02,743 : INFO : EventManager : Event: ======'machine_var_audits_switches_s_71_spinner_left'====== Args={'value': 2903, 'prev_value': 2902, 'change': 1}
2026-09-13 23:30:02,744 : INFO : EventManager : Event: ======'obey_left_spin'====== Args={'priority': 0}
2026-09-13 23:30:02,744 : INFO : EventManager : Event: ======'machine_var_audits_shots_spinner_left'====== Args={'value': 2899, 'prev_value': 2898, 'change': 1}
2026-09-13 23:30:02,744 : INFO : EventManager : Event: ======'spinner_left_hit'====== Args={'profile': 'default', 'state': 'lit', 'advancing': False}
2026-09-13 23:30:02,744 : INFO : EventManager : Event: ======'spinner_left_default_hit'====== Args={'profile': 'default', 'state': 'lit', 'advancing': False}
2026-09-13 23:30:02,744 : INFO : EventManager : Event: ======'spinner_left_default_lit_hit'====== Args={'profile': 'default', 'state': 'lit', 'advancing': False}
2026-09-13 23:30:02,744 : INFO : EventManager : Event: ======'spinner_left_lit_hit'====== Args={'profile': 'default', 'state': 'lit', 'advancing': False}
2026-09-13 23:30:02,745 : INFO : EventManager : Event: ======'player_obey_left_spins'====== Args={'value': 32, 'prev_value': 31, 'change': 1, 'player_num': 1, 'source': 'obey'}
2026-09-13 23:30:02,750 : INFO : EventManager : Event: ======'player_score'====== Args={'value': 820982, 'prev_value': 810982, 'change': 10000, 'player_num': 1, 'source': 'base'}
2026-09-13 23:30:02,776 : INFO : SwitchController : <<<<<<< 's_71_spinner_left' inactive >>>>>>>
2026-09-13 23:30:02,821 : INFO : SwitchController : <<<<<<< 's_71_spinner_left' active >>>>>>>
2026-09-13 23:30:02,821 : INFO : EventManager : Event: ======'s_71_spinner_left_active'====== Args={}
2026-09-13 23:30:02,821 : INFO : EventManager : Event: ======'sw_playfield_active'====== Args={}
2026-09-13 23:30:02,821 : INFO : EventManager : Event: ======'sw_spinners'====== Args={}
2026-09-13 23:30:02,821 : INFO : EventManager : Event: ======'machine_var_audits_switches_s_71_spinner_left'====== Args={'value': 2904, 'prev_value': 2903, 'change': 1}
2026-09-13 23:30:02,822 : INFO : EventManager : Event: ======'obey_left_spin'====== Args={'priority': 0}
2026-09-13 23:30:02,822 : INFO : EventManager : Event: ======'machine_var_audits_shots_spinner_left'====== Args={'value': 2900, 'prev_value': 2899, 'change': 1}
2026-09-13 23:30:02,822 : INFO : EventManager : Event: ======'spinner_left_hit'====== Args={'profile': 'default', 'state': 'lit', 'advancing': False}
2026-09-13 23:30:02,822 : INFO : EventManager : Event: ======'spinner_left_default_hit'====== Args={'profile': 'default', 'state': 'lit', 'advancing': False}
2026-09-13 23:30:02,822 : INFO : EventManager : Event: ======'spinner_left_default_lit_hit'====== Args={'profile': 'default', 'state': 'lit', 'advancing': False}
2026-09-13 23:30:02,822 : INFO : EventManager : Event: ======'spinner_left_lit_hit'====== Args={'profile': 'default', 'state': 'lit', 'advancing': False}
2026-09-13 23:30:02,822 : INFO : EventManager : Event: ======'player_obey_left_spins'====== Args={'value': 33, 'prev_value': 32, 'change': 1, 'player_num': 1, 'source': 'obey'}
2026-09-13 23:30:02,829 : INFO : EventManager : Event: ======'player_score'====== Args={'value': 830982, 'prev_value': 820982, 'change': 10000, 'player_num': 1, 'source': 'base'}
2026-09-13 23:30:02,839 : INFO : SwitchController : <<<<<<< 's_71_spinner_left' inactive >>>>>>>
2026-09-13 23:30:02,901 : INFO : SwitchController : <<<<<<< 's_71_spinner_left' active >>>>>>>
2026-09-13 23:30:02,901 : INFO : EventManager : Event: ======'s_71_spinner_left_active'====== Args={}
2026-09-13 23:30:02,901 : INFO : EventManager : Event: ======'sw_playfield_active'====== Args={}
2026-09-13 23:30:02,901 : INFO : EventManager : Event: ======'sw_spinners'====== Args={}
2026-09-13 23:30:02,901 : INFO : EventManager : Event: ======'machine_var_audits_switches_s_71_spinner_left'====== Args={'value': 2905, 'prev_value': 2904, 'change': 1}
2026-09-13 23:30:02,902 : INFO : EventManager : Event: ======'obey_left_spin'====== Args={'priority': 0}
2026-09-13 23:30:02,902 : INFO : EventManager : Event: ======'machine_var_audits_shots_spinner_left'====== Args={'value': 2901, 'prev_value': 2900, 'change': 1}
2026-09-13 23:30:02,902 : INFO : EventManager : Event: ======'spinner_left_hit'====== Args={'profile': 'default', 'state': 'lit', 'advancing': False}
2026-09-13 23:30:02,902 : INFO : EventManager : Event: ======'spinner_left_default_hit'====== Args={'profile': 'default', 'state': 'lit', 'advancing': False}
2026-09-13 23:30:02,903 : INFO : EventManager : Event: ======'spinner_left_default_lit_hit'====== Args={'profile': 'default', 'state': 'lit', 'advancing': False}
2026-09-13 23:30:02,903 : INFO : EventManager : Event: ======'spinner_left_lit_hit'====== Args={'profile': 'default', 'state': 'lit', 'advancing': False}
2026-09-13 23:30:02,903 : INFO : EventManager : Event: ======'player_obey_left_spins'====== Args={'value': 34, 'prev_value': 33, 'change': 1, 'player_num': 1, 'source': 'obey'}
2026-09-13 23:30:02,908 : INFO : EventManager : Event: ======'player_score'====== Args={'value': 840982, 'prev_value': 830982, 'change': 10000, 'player_num': 1, 'source': 'base'}
2026-09-13 23:30:02,920 : INFO : SwitchController : <<<<<<< 's_71_spinner_left' inactive >>>>>>>
2026-09-13 23:30:02,995 : INFO : SwitchController : <<<<<<< 's_71_spinner_left' active >>>>>>>
2026-09-13 23:30:02,995 : INFO : EventManager : Event: ======'s_71_spinner_left_active'====== Args={}
2026-09-13 23:30:02,995 : INFO : EventManager : Event: ======'sw_playfield_active'====== Args={}
2026-09-13 23:30:02,995 : INFO : EventManager : Event: ======'sw_spinners'====== Args={}
2026-09-13 23:30:02,995 : INFO : EventManager : Event: ======'machine_var_audits_switches_s_71_spinner_left'====== Args={'value': 2906, 'prev_value': 2905, 'change': 1}
2026-09-13 23:30:02,996 : INFO : EventManager : Event: ======'obey_left_spin'====== Args={'priority': 0}
2026-09-13 23:30:02,996 : INFO : EventManager : Event: ======'machine_var_audits_shots_spinner_left'====== Args={'value': 2902, 'prev_value': 2901, 'change': 1}
2026-09-13 23:30:02,996 : INFO : EventManager : Event: ======'spinner_left_hit'====== Args={'profile': 'default', 'state': 'lit', 'advancing': False}
2026-09-13 23:30:02,996 : INFO : EventManager : Event: ======'spinner_left_default_hit'====== Args={'profile': 'default', 'state': 'lit', 'advancing': False}
2026-09-13 23:30:02,996 : INFO : EventManager : Event: ======'spinner_left_default_lit_hit'====== Args={'profile': 'default', 'state': 'lit', 'advancing': False}
2026-09-13 23:30:02,996 : INFO : EventManager : Event: ======'spinner_left_lit_hit'====== Args={'profile': 'default', 'state': 'lit', 'advancing': False}
2026-09-13 23:30:02,997 : INFO : EventManager : Event: ======'player_obey_left_spins'====== Args={'value': 35, 'prev_value': 34, 'change': 1, 'player_num': 1, 'source': 'obey'}
2026-09-13 23:30:03,002 : INFO : EventManager : Event: ======'player_score'====== Args={'value': 850982, 'prev_value': 840982, 'change': 10000, 'player_num': 1, 'source': 'base'}
2026-09-13 23:30:03,013 : INFO : SwitchController : <<<<<<< 's_71_spinner_left' inactive >>>>>>>
2026-09-13 23:30:03,081 : INFO : SwitchController : <<<<<<< 's_71_spinner_left' active >>>>>>>
2026-09-13 23:30:03,081 : INFO : EventManager : Event: ======'s_71_spinner_left_active'====== Args={}
2026-09-13 23:30:03,081 : INFO : EventManager : Event: ======'sw_playfield_active'====== Args={}
2026-09-13 23:30:03,081 : INFO : EventManager : Event: ======'sw_spinners'====== Args={}
2026-09-13 23:30:03,082 : INFO : EventManager : Event: ======'machine_var_audits_switches_s_71_spinner_left'====== Args={'value': 2907, 'prev_value': 2906, 'change': 1}
2026-09-13 23:30:03,082 : INFO : EventManager : Event: ======'obey_left_spin'====== Args={'priority': 0}
2026-09-13 23:30:03,082 : INFO : EventManager : Event: ======'machine_var_audits_shots_spinner_left'====== Args={'value': 2903, 'prev_value': 2902, 'change': 1}
2026-09-13 23:30:03,083 : INFO : EventManager : Event: ======'spinner_left_hit'====== Args={'profile': 'default', 'state': 'lit', 'advancing': False}
2026-09-13 23:30:03,083 : INFO : EventManager : Event: ======'spinner_left_default_hit'====== Args={'profile': 'default', 'state': 'lit', 'advancing': False}
2026-09-13 23:30:03,083 : INFO : EventManager : Event: ======'spinner_left_default_lit_hit'====== Args={'profile': 'default', 'state': 'lit', 'advancing': False}
2026-09-13 23:30:03,083 : INFO : EventManager : Event: ======'spinner_left_lit_hit'====== Args={'profile': 'default', 'state': 'lit', 'advancing': False}
2026-09-13 23:30:03,083 : INFO : EventManager : Event: ======'player_obey_left_spins'====== Args={'value': 36, 'prev_value': 35, 'change': 1, 'player_num': 1, 'source': 'obey'}
2026-09-13 23:30:03,089 : INFO : EventManager : Event: ======'player_score'====== Args={'value': 860982, 'prev_value': 850982, 'change': 10000, 'player_num': 1, 'source': 'base'}
2026-09-13 23:30:03,107 : INFO : SwitchController : <<<<<<< 's_71_spinner_left' inactive >>>>>>>
2026-09-13 23:30:03,187 : INFO : EventManager : Event: ======'ball_save_bs_default_grace_period'====== Args={}
2026-09-13 23:30:03,188 : INFO : EventManager : Event: ======'ball_save_bs_default_disabled'====== Args={}
2026-09-13 23:30:03,188 : INFO : SwitchController : <<<<<<< 's_71_spinner_left' active >>>>>>>
2026-09-13 23:30:03,188 : INFO : EventManager : Event: ======'s_71_spinner_left_active'====== Args={}
2026-09-13 23:30:03,188 : INFO : EventManager : Event: ======'sw_playfield_active'====== Args={}
2026-09-13 23:30:03,188 : INFO : EventManager : Event: ======'sw_spinners'====== Args={}
2026-09-13 23:30:03,188 : INFO : EventManager : Event: ======'machine_var_audits_switches_s_71_spinner_left'====== Args={'value': 2908, 'prev_value': 2907, 'change': 1}
2026-09-13 23:30:03,188 : INFO : EventManager : Event: ======'obey_left_spin'====== Args={'priority': 0}
2026-09-13 23:30:03,188 : INFO : EventManager : Event: ======'machine_var_audits_shots_spinner_left'====== Args={'value': 2904, 'prev_value': 2903, 'change': 1}
2026-09-13 23:30:03,189 : INFO : EventManager : Event: ======'spinner_left_hit'====== Args={'profile': 'default', 'state': 'lit', 'advancing': False}
2026-09-13 23:30:03,189 : INFO : EventManager : Event: ======'spinner_left_default_hit'====== Args={'profile': 'default', 'state': 'lit', 'advancing': False}
2026-09-13 23:30:03,189 : INFO : EventManager : Event: ======'spinner_left_default_lit_hit'====== Args={'profile': 'default', 'state': 'lit', 'advancing': False}
2026-09-13 23:30:03,189 : INFO : EventManager : Event: ======'spinner_left_lit_hit'====== Args={'profile': 'default', 'state': 'lit', 'advancing': False}
2026-09-13 23:30:03,189 : INFO : EventManager : Event: ======'player_obey_left_spins'====== Args={'value': 37, 'prev_value': 36, 'change': 1, 'player_num': 1, 'source': 'obey'}
2026-09-13 23:30:03,195 : INFO : EventManager : Event: ======'player_score'====== Args={'value': 870982, 'prev_value': 860982, 'change': 10000, 'player_num': 1, 'source': 'base'}
2026-09-13 23:30:03,219 : INFO : SwitchController : <<<<<<< 's_71_spinner_left' inactive >>>>>>>
2026-09-13 23:30:03,238 : INFO : EventManager : Event: ======'player_obey_obey_stage1_timer_tick'====== Args={'value': 168, 'prev_value': 169, 'change': -1, 'player_num': 1}
2026-09-13 23:30:03,238 : INFO : EventManager : Event: ======'timer_obey_stage1_timer_tick'====== Args={'ticks': 168, 'ticks_remaining': 168}
2026-09-13 23:30:03,299 : INFO : SwitchController : <<<<<<< 's_71_spinner_left' active >>>>>>>
2026-09-13 23:30:03,299 : INFO : EventManager : Event: ======'s_71_spinner_left_active'====== Args={}
2026-09-13 23:30:03,299 : INFO : EventManager : Event: ======'sw_playfield_active'====== Args={}
2026-09-13 23:30:03,299 : INFO : EventManager : Event: ======'sw_spinners'====== Args={}
2026-09-13 23:30:03,300 : INFO : EventManager : Event: ======'machine_var_audits_switches_s_71_spinner_left'====== Args={'value': 2909, 'prev_value': 2908, 'change': 1}
2026-09-13 23:30:03,300 : INFO : EventManager : Event: ======'obey_left_spin'====== Args={'priority': 0}
2026-09-13 23:30:03,300 : INFO : EventManager : Event: ======'machine_var_audits_shots_spinner_left'====== Args={'value': 2905, 'prev_value': 2904, 'change': 1}
2026-09-13 23:30:03,300 : INFO : EventManager : Event: ======'spinner_left_hit'====== Args={'profile': 'default', 'state': 'lit', 'advancing': False}
2026-09-13 23:30:03,301 : INFO : EventManager : Event: ======'spinner_left_default_hit'====== Args={'profile': 'default', 'state': 'lit', 'advancing': False}
2026-09-13 23:30:03,301 : INFO : EventManager : Event: ======'spinner_left_default_lit_hit'====== Args={'profile': 'default', 'state': 'lit', 'advancing': False}
2026-09-13 23:30:03,301 : INFO : EventManager : Event: ======'spinner_left_lit_hit'====== Args={'profile': 'default', 'state': 'lit', 'advancing': False}
2026-09-13 23:30:03,301 : INFO : EventManager : Event: ======'player_obey_left_spins'====== Args={'value': 38, 'prev_value': 37, 'change': 1, 'player_num': 1, 'source': 'obey'}
2026-09-13 23:30:03,306 : INFO : EventManager : Event: ======'player_score'====== Args={'value': 880982, 'prev_value': 870982, 'change': 10000, 'player_num': 1, 'source': 'base'}
2026-09-13 23:30:03,347 : INFO : SwitchController : <<<<<<< 's_71_spinner_left' inactive >>>>>>>
2026-09-13 23:30:03,426 : INFO : SwitchController : <<<<<<< 's_71_spinner_left' active >>>>>>>
2026-09-13 23:30:03,426 : INFO : EventManager : Event: ======'s_71_spinner_left_active'====== Args={}
2026-09-13 23:30:03,426 : INFO : EventManager : Event: ======'sw_playfield_active'====== Args={}
2026-09-13 23:30:03,426 : INFO : EventManager : Event: ======'sw_spinners'====== Args={}
2026-09-13 23:30:03,426 : INFO : EventManager : Event: ======'machine_var_audits_switches_s_71_spinner_left'====== Args={'value': 2910, 'prev_value': 2909, 'change': 1}
2026-09-13 23:30:03,427 : INFO : EventManager : Event: ======'obey_left_spin'====== Args={'priority': 0}
2026-09-13 23:30:03,427 : INFO : EventManager : Event: ======'machine_var_audits_shots_spinner_left'====== Args={'value': 2906, 'prev_value': 2905, 'change': 1}
2026-09-13 23:30:03,427 : INFO : EventManager : Event: ======'spinner_left_hit'====== Args={'profile': 'default', 'state': 'lit', 'advancing': False}
2026-09-13 23:30:03,428 : INFO : EventManager : Event: ======'spinner_left_default_hit'====== Args={'profile': 'default', 'state': 'lit', 'advancing': False}
2026-09-13 23:30:03,428 : INFO : EventManager : Event: ======'spinner_left_default_lit_hit'====== Args={'profile': 'default', 'state': 'lit', 'advancing': False}
2026-09-13 23:30:03,428 : INFO : EventManager : Event: ======'spinner_left_lit_hit'====== Args={'profile': 'default', 'state': 'lit', 'advancing': False}
2026-09-13 23:30:03,428 : INFO : EventManager : Event: ======'player_obey_left_spins'====== Args={'value': 39, 'prev_value': 38, 'change': 1, 'player_num': 1, 'source': 'obey'}
2026-09-13 23:30:03,433 : INFO : EventManager : Event: ======'player_score'====== Args={'value': 890982, 'prev_value': 880982, 'change': 10000, 'player_num': 1, 'source': 'base'}
2026-09-13 23:30:03,473 : INFO : SwitchController : <<<<<<< 's_71_spinner_left' inactive >>>>>>>
2026-09-13 23:30:03,585 : INFO : SwitchController : <<<<<<< 's_71_spinner_left' active >>>>>>>
2026-09-13 23:30:03,585 : INFO : EventManager : Event: ======'s_71_spinner_left_active'====== Args={}
2026-09-13 23:30:03,585 : INFO : EventManager : Event: ======'sw_playfield_active'====== Args={}
2026-09-13 23:30:03,585 : INFO : EventManager : Event: ======'sw_spinners'====== Args={}
2026-09-13 23:30:03,585 : INFO : EventManager : Event: ======'machine_var_audits_switches_s_71_spinner_left'====== Args={'value': 2911, 'prev_value': 2910, 'change': 1}
2026-09-13 23:30:03,586 : INFO : EventManager : Event: ======'obey_left_spin'====== Args={'priority': 0}
2026-09-13 23:30:03,586 : INFO : EventManager : Event: ======'obey_left_goal_reached'====== Args={'priority': 0}
2026-09-13 23:30:03,586 : INFO : EventManager : Event: ======'machine_var_audits_shots_spinner_left'====== Args={'value': 2907, 'prev_value': 2906, 'change': 1}
2026-09-13 23:30:03,586 : INFO : EventManager : Event: ======'spinner_left_hit'====== Args={'profile': 'default', 'state': 'lit', 'advancing': False}
2026-09-13 23:30:03,586 : INFO : EventManager : Event: ======'spinner_left_default_hit'====== Args={'profile': 'default', 'state': 'lit', 'advancing': False}
2026-09-13 23:30:03,586 : INFO : EventManager : Event: ======'spinner_left_default_lit_hit'====== Args={'profile': 'default', 'state': 'lit', 'advancing': False}
2026-09-13 23:30:03,586 : INFO : EventManager : Event: ======'spinner_left_lit_hit'====== Args={'profile': 'default', 'state': 'lit', 'advancing': False}
2026-09-13 23:30:03,586 : INFO : EventManager : Event: ======'player_obey_left_spins'====== Args={'value': 40, 'prev_value': 39, 'change': 1, 'player_num': 1, 'source': 'obey'}
2026-09-13 23:30:03,592 : INFO : EventManager : Event: ======'player_obey_left_complete'====== Args={'value': 1, 'prev_value': 0, 'change': 1, 'player_num': 1, 'source': 'obey'}
2026-09-13 23:30:03,598 : INFO : EventManager : Event: ======'player_score'====== Args={'value': 900982, 'prev_value': 890982, 'change': 10000, 'player_num': 1, 'source': 'base'}
2026-09-13 23:30:03,632 : INFO : SwitchController : <<<<<<< 's_71_spinner_left' inactive >>>>>>>
2026-09-13 23:30:03,775 : INFO : SwitchController : <<<<<<< 's_71_spinner_left' active >>>>>>>
2026-09-13 23:30:03,775 : INFO : EventManager : Event: ======'s_71_spinner_left_active'====== Args={}
2026-09-13 23:30:03,775 : INFO : EventManager : Event: ======'sw_playfield_active'====== Args={}
2026-09-13 23:30:03,775 : INFO : EventManager : Event: ======'sw_spinners'====== Args={}
2026-09-13 23:30:03,775 : INFO : EventManager : Event: ======'machine_var_audits_switches_s_71_spinner_left'====== Args={'value': 2912, 'prev_value': 2911, 'change': 1}
2026-09-13 23:30:03,776 : INFO : EventManager : Event: ======'machine_var_audits_shots_spinner_left'====== Args={'value': 2908, 'prev_value': 2907, 'change': 1}
2026-09-13 23:30:03,776 : INFO : EventManager : Event: ======'spinner_left_hit'====== Args={'profile': 'default', 'state': 'lit', 'advancing': False}
2026-09-13 23:30:03,776 : INFO : EventManager : Event: ======'spinner_left_default_hit'====== Args={'profile': 'default', 'state': 'lit', 'advancing': False}
2026-09-13 23:30:03,776 : INFO : EventManager : Event: ======'spinner_left_default_lit_hit'====== Args={'profile': 'default', 'state': 'lit', 'advancing': False}
2026-09-13 23:30:03,776 : INFO : EventManager : Event: ======'spinner_left_lit_hit'====== Args={'profile': 'default', 'state': 'lit', 'advancing': False}
2026-09-13 23:30:03,777 : INFO : EventManager : Event: ======'player_score'====== Args={'value': 910982, 'prev_value': 900982, 'change': 10000, 'player_num': 1, 'source': 'base'}
2026-09-13 23:30:03,852 : INFO : SwitchController : <<<<<<< 's_71_spinner_left' inactive >>>>>>>
2026-09-13 23:30:04,219 : INFO : SwitchController : <<<<<<< 's_71_spinner_left' active >>>>>>>
2026-09-13 23:30:04,219 : INFO : EventManager : Event: ======'s_71_spinner_left_active'====== Args={}
2026-09-13 23:30:04,219 : INFO : EventManager : Event: ======'sw_playfield_active'====== Args={}
2026-09-13 23:30:04,219 : INFO : EventManager : Event: ======'sw_spinners'====== Args={}
2026-09-13 23:30:04,219 : INFO : EventManager : Event: ======'machine_var_audits_switches_s_71_spinner_left'====== Args={'value': 2913, 'prev_value': 2912, 'change': 1}
2026-09-13 23:30:04,220 : INFO : EventManager : Event: ======'machine_var_audits_shots_spinner_left'====== Args={'value': 2909, 'prev_value': 2908, 'change': 1}
2026-09-13 23:30:04,220 : INFO : EventManager : Event: ======'spinner_left_hit'====== Args={'profile': 'default', 'state': 'lit', 'advancing': False}
2026-09-13 23:30:04,220 : INFO : EventManager : Event: ======'spinner_left_default_hit'====== Args={'profile': 'default', 'state': 'lit', 'advancing': False}
2026-09-13 23:30:04,220 : INFO : EventManager : Event: ======'spinner_left_default_lit_hit'====== Args={'profile': 'default', 'state': 'lit', 'advancing': False}
2026-09-13 23:30:04,220 : INFO : EventManager : Event: ======'spinner_left_lit_hit'====== Args={'profile': 'default', 'state': 'lit', 'advancing': False}
2026-09-13 23:30:04,220 : INFO : EventManager : Event: ======'player_score'====== Args={'value': 920982, 'prev_value': 910982, 'change': 10000, 'player_num': 1, 'source': 'base'}
2026-09-13 23:30:04,235 : INFO : EventManager : Event: ======'player_obey_obey_stage1_timer_tick'====== Args={'value': 167, 'prev_value': 168, 'change': -1, 'player_num': 1}
2026-09-13 23:30:04,235 : INFO : EventManager : Event: ======'timer_obey_stage1_timer_tick'====== Args={'ticks': 167, 'ticks_remaining': 167}
2026-09-13 23:30:04,360 : INFO : SwitchController : <<<<<<< 's_71_spinner_left' inactive >>>>>>>
2026-09-13 23:30:04,487 : INFO : SwitchController : <<<<<<< 's_71_spinner_left' active >>>>>>>
2026-09-13 23:30:04,487 : INFO : EventManager : Event: ======'s_71_spinner_left_active'====== Args={}
2026-09-13 23:30:04,487 : INFO : EventManager : Event: ======'sw_playfield_active'====== Args={}
2026-09-13 23:30:04,487 : INFO : EventManager : Event: ======'sw_spinners'====== Args={}
2026-09-13 23:30:04,487 : INFO : EventManager : Event: ======'machine_var_audits_switches_s_71_spinner_left'====== Args={'value': 2914, 'prev_value': 2913, 'change': 1}
2026-09-13 23:30:04,488 : INFO : EventManager : Event: ======'machine_var_audits_shots_spinner_left'====== Args={'value': 2910, 'prev_value': 2909, 'change': 1}
2026-09-13 23:30:04,488 : INFO : EventManager : Event: ======'spinner_left_hit'====== Args={'profile': 'default', 'state': 'lit', 'advancing': False}
2026-09-13 23:30:04,488 : INFO : EventManager : Event: ======'spinner_left_default_hit'====== Args={'profile': 'default', 'state': 'lit', 'advancing': False}
2026-09-13 23:30:04,488 : INFO : EventManager : Event: ======'spinner_left_default_lit_hit'====== Args={'profile': 'default', 'state': 'lit', 'advancing': False}
2026-09-13 23:30:04,488 : INFO : EventManager : Event: ======'spinner_left_lit_hit'====== Args={'profile': 'default', 'state': 'lit', 'advancing': False}
2026-09-13 23:30:04,489 : INFO : EventManager : Event: ======'player_score'====== Args={'value': 930982, 'prev_value': 920982, 'change': 10000, 'player_num': 1, 'source': 'base'}
2026-09-13 23:30:04,741 : INFO : SwitchController : <<<<<<< 's_71_spinner_left' inactive >>>>>>>
2026-09-13 23:30:04,757 : INFO : SwitchController : <<<<<<< 's_71_spinner_left' active >>>>>>>
2026-09-13 23:30:04,757 : INFO : EventManager : Event: ======'s_71_spinner_left_active'====== Args={}
2026-09-13 23:30:04,757 : INFO : EventManager : Event: ======'sw_playfield_active'====== Args={}
2026-09-13 23:30:04,757 : INFO : EventManager : Event: ======'sw_spinners'====== Args={}
2026-09-13 23:30:04,757 : INFO : EventManager : Event: ======'machine_var_audits_switches_s_71_spinner_left'====== Args={'value': 2915, 'prev_value': 2914, 'change': 1}
2026-09-13 23:30:04,757 : INFO : SwitchController : <<<<<<< 's_71_spinner_left' inactive >>>>>>>
2026-09-13 23:30:04,758 : INFO : EventManager : Event: ======'machine_var_audits_shots_spinner_left'====== Args={'value': 2911, 'prev_value': 2910, 'change': 1}
2026-09-13 23:30:04,758 : INFO : EventManager : Event: ======'spinner_left_hit'====== Args={'profile': 'default', 'state': 'lit', 'advancing': False}
2026-09-13 23:30:04,758 : INFO : EventManager : Event: ======'spinner_left_default_hit'====== Args={'profile': 'default', 'state': 'lit', 'advancing': False}
2026-09-13 23:30:04,758 : INFO : EventManager : Event: ======'spinner_left_default_lit_hit'====== Args={'profile': 'default', 'state': 'lit', 'advancing': False}
2026-09-13 23:30:04,758 : INFO : EventManager : Event: ======'spinner_left_lit_hit'====== Args={'profile': 'default', 'state': 'lit', 'advancing': False}
2026-09-13 23:30:04,759 : INFO : EventManager : Event: ======'player_score'====== Args={'value': 940982, 'prev_value': 930982, 'change': 10000, 'player_num': 1, 'source': 'base'}
2026-09-13 23:30:04,821 : INFO : SwitchController : <<<<<<< 's_71_spinner_left' active >>>>>>>
2026-09-13 23:30:04,821 : INFO : EventManager : Event: ======'s_71_spinner_left_active'====== Args={}
2026-09-13 23:30:04,821 : INFO : EventManager : Event: ======'sw_playfield_active'====== Args={}
2026-09-13 23:30:04,821 : INFO : EventManager : Event: ======'sw_spinners'====== Args={}
2026-09-13 23:30:04,821 : INFO : EventManager : Event: ======'machine_var_audits_switches_s_71_spinner_left'====== Args={'value': 2916, 'prev_value': 2915, 'change': 1}
2026-09-13 23:30:04,822 : INFO : EventManager : Event: ======'machine_var_audits_shots_spinner_left'====== Args={'value': 2912, 'prev_value': 2911, 'change': 1}
2026-09-13 23:30:04,822 : INFO : EventManager : Event: ======'spinner_left_hit'====== Args={'profile': 'default', 'state': 'lit', 'advancing': False}
2026-09-13 23:30:04,822 : INFO : EventManager : Event: ======'spinner_left_default_hit'====== Args={'profile': 'default', 'state': 'lit', 'advancing': False}
2026-09-13 23:30:04,822 : INFO : EventManager : Event: ======'spinner_left_default_lit_hit'====== Args={'profile': 'default', 'state': 'lit', 'advancing': False}
2026-09-13 23:30:04,822 : INFO : EventManager : Event: ======'spinner_left_lit_hit'====== Args={'profile': 'default', 'state': 'lit', 'advancing': False}
2026-09-13 23:30:04,822 : INFO : EventManager : Event: ======'player_score'====== Args={'value': 950982, 'prev_value': 940982, 'change': 10000, 'player_num': 1, 'source': 'base'}
2026-09-13 23:30:05,235 : INFO : EventManager : Event: ======'player_obey_obey_stage1_timer_tick'====== Args={'value': 166, 'prev_value': 167, 'change': -1, 'player_num': 1}
2026-09-13 23:30:05,235 : INFO : EventManager : Event: ======'timer_obey_stage1_timer_tick'====== Args={'ticks': 166, 'ticks_remaining': 166}
2026-09-13 23:30:05,627 : INFO : SwitchController : <<<<<<< 's_44_spinner_right' inactive >>>>>>>
2026-09-13 23:30:05,675 : INFO : SwitchController : <<<<<<< 's_44_spinner_right' active >>>>>>>
2026-09-13 23:30:05,675 : INFO : EventManager : Event: ======'s_44_spinner_right_active'====== Args={}
2026-09-13 23:30:05,675 : INFO : EventManager : Event: ======'sw_playfield_active'====== Args={}
2026-09-13 23:30:05,675 : INFO : EventManager : Event: ======'sw_spinners'====== Args={}
2026-09-13 23:30:05,675 : INFO : EventManager : Event: ======'machine_var_audits_switches_s_44_spinner_right'====== Args={'value': 2998, 'prev_value': 2997, 'change': 1}
2026-09-13 23:30:05,676 : INFO : EventManager : Event: ======'obey_right_spin'====== Args={'priority': 0}
2026-09-13 23:30:05,676 : INFO : EventManager : Event: ======'player_shot_spinner_right'====== Args={'value': 1, 'prev_value': 0, 'change': 1, 'player_num': 1}
2026-09-13 23:30:05,676 : INFO : EventManager : Event: ======'machine_var_audits_shots_spinner_right'====== Args={'value': 2997, 'prev_value': 2996, 'change': 1}
2026-09-13 23:30:05,677 : INFO : EventManager : Event: ======'spinner_right_hit'====== Args={'profile': 'default', 'state': 'unlit', 'advancing': True}
2026-09-13 23:30:05,677 : INFO : EventManager : Event: ======'spinner_right_default_hit'====== Args={'profile': 'default', 'state': 'unlit', 'advancing': True}
2026-09-13 23:30:05,677 : INFO : EventManager : Event: ======'spinner_right_default_unlit_hit'====== Args={'profile': 'default', 'state': 'unlit', 'advancing': True}
2026-09-13 23:30:05,677 : INFO : EventManager : Event: ======'spinner_right_unlit_hit'====== Args={'profile': 'default', 'state': 'unlit', 'advancing': True}
2026-09-13 23:30:05,677 : INFO : EventManager : Event: ======'player_obey_right_spins'====== Args={'value': 1, 'prev_value': 0, 'change': 1, 'player_num': 1, 'source': 'obey'}
2026-09-13 23:30:05,683 : INFO : EventManager : Event: ======'player_score'====== Args={'value': 960982, 'prev_value': 950982, 'change': 10000, 'player_num': 1, 'source': 'base'}
2026-09-13 23:30:05,693 : INFO : SwitchController : <<<<<<< 's_44_spinner_right' inactive >>>>>>>
2026-09-13 23:30:05,723 : INFO : SwitchController : <<<<<<< 's_44_spinner_right' active >>>>>>>
2026-09-13 23:30:05,723 : INFO : EventManager : Event: ======'s_44_spinner_right_active'====== Args={}
2026-09-13 23:30:05,723 : INFO : EventManager : Event: ======'sw_playfield_active'====== Args={}
2026-09-13 23:30:05,723 : INFO : EventManager : Event: ======'sw_spinners'====== Args={}
2026-09-13 23:30:05,723 : INFO : EventManager : Event: ======'machine_var_audits_switches_s_44_spinner_right'====== Args={'value': 2999, 'prev_value': 2998, 'change': 1}
2026-09-13 23:30:05,724 : INFO : EventManager : Event: ======'obey_right_spin'====== Args={'priority': 0}
2026-09-13 23:30:05,724 : INFO : EventManager : Event: ======'machine_var_audits_shots_spinner_right'====== Args={'value': 2998, 'prev_value': 2997, 'change': 1}
2026-09-13 23:30:05,724 : INFO : EventManager : Event: ======'spinner_right_hit'====== Args={'profile': 'default', 'state': 'lit', 'advancing': False}
2026-09-13 23:30:05,724 : INFO : EventManager : Event: ======'spinner_right_default_hit'====== Args={'profile': 'default', 'state': 'lit', 'advancing': False}
2026-09-13 23:30:05,724 : INFO : EventManager : Event: ======'spinner_right_default_lit_hit'====== Args={'profile': 'default', 'state': 'lit', 'advancing': False}
2026-09-13 23:30:05,724 : INFO : EventManager : Event: ======'spinner_right_lit_hit'====== Args={'profile': 'default', 'state': 'lit', 'advancing': False}
2026-09-13 23:30:05,724 : INFO : EventManager : Event: ======'player_obey_right_spins'====== Args={'value': 2, 'prev_value': 1, 'change': 1, 'player_num': 1, 'source': 'obey'}
2026-09-13 23:30:05,731 : INFO : EventManager : Event: ======'player_score'====== Args={'value': 970982, 'prev_value': 960982, 'change': 10000, 'player_num': 1, 'source': 'base'}
2026-09-13 23:30:05,741 : INFO : SwitchController : <<<<<<< 's_44_spinner_right' inactive >>>>>>>
2026-09-13 23:30:05,772 : INFO : SwitchController : <<<<<<< 's_44_spinner_right' active >>>>>>>
2026-09-13 23:30:05,772 : INFO : EventManager : Event: ======'s_44_spinner_right_active'====== Args={}
2026-09-13 23:30:05,772 : INFO : EventManager : Event: ======'sw_playfield_active'====== Args={}
2026-09-13 23:30:05,773 : INFO : EventManager : Event: ======'sw_spinners'====== Args={}
2026-09-13 23:30:05,773 : INFO : EventManager : Event: ======'machine_var_audits_switches_s_44_spinner_right'====== Args={'value': 3000, 'prev_value': 2999, 'change': 1}
2026-09-13 23:30:05,773 : INFO : EventManager : Event: ======'obey_right_spin'====== Args={'priority': 0}
2026-09-13 23:30:05,773 : INFO : EventManager : Event: ======'machine_var_audits_shots_spinner_right'====== Args={'value': 2999, 'prev_value': 2998, 'change': 1}
2026-09-13 23:30:05,773 : INFO : EventManager : Event: ======'spinner_right_hit'====== Args={'profile': 'default', 'state': 'lit', 'advancing': False}
2026-09-13 23:30:05,773 : INFO : EventManager : Event: ======'spinner_right_default_hit'====== Args={'profile': 'default', 'state': 'lit', 'advancing': False}
2026-09-13 23:30:05,773 : INFO : EventManager : Event: ======'spinner_right_default_lit_hit'====== Args={'profile': 'default', 'state': 'lit', 'advancing': False}
2026-09-13 23:30:05,773 : INFO : EventManager : Event: ======'spinner_right_lit_hit'====== Args={'profile': 'default', 'state': 'lit', 'advancing': False}
2026-09-13 23:30:05,774 : INFO : EventManager : Event: ======'player_obey_right_spins'====== Args={'value': 3, 'prev_value': 2, 'change': 1, 'player_num': 1, 'source': 'obey'}
2026-09-13 23:30:05,780 : INFO : EventManager : Event: ======'player_score'====== Args={'value': 980982, 'prev_value': 970982, 'change': 10000, 'player_num': 1, 'source': 'base'}
2026-09-13 23:30:05,790 : INFO : SwitchController : <<<<<<< 's_44_spinner_right' inactive >>>>>>>
2026-09-13 23:30:05,835 : INFO : SwitchController : <<<<<<< 's_44_spinner_right' active >>>>>>>
2026-09-13 23:30:05,835 : INFO : EventManager : Event: ======'s_44_spinner_right_active'====== Args={}
2026-09-13 23:30:05,835 : INFO : EventManager : Event: ======'sw_playfield_active'====== Args={}
2026-09-13 23:30:05,835 : INFO : EventManager : Event: ======'sw_spinners'====== Args={}
2026-09-13 23:30:05,835 : INFO : EventManager : Event: ======'machine_var_audits_switches_s_44_spinner_right'====== Args={'value': 3001, 'prev_value': 3000, 'change': 1}
2026-09-13 23:30:05,836 : INFO : EventManager : Event: ======'obey_right_spin'====== Args={'priority': 0}
2026-09-13 23:30:05,836 : INFO : EventManager : Event: ======'machine_var_audits_shots_spinner_right'====== Args={'value': 3000, 'prev_value': 2999, 'change': 1}
2026-09-13 23:30:05,836 : INFO : EventManager : Event: ======'spinner_right_hit'====== Args={'profile': 'default', 'state': 'lit', 'advancing': False}
2026-09-13 23:30:05,836 : INFO : EventManager : Event: ======'spinner_right_default_hit'====== Args={'profile': 'default', 'state': 'lit', 'advancing': False}
2026-09-13 23:30:05,836 : INFO : EventManager : Event: ======'spinner_right_default_lit_hit'====== Args={'profile': 'default', 'state': 'lit', 'advancing': False}
2026-09-13 23:30:05,836 : INFO : EventManager : Event: ======'spinner_right_lit_hit'====== Args={'profile': 'default', 'state': 'lit', 'advancing': False}
2026-09-13 23:30:05,836 : INFO : EventManager : Event: ======'player_obey_right_spins'====== Args={'value': 4, 'prev_value': 3, 'change': 1, 'player_num': 1, 'source': 'obey'}
2026-09-13 23:30:05,842 : INFO : EventManager : Event: ======'player_score'====== Args={'value': 990982, 'prev_value': 980982, 'change': 10000, 'player_num': 1, 'source': 'base'}
2026-09-13 23:30:05,849 : INFO : SwitchController : <<<<<<< 's_44_spinner_right' inactive >>>>>>>
2026-09-13 23:30:05,883 : INFO : SwitchController : <<<<<<< 's_44_spinner_right' active >>>>>>>
2026-09-13 23:30:05,883 : INFO : EventManager : Event: ======'s_44_spinner_right_active'====== Args={}
2026-09-13 23:30:05,883 : INFO : EventManager : Event: ======'sw_playfield_active'====== Args={}
2026-09-13 23:30:05,883 : INFO : EventManager : Event: ======'sw_spinners'====== Args={}
2026-09-13 23:30:05,883 : INFO : EventManager : Event: ======'machine_var_audits_switches_s_44_spinner_right'====== Args={'value': 3002, 'prev_value': 3001, 'change': 1}
2026-09-13 23:30:05,884 : INFO : EventManager : Event: ======'obey_right_spin'====== Args={'priority': 0}
2026-09-13 23:30:05,884 : INFO : EventManager : Event: ======'machine_var_audits_shots_spinner_right'====== Args={'value': 3001, 'prev_value': 3000, 'change': 1}
2026-09-13 23:30:05,884 : INFO : EventManager : Event: ======'spinner_right_hit'====== Args={'profile': 'default', 'state': 'lit', 'advancing': False}
2026-09-13 23:30:05,884 : INFO : EventManager : Event: ======'spinner_right_default_hit'====== Args={'profile': 'default', 'state': 'lit', 'advancing': False}
2026-09-13 23:30:05,884 : INFO : EventManager : Event: ======'spinner_right_default_lit_hit'====== Args={'profile': 'default', 'state': 'lit', 'advancing': False}
2026-09-13 23:30:05,884 : INFO : EventManager : Event: ======'spinner_right_lit_hit'====== Args={'profile': 'default', 'state': 'lit', 'advancing': False}
2026-09-13 23:30:05,884 : INFO : EventManager : Event: ======'player_obey_right_spins'====== Args={'value': 5, 'prev_value': 4, 'change': 1, 'player_num': 1, 'source': 'obey'}
2026-09-13 23:30:05,890 : INFO : EventManager : Event: ======'player_score'====== Args={'value': 1000982, 'prev_value': 990982, 'change': 10000, 'player_num': 1, 'source': 'base'}
2026-09-13 23:30:05,902 : INFO : SwitchController : <<<<<<< 's_44_spinner_right' inactive >>>>>>>
2026-09-13 23:30:05,946 : INFO : SwitchController : <<<<<<< 's_44_spinner_right' active >>>>>>>
2026-09-13 23:30:05,946 : INFO : EventManager : Event: ======'s_44_spinner_right_active'====== Args={}
2026-09-13 23:30:05,946 : INFO : EventManager : Event: ======'sw_playfield_active'====== Args={}
2026-09-13 23:30:05,946 : INFO : EventManager : Event: ======'sw_spinners'====== Args={}
2026-09-13 23:30:05,946 : INFO : EventManager : Event: ======'machine_var_audits_switches_s_44_spinner_right'====== Args={'value': 3003, 'prev_value': 3002, 'change': 1}
2026-09-13 23:30:05,947 : INFO : EventManager : Event: ======'obey_right_spin'====== Args={'priority': 0}
2026-09-13 23:30:05,947 : INFO : EventManager : Event: ======'machine_var_audits_shots_spinner_right'====== Args={'value': 3002, 'prev_value': 3001, 'change': 1}
2026-09-13 23:30:05,947 : INFO : EventManager : Event: ======'spinner_right_hit'====== Args={'profile': 'default', 'state': 'lit', 'advancing': False}
2026-09-13 23:30:05,947 : INFO : EventManager : Event: ======'spinner_right_default_hit'====== Args={'profile': 'default', 'state': 'lit', 'advancing': False}
2026-09-13 23:30:05,947 : INFO : EventManager : Event: ======'spinner_right_default_lit_hit'====== Args={'profile': 'default', 'state': 'lit', 'advancing': False}
2026-09-13 23:30:05,947 : INFO : EventManager : Event: ======'spinner_right_lit_hit'====== Args={'profile': 'default', 'state': 'lit', 'advancing': False}
2026-09-13 23:30:05,947 : INFO : EventManager : Event: ======'player_obey_right_spins'====== Args={'value': 6, 'prev_value': 5, 'change': 1, 'player_num': 1, 'source': 'obey'}
2026-09-13 23:30:05,953 : INFO : EventManager : Event: ======'player_score'====== Args={'value': 1010982, 'prev_value': 1000982, 'change': 10000, 'player_num': 1, 'source': 'base'}
2026-09-13 23:30:05,964 : INFO : SwitchController : <<<<<<< 's_44_spinner_right' inactive >>>>>>>
2026-09-13 23:30:05,994 : INFO : SwitchController : <<<<<<< 's_44_spinner_right' active >>>>>>>
2026-09-13 23:30:05,994 : INFO : EventManager : Event: ======'s_44_spinner_right_active'====== Args={}
2026-09-13 23:30:05,994 : INFO : EventManager : Event: ======'sw_playfield_active'====== Args={}
2026-09-13 23:30:05,995 : INFO : EventManager : Event: ======'sw_spinners'====== Args={}
2026-09-13 23:30:05,995 : INFO : EventManager : Event: ======'machine_var_audits_switches_s_44_spinner_right'====== Args={'value': 3004, 'prev_value': 3003, 'change': 1}
2026-09-13 23:30:05,995 : INFO : EventManager : Event: ======'obey_right_spin'====== Args={'priority': 0}
2026-09-13 23:30:05,995 : INFO : EventManager : Event: ======'machine_var_audits_shots_spinner_right'====== Args={'value': 3003, 'prev_value': 3002, 'change': 1}
2026-09-13 23:30:05,995 : INFO : EventManager : Event: ======'spinner_right_hit'====== Args={'profile': 'default', 'state': 'lit', 'advancing': False}
2026-09-13 23:30:05,995 : INFO : EventManager : Event: ======'spinner_right_default_hit'====== Args={'profile': 'default', 'state': 'lit', 'advancing': False}
2026-09-13 23:30:05,995 : INFO : EventManager : Event: ======'spinner_right_default_lit_hit'====== Args={'profile': 'default', 'state': 'lit', 'advancing': False}
2026-09-13 23:30:05,996 : INFO : EventManager : Event: ======'spinner_right_lit_hit'====== Args={'profile': 'default', 'state': 'lit', 'advancing': False}
2026-09-13 23:30:05,996 : INFO : EventManager : Event: ======'player_obey_right_spins'====== Args={'value': 7, 'prev_value': 6, 'change': 1, 'player_num': 1, 'source': 'obey'}
2026-09-13 23:30:06,001 : INFO : EventManager : Event: ======'player_score'====== Args={'value': 1020982, 'prev_value': 1010982, 'change': 10000, 'player_num': 1, 'source': 'base'}
2026-09-13 23:30:06,011 : INFO : SwitchController : <<<<<<< 's_44_spinner_right' inactive >>>>>>>
2026-09-13 23:30:06,045 : INFO : SwitchController : <<<<<<< 's_44_spinner_right' active >>>>>>>
2026-09-13 23:30:06,045 : INFO : EventManager : Event: ======'s_44_spinner_right_active'====== Args={}
2026-09-13 23:30:06,046 : INFO : EventManager : Event: ======'sw_playfield_active'====== Args={}
2026-09-13 23:30:06,046 : INFO : EventManager : Event: ======'sw_spinners'====== Args={}
2026-09-13 23:30:06,046 : INFO : EventManager : Event: ======'machine_var_audits_switches_s_44_spinner_right'====== Args={'value': 3005, 'prev_value': 3004, 'change': 1}
2026-09-13 23:30:06,046 : INFO : EventManager : Event: ======'obey_right_spin'====== Args={'priority': 0}
2026-09-13 23:30:06,046 : INFO : EventManager : Event: ======'machine_var_audits_shots_spinner_right'====== Args={'value': 3004, 'prev_value': 3003, 'change': 1}
2026-09-13 23:30:06,047 : INFO : EventManager : Event: ======'spinner_right_hit'====== Args={'profile': 'default', 'state': 'lit', 'advancing': False}
2026-09-13 23:30:06,047 : INFO : EventManager : Event: ======'spinner_right_default_hit'====== Args={'profile': 'default', 'state': 'lit', 'advancing': False}
2026-09-13 23:30:06,047 : INFO : EventManager : Event: ======'spinner_right_default_lit_hit'====== Args={'profile': 'default', 'state': 'lit', 'advancing': False}
2026-09-13 23:30:06,047 : INFO : EventManager : Event: ======'spinner_right_lit_hit'====== Args={'profile': 'default', 'state': 'lit', 'advancing': False}
2026-09-13 23:30:06,047 : INFO : EventManager : Event: ======'player_obey_right_spins'====== Args={'value': 8, 'prev_value': 7, 'change': 1, 'player_num': 1, 'source': 'obey'}
2026-09-13 23:30:06,052 : INFO : EventManager : Event: ======'player_score'====== Args={'value': 1030982, 'prev_value': 1020982, 'change': 10000, 'player_num': 1, 'source': 'base'}
2026-09-13 23:30:06,063 : INFO : SwitchController : <<<<<<< 's_44_spinner_right' inactive >>>>>>>
2026-09-13 23:30:06,119 : INFO : SwitchController : <<<<<<< 's_44_spinner_right' active >>>>>>>
2026-09-13 23:30:06,119 : INFO : EventManager : Event: ======'s_44_spinner_right_active'====== Args={}
2026-09-13 23:30:06,119 : INFO : EventManager : Event: ======'sw_playfield_active'====== Args={}
2026-09-13 23:30:06,119 : INFO : EventManager : Event: ======'sw_spinners'====== Args={}
2026-09-13 23:30:06,119 : INFO : EventManager : Event: ======'machine_var_audits_switches_s_44_spinner_right'====== Args={'value': 3006, 'prev_value': 3005, 'change': 1}
2026-09-13 23:30:06,120 : INFO : EventManager : Event: ======'obey_right_spin'====== Args={'priority': 0}
2026-09-13 23:30:06,120 : INFO : EventManager : Event: ======'machine_var_audits_shots_spinner_right'====== Args={'value': 3005, 'prev_value': 3004, 'change': 1}
2026-09-13 23:30:06,120 : INFO : EventManager : Event: ======'spinner_right_hit'====== Args={'profile': 'default', 'state': 'lit', 'advancing': False}
2026-09-13 23:30:06,120 : INFO : EventManager : Event: ======'spinner_right_default_hit'====== Args={'profile': 'default', 'state': 'lit', 'advancing': False}
2026-09-13 23:30:06,120 : INFO : EventManager : Event: ======'spinner_right_default_lit_hit'====== Args={'profile': 'default', 'state': 'lit', 'advancing': False}
2026-09-13 23:30:06,120 : INFO : EventManager : Event: ======'spinner_right_lit_hit'====== Args={'profile': 'default', 'state': 'lit', 'advancing': False}
2026-09-13 23:30:06,120 : INFO : EventManager : Event: ======'player_obey_right_spins'====== Args={'value': 9, 'prev_value': 8, 'change': 1, 'player_num': 1, 'source': 'obey'}
2026-09-13 23:30:06,127 : INFO : EventManager : Event: ======'player_score'====== Args={'value': 1040982, 'prev_value': 1030982, 'change': 10000, 'player_num': 1, 'source': 'base'}
2026-09-13 23:30:06,137 : INFO : SwitchController : <<<<<<< 's_44_spinner_right' inactive >>>>>>>
2026-09-13 23:30:06,182 : INFO : SwitchController : <<<<<<< 's_44_spinner_right' active >>>>>>>
2026-09-13 23:30:06,182 : INFO : EventManager : Event: ======'s_44_spinner_right_active'====== Args={}
2026-09-13 23:30:06,182 : INFO : EventManager : Event: ======'sw_playfield_active'====== Args={}
2026-09-13 23:30:06,182 : INFO : EventManager : Event: ======'sw_spinners'====== Args={}
2026-09-13 23:30:06,182 : INFO : EventManager : Event: ======'machine_var_audits_switches_s_44_spinner_right'====== Args={'value': 3007, 'prev_value': 3006, 'change': 1}
2026-09-13 23:30:06,183 : INFO : EventManager : Event: ======'obey_right_spin'====== Args={'priority': 0}
2026-09-13 23:30:06,183 : INFO : EventManager : Event: ======'machine_var_audits_shots_spinner_right'====== Args={'value': 3006, 'prev_value': 3005, 'change': 1}
2026-09-13 23:30:06,183 : INFO : EventManager : Event: ======'spinner_right_hit'====== Args={'profile': 'default', 'state': 'lit', 'advancing': False}
2026-09-13 23:30:06,183 : INFO : EventManager : Event: ======'spinner_right_default_hit'====== Args={'profile': 'default', 'state': 'lit', 'advancing': False}
2026-09-13 23:30:06,183 : INFO : EventManager : Event: ======'spinner_right_default_lit_hit'====== Args={'profile': 'default', 'state': 'lit', 'advancing': False}
2026-09-13 23:30:06,183 : INFO : EventManager : Event: ======'spinner_right_lit_hit'====== Args={'profile': 'default', 'state': 'lit', 'advancing': False}
2026-09-13 23:30:06,184 : INFO : EventManager : Event: ======'player_obey_right_spins'====== Args={'value': 10, 'prev_value': 9, 'change': 1, 'player_num': 1, 'source': 'obey'}
2026-09-13 23:30:06,189 : INFO : EventManager : Event: ======'player_score'====== Args={'value': 1050982, 'prev_value': 1040982, 'change': 10000, 'player_num': 1, 'source': 'base'}
2026-09-13 23:30:06,201 : INFO : SwitchController : <<<<<<< 's_44_spinner_right' inactive >>>>>>>
2026-09-13 23:30:06,229 : INFO : SwitchController : <<<<<<< 's_44_spinner_right' active >>>>>>>
2026-09-13 23:30:06,229 : INFO : EventManager : Event: ======'s_44_spinner_right_active'====== Args={}
2026-09-13 23:30:06,229 : INFO : EventManager : Event: ======'sw_playfield_active'====== Args={}
2026-09-13 23:30:06,229 : INFO : EventManager : Event: ======'sw_spinners'====== Args={}
2026-09-13 23:30:06,229 : INFO : EventManager : Event: ======'machine_var_audits_switches_s_44_spinner_right'====== Args={'value': 3008, 'prev_value': 3007, 'change': 1}
2026-09-13 23:30:06,230 : INFO : EventManager : Event: ======'obey_right_spin'====== Args={'priority': 0}
2026-09-13 23:30:06,230 : INFO : EventManager : Event: ======'machine_var_audits_shots_spinner_right'====== Args={'value': 3007, 'prev_value': 3006, 'change': 1}
2026-09-13 23:30:06,230 : INFO : EventManager : Event: ======'spinner_right_hit'====== Args={'profile': 'default', 'state': 'lit', 'advancing': False}
2026-09-13 23:30:06,230 : INFO : EventManager : Event: ======'spinner_right_default_hit'====== Args={'profile': 'default', 'state': 'lit', 'advancing': False}
2026-09-13 23:30:06,230 : INFO : EventManager : Event: ======'spinner_right_default_lit_hit'====== Args={'profile': 'default', 'state': 'lit', 'advancing': False}
2026-09-13 23:30:06,230 : INFO : EventManager : Event: ======'spinner_right_lit_hit'====== Args={'profile': 'default', 'state': 'lit', 'advancing': False}
2026-09-13 23:30:06,230 : INFO : EventManager : Event: ======'player_obey_right_spins'====== Args={'value': 11, 'prev_value': 10, 'change': 1, 'player_num': 1, 'source': 'obey'}
2026-09-13 23:30:06,236 : INFO : EventManager : Event: ======'player_score'====== Args={'value': 1060982, 'prev_value': 1050982, 'change': 10000, 'player_num': 1, 'source': 'base'}
2026-09-13 23:30:06,246 : INFO : EventManager : Event: ======'player_obey_obey_stage1_timer_tick'====== Args={'value': 165, 'prev_value': 166, 'change': -1, 'player_num': 1}
2026-09-13 23:30:06,246 : INFO : EventManager : Event: ======'timer_obey_stage1_timer_tick'====== Args={'ticks': 165, 'ticks_remaining': 165}
2026-09-13 23:30:06,254 : INFO : SwitchController : <<<<<<< 's_44_spinner_right' inactive >>>>>>>
2026-09-13 23:30:06,292 : INFO : SwitchController : <<<<<<< 's_44_spinner_right' active >>>>>>>
2026-09-13 23:30:06,292 : INFO : EventManager : Event: ======'s_44_spinner_right_active'====== Args={}
2026-09-13 23:30:06,292 : INFO : EventManager : Event: ======'sw_playfield_active'====== Args={}
2026-09-13 23:30:06,292 : INFO : EventManager : Event: ======'sw_spinners'====== Args={}
2026-09-13 23:30:06,293 : INFO : EventManager : Event: ======'machine_var_audits_switches_s_44_spinner_right'====== Args={'value': 3009, 'prev_value': 3008, 'change': 1}
2026-09-13 23:30:06,293 : INFO : EventManager : Event: ======'obey_right_spin'====== Args={'priority': 0}
2026-09-13 23:30:06,293 : INFO : EventManager : Event: ======'machine_var_audits_shots_spinner_right'====== Args={'value': 3008, 'prev_value': 3007, 'change': 1}
2026-09-13 23:30:06,293 : INFO : EventManager : Event: ======'spinner_right_hit'====== Args={'profile': 'default', 'state': 'lit', 'advancing': False}
2026-09-13 23:30:06,294 : INFO : EventManager : Event: ======'spinner_right_default_hit'====== Args={'profile': 'default', 'state': 'lit', 'advancing': False}
2026-09-13 23:30:06,294 : INFO : EventManager : Event: ======'spinner_right_default_lit_hit'====== Args={'profile': 'default', 'state': 'lit', 'advancing': False}
2026-09-13 23:30:06,294 : INFO : EventManager : Event: ======'spinner_right_lit_hit'====== Args={'profile': 'default', 'state': 'lit', 'advancing': False}
2026-09-13 23:30:06,294 : INFO : EventManager : Event: ======'player_obey_right_spins'====== Args={'value': 12, 'prev_value': 11, 'change': 1, 'player_num': 1, 'source': 'obey'}
2026-09-13 23:30:06,300 : INFO : EventManager : Event: ======'player_score'====== Args={'value': 1070982, 'prev_value': 1060982, 'change': 10000, 'player_num': 1, 'source': 'base'}
2026-09-13 23:30:06,310 : INFO : SwitchController : <<<<<<< 's_44_spinner_right' inactive >>>>>>>
2026-09-13 23:30:06,356 : INFO : SwitchController : <<<<<<< 's_44_spinner_right' active >>>>>>>
2026-09-13 23:30:06,356 : INFO : EventManager : Event: ======'s_44_spinner_right_active'====== Args={}
2026-09-13 23:30:06,356 : INFO : EventManager : Event: ======'sw_playfield_active'====== Args={}
2026-09-13 23:30:06,356 : INFO : EventManager : Event: ======'sw_spinners'====== Args={}
2026-09-13 23:30:06,356 : INFO : EventManager : Event: ======'machine_var_audits_switches_s_44_spinner_right'====== Args={'value': 3010, 'prev_value': 3009, 'change': 1}
2026-09-13 23:30:06,357 : INFO : EventManager : Event: ======'obey_right_spin'====== Args={'priority': 0}
2026-09-13 23:30:06,357 : INFO : EventManager : Event: ======'machine_var_audits_shots_spinner_right'====== Args={'value': 3009, 'prev_value': 3008, 'change': 1}
2026-09-13 23:30:06,357 : INFO : EventManager : Event: ======'spinner_right_hit'====== Args={'profile': 'default', 'state': 'lit', 'advancing': False}
2026-09-13 23:30:06,357 : INFO : EventManager : Event: ======'spinner_right_default_hit'====== Args={'profile': 'default', 'state': 'lit', 'advancing': False}
2026-09-13 23:30:06,357 : INFO : EventManager : Event: ======'spinner_right_default_lit_hit'====== Args={'profile': 'default', 'state': 'lit', 'advancing': False}
2026-09-13 23:30:06,357 : INFO : EventManager : Event: ======'spinner_right_lit_hit'====== Args={'profile': 'default', 'state': 'lit', 'advancing': False}
2026-09-13 23:30:06,357 : INFO : EventManager : Event: ======'player_obey_right_spins'====== Args={'value': 13, 'prev_value': 12, 'change': 1, 'player_num': 1, 'source': 'obey'}
2026-09-13 23:30:06,364 : INFO : EventManager : Event: ======'player_score'====== Args={'value': 1080982, 'prev_value': 1070982, 'change': 10000, 'player_num': 1, 'source': 'base'}
2026-09-13 23:30:06,390 : INFO : SwitchController : <<<<<<< 's_44_spinner_right' inactive >>>>>>>
2026-09-13 23:30:06,436 : INFO : SwitchController : <<<<<<< 's_44_spinner_right' active >>>>>>>
2026-09-13 23:30:06,436 : INFO : EventManager : Event: ======'s_44_spinner_right_active'====== Args={}
2026-09-13 23:30:06,436 : INFO : EventManager : Event: ======'sw_playfield_active'====== Args={}
2026-09-13 23:30:06,436 : INFO : EventManager : Event: ======'sw_spinners'====== Args={}
2026-09-13 23:30:06,436 : INFO : EventManager : Event: ======'machine_var_audits_switches_s_44_spinner_right'====== Args={'value': 3011, 'prev_value': 3010, 'change': 1}
2026-09-13 23:30:06,437 : INFO : EventManager : Event: ======'obey_right_spin'====== Args={'priority': 0}
2026-09-13 23:30:06,437 : INFO : EventManager : Event: ======'machine_var_audits_shots_spinner_right'====== Args={'value': 3010, 'prev_value': 3009, 'change': 1}
2026-09-13 23:30:06,437 : INFO : EventManager : Event: ======'spinner_right_hit'====== Args={'profile': 'default', 'state': 'lit', 'advancing': False}
2026-09-13 23:30:06,437 : INFO : EventManager : Event: ======'spinner_right_default_hit'====== Args={'profile': 'default', 'state': 'lit', 'advancing': False}
2026-09-13 23:30:06,437 : INFO : EventManager : Event: ======'spinner_right_default_lit_hit'====== Args={'profile': 'default', 'state': 'lit', 'advancing': False}
2026-09-13 23:30:06,437 : INFO : EventManager : Event: ======'spinner_right_lit_hit'====== Args={'profile': 'default', 'state': 'lit', 'advancing': False}
2026-09-13 23:30:06,437 : INFO : EventManager : Event: ======'player_obey_right_spins'====== Args={'value': 14, 'prev_value': 13, 'change': 1, 'player_num': 1, 'source': 'obey'}
2026-09-13 23:30:06,444 : INFO : EventManager : Event: ======'player_score'====== Args={'value': 1090982, 'prev_value': 1080982, 'change': 10000, 'player_num': 1, 'source': 'base'}
2026-09-13 23:30:06,454 : INFO : SwitchController : <<<<<<< 's_44_spinner_right' inactive >>>>>>>
2026-09-13 23:30:06,500 : INFO : SwitchController : <<<<<<< 's_44_spinner_right' active >>>>>>>
2026-09-13 23:30:06,500 : INFO : EventManager : Event: ======'s_44_spinner_right_active'====== Args={}
2026-09-13 23:30:06,500 : INFO : EventManager : Event: ======'sw_playfield_active'====== Args={}
2026-09-13 23:30:06,500 : INFO : EventManager : Event: ======'sw_spinners'====== Args={}
2026-09-13 23:30:06,500 : INFO : EventManager : Event: ======'machine_var_audits_switches_s_44_spinner_right'====== Args={'value': 3012, 'prev_value': 3011, 'change': 1}
2026-09-13 23:30:06,501 : INFO : EventManager : Event: ======'obey_right_spin'====== Args={'priority': 0}
2026-09-13 23:30:06,501 : INFO : EventManager : Event: ======'machine_var_audits_shots_spinner_right'====== Args={'value': 3011, 'prev_value': 3010, 'change': 1}
2026-09-13 23:30:06,501 : INFO : EventManager : Event: ======'spinner_right_hit'====== Args={'profile': 'default', 'state': 'lit', 'advancing': False}
2026-09-13 23:30:06,501 : INFO : EventManager : Event: ======'spinner_right_default_hit'====== Args={'profile': 'default', 'state': 'lit', 'advancing': False}
2026-09-13 23:30:06,501 : INFO : EventManager : Event: ======'spinner_right_default_lit_hit'====== Args={'profile': 'default', 'state': 'lit', 'advancing': False}
2026-09-13 23:30:06,501 : INFO : EventManager : Event: ======'spinner_right_lit_hit'====== Args={'profile': 'default', 'state': 'lit', 'advancing': False}
2026-09-13 23:30:06,502 : INFO : EventManager : Event: ======'player_obey_right_spins'====== Args={'value': 15, 'prev_value': 14, 'change': 1, 'player_num': 1, 'source': 'obey'}
2026-09-13 23:30:06,507 : INFO : EventManager : Event: ======'player_score'====== Args={'value': 1100982, 'prev_value': 1090982, 'change': 10000, 'player_num': 1, 'source': 'base'}
2026-09-13 23:30:06,518 : INFO : SwitchController : <<<<<<< 's_44_spinner_right' inactive >>>>>>>
2026-09-13 23:30:06,579 : INFO : SwitchController : <<<<<<< 's_44_spinner_right' active >>>>>>>
2026-09-13 23:30:06,579 : INFO : EventManager : Event: ======'s_44_spinner_right_active'====== Args={}
2026-09-13 23:30:06,579 : INFO : EventManager : Event: ======'sw_playfield_active'====== Args={}
2026-09-13 23:30:06,579 : INFO : EventManager : Event: ======'sw_spinners'====== Args={}
2026-09-13 23:30:06,579 : INFO : EventManager : Event: ======'machine_var_audits_switches_s_44_spinner_right'====== Args={'value': 3013, 'prev_value': 3012, 'change': 1}
2026-09-13 23:30:06,580 : INFO : EventManager : Event: ======'obey_right_spin'====== Args={'priority': 0}
2026-09-13 23:30:06,580 : INFO : EventManager : Event: ======'machine_var_audits_shots_spinner_right'====== Args={'value': 3012, 'prev_value': 3011, 'change': 1}
2026-09-13 23:30:06,580 : INFO : EventManager : Event: ======'spinner_right_hit'====== Args={'profile': 'default', 'state': 'lit', 'advancing': False}
2026-09-13 23:30:06,580 : INFO : EventManager : Event: ======'spinner_right_default_hit'====== Args={'profile': 'default', 'state': 'lit', 'advancing': False}
2026-09-13 23:30:06,580 : INFO : EventManager : Event: ======'spinner_right_default_lit_hit'====== Args={'profile': 'default', 'state': 'lit', 'advancing': False}
2026-09-13 23:30:06,580 : INFO : EventManager : Event: ======'spinner_right_lit_hit'====== Args={'profile': 'default', 'state': 'lit', 'advancing': False}
2026-09-13 23:30:06,580 : INFO : EventManager : Event: ======'player_obey_right_spins'====== Args={'value': 16, 'prev_value': 15, 'change': 1, 'player_num': 1, 'source': 'obey'}
2026-09-13 23:30:06,586 : INFO : EventManager : Event: ======'player_score'====== Args={'value': 1110982, 'prev_value': 1100982, 'change': 10000, 'player_num': 1, 'source': 'base'}
2026-09-13 23:30:06,597 : INFO : SwitchController : <<<<<<< 's_44_spinner_right' inactive >>>>>>>
2026-09-13 23:30:06,644 : INFO : SwitchController : <<<<<<< 's_44_spinner_right' active >>>>>>>
2026-09-13 23:30:06,644 : INFO : EventManager : Event: ======'s_44_spinner_right_active'====== Args={}
2026-09-13 23:30:06,644 : INFO : EventManager : Event: ======'sw_playfield_active'====== Args={}
2026-09-13 23:30:06,644 : INFO : EventManager : Event: ======'sw_spinners'====== Args={}
2026-09-13 23:30:06,644 : INFO : EventManager : Event: ======'machine_var_audits_switches_s_44_spinner_right'====== Args={'value': 3014, 'prev_value': 3013, 'change': 1}
2026-09-13 23:30:06,645 : INFO : EventManager : Event: ======'obey_right_spin'====== Args={'priority': 0}
2026-09-13 23:30:06,645 : INFO : EventManager : Event: ======'machine_var_audits_shots_spinner_right'====== Args={'value': 3013, 'prev_value': 3012, 'change': 1}
2026-09-13 23:30:06,645 : INFO : EventManager : Event: ======'spinner_right_hit'====== Args={'profile': 'default', 'state': 'lit', 'advancing': False}
2026-09-13 23:30:06,645 : INFO : EventManager : Event: ======'spinner_right_default_hit'====== Args={'profile': 'default', 'state': 'lit', 'advancing': False}
2026-09-13 23:30:06,645 : INFO : EventManager : Event: ======'spinner_right_default_lit_hit'====== Args={'profile': 'default', 'state': 'lit', 'advancing': False}
2026-09-13 23:30:06,646 : INFO : EventManager : Event: ======'spinner_right_lit_hit'====== Args={'profile': 'default', 'state': 'lit', 'advancing': False}
2026-09-13 23:30:06,646 : INFO : EventManager : Event: ======'player_obey_right_spins'====== Args={'value': 17, 'prev_value': 16, 'change': 1, 'player_num': 1, 'source': 'obey'}
2026-09-13 23:30:06,651 : INFO : EventManager : Event: ======'player_score'====== Args={'value': 1120982, 'prev_value': 1110982, 'change': 10000, 'player_num': 1, 'source': 'base'}
2026-09-13 23:30:06,662 : INFO : SwitchController : <<<<<<< 's_44_spinner_right' inactive >>>>>>>
2026-09-13 23:30:06,721 : INFO : SwitchController : <<<<<<< 's_44_spinner_right' active >>>>>>>
2026-09-13 23:30:06,721 : INFO : EventManager : Event: ======'s_44_spinner_right_active'====== Args={}
2026-09-13 23:30:06,721 : INFO : EventManager : Event: ======'sw_playfield_active'====== Args={}
2026-09-13 23:30:06,721 : INFO : EventManager : Event: ======'sw_spinners'====== Args={}
2026-09-13 23:30:06,721 : INFO : EventManager : Event: ======'machine_var_audits_switches_s_44_spinner_right'====== Args={'value': 3015, 'prev_value': 3014, 'change': 1}
2026-09-13 23:30:06,722 : INFO : EventManager : Event: ======'obey_right_spin'====== Args={'priority': 0}
2026-09-13 23:30:06,722 : INFO : EventManager : Event: ======'machine_var_audits_shots_spinner_right'====== Args={'value': 3014, 'prev_value': 3013, 'change': 1}
2026-09-13 23:30:06,722 : INFO : EventManager : Event: ======'spinner_right_hit'====== Args={'profile': 'default', 'state': 'lit', 'advancing': False}
2026-09-13 23:30:06,722 : INFO : EventManager : Event: ======'spinner_right_default_hit'====== Args={'profile': 'default', 'state': 'lit', 'advancing': False}
2026-09-13 23:30:06,722 : INFO : EventManager : Event: ======'spinner_right_default_lit_hit'====== Args={'profile': 'default', 'state': 'lit', 'advancing': False}
2026-09-13 23:30:06,722 : INFO : EventManager : Event: ======'spinner_right_lit_hit'====== Args={'profile': 'default', 'state': 'lit', 'advancing': False}
2026-09-13 23:30:06,722 : INFO : EventManager : Event: ======'player_obey_right_spins'====== Args={'value': 18, 'prev_value': 17, 'change': 1, 'player_num': 1, 'source': 'obey'}
2026-09-13 23:30:06,729 : INFO : EventManager : Event: ======'player_score'====== Args={'value': 1130982, 'prev_value': 1120982, 'change': 10000, 'player_num': 1, 'source': 'base'}
2026-09-13 23:30:06,738 : INFO : SwitchController : <<<<<<< 's_44_spinner_right' inactive >>>>>>>
2026-09-13 23:30:06,800 : INFO : SwitchController : <<<<<<< 's_44_spinner_right' active >>>>>>>
2026-09-13 23:30:06,800 : INFO : EventManager : Event: ======'s_44_spinner_right_active'====== Args={}
2026-09-13 23:30:06,800 : INFO : EventManager : Event: ======'sw_playfield_active'====== Args={}
2026-09-13 23:30:06,800 : INFO : EventManager : Event: ======'sw_spinners'====== Args={}
2026-09-13 23:30:06,800 : INFO : EventManager : Event: ======'machine_var_audits_switches_s_44_spinner_right'====== Args={'value': 3016, 'prev_value': 3015, 'change': 1}
2026-09-13 23:30:06,801 : INFO : EventManager : Event: ======'obey_right_spin'====== Args={'priority': 0}
2026-09-13 23:30:06,801 : INFO : EventManager : Event: ======'machine_var_audits_shots_spinner_right'====== Args={'value': 3015, 'prev_value': 3014, 'change': 1}
2026-09-13 23:30:06,801 : INFO : EventManager : Event: ======'spinner_right_hit'====== Args={'profile': 'default', 'state': 'lit', 'advancing': False}
2026-09-13 23:30:06,801 : INFO : EventManager : Event: ======'spinner_right_default_hit'====== Args={'profile': 'default', 'state': 'lit', 'advancing': False}
2026-09-13 23:30:06,801 : INFO : EventManager : Event: ======'spinner_right_default_lit_hit'====== Args={'profile': 'default', 'state': 'lit', 'advancing': False}
2026-09-13 23:30:06,801 : INFO : EventManager : Event: ======'spinner_right_lit_hit'====== Args={'profile': 'default', 'state': 'lit', 'advancing': False}
2026-09-13 23:30:06,802 : INFO : EventManager : Event: ======'player_obey_right_spins'====== Args={'value': 19, 'prev_value': 18, 'change': 1, 'player_num': 1, 'source': 'obey'}
2026-09-13 23:30:06,807 : INFO : EventManager : Event: ======'player_score'====== Args={'value': 1140982, 'prev_value': 1130982, 'change': 10000, 'player_num': 1, 'source': 'base'}
2026-09-13 23:30:06,818 : INFO : SwitchController : <<<<<<< 's_44_spinner_right' inactive >>>>>>>
2026-09-13 23:30:06,879 : INFO : SwitchController : <<<<<<< 's_44_spinner_right' active >>>>>>>
2026-09-13 23:30:06,879 : INFO : EventManager : Event: ======'s_44_spinner_right_active'====== Args={}
2026-09-13 23:30:06,879 : INFO : EventManager : Event: ======'sw_playfield_active'====== Args={}
2026-09-13 23:30:06,879 : INFO : EventManager : Event: ======'sw_spinners'====== Args={}
2026-09-13 23:30:06,879 : INFO : EventManager : Event: ======'machine_var_audits_switches_s_44_spinner_right'====== Args={'value': 3017, 'prev_value': 3016, 'change': 1}
2026-09-13 23:30:06,880 : INFO : EventManager : Event: ======'obey_right_spin'====== Args={'priority': 0}
2026-09-13 23:30:06,880 : INFO : EventManager : Event: ======'machine_var_audits_shots_spinner_right'====== Args={'value': 3016, 'prev_value': 3015, 'change': 1}
2026-09-13 23:30:06,880 : INFO : EventManager : Event: ======'spinner_right_hit'====== Args={'profile': 'default', 'state': 'lit', 'advancing': False}
2026-09-13 23:30:06,880 : INFO : EventManager : Event: ======'spinner_right_default_hit'====== Args={'profile': 'default', 'state': 'lit', 'advancing': False}
2026-09-13 23:30:06,880 : INFO : EventManager : Event: ======'spinner_right_default_lit_hit'====== Args={'profile': 'default', 'state': 'lit', 'advancing': False}
2026-09-13 23:30:06,880 : INFO : EventManager : Event: ======'spinner_right_lit_hit'====== Args={'profile': 'default', 'state': 'lit', 'advancing': False}
2026-09-13 23:30:06,881 : INFO : EventManager : Event: ======'player_obey_right_spins'====== Args={'value': 20, 'prev_value': 19, 'change': 1, 'player_num': 1, 'source': 'obey'}
2026-09-13 23:30:06,886 : INFO : EventManager : Event: ======'player_score'====== Args={'value': 1150982, 'prev_value': 1140982, 'change': 10000, 'player_num': 1, 'source': 'base'}
2026-09-13 23:30:06,899 : INFO : SwitchController : <<<<<<< 's_44_spinner_right' inactive >>>>>>>
2026-09-13 23:30:06,975 : INFO : SwitchController : <<<<<<< 's_44_spinner_right' active >>>>>>>
2026-09-13 23:30:06,975 : INFO : EventManager : Event: ======'s_44_spinner_right_active'====== Args={}
2026-09-13 23:30:06,975 : INFO : EventManager : Event: ======'sw_playfield_active'====== Args={}
2026-09-13 23:30:06,975 : INFO : EventManager : Event: ======'sw_spinners'====== Args={}
2026-09-13 23:30:06,975 : INFO : EventManager : Event: ======'machine_var_audits_switches_s_44_spinner_right'====== Args={'value': 3018, 'prev_value': 3017, 'change': 1}
2026-09-13 23:30:06,976 : INFO : EventManager : Event: ======'obey_right_spin'====== Args={'priority': 0}
2026-09-13 23:30:06,976 : INFO : EventManager : Event: ======'machine_var_audits_shots_spinner_right'====== Args={'value': 3017, 'prev_value': 3016, 'change': 1}
2026-09-13 23:30:06,976 : INFO : EventManager : Event: ======'spinner_right_hit'====== Args={'profile': 'default', 'state': 'lit', 'advancing': False}
2026-09-13 23:30:06,977 : INFO : EventManager : Event: ======'spinner_right_default_hit'====== Args={'profile': 'default', 'state': 'lit', 'advancing': False}
2026-09-13 23:30:06,977 : INFO : EventManager : Event: ======'spinner_right_default_lit_hit'====== Args={'profile': 'default', 'state': 'lit', 'advancing': False}
2026-09-13 23:30:06,977 : INFO : EventManager : Event: ======'spinner_right_lit_hit'====== Args={'profile': 'default', 'state': 'lit', 'advancing': False}
2026-09-13 23:30:06,977 : INFO : EventManager : Event: ======'player_obey_right_spins'====== Args={'value': 21, 'prev_value': 20, 'change': 1, 'player_num': 1, 'source': 'obey'}
2026-09-13 23:30:06,983 : INFO : EventManager : Event: ======'player_score'====== Args={'value': 1160982, 'prev_value': 1150982, 'change': 10000, 'player_num': 1, 'source': 'base'}
2026-09-13 23:30:06,993 : INFO : SwitchController : <<<<<<< 's_44_spinner_right' inactive >>>>>>>
2026-09-13 23:30:07,055 : INFO : SwitchController : <<<<<<< 's_44_spinner_right' active >>>>>>>
2026-09-13 23:30:07,055 : INFO : EventManager : Event: ======'s_44_spinner_right_active'====== Args={}
2026-09-13 23:30:07,055 : INFO : EventManager : Event: ======'sw_playfield_active'====== Args={}
2026-09-13 23:30:07,055 : INFO : EventManager : Event: ======'sw_spinners'====== Args={}
2026-09-13 23:30:07,055 : INFO : EventManager : Event: ======'machine_var_audits_switches_s_44_spinner_right'====== Args={'value': 3019, 'prev_value': 3018, 'change': 1}
2026-09-13 23:30:07,056 : INFO : EventManager : Event: ======'obey_right_spin'====== Args={'priority': 0}
2026-09-13 23:30:07,056 : INFO : EventManager : Event: ======'machine_var_audits_shots_spinner_right'====== Args={'value': 3018, 'prev_value': 3017, 'change': 1}
2026-09-13 23:30:07,056 : INFO : EventManager : Event: ======'spinner_right_hit'====== Args={'profile': 'default', 'state': 'lit', 'advancing': False}
2026-09-13 23:30:07,056 : INFO : EventManager : Event: ======'spinner_right_default_hit'====== Args={'profile': 'default', 'state': 'lit', 'advancing': False}
2026-09-13 23:30:07,056 : INFO : EventManager : Event: ======'spinner_right_default_lit_hit'====== Args={'profile': 'default', 'state': 'lit', 'advancing': False}
2026-09-13 23:30:07,056 : INFO : EventManager : Event: ======'spinner_right_lit_hit'====== Args={'profile': 'default', 'state': 'lit', 'advancing': False}
2026-09-13 23:30:07,056 : INFO : EventManager : Event: ======'player_obey_right_spins'====== Args={'value': 22, 'prev_value': 21, 'change': 1, 'player_num': 1, 'source': 'obey'}
2026-09-13 23:30:07,062 : INFO : EventManager : Event: ======'player_score'====== Args={'value': 1170982, 'prev_value': 1160982, 'change': 10000, 'player_num': 1, 'source': 'base'}
2026-09-13 23:30:07,073 : INFO : SwitchController : <<<<<<< 's_44_spinner_right' inactive >>>>>>>
2026-09-13 23:30:07,153 : INFO : SwitchController : <<<<<<< 's_44_spinner_right' active >>>>>>>
2026-09-13 23:30:07,153 : INFO : EventManager : Event: ======'s_44_spinner_right_active'====== Args={}
2026-09-13 23:30:07,154 : INFO : EventManager : Event: ======'sw_playfield_active'====== Args={}
2026-09-13 23:30:07,154 : INFO : EventManager : Event: ======'sw_spinners'====== Args={}
2026-09-13 23:30:07,154 : INFO : EventManager : Event: ======'machine_var_audits_switches_s_44_spinner_right'====== Args={'value': 3020, 'prev_value': 3019, 'change': 1}
2026-09-13 23:30:07,154 : INFO : EventManager : Event: ======'obey_right_spin'====== Args={'priority': 0}
2026-09-13 23:30:07,154 : INFO : EventManager : Event: ======'machine_var_audits_shots_spinner_right'====== Args={'value': 3019, 'prev_value': 3018, 'change': 1}
2026-09-13 23:30:07,154 : INFO : EventManager : Event: ======'spinner_right_hit'====== Args={'profile': 'default', 'state': 'lit', 'advancing': False}
2026-09-13 23:30:07,155 : INFO : EventManager : Event: ======'spinner_right_default_hit'====== Args={'profile': 'default', 'state': 'lit', 'advancing': False}
2026-09-13 23:30:07,155 : INFO : EventManager : Event: ======'spinner_right_default_lit_hit'====== Args={'profile': 'default', 'state': 'lit', 'advancing': False}
2026-09-13 23:30:07,155 : INFO : EventManager : Event: ======'spinner_right_lit_hit'====== Args={'profile': 'default', 'state': 'lit', 'advancing': False}
2026-09-13 23:30:07,155 : INFO : EventManager : Event: ======'player_obey_right_spins'====== Args={'value': 23, 'prev_value': 22, 'change': 1, 'player_num': 1, 'source': 'obey'}
2026-09-13 23:30:07,161 : INFO : EventManager : Event: ======'player_score'====== Args={'value': 1180982, 'prev_value': 1170982, 'change': 10000, 'player_num': 1, 'source': 'base'}
2026-09-13 23:30:07,171 : INFO : SwitchController : <<<<<<< 's_44_spinner_right' inactive >>>>>>>
2026-09-13 23:30:07,245 : INFO : EventManager : Event: ======'player_obey_obey_stage1_timer_tick'====== Args={'value': 164, 'prev_value': 165, 'change': -1, 'player_num': 1}
2026-09-13 23:30:07,245 : INFO : EventManager : Event: ======'timer_obey_stage1_timer_tick'====== Args={'ticks': 164, 'ticks_remaining': 164}
2026-09-13 23:30:07,248 : INFO : SwitchController : <<<<<<< 's_44_spinner_right' active >>>>>>>
2026-09-13 23:30:07,248 : INFO : EventManager : Event: ======'s_44_spinner_right_active'====== Args={}
2026-09-13 23:30:07,248 : INFO : EventManager : Event: ======'sw_playfield_active'====== Args={}
2026-09-13 23:30:07,248 : INFO : EventManager : Event: ======'sw_spinners'====== Args={}
2026-09-13 23:30:07,248 : INFO : EventManager : Event: ======'machine_var_audits_switches_s_44_spinner_right'====== Args={'value': 3021, 'prev_value': 3020, 'change': 1}
2026-09-13 23:30:07,254 : INFO : EventManager : Event: ======'obey_right_spin'====== Args={'priority': 0}
2026-09-13 23:30:07,254 : INFO : EventManager : Event: ======'machine_var_audits_shots_spinner_right'====== Args={'value': 3020, 'prev_value': 3019, 'change': 1}
2026-09-13 23:30:07,254 : INFO : EventManager : Event: ======'spinner_right_hit'====== Args={'profile': 'default', 'state': 'lit', 'advancing': False}
2026-09-13 23:30:07,254 : INFO : EventManager : Event: ======'spinner_right_default_hit'====== Args={'profile': 'default', 'state': 'lit', 'advancing': False}
2026-09-13 23:30:07,254 : INFO : EventManager : Event: ======'spinner_right_default_lit_hit'====== Args={'profile': 'default', 'state': 'lit', 'advancing': False}
2026-09-13 23:30:07,254 : INFO : EventManager : Event: ======'spinner_right_lit_hit'====== Args={'profile': 'default', 'state': 'lit', 'advancing': False}
2026-09-13 23:30:07,254 : INFO : EventManager : Event: ======'player_obey_right_spins'====== Args={'value': 24, 'prev_value': 23, 'change': 1, 'player_num': 1, 'source': 'obey'}
2026-09-13 23:30:07,262 : INFO : EventManager : Event: ======'player_score'====== Args={'value': 1190982, 'prev_value': 1180982, 'change': 10000, 'player_num': 1, 'source': 'base'}
2026-09-13 23:30:07,272 : INFO : SwitchController : <<<<<<< 's_44_spinner_right' inactive >>>>>>>
2026-09-13 23:30:07,355 : INFO : SwitchController : <<<<<<< 's_44_spinner_right' active >>>>>>>
2026-09-13 23:30:07,355 : INFO : EventManager : Event: ======'s_44_spinner_right_active'====== Args={}
2026-09-13 23:30:07,355 : INFO : EventManager : Event: ======'sw_playfield_active'====== Args={}
2026-09-13 23:30:07,355 : INFO : EventManager : Event: ======'sw_spinners'====== Args={}
2026-09-13 23:30:07,355 : INFO : EventManager : Event: ======'machine_var_audits_switches_s_44_spinner_right'====== Args={'value': 3022, 'prev_value': 3021, 'change': 1}
2026-09-13 23:30:07,356 : INFO : EventManager : Event: ======'obey_right_spin'====== Args={'priority': 0}
2026-09-13 23:30:07,356 : INFO : EventManager : Event: ======'machine_var_audits_shots_spinner_right'====== Args={'value': 3021, 'prev_value': 3020, 'change': 1}
2026-09-13 23:30:07,356 : INFO : EventManager : Event: ======'spinner_right_hit'====== Args={'profile': 'default', 'state': 'lit', 'advancing': False}
2026-09-13 23:30:07,356 : INFO : EventManager : Event: ======'spinner_right_default_hit'====== Args={'profile': 'default', 'state': 'lit', 'advancing': False}
2026-09-13 23:30:07,356 : INFO : EventManager : Event: ======'spinner_right_default_lit_hit'====== Args={'profile': 'default', 'state': 'lit', 'advancing': False}
2026-09-13 23:30:07,356 : INFO : EventManager : Event: ======'spinner_right_lit_hit'====== Args={'profile': 'default', 'state': 'lit', 'advancing': False}
2026-09-13 23:30:07,356 : INFO : EventManager : Event: ======'player_obey_right_spins'====== Args={'value': 25, 'prev_value': 24, 'change': 1, 'player_num': 1, 'source': 'obey'}
2026-09-13 23:30:07,363 : INFO : EventManager : Event: ======'player_score'====== Args={'value': 1200982, 'prev_value': 1190982, 'change': 10000, 'player_num': 1, 'source': 'base'}
2026-09-13 23:30:07,372 : INFO : SwitchController : <<<<<<< 's_44_spinner_right' inactive >>>>>>>
2026-09-13 23:30:07,451 : INFO : SwitchController : <<<<<<< 's_44_spinner_right' active >>>>>>>
2026-09-13 23:30:07,451 : INFO : EventManager : Event: ======'s_44_spinner_right_active'====== Args={}
2026-09-13 23:30:07,451 : INFO : EventManager : Event: ======'sw_playfield_active'====== Args={}
2026-09-13 23:30:07,451 : INFO : EventManager : Event: ======'sw_spinners'====== Args={}
2026-09-13 23:30:07,451 : INFO : EventManager : Event: ======'machine_var_audits_switches_s_44_spinner_right'====== Args={'value': 3023, 'prev_value': 3022, 'change': 1}
2026-09-13 23:30:07,452 : INFO : EventManager : Event: ======'obey_right_spin'====== Args={'priority': 0}
2026-09-13 23:30:07,452 : INFO : EventManager : Event: ======'machine_var_audits_shots_spinner_right'====== Args={'value': 3022, 'prev_value': 3021, 'change': 1}
2026-09-13 23:30:07,452 : INFO : EventManager : Event: ======'spinner_right_hit'====== Args={'profile': 'default', 'state': 'lit', 'advancing': False}
2026-09-13 23:30:07,452 : INFO : EventManager : Event: ======'spinner_right_default_hit'====== Args={'profile': 'default', 'state': 'lit', 'advancing': False}
2026-09-13 23:30:07,452 : INFO : EventManager : Event: ======'spinner_right_default_lit_hit'====== Args={'profile': 'default', 'state': 'lit', 'advancing': False}
2026-09-13 23:30:07,452 : INFO : EventManager : Event: ======'spinner_right_lit_hit'====== Args={'profile': 'default', 'state': 'lit', 'advancing': False}
2026-09-13 23:30:07,453 : INFO : EventManager : Event: ======'player_obey_right_spins'====== Args={'value': 26, 'prev_value': 25, 'change': 1, 'player_num': 1, 'source': 'obey'}
2026-09-13 23:30:07,458 : INFO : EventManager : Event: ======'player_score'====== Args={'value': 1210982, 'prev_value': 1200982, 'change': 10000, 'player_num': 1, 'source': 'base'}
2026-09-13 23:30:07,483 : INFO : SwitchController : <<<<<<< 's_44_spinner_right' inactive >>>>>>>
2026-09-13 23:30:07,579 : INFO : SwitchController : <<<<<<< 's_44_spinner_right' active >>>>>>>
2026-09-13 23:30:07,579 : INFO : EventManager : Event: ======'s_44_spinner_right_active'====== Args={}
2026-09-13 23:30:07,579 : INFO : EventManager : Event: ======'sw_playfield_active'====== Args={}
2026-09-13 23:30:07,579 : INFO : EventManager : Event: ======'sw_spinners'====== Args={}
2026-09-13 23:30:07,579 : INFO : EventManager : Event: ======'machine_var_audits_switches_s_44_spinner_right'====== Args={'value': 3024, 'prev_value': 3023, 'change': 1}
2026-09-13 23:30:07,580 : INFO : EventManager : Event: ======'obey_right_spin'====== Args={'priority': 0}
2026-09-13 23:30:07,580 : INFO : EventManager : Event: ======'machine_var_audits_shots_spinner_right'====== Args={'value': 3023, 'prev_value': 3022, 'change': 1}
2026-09-13 23:30:07,580 : INFO : EventManager : Event: ======'spinner_right_hit'====== Args={'profile': 'default', 'state': 'lit', 'advancing': False}
2026-09-13 23:30:07,581 : INFO : EventManager : Event: ======'spinner_right_default_hit'====== Args={'profile': 'default', 'state': 'lit', 'advancing': False}
2026-09-13 23:30:07,581 : INFO : EventManager : Event: ======'spinner_right_default_lit_hit'====== Args={'profile': 'default', 'state': 'lit', 'advancing': False}
2026-09-13 23:30:07,581 : INFO : EventManager : Event: ======'spinner_right_lit_hit'====== Args={'profile': 'default', 'state': 'lit', 'advancing': False}
2026-09-13 23:30:07,581 : INFO : EventManager : Event: ======'player_obey_right_spins'====== Args={'value': 27, 'prev_value': 26, 'change': 1, 'player_num': 1, 'source': 'obey'}
2026-09-13 23:30:07,586 : INFO : EventManager : Event: ======'player_score'====== Args={'value': 1220982, 'prev_value': 1210982, 'change': 10000, 'player_num': 1, 'source': 'base'}
2026-09-13 23:30:07,611 : INFO : SwitchController : <<<<<<< 's_44_spinner_right' inactive >>>>>>>
2026-09-13 23:30:07,706 : INFO : SwitchController : <<<<<<< 's_44_spinner_right' active >>>>>>>
2026-09-13 23:30:07,706 : INFO : EventManager : Event: ======'s_44_spinner_right_active'====== Args={}
2026-09-13 23:30:07,706 : INFO : EventManager : Event: ======'sw_playfield_active'====== Args={}
2026-09-13 23:30:07,706 : INFO : EventManager : Event: ======'sw_spinners'====== Args={}
2026-09-13 23:30:07,706 : INFO : EventManager : Event: ======'machine_var_audits_switches_s_44_spinner_right'====== Args={'value': 3025, 'prev_value': 3024, 'change': 1}
2026-09-13 23:30:07,707 : INFO : EventManager : Event: ======'obey_right_spin'====== Args={'priority': 0}
2026-09-13 23:30:07,707 : INFO : EventManager : Event: ======'machine_var_audits_shots_spinner_right'====== Args={'value': 3024, 'prev_value': 3023, 'change': 1}
2026-09-13 23:30:07,707 : INFO : EventManager : Event: ======'spinner_right_hit'====== Args={'profile': 'default', 'state': 'lit', 'advancing': False}
2026-09-13 23:30:07,707 : INFO : EventManager : Event: ======'spinner_right_default_hit'====== Args={'profile': 'default', 'state': 'lit', 'advancing': False}
2026-09-13 23:30:07,707 : INFO : EventManager : Event: ======'spinner_right_default_lit_hit'====== Args={'profile': 'default', 'state': 'lit', 'advancing': False}
2026-09-13 23:30:07,707 : INFO : EventManager : Event: ======'spinner_right_lit_hit'====== Args={'profile': 'default', 'state': 'lit', 'advancing': False}
2026-09-13 23:30:07,708 : INFO : EventManager : Event: ======'player_obey_right_spins'====== Args={'value': 28, 'prev_value': 27, 'change': 1, 'player_num': 1, 'source': 'obey'}
2026-09-13 23:30:07,714 : INFO : EventManager : Event: ======'player_score'====== Args={'value': 1230982, 'prev_value': 1220982, 'change': 10000, 'player_num': 1, 'source': 'base'}
2026-09-13 23:30:07,737 : INFO : SwitchController : <<<<<<< 's_44_spinner_right' inactive >>>>>>>
2026-09-13 23:30:07,848 : INFO : SwitchController : <<<<<<< 's_44_spinner_right' active >>>>>>>
2026-09-13 23:30:07,848 : INFO : EventManager : Event: ======'s_44_spinner_right_active'====== Args={}
2026-09-13 23:30:07,848 : INFO : EventManager : Event: ======'sw_playfield_active'====== Args={}
2026-09-13 23:30:07,848 : INFO : EventManager : Event: ======'sw_spinners'====== Args={}
2026-09-13 23:30:07,848 : INFO : EventManager : Event: ======'machine_var_audits_switches_s_44_spinner_right'====== Args={'value': 3026, 'prev_value': 3025, 'change': 1}
2026-09-13 23:30:07,849 : INFO : EventManager : Event: ======'obey_right_spin'====== Args={'priority': 0}
2026-09-13 23:30:07,849 : INFO : EventManager : Event: ======'machine_var_audits_shots_spinner_right'====== Args={'value': 3025, 'prev_value': 3024, 'change': 1}
2026-09-13 23:30:07,849 : INFO : EventManager : Event: ======'spinner_right_hit'====== Args={'profile': 'default', 'state': 'lit', 'advancing': False}
2026-09-13 23:30:07,849 : INFO : EventManager : Event: ======'spinner_right_default_hit'====== Args={'profile': 'default', 'state': 'lit', 'advancing': False}
2026-09-13 23:30:07,849 : INFO : EventManager : Event: ======'spinner_right_default_lit_hit'====== Args={'profile': 'default', 'state': 'lit', 'advancing': False}
2026-09-13 23:30:07,849 : INFO : EventManager : Event: ======'spinner_right_lit_hit'====== Args={'profile': 'default', 'state': 'lit', 'advancing': False}
2026-09-13 23:30:07,850 : INFO : EventManager : Event: ======'player_obey_right_spins'====== Args={'value': 29, 'prev_value': 28, 'change': 1, 'player_num': 1, 'source': 'obey'}
2026-09-13 23:30:07,855 : INFO : EventManager : Event: ======'player_score'====== Args={'value': 1240982, 'prev_value': 1230982, 'change': 10000, 'player_num': 1, 'source': 'base'}
2026-09-13 23:30:07,880 : INFO : SwitchController : <<<<<<< 's_44_spinner_right' inactive >>>>>>>
2026-09-13 23:30:08,006 : INFO : SwitchController : <<<<<<< 's_44_spinner_right' active >>>>>>>
2026-09-13 23:30:08,006 : INFO : EventManager : Event: ======'s_44_spinner_right_active'====== Args={}
2026-09-13 23:30:08,006 : INFO : EventManager : Event: ======'sw_playfield_active'====== Args={}
2026-09-13 23:30:08,006 : INFO : EventManager : Event: ======'sw_spinners'====== Args={}
2026-09-13 23:30:08,006 : INFO : EventManager : Event: ======'machine_var_audits_switches_s_44_spinner_right'====== Args={'value': 3027, 'prev_value': 3026, 'change': 1}
2026-09-13 23:30:08,007 : INFO : EventManager : Event: ======'obey_right_spin'====== Args={'priority': 0}
2026-09-13 23:30:08,007 : INFO : EventManager : Event: ======'machine_var_audits_shots_spinner_right'====== Args={'value': 3026, 'prev_value': 3025, 'change': 1}
2026-09-13 23:30:08,007 : INFO : EventManager : Event: ======'spinner_right_hit'====== Args={'profile': 'default', 'state': 'lit', 'advancing': False}
2026-09-13 23:30:08,007 : INFO : EventManager : Event: ======'spinner_right_default_hit'====== Args={'profile': 'default', 'state': 'lit', 'advancing': False}
2026-09-13 23:30:08,007 : INFO : EventManager : Event: ======'spinner_right_default_lit_hit'====== Args={'profile': 'default', 'state': 'lit', 'advancing': False}
2026-09-13 23:30:08,007 : INFO : EventManager : Event: ======'spinner_right_lit_hit'====== Args={'profile': 'default', 'state': 'lit', 'advancing': False}
2026-09-13 23:30:08,007 : INFO : EventManager : Event: ======'player_obey_right_spins'====== Args={'value': 30, 'prev_value': 29, 'change': 1, 'player_num': 1, 'source': 'obey'}
2026-09-13 23:30:08,014 : INFO : EventManager : Event: ======'player_score'====== Args={'value': 1250982, 'prev_value': 1240982, 'change': 10000, 'player_num': 1, 'source': 'base'}
2026-09-13 23:30:08,039 : INFO : SwitchController : <<<<<<< 's_44_spinner_right' inactive >>>>>>>
2026-09-13 23:30:08,198 : INFO : SwitchController : <<<<<<< 's_44_spinner_right' active >>>>>>>
2026-09-13 23:30:08,198 : INFO : EventManager : Event: ======'s_44_spinner_right_active'====== Args={}
2026-09-13 23:30:08,198 : INFO : EventManager : Event: ======'sw_playfield_active'====== Args={}
2026-09-13 23:30:08,198 : INFO : EventManager : Event: ======'sw_spinners'====== Args={}
2026-09-13 23:30:08,198 : INFO : EventManager : Event: ======'machine_var_audits_switches_s_44_spinner_right'====== Args={'value': 3028, 'prev_value': 3027, 'change': 1}
2026-09-13 23:30:08,199 : INFO : EventManager : Event: ======'obey_right_spin'====== Args={'priority': 0}
2026-09-13 23:30:08,199 : INFO : EventManager : Event: ======'machine_var_audits_shots_spinner_right'====== Args={'value': 3027, 'prev_value': 3026, 'change': 1}
2026-09-13 23:30:08,199 : INFO : EventManager : Event: ======'spinner_right_hit'====== Args={'profile': 'default', 'state': 'lit', 'advancing': False}
2026-09-13 23:30:08,199 : INFO : EventManager : Event: ======'spinner_right_default_hit'====== Args={'profile': 'default', 'state': 'lit', 'advancing': False}
2026-09-13 23:30:08,199 : INFO : EventManager : Event: ======'spinner_right_default_lit_hit'====== Args={'profile': 'default', 'state': 'lit', 'advancing': False}
2026-09-13 23:30:08,199 : INFO : EventManager : Event: ======'spinner_right_lit_hit'====== Args={'profile': 'default', 'state': 'lit', 'advancing': False}
2026-09-13 23:30:08,199 : INFO : EventManager : Event: ======'player_obey_right_spins'====== Args={'value': 31, 'prev_value': 30, 'change': 1, 'player_num': 1, 'source': 'obey'}
2026-09-13 23:30:08,205 : INFO : EventManager : Event: ======'player_score'====== Args={'value': 1260982, 'prev_value': 1250982, 'change': 10000, 'player_num': 1, 'source': 'base'}
2026-09-13 23:30:08,246 : INFO : EventManager : Event: ======'player_obey_obey_stage1_timer_tick'====== Args={'value': 163, 'prev_value': 164, 'change': -1, 'player_num': 1}
2026-09-13 23:30:08,246 : INFO : EventManager : Event: ======'timer_obey_stage1_timer_tick'====== Args={'ticks': 163, 'ticks_remaining': 163}
2026-09-13 23:30:08,247 : INFO : SwitchController : <<<<<<< 's_44_spinner_right' inactive >>>>>>>
2026-09-13 23:30:08,927 : INFO : SwitchController : <<<<<<< 's_44_spinner_right' active >>>>>>>
2026-09-13 23:30:08,927 : INFO : EventManager : Event: ======'s_44_spinner_right_active'====== Args={}
2026-09-13 23:30:08,927 : INFO : EventManager : Event: ======'sw_playfield_active'====== Args={}
2026-09-13 23:30:08,927 : INFO : EventManager : Event: ======'sw_spinners'====== Args={}
2026-09-13 23:30:08,927 : INFO : EventManager : Event: ======'machine_var_audits_switches_s_44_spinner_right'====== Args={'value': 3029, 'prev_value': 3028, 'change': 1}
2026-09-13 23:30:08,928 : INFO : EventManager : Event: ======'obey_right_spin'====== Args={'priority': 0}
2026-09-13 23:30:08,928 : INFO : EventManager : Event: ======'machine_var_audits_shots_spinner_right'====== Args={'value': 3028, 'prev_value': 3027, 'change': 1}
2026-09-13 23:30:08,928 : INFO : EventManager : Event: ======'spinner_right_hit'====== Args={'profile': 'default', 'state': 'lit', 'advancing': False}
2026-09-13 23:30:08,928 : INFO : EventManager : Event: ======'spinner_right_default_hit'====== Args={'profile': 'default', 'state': 'lit', 'advancing': False}
2026-09-13 23:30:08,928 : INFO : EventManager : Event: ======'spinner_right_default_lit_hit'====== Args={'profile': 'default', 'state': 'lit', 'advancing': False}
2026-09-13 23:30:08,928 : INFO : EventManager : Event: ======'spinner_right_lit_hit'====== Args={'profile': 'default', 'state': 'lit', 'advancing': False}
2026-09-13 23:30:08,929 : INFO : EventManager : Event: ======'player_obey_right_spins'====== Args={'value': 32, 'prev_value': 31, 'change': 1, 'player_num': 1, 'source': 'obey'}
2026-09-13 23:30:08,934 : INFO : EventManager : Event: ======'player_score'====== Args={'value': 1270982, 'prev_value': 1260982, 'change': 10000, 'player_num': 1, 'source': 'base'}
2026-09-13 23:30:08,990 : INFO : SwitchController : <<<<<<< 's_44_spinner_right' inactive >>>>>>>
2026-09-13 23:30:09,251 : INFO : EventManager : Event: ======'player_obey_obey_stage1_timer_tick'====== Args={'value': 162, 'prev_value': 163, 'change': -1, 'player_num': 1}
2026-09-13 23:30:09,252 : INFO : EventManager : Event: ======'timer_obey_stage1_timer_tick'====== Args={'ticks': 162, 'ticks_remaining': 162}
2026-09-13 23:30:09,799 : INFO : SwitchController : <<<<<<< 's_44_spinner_right' active >>>>>>>
2026-09-13 23:30:09,799 : INFO : EventManager : Event: ======'s_44_spinner_right_active'====== Args={}
2026-09-13 23:30:09,799 : INFO : EventManager : Event: ======'sw_playfield_active'====== Args={}
2026-09-13 23:30:09,799 : INFO : EventManager : Event: ======'sw_spinners'====== Args={}
2026-09-13 23:30:09,800 : INFO : EventManager : Event: ======'machine_var_audits_switches_s_44_spinner_right'====== Args={'value': 3030, 'prev_value': 3029, 'change': 1}
2026-09-13 23:30:09,800 : INFO : EventManager : Event: ======'obey_right_spin'====== Args={'priority': 0}
2026-09-13 23:30:09,800 : INFO : EventManager : Event: ======'machine_var_audits_shots_spinner_right'====== Args={'value': 3029, 'prev_value': 3028, 'change': 1}
2026-09-13 23:30:09,801 : INFO : EventManager : Event: ======'spinner_right_hit'====== Args={'profile': 'default', 'state': 'lit', 'advancing': False}
2026-09-13 23:30:09,801 : INFO : EventManager : Event: ======'spinner_right_default_hit'====== Args={'profile': 'default', 'state': 'lit', 'advancing': False}
2026-09-13 23:30:09,801 : INFO : EventManager : Event: ======'spinner_right_default_lit_hit'====== Args={'profile': 'default', 'state': 'lit', 'advancing': False}
2026-09-13 23:30:09,801 : INFO : EventManager : Event: ======'spinner_right_lit_hit'====== Args={'profile': 'default', 'state': 'lit', 'advancing': False}
2026-09-13 23:30:09,801 : INFO : EventManager : Event: ======'player_obey_right_spins'====== Args={'value': 33, 'prev_value': 32, 'change': 1, 'player_num': 1, 'source': 'obey'}
2026-09-13 23:30:09,807 : INFO : EventManager : Event: ======'player_score'====== Args={'value': 1280982, 'prev_value': 1270982, 'change': 10000, 'player_num': 1, 'source': 'base'}
2026-09-13 23:30:09,830 : INFO : SwitchController : <<<<<<< 's_44_spinner_right' inactive >>>>>>>
2026-09-13 23:30:09,941 : INFO : SwitchController : <<<<<<< 's_44_spinner_right' active >>>>>>>
2026-09-13 23:30:09,941 : INFO : EventManager : Event: ======'s_44_spinner_right_active'====== Args={}
2026-09-13 23:30:09,941 : INFO : EventManager : Event: ======'sw_playfield_active'====== Args={}
2026-09-13 23:30:09,941 : INFO : EventManager : Event: ======'sw_spinners'====== Args={}
2026-09-13 23:30:09,941 : INFO : EventManager : Event: ======'machine_var_audits_switches_s_44_spinner_right'====== Args={'value': 3031, 'prev_value': 3030, 'change': 1}
2026-09-13 23:30:09,942 : INFO : EventManager : Event: ======'obey_right_spin'====== Args={'priority': 0}
2026-09-13 23:30:09,942 : INFO : EventManager : Event: ======'machine_var_audits_shots_spinner_right'====== Args={'value': 3030, 'prev_value': 3029, 'change': 1}
2026-09-13 23:30:09,942 : INFO : EventManager : Event: ======'spinner_right_hit'====== Args={'profile': 'default', 'state': 'lit', 'advancing': False}
2026-09-13 23:30:09,942 : INFO : EventManager : Event: ======'spinner_right_default_hit'====== Args={'profile': 'default', 'state': 'lit', 'advancing': False}
2026-09-13 23:30:09,942 : INFO : EventManager : Event: ======'spinner_right_default_lit_hit'====== Args={'profile': 'default', 'state': 'lit', 'advancing': False}
2026-09-13 23:30:09,942 : INFO : EventManager : Event: ======'spinner_right_lit_hit'====== Args={'profile': 'default', 'state': 'lit', 'advancing': False}
2026-09-13 23:30:09,942 : INFO : EventManager : Event: ======'player_obey_right_spins'====== Args={'value': 34, 'prev_value': 33, 'change': 1, 'player_num': 1, 'source': 'obey'}
2026-09-13 23:30:09,949 : INFO : EventManager : Event: ======'player_score'====== Args={'value': 1290982, 'prev_value': 1280982, 'change': 10000, 'player_num': 1, 'source': 'base'}
2026-09-13 23:30:09,973 : INFO : SwitchController : <<<<<<< 's_44_spinner_right' inactive >>>>>>>
2026-09-13 23:30:10,101 : INFO : SwitchController : <<<<<<< 's_44_spinner_right' active >>>>>>>
2026-09-13 23:30:10,101 : INFO : EventManager : Event: ======'s_44_spinner_right_active'====== Args={}
2026-09-13 23:30:10,101 : INFO : EventManager : Event: ======'sw_playfield_active'====== Args={}
2026-09-13 23:30:10,101 : INFO : EventManager : Event: ======'sw_spinners'====== Args={}
2026-09-13 23:30:10,101 : INFO : EventManager : Event: ======'machine_var_audits_switches_s_44_spinner_right'====== Args={'value': 3032, 'prev_value': 3031, 'change': 1}
2026-09-13 23:30:10,102 : INFO : EventManager : Event: ======'obey_right_spin'====== Args={'priority': 0}
2026-09-13 23:30:10,102 : INFO : EventManager : Event: ======'machine_var_audits_shots_spinner_right'====== Args={'value': 3031, 'prev_value': 3030, 'change': 1}
2026-09-13 23:30:10,102 : INFO : EventManager : Event: ======'spinner_right_hit'====== Args={'profile': 'default', 'state': 'lit', 'advancing': False}
2026-09-13 23:30:10,102 : INFO : EventManager : Event: ======'spinner_right_default_hit'====== Args={'profile': 'default', 'state': 'lit', 'advancing': False}
2026-09-13 23:30:10,102 : INFO : EventManager : Event: ======'spinner_right_default_lit_hit'====== Args={'profile': 'default', 'state': 'lit', 'advancing': False}
2026-09-13 23:30:10,102 : INFO : EventManager : Event: ======'spinner_right_lit_hit'====== Args={'profile': 'default', 'state': 'lit', 'advancing': False}
2026-09-13 23:30:10,102 : INFO : EventManager : Event: ======'player_obey_right_spins'====== Args={'value': 35, 'prev_value': 34, 'change': 1, 'player_num': 1, 'source': 'obey'}
2026-09-13 23:30:10,108 : INFO : EventManager : Event: ======'player_score'====== Args={'value': 1300982, 'prev_value': 1290982, 'change': 10000, 'player_num': 1, 'source': 'base'}
2026-09-13 23:30:10,151 : INFO : SwitchController : <<<<<<< 's_44_spinner_right' inactive >>>>>>>
2026-09-13 23:30:10,244 : INFO : EventManager : Event: ======'player_obey_obey_stage1_timer_tick'====== Args={'value': 161, 'prev_value': 162, 'change': -1, 'player_num': 1}
2026-09-13 23:30:10,244 : INFO : EventManager : Event: ======'timer_obey_stage1_timer_tick'====== Args={'ticks': 161, 'ticks_remaining': 161}
2026-09-13 23:30:10,291 : INFO : SwitchController : <<<<<<< 's_44_spinner_right' active >>>>>>>
2026-09-13 23:30:10,291 : INFO : EventManager : Event: ======'s_44_spinner_right_active'====== Args={}
2026-09-13 23:30:10,291 : INFO : EventManager : Event: ======'sw_playfield_active'====== Args={}
2026-09-13 23:30:10,291 : INFO : EventManager : Event: ======'sw_spinners'====== Args={}
2026-09-13 23:30:10,291 : INFO : EventManager : Event: ======'machine_var_audits_switches_s_44_spinner_right'====== Args={'value': 3033, 'prev_value': 3032, 'change': 1}
2026-09-13 23:30:10,292 : INFO : EventManager : Event: ======'obey_right_spin'====== Args={'priority': 0}
2026-09-13 23:30:10,292 : INFO : EventManager : Event: ======'machine_var_audits_shots_spinner_right'====== Args={'value': 3032, 'prev_value': 3031, 'change': 1}
2026-09-13 23:30:10,292 : INFO : EventManager : Event: ======'spinner_right_hit'====== Args={'profile': 'default', 'state': 'lit', 'advancing': False}
2026-09-13 23:30:10,292 : INFO : EventManager : Event: ======'spinner_right_default_hit'====== Args={'profile': 'default', 'state': 'lit', 'advancing': False}
2026-09-13 23:30:10,292 : INFO : EventManager : Event: ======'spinner_right_default_lit_hit'====== Args={'profile': 'default', 'state': 'lit', 'advancing': False}
2026-09-13 23:30:10,292 : INFO : EventManager : Event: ======'spinner_right_lit_hit'====== Args={'profile': 'default', 'state': 'lit', 'advancing': False}
2026-09-13 23:30:10,292 : INFO : EventManager : Event: ======'player_obey_right_spins'====== Args={'value': 36, 'prev_value': 35, 'change': 1, 'player_num': 1, 'source': 'obey'}
2026-09-13 23:30:10,298 : INFO : EventManager : Event: ======'player_score'====== Args={'value': 1310982, 'prev_value': 1300982, 'change': 10000, 'player_num': 1, 'source': 'base'}
2026-09-13 23:30:10,339 : INFO : SwitchController : <<<<<<< 's_44_spinner_right' inactive >>>>>>>
2026-09-13 23:30:10,545 : INFO : SwitchController : <<<<<<< 's_44_spinner_right' active >>>>>>>
2026-09-13 23:30:10,545 : INFO : EventManager : Event: ======'s_44_spinner_right_active'====== Args={}
2026-09-13 23:30:10,545 : INFO : EventManager : Event: ======'sw_playfield_active'====== Args={}
2026-09-13 23:30:10,545 : INFO : EventManager : Event: ======'sw_spinners'====== Args={}
2026-09-13 23:30:10,545 : INFO : EventManager : Event: ======'machine_var_audits_switches_s_44_spinner_right'====== Args={'value': 3034, 'prev_value': 3033, 'change': 1}
2026-09-13 23:30:10,546 : INFO : EventManager : Event: ======'obey_right_spin'====== Args={'priority': 0}
2026-09-13 23:30:10,546 : INFO : EventManager : Event: ======'machine_var_audits_shots_spinner_right'====== Args={'value': 3033, 'prev_value': 3032, 'change': 1}
2026-09-13 23:30:10,546 : INFO : EventManager : Event: ======'spinner_right_hit'====== Args={'profile': 'default', 'state': 'lit', 'advancing': False}
2026-09-13 23:30:10,546 : INFO : EventManager : Event: ======'spinner_right_default_hit'====== Args={'profile': 'default', 'state': 'lit', 'advancing': False}
2026-09-13 23:30:10,546 : INFO : EventManager : Event: ======'spinner_right_default_lit_hit'====== Args={'profile': 'default', 'state': 'lit', 'advancing': False}
2026-09-13 23:30:10,546 : INFO : EventManager : Event: ======'spinner_right_lit_hit'====== Args={'profile': 'default', 'state': 'lit', 'advancing': False}
2026-09-13 23:30:10,547 : INFO : EventManager : Event: ======'player_obey_right_spins'====== Args={'value': 37, 'prev_value': 36, 'change': 1, 'player_num': 1, 'source': 'obey'}
2026-09-13 23:30:10,552 : INFO : EventManager : Event: ======'player_score'====== Args={'value': 1320982, 'prev_value': 1310982, 'change': 10000, 'player_num': 1, 'source': 'base'}
2026-09-13 23:30:10,609 : INFO : SwitchController : <<<<<<< 's_44_spinner_right' inactive >>>>>>>
2026-09-13 23:30:10,801 : INFO : SwitchController : <<<<<<< 's_44_spinner_right' active >>>>>>>
2026-09-13 23:30:10,801 : INFO : EventManager : Event: ======'s_44_spinner_right_active'====== Args={}
2026-09-13 23:30:10,801 : INFO : EventManager : Event: ======'sw_playfield_active'====== Args={}
2026-09-13 23:30:10,801 : INFO : EventManager : Event: ======'sw_spinners'====== Args={}
2026-09-13 23:30:10,801 : INFO : EventManager : Event: ======'machine_var_audits_switches_s_44_spinner_right'====== Args={'value': 3035, 'prev_value': 3034, 'change': 1}
2026-09-13 23:30:10,802 : INFO : EventManager : Event: ======'obey_right_spin'====== Args={'priority': 0}
2026-09-13 23:30:10,802 : INFO : EventManager : Event: ======'machine_var_audits_shots_spinner_right'====== Args={'value': 3034, 'prev_value': 3033, 'change': 1}
2026-09-13 23:30:10,802 : INFO : EventManager : Event: ======'spinner_right_hit'====== Args={'profile': 'default', 'state': 'lit', 'advancing': False}
2026-09-13 23:30:10,802 : INFO : EventManager : Event: ======'spinner_right_default_hit'====== Args={'profile': 'default', 'state': 'lit', 'advancing': False}
2026-09-13 23:30:10,802 : INFO : EventManager : Event: ======'spinner_right_default_lit_hit'====== Args={'profile': 'default', 'state': 'lit', 'advancing': False}
2026-09-13 23:30:10,802 : INFO : EventManager : Event: ======'spinner_right_lit_hit'====== Args={'profile': 'default', 'state': 'lit', 'advancing': False}
2026-09-13 23:30:10,802 : INFO : EventManager : Event: ======'player_obey_right_spins'====== Args={'value': 38, 'prev_value': 37, 'change': 1, 'player_num': 1, 'source': 'obey'}
2026-09-13 23:30:10,808 : INFO : EventManager : Event: ======'player_score'====== Args={'value': 1330982, 'prev_value': 1320982, 'change': 10000, 'player_num': 1, 'source': 'base'}
2026-09-13 23:30:10,864 : INFO : SwitchController : <<<<<<< 's_44_spinner_right' inactive >>>>>>>
2026-09-13 23:30:11,038 : INFO : SwitchController : <<<<<<< 's_44_spinner_right' active >>>>>>>
2026-09-13 23:30:11,038 : INFO : EventManager : Event: ======'s_44_spinner_right_active'====== Args={}
2026-09-13 23:30:11,038 : INFO : EventManager : Event: ======'sw_playfield_active'====== Args={}
2026-09-13 23:30:11,038 : INFO : EventManager : Event: ======'sw_spinners'====== Args={}
2026-09-13 23:30:11,038 : INFO : EventManager : Event: ======'machine_var_audits_switches_s_44_spinner_right'====== Args={'value': 3036, 'prev_value': 3035, 'change': 1}
2026-09-13 23:30:11,039 : INFO : EventManager : Event: ======'obey_right_spin'====== Args={'priority': 0}
2026-09-13 23:30:11,039 : INFO : EventManager : Event: ======'machine_var_audits_shots_spinner_right'====== Args={'value': 3035, 'prev_value': 3034, 'change': 1}
2026-09-13 23:30:11,039 : INFO : EventManager : Event: ======'spinner_right_hit'====== Args={'profile': 'default', 'state': 'lit', 'advancing': False}
2026-09-13 23:30:11,039 : INFO : EventManager : Event: ======'spinner_right_default_hit'====== Args={'profile': 'default', 'state': 'lit', 'advancing': False}
2026-09-13 23:30:11,039 : INFO : EventManager : Event: ======'spinner_right_default_lit_hit'====== Args={'profile': 'default', 'state': 'lit', 'advancing': False}
2026-09-13 23:30:11,039 : INFO : EventManager : Event: ======'spinner_right_lit_hit'====== Args={'profile': 'default', 'state': 'lit', 'advancing': False}
2026-09-13 23:30:11,039 : INFO : EventManager : Event: ======'player_obey_right_spins'====== Args={'value': 39, 'prev_value': 38, 'change': 1, 'player_num': 1, 'source': 'obey'}
2026-09-13 23:30:11,046 : INFO : EventManager : Event: ======'player_score'====== Args={'value': 1340982, 'prev_value': 1330982, 'change': 10000, 'player_num': 1, 'source': 'base'}
2026-09-13 23:30:11,100 : INFO : SwitchController : <<<<<<< 's_44_spinner_right' inactive >>>>>>>
2026-09-13 23:30:11,247 : INFO : EventManager : Event: ======'player_obey_obey_stage1_timer_tick'====== Args={'value': 160, 'prev_value': 161, 'change': -1, 'player_num': 1}
2026-09-13 23:30:11,247 : INFO : EventManager : Event: ======'timer_obey_stage1_timer_tick'====== Args={'ticks': 160, 'ticks_remaining': 160}
2026-09-13 23:30:11,248 : INFO : SwitchController : <<<<<<< 's_44_spinner_right' active >>>>>>>
2026-09-13 23:30:11,248 : INFO : EventManager : Event: ======'s_44_spinner_right_active'====== Args={}
2026-09-13 23:30:11,248 : INFO : EventManager : Event: ======'sw_playfield_active'====== Args={}
2026-09-13 23:30:11,248 : INFO : EventManager : Event: ======'sw_spinners'====== Args={}
2026-09-13 23:30:11,248 : INFO : EventManager : Event: ======'machine_var_audits_switches_s_44_spinner_right'====== Args={'value': 3037, 'prev_value': 3036, 'change': 1}
2026-09-13 23:30:11,254 : INFO : EventManager : Event: ======'obey_right_spin'====== Args={'priority': 0}
2026-09-13 23:30:11,254 : INFO : EventManager : Event: ======'obey_right_goal_reached'====== Args={'priority': 0}
2026-09-13 23:30:11,254 : INFO : EventManager : Event: ======'machine_var_audits_shots_spinner_right'====== Args={'value': 3036, 'prev_value': 3035, 'change': 1}
2026-09-13 23:30:11,254 : INFO : EventManager : Event: ======'spinner_right_hit'====== Args={'profile': 'default', 'state': 'lit', 'advancing': False}
2026-09-13 23:30:11,254 : INFO : EventManager : Event: ======'spinner_right_default_hit'====== Args={'profile': 'default', 'state': 'lit', 'advancing': False}
2026-09-13 23:30:11,254 : INFO : EventManager : Event: ======'spinner_right_default_lit_hit'====== Args={'profile': 'default', 'state': 'lit', 'advancing': False}
2026-09-13 23:30:11,254 : INFO : EventManager : Event: ======'spinner_right_lit_hit'====== Args={'profile': 'default', 'state': 'lit', 'advancing': False}
2026-09-13 23:30:11,254 : INFO : EventManager : Event: ======'player_obey_right_spins'====== Args={'value': 40, 'prev_value': 39, 'change': 1, 'player_num': 1, 'source': 'obey'}
2026-09-13 23:30:11,261 : INFO : EventManager : Event: ======'obey_stage1_complete'====== Args={'priority': 0}
2026-09-13 23:30:11,261 : INFO : EventManager : Event: ======'player_obey_right_complete'====== Args={'value': 1, 'prev_value': 0, 'change': 1, 'player_num': 1, 'source': 'obey'}
2026-09-13 23:30:11,261 : INFO : EventManager : Event: ======'obey_stage2_started'====== Args={'priority': 0}
2026-09-13 23:30:11,262 : INFO : Timer.obey_stage1_timer : Stopping Timer
2026-09-13 23:30:11,262 : INFO : EventManager : Event: ======'timer_obey_stage1_timer_stopped'====== Args={'ticks': 160, 'ticks_remaining': 160}
2026-09-13 23:30:11,262 : INFO : EventManager : Event: ======'obey_varitarget_ready'====== Args={'priority': 0}
2026-09-13 23:30:11,262 : INFO : EventManager : Event: ======'player_obey_stage'====== Args={'value': 2, 'prev_value': 1, 'change': 1, 'player_num': 1, 'source': 'obey'}
2026-09-13 23:30:11,262 : INFO : Timer.obey_stage2_timer : Starting Timer.
2026-09-13 23:30:11,262 : INFO : EventManager : Event: ======'timer_obey_stage2_timer_started'====== Args={'ticks': 180, 'ticks_remaining': 180}
2026-09-13 23:30:11,262 : INFO : EventManager : Event: ======'timer_obey_stage2_timer_tick'====== Args={'ticks': 180, 'ticks_remaining': 180}
2026-09-13 23:30:11,262 : INFO : EventManager : Event: ======'obey_stage2_target_armed'====== Args={'priority': 0}
2026-09-13 23:30:11,262 : INFO : EventManager : Event: ======'player_obey_varitarget_ready'====== Args={'value': 1, 'prev_value': 0, 'change': 1, 'player_num': 1, 'source': 'obey'}
2026-09-13 23:30:11,279 : INFO : EventManager : Event: ======'player_score'====== Args={'value': 1350982, 'prev_value': 1340982, 'change': 10000, 'player_num': 1, 'source': 'base'}
2026-09-13 23:30:11,294 : INFO : EventManager : Event: ======'widget_ObeyStage1Widget_removed'====== Args={'_from_bcp': True}
2026-09-13 23:30:11,295 : INFO : EventManager : Event: ======'widget_ArrowSpinnersWidget_removed'====== Args={'_from_bcp': True}
2026-09-13 23:30:11,301 : INFO : EventManager : Event: ======'widget_obey_stage2_timer_widget_active'====== Args={'original_context': 'obey', 'original_calling_context': 'obey_stage2_started', 'priority': 500.0, 'cmd': 'widgets_play', '_from_bcp': True}
2026-09-13 23:30:11,304 : INFO : EventManager : Event: ======'widget_objective_widget_active'====== Args={'original_context': 'obey', 'original_calling_context': 'obey_stage2_target_armed', 'priority': 500.0, 'cmd': 'widgets_play', '_from_bcp': True}
2026-09-13 23:30:11,324 : INFO : SwitchController : <<<<<<< 's_44_spinner_right' inactive >>>>>>>
2026-09-13 23:30:11,451 : INFO : SwitchController : <<<<<<< 's_44_spinner_right' active >>>>>>>
2026-09-13 23:30:11,451 : INFO : EventManager : Event: ======'s_44_spinner_right_active'====== Args={}
2026-09-13 23:30:11,451 : INFO : EventManager : Event: ======'sw_playfield_active'====== Args={}
2026-09-13 23:30:11,451 : INFO : EventManager : Event: ======'sw_spinners'====== Args={}
2026-09-13 23:30:11,451 : INFO : EventManager : Event: ======'machine_var_audits_switches_s_44_spinner_right'====== Args={'value': 3038, 'prev_value': 3037, 'change': 1}
2026-09-13 23:30:11,452 : INFO : EventManager : Event: ======'machine_var_audits_shots_spinner_right'====== Args={'value': 3037, 'prev_value': 3036, 'change': 1}
2026-09-13 23:30:11,452 : INFO : EventManager : Event: ======'spinner_right_hit'====== Args={'profile': 'default', 'state': 'lit', 'advancing': False}
2026-09-13 23:30:11,452 : INFO : EventManager : Event: ======'spinner_right_default_hit'====== Args={'profile': 'default', 'state': 'lit', 'advancing': False}
2026-09-13 23:30:11,452 : INFO : EventManager : Event: ======'spinner_right_default_lit_hit'====== Args={'profile': 'default', 'state': 'lit', 'advancing': False}
2026-09-13 23:30:11,452 : INFO : EventManager : Event: ======'spinner_right_lit_hit'====== Args={'profile': 'default', 'state': 'lit', 'advancing': False}
2026-09-13 23:30:11,453 : INFO : EventManager : Event: ======'player_score'====== Args={'value': 1360982, 'prev_value': 1350982, 'change': 10000, 'player_num': 1, 'source': 'base'}
2026-09-13 23:30:11,546 : INFO : SwitchController : <<<<<<< 's_44_spinner_right' inactive >>>>>>>
2026-09-13 23:30:11,674 : INFO : SwitchController : <<<<<<< 's_44_spinner_right' active >>>>>>>
2026-09-13 23:30:11,674 : INFO : EventManager : Event: ======'s_44_spinner_right_active'====== Args={}
2026-09-13 23:30:11,674 : INFO : EventManager : Event: ======'sw_playfield_active'====== Args={}
2026-09-13 23:30:11,674 : INFO : EventManager : Event: ======'sw_spinners'====== Args={}
2026-09-13 23:30:11,674 : INFO : EventManager : Event: ======'machine_var_audits_switches_s_44_spinner_right'====== Args={'value': 3039, 'prev_value': 3038, 'change': 1}
2026-09-13 23:30:11,675 : INFO : EventManager : Event: ======'machine_var_audits_shots_spinner_right'====== Args={'value': 3038, 'prev_value': 3037, 'change': 1}
2026-09-13 23:30:11,675 : INFO : EventManager : Event: ======'spinner_right_hit'====== Args={'profile': 'default', 'state': 'lit', 'advancing': False}
2026-09-13 23:30:11,675 : INFO : EventManager : Event: ======'spinner_right_default_hit'====== Args={'profile': 'default', 'state': 'lit', 'advancing': False}
2026-09-13 23:30:11,675 : INFO : EventManager : Event: ======'spinner_right_default_lit_hit'====== Args={'profile': 'default', 'state': 'lit', 'advancing': False}
2026-09-13 23:30:11,675 : INFO : EventManager : Event: ======'spinner_right_lit_hit'====== Args={'profile': 'default', 'state': 'lit', 'advancing': False}
2026-09-13 23:30:11,676 : INFO : EventManager : Event: ======'player_score'====== Args={'value': 1370982, 'prev_value': 1360982, 'change': 10000, 'player_num': 1, 'source': 'base'}
2026-09-13 23:30:11,784 : INFO : SwitchController : <<<<<<< 's_44_spinner_right' inactive >>>>>>>
2026-09-13 23:30:11,879 : INFO : SwitchController : <<<<<<< 's_44_spinner_right' active >>>>>>>
2026-09-13 23:30:11,879 : INFO : EventManager : Event: ======'s_44_spinner_right_active'====== Args={}
2026-09-13 23:30:11,880 : INFO : EventManager : Event: ======'sw_playfield_active'====== Args={}
2026-09-13 23:30:11,880 : INFO : EventManager : Event: ======'sw_spinners'====== Args={}
2026-09-13 23:30:11,880 : INFO : EventManager : Event: ======'machine_var_audits_switches_s_44_spinner_right'====== Args={'value': 3040, 'prev_value': 3039, 'change': 1}
2026-09-13 23:30:11,880 : INFO : EventManager : Event: ======'machine_var_audits_shots_spinner_right'====== Args={'value': 3039, 'prev_value': 3038, 'change': 1}
2026-09-13 23:30:11,881 : INFO : EventManager : Event: ======'spinner_right_hit'====== Args={'profile': 'default', 'state': 'lit', 'advancing': False}
2026-09-13 23:30:11,881 : INFO : EventManager : Event: ======'spinner_right_default_hit'====== Args={'profile': 'default', 'state': 'lit', 'advancing': False}
2026-09-13 23:30:11,881 : INFO : EventManager : Event: ======'spinner_right_default_lit_hit'====== Args={'profile': 'default', 'state': 'lit', 'advancing': False}
2026-09-13 23:30:11,881 : INFO : EventManager : Event: ======'spinner_right_lit_hit'====== Args={'profile': 'default', 'state': 'lit', 'advancing': False}
2026-09-13 23:30:11,881 : INFO : EventManager : Event: ======'player_score'====== Args={'value': 1380982, 'prev_value': 1370982, 'change': 10000, 'player_num': 1, 'source': 'base'}
2026-09-13 23:30:12,023 : INFO : SwitchController : <<<<<<< 's_44_spinner_right' inactive >>>>>>>
2026-09-13 23:30:12,100 : INFO : SwitchController : <<<<<<< 's_44_spinner_right' active >>>>>>>
2026-09-13 23:30:12,100 : INFO : EventManager : Event: ======'s_44_spinner_right_active'====== Args={}
2026-09-13 23:30:12,100 : INFO : EventManager : Event: ======'sw_playfield_active'====== Args={}
2026-09-13 23:30:12,100 : INFO : EventManager : Event: ======'sw_spinners'====== Args={}
2026-09-13 23:30:12,100 : INFO : EventManager : Event: ======'machine_var_audits_switches_s_44_spinner_right'====== Args={'value': 3041, 'prev_value': 3040, 'change': 1}
2026-09-13 23:30:12,101 : INFO : EventManager : Event: ======'machine_var_audits_shots_spinner_right'====== Args={'value': 3040, 'prev_value': 3039, 'change': 1}
2026-09-13 23:30:12,101 : INFO : EventManager : Event: ======'spinner_right_hit'====== Args={'profile': 'default', 'state': 'lit', 'advancing': False}
2026-09-13 23:30:12,101 : INFO : EventManager : Event: ======'spinner_right_default_hit'====== Args={'profile': 'default', 'state': 'lit', 'advancing': False}
2026-09-13 23:30:12,101 : INFO : EventManager : Event: ======'spinner_right_default_lit_hit'====== Args={'profile': 'default', 'state': 'lit', 'advancing': False}
2026-09-13 23:30:12,101 : INFO : EventManager : Event: ======'spinner_right_lit_hit'====== Args={'profile': 'default', 'state': 'lit', 'advancing': False}
2026-09-13 23:30:12,102 : INFO : EventManager : Event: ======'player_score'====== Args={'value': 1390982, 'prev_value': 1380982, 'change': 10000, 'player_num': 1, 'source': 'base'}
2026-09-13 23:30:12,245 : INFO : EventManager : Event: ======'player_obey_obey_stage2_timer_tick'====== Args={'value': 179, 'prev_value': 180, 'change': -1, 'player_num': 1}
2026-09-13 23:30:12,246 : INFO : EventManager : Event: ======'timer_obey_stage2_timer_tick'====== Args={'ticks': 179, 'ticks_remaining': 179}
2026-09-13 23:30:13,247 : INFO : EventManager : Event: ======'player_obey_obey_stage2_timer_tick'====== Args={'value': 178, 'prev_value': 179, 'change': -1, 'player_num': 1}
2026-09-13 23:30:13,248 : INFO : EventManager : Event: ======'timer_obey_stage2_timer_tick'====== Args={'ticks': 178, 'ticks_remaining': 178}
2026-09-13 23:30:14,246 : INFO : EventManager : Event: ======'player_obey_obey_stage2_timer_tick'====== Args={'value': 177, 'prev_value': 178, 'change': -1, 'player_num': 1}
2026-09-13 23:30:14,246 : INFO : EventManager : Event: ======'timer_obey_stage2_timer_tick'====== Args={'ticks': 177, 'ticks_remaining': 177}
2026-09-13 23:30:15,244 : INFO : EventManager : Event: ======'player_obey_obey_stage2_timer_tick'====== Args={'value': 176, 'prev_value': 177, 'change': -1, 'player_num': 1}
2026-09-13 23:30:15,245 : INFO : EventManager : Event: ======'timer_obey_stage2_timer_tick'====== Args={'ticks': 176, 'ticks_remaining': 176}
2026-09-13 23:30:16,243 : INFO : EventManager : Event: ======'player_obey_obey_stage2_timer_tick'====== Args={'value': 175, 'prev_value': 176, 'change': -1, 'player_num': 1}
2026-09-13 23:30:16,243 : INFO : EventManager : Event: ======'timer_obey_stage2_timer_tick'====== Args={'ticks': 175, 'ticks_remaining': 175}
2026-09-13 23:30:17,235 : INFO : EventManager : Event: ======'player_obey_obey_stage2_timer_tick'====== Args={'value': 174, 'prev_value': 175, 'change': -1, 'player_num': 1}
2026-09-13 23:30:17,235 : INFO : EventManager : Event: ======'timer_obey_stage2_timer_tick'====== Args={'ticks': 174, 'ticks_remaining': 174}
2026-09-13 23:30:18,236 : INFO : EventManager : Event: ======'player_obey_obey_stage2_timer_tick'====== Args={'value': 173, 'prev_value': 174, 'change': -1, 'player_num': 1}
2026-09-13 23:30:18,236 : INFO : EventManager : Event: ======'timer_obey_stage2_timer_tick'====== Args={'ticks': 173, 'ticks_remaining': 173}
2026-09-13 23:30:19,235 : INFO : EventManager : Event: ======'player_obey_obey_stage2_timer_tick'====== Args={'value': 172, 'prev_value': 173, 'change': -1, 'player_num': 1}
2026-09-13 23:30:19,235 : INFO : EventManager : Event: ======'timer_obey_stage2_timer_tick'====== Args={'ticks': 172, 'ticks_remaining': 172}
2026-09-13 23:30:20,239 : INFO : EventManager : Event: ======'player_obey_obey_stage2_timer_tick'====== Args={'value': 171, 'prev_value': 172, 'change': -1, 'player_num': 1}
2026-09-13 23:30:20,239 : INFO : EventManager : Event: ======'timer_obey_stage2_timer_tick'====== Args={'ticks': 171, 'ticks_remaining': 171}
2026-09-13 23:30:21,250 : INFO : EventManager : Event: ======'player_obey_obey_stage2_timer_tick'====== Args={'value': 170, 'prev_value': 171, 'change': -1, 'player_num': 1}
2026-09-13 23:30:21,250 : INFO : EventManager : Event: ======'timer_obey_stage2_timer_tick'====== Args={'ticks': 170, 'ticks_remaining': 170}
2026-09-13 23:30:21,327 : INFO : SwitchController : <<<<<<< 's_64_varitarget_position_1' active >>>>>>>
2026-09-13 23:30:21,327 : INFO : EventManager : Event: ======'s_64_varitarget_position_1_active'====== Args={}
2026-09-13 23:30:21,327 : INFO : EventManager : Event: ======'sw_vari'====== Args={}
2026-09-13 23:30:21,327 : INFO : EventManager : Event: ======'machine_var_audits_switches_s_64_varitarget_position_1'====== Args={'value': 16588, 'prev_value': 16587, 'change': 1}
2026-09-13 23:30:21,329 : INFO : EventManager : Event: ======'glasses_pending_position_1'====== Args={'priority': 0}
2026-09-13 23:30:21,329 : INFO : EventManager : Event: ======'machine_var_audits_shots_varitarget_p1'====== Args={'value': 16555, 'prev_value': 16554, 'change': 1}
2026-09-13 23:30:21,329 : INFO : EventManager : Event: ======'varitarget_p1_hit'====== Args={'profile': 'default', 'state': 'lit', 'advancing': False}
2026-09-13 23:30:21,329 : INFO : EventManager : Event: ======'varitarget_p1_default_hit'====== Args={'profile': 'default', 'state': 'lit', 'advancing': False}
2026-09-13 23:30:21,329 : INFO : EventManager : Event: ======'varitarget_p1_default_lit_hit'====== Args={'profile': 'default', 'state': 'lit', 'advancing': False}
2026-09-13 23:30:21,329 : INFO : EventManager : Event: ======'varitarget_p1_lit_hit'====== Args={'profile': 'default', 'state': 'lit', 'advancing': False}
2026-09-13 23:30:21,329 : INFO : EventManager : Event: ======'varitarget_position_changed'====== Args={'priority': 0}
2026-09-13 23:30:21,329 : INFO : EventManager : Event: ======'varitarget_reset_stop'====== Args={'priority': 0}
2026-09-13 23:30:21,329 : INFO : EventManager : Event: ======'varitarget_reset_complete'====== Args={'priority': 0}
2026-09-13 23:30:21,329 : INFO : EventManager : Event: ======'glasses_position_confirm_restart'====== Args={'priority': 0}
2026-09-13 23:30:21,329 : INFO : EventManager : Event: ======'player_glasses_mode_glasses_position_confirm_tick'====== Args={'value': 0, 'prev_value': 1, 'change': -1, 'player_num': 1}
2026-09-13 23:30:21,330 : INFO : Timer.glasses_position_confirm : Starting Timer.
2026-09-13 23:30:21,330 : INFO : EventManager : Event: ======'timer_glasses_position_confirm_started'====== Args={'ticks': 0, 'ticks_remaining': 1}
2026-09-13 23:30:21,330 : INFO : EventManager : Event: ======'timer_glasses_position_confirm_tick'====== Args={'ticks': 0, 'ticks_remaining': 1}
2026-09-13 23:30:21,335 : INFO : EventManager : Event: ======'varitarget_positions_hit'====== Args={'shot': 'varitarget_p1'}
2026-09-13 23:30:21,335 : INFO : EventManager : Event: ======'varitarget_positions_lit_hit'====== Args={'shot': 'varitarget_p1'}
2026-09-13 23:30:21,335 : INFO : EventManager : Event: ======'varitarget_update_stable'====== Args={'priority': 0}
2026-09-13 23:30:21,335 : INFO : Timer.varitarget_reset_timer : Stopping Timer
2026-09-13 23:30:21,336 : INFO : EventManager : Event: ======'timer_varitarget_reset_timer_stopped'====== Args={'ticks': 0, 'ticks_remaining': 999999}
2026-09-13 23:30:21,336 : INFO : EventManager : Event: ======'obey_varitarget_ready'====== Args={'priority': 0}
2026-09-13 23:30:21,336 : INFO : EventManager : Event: ======'obey_stage2_target_armed'====== Args={'priority': 0}
2026-09-13 23:30:21,336 : INFO : EventManager : Event: ======'player_score'====== Args={'value': 1391024, 'prev_value': 1390982, 'change': 42, 'player_num': 1, 'source': 'base'}
2026-09-13 23:30:21,353 : INFO : SwitchController : <<<<<<< 's_64_varitarget_position_1' inactive >>>>>>>
2026-09-13 23:30:21,353 : INFO : SwitchController : <<<<<<< 's_64_varitarget_position_1' active >>>>>>>
2026-09-13 23:30:21,353 : INFO : EventManager : Event: ======'s_64_varitarget_position_1_active'====== Args={}
2026-09-13 23:30:21,353 : INFO : EventManager : Event: ======'sw_vari'====== Args={}
2026-09-13 23:30:21,353 : INFO : EventManager : Event: ======'machine_var_audits_switches_s_64_varitarget_position_1'====== Args={'value': 16589, 'prev_value': 16588, 'change': 1}
2026-09-13 23:30:21,354 : INFO : EventManager : Event: ======'glasses_pending_position_1'====== Args={'priority': 0}
2026-09-13 23:30:21,354 : INFO : EventManager : Event: ======'machine_var_audits_shots_varitarget_p1'====== Args={'value': 16556, 'prev_value': 16555, 'change': 1}
2026-09-13 23:30:21,354 : INFO : EventManager : Event: ======'varitarget_p1_hit'====== Args={'profile': 'default', 'state': 'lit', 'advancing': False}
2026-09-13 23:30:21,354 : INFO : EventManager : Event: ======'varitarget_p1_default_hit'====== Args={'profile': 'default', 'state': 'lit', 'advancing': False}
2026-09-13 23:30:21,354 : INFO : EventManager : Event: ======'varitarget_p1_default_lit_hit'====== Args={'profile': 'default', 'state': 'lit', 'advancing': False}
2026-09-13 23:30:21,354 : INFO : EventManager : Event: ======'varitarget_p1_lit_hit'====== Args={'profile': 'default', 'state': 'lit', 'advancing': False}
2026-09-13 23:30:21,354 : INFO : EventManager : Event: ======'varitarget_position_changed'====== Args={'priority': 0}
2026-09-13 23:30:21,354 : INFO : EventManager : Event: ======'varitarget_reset_stop'====== Args={'priority': 0}
2026-09-13 23:30:21,354 : INFO : EventManager : Event: ======'varitarget_reset_complete'====== Args={'priority': 0}
2026-09-13 23:30:21,354 : INFO : EventManager : Event: ======'glasses_position_confirm_restart'====== Args={'priority': 0}
2026-09-13 23:30:21,354 : INFO : EventManager : Event: ======'timer_glasses_position_confirm_tick'====== Args={'ticks': 0, 'ticks_remaining': 1}
2026-09-13 23:30:21,354 : INFO : EventManager : Event: ======'varitarget_positions_hit'====== Args={'shot': 'varitarget_p1'}
2026-09-13 23:30:21,354 : INFO : EventManager : Event: ======'varitarget_positions_lit_hit'====== Args={'shot': 'varitarget_p1'}
2026-09-13 23:30:21,355 : INFO : EventManager : Event: ======'varitarget_update_stable'====== Args={'priority': 0}
2026-09-13 23:30:21,355 : INFO : Timer.varitarget_reset_timer : Stopping Timer
2026-09-13 23:30:21,355 : INFO : EventManager : Event: ======'timer_varitarget_reset_timer_stopped'====== Args={'ticks': 0, 'ticks_remaining': 999999}
2026-09-13 23:30:21,355 : INFO : EventManager : Event: ======'obey_varitarget_ready'====== Args={'priority': 0}
2026-09-13 23:30:21,355 : INFO : EventManager : Event: ======'obey_stage2_target_armed'====== Args={'priority': 0}
2026-09-13 23:30:21,355 : INFO : EventManager : Event: ======'player_score'====== Args={'value': 1391066, 'prev_value': 1391024, 'change': 42, 'player_num': 1, 'source': 'base'}
2026-09-13 23:30:21,365 : INFO : SwitchController : <<<<<<< 's_65_varitarget_position_2' active >>>>>>>
2026-09-13 23:30:21,365 : INFO : EventManager : Event: ======'s_65_varitarget_position_2_active'====== Args={}
2026-09-13 23:30:21,365 : INFO : EventManager : Event: ======'sw_vari'====== Args={}
2026-09-13 23:30:21,365 : INFO : EventManager : Event: ======'machine_var_audits_switches_s_65_varitarget_position_2'====== Args={'value': 1002, 'prev_value': 1001, 'change': 1}
2026-09-13 23:30:21,366 : INFO : EventManager : Event: ======'glasses_pending_position_2'====== Args={'priority': 0}
2026-09-13 23:30:21,366 : INFO : EventManager : Event: ======'player_shot_varitarget_p2'====== Args={'value': 1, 'prev_value': 0, 'change': 1, 'player_num': 1}
2026-09-13 23:30:21,366 : INFO : EventManager : Event: ======'machine_var_audits_shots_varitarget_p2'====== Args={'value': 1001, 'prev_value': 1000, 'change': 1}
2026-09-13 23:30:21,366 : INFO : EventManager : Event: ======'varitarget_p2_hit'====== Args={'profile': 'default', 'state': 'unlit', 'advancing': True}
2026-09-13 23:30:21,366 : INFO : EventManager : Event: ======'varitarget_p2_default_hit'====== Args={'profile': 'default', 'state': 'unlit', 'advancing': True}
2026-09-13 23:30:21,366 : INFO : EventManager : Event: ======'varitarget_p2_default_unlit_hit'====== Args={'profile': 'default', 'state': 'unlit', 'advancing': True}
2026-09-13 23:30:21,366 : INFO : EventManager : Event: ======'varitarget_p2_unlit_hit'====== Args={'profile': 'default', 'state': 'unlit', 'advancing': True}
2026-09-13 23:30:21,366 : INFO : EventManager : Event: ======'varitarget_position_changed'====== Args={'priority': 0}
2026-09-13 23:30:21,367 : INFO : EventManager : Event: ======'player_varitarget_position'====== Args={'value': 2, 'prev_value': 1, 'change': 1, 'player_num': 1, 'source': 'base'}
2026-09-13 23:30:21,367 : INFO : EventManager : Event: ======'glasses_position_confirm_restart'====== Args={'priority': 0}
2026-09-13 23:30:21,367 : INFO : EventManager : Event: ======'player_glasses_pending_position'====== Args={'value': 2, 'prev_value': 1, 'change': 1, 'player_num': 1, 'source': 'glasses_mode'}
2026-09-13 23:30:21,367 : INFO : EventManager : Event: ======'timer_glasses_position_confirm_tick'====== Args={'ticks': 0, 'ticks_remaining': 1}
2026-09-13 23:30:21,378 : INFO : EventManager : Event: ======'varitarget_positions_hit'====== Args={'shot': 'varitarget_p2'}
2026-09-13 23:30:21,378 : INFO : EventManager : Event: ======'varitarget_positions_unlit_hit'====== Args={'shot': 'varitarget_p2'}
2026-09-13 23:30:21,379 : INFO : EventManager : Event: ======'varitarget_hit_begin'====== Args={'priority': 0}
2026-09-13 23:30:21,379 : INFO : EventManager : Event: ======'varitarget_hit_window_start'====== Args={'priority': 0}
2026-09-13 23:30:21,379 : INFO : EventManager : Event: ======'player_varitarget_hit_active'====== Args={'value': 1, 'prev_value': 0, 'change': 1, 'player_num': 1, 'source': 'base'}
2026-09-13 23:30:21,379 : INFO : EventManager : Event: ======'player_varitarget_hit_max_pos'====== Args={'value': 2, 'prev_value': 1, 'change': 1, 'player_num': 1, 'source': 'base'}
2026-09-13 23:30:21,379 : INFO : Timer.varitarget_hit_settle : Starting Timer.
2026-09-13 23:30:21,379 : INFO : EventManager : Event: ======'timer_varitarget_hit_settle_started'====== Args={'ticks': 3, 'ticks_remaining': 3}
2026-09-13 23:30:21,379 : INFO : EventManager : Event: ======'timer_varitarget_hit_settle_tick'====== Args={'ticks': 3, 'ticks_remaining': 3}
2026-09-13 23:30:21,396 : INFO : EventManager : Event: ======'player_score'====== Args={'value': 1391108, 'prev_value': 1391066, 'change': 42, 'player_num': 1, 'source': 'base'}
2026-09-13 23:30:21,406 : INFO : SwitchController : <<<<<<< 's_65_varitarget_position_2' inactive >>>>>>>
2026-09-13 23:30:21,469 : INFO : EventManager : Event: ======'player_base_varitarget_hit_settle_tick'====== Args={'value': 2, 'prev_value': 3, 'change': -1, 'player_num': 1}
2026-09-13 23:30:21,469 : INFO : EventManager : Event: ======'timer_varitarget_hit_settle_tick'====== Args={'ticks': 2, 'ticks_remaining': 2}
2026-09-13 23:30:21,533 : INFO : SwitchController : <<<<<<< 's_40_stand_up_target_5' active >>>>>>>
2026-09-13 23:30:21,533 : INFO : EventManager : Event: ======'s_40_stand_up_target_5_active'====== Args={}
2026-09-13 23:30:21,533 : INFO : EventManager : Event: ======'sw_playfield_active'====== Args={}
2026-09-13 23:30:21,533 : INFO : EventManager : Event: ======'sw_standups'====== Args={}
2026-09-13 23:30:21,533 : INFO : EventManager : Event: ======'machine_var_audits_switches_s_40_stand_up_target_5'====== Args={'value': 639, 'prev_value': 638, 'change': 1}
2026-09-13 23:30:21,534 : INFO : EventManager : Event: ======'stars_t40_on'====== Args={'priority': 0}
2026-09-13 23:30:21,534 : INFO : EventManager : Event: ======'stars_count_updated'====== Args={'priority': 0}
2026-09-13 23:30:21,534 : INFO : EventManager : Event: ======'stars_monitor_t40_on'====== Args={'priority': 0}
2026-09-13 23:30:21,534 : INFO : EventManager : Event: ======'player_stars_t40'====== Args={'value': 1, 'prev_value': 0, 'change': 1, 'player_num': 1, 'source': 'stars_mode'}
2026-09-13 23:30:21,534 : INFO : EventManager : Event: ======'player_stars_targets_lit_count'====== Args={'value': 1, 'prev_value': 0, 'change': 1, 'player_num': 1, 'source': 'stars_mode'}
2026-09-13 23:30:21,545 : INFO : EventManager : Event: ======'player_score'====== Args={'value': 1391150, 'prev_value': 1391108, 'change': 42, 'player_num': 1, 'source': 'base'}
2026-09-13 23:30:21,564 : INFO : EventManager : Event: ======'player_base_varitarget_hit_settle_tick'====== Args={'value': 1, 'prev_value': 2, 'change': -1, 'player_num': 1}
2026-09-13 23:30:21,564 : INFO : EventManager : Event: ======'timer_varitarget_hit_settle_tick'====== Args={'ticks': 1, 'ticks_remaining': 1}
2026-09-13 23:30:21,565 : INFO : SwitchController : <<<<<<< 's_40_stand_up_target_5' inactive >>>>>>>
2026-09-13 23:30:21,571 : INFO : SwitchController : <<<<<<< 's_69_varitarget_position_6' active >>>>>>>
2026-09-13 23:30:21,571 : INFO : EventManager : Event: ======'s_69_varitarget_position_6_active'====== Args={}
2026-09-13 23:30:21,571 : INFO : EventManager : Event: ======'sw_vari'====== Args={}
2026-09-13 23:30:21,571 : INFO : EventManager : Event: ======'machine_var_audits_switches_s_69_varitarget_position_6'====== Args={'value': 541, 'prev_value': 540, 'change': 1}
2026-09-13 23:30:21,571 : INFO : SwitchController : <<<<<<< 's_69_varitarget_position_6' inactive >>>>>>>
2026-09-13 23:30:21,575 : INFO : EventManager : Event: ======'glasses_pending_position_6'====== Args={'priority': 0}
2026-09-13 23:30:21,575 : INFO : EventManager : Event: ======'player_shot_varitarget_p6'====== Args={'value': 1, 'prev_value': 0, 'change': 1, 'player_num': 1}
2026-09-13 23:30:21,576 : INFO : EventManager : Event: ======'machine_var_audits_shots_varitarget_p6'====== Args={'value': 541, 'prev_value': 540, 'change': 1}
2026-09-13 23:30:21,576 : INFO : EventManager : Event: ======'varitarget_p6_hit'====== Args={'profile': 'default', 'state': 'unlit', 'advancing': True}
2026-09-13 23:30:21,576 : INFO : EventManager : Event: ======'varitarget_p6_default_hit'====== Args={'profile': 'default', 'state': 'unlit', 'advancing': True}
2026-09-13 23:30:21,576 : INFO : EventManager : Event: ======'varitarget_p6_default_unlit_hit'====== Args={'profile': 'default', 'state': 'unlit', 'advancing': True}
2026-09-13 23:30:21,576 : INFO : EventManager : Event: ======'varitarget_p6_unlit_hit'====== Args={'profile': 'default', 'state': 'unlit', 'advancing': True}
2026-09-13 23:30:21,576 : INFO : EventManager : Event: ======'varitarget_position_changed'====== Args={'priority': 0}
2026-09-13 23:30:21,576 : INFO : EventManager : Event: ======'player_varitarget_position'====== Args={'value': 6, 'prev_value': 2, 'change': 4, 'player_num': 1, 'source': 'base'}
2026-09-13 23:30:21,576 : INFO : EventManager : Event: ======'glasses_position_confirm_restart'====== Args={'priority': 0}
2026-09-13 23:30:21,576 : INFO : EventManager : Event: ======'player_glasses_pending_position'====== Args={'value': 6, 'prev_value': 2, 'change': 4, 'player_num': 1, 'source': 'glasses_mode'}
2026-09-13 23:30:21,576 : INFO : EventManager : Event: ======'timer_glasses_position_confirm_tick'====== Args={'ticks': 0, 'ticks_remaining': 1}
2026-09-13 23:30:21,588 : INFO : EventManager : Event: ======'varitarget_positions_hit'====== Args={'shot': 'varitarget_p6'}
2026-09-13 23:30:21,588 : INFO : EventManager : Event: ======'varitarget_positions_unlit_hit'====== Args={'shot': 'varitarget_p6'}
2026-09-13 23:30:21,588 : INFO : EventManager : Event: ======'varitarget_hit_window_restart'====== Args={'priority': 0}
2026-09-13 23:30:21,588 : INFO : EventManager : Event: ======'varitarget_hit_update_max'====== Args={'priority': 0}
2026-09-13 23:30:21,589 : INFO : EventManager : Event: ======'player_base_varitarget_hit_settle_tick'====== Args={'value': 3, 'prev_value': 1, 'change': 2, 'player_num': 1}
2026-09-13 23:30:21,589 : INFO : EventManager : Event: ======'timer_varitarget_hit_settle_tick'====== Args={'ticks': 3, 'ticks_remaining': 3}
2026-09-13 23:30:21,594 : INFO : EventManager : Event: ======'player_varitarget_hit_max_pos'====== Args={'value': 6, 'prev_value': 2, 'change': 4, 'player_num': 1, 'source': 'base'}
2026-09-13 23:30:21,605 : INFO : EventManager : Event: ======'player_score'====== Args={'value': 1391192, 'prev_value': 1391150, 'change': 42, 'player_num': 1, 'source': 'base'}
2026-09-13 23:30:21,615 : INFO : SwitchController : <<<<<<< 's_69_varitarget_position_6' active >>>>>>>
2026-09-13 23:30:21,615 : INFO : EventManager : Event: ======'s_69_varitarget_position_6_active'====== Args={}
2026-09-13 23:30:21,615 : INFO : EventManager : Event: ======'sw_vari'====== Args={}
2026-09-13 23:30:21,616 : INFO : EventManager : Event: ======'machine_var_audits_switches_s_69_varitarget_position_6'====== Args={'value': 542, 'prev_value': 541, 'change': 1}
2026-09-13 23:30:21,616 : INFO : SwitchController : <<<<<<< 's_69_varitarget_position_6' inactive >>>>>>>
2026-09-13 23:30:21,616 : INFO : EventManager : Event: ======'glasses_pending_position_6'====== Args={'priority': 0}
2026-09-13 23:30:21,616 : INFO : EventManager : Event: ======'machine_var_audits_shots_varitarget_p6'====== Args={'value': 542, 'prev_value': 541, 'change': 1}
2026-09-13 23:30:21,617 : INFO : EventManager : Event: ======'varitarget_p6_hit'====== Args={'profile': 'default', 'state': 'lit', 'advancing': False}
2026-09-13 23:30:21,617 : INFO : EventManager : Event: ======'varitarget_p6_default_hit'====== Args={'profile': 'default', 'state': 'lit', 'advancing': False}
2026-09-13 23:30:21,617 : INFO : EventManager : Event: ======'varitarget_p6_default_lit_hit'====== Args={'profile': 'default', 'state': 'lit', 'advancing': False}
2026-09-13 23:30:21,617 : INFO : EventManager : Event: ======'varitarget_p6_lit_hit'====== Args={'profile': 'default', 'state': 'lit', 'advancing': False}
2026-09-13 23:30:21,617 : INFO : EventManager : Event: ======'varitarget_position_changed'====== Args={'priority': 0}
2026-09-13 23:30:21,617 : INFO : EventManager : Event: ======'glasses_position_confirm_restart'====== Args={'priority': 0}
2026-09-13 23:30:21,617 : INFO : EventManager : Event: ======'timer_glasses_position_confirm_tick'====== Args={'ticks': 0, 'ticks_remaining': 1}
2026-09-13 23:30:21,617 : INFO : EventManager : Event: ======'varitarget_positions_hit'====== Args={'shot': 'varitarget_p6'}
2026-09-13 23:30:21,617 : INFO : EventManager : Event: ======'varitarget_positions_lit_hit'====== Args={'shot': 'varitarget_p6'}
2026-09-13 23:30:21,617 : INFO : EventManager : Event: ======'varitarget_hit_window_restart'====== Args={'priority': 0}
2026-09-13 23:30:21,617 : INFO : EventManager : Event: ======'varitarget_hit_update_max'====== Args={'priority': 0}
2026-09-13 23:30:21,617 : INFO : EventManager : Event: ======'timer_varitarget_hit_settle_tick'====== Args={'ticks': 3, 'ticks_remaining': 3}
2026-09-13 23:30:21,617 : INFO : EventManager : Event: ======'player_score'====== Args={'value': 1391234, 'prev_value': 1391192, 'change': 42, 'player_num': 1, 'source': 'base'}
2026-09-13 23:30:21,647 : INFO : SwitchController : <<<<<<< 's_70_varitarget_position_7' active >>>>>>>
2026-09-13 23:30:21,647 : INFO : EventManager : Event: ======'s_70_varitarget_position_7_active'====== Args={}
2026-09-13 23:30:21,647 : INFO : EventManager : Event: ======'sw_vari'====== Args={}
2026-09-13 23:30:21,647 : INFO : EventManager : Event: ======'machine_var_audits_switches_s_70_varitarget_position_7'====== Args={'value': 313, 'prev_value': 312, 'change': 1}
2026-09-13 23:30:21,648 : INFO : SwitchController : <<<<<<< 's_70_varitarget_position_7' inactive >>>>>>>
2026-09-13 23:30:21,648 : INFO : SwitchController : <<<<<<< 's_70_varitarget_position_7' active >>>>>>>
2026-09-13 23:30:21,648 : INFO : EventManager : Event: ======'s_70_varitarget_position_7_active'====== Args={}
2026-09-13 23:30:21,648 : INFO : EventManager : Event: ======'sw_vari'====== Args={}
2026-09-13 23:30:21,648 : INFO : EventManager : Event: ======'machine_var_audits_switches_s_70_varitarget_position_7'====== Args={'value': 314, 'prev_value': 313, 'change': 1}
2026-09-13 23:30:21,648 : INFO : EventManager : Event: ======'glasses_pending_position_7'====== Args={'priority': 0}
2026-09-13 23:30:21,648 : INFO : EventManager : Event: ======'player_shot_varitarget_p7'====== Args={'value': 1, 'prev_value': 0, 'change': 1, 'player_num': 1}
2026-09-13 23:30:21,649 : INFO : EventManager : Event: ======'machine_var_audits_shots_varitarget_p7'====== Args={'value': 313, 'prev_value': 312, 'change': 1}
2026-09-13 23:30:21,649 : INFO : EventManager : Event: ======'varitarget_p7_hit'====== Args={'profile': 'default', 'state': 'unlit', 'advancing': True}
2026-09-13 23:30:21,649 : INFO : EventManager : Event: ======'varitarget_p7_default_hit'====== Args={'profile': 'default', 'state': 'unlit', 'advancing': True}
2026-09-13 23:30:21,649 : INFO : EventManager : Event: ======'varitarget_p7_default_unlit_hit'====== Args={'profile': 'default', 'state': 'unlit', 'advancing': True}
2026-09-13 23:30:21,649 : INFO : EventManager : Event: ======'varitarget_p7_unlit_hit'====== Args={'profile': 'default', 'state': 'unlit', 'advancing': True}
2026-09-13 23:30:21,649 : INFO : EventManager : Event: ======'varitarget_position_changed'====== Args={'priority': 0}
2026-09-13 23:30:21,649 : INFO : EventManager : Event: ======'player_varitarget_position'====== Args={'value': 7, 'prev_value': 6, 'change': 1, 'player_num': 1, 'source': 'base'}
2026-09-13 23:30:21,649 : INFO : EventManager : Event: ======'glasses_position_confirm_restart'====== Args={'priority': 0}
2026-09-13 23:30:21,649 : INFO : EventManager : Event: ======'player_glasses_pending_position'====== Args={'value': 7, 'prev_value': 6, 'change': 1, 'player_num': 1, 'source': 'glasses_mode'}
2026-09-13 23:30:21,649 : INFO : EventManager : Event: ======'timer_glasses_position_confirm_tick'====== Args={'ticks': 0, 'ticks_remaining': 1}
2026-09-13 23:30:21,660 : INFO : EventManager : Event: ======'varitarget_positions_hit'====== Args={'shot': 'varitarget_p7'}
2026-09-13 23:30:21,660 : INFO : EventManager : Event: ======'varitarget_positions_unlit_hit'====== Args={'shot': 'varitarget_p7'}
2026-09-13 23:30:21,660 : INFO : EventManager : Event: ======'varitarget_hit_window_restart'====== Args={'priority': 0}
2026-09-13 23:30:21,660 : INFO : EventManager : Event: ======'varitarget_hit_update_max'====== Args={'priority': 0}
2026-09-13 23:30:21,661 : INFO : EventManager : Event: ======'timer_varitarget_hit_settle_tick'====== Args={'ticks': 3, 'ticks_remaining': 3}
2026-09-13 23:30:21,661 : INFO : EventManager : Event: ======'player_varitarget_hit_max_pos'====== Args={'value': 7, 'prev_value': 6, 'change': 1, 'player_num': 1, 'source': 'base'}
2026-09-13 23:30:21,672 : INFO : EventManager : Event: ======'player_score'====== Args={'value': 1391276, 'prev_value': 1391234, 'change': 42, 'player_num': 1, 'source': 'base'}
2026-09-13 23:30:21,678 : INFO : EventManager : Event: ======'glasses_pending_position_7'====== Args={'priority': 0}
2026-09-13 23:30:21,678 : INFO : EventManager : Event: ======'machine_var_audits_shots_varitarget_p7'====== Args={'value': 314, 'prev_value': 313, 'change': 1}
2026-09-13 23:30:21,678 : INFO : EventManager : Event: ======'varitarget_p7_hit'====== Args={'profile': 'default', 'state': 'lit', 'advancing': False}
2026-09-13 23:30:21,678 : INFO : EventManager : Event: ======'varitarget_p7_default_hit'====== Args={'profile': 'default', 'state': 'lit', 'advancing': False}
2026-09-13 23:30:21,678 : INFO : EventManager : Event: ======'varitarget_p7_default_lit_hit'====== Args={'profile': 'default', 'state': 'lit', 'advancing': False}
2026-09-13 23:30:21,678 : INFO : EventManager : Event: ======'varitarget_p7_lit_hit'====== Args={'profile': 'default', 'state': 'lit', 'advancing': False}
2026-09-13 23:30:21,678 : INFO : EventManager : Event: ======'varitarget_position_changed'====== Args={'priority': 0}
2026-09-13 23:30:21,678 : INFO : EventManager : Event: ======'glasses_position_confirm_restart'====== Args={'priority': 0}
2026-09-13 23:30:21,678 : INFO : EventManager : Event: ======'timer_glasses_position_confirm_tick'====== Args={'ticks': 0, 'ticks_remaining': 1}
2026-09-13 23:30:21,679 : INFO : EventManager : Event: ======'varitarget_positions_hit'====== Args={'shot': 'varitarget_p7'}
2026-09-13 23:30:21,679 : INFO : EventManager : Event: ======'varitarget_positions_lit_hit'====== Args={'shot': 'varitarget_p7'}
2026-09-13 23:30:21,679 : INFO : EventManager : Event: ======'varitarget_hit_window_restart'====== Args={'priority': 0}
2026-09-13 23:30:21,679 : INFO : EventManager : Event: ======'varitarget_hit_update_max'====== Args={'priority': 0}
2026-09-13 23:30:21,679 : INFO : EventManager : Event: ======'timer_varitarget_hit_settle_tick'====== Args={'ticks': 3, 'ticks_remaining': 3}
2026-09-13 23:30:21,679 : INFO : EventManager : Event: ======'player_score'====== Args={'value': 1391318, 'prev_value': 1391276, 'change': 42, 'player_num': 1, 'source': 'base'}
2026-09-13 23:30:21,689 : INFO : SwitchController : <<<<<<< 's_70_varitarget_position_7' inactive >>>>>>>
2026-09-13 23:30:21,773 : INFO : EventManager : Event: ======'player_base_varitarget_hit_settle_tick'====== Args={'value': 2, 'prev_value': 3, 'change': -1, 'player_num': 1}
2026-09-13 23:30:21,773 : INFO : EventManager : Event: ======'timer_varitarget_hit_settle_tick'====== Args={'ticks': 2, 'ticks_remaining': 2}
2026-09-13 23:30:21,788 : INFO : SwitchController : <<<<<<< 's_70_varitarget_position_7' active >>>>>>>
2026-09-13 23:30:21,788 : INFO : EventManager : Event: ======'s_70_varitarget_position_7_active'====== Args={}
2026-09-13 23:30:21,788 : INFO : EventManager : Event: ======'sw_vari'====== Args={}
2026-09-13 23:30:21,788 : INFO : EventManager : Event: ======'machine_var_audits_switches_s_70_varitarget_position_7'====== Args={'value': 315, 'prev_value': 314, 'change': 1}
2026-09-13 23:30:21,789 : INFO : EventManager : Event: ======'glasses_pending_position_7'====== Args={'priority': 0}
2026-09-13 23:30:21,789 : INFO : EventManager : Event: ======'machine_var_audits_shots_varitarget_p7'====== Args={'value': 315, 'prev_value': 314, 'change': 1}
2026-09-13 23:30:21,789 : INFO : EventManager : Event: ======'varitarget_p7_hit'====== Args={'profile': 'default', 'state': 'lit', 'advancing': False}
2026-09-13 23:30:21,789 : INFO : EventManager : Event: ======'varitarget_p7_default_hit'====== Args={'profile': 'default', 'state': 'lit', 'advancing': False}
2026-09-13 23:30:21,789 : INFO : EventManager : Event: ======'varitarget_p7_default_lit_hit'====== Args={'profile': 'default', 'state': 'lit', 'advancing': False}
2026-09-13 23:30:21,789 : INFO : EventManager : Event: ======'varitarget_p7_lit_hit'====== Args={'profile': 'default', 'state': 'lit', 'advancing': False}
2026-09-13 23:30:21,789 : INFO : EventManager : Event: ======'varitarget_position_changed'====== Args={'priority': 0}
2026-09-13 23:30:21,789 : INFO : EventManager : Event: ======'glasses_position_confirm_restart'====== Args={'priority': 0}
2026-09-13 23:30:21,789 : INFO : EventManager : Event: ======'timer_glasses_position_confirm_tick'====== Args={'ticks': 0, 'ticks_remaining': 1}
2026-09-13 23:30:21,789 : INFO : EventManager : Event: ======'varitarget_positions_hit'====== Args={'shot': 'varitarget_p7'}
2026-09-13 23:30:21,789 : INFO : EventManager : Event: ======'varitarget_positions_lit_hit'====== Args={'shot': 'varitarget_p7'}
2026-09-13 23:30:21,789 : INFO : EventManager : Event: ======'varitarget_hit_window_restart'====== Args={'priority': 0}
2026-09-13 23:30:21,789 : INFO : EventManager : Event: ======'varitarget_hit_update_max'====== Args={'priority': 0}
2026-09-13 23:30:21,790 : INFO : EventManager : Event: ======'player_base_varitarget_hit_settle_tick'====== Args={'value': 3, 'prev_value': 2, 'change': 1, 'player_num': 1}
2026-09-13 23:30:21,790 : INFO : EventManager : Event: ======'timer_varitarget_hit_settle_tick'====== Args={'ticks': 3, 'ticks_remaining': 3}
2026-09-13 23:30:21,796 : INFO : EventManager : Event: ======'player_score'====== Args={'value': 1391360, 'prev_value': 1391318, 'change': 42, 'player_num': 1, 'source': 'base'}
2026-09-13 23:30:21,806 : INFO : SwitchController : <<<<<<< 's_70_varitarget_position_7' inactive >>>>>>>
2026-09-13 23:30:21,884 : INFO : EventManager : Event: ======'player_base_varitarget_hit_settle_tick'====== Args={'value': 2, 'prev_value': 3, 'change': -1, 'player_num': 1}
2026-09-13 23:30:21,884 : INFO : EventManager : Event: ======'timer_varitarget_hit_settle_tick'====== Args={'ticks': 2, 'ticks_remaining': 2}
2026-09-13 23:30:21,978 : INFO : EventManager : Event: ======'player_base_varitarget_hit_settle_tick'====== Args={'value': 1, 'prev_value': 2, 'change': -1, 'player_num': 1}
2026-09-13 23:30:21,978 : INFO : EventManager : Event: ======'timer_varitarget_hit_settle_tick'====== Args={'ticks': 1, 'ticks_remaining': 1}
2026-09-13 23:30:22,089 : INFO : EventManager : Event: ======'player_base_varitarget_hit_settle_tick'====== Args={'value': 0, 'prev_value': 1, 'change': -1, 'player_num': 1}
2026-09-13 23:30:22,089 : INFO : Timer.varitarget_hit_settle : Timer Complete
2026-09-13 23:30:22,089 : INFO : Timer.varitarget_hit_settle : Stopping Timer
2026-09-13 23:30:22,089 : INFO : EventManager : Event: ======'timer_varitarget_hit_settle_stopped'====== Args={'ticks': 0, 'ticks_remaining': 1}
2026-09-13 23:30:22,089 : INFO : EventManager : Event: ======'timer_varitarget_hit_settle_complete'====== Args={'ticks': 0, 'ticks_remaining': 1}
2026-09-13 23:30:22,095 : INFO : EventManager : Event: ======'varitarget_hit_end'====== Args={'priority': 0}
2026-09-13 23:30:22,096 : INFO : EventManager : Event: ======'varitarget_award_from_moved'====== Args={'priority': 0}
2026-09-13 23:30:22,096 : INFO : EventManager : Event: ======'player_varitarget_hit_active'====== Args={'value': 0, 'prev_value': 1, 'change': -1, 'player_num': 1, 'source': 'base'}
2026-09-13 23:30:22,096 : INFO : EventManager : Event: ======'player_varitarget_hit_moved'====== Args={'value': 6, 'prev_value': 0, 'change': 6, 'player_num': 1, 'source': 'base'}
2026-09-13 23:30:22,096 : INFO : EventManager : Event: ======'player_varitarget_stable_position'====== Args={'value': 7, 'prev_value': 1, 'change': 6, 'player_num': 1, 'source': 'base'}
2026-09-13 23:30:22,096 : INFO : EventManager : Event: ======'varitarget_moved_6'====== Args={'priority': 0}
2026-09-13 23:30:22,096 : INFO : EventManager : Event: ======'obey_multiplier_10x'====== Args={'priority': 0}
2026-09-13 23:30:22,096 : INFO : EventManager : Event: ======'awareness_add_20'====== Args={'priority': 0}
2026-09-13 23:30:22,096 : INFO : EventManager : Event: ======'obey_multiplier_achieved'====== Args={'priority': 0}
2026-09-13 23:30:22,096 : INFO : EventManager : Event: ======'obey_reward_started'====== Args={'priority': 0}
2026-09-13 23:30:22,096 : INFO : EventManager : Event: ======'player_obey_multiplier_selected'====== Args={'value': 1, 'prev_value': 0, 'change': 1, 'player_num': 1, 'source': 'obey'}
2026-09-13 23:30:22,097 : INFO : EventManager : Event: ======'player_obey_multiplier'====== Args={'value': 10, 'prev_value': 1, 'change': 9, 'player_num': 1, 'source': 'obey'}
2026-09-13 23:30:22,097 : INFO : EventManager : Event: ======'player_pf_multiplier'====== Args={'value': 10, 'prev_value': 1, 'change': 9, 'player_num': 1, 'source': 'obey'}
2026-09-13 23:30:22,097 : INFO : EventManager : Event: ======'balls_in_play'====== Args={'balls': 2}
2026-09-13 23:30:22,097 : INFO : ball_device.bd_plunger : Adding 1 ball(s) to the eject_queue with target <playfield.playfield>.
2026-09-13 23:30:22,097 : INFO : EventManager : Event: ======'balldevice_balls_available'====== Args={}
2026-09-13 23:30:22,097 : INFO : EventManager : Event: ======'ball_save_obey_multiball_timer_start'====== Args={}
2026-09-13 23:30:22,097 : INFO : EventManager : Event: ======'multiball_obey_multiball_started'====== Args={'balls': 2}
2026-09-13 23:30:22,097 : INFO : EventManager : Event: ======'player_obey_stage'====== Args={'value': 3, 'prev_value': 2, 'change': 1, 'player_num': 1, 'source': 'obey'}
2026-09-13 23:30:22,097 : INFO : EventManager : Event: ======'player_obey_reward_active'====== Args={'value': 1, 'prev_value': 0, 'change': 1, 'player_num': 1, 'source': 'obey'}
2026-09-13 23:30:22,098 : INFO : EventManager : Event: ======'player_obey_varitarget_ready'====== Args={'value': 0, 'prev_value': 1, 'change': -1, 'player_num': 1, 'source': 'obey'}
2026-09-13 23:30:22,131 : INFO : EventManager : Event: ======'player_awareness'====== Args={'value': 20, 'prev_value': 0, 'change': 20, 'player_num': 1, 'source': 'awareness'}
2026-09-13 23:30:22,131 : INFO : EventManager : Event: ======'player_awareness_percent'====== Args={'value': 20, 'prev_value': 0, 'change': 20, 'player_num': 1, 'source': 'awareness'}
2026-09-13 23:30:22,167 : INFO : ball_device.bd_trough : State: waiting_for_target_ready
2026-09-13 23:30:22,167 : INFO : EventManager : Event: ======'balldevice_bd_trough_ball_eject_attempt'====== Args={'balls': 1, 'target': <ball_device.bd_plunger>, 'source': <ball_device.bd_trough>, 'mechanical_eject': False, 'num_attempts': 0}
2026-09-13 23:30:22,167 : INFO : ball_device.bd_plunger : State: waiting_for_ball
2026-09-13 23:30:22,167 : INFO : ball_device.bd_trough : State: ejecting
2026-09-13 23:30:22,167 : INFO : ball_device.bd_trough : Ejecting ball to <ball_device.bd_plunger>
2026-09-13 23:30:22,167 : INFO : EventManager : Event: ======'balldevice_bd_trough_ejecting_ball'====== Args={'balls': 1, 'target': <ball_device.bd_plunger>, 'source': <ball_device.bd_trough>, 'mechanical_eject': False, 'num_attempts': 0}
2026-09-13 23:30:22,168 : INFO : ball_device.bd_trough : Wait for ball to leave device
2026-09-13 23:30:22,168 : INFO : coil.c_02_trough_eject : Pulsing Driver for 16ms (1.0 pulse_power)
2026-09-13 23:30:22,184 : INFO : EventManager : Event: ======'widget_obey_multiplier_widget_active'====== Args={'original_context': 'obey', 'original_calling_context': 'obey_multiplier_10x', 'priority': 500.0, 'cmd': 'widgets_play', '_from_bcp': True}
2026-09-13 23:30:22,185 : INFO : EventManager : Event: ======'widget_ObjectiveWidget_removed'====== Args={'_from_bcp': True}
2026-09-13 23:30:22,200 : INFO : SwitchController : <<<<<<< 's_24_trough_1' inactive >>>>>>>
2026-09-13 23:30:22,200 : INFO : SwitchController : <<<<<<< 's_30_trough_jam' active >>>>>>>
2026-09-13 23:30:22,200 : INFO : EventManager : Event: ======'machine_var_audits_switches_s_30_trough_jam'====== Args={'value': 2763, 'prev_value': 2762, 'change': 1}
2026-09-13 23:30:22,206 : INFO : ball_device.bd_trough : State: ball_left
2026-09-13 23:30:22,206 : INFO : ball_device.bd_trough : Ball left
2026-09-13 23:30:22,206 : INFO : ball_device.bd_trough : Wait for confirm with timeout 10.0
2026-09-13 23:30:22,231 : INFO : SwitchController : <<<<<<< 's_30_trough_jam' inactive >>>>>>>
2026-09-13 23:30:22,253 : INFO : EventManager : Event: ======'player_obey_obey_stage2_timer_tick'====== Args={'value': 169, 'prev_value': 170, 'change': -1, 'player_num': 1}
2026-09-13 23:30:22,253 : INFO : EventManager : Event: ======'timer_obey_stage2_timer_tick'====== Args={'ticks': 169, 'ticks_remaining': 169}
2026-09-13 23:30:22,533 : INFO : SwitchController : <<<<<<< 's_25_trough_2' inactive >>>>>>>
2026-09-13 23:30:22,594 : INFO : SwitchController : <<<<<<< 's_24_trough_1' active >>>>>>>
2026-09-13 23:30:22,594 : INFO : EventManager : Event: ======'machine_var_audits_switches_s_24_trough_1'====== Args={'value': 2754, 'prev_value': 2753, 'change': 1}
2026-09-13 23:30:22,719 : INFO : SwitchController : <<<<<<< 's_31_plunger_lane' active >>>>>>>
2026-09-13 23:30:22,719 : INFO : EventManager : Event: ======'s_31_plunger_lane_active'====== Args={}
2026-09-13 23:30:22,719 : INFO : EventManager : Event: ======'machine_var_audits_switches_s_31_plunger_lane'====== Args={'value': 2679, 'prev_value': 2678, 'change': 1}
2026-09-13 23:30:22,720 : INFO : Timer.t_auto_plunge : Starting Timer.
2026-09-13 23:30:22,720 : INFO : EventManager : Event: ======'timer_t_auto_plunge_started'====== Args={'ticks': 10, 'ticks_remaining': 10}
2026-09-13 23:30:22,720 : INFO : EventManager : Event: ======'timer_t_auto_plunge_tick'====== Args={'ticks': 10, 'ticks_remaining': 10}
2026-09-13 23:30:22,768 : INFO : EventManager : Event: ======'player_glasses_mode_glasses_position_confirm_tick'====== Args={'value': 1, 'prev_value': 0, 'change': 1, 'player_num': 1}
2026-09-13 23:30:22,768 : INFO : Timer.glasses_position_confirm : Timer Complete
2026-09-13 23:30:22,769 : INFO : Timer.glasses_position_confirm : Stopping Timer
2026-09-13 23:30:22,769 : INFO : EventManager : Event: ======'timer_glasses_position_confirm_stopped'====== Args={'ticks': 1, 'ticks_remaining': 1}
2026-09-13 23:30:22,769 : INFO : EventManager : Event: ======'timer_glasses_position_confirm_complete'====== Args={'ticks': 1, 'ticks_remaining': 1}
2026-09-13 23:30:22,774 : INFO : EventManager : Event: ======'varitarget_position_7_confirmed'====== Args={'priority': 0}
2026-09-13 23:30:22,774 : INFO : EventManager : Event: ======'glasses_enter_state_7'====== Args={'priority': 0}
2026-09-13 23:30:22,774 : INFO : EventManager : Event: ======'glasses_stop_all_shows'====== Args={'priority': 0}
2026-09-13 23:30:22,775 : INFO : EventManager : Event: ======'glasses_state_timer_restart'====== Args={'priority': 0}
2026-09-13 23:30:22,775 : INFO : EventManager : Event: ======'glasses_home_pulse_timer_stop'====== Args={'priority': 0}
2026-09-13 23:30:22,775 : INFO : EventManager : Event: ======'glasses_homing_cancel'====== Args={'priority': 0}
2026-09-13 23:30:22,775 : INFO : EventManager : Event: ======'glasses_start_state_7'====== Args={'priority': 0}
2026-09-13 23:30:22,775 : INFO : EventManager : Event: ======'player_glasses_current_state'====== Args={'value': 7, 'prev_value': 1, 'change': 6, 'player_num': 1, 'source': 'glasses_mode'}
2026-09-13 23:30:22,775 : INFO : EventManager : Event: ======'player_glasses_confirmed_position'====== Args={'value': 7, 'prev_value': 1, 'change': 6, 'player_num': 1, 'source': 'glasses_mode'}
2026-09-13 23:30:22,775 : INFO : Timer.glasses_state_timer : Starting Timer.
2026-09-13 23:30:22,775 : INFO : EventManager : Event: ======'timer_glasses_state_timer_started'====== Args={'ticks': 0, 'ticks_remaining': 10}
2026-09-13 23:30:22,775 : INFO : EventManager : Event: ======'timer_glasses_state_timer_tick'====== Args={'ticks': 0, 'ticks_remaining': 10}
2026-09-13 23:30:22,775 : INFO : Timer.glasses_home_pulse_timer : Stopping Timer
2026-09-13 23:30:22,775 : INFO : EventManager : Event: ======'timer_glasses_home_pulse_timer_stopped'====== Args={'ticks': 0, 'ticks_remaining': 0}
2026-09-13 23:30:23,226 : INFO : ball_device.bd_plunger : Received ball from <ball_device.bd_trough>
2026-09-13 23:30:23,226 : INFO : EventManager : Event: ======'balldevice_bd_plunger_ball_enter'====== Args={'new_balls': 1, 'unclaimed_balls': 0, 'new_available_balls': 0, 'device': <ball_device.bd_plunger>}
2026-09-13 23:30:23,227 : INFO : EventManager : Event: ======'balldevice_bd_plunger_ball_entered'====== Args={'new_balls': 0, 'device': <ball_device.bd_plunger>}
2026-09-13 23:30:23,227 : INFO : EventManager : Event: ======'balldevice_bd_plunger_ball_count_changed'====== Args={'balls': 1}
2026-09-13 23:30:23,227 : INFO : ball_device.bd_trough : Got eject confirm
2026-09-13 23:30:23,227 : INFO : ball_device.bd_trough : Eject successful
2026-09-13 23:30:23,227 : INFO : EventManager : Event: ======'balldevice_bd_trough_ball_eject_success'====== Args={'balls': 1, 'target': <ball_device.bd_plunger>}
2026-09-13 23:30:23,227 : INFO : ball_device.bd_plunger : State: waiting_for_target_ready
2026-09-13 23:30:23,228 : INFO : EventManager : Event: ======'balldevice_bd_plunger_ball_eject_attempt'====== Args={'balls': 1, 'target': <playfield.playfield>, 'source': <ball_device.bd_plunger>, 'mechanical_eject': False, 'num_attempts': 0}
2026-09-13 23:30:23,228 : INFO : EventManager : Event: ======'balldevice_bd_trough_ball_count_changed'====== Args={'balls': 1}
2026-09-13 23:30:23,228 : INFO : ball_device.bd_trough : State: idle
2026-09-13 23:30:23,229 : INFO : ball_device.bd_plunger : State: ejecting
2026-09-13 23:30:23,229 : INFO : ball_device.bd_plunger : Ejecting ball to <playfield.playfield>
2026-09-13 23:30:23,229 : INFO : EventManager : Event: ======'balldevice_bd_plunger_ejecting_ball'====== Args={'balls': 1, 'target': <playfield.playfield>, 'source': <ball_device.bd_plunger>, 'mechanical_eject': False, 'num_attempts': 0}
2026-09-13 23:30:23,230 : INFO : ball_device.bd_plunger : Wait for ball to leave device
2026-09-13 23:30:23,230 : INFO : coil.c_01_plunger : Pulsing Driver for 14ms (1.0 pulse_power)
2026-09-13 23:30:23,244 : INFO : EventManager : Event: ======'player_obey_obey_stage2_timer_tick'====== Args={'value': 168, 'prev_value': 169, 'change': -1, 'player_num': 1}
2026-09-13 23:30:23,244 : INFO : EventManager : Event: ======'timer_obey_stage2_timer_tick'====== Args={'ticks': 168, 'ticks_remaining': 168}
2026-09-13 23:30:23,258 : INFO : SwitchController : <<<<<<< 's_31_plunger_lane' inactive >>>>>>>
2026-09-13 23:30:23,258 : INFO : EventManager : Event: ======'s_31_plunger_lane_inactive'====== Args={}
2026-09-13 23:30:23,258 : INFO : Timer.t_auto_plunge : Stopping Timer
2026-09-13 23:30:23,258 : INFO : EventManager : Event: ======'timer_t_auto_plunge_stopped'====== Args={'ticks': 10, 'ticks_remaining': 10}
2026-09-13 23:30:23,263 : INFO : ball_device.bd_plunger : State: ball_left
2026-09-13 23:30:23,263 : INFO : ball_device.bd_plunger : Ball left
2026-09-13 23:30:23,263 : INFO : ball_device.bd_plunger : Wait for confirm with timeout 4.0
2026-09-13 23:30:23,768 : INFO : EventManager : Event: ======'player_glasses_mode_glasses_state_timer_tick'====== Args={'value': 1, 'prev_value': 0, 'change': 1, 'player_num': 1}
2026-09-13 23:30:23,768 : INFO : EventManager : Event: ======'timer_glasses_state_timer_tick'====== Args={'ticks': 1, 'ticks_remaining': 9}
2026-09-13 23:30:23,988 : INFO : SwitchController : <<<<<<< 's_70_varitarget_position_7' active >>>>>>>
2026-09-13 23:30:23,988 : INFO : EventManager : Event: ======'s_70_varitarget_position_7_active'====== Args={}
2026-09-13 23:30:23,988 : INFO : EventManager : Event: ======'sw_vari'====== Args={}
2026-09-13 23:30:23,988 : INFO : EventManager : Event: ======'machine_var_audits_switches_s_70_varitarget_position_7'====== Args={'value': 316, 'prev_value': 315, 'change': 1}
2026-09-13 23:30:23,989 : INFO : EventManager : Event: ======'glasses_pending_position_7'====== Args={'priority': 0}
2026-09-13 23:30:23,989 : INFO : EventManager : Event: ======'machine_var_audits_shots_varitarget_p7'====== Args={'value': 316, 'prev_value': 315, 'change': 1}
2026-09-13 23:30:23,989 : INFO : EventManager : Event: ======'varitarget_p7_hit'====== Args={'profile': 'default', 'state': 'lit', 'advancing': False}
2026-09-13 23:30:23,989 : INFO : EventManager : Event: ======'varitarget_p7_default_hit'====== Args={'profile': 'default', 'state': 'lit', 'advancing': False}
2026-09-13 23:30:23,989 : INFO : EventManager : Event: ======'varitarget_p7_default_lit_hit'====== Args={'profile': 'default', 'state': 'lit', 'advancing': False}
2026-09-13 23:30:23,989 : INFO : EventManager : Event: ======'varitarget_p7_lit_hit'====== Args={'profile': 'default', 'state': 'lit', 'advancing': False}
2026-09-13 23:30:23,989 : INFO : EventManager : Event: ======'varitarget_position_changed'====== Args={'priority': 0}
2026-09-13 23:30:23,989 : INFO : EventManager : Event: ======'glasses_position_confirm_restart'====== Args={'priority': 0}
2026-09-13 23:30:23,989 : INFO : EventManager : Event: ======'player_glasses_mode_glasses_position_confirm_tick'====== Args={'value': 0, 'prev_value': 1, 'change': -1, 'player_num': 1}
2026-09-13 23:30:23,989 : INFO : Timer.glasses_position_confirm : Starting Timer.
2026-09-13 23:30:23,989 : INFO : EventManager : Event: ======'timer_glasses_position_confirm_started'====== Args={'ticks': 0, 'ticks_remaining': 1}
2026-09-13 23:30:23,990 : INFO : EventManager : Event: ======'timer_glasses_position_confirm_tick'====== Args={'ticks': 0, 'ticks_remaining': 1}
2026-09-13 23:30:23,996 : INFO : EventManager : Event: ======'varitarget_positions_hit'====== Args={'shot': 'varitarget_p7'}
2026-09-13 23:30:23,996 : INFO : EventManager : Event: ======'varitarget_positions_lit_hit'====== Args={'shot': 'varitarget_p7'}
2026-09-13 23:30:23,996 : INFO : EventManager : Event: ======'varitarget_update_stable'====== Args={'priority': 0}
2026-09-13 23:30:23,996 : INFO : EventManager : Event: ======'player_score'====== Args={'value': 1391780, 'prev_value': 1391360, 'change': 420, 'player_num': 1, 'source': 'base'}
2026-09-13 23:30:24,006 : INFO : SwitchController : <<<<<<< 's_70_varitarget_position_7' inactive >>>>>>>
2026-09-13 23:30:24,023 : INFO : SwitchController : <<<<<<< 's_70_varitarget_position_7' active >>>>>>>
2026-09-13 23:30:24,023 : INFO : EventManager : Event: ======'s_70_varitarget_position_7_active'====== Args={}
2026-09-13 23:30:24,024 : INFO : EventManager : Event: ======'sw_vari'====== Args={}
2026-09-13 23:30:24,024 : INFO : EventManager : Event: ======'machine_var_audits_switches_s_70_varitarget_position_7'====== Args={'value': 317, 'prev_value': 316, 'change': 1}
2026-09-13 23:30:24,024 : INFO : EventManager : Event: ======'glasses_pending_position_7'====== Args={'priority': 0}
2026-09-13 23:30:24,024 : INFO : EventManager : Event: ======'machine_var_audits_shots_varitarget_p7'====== Args={'value': 317, 'prev_value': 316, 'change': 1}
2026-09-13 23:30:24,024 : INFO : EventManager : Event: ======'varitarget_p7_hit'====== Args={'profile': 'default', 'state': 'lit', 'advancing': False}
2026-09-13 23:30:24,024 : INFO : EventManager : Event: ======'varitarget_p7_default_hit'====== Args={'profile': 'default', 'state': 'lit', 'advancing': False}
2026-09-13 23:30:24,024 : INFO : EventManager : Event: ======'varitarget_p7_default_lit_hit'====== Args={'profile': 'default', 'state': 'lit', 'advancing': False}
2026-09-13 23:30:24,024 : INFO : EventManager : Event: ======'varitarget_p7_lit_hit'====== Args={'profile': 'default', 'state': 'lit', 'advancing': False}
2026-09-13 23:30:24,025 : INFO : EventManager : Event: ======'varitarget_position_changed'====== Args={'priority': 0}
2026-09-13 23:30:24,025 : INFO : EventManager : Event: ======'glasses_position_confirm_restart'====== Args={'priority': 0}
2026-09-13 23:30:24,025 : INFO : EventManager : Event: ======'timer_glasses_position_confirm_tick'====== Args={'ticks': 0, 'ticks_remaining': 1}
2026-09-13 23:30:24,025 : INFO : EventManager : Event: ======'varitarget_positions_hit'====== Args={'shot': 'varitarget_p7'}
2026-09-13 23:30:24,025 : INFO : EventManager : Event: ======'varitarget_positions_lit_hit'====== Args={'shot': 'varitarget_p7'}
2026-09-13 23:30:24,025 : INFO : EventManager : Event: ======'varitarget_update_stable'====== Args={'priority': 0}
2026-09-13 23:30:24,025 : INFO : EventManager : Event: ======'player_score'====== Args={'value': 1392200, 'prev_value': 1391780, 'change': 420, 'player_num': 1, 'source': 'base'}
2026-09-13 23:30:24,050 : INFO : SwitchController : <<<<<<< 's_70_varitarget_position_7' inactive >>>>>>>
2026-09-13 23:30:24,070 : INFO : SwitchController : <<<<<<< 's_70_varitarget_position_7' active >>>>>>>
2026-09-13 23:30:24,070 : INFO : EventManager : Event: ======'s_70_varitarget_position_7_active'====== Args={}
2026-09-13 23:30:24,070 : INFO : EventManager : Event: ======'sw_vari'====== Args={}
2026-09-13 23:30:24,070 : INFO : EventManager : Event: ======'machine_var_audits_switches_s_70_varitarget_position_7'====== Args={'value': 318, 'prev_value': 317, 'change': 1}
2026-09-13 23:30:24,070 : INFO : SwitchController : <<<<<<< 's_60_top_lane_c' active >>>>>>>
2026-09-13 23:30:24,070 : INFO : EventManager : Event: ======'s_60_top_lane_c_active'====== Args={}
2026-09-13 23:30:24,070 : INFO : EventManager : Event: ======'sw_playfield_active'====== Args={}
2026-09-13 23:30:24,070 : INFO : EventManager : Event: ======'sw_top_lanes'====== Args={}
2026-09-13 23:30:24,070 : INFO : EventManager : Event: ======'machine_var_audits_switches_s_60_top_lane_c'====== Args={'value': 1102, 'prev_value': 1101, 'change': 1}
2026-09-13 23:30:24,071 : INFO : EventManager : Event: ======'glasses_pending_position_7'====== Args={'priority': 0}
2026-09-13 23:30:24,071 : INFO : EventManager : Event: ======'machine_var_audits_shots_varitarget_p7'====== Args={'value': 318, 'prev_value': 317, 'change': 1}
2026-09-13 23:30:24,071 : INFO : EventManager : Event: ======'varitarget_p7_hit'====== Args={'profile': 'default', 'state': 'lit', 'advancing': False}
2026-09-13 23:30:24,071 : INFO : EventManager : Event: ======'varitarget_p7_default_hit'====== Args={'profile': 'default', 'state': 'lit', 'advancing': False}
2026-09-13 23:30:24,071 : INFO : EventManager : Event: ======'varitarget_p7_default_lit_hit'====== Args={'profile': 'default', 'state': 'lit', 'advancing': False}
2026-09-13 23:30:24,071 : INFO : EventManager : Event: ======'varitarget_p7_lit_hit'====== Args={'profile': 'default', 'state': 'lit', 'advancing': False}
2026-09-13 23:30:24,071 : INFO : EventManager : Event: ======'varitarget_position_changed'====== Args={'priority': 0}
2026-09-13 23:30:24,071 : INFO : EventManager : Event: ======'glasses_position_confirm_restart'====== Args={'priority': 0}
2026-09-13 23:30:24,071 : INFO : EventManager : Event: ======'timer_glasses_position_confirm_tick'====== Args={'ticks': 0, 'ticks_remaining': 1}
2026-09-13 23:30:24,071 : INFO : EventManager : Event: ======'varitarget_positions_hit'====== Args={'shot': 'varitarget_p7'}
2026-09-13 23:30:24,071 : INFO : EventManager : Event: ======'varitarget_positions_lit_hit'====== Args={'shot': 'varitarget_p7'}
2026-09-13 23:30:24,072 : INFO : EventManager : Event: ======'varitarget_update_stable'====== Args={'priority': 0}
2026-09-13 23:30:24,072 : INFO : EventManager : Event: ======'player_score'====== Args={'value': 1392620, 'prev_value': 1392200, 'change': 420, 'player_num': 1, 'source': 'base'}
2026-09-13 23:30:24,077 : INFO : EventManager : Event: ======'top_lane_c_turn_on'====== Args={'priority': 0}
2026-09-13 23:30:24,078 : INFO : EventManager : Event: ======'top_lanes_check'====== Args={'priority': 0}
2026-09-13 23:30:24,078 : INFO : EventManager : Event: ======'player_top_lane_c_lit'====== Args={'value': 1, 'prev_value': 0, 'change': 1, 'player_num': 1, 'source': 'spinner_2x_qualify'}
2026-09-13 23:30:24,078 : INFO : EventManager : Event: ======'spinner_2x_stop'====== Args={'priority': 0}
2026-09-13 23:30:24,084 : INFO : EventManager : Event: ======'player_score'====== Args={'value': 1442620, 'prev_value': 1392620, 'change': 50000, 'player_num': 1, 'source': 'base'}
2026-09-13 23:30:24,242 : INFO : EventManager : Event: ======'player_obey_obey_stage2_timer_tick'====== Args={'value': 167, 'prev_value': 168, 'change': -1, 'player_num': 1}
2026-09-13 23:30:24,242 : INFO : EventManager : Event: ======'timer_obey_stage2_timer_tick'====== Args={'ticks': 167, 'ticks_remaining': 167}
2026-09-13 23:30:24,275 : INFO : SwitchController : <<<<<<< 's_60_top_lane_c' inactive >>>>>>>
2026-09-13 23:30:24,352 : INFO : SwitchController : <<<<<<< 's_60_top_lane_c' active >>>>>>>
2026-09-13 23:30:24,352 : INFO : EventManager : Event: ======'s_60_top_lane_c_active'====== Args={}
2026-09-13 23:30:24,352 : INFO : EventManager : Event: ======'sw_playfield_active'====== Args={}
2026-09-13 23:30:24,352 : INFO : EventManager : Event: ======'sw_top_lanes'====== Args={}
2026-09-13 23:30:24,352 : INFO : EventManager : Event: ======'machine_var_audits_switches_s_60_top_lane_c'====== Args={'value': 1103, 'prev_value': 1102, 'change': 1}
2026-09-13 23:30:24,353 : INFO : EventManager : Event: ======'top_lane_c_turn_off'====== Args={'priority': 0}
2026-09-13 23:30:24,353 : INFO : EventManager : Event: ======'top_lanes_check'====== Args={'priority': 0}
2026-09-13 23:30:24,353 : INFO : EventManager : Event: ======'player_top_lane_c_lit'====== Args={'value': 0, 'prev_value': 1, 'change': -1, 'player_num': 1, 'source': 'spinner_2x_qualify'}
2026-09-13 23:30:24,353 : INFO : EventManager : Event: ======'spinner_2x_stop'====== Args={'priority': 0}
2026-09-13 23:30:24,359 : INFO : EventManager : Event: ======'player_score'====== Args={'value': 1492620, 'prev_value': 1442620, 'change': 50000, 'player_num': 1, 'source': 'base'}
2026-09-13 23:30:24,602 : INFO : SwitchController : <<<<<<< 's_60_top_lane_c' inactive >>>>>>>
2026-09-13 23:30:24,778 : INFO : EventManager : Event: ======'player_glasses_mode_glasses_state_timer_tick'====== Args={'value': 2, 'prev_value': 1, 'change': 1, 'player_num': 1}
2026-09-13 23:30:24,778 : INFO : EventManager : Event: ======'timer_glasses_state_timer_tick'====== Args={'ticks': 2, 'ticks_remaining': 8}
2026-09-13 23:30:25,060 : INFO : EventManager : Event: ======'player_glasses_mode_glasses_position_confirm_tick'====== Args={'value': 1, 'prev_value': 0, 'change': 1, 'player_num': 1}
2026-09-13 23:30:25,060 : INFO : Timer.glasses_position_confirm : Timer Complete
2026-09-13 23:30:25,060 : INFO : Timer.glasses_position_confirm : Stopping Timer
2026-09-13 23:30:25,060 : INFO : EventManager : Event: ======'timer_glasses_position_confirm_stopped'====== Args={'ticks': 1, 'ticks_remaining': 1}
2026-09-13 23:30:25,061 : INFO : EventManager : Event: ======'timer_glasses_position_confirm_complete'====== Args={'ticks': 1, 'ticks_remaining': 1}
2026-09-13 23:30:25,067 : INFO : EventManager : Event: ======'varitarget_position_7_confirmed'====== Args={'priority': 0}
2026-09-13 23:30:25,067 : INFO : EventManager : Event: ======'glasses_enter_state_7'====== Args={'priority': 0}
2026-09-13 23:30:25,067 : INFO : EventManager : Event: ======'glasses_stop_all_shows'====== Args={'priority': 0}
2026-09-13 23:30:25,067 : INFO : EventManager : Event: ======'glasses_state_timer_restart'====== Args={'priority': 0}
2026-09-13 23:30:25,067 : INFO : EventManager : Event: ======'glasses_home_pulse_timer_stop'====== Args={'priority': 0}
2026-09-13 23:30:25,067 : INFO : EventManager : Event: ======'glasses_homing_cancel'====== Args={'priority': 0}
2026-09-13 23:30:25,067 : INFO : EventManager : Event: ======'glasses_start_state_7'====== Args={'priority': 0}
2026-09-13 23:30:25,068 : INFO : EventManager : Event: ======'player_glasses_mode_glasses_state_timer_tick'====== Args={'value': 0, 'prev_value': 2, 'change': -2, 'player_num': 1}
2026-09-13 23:30:25,068 : INFO : EventManager : Event: ======'timer_glasses_state_timer_tick'====== Args={'ticks': 0, 'ticks_remaining': 10}
2026-09-13 23:30:25,073 : INFO : Timer.glasses_home_pulse_timer : Stopping Timer
2026-09-13 23:30:25,073 : INFO : EventManager : Event: ======'timer_glasses_home_pulse_timer_stopped'====== Args={'ticks': 0, 'ticks_remaining': 0}
2026-09-13 23:30:25,187 : INFO : SwitchController : <<<<<<< 's_70_varitarget_position_7' inactive >>>>>>>
2026-09-13 23:30:25,206 : INFO : SwitchController : <<<<<<< 's_70_varitarget_position_7' active >>>>>>>
2026-09-13 23:30:25,206 : INFO : EventManager : Event: ======'s_70_varitarget_position_7_active'====== Args={}
2026-09-13 23:30:25,206 : INFO : EventManager : Event: ======'sw_vari'====== Args={}
2026-09-13 23:30:25,206 : INFO : EventManager : Event: ======'machine_var_audits_switches_s_70_varitarget_position_7'====== Args={'value': 319, 'prev_value': 318, 'change': 1}
2026-09-13 23:30:25,207 : INFO : EventManager : Event: ======'glasses_pending_position_7'====== Args={'priority': 0}
2026-09-13 23:30:25,207 : INFO : EventManager : Event: ======'machine_var_audits_shots_varitarget_p7'====== Args={'value': 319, 'prev_value': 318, 'change': 1}
2026-09-13 23:30:25,207 : INFO : EventManager : Event: ======'varitarget_p7_hit'====== Args={'profile': 'default', 'state': 'lit', 'advancing': False}
2026-09-13 23:30:25,207 : INFO : EventManager : Event: ======'varitarget_p7_default_hit'====== Args={'profile': 'default', 'state': 'lit', 'advancing': False}
2026-09-13 23:30:25,207 : INFO : EventManager : Event: ======'varitarget_p7_default_lit_hit'====== Args={'profile': 'default', 'state': 'lit', 'advancing': False}
2026-09-13 23:30:25,207 : INFO : EventManager : Event: ======'varitarget_p7_lit_hit'====== Args={'profile': 'default', 'state': 'lit', 'advancing': False}
2026-09-13 23:30:25,207 : INFO : EventManager : Event: ======'varitarget_position_changed'====== Args={'priority': 0}
2026-09-13 23:30:25,207 : INFO : EventManager : Event: ======'glasses_position_confirm_restart'====== Args={'priority': 0}
2026-09-13 23:30:25,208 : INFO : EventManager : Event: ======'player_glasses_mode_glasses_position_confirm_tick'====== Args={'value': 0, 'prev_value': 1, 'change': -1, 'player_num': 1}
2026-09-13 23:30:25,208 : INFO : Timer.glasses_position_confirm : Starting Timer.
2026-09-13 23:30:25,208 : INFO : EventManager : Event: ======'timer_glasses_position_confirm_started'====== Args={'ticks': 0, 'ticks_remaining': 1}
2026-09-13 23:30:25,208 : INFO : EventManager : Event: ======'timer_glasses_position_confirm_tick'====== Args={'ticks': 0, 'ticks_remaining': 1}
2026-09-13 23:30:25,214 : INFO : EventManager : Event: ======'varitarget_positions_hit'====== Args={'shot': 'varitarget_p7'}
2026-09-13 23:30:25,214 : INFO : EventManager : Event: ======'varitarget_positions_lit_hit'====== Args={'shot': 'varitarget_p7'}
2026-09-13 23:30:25,214 : INFO : EventManager : Event: ======'varitarget_update_stable'====== Args={'priority': 0}
2026-09-13 23:30:25,214 : INFO : EventManager : Event: ======'player_score'====== Args={'value': 1493040, 'prev_value': 1492620, 'change': 420, 'player_num': 1, 'source': 'base'}
2026-09-13 23:30:25,237 : INFO : EventManager : Event: ======'player_obey_obey_stage2_timer_tick'====== Args={'value': 166, 'prev_value': 167, 'change': -1, 'player_num': 1}
2026-09-13 23:30:25,237 : INFO : EventManager : Event: ======'timer_obey_stage2_timer_tick'====== Args={'ticks': 166, 'ticks_remaining': 166}
2026-09-13 23:30:26,062 : INFO : EventManager : Event: ======'player_glasses_mode_glasses_state_timer_tick'====== Args={'value': 1, 'prev_value': 0, 'change': 1, 'player_num': 1}
2026-09-13 23:30:26,062 : INFO : EventManager : Event: ======'timer_glasses_state_timer_tick'====== Args={'ticks': 1, 'ticks_remaining': 9}
2026-09-13 23:30:26,190 : INFO : EventManager : Event: ======'player_glasses_mode_glasses_position_confirm_tick'====== Args={'value': 1, 'prev_value': 0, 'change': 1, 'player_num': 1}
2026-09-13 23:30:26,190 : INFO : Timer.glasses_position_confirm : Timer Complete
2026-09-13 23:30:26,190 : INFO : Timer.glasses_position_confirm : Stopping Timer
2026-09-13 23:30:26,190 : INFO : EventManager : Event: ======'timer_glasses_position_confirm_stopped'====== Args={'ticks': 1, 'ticks_remaining': 1}
2026-09-13 23:30:26,190 : INFO : EventManager : Event: ======'timer_glasses_position_confirm_complete'====== Args={'ticks': 1, 'ticks_remaining': 1}
2026-09-13 23:30:26,197 : INFO : EventManager : Event: ======'varitarget_position_7_confirmed'====== Args={'priority': 0}
2026-09-13 23:30:26,197 : INFO : EventManager : Event: ======'glasses_enter_state_7'====== Args={'priority': 0}
2026-09-13 23:30:26,197 : INFO : EventManager : Event: ======'glasses_stop_all_shows'====== Args={'priority': 0}
2026-09-13 23:30:26,197 : INFO : EventManager : Event: ======'glasses_state_timer_restart'====== Args={'priority': 0}
2026-09-13 23:30:26,197 : INFO : EventManager : Event: ======'glasses_home_pulse_timer_stop'====== Args={'priority': 0}
2026-09-13 23:30:26,197 : INFO : EventManager : Event: ======'glasses_homing_cancel'====== Args={'priority': 0}
2026-09-13 23:30:26,197 : INFO : EventManager : Event: ======'glasses_start_state_7'====== Args={'priority': 0}
2026-09-13 23:30:26,198 : INFO : EventManager : Event: ======'player_glasses_mode_glasses_state_timer_tick'====== Args={'value': 0, 'prev_value': 1, 'change': -1, 'player_num': 1}
2026-09-13 23:30:26,198 : INFO : EventManager : Event: ======'timer_glasses_state_timer_tick'====== Args={'ticks': 0, 'ticks_remaining': 10}
2026-09-13 23:30:26,203 : INFO : Timer.glasses_home_pulse_timer : Stopping Timer
2026-09-13 23:30:26,203 : INFO : EventManager : Event: ======'timer_glasses_home_pulse_timer_stopped'====== Args={'ticks': 0, 'ticks_remaining': 0}
2026-09-13 23:30:26,240 : INFO : EventManager : Event: ======'player_obey_obey_stage2_timer_tick'====== Args={'value': 165, 'prev_value': 166, 'change': -1, 'player_num': 1}
2026-09-13 23:30:26,240 : INFO : EventManager : Event: ======'timer_obey_stage2_timer_tick'====== Args={'ticks': 165, 'ticks_remaining': 165}
2026-09-13 23:30:26,519 : INFO : EventManager : Event: ======'ssh_posts_v_timeout'====== Args={}
2026-09-13 23:30:27,102 : INFO : EventManager : Event: ======'multiball_obey_multiball_shoot_again_ended'====== Args={}
2026-09-13 23:30:27,197 : INFO : EventManager : Event: ======'player_glasses_mode_glasses_state_timer_tick'====== Args={'value': 1, 'prev_value': 0, 'change': 1, 'player_num': 1}
2026-09-13 23:30:27,197 : INFO : EventManager : Event: ======'timer_glasses_state_timer_tick'====== Args={'ticks': 1, 'ticks_remaining': 9}
2026-09-13 23:30:27,248 : INFO : EventManager : Event: ======'player_obey_obey_stage2_timer_tick'====== Args={'value': 164, 'prev_value': 165, 'change': -1, 'player_num': 1}
2026-09-13 23:30:27,248 : INFO : EventManager : Event: ======'timer_obey_stage2_timer_tick'====== Args={'ticks': 164, 'ticks_remaining': 164}
2026-09-13 23:30:27,254 : INFO : ball_device.bd_plunger : State: failed_confirm
2026-09-13 23:30:27,254 : INFO : ball_device.bd_plunger : Got timeout (4.0s) before confirm from <playfield.playfield>
2026-09-13 23:30:27,341 : INFO : ball_device.bd_plunger : Confirming eject because target is playfield and ball did not return.
2026-09-13 23:30:27,341 : INFO : ball_device.bd_plunger : Eject successful
2026-09-13 23:30:27,341 : INFO : EventManager : Event: ======'balldevice_bd_plunger_ball_eject_success'====== Args={'balls': 1, 'target': <playfield.playfield>}
2026-09-13 23:30:27,341 : INFO : EventManager : Event: ======'balldevice_playfield_ball_enter'====== Args={'new_balls': 1, 'unclaimed_balls': 1, 'device': <playfield.playfield>}
2026-09-13 23:30:27,341 : INFO : EventManager : Event: ======'playfield_ball_count_change'====== Args={'balls': 2, 'change': 1}
2026-09-13 23:30:27,342 : INFO : EventManager : Event: ======'balldevice_bd_plunger_ball_count_changed'====== Args={'balls': 0}
2026-09-13 23:30:27,342 : INFO : ball_device.bd_plunger : State: idle
2026-09-13 23:30:27,818 : INFO : SwitchController : <<<<<<< 's_41_stand_up_target_6' active >>>>>>>
2026-09-13 23:30:27,818 : INFO : EventManager : Event: ======'s_41_stand_up_target_6_active'====== Args={}
2026-09-13 23:30:27,818 : INFO : EventManager : Event: ======'sw_playfield_active'====== Args={}
2026-09-13 23:30:27,818 : INFO : EventManager : Event: ======'sw_standups'====== Args={}
2026-09-13 23:30:27,818 : INFO : EventManager : Event: ======'machine_var_audits_switches_s_41_stand_up_target_6'====== Args={'value': 5060, 'prev_value': 5059, 'change': 1}
2026-09-13 23:30:27,819 : INFO : EventManager : Event: ======'stars_t41_on'====== Args={'priority': 0}
2026-09-13 23:30:27,819 : INFO : EventManager : Event: ======'brian_combo_step1'====== Args={'priority': 0}
2026-09-13 23:30:27,819 : INFO : EventManager : Event: ======'stars_count_updated'====== Args={'priority': 0}
2026-09-13 23:30:27,819 : INFO : EventManager : Event: ======'stars_monitor_t41_on'====== Args={'priority': 0}
2026-09-13 23:30:27,819 : INFO : EventManager : Event: ======'player_stars_t41'====== Args={'value': 1, 'prev_value': 0, 'change': 1, 'player_num': 1, 'source': 'stars_mode'}
2026-09-13 23:30:27,819 : INFO : EventManager : Event: ======'player_stars_targets_lit_count'====== Args={'value': 2, 'prev_value': 1, 'change': 1, 'player_num': 1, 'source': 'stars_mode'}
2026-09-13 23:30:27,831 : INFO : EventManager : Event: ======'player_score'====== Args={'value': 1493460, 'prev_value': 1493040, 'change': 420, 'player_num': 1, 'source': 'base'}
2026-09-13 23:30:27,914 : INFO : SwitchController : <<<<<<< 's_41_stand_up_target_6' inactive >>>>>>>
2026-09-13 23:30:28,197 : INFO : EventManager : Event: ======'player_glasses_mode_glasses_state_timer_tick'====== Args={'value': 2, 'prev_value': 1, 'change': 1, 'player_num': 1}
2026-09-13 23:30:28,197 : INFO : EventManager : Event: ======'timer_glasses_state_timer_tick'====== Args={'ticks': 2, 'ticks_remaining': 8}
2026-09-13 23:30:28,247 : INFO : EventManager : Event: ======'player_obey_obey_stage2_timer_tick'====== Args={'value': 163, 'prev_value': 164, 'change': -1, 'player_num': 1}
2026-09-13 23:30:28,247 : INFO : EventManager : Event: ======'timer_obey_stage2_timer_tick'====== Args={'ticks': 163, 'ticks_remaining': 163}
2026-09-13 23:30:28,307 : INFO : SwitchController : <<<<<<< 's_41_stand_up_target_6' active >>>>>>>
2026-09-13 23:30:28,307 : INFO : EventManager : Event: ======'s_41_stand_up_target_6_active'====== Args={}
2026-09-13 23:30:28,307 : INFO : EventManager : Event: ======'sw_playfield_active'====== Args={}
2026-09-13 23:30:28,307 : INFO : EventManager : Event: ======'sw_standups'====== Args={}
2026-09-13 23:30:28,307 : INFO : EventManager : Event: ======'machine_var_audits_switches_s_41_stand_up_target_6'====== Args={'value': 5061, 'prev_value': 5060, 'change': 1}
2026-09-13 23:30:28,308 : INFO : EventManager : Event: ======'stars_t41_off'====== Args={'priority': 0}
2026-09-13 23:30:28,308 : INFO : EventManager : Event: ======'brian_combo_step1'====== Args={'priority': 0}
2026-09-13 23:30:28,308 : INFO : EventManager : Event: ======'stars_count_updated'====== Args={'priority': 0}
2026-09-13 23:30:28,308 : INFO : EventManager : Event: ======'stars_monitor_t41_off'====== Args={'priority': 0}
2026-09-13 23:30:28,308 : INFO : EventManager : Event: ======'player_stars_t41'====== Args={'value': 0, 'prev_value': 1, 'change': -1, 'player_num': 1, 'source': 'stars_mode'}
2026-09-13 23:30:28,308 : INFO : EventManager : Event: ======'player_stars_targets_lit_count'====== Args={'value': 1, 'prev_value': 2, 'change': -1, 'player_num': 1, 'source': 'stars_mode'}
2026-09-13 23:30:28,320 : INFO : EventManager : Event: ======'player_score'====== Args={'value': 1493880, 'prev_value': 1493460, 'change': 420, 'player_num': 1, 'source': 'base'}
2026-09-13 23:30:28,435 : INFO : SwitchController : <<<<<<< 's_41_stand_up_target_6' inactive >>>>>>>
2026-09-13 23:30:29,103 : INFO : SwitchController : <<<<<<< 's_41_stand_up_target_6' active >>>>>>>
2026-09-13 23:30:29,103 : INFO : EventManager : Event: ======'s_41_stand_up_target_6_active'====== Args={}
2026-09-13 23:30:29,103 : INFO : EventManager : Event: ======'sw_playfield_active'====== Args={}
2026-09-13 23:30:29,103 : INFO : EventManager : Event: ======'sw_standups'====== Args={}
2026-09-13 23:30:29,103 : INFO : EventManager : Event: ======'machine_var_audits_switches_s_41_stand_up_target_6'====== Args={'value': 5062, 'prev_value': 5061, 'change': 1}
2026-09-13 23:30:29,104 : INFO : EventManager : Event: ======'stars_t41_on'====== Args={'priority': 0}
2026-09-13 23:30:29,104 : INFO : EventManager : Event: ======'brian_combo_step1'====== Args={'priority': 0}
2026-09-13 23:30:29,104 : INFO : EventManager : Event: ======'stars_count_updated'====== Args={'priority': 0}
2026-09-13 23:30:29,104 : INFO : EventManager : Event: ======'stars_monitor_t41_on'====== Args={'priority': 0}
2026-09-13 23:30:29,104 : INFO : EventManager : Event: ======'player_stars_t41'====== Args={'value': 1, 'prev_value': 0, 'change': 1, 'player_num': 1, 'source': 'stars_mode'}
2026-09-13 23:30:29,104 : INFO : EventManager : Event: ======'player_stars_targets_lit_count'====== Args={'value': 2, 'prev_value': 1, 'change': 1, 'player_num': 1, 'source': 'stars_mode'}
2026-09-13 23:30:29,116 : INFO : EventManager : Event: ======'player_score'====== Args={'value': 1494300, 'prev_value': 1493880, 'change': 420, 'player_num': 1, 'source': 'base'}
2026-09-13 23:30:29,196 : INFO : EventManager : Event: ======'player_glasses_mode_glasses_state_timer_tick'====== Args={'value': 3, 'prev_value': 2, 'change': 1, 'player_num': 1}
2026-09-13 23:30:29,196 : INFO : EventManager : Event: ======'timer_glasses_state_timer_tick'====== Args={'ticks': 3, 'ticks_remaining': 7}
2026-09-13 23:30:29,247 : INFO : EventManager : Event: ======'player_obey_obey_stage2_timer_tick'====== Args={'value': 162, 'prev_value': 163, 'change': -1, 'player_num': 1}
2026-09-13 23:30:29,247 : INFO : EventManager : Event: ======'timer_obey_stage2_timer_tick'====== Args={'ticks': 162, 'ticks_remaining': 162}
2026-09-13 23:30:29,247 : INFO : SwitchController : <<<<<<< 's_41_stand_up_target_6' inactive >>>>>>>
2026-09-13 23:30:30,193 : INFO : EventManager : Event: ======'player_glasses_mode_glasses_state_timer_tick'====== Args={'value': 4, 'prev_value': 3, 'change': 1, 'player_num': 1}
2026-09-13 23:30:30,193 : INFO : EventManager : Event: ======'timer_glasses_state_timer_tick'====== Args={'ticks': 4, 'ticks_remaining': 6}
2026-09-13 23:30:30,243 : INFO : EventManager : Event: ======'player_obey_obey_stage2_timer_tick'====== Args={'value': 161, 'prev_value': 162, 'change': -1, 'player_num': 1}
2026-09-13 23:30:30,243 : INFO : EventManager : Event: ======'timer_obey_stage2_timer_tick'====== Args={'ticks': 161, 'ticks_remaining': 161}
2026-09-13 23:30:30,672 : INFO : SwitchController : <<<<<<< 's_41_stand_up_target_6' active >>>>>>>
2026-09-13 23:30:30,672 : INFO : EventManager : Event: ======'s_41_stand_up_target_6_active'====== Args={}
2026-09-13 23:30:30,672 : INFO : EventManager : Event: ======'sw_playfield_active'====== Args={}
2026-09-13 23:30:30,672 : INFO : EventManager : Event: ======'sw_standups'====== Args={}
2026-09-13 23:30:30,672 : INFO : EventManager : Event: ======'machine_var_audits_switches_s_41_stand_up_target_6'====== Args={'value': 5063, 'prev_value': 5062, 'change': 1}
2026-09-13 23:30:30,673 : INFO : EventManager : Event: ======'stars_t41_off'====== Args={'priority': 0}
2026-09-13 23:30:30,673 : INFO : EventManager : Event: ======'brian_combo_step1'====== Args={'priority': 0}
2026-09-13 23:30:30,673 : INFO : EventManager : Event: ======'stars_count_updated'====== Args={'priority': 0}
2026-09-13 23:30:30,673 : INFO : EventManager : Event: ======'stars_monitor_t41_off'====== Args={'priority': 0}
2026-09-13 23:30:30,673 : INFO : EventManager : Event: ======'player_stars_t41'====== Args={'value': 0, 'prev_value': 1, 'change': -1, 'player_num': 1, 'source': 'stars_mode'}
2026-09-13 23:30:30,673 : INFO : EventManager : Event: ======'player_stars_targets_lit_count'====== Args={'value': 1, 'prev_value': 2, 'change': -1, 'player_num': 1, 'source': 'stars_mode'}
2026-09-13 23:30:30,685 : INFO : EventManager : Event: ======'player_score'====== Args={'value': 1494720, 'prev_value': 1494300, 'change': 420, 'player_num': 1, 'source': 'base'}
2026-09-13 23:30:30,784 : INFO : SwitchController : <<<<<<< 's_41_stand_up_target_6' inactive >>>>>>>
2026-09-13 23:30:31,197 : INFO : EventManager : Event: ======'player_glasses_mode_glasses_state_timer_tick'====== Args={'value': 5, 'prev_value': 4, 'change': 1, 'player_num': 1}
2026-09-13 23:30:31,197 : INFO : EventManager : Event: ======'timer_glasses_state_timer_tick'====== Args={'ticks': 5, 'ticks_remaining': 5}
2026-09-13 23:30:31,247 : INFO : EventManager : Event: ======'player_obey_obey_stage2_timer_tick'====== Args={'value': 160, 'prev_value': 161, 'change': -1, 'player_num': 1}
2026-09-13 23:30:31,247 : INFO : EventManager : Event: ======'timer_obey_stage2_timer_tick'====== Args={'ticks': 160, 'ticks_remaining': 160}
2026-09-13 23:30:32,196 : INFO : EventManager : Event: ======'player_glasses_mode_glasses_state_timer_tick'====== Args={'value': 6, 'prev_value': 5, 'change': 1, 'player_num': 1}
2026-09-13 23:30:32,196 : INFO : EventManager : Event: ======'timer_glasses_state_timer_tick'====== Args={'ticks': 6, 'ticks_remaining': 4}
2026-09-13 23:30:32,247 : INFO : EventManager : Event: ======'player_obey_obey_stage2_timer_tick'====== Args={'value': 159, 'prev_value': 160, 'change': -1, 'player_num': 1}
2026-09-13 23:30:32,247 : INFO : EventManager : Event: ======'timer_obey_stage2_timer_tick'====== Args={'ticks': 159, 'ticks_remaining': 159}
2026-09-13 23:30:33,196 : INFO : EventManager : Event: ======'player_glasses_mode_glasses_state_timer_tick'====== Args={'value': 7, 'prev_value': 6, 'change': 1, 'player_num': 1}
2026-09-13 23:30:33,196 : INFO : EventManager : Event: ======'timer_glasses_state_timer_tick'====== Args={'ticks': 7, 'ticks_remaining': 3}
2026-09-13 23:30:33,247 : INFO : EventManager : Event: ======'player_obey_obey_stage2_timer_tick'====== Args={'value': 158, 'prev_value': 159, 'change': -1, 'player_num': 1}
2026-09-13 23:30:33,247 : INFO : EventManager : Event: ======'timer_obey_stage2_timer_tick'====== Args={'ticks': 158, 'ticks_remaining': 158}
2026-09-13 23:30:33,406 : INFO : SwitchController : <<<<<<< 's_41_stand_up_target_6' active >>>>>>>
2026-09-13 23:30:33,406 : INFO : EventManager : Event: ======'s_41_stand_up_target_6_active'====== Args={}
2026-09-13 23:30:33,406 : INFO : EventManager : Event: ======'sw_playfield_active'====== Args={}
2026-09-13 23:30:33,406 : INFO : EventManager : Event: ======'sw_standups'====== Args={}
2026-09-13 23:30:33,406 : INFO : EventManager : Event: ======'machine_var_audits_switches_s_41_stand_up_target_6'====== Args={'value': 5064, 'prev_value': 5063, 'change': 1}
2026-09-13 23:30:33,407 : INFO : EventManager : Event: ======'stars_t41_on'====== Args={'priority': 0}
2026-09-13 23:30:33,407 : INFO : EventManager : Event: ======'brian_combo_step1'====== Args={'priority': 0}
2026-09-13 23:30:33,407 : INFO : EventManager : Event: ======'stars_count_updated'====== Args={'priority': 0}
2026-09-13 23:30:33,407 : INFO : EventManager : Event: ======'stars_monitor_t41_on'====== Args={'priority': 0}
2026-09-13 23:30:33,407 : INFO : EventManager : Event: ======'player_stars_t41'====== Args={'value': 1, 'prev_value': 0, 'change': 1, 'player_num': 1, 'source': 'stars_mode'}
2026-09-13 23:30:33,407 : INFO : EventManager : Event: ======'player_stars_targets_lit_count'====== Args={'value': 2, 'prev_value': 1, 'change': 1, 'player_num': 1, 'source': 'stars_mode'}
2026-09-13 23:30:33,419 : INFO : EventManager : Event: ======'player_score'====== Args={'value': 1495140, 'prev_value': 1494720, 'change': 420, 'player_num': 1, 'source': 'base'}
2026-09-13 23:30:33,563 : INFO : SwitchController : <<<<<<< 's_41_stand_up_target_6' inactive >>>>>>>
2026-09-13 23:30:34,185 : INFO : EventManager : Event: ======'player_glasses_mode_glasses_state_timer_tick'====== Args={'value': 8, 'prev_value': 7, 'change': 1, 'player_num': 1}
2026-09-13 23:30:34,185 : INFO : EventManager : Event: ======'timer_glasses_state_timer_tick'====== Args={'ticks': 8, 'ticks_remaining': 2}
2026-09-13 23:30:34,234 : INFO : EventManager : Event: ======'player_obey_obey_stage2_timer_tick'====== Args={'value': 157, 'prev_value': 158, 'change': -1, 'player_num': 1}
2026-09-13 23:30:34,235 : INFO : EventManager : Event: ======'timer_obey_stage2_timer_tick'====== Args={'ticks': 157, 'ticks_remaining': 157}
2026-09-13 23:30:35,188 : INFO : EventManager : Event: ======'player_glasses_mode_glasses_state_timer_tick'====== Args={'value': 9, 'prev_value': 8, 'change': 1, 'player_num': 1}
2026-09-13 23:30:35,188 : INFO : EventManager : Event: ======'timer_glasses_state_timer_tick'====== Args={'ticks': 9, 'ticks_remaining': 1}
2026-09-13 23:30:35,238 : INFO : EventManager : Event: ======'player_obey_obey_stage2_timer_tick'====== Args={'value': 156, 'prev_value': 157, 'change': -1, 'player_num': 1}
2026-09-13 23:30:35,238 : INFO : EventManager : Event: ======'timer_obey_stage2_timer_tick'====== Args={'ticks': 156, 'ticks_remaining': 156}
2026-09-13 23:30:36,194 : INFO : EventManager : Event: ======'player_glasses_mode_glasses_state_timer_tick'====== Args={'value': 10, 'prev_value': 9, 'change': 1, 'player_num': 1}
2026-09-13 23:30:36,194 : INFO : Timer.glasses_state_timer : Timer Complete
2026-09-13 23:30:36,194 : INFO : Timer.glasses_state_timer : Stopping Timer
2026-09-13 23:30:36,194 : INFO : EventManager : Event: ======'timer_glasses_state_timer_stopped'====== Args={'ticks': 10, 'ticks_remaining': 1}
2026-09-13 23:30:36,194 : INFO : EventManager : Event: ======'timer_glasses_state_timer_complete'====== Args={'ticks': 10, 'ticks_remaining': 1}
2026-09-13 23:30:36,201 : INFO : EventManager : Event: ======'varitarget_position_7_complete'====== Args={'priority': 0}
2026-09-13 23:30:36,201 : INFO : EventManager : Event: ======'glasses_stop_all_shows'====== Args={'priority': 0}
2026-09-13 23:30:36,201 : INFO : EventManager : Event: ======'varitarget_homing'====== Args={'priority': 0}
2026-09-13 23:30:36,201 : INFO : EventManager : Event: ======'glasses_stop_all_shows'====== Args={'priority': 0}
2026-09-13 23:30:36,201 : INFO : EventManager : Event: ======'glasses_state_timer_stop'====== Args={'priority': 0}
2026-09-13 23:30:36,201 : INFO : EventManager : Event: ======'glasses_homing_setup'====== Args={'priority': 0}
2026-09-13 23:30:36,201 : INFO : EventManager : Event: ======'glasses_home_pulse_timer_restart'====== Args={'priority': 0}
2026-09-13 23:30:36,202 : INFO : Timer.glasses_state_timer : Stopping Timer
2026-09-13 23:30:36,202 : INFO : EventManager : Event: ======'timer_glasses_state_timer_stopped'====== Args={'ticks': 10, 'ticks_remaining': 1}
2026-09-13 23:30:36,202 : INFO : EventManager : Event: ======'player_glasses_current_state'====== Args={'value': 0, 'prev_value': 7, 'change': -7, 'player_num': 1, 'source': 'glasses_mode'}
2026-09-13 23:30:36,202 : INFO : EventManager : Event: ======'player_glasses_homing_active'====== Args={'value': 1, 'prev_value': 0, 'change': 1, 'player_num': 1, 'source': 'glasses_mode'}
2026-09-13 23:30:36,202 : INFO : EventManager : Event: ======'player_glasses_home_start_pos'====== Args={'value': 7, 'prev_value': 1, 'change': 6, 'player_num': 1, 'source': 'glasses_mode'}
2026-09-13 23:30:36,219 : INFO : Timer.glasses_home_pulse_timer : Starting Timer.
2026-09-13 23:30:36,219 : INFO : EventManager : Event: ======'timer_glasses_home_pulse_timer_started'====== Args={'ticks': 0, 'ticks_remaining': 10}
2026-09-13 23:30:36,219 : INFO : EventManager : Event: ======'timer_glasses_home_pulse_timer_tick'====== Args={'ticks': 0, 'ticks_remaining': 10}
2026-09-13 23:30:36,219 : INFO : EventManager : Event: ======'glasses_home_pulse'====== Args={'priority': 0}
2026-09-13 23:30:36,219 : INFO : coil.c_16_varitarget_reset : Pulsing Driver for 5ms (1.0 pulse_power)
2026-09-13 23:30:36,219 : INFO : EventManager : Event: ======'player_glasses_home_pulse_count'====== Args={'value': 1, 'prev_value': 0, 'change': 1, 'player_num': 1, 'source': 'glasses_mode'}
2026-09-13 23:30:36,244 : INFO : EventManager : Event: ======'player_obey_obey_stage2_timer_tick'====== Args={'value': 155, 'prev_value': 156, 'change': -1, 'player_num': 1}
2026-09-13 23:30:36,244 : INFO : EventManager : Event: ======'timer_obey_stage2_timer_tick'====== Args={'ticks': 155, 'ticks_remaining': 155}
2026-09-13 23:30:36,254 : INFO : SwitchController : <<<<<<< 's_70_varitarget_position_7' inactive >>>>>>>
2026-09-13 23:30:36,276 : INFO : SwitchController : <<<<<<< 's_69_varitarget_position_6' active >>>>>>>
2026-09-13 23:30:36,276 : INFO : EventManager : Event: ======'s_69_varitarget_position_6_active'====== Args={}
2026-09-13 23:30:36,276 : INFO : EventManager : Event: ======'sw_vari'====== Args={}
2026-09-13 23:30:36,276 : INFO : EventManager : Event: ======'machine_var_audits_switches_s_69_varitarget_position_6'====== Args={'value': 543, 'prev_value': 542, 'change': 1}
2026-09-13 23:30:36,277 : INFO : EventManager : Event: ======'glasses_pending_position_6'====== Args={'priority': 0}
2026-09-13 23:30:36,277 : INFO : EventManager : Event: ======'machine_var_audits_shots_varitarget_p6'====== Args={'value': 543, 'prev_value': 542, 'change': 1}
2026-09-13 23:30:36,277 : INFO : EventManager : Event: ======'varitarget_p6_hit'====== Args={'profile': 'default', 'state': 'lit', 'advancing': False}
2026-09-13 23:30:36,277 : INFO : EventManager : Event: ======'varitarget_p6_default_hit'====== Args={'profile': 'default', 'state': 'lit', 'advancing': False}
2026-09-13 23:30:36,277 : INFO : EventManager : Event: ======'varitarget_p6_default_lit_hit'====== Args={'profile': 'default', 'state': 'lit', 'advancing': False}
2026-09-13 23:30:36,277 : INFO : EventManager : Event: ======'varitarget_p6_lit_hit'====== Args={'profile': 'default', 'state': 'lit', 'advancing': False}
2026-09-13 23:30:36,277 : INFO : EventManager : Event: ======'varitarget_position_changed'====== Args={'priority': 0}
2026-09-13 23:30:36,277 : INFO : EventManager : Event: ======'player_varitarget_position'====== Args={'value': 6, 'prev_value': 7, 'change': -1, 'player_num': 1, 'source': 'base'}
2026-09-13 23:30:36,277 : INFO : EventManager : Event: ======'glasses_position_confirm_restart'====== Args={'priority': 0}
2026-09-13 23:30:36,278 : INFO : EventManager : Event: ======'player_glasses_pending_position'====== Args={'value': 6, 'prev_value': 7, 'change': -1, 'player_num': 1, 'source': 'glasses_mode'}
2026-09-13 23:30:36,278 : INFO : EventManager : Event: ======'player_glasses_mode_glasses_position_confirm_tick'====== Args={'value': 0, 'prev_value': 1, 'change': -1, 'player_num': 1}
2026-09-13 23:30:36,278 : INFO : Timer.glasses_position_confirm : Starting Timer.
2026-09-13 23:30:36,278 : INFO : EventManager : Event: ======'timer_glasses_position_confirm_started'====== Args={'ticks': 0, 'ticks_remaining': 1}
2026-09-13 23:30:36,278 : INFO : EventManager : Event: ======'timer_glasses_position_confirm_tick'====== Args={'ticks': 0, 'ticks_remaining': 1}
2026-09-13 23:30:36,289 : INFO : EventManager : Event: ======'varitarget_positions_hit'====== Args={'shot': 'varitarget_p6'}
2026-09-13 23:30:36,290 : INFO : EventManager : Event: ======'varitarget_positions_lit_hit'====== Args={'shot': 'varitarget_p6'}
2026-09-13 23:30:36,290 : INFO : EventManager : Event: ======'varitarget_update_stable'====== Args={'priority': 0}
2026-09-13 23:30:36,290 : INFO : EventManager : Event: ======'player_varitarget_stable_position'====== Args={'value': 6, 'prev_value': 7, 'change': -1, 'player_num': 1, 'source': 'base'}
2026-09-13 23:30:36,301 : INFO : EventManager : Event: ======'player_score'====== Args={'value': 1495560, 'prev_value': 1495140, 'change': 420, 'player_num': 1, 'source': 'base'}
2026-09-13 23:30:36,317 : INFO : SwitchController : <<<<<<< 's_69_varitarget_position_6' inactive >>>>>>>
2026-09-13 23:30:36,337 : INFO : SwitchController : <<<<<<< 's_69_varitarget_position_6' active >>>>>>>
2026-09-13 23:30:36,337 : INFO : EventManager : Event: ======'s_69_varitarget_position_6_active'====== Args={}
2026-09-13 23:30:36,337 : INFO : EventManager : Event: ======'sw_vari'====== Args={}
2026-09-13 23:30:36,337 : INFO : EventManager : Event: ======'machine_var_audits_switches_s_69_varitarget_position_6'====== Args={'value': 544, 'prev_value': 543, 'change': 1}
2026-09-13 23:30:36,338 : INFO : EventManager : Event: ======'glasses_pending_position_6'====== Args={'priority': 0}
2026-09-13 23:30:36,338 : INFO : EventManager : Event: ======'machine_var_audits_shots_varitarget_p6'====== Args={'value': 544, 'prev_value': 543, 'change': 1}
2026-09-13 23:30:36,338 : INFO : EventManager : Event: ======'varitarget_p6_hit'====== Args={'profile': 'default', 'state': 'lit', 'advancing': False}
2026-09-13 23:30:36,338 : INFO : EventManager : Event: ======'varitarget_p6_default_hit'====== Args={'profile': 'default', 'state': 'lit', 'advancing': False}
2026-09-13 23:30:36,338 : INFO : EventManager : Event: ======'varitarget_p6_default_lit_hit'====== Args={'profile': 'default', 'state': 'lit', 'advancing': False}
2026-09-13 23:30:36,338 : INFO : EventManager : Event: ======'varitarget_p6_lit_hit'====== Args={'profile': 'default', 'state': 'lit', 'advancing': False}
2026-09-13 23:30:36,338 : INFO : EventManager : Event: ======'varitarget_position_changed'====== Args={'priority': 0}
2026-09-13 23:30:36,338 : INFO : EventManager : Event: ======'glasses_position_confirm_restart'====== Args={'priority': 0}
2026-09-13 23:30:36,338 : INFO : EventManager : Event: ======'timer_glasses_position_confirm_tick'====== Args={'ticks': 0, 'ticks_remaining': 1}
2026-09-13 23:30:36,338 : INFO : EventManager : Event: ======'varitarget_positions_hit'====== Args={'shot': 'varitarget_p6'}
2026-09-13 23:30:36,338 : INFO : EventManager : Event: ======'varitarget_positions_lit_hit'====== Args={'shot': 'varitarget_p6'}
2026-09-13 23:30:36,339 : INFO : EventManager : Event: ======'varitarget_update_stable'====== Args={'priority': 0}
2026-09-13 23:30:36,339 : INFO : EventManager : Event: ======'player_score'====== Args={'value': 1495980, 'prev_value': 1495560, 'change': 420, 'player_num': 1, 'source': 'base'}
2026-09-13 23:30:36,350 : INFO : SwitchController : <<<<<<< 's_69_varitarget_position_6' inactive >>>>>>>
2026-09-13 23:30:36,356 : INFO : SwitchController : <<<<<<< 's_69_varitarget_position_6' active >>>>>>>
2026-09-13 23:30:36,356 : INFO : EventManager : Event: ======'s_69_varitarget_position_6_active'====== Args={}
2026-09-13 23:30:36,357 : INFO : EventManager : Event: ======'sw_vari'====== Args={}
2026-09-13 23:30:36,357 : INFO : EventManager : Event: ======'machine_var_audits_switches_s_69_varitarget_position_6'====== Args={'value': 545, 'prev_value': 544, 'change': 1}
2026-09-13 23:30:36,357 : INFO : EventManager : Event: ======'glasses_pending_position_6'====== Args={'priority': 0}
2026-09-13 23:30:36,357 : INFO : EventManager : Event: ======'machine_var_audits_shots_varitarget_p6'====== Args={'value': 545, 'prev_value': 544, 'change': 1}
2026-09-13 23:30:36,357 : INFO : EventManager : Event: ======'varitarget_p6_hit'====== Args={'profile': 'default', 'state': 'lit', 'advancing': False}
2026-09-13 23:30:36,357 : INFO : EventManager : Event: ======'varitarget_p6_default_hit'====== Args={'profile': 'default', 'state': 'lit', 'advancing': False}
2026-09-13 23:30:36,357 : INFO : EventManager : Event: ======'varitarget_p6_default_lit_hit'====== Args={'profile': 'default', 'state': 'lit', 'advancing': False}
2026-09-13 23:30:36,357 : INFO : EventManager : Event: ======'varitarget_p6_lit_hit'====== Args={'profile': 'default', 'state': 'lit', 'advancing': False}
2026-09-13 23:30:36,358 : INFO : EventManager : Event: ======'varitarget_position_changed'====== Args={'priority': 0}
2026-09-13 23:30:36,358 : INFO : EventManager : Event: ======'glasses_position_confirm_restart'====== Args={'priority': 0}
2026-09-13 23:30:36,358 : INFO : EventManager : Event: ======'timer_glasses_position_confirm_tick'====== Args={'ticks': 0, 'ticks_remaining': 1}
2026-09-13 23:30:36,358 : INFO : EventManager : Event: ======'varitarget_positions_hit'====== Args={'shot': 'varitarget_p6'}
2026-09-13 23:30:36,358 : INFO : EventManager : Event: ======'varitarget_positions_lit_hit'====== Args={'shot': 'varitarget_p6'}
2026-09-13 23:30:36,358 : INFO : EventManager : Event: ======'varitarget_update_stable'====== Args={'priority': 0}
2026-09-13 23:30:36,358 : INFO : EventManager : Event: ======'player_score'====== Args={'value': 1496400, 'prev_value': 1495980, 'change': 420, 'player_num': 1, 'source': 'base'}
2026-09-13 23:30:36,416 : INFO : EventManager : Event: ======'player_glasses_mode_glasses_home_pulse_timer_tick'====== Args={'value': 1, 'prev_value': 0, 'change': 1, 'player_num': 1}
2026-09-13 23:30:36,416 : INFO : EventManager : Event: ======'timer_glasses_home_pulse_timer_tick'====== Args={'ticks': 1, 'ticks_remaining': 9}
2026-09-13 23:30:36,422 : INFO : EventManager : Event: ======'glasses_home_pulse'====== Args={'priority': 0}
2026-09-13 23:30:36,422 : INFO : coil.c_16_varitarget_reset : Pulsing Driver for 5ms (1.0 pulse_power)
2026-09-13 23:30:36,422 : INFO : EventManager : Event: ======'player_glasses_home_pulse_count'====== Args={'value': 2, 'prev_value': 1, 'change': 1, 'player_num': 1, 'source': 'glasses_mode'}
2026-09-13 23:30:36,448 : INFO : SwitchController : <<<<<<< 's_69_varitarget_position_6' inactive >>>>>>>
2026-09-13 23:30:36,480 : INFO : SwitchController : <<<<<<< 's_68_varitarget_position_5' active >>>>>>>
2026-09-13 23:30:36,480 : INFO : EventManager : Event: ======'s_68_varitarget_position_5_active'====== Args={}
2026-09-13 23:30:36,480 : INFO : EventManager : Event: ======'sw_vari'====== Args={}
2026-09-13 23:30:36,480 : INFO : EventManager : Event: ======'machine_var_audits_switches_s_68_varitarget_position_5'====== Args={'value': 471, 'prev_value': 470, 'change': 1}
2026-09-13 23:30:36,481 : INFO : EventManager : Event: ======'glasses_pending_position_5'====== Args={'priority': 0}
2026-09-13 23:30:36,481 : INFO : EventManager : Event: ======'player_shot_varitarget_p5'====== Args={'value': 1, 'prev_value': 0, 'change': 1, 'player_num': 1}
2026-09-13 23:30:36,481 : INFO : EventManager : Event: ======'machine_var_audits_shots_varitarget_p5'====== Args={'value': 471, 'prev_value': 470, 'change': 1}
2026-09-13 23:30:36,481 : INFO : EventManager : Event: ======'varitarget_p5_hit'====== Args={'profile': 'default', 'state': 'unlit', 'advancing': True}
2026-09-13 23:30:36,481 : INFO : EventManager : Event: ======'varitarget_p5_default_hit'====== Args={'profile': 'default', 'state': 'unlit', 'advancing': True}
2026-09-13 23:30:36,482 : INFO : EventManager : Event: ======'varitarget_p5_default_unlit_hit'====== Args={'profile': 'default', 'state': 'unlit', 'advancing': True}
2026-09-13 23:30:36,482 : INFO : EventManager : Event: ======'varitarget_p5_unlit_hit'====== Args={'profile': 'default', 'state': 'unlit', 'advancing': True}
2026-09-13 23:30:36,482 : INFO : EventManager : Event: ======'varitarget_position_changed'====== Args={'priority': 0}
2026-09-13 23:30:36,482 : INFO : EventManager : Event: ======'player_varitarget_position'====== Args={'value': 5, 'prev_value': 6, 'change': -1, 'player_num': 1, 'source': 'base'}
2026-09-13 23:30:36,482 : INFO : EventManager : Event: ======'glasses_position_confirm_restart'====== Args={'priority': 0}
2026-09-13 23:30:36,482 : INFO : EventManager : Event: ======'player_glasses_pending_position'====== Args={'value': 5, 'prev_value': 6, 'change': -1, 'player_num': 1, 'source': 'glasses_mode'}
2026-09-13 23:30:36,482 : INFO : EventManager : Event: ======'timer_glasses_position_confirm_tick'====== Args={'ticks': 0, 'ticks_remaining': 1}
2026-09-13 23:30:36,493 : INFO : EventManager : Event: ======'varitarget_positions_hit'====== Args={'shot': 'varitarget_p5'}
2026-09-13 23:30:36,493 : INFO : EventManager : Event: ======'varitarget_positions_unlit_hit'====== Args={'shot': 'varitarget_p5'}
2026-09-13 23:30:36,493 : INFO : EventManager : Event: ======'varitarget_update_stable'====== Args={'priority': 0}
2026-09-13 23:30:36,493 : INFO : EventManager : Event: ======'player_varitarget_stable_position'====== Args={'value': 5, 'prev_value': 6, 'change': -1, 'player_num': 1, 'source': 'base'}
2026-09-13 23:30:36,505 : INFO : EventManager : Event: ======'player_score'====== Args={'value': 1496820, 'prev_value': 1496400, 'change': 420, 'player_num': 1, 'source': 'base'}
2026-09-13 23:30:36,515 : INFO : SwitchController : <<<<<<< 's_68_varitarget_position_5' inactive >>>>>>>
2026-09-13 23:30:36,516 : INFO : SwitchController : <<<<<<< 's_68_varitarget_position_5' active >>>>>>>
2026-09-13 23:30:36,516 : INFO : EventManager : Event: ======'s_68_varitarget_position_5_active'====== Args={}
2026-09-13 23:30:36,516 : INFO : EventManager : Event: ======'sw_vari'====== Args={}
2026-09-13 23:30:36,516 : INFO : EventManager : Event: ======'machine_var_audits_switches_s_68_varitarget_position_5'====== Args={'value': 472, 'prev_value': 471, 'change': 1}
2026-09-13 23:30:36,516 : INFO : SwitchController : <<<<<<< 's_68_varitarget_position_5' inactive >>>>>>>
2026-09-13 23:30:36,518 : INFO : EventManager : Event: ======'glasses_pending_position_5'====== Args={'priority': 0}
2026-09-13 23:30:36,518 : INFO : EventManager : Event: ======'machine_var_audits_shots_varitarget_p5'====== Args={'value': 472, 'prev_value': 471, 'change': 1}
2026-09-13 23:30:36,518 : INFO : EventManager : Event: ======'varitarget_p5_hit'====== Args={'profile': 'default', 'state': 'lit', 'advancing': False}
2026-09-13 23:30:36,518 : INFO : EventManager : Event: ======'varitarget_p5_default_hit'====== Args={'profile': 'default', 'state': 'lit', 'advancing': False}
2026-09-13 23:30:36,518 : INFO : EventManager : Event: ======'varitarget_p5_default_lit_hit'====== Args={'profile': 'default', 'state': 'lit', 'advancing': False}
2026-09-13 23:30:36,518 : INFO : EventManager : Event: ======'varitarget_p5_lit_hit'====== Args={'profile': 'default', 'state': 'lit', 'advancing': False}
2026-09-13 23:30:36,519 : INFO : EventManager : Event: ======'varitarget_position_changed'====== Args={'priority': 0}
2026-09-13 23:30:36,519 : INFO : EventManager : Event: ======'glasses_position_confirm_restart'====== Args={'priority': 0}
2026-09-13 23:30:36,519 : INFO : EventManager : Event: ======'timer_glasses_position_confirm_tick'====== Args={'ticks': 0, 'ticks_remaining': 1}
2026-09-13 23:30:36,519 : INFO : EventManager : Event: ======'varitarget_positions_hit'====== Args={'shot': 'varitarget_p5'}
2026-09-13 23:30:36,519 : INFO : EventManager : Event: ======'varitarget_positions_lit_hit'====== Args={'shot': 'varitarget_p5'}
2026-09-13 23:30:36,519 : INFO : EventManager : Event: ======'varitarget_update_stable'====== Args={'priority': 0}
2026-09-13 23:30:36,519 : INFO : EventManager : Event: ======'player_score'====== Args={'value': 1497240, 'prev_value': 1496820, 'change': 420, 'player_num': 1, 'source': 'base'}
2026-09-13 23:30:36,525 : INFO : SwitchController : <<<<<<< 's_68_varitarget_position_5' active >>>>>>>
2026-09-13 23:30:36,525 : INFO : EventManager : Event: ======'s_68_varitarget_position_5_active'====== Args={}
2026-09-13 23:30:36,525 : INFO : EventManager : Event: ======'sw_vari'====== Args={}
2026-09-13 23:30:36,525 : INFO : EventManager : Event: ======'machine_var_audits_switches_s_68_varitarget_position_5'====== Args={'value': 473, 'prev_value': 472, 'change': 1}
2026-09-13 23:30:36,529 : INFO : EventManager : Event: ======'glasses_pending_position_5'====== Args={'priority': 0}
2026-09-13 23:30:36,529 : INFO : EventManager : Event: ======'machine_var_audits_shots_varitarget_p5'====== Args={'value': 473, 'prev_value': 472, 'change': 1}
2026-09-13 23:30:36,529 : INFO : EventManager : Event: ======'varitarget_p5_hit'====== Args={'profile': 'default', 'state': 'lit', 'advancing': False}
2026-09-13 23:30:36,529 : INFO : EventManager : Event: ======'varitarget_p5_default_hit'====== Args={'profile': 'default', 'state': 'lit', 'advancing': False}
2026-09-13 23:30:36,529 : INFO : EventManager : Event: ======'varitarget_p5_default_lit_hit'====== Args={'profile': 'default', 'state': 'lit', 'advancing': False}
2026-09-13 23:30:36,529 : INFO : EventManager : Event: ======'varitarget_p5_lit_hit'====== Args={'profile': 'default', 'state': 'lit', 'advancing': False}
2026-09-13 23:30:36,529 : INFO : EventManager : Event: ======'varitarget_position_changed'====== Args={'priority': 0}
2026-09-13 23:30:36,529 : INFO : EventManager : Event: ======'glasses_position_confirm_restart'====== Args={'priority': 0}
2026-09-13 23:30:36,529 : INFO : EventManager : Event: ======'timer_glasses_position_confirm_tick'====== Args={'ticks': 0, 'ticks_remaining': 1}
2026-09-13 23:30:36,530 : INFO : EventManager : Event: ======'varitarget_positions_hit'====== Args={'shot': 'varitarget_p5'}
2026-09-13 23:30:36,530 : INFO : EventManager : Event: ======'varitarget_positions_lit_hit'====== Args={'shot': 'varitarget_p5'}
2026-09-13 23:30:36,530 : INFO : EventManager : Event: ======'varitarget_update_stable'====== Args={'priority': 0}
2026-09-13 23:30:36,530 : INFO : EventManager : Event: ======'player_score'====== Args={'value': 1497660, 'prev_value': 1497240, 'change': 420, 'player_num': 1, 'source': 'base'}
2026-09-13 23:30:36,576 : INFO : SwitchController : <<<<<<< 's_68_varitarget_position_5' inactive >>>>>>>
2026-09-13 23:30:36,595 : INFO : SwitchController : <<<<<<< 's_68_varitarget_position_5' active >>>>>>>
2026-09-13 23:30:36,595 : INFO : EventManager : Event: ======'s_68_varitarget_position_5_active'====== Args={}
2026-09-13 23:30:36,596 : INFO : EventManager : Event: ======'sw_vari'====== Args={}
2026-09-13 23:30:36,596 : INFO : EventManager : Event: ======'machine_var_audits_switches_s_68_varitarget_position_5'====== Args={'value': 474, 'prev_value': 473, 'change': 1}
2026-09-13 23:30:36,596 : INFO : EventManager : Event: ======'glasses_pending_position_5'====== Args={'priority': 0}
2026-09-13 23:30:36,597 : INFO : EventManager : Event: ======'machine_var_audits_shots_varitarget_p5'====== Args={'value': 474, 'prev_value': 473, 'change': 1}
2026-09-13 23:30:36,597 : INFO : EventManager : Event: ======'varitarget_p5_hit'====== Args={'profile': 'default', 'state': 'lit', 'advancing': False}
2026-09-13 23:30:36,597 : INFO : EventManager : Event: ======'varitarget_p5_default_hit'====== Args={'profile': 'default', 'state': 'lit', 'advancing': False}
2026-09-13 23:30:36,597 : INFO : EventManager : Event: ======'varitarget_p5_default_lit_hit'====== Args={'profile': 'default', 'state': 'lit', 'advancing': False}
2026-09-13 23:30:36,597 : INFO : EventManager : Event: ======'varitarget_p5_lit_hit'====== Args={'profile': 'default', 'state': 'lit', 'advancing': False}
2026-09-13 23:30:36,597 : INFO : EventManager : Event: ======'varitarget_position_changed'====== Args={'priority': 0}
2026-09-13 23:30:36,597 : INFO : EventManager : Event: ======'glasses_position_confirm_restart'====== Args={'priority': 0}
2026-09-13 23:30:36,597 : INFO : EventManager : Event: ======'timer_glasses_position_confirm_tick'====== Args={'ticks': 0, 'ticks_remaining': 1}
2026-09-13 23:30:36,597 : INFO : EventManager : Event: ======'varitarget_positions_hit'====== Args={'shot': 'varitarget_p5'}
2026-09-13 23:30:36,597 : INFO : EventManager : Event: ======'varitarget_positions_lit_hit'====== Args={'shot': 'varitarget_p5'}
2026-09-13 23:30:36,597 : INFO : EventManager : Event: ======'varitarget_update_stable'====== Args={'priority': 0}
2026-09-13 23:30:36,598 : INFO : EventManager : Event: ======'player_score'====== Args={'value': 1498080, 'prev_value': 1497660, 'change': 420, 'player_num': 1, 'source': 'base'}
2026-09-13 23:30:36,603 : INFO : SwitchController : <<<<<<< 's_68_varitarget_position_5' inactive >>>>>>>
2026-09-13 23:30:36,607 : INFO : SwitchController : <<<<<<< 's_68_varitarget_position_5' active >>>>>>>
2026-09-13 23:30:36,607 : INFO : EventManager : Event: ======'s_68_varitarget_position_5_active'====== Args={}
2026-09-13 23:30:36,607 : INFO : EventManager : Event: ======'sw_vari'====== Args={}
2026-09-13 23:30:36,607 : INFO : EventManager : Event: ======'machine_var_audits_switches_s_68_varitarget_position_5'====== Args={'value': 475, 'prev_value': 474, 'change': 1}
2026-09-13 23:30:36,607 : INFO : SwitchController : <<<<<<< 's_41_stand_up_target_6' active >>>>>>>
2026-09-13 23:30:36,607 : INFO : EventManager : Event: ======'s_41_stand_up_target_6_active'====== Args={}
2026-09-13 23:30:36,607 : INFO : EventManager : Event: ======'sw_playfield_active'====== Args={}
2026-09-13 23:30:36,607 : INFO : EventManager : Event: ======'sw_standups'====== Args={}
2026-09-13 23:30:36,607 : INFO : EventManager : Event: ======'machine_var_audits_switches_s_41_stand_up_target_6'====== Args={'value': 5065, 'prev_value': 5064, 'change': 1}
2026-09-13 23:30:36,608 : INFO : EventManager : Event: ======'player_glasses_mode_glasses_home_pulse_timer_tick'====== Args={'value': 2, 'prev_value': 1, 'change': 1, 'player_num': 1}
2026-09-13 23:30:36,608 : INFO : EventManager : Event: ======'timer_glasses_home_pulse_timer_tick'====== Args={'ticks': 2, 'ticks_remaining': 8}
2026-09-13 23:30:36,608 : INFO : EventManager : Event: ======'glasses_pending_position_5'====== Args={'priority': 0}
2026-09-13 23:30:36,608 : INFO : EventManager : Event: ======'machine_var_audits_shots_varitarget_p5'====== Args={'value': 475, 'prev_value': 474, 'change': 1}
2026-09-13 23:30:36,608 : INFO : EventManager : Event: ======'varitarget_p5_hit'====== Args={'profile': 'default', 'state': 'lit', 'advancing': False}
2026-09-13 23:30:36,608 : INFO : EventManager : Event: ======'varitarget_p5_default_hit'====== Args={'profile': 'default', 'state': 'lit', 'advancing': False}
2026-09-13 23:30:36,608 : INFO : EventManager : Event: ======'varitarget_p5_default_lit_hit'====== Args={'profile': 'default', 'state': 'lit', 'advancing': False}
2026-09-13 23:30:36,609 : INFO : EventManager : Event: ======'varitarget_p5_lit_hit'====== Args={'profile': 'default', 'state': 'lit', 'advancing': False}
2026-09-13 23:30:36,609 : INFO : EventManager : Event: ======'varitarget_position_changed'====== Args={'priority': 0}
2026-09-13 23:30:36,609 : INFO : EventManager : Event: ======'glasses_position_confirm_restart'====== Args={'priority': 0}
2026-09-13 23:30:36,609 : INFO : EventManager : Event: ======'timer_glasses_position_confirm_tick'====== Args={'ticks': 0, 'ticks_remaining': 1}
2026-09-13 23:30:36,609 : INFO : EventManager : Event: ======'varitarget_positions_hit'====== Args={'shot': 'varitarget_p5'}
2026-09-13 23:30:36,609 : INFO : EventManager : Event: ======'varitarget_positions_lit_hit'====== Args={'shot': 'varitarget_p5'}
2026-09-13 23:30:36,609 : INFO : EventManager : Event: ======'varitarget_update_stable'====== Args={'priority': 0}
2026-09-13 23:30:36,609 : INFO : EventManager : Event: ======'player_score'====== Args={'value': 1498500, 'prev_value': 1498080, 'change': 420, 'player_num': 1, 'source': 'base'}
2026-09-13 23:30:36,615 : INFO : EventManager : Event: ======'stars_t41_off'====== Args={'priority': 0}
2026-09-13 23:30:36,615 : INFO : EventManager : Event: ======'brian_combo_step1'====== Args={'priority': 0}
2026-09-13 23:30:36,615 : INFO : EventManager : Event: ======'stars_count_updated'====== Args={'priority': 0}
2026-09-13 23:30:36,616 : INFO : EventManager : Event: ======'stars_monitor_t41_off'====== Args={'priority': 0}
2026-09-13 23:30:36,616 : INFO : EventManager : Event: ======'player_stars_t41'====== Args={'value': 0, 'prev_value': 1, 'change': -1, 'player_num': 1, 'source': 'stars_mode'}
2026-09-13 23:30:36,616 : INFO : EventManager : Event: ======'player_stars_targets_lit_count'====== Args={'value': 1, 'prev_value': 2, 'change': -1, 'player_num': 1, 'source': 'stars_mode'}
2026-09-13 23:30:36,627 : INFO : EventManager : Event: ======'player_score'====== Args={'value': 1498920, 'prev_value': 1498500, 'change': 420, 'player_num': 1, 'source': 'base'}
2026-09-13 23:30:36,638 : INFO : EventManager : Event: ======'glasses_home_pulse'====== Args={'priority': 0}
2026-09-13 23:30:36,638 : INFO : coil.c_16_varitarget_reset : Pulsing Driver for 5ms (1.0 pulse_power)
2026-09-13 23:30:36,638 : INFO : EventManager : Event: ======'player_glasses_home_pulse_count'====== Args={'value': 3, 'prev_value': 2, 'change': 1, 'player_num': 1, 'source': 'glasses_mode'}
2026-09-13 23:30:36,672 : INFO : SwitchController : <<<<<<< 's_68_varitarget_position_5' inactive >>>>>>>
2026-09-13 23:30:36,704 : INFO : SwitchController : <<<<<<< 's_67_varitarget_position_4' active >>>>>>>
2026-09-13 23:30:36,704 : INFO : EventManager : Event: ======'s_67_varitarget_position_4_active'====== Args={}
2026-09-13 23:30:36,704 : INFO : EventManager : Event: ======'sw_vari'====== Args={}
2026-09-13 23:30:36,704 : INFO : EventManager : Event: ======'machine_var_audits_switches_s_67_varitarget_position_4'====== Args={'value': 328, 'prev_value': 327, 'change': 1}
2026-09-13 23:30:36,705 : INFO : EventManager : Event: ======'glasses_pending_position_4'====== Args={'priority': 0}
2026-09-13 23:30:36,705 : INFO : EventManager : Event: ======'player_shot_varitarget_p4'====== Args={'value': 1, 'prev_value': 0, 'change': 1, 'player_num': 1}
2026-09-13 23:30:36,705 : INFO : EventManager : Event: ======'machine_var_audits_shots_varitarget_p4'====== Args={'value': 326, 'prev_value': 325, 'change': 1}
2026-09-13 23:30:36,705 : INFO : EventManager : Event: ======'varitarget_p4_hit'====== Args={'profile': 'default', 'state': 'unlit', 'advancing': True}
2026-09-13 23:30:36,705 : INFO : EventManager : Event: ======'varitarget_p4_default_hit'====== Args={'profile': 'default', 'state': 'unlit', 'advancing': True}
2026-09-13 23:30:36,706 : INFO : EventManager : Event: ======'varitarget_p4_default_unlit_hit'====== Args={'profile': 'default', 'state': 'unlit', 'advancing': True}
2026-09-13 23:30:36,706 : INFO : EventManager : Event: ======'varitarget_p4_unlit_hit'====== Args={'profile': 'default', 'state': 'unlit', 'advancing': True}
2026-09-13 23:30:36,706 : INFO : EventManager : Event: ======'varitarget_position_changed'====== Args={'priority': 0}
2026-09-13 23:30:36,706 : INFO : EventManager : Event: ======'player_varitarget_position'====== Args={'value': 4, 'prev_value': 5, 'change': -1, 'player_num': 1, 'source': 'base'}
2026-09-13 23:30:36,706 : INFO : EventManager : Event: ======'glasses_position_confirm_restart'====== Args={'priority': 0}
2026-09-13 23:30:36,706 : INFO : EventManager : Event: ======'player_glasses_pending_position'====== Args={'value': 4, 'prev_value': 5, 'change': -1, 'player_num': 1, 'source': 'glasses_mode'}
2026-09-13 23:30:36,706 : INFO : EventManager : Event: ======'timer_glasses_position_confirm_tick'====== Args={'ticks': 0, 'ticks_remaining': 1}
2026-09-13 23:30:36,718 : INFO : EventManager : Event: ======'varitarget_positions_hit'====== Args={'shot': 'varitarget_p4'}
2026-09-13 23:30:36,718 : INFO : EventManager : Event: ======'varitarget_positions_unlit_hit'====== Args={'shot': 'varitarget_p4'}
2026-09-13 23:30:36,718 : INFO : EventManager : Event: ======'varitarget_update_stable'====== Args={'priority': 0}
2026-09-13 23:30:36,718 : INFO : EventManager : Event: ======'player_varitarget_stable_position'====== Args={'value': 4, 'prev_value': 5, 'change': -1, 'player_num': 1, 'source': 'base'}
2026-09-13 23:30:36,730 : INFO : EventManager : Event: ======'player_score'====== Args={'value': 1499340, 'prev_value': 1498920, 'change': 420, 'player_num': 1, 'source': 'base'}
2026-09-13 23:30:36,736 : INFO : SwitchController : <<<<<<< 's_67_varitarget_position_4' inactive >>>>>>>
2026-09-13 23:30:36,740 : INFO : SwitchController : <<<<<<< 's_66_varitarget_position_3' active >>>>>>>
2026-09-13 23:30:36,740 : INFO : EventManager : Event: ======'s_66_varitarget_position_3_active'====== Args={}
2026-09-13 23:30:36,740 : INFO : EventManager : Event: ======'sw_vari'====== Args={}
2026-09-13 23:30:36,740 : INFO : EventManager : Event: ======'machine_var_audits_switches_s_66_varitarget_position_3'====== Args={'value': 929, 'prev_value': 928, 'change': 1}
2026-09-13 23:30:36,740 : INFO : SwitchController : <<<<<<< 's_66_varitarget_position_3' inactive >>>>>>>
2026-09-13 23:30:36,741 : INFO : EventManager : Event: ======'glasses_pending_position_3'====== Args={'priority': 0}
2026-09-13 23:30:36,741 : INFO : EventManager : Event: ======'player_shot_varitarget_p3'====== Args={'value': 1, 'prev_value': 0, 'change': 1, 'player_num': 1}
2026-09-13 23:30:36,741 : INFO : EventManager : Event: ======'machine_var_audits_shots_varitarget_p3'====== Args={'value': 929, 'prev_value': 928, 'change': 1}
2026-09-13 23:30:36,741 : INFO : EventManager : Event: ======'varitarget_p3_hit'====== Args={'profile': 'default', 'state': 'unlit', 'advancing': True}
2026-09-13 23:30:36,741 : INFO : EventManager : Event: ======'varitarget_p3_default_hit'====== Args={'profile': 'default', 'state': 'unlit', 'advancing': True}
2026-09-13 23:30:36,741 : INFO : EventManager : Event: ======'varitarget_p3_default_unlit_hit'====== Args={'profile': 'default', 'state': 'unlit', 'advancing': True}
2026-09-13 23:30:36,741 : INFO : EventManager : Event: ======'varitarget_p3_unlit_hit'====== Args={'profile': 'default', 'state': 'unlit', 'advancing': True}
2026-09-13 23:30:36,741 : INFO : EventManager : Event: ======'varitarget_position_changed'====== Args={'priority': 0}
2026-09-13 23:30:36,742 : INFO : EventManager : Event: ======'player_varitarget_position'====== Args={'value': 3, 'prev_value': 4, 'change': -1, 'player_num': 1, 'source': 'base'}
2026-09-13 23:30:36,742 : INFO : EventManager : Event: ======'glasses_position_confirm_restart'====== Args={'priority': 0}
2026-09-13 23:30:36,742 : INFO : EventManager : Event: ======'player_glasses_pending_position'====== Args={'value': 3, 'prev_value': 4, 'change': -1, 'player_num': 1, 'source': 'glasses_mode'}
2026-09-13 23:30:36,742 : INFO : EventManager : Event: ======'timer_glasses_position_confirm_tick'====== Args={'ticks': 0, 'ticks_remaining': 1}
2026-09-13 23:30:36,748 : INFO : EventManager : Event: ======'varitarget_positions_complete'====== Args={'state': 'lit'}
2026-09-13 23:30:36,748 : INFO : EventManager : Event: ======'varitarget_positions_lit_complete'====== Args={}
2026-09-13 23:30:36,754 : INFO : EventManager : Event: ======'varitarget_positions_hit'====== Args={'shot': 'varitarget_p3'}
2026-09-13 23:30:36,754 : INFO : EventManager : Event: ======'varitarget_positions_unlit_hit'====== Args={'shot': 'varitarget_p3'}
2026-09-13 23:30:36,754 : INFO : EventManager : Event: ======'varitarget_update_stable'====== Args={'priority': 0}
2026-09-13 23:30:36,755 : INFO : EventManager : Event: ======'player_varitarget_stable_position'====== Args={'value': 3, 'prev_value': 4, 'change': -1, 'player_num': 1, 'source': 'base'}
2026-09-13 23:30:36,766 : INFO : EventManager : Event: ======'player_score'====== Args={'value': 1499760, 'prev_value': 1499340, 'change': 420, 'player_num': 1, 'source': 'base'}
2026-09-13 23:30:36,776 : INFO : SwitchController : <<<<<<< 's_66_varitarget_position_3' active >>>>>>>
2026-09-13 23:30:36,776 : INFO : EventManager : Event: ======'s_66_varitarget_position_3_active'====== Args={}
2026-09-13 23:30:36,776 : INFO : EventManager : Event: ======'sw_vari'====== Args={}
2026-09-13 23:30:36,776 : INFO : EventManager : Event: ======'machine_var_audits_switches_s_66_varitarget_position_3'====== Args={'value': 930, 'prev_value': 929, 'change': 1}
2026-09-13 23:30:36,778 : INFO : EventManager : Event: ======'glasses_pending_position_3'====== Args={'priority': 0}
2026-09-13 23:30:36,778 : INFO : EventManager : Event: ======'machine_var_audits_shots_varitarget_p3'====== Args={'value': 930, 'prev_value': 929, 'change': 1}
2026-09-13 23:30:36,778 : INFO : EventManager : Event: ======'varitarget_p3_hit'====== Args={'profile': 'default', 'state': 'lit', 'advancing': False}
2026-09-13 23:30:36,778 : INFO : EventManager : Event: ======'varitarget_p3_default_hit'====== Args={'profile': 'default', 'state': 'lit', 'advancing': False}
2026-09-13 23:30:36,778 : INFO : EventManager : Event: ======'varitarget_p3_default_lit_hit'====== Args={'profile': 'default', 'state': 'lit', 'advancing': False}
2026-09-13 23:30:36,778 : INFO : EventManager : Event: ======'varitarget_p3_lit_hit'====== Args={'profile': 'default', 'state': 'lit', 'advancing': False}
2026-09-13 23:30:36,778 : INFO : EventManager : Event: ======'varitarget_position_changed'====== Args={'priority': 0}
2026-09-13 23:30:36,778 : INFO : EventManager : Event: ======'glasses_position_confirm_restart'====== Args={'priority': 0}
2026-09-13 23:30:36,779 : INFO : EventManager : Event: ======'timer_glasses_position_confirm_tick'====== Args={'ticks': 0, 'ticks_remaining': 1}
2026-09-13 23:30:36,779 : INFO : EventManager : Event: ======'varitarget_positions_hit'====== Args={'shot': 'varitarget_p3'}
2026-09-13 23:30:36,779 : INFO : EventManager : Event: ======'varitarget_positions_lit_hit'====== Args={'shot': 'varitarget_p3'}
2026-09-13 23:30:36,779 : INFO : EventManager : Event: ======'varitarget_update_stable'====== Args={'priority': 0}
2026-09-13 23:30:36,779 : INFO : EventManager : Event: ======'player_score'====== Args={'value': 1500180, 'prev_value': 1499760, 'change': 420, 'player_num': 1, 'source': 'base'}
2026-09-13 23:30:36,786 : INFO : SwitchController : <<<<<<< 's_41_stand_up_target_6' inactive >>>>>>>
2026-09-13 23:30:36,791 : INFO : SwitchController : <<<<<<< 's_66_varitarget_position_3' inactive >>>>>>>
2026-09-13 23:30:36,791 : INFO : SwitchController : <<<<<<< 's_66_varitarget_position_3' active >>>>>>>
2026-09-13 23:30:36,791 : INFO : EventManager : Event: ======'s_66_varitarget_position_3_active'====== Args={}
2026-09-13 23:30:36,791 : INFO : EventManager : Event: ======'sw_vari'====== Args={}
2026-09-13 23:30:36,792 : INFO : EventManager : Event: ======'machine_var_audits_switches_s_66_varitarget_position_3'====== Args={'value': 931, 'prev_value': 930, 'change': 1}
2026-09-13 23:30:36,794 : INFO : EventManager : Event: ======'glasses_pending_position_3'====== Args={'priority': 0}
2026-09-13 23:30:36,794 : INFO : EventManager : Event: ======'machine_var_audits_shots_varitarget_p3'====== Args={'value': 931, 'prev_value': 930, 'change': 1}
2026-09-13 23:30:36,795 : INFO : EventManager : Event: ======'varitarget_p3_hit'====== Args={'profile': 'default', 'state': 'lit', 'advancing': False}
2026-09-13 23:30:36,795 : INFO : EventManager : Event: ======'varitarget_p3_default_hit'====== Args={'profile': 'default', 'state': 'lit', 'advancing': False}
2026-09-13 23:30:36,795 : INFO : EventManager : Event: ======'varitarget_p3_default_lit_hit'====== Args={'profile': 'default', 'state': 'lit', 'advancing': False}
2026-09-13 23:30:36,795 : INFO : EventManager : Event: ======'varitarget_p3_lit_hit'====== Args={'profile': 'default', 'state': 'lit', 'advancing': False}
2026-09-13 23:30:36,795 : INFO : EventManager : Event: ======'varitarget_position_changed'====== Args={'priority': 0}
2026-09-13 23:30:36,795 : INFO : EventManager : Event: ======'glasses_position_confirm_restart'====== Args={'priority': 0}
2026-09-13 23:30:36,795 : INFO : EventManager : Event: ======'timer_glasses_position_confirm_tick'====== Args={'ticks': 0, 'ticks_remaining': 1}
2026-09-13 23:30:36,795 : INFO : EventManager : Event: ======'varitarget_positions_hit'====== Args={'shot': 'varitarget_p3'}
2026-09-13 23:30:36,795 : INFO : EventManager : Event: ======'varitarget_positions_lit_hit'====== Args={'shot': 'varitarget_p3'}
2026-09-13 23:30:36,796 : INFO : EventManager : Event: ======'varitarget_update_stable'====== Args={'priority': 0}
2026-09-13 23:30:36,796 : INFO : EventManager : Event: ======'player_score'====== Args={'value': 1500600, 'prev_value': 1500180, 'change': 420, 'player_num': 1, 'source': 'base'}
2026-09-13 23:30:36,806 : INFO : SwitchController : <<<<<<< 's_66_varitarget_position_3' inactive >>>>>>>
2026-09-13 23:30:36,806 : INFO : SwitchController : <<<<<<< 's_66_varitarget_position_3' active >>>>>>>
2026-09-13 23:30:36,806 : INFO : EventManager : Event: ======'s_66_varitarget_position_3_active'====== Args={}
2026-09-13 23:30:36,806 : INFO : EventManager : Event: ======'sw_vari'====== Args={}
2026-09-13 23:30:36,806 : INFO : EventManager : Event: ======'machine_var_audits_switches_s_66_varitarget_position_3'====== Args={'value': 932, 'prev_value': 931, 'change': 1}
2026-09-13 23:30:36,809 : INFO : EventManager : Event: ======'glasses_pending_position_3'====== Args={'priority': 0}
2026-09-13 23:30:36,809 : INFO : EventManager : Event: ======'machine_var_audits_shots_varitarget_p3'====== Args={'value': 932, 'prev_value': 931, 'change': 1}
2026-09-13 23:30:36,810 : INFO : EventManager : Event: ======'varitarget_p3_hit'====== Args={'profile': 'default', 'state': 'lit', 'advancing': False}
2026-09-13 23:30:36,810 : INFO : EventManager : Event: ======'varitarget_p3_default_hit'====== Args={'profile': 'default', 'state': 'lit', 'advancing': False}
2026-09-13 23:30:36,810 : INFO : EventManager : Event: ======'varitarget_p3_default_lit_hit'====== Args={'profile': 'default', 'state': 'lit', 'advancing': False}
2026-09-13 23:30:36,810 : INFO : EventManager : Event: ======'varitarget_p3_lit_hit'====== Args={'profile': 'default', 'state': 'lit', 'advancing': False}
2026-09-13 23:30:36,810 : INFO : EventManager : Event: ======'varitarget_position_changed'====== Args={'priority': 0}
2026-09-13 23:30:36,810 : INFO : EventManager : Event: ======'glasses_position_confirm_restart'====== Args={'priority': 0}
2026-09-13 23:30:36,810 : INFO : EventManager : Event: ======'timer_glasses_position_confirm_tick'====== Args={'ticks': 0, 'ticks_remaining': 1}
2026-09-13 23:30:36,810 : INFO : EventManager : Event: ======'varitarget_positions_hit'====== Args={'shot': 'varitarget_p3'}
2026-09-13 23:30:36,810 : INFO : EventManager : Event: ======'varitarget_positions_lit_hit'====== Args={'shot': 'varitarget_p3'}
2026-09-13 23:30:36,810 : INFO : EventManager : Event: ======'varitarget_update_stable'====== Args={'priority': 0}
2026-09-13 23:30:36,810 : INFO : EventManager : Event: ======'player_score'====== Args={'value': 1501020, 'prev_value': 1500600, 'change': 420, 'player_num': 1, 'source': 'base'}
2026-09-13 23:30:36,817 : INFO : EventManager : Event: ======'player_glasses_mode_glasses_home_pulse_timer_tick'====== Args={'value': 3, 'prev_value': 2, 'change': 1, 'player_num': 1}
2026-09-13 23:30:36,817 : INFO : EventManager : Event: ======'timer_glasses_home_pulse_timer_tick'====== Args={'ticks': 3, 'ticks_remaining': 7}
2026-09-13 23:30:36,826 : INFO : EventManager : Event: ======'glasses_home_pulse'====== Args={'priority': 0}
2026-09-13 23:30:36,826 : INFO : coil.c_16_varitarget_reset : Pulsing Driver for 5ms (1.0 pulse_power)
2026-09-13 23:30:36,826 : INFO : EventManager : Event: ======'player_glasses_home_pulse_count'====== Args={'value': 4, 'prev_value': 3, 'change': 1, 'player_num': 1, 'source': 'glasses_mode'}
2026-09-13 23:30:36,833 : INFO : SwitchController : <<<<<<< 's_66_varitarget_position_3' inactive >>>>>>>
2026-09-13 23:30:36,838 : INFO : SwitchController : <<<<<<< 's_66_varitarget_position_3' active >>>>>>>
2026-09-13 23:30:36,838 : INFO : EventManager : Event: ======'s_66_varitarget_position_3_active'====== Args={}
2026-09-13 23:30:36,838 : INFO : EventManager : Event: ======'sw_vari'====== Args={}
2026-09-13 23:30:36,838 : INFO : EventManager : Event: ======'machine_var_audits_switches_s_66_varitarget_position_3'====== Args={'value': 933, 'prev_value': 932, 'change': 1}
2026-09-13 23:30:36,838 : INFO : EventManager : Event: ======'glasses_pending_position_3'====== Args={'priority': 0}
2026-09-13 23:30:36,838 : INFO : EventManager : Event: ======'machine_var_audits_shots_varitarget_p3'====== Args={'value': 933, 'prev_value': 932, 'change': 1}
2026-09-13 23:30:36,839 : INFO : EventManager : Event: ======'varitarget_p3_hit'====== Args={'profile': 'default', 'state': 'lit', 'advancing': False}
2026-09-13 23:30:36,839 : INFO : EventManager : Event: ======'varitarget_p3_default_hit'====== Args={'profile': 'default', 'state': 'lit', 'advancing': False}
2026-09-13 23:30:36,839 : INFO : EventManager : Event: ======'varitarget_p3_default_lit_hit'====== Args={'profile': 'default', 'state': 'lit', 'advancing': False}
2026-09-13 23:30:36,839 : INFO : EventManager : Event: ======'varitarget_p3_lit_hit'====== Args={'profile': 'default', 'state': 'lit', 'advancing': False}
2026-09-13 23:30:36,839 : INFO : EventManager : Event: ======'varitarget_position_changed'====== Args={'priority': 0}
2026-09-13 23:30:36,839 : INFO : EventManager : Event: ======'glasses_position_confirm_restart'====== Args={'priority': 0}
2026-09-13 23:30:36,839 : INFO : EventManager : Event: ======'timer_glasses_position_confirm_tick'====== Args={'ticks': 0, 'ticks_remaining': 1}
2026-09-13 23:30:36,839 : INFO : EventManager : Event: ======'varitarget_positions_hit'====== Args={'shot': 'varitarget_p3'}
2026-09-13 23:30:36,839 : INFO : EventManager : Event: ======'varitarget_positions_lit_hit'====== Args={'shot': 'varitarget_p3'}
2026-09-13 23:30:36,839 : INFO : EventManager : Event: ======'varitarget_update_stable'====== Args={'priority': 0}
2026-09-13 23:30:36,839 : INFO : EventManager : Event: ======'player_score'====== Args={'value': 1501440, 'prev_value': 1501020, 'change': 420, 'player_num': 1, 'source': 'base'}
2026-09-13 23:30:36,851 : INFO : SwitchController : <<<<<<< 's_66_varitarget_position_3' inactive >>>>>>>
2026-09-13 23:30:36,889 : INFO : SwitchController : <<<<<<< 's_65_varitarget_position_2' active >>>>>>>
2026-09-13 23:30:36,889 : INFO : EventManager : Event: ======'s_65_varitarget_position_2_active'====== Args={}
2026-09-13 23:30:36,889 : INFO : EventManager : Event: ======'sw_vari'====== Args={}
2026-09-13 23:30:36,889 : INFO : EventManager : Event: ======'machine_var_audits_switches_s_65_varitarget_position_2'====== Args={'value': 1003, 'prev_value': 1002, 'change': 1}
2026-09-13 23:30:36,890 : INFO : EventManager : Event: ======'glasses_pending_position_2'====== Args={'priority': 0}
2026-09-13 23:30:36,890 : INFO : EventManager : Event: ======'machine_var_audits_shots_varitarget_p2'====== Args={'value': 1002, 'prev_value': 1001, 'change': 1}
2026-09-13 23:30:36,890 : INFO : EventManager : Event: ======'varitarget_p2_hit'====== Args={'profile': 'default', 'state': 'lit', 'advancing': False}
2026-09-13 23:30:36,890 : INFO : EventManager : Event: ======'varitarget_p2_default_hit'====== Args={'profile': 'default', 'state': 'lit', 'advancing': False}
2026-09-13 23:30:36,890 : INFO : EventManager : Event: ======'varitarget_p2_default_lit_hit'====== Args={'profile': 'default', 'state': 'lit', 'advancing': False}
2026-09-13 23:30:36,890 : INFO : EventManager : Event: ======'varitarget_p2_lit_hit'====== Args={'profile': 'default', 'state': 'lit', 'advancing': False}
2026-09-13 23:30:36,890 : INFO : EventManager : Event: ======'varitarget_position_changed'====== Args={'priority': 0}
2026-09-13 23:30:36,890 : INFO : EventManager : Event: ======'player_varitarget_position'====== Args={'value': 2, 'prev_value': 3, 'change': -1, 'player_num': 1, 'source': 'base'}
2026-09-13 23:30:36,891 : INFO : EventManager : Event: ======'glasses_position_confirm_restart'====== Args={'priority': 0}
2026-09-13 23:30:36,892 : INFO : EventManager : Event: ======'player_glasses_pending_position'====== Args={'value': 2, 'prev_value': 3, 'change': -1, 'player_num': 1, 'source': 'glasses_mode'}
2026-09-13 23:30:36,892 : INFO : EventManager : Event: ======'timer_glasses_position_confirm_tick'====== Args={'ticks': 0, 'ticks_remaining': 1}
2026-09-13 23:30:36,901 : INFO : EventManager : Event: ======'varitarget_positions_hit'====== Args={'shot': 'varitarget_p2'}
2026-09-13 23:30:36,901 : INFO : EventManager : Event: ======'varitarget_positions_lit_hit'====== Args={'shot': 'varitarget_p2'}
2026-09-13 23:30:36,901 : INFO : EventManager : Event: ======'varitarget_update_stable'====== Args={'priority': 0}
2026-09-13 23:30:36,901 : INFO : EventManager : Event: ======'player_varitarget_stable_position'====== Args={'value': 2, 'prev_value': 3, 'change': -1, 'player_num': 1, 'source': 'base'}
2026-09-13 23:30:36,926 : INFO : EventManager : Event: ======'player_score'====== Args={'value': 1501860, 'prev_value': 1501440, 'change': 420, 'player_num': 1, 'source': 'base'}
2026-09-13 23:30:36,934 : INFO : SwitchController : <<<<<<< 's_65_varitarget_position_2' inactive >>>>>>>
2026-09-13 23:30:36,954 : INFO : SwitchController : <<<<<<< 's_65_varitarget_position_2' active >>>>>>>
2026-09-13 23:30:36,954 : INFO : EventManager : Event: ======'s_65_varitarget_position_2_active'====== Args={}
2026-09-13 23:30:36,954 : INFO : EventManager : Event: ======'sw_vari'====== Args={}
2026-09-13 23:30:36,954 : INFO : EventManager : Event: ======'machine_var_audits_switches_s_65_varitarget_position_2'====== Args={'value': 1004, 'prev_value': 1003, 'change': 1}
2026-09-13 23:30:36,955 : INFO : EventManager : Event: ======'glasses_pending_position_2'====== Args={'priority': 0}
2026-09-13 23:30:36,955 : INFO : EventManager : Event: ======'machine_var_audits_shots_varitarget_p2'====== Args={'value': 1003, 'prev_value': 1002, 'change': 1}
2026-09-13 23:30:36,956 : INFO : EventManager : Event: ======'varitarget_p2_hit'====== Args={'profile': 'default', 'state': 'lit', 'advancing': False}
2026-09-13 23:30:36,956 : INFO : EventManager : Event: ======'varitarget_p2_default_hit'====== Args={'profile': 'default', 'state': 'lit', 'advancing': False}
2026-09-13 23:30:36,956 : INFO : EventManager : Event: ======'varitarget_p2_default_lit_hit'====== Args={'profile': 'default', 'state': 'lit', 'advancing': False}
2026-09-13 23:30:36,956 : INFO : EventManager : Event: ======'varitarget_p2_lit_hit'====== Args={'profile': 'default', 'state': 'lit', 'advancing': False}
2026-09-13 23:30:36,956 : INFO : EventManager : Event: ======'varitarget_position_changed'====== Args={'priority': 0}
2026-09-13 23:30:36,956 : INFO : EventManager : Event: ======'glasses_position_confirm_restart'====== Args={'priority': 0}
2026-09-13 23:30:36,956 : INFO : EventManager : Event: ======'timer_glasses_position_confirm_tick'====== Args={'ticks': 0, 'ticks_remaining': 1}
2026-09-13 23:30:36,956 : INFO : EventManager : Event: ======'varitarget_positions_hit'====== Args={'shot': 'varitarget_p2'}
2026-09-13 23:30:36,956 : INFO : EventManager : Event: ======'varitarget_positions_lit_hit'====== Args={'shot': 'varitarget_p2'}
2026-09-13 23:30:36,957 : INFO : EventManager : Event: ======'varitarget_update_stable'====== Args={'priority': 0}
2026-09-13 23:30:36,957 : INFO : EventManager : Event: ======'player_score'====== Args={'value': 1502280, 'prev_value': 1501860, 'change': 420, 'player_num': 1, 'source': 'base'}
2026-09-13 23:30:36,984 : INFO : SwitchController : <<<<<<< 's_65_varitarget_position_2' inactive >>>>>>>
2026-09-13 23:30:36,993 : INFO : SwitchController : <<<<<<< 's_65_varitarget_position_2' active >>>>>>>
2026-09-13 23:30:36,994 : INFO : EventManager : Event: ======'s_65_varitarget_position_2_active'====== Args={}
2026-09-13 23:30:36,994 : INFO : EventManager : Event: ======'sw_vari'====== Args={}
2026-09-13 23:30:36,994 : INFO : EventManager : Event: ======'machine_var_audits_switches_s_65_varitarget_position_2'====== Args={'value': 1005, 'prev_value': 1004, 'change': 1}
2026-09-13 23:30:36,994 : INFO : EventManager : Event: ======'glasses_pending_position_2'====== Args={'priority': 0}
2026-09-13 23:30:36,994 : INFO : EventManager : Event: ======'machine_var_audits_shots_varitarget_p2'====== Args={'value': 1004, 'prev_value': 1003, 'change': 1}
2026-09-13 23:30:36,995 : INFO : EventManager : Event: ======'varitarget_p2_hit'====== Args={'profile': 'default', 'state': 'lit', 'advancing': False}
2026-09-13 23:30:36,995 : INFO : EventManager : Event: ======'varitarget_p2_default_hit'====== Args={'profile': 'default', 'state': 'lit', 'advancing': False}
2026-09-13 23:30:36,995 : INFO : EventManager : Event: ======'varitarget_p2_default_lit_hit'====== Args={'profile': 'default', 'state': 'lit', 'advancing': False}
2026-09-13 23:30:36,995 : INFO : EventManager : Event: ======'varitarget_p2_lit_hit'====== Args={'profile': 'default', 'state': 'lit', 'advancing': False}
2026-09-13 23:30:36,995 : INFO : EventManager : Event: ======'varitarget_position_changed'====== Args={'priority': 0}
2026-09-13 23:30:36,995 : INFO : EventManager : Event: ======'glasses_position_confirm_restart'====== Args={'priority': 0}
2026-09-13 23:30:36,996 : INFO : EventManager : Event: ======'timer_glasses_position_confirm_tick'====== Args={'ticks': 0, 'ticks_remaining': 1}
2026-09-13 23:30:36,996 : INFO : EventManager : Event: ======'varitarget_positions_hit'====== Args={'shot': 'varitarget_p2'}
2026-09-13 23:30:36,996 : INFO : EventManager : Event: ======'varitarget_positions_lit_hit'====== Args={'shot': 'varitarget_p2'}
2026-09-13 23:30:36,996 : INFO : EventManager : Event: ======'varitarget_update_stable'====== Args={'priority': 0}
2026-09-13 23:30:36,996 : INFO : EventManager : Event: ======'player_score'====== Args={'value': 1502700, 'prev_value': 1502280, 'change': 420, 'player_num': 1, 'source': 'base'}
2026-09-13 23:30:37,002 : INFO : SwitchController : <<<<<<< 's_65_varitarget_position_2' inactive >>>>>>>
2026-09-13 23:30:37,020 : INFO : EventManager : Event: ======'player_glasses_mode_glasses_home_pulse_timer_tick'====== Args={'value': 4, 'prev_value': 3, 'change': 1, 'player_num': 1}
2026-09-13 23:30:37,020 : INFO : EventManager : Event: ======'timer_glasses_home_pulse_timer_tick'====== Args={'ticks': 4, 'ticks_remaining': 6}
2026-09-13 23:30:37,026 : INFO : EventManager : Event: ======'glasses_home_pulse'====== Args={'priority': 0}
2026-09-13 23:30:37,026 : INFO : coil.c_16_varitarget_reset : Pulsing Driver for 5ms (1.0 pulse_power)
2026-09-13 23:30:37,026 : INFO : EventManager : Event: ======'player_glasses_home_pulse_count'====== Args={'value': 5, 'prev_value': 4, 'change': 1, 'player_num': 1, 'source': 'glasses_mode'}
2026-09-13 23:30:37,034 : INFO : SwitchController : <<<<<<< 's_65_varitarget_position_2' active >>>>>>>
2026-09-13 23:30:37,034 : INFO : EventManager : Event: ======'s_65_varitarget_position_2_active'====== Args={}
2026-09-13 23:30:37,034 : INFO : EventManager : Event: ======'sw_vari'====== Args={}
2026-09-13 23:30:37,034 : INFO : EventManager : Event: ======'machine_var_audits_switches_s_65_varitarget_position_2'====== Args={'value': 1006, 'prev_value': 1005, 'change': 1}
2026-09-13 23:30:37,034 : INFO : EventManager : Event: ======'glasses_pending_position_2'====== Args={'priority': 0}
2026-09-13 23:30:37,034 : INFO : EventManager : Event: ======'machine_var_audits_shots_varitarget_p2'====== Args={'value': 1005, 'prev_value': 1004, 'change': 1}
2026-09-13 23:30:37,034 : INFO : EventManager : Event: ======'varitarget_p2_hit'====== Args={'profile': 'default', 'state': 'lit', 'advancing': False}
2026-09-13 23:30:37,034 : INFO : EventManager : Event: ======'varitarget_p2_default_hit'====== Args={'profile': 'default', 'state': 'lit', 'advancing': False}
2026-09-13 23:30:37,034 : INFO : EventManager : Event: ======'varitarget_p2_default_lit_hit'====== Args={'profile': 'default', 'state': 'lit', 'advancing': False}
2026-09-13 23:30:37,034 : INFO : EventManager : Event: ======'varitarget_p2_lit_hit'====== Args={'profile': 'default', 'state': 'lit', 'advancing': False}
2026-09-13 23:30:37,035 : INFO : EventManager : Event: ======'varitarget_position_changed'====== Args={'priority': 0}
2026-09-13 23:30:37,035 : INFO : EventManager : Event: ======'glasses_position_confirm_restart'====== Args={'priority': 0}
2026-09-13 23:30:37,035 : INFO : EventManager : Event: ======'timer_glasses_position_confirm_tick'====== Args={'ticks': 0, 'ticks_remaining': 1}
2026-09-13 23:30:37,035 : INFO : EventManager : Event: ======'varitarget_positions_hit'====== Args={'shot': 'varitarget_p2'}
2026-09-13 23:30:37,035 : INFO : EventManager : Event: ======'varitarget_positions_lit_hit'====== Args={'shot': 'varitarget_p2'}
2026-09-13 23:30:37,035 : INFO : EventManager : Event: ======'varitarget_update_stable'====== Args={'priority': 0}
2026-09-13 23:30:37,035 : INFO : EventManager : Event: ======'player_score'====== Args={'value': 1503120, 'prev_value': 1502700, 'change': 420, 'player_num': 1, 'source': 'base'}
2026-09-13 23:30:37,065 : INFO : SwitchController : <<<<<<< 's_65_varitarget_position_2' inactive >>>>>>>
2026-09-13 23:30:37,097 : INFO : SwitchController : <<<<<<< 's_64_varitarget_position_1' inactive >>>>>>>
2026-09-13 23:30:37,097 : INFO : SwitchController : <<<<<<< 's_64_varitarget_position_1' active >>>>>>>
2026-09-13 23:30:37,097 : INFO : EventManager : Event: ======'s_64_varitarget_position_1_active'====== Args={}
2026-09-13 23:30:37,097 : INFO : EventManager : Event: ======'sw_vari'====== Args={}
2026-09-13 23:30:37,097 : INFO : EventManager : Event: ======'machine_var_audits_switches_s_64_varitarget_position_1'====== Args={'value': 16590, 'prev_value': 16589, 'change': 1}
2026-09-13 23:30:37,098 : INFO : EventManager : Event: ======'glasses_pending_position_1'====== Args={'priority': 0}
2026-09-13 23:30:37,098 : INFO : EventManager : Event: ======'machine_var_audits_shots_varitarget_p1'====== Args={'value': 16557, 'prev_value': 16556, 'change': 1}
2026-09-13 23:30:37,098 : INFO : EventManager : Event: ======'varitarget_p1_hit'====== Args={'profile': 'default', 'state': 'lit', 'advancing': False}
2026-09-13 23:30:37,098 : INFO : EventManager : Event: ======'varitarget_p1_default_hit'====== Args={'profile': 'default', 'state': 'lit', 'advancing': False}
2026-09-13 23:30:37,098 : INFO : EventManager : Event: ======'varitarget_p1_default_lit_hit'====== Args={'profile': 'default', 'state': 'lit', 'advancing': False}
2026-09-13 23:30:37,098 : INFO : EventManager : Event: ======'varitarget_p1_lit_hit'====== Args={'profile': 'default', 'state': 'lit', 'advancing': False}
2026-09-13 23:30:37,098 : INFO : EventManager : Event: ======'varitarget_position_changed'====== Args={'priority': 0}
2026-09-13 23:30:37,098 : INFO : EventManager : Event: ======'varitarget_reset_stop'====== Args={'priority': 0}
2026-09-13 23:30:37,098 : INFO : EventManager : Event: ======'varitarget_reset_complete'====== Args={'priority': 0}
2026-09-13 23:30:37,098 : INFO : EventManager : Event: ======'player_varitarget_position'====== Args={'value': 1, 'prev_value': 2, 'change': -1, 'player_num': 1, 'source': 'base'}
2026-09-13 23:30:37,099 : INFO : EventManager : Event: ======'glasses_position_confirm_restart'====== Args={'priority': 0}
2026-09-13 23:30:37,099 : INFO : EventManager : Event: ======'player_glasses_pending_position'====== Args={'value': 1, 'prev_value': 2, 'change': -1, 'player_num': 1, 'source': 'glasses_mode'}
2026-09-13 23:30:37,099 : INFO : EventManager : Event: ======'timer_glasses_position_confirm_tick'====== Args={'ticks': 0, 'ticks_remaining': 1}
2026-09-13 23:30:37,104 : INFO : EventManager : Event: ======'varitarget_positions_hit'====== Args={'shot': 'varitarget_p1'}
2026-09-13 23:30:37,105 : INFO : EventManager : Event: ======'varitarget_positions_lit_hit'====== Args={'shot': 'varitarget_p1'}
2026-09-13 23:30:37,105 : INFO : EventManager : Event: ======'varitarget_update_stable'====== Args={'priority': 0}
2026-09-13 23:30:37,105 : INFO : EventManager : Event: ======'player_varitarget_stable_position'====== Args={'value': 1, 'prev_value': 2, 'change': -1, 'player_num': 1, 'source': 'base'}
2026-09-13 23:30:37,110 : INFO : Timer.varitarget_reset_timer : Stopping Timer
2026-09-13 23:30:37,110 : INFO : EventManager : Event: ======'timer_varitarget_reset_timer_stopped'====== Args={'ticks': 0, 'ticks_remaining': 999999}
2026-09-13 23:30:37,117 : INFO : EventManager : Event: ======'player_score'====== Args={'value': 1503540, 'prev_value': 1503120, 'change': 420, 'player_num': 1, 'source': 'base'}
2026-09-13 23:30:37,126 : INFO : SwitchController : <<<<<<< 's_64_varitarget_position_1' inactive >>>>>>>
2026-09-13 23:30:37,147 : INFO : SwitchController : <<<<<<< 's_64_varitarget_position_1' active >>>>>>>
2026-09-13 23:30:37,147 : INFO : EventManager : Event: ======'s_64_varitarget_position_1_active'====== Args={}
2026-09-13 23:30:37,147 : INFO : EventManager : Event: ======'sw_vari'====== Args={}
2026-09-13 23:30:37,147 : INFO : EventManager : Event: ======'machine_var_audits_switches_s_64_varitarget_position_1'====== Args={'value': 16591, 'prev_value': 16590, 'change': 1}
2026-09-13 23:30:37,148 : INFO : EventManager : Event: ======'glasses_pending_position_1'====== Args={'priority': 0}
2026-09-13 23:30:37,148 : INFO : EventManager : Event: ======'machine_var_audits_shots_varitarget_p1'====== Args={'value': 16558, 'prev_value': 16557, 'change': 1}
2026-09-13 23:30:37,148 : INFO : EventManager : Event: ======'varitarget_p1_hit'====== Args={'profile': 'default', 'state': 'lit', 'advancing': False}
2026-09-13 23:30:37,148 : INFO : EventManager : Event: ======'varitarget_p1_default_hit'====== Args={'profile': 'default', 'state': 'lit', 'advancing': False}
2026-09-13 23:30:37,148 : INFO : EventManager : Event: ======'varitarget_p1_default_lit_hit'====== Args={'profile': 'default', 'state': 'lit', 'advancing': False}
2026-09-13 23:30:37,148 : INFO : EventManager : Event: ======'varitarget_p1_lit_hit'====== Args={'profile': 'default', 'state': 'lit', 'advancing': False}
2026-09-13 23:30:37,148 : INFO : EventManager : Event: ======'varitarget_position_changed'====== Args={'priority': 0}
2026-09-13 23:30:37,148 : INFO : EventManager : Event: ======'varitarget_reset_stop'====== Args={'priority': 0}
2026-09-13 23:30:37,148 : INFO : EventManager : Event: ======'varitarget_reset_complete'====== Args={'priority': 0}
2026-09-13 23:30:37,148 : INFO : EventManager : Event: ======'glasses_position_confirm_restart'====== Args={'priority': 0}
2026-09-13 23:30:37,148 : INFO : EventManager : Event: ======'timer_glasses_position_confirm_tick'====== Args={'ticks': 0, 'ticks_remaining': 1}
2026-09-13 23:30:37,148 : INFO : EventManager : Event: ======'varitarget_positions_hit'====== Args={'shot': 'varitarget_p1'}
2026-09-13 23:30:37,149 : INFO : EventManager : Event: ======'varitarget_positions_lit_hit'====== Args={'shot': 'varitarget_p1'}
2026-09-13 23:30:37,149 : INFO : EventManager : Event: ======'varitarget_update_stable'====== Args={'priority': 0}
2026-09-13 23:30:37,149 : INFO : Timer.varitarget_reset_timer : Stopping Timer
2026-09-13 23:30:37,149 : INFO : EventManager : Event: ======'timer_varitarget_reset_timer_stopped'====== Args={'ticks': 0, 'ticks_remaining': 999999}
2026-09-13 23:30:37,149 : INFO : EventManager : Event: ======'player_score'====== Args={'value': 1503960, 'prev_value': 1503540, 'change': 420, 'player_num': 1, 'source': 'base'}
2026-09-13 23:30:37,224 : INFO : EventManager : Event: ======'player_glasses_mode_glasses_home_pulse_timer_tick'====== Args={'value': 5, 'prev_value': 4, 'change': 1, 'player_num': 1}
2026-09-13 23:30:37,224 : INFO : EventManager : Event: ======'timer_glasses_home_pulse_timer_tick'====== Args={'ticks': 5, 'ticks_remaining': 5}
2026-09-13 23:30:37,231 : INFO : EventManager : Event: ======'glasses_home_pulse'====== Args={'priority': 0}
2026-09-13 23:30:37,231 : INFO : coil.c_16_varitarget_reset : Pulsing Driver for 5ms (1.0 pulse_power)
2026-09-13 23:30:37,231 : INFO : EventManager : Event: ======'player_glasses_home_pulse_count'====== Args={'value': 6, 'prev_value': 5, 'change': 1, 'player_num': 1, 'source': 'glasses_mode'}
2026-09-13 23:30:37,242 : INFO : EventManager : Event: ======'player_obey_obey_stage2_timer_tick'====== Args={'value': 154, 'prev_value': 155, 'change': -1, 'player_num': 1}
2026-09-13 23:30:37,242 : INFO : EventManager : Event: ======'timer_obey_stage2_timer_tick'====== Args={'ticks': 154, 'ticks_remaining': 154}
2026-09-13 23:30:37,253 : INFO : SwitchController : <<<<<<< 's_64_varitarget_position_1' inactive >>>>>>>
2026-09-13 23:30:37,273 : INFO : SwitchController : <<<<<<< 's_64_varitarget_position_1' active >>>>>>>
2026-09-13 23:30:37,273 : INFO : EventManager : Event: ======'s_64_varitarget_position_1_active'====== Args={}
2026-09-13 23:30:37,274 : INFO : EventManager : Event: ======'sw_vari'====== Args={}
2026-09-13 23:30:37,274 : INFO : EventManager : Event: ======'machine_var_audits_switches_s_64_varitarget_position_1'====== Args={'value': 16592, 'prev_value': 16591, 'change': 1}
2026-09-13 23:30:37,274 : INFO : EventManager : Event: ======'glasses_pending_position_1'====== Args={'priority': 0}
2026-09-13 23:30:37,274 : INFO : EventManager : Event: ======'machine_var_audits_shots_varitarget_p1'====== Args={'value': 16559, 'prev_value': 16558, 'change': 1}
2026-09-13 23:30:37,274 : INFO : EventManager : Event: ======'varitarget_p1_hit'====== Args={'profile': 'default', 'state': 'lit', 'advancing': False}
2026-09-13 23:30:37,274 : INFO : EventManager : Event: ======'varitarget_p1_default_hit'====== Args={'profile': 'default', 'state': 'lit', 'advancing': False}
2026-09-13 23:30:37,275 : INFO : EventManager : Event: ======'varitarget_p1_default_lit_hit'====== Args={'profile': 'default', 'state': 'lit', 'advancing': False}
2026-09-13 23:30:37,275 : INFO : EventManager : Event: ======'varitarget_p1_lit_hit'====== Args={'profile': 'default', 'state': 'lit', 'advancing': False}
2026-09-13 23:30:37,275 : INFO : EventManager : Event: ======'varitarget_position_changed'====== Args={'priority': 0}
2026-09-13 23:30:37,275 : INFO : EventManager : Event: ======'varitarget_reset_stop'====== Args={'priority': 0}
2026-09-13 23:30:37,275 : INFO : EventManager : Event: ======'varitarget_reset_complete'====== Args={'priority': 0}
2026-09-13 23:30:37,275 : INFO : EventManager : Event: ======'glasses_position_confirm_restart'====== Args={'priority': 0}
2026-09-13 23:30:37,275 : INFO : EventManager : Event: ======'timer_glasses_position_confirm_tick'====== Args={'ticks': 0, 'ticks_remaining': 1}
2026-09-13 23:30:37,275 : INFO : EventManager : Event: ======'varitarget_positions_hit'====== Args={'shot': 'varitarget_p1'}
2026-09-13 23:30:37,275 : INFO : EventManager : Event: ======'varitarget_positions_lit_hit'====== Args={'shot': 'varitarget_p1'}
2026-09-13 23:30:37,275 : INFO : EventManager : Event: ======'varitarget_update_stable'====== Args={'priority': 0}
2026-09-13 23:30:37,275 : INFO : Timer.varitarget_reset_timer : Stopping Timer
2026-09-13 23:30:37,275 : INFO : EventManager : Event: ======'timer_varitarget_reset_timer_stopped'====== Args={'ticks': 0, 'ticks_remaining': 999999}
2026-09-13 23:30:37,275 : INFO : EventManager : Event: ======'player_score'====== Args={'value': 1504380, 'prev_value': 1503960, 'change': 420, 'player_num': 1, 'source': 'base'}
2026-09-13 23:30:37,414 : INFO : EventManager : Event: ======'player_glasses_mode_glasses_home_pulse_timer_tick'====== Args={'value': 6, 'prev_value': 5, 'change': 1, 'player_num': 1}
2026-09-13 23:30:37,415 : INFO : EventManager : Event: ======'timer_glasses_home_pulse_timer_tick'====== Args={'ticks': 6, 'ticks_remaining': 4}
2026-09-13 23:30:37,421 : INFO : EventManager : Event: ======'glasses_home_pulse'====== Args={'priority': 0}
2026-09-13 23:30:37,421 : INFO : coil.c_16_varitarget_reset : Pulsing Driver for 5ms (1.0 pulse_power)
2026-09-13 23:30:37,421 : INFO : EventManager : Event: ======'player_glasses_home_pulse_count'====== Args={'value': 7, 'prev_value': 6, 'change': 1, 'player_num': 1, 'source': 'glasses_mode'}
2026-09-13 23:30:37,621 : INFO : EventManager : Event: ======'player_glasses_mode_glasses_home_pulse_timer_tick'====== Args={'value': 7, 'prev_value': 6, 'change': 1, 'player_num': 1}
2026-09-13 23:30:37,621 : INFO : EventManager : Event: ======'timer_glasses_home_pulse_timer_tick'====== Args={'ticks': 7, 'ticks_remaining': 3}
2026-09-13 23:30:37,627 : INFO : EventManager : Event: ======'glasses_home_pulse'====== Args={'priority': 0}
2026-09-13 23:30:37,627 : INFO : coil.c_16_varitarget_reset : Pulsing Driver for 5ms (1.0 pulse_power)
2026-09-13 23:30:37,627 : INFO : EventManager : Event: ======'player_glasses_home_pulse_count'====== Args={'value': 8, 'prev_value': 7, 'change': 1, 'player_num': 1, 'source': 'glasses_mode'}
2026-09-13 23:30:37,701 : INFO : SwitchController : <<<<<<< 's_64_varitarget_position_1' inactive >>>>>>>
2026-09-13 23:30:37,701 : INFO : SwitchController : <<<<<<< 's_64_varitarget_position_1' active >>>>>>>
2026-09-13 23:30:37,701 : INFO : EventManager : Event: ======'s_64_varitarget_position_1_active'====== Args={}
2026-09-13 23:30:37,701 : INFO : EventManager : Event: ======'sw_vari'====== Args={}
2026-09-13 23:30:37,701 : INFO : EventManager : Event: ======'machine_var_audits_switches_s_64_varitarget_position_1'====== Args={'value': 16593, 'prev_value': 16592, 'change': 1}
2026-09-13 23:30:37,702 : INFO : EventManager : Event: ======'glasses_pending_position_1'====== Args={'priority': 0}
2026-09-13 23:30:37,702 : INFO : EventManager : Event: ======'machine_var_audits_shots_varitarget_p1'====== Args={'value': 16560, 'prev_value': 16559, 'change': 1}
2026-09-13 23:30:37,702 : INFO : EventManager : Event: ======'varitarget_p1_hit'====== Args={'profile': 'default', 'state': 'lit', 'advancing': False}
2026-09-13 23:30:37,702 : INFO : EventManager : Event: ======'varitarget_p1_default_hit'====== Args={'profile': 'default', 'state': 'lit', 'advancing': False}
2026-09-13 23:30:37,702 : INFO : EventManager : Event: ======'varitarget_p1_default_lit_hit'====== Args={'profile': 'default', 'state': 'lit', 'advancing': False}
2026-09-13 23:30:37,702 : INFO : EventManager : Event: ======'varitarget_p1_lit_hit'====== Args={'profile': 'default', 'state': 'lit', 'advancing': False}
2026-09-13 23:30:37,702 : INFO : EventManager : Event: ======'varitarget_position_changed'====== Args={'priority': 0}
2026-09-13 23:30:37,702 : INFO : EventManager : Event: ======'varitarget_reset_stop'====== Args={'priority': 0}
2026-09-13 23:30:37,702 : INFO : EventManager : Event: ======'varitarget_reset_complete'====== Args={'priority': 0}
2026-09-13 23:30:37,702 : INFO : EventManager : Event: ======'glasses_position_confirm_restart'====== Args={'priority': 0}
2026-09-13 23:30:37,703 : INFO : EventManager : Event: ======'timer_glasses_position_confirm_tick'====== Args={'ticks': 0, 'ticks_remaining': 1}
2026-09-13 23:30:37,703 : INFO : EventManager : Event: ======'varitarget_positions_hit'====== Args={'shot': 'varitarget_p1'}
2026-09-13 23:30:37,703 : INFO : EventManager : Event: ======'varitarget_positions_lit_hit'====== Args={'shot': 'varitarget_p1'}
2026-09-13 23:30:37,703 : INFO : EventManager : Event: ======'varitarget_update_stable'====== Args={'priority': 0}
2026-09-13 23:30:37,703 : INFO : Timer.varitarget_reset_timer : Stopping Timer
2026-09-13 23:30:37,703 : INFO : EventManager : Event: ======'timer_varitarget_reset_timer_stopped'====== Args={'ticks': 0, 'ticks_remaining': 999999}
2026-09-13 23:30:37,703 : INFO : EventManager : Event: ======'player_score'====== Args={'value': 1504800, 'prev_value': 1504380, 'change': 420, 'player_num': 1, 'source': 'base'}
2026-09-13 23:30:37,811 : INFO : EventManager : Event: ======'player_glasses_mode_glasses_home_pulse_timer_tick'====== Args={'value': 8, 'prev_value': 7, 'change': 1, 'player_num': 1}
2026-09-13 23:30:37,811 : INFO : EventManager : Event: ======'timer_glasses_home_pulse_timer_tick'====== Args={'ticks': 8, 'ticks_remaining': 2}
2026-09-13 23:30:37,818 : INFO : EventManager : Event: ======'glasses_home_pulse'====== Args={'priority': 0}
2026-09-13 23:30:37,818 : INFO : coil.c_16_varitarget_reset : Pulsing Driver for 5ms (1.0 pulse_power)
2026-09-13 23:30:37,818 : INFO : EventManager : Event: ======'player_glasses_home_pulse_count'====== Args={'value': 9, 'prev_value': 8, 'change': 1, 'player_num': 1, 'source': 'glasses_mode'}
2026-09-13 23:30:37,888 : INFO : SwitchController : <<<<<<< 's_41_stand_up_target_6' active >>>>>>>
2026-09-13 23:30:37,888 : INFO : EventManager : Event: ======'s_41_stand_up_target_6_active'====== Args={}
2026-09-13 23:30:37,888 : INFO : EventManager : Event: ======'sw_playfield_active'====== Args={}
2026-09-13 23:30:37,888 : INFO : EventManager : Event: ======'sw_standups'====== Args={}
2026-09-13 23:30:37,888 : INFO : EventManager : Event: ======'machine_var_audits_switches_s_41_stand_up_target_6'====== Args={'value': 5066, 'prev_value': 5065, 'change': 1}
2026-09-13 23:30:37,889 : INFO : EventManager : Event: ======'stars_t41_on'====== Args={'priority': 0}
2026-09-13 23:30:37,889 : INFO : EventManager : Event: ======'brian_combo_step1'====== Args={'priority': 0}
2026-09-13 23:30:37,889 : INFO : EventManager : Event: ======'stars_count_updated'====== Args={'priority': 0}
2026-09-13 23:30:37,889 : INFO : EventManager : Event: ======'stars_monitor_t41_on'====== Args={'priority': 0}
2026-09-13 23:30:37,889 : INFO : EventManager : Event: ======'player_stars_t41'====== Args={'value': 1, 'prev_value': 0, 'change': 1, 'player_num': 1, 'source': 'stars_mode'}
2026-09-13 23:30:37,889 : INFO : EventManager : Event: ======'player_stars_targets_lit_count'====== Args={'value': 2, 'prev_value': 1, 'change': 1, 'player_num': 1, 'source': 'stars_mode'}
2026-09-13 23:30:37,901 : INFO : EventManager : Event: ======'player_score'====== Args={'value': 1505220, 'prev_value': 1504800, 'change': 420, 'player_num': 1, 'source': 'base'}
2026-09-13 23:30:38,015 : INFO : EventManager : Event: ======'player_glasses_mode_glasses_home_pulse_timer_tick'====== Args={'value': 9, 'prev_value': 8, 'change': 1, 'player_num': 1}
2026-09-13 23:30:38,015 : INFO : EventManager : Event: ======'timer_glasses_home_pulse_timer_tick'====== Args={'ticks': 9, 'ticks_remaining': 1}
2026-09-13 23:30:38,021 : INFO : EventManager : Event: ======'glasses_home_pulse'====== Args={'priority': 0}
2026-09-13 23:30:38,021 : INFO : coil.c_16_varitarget_reset : Pulsing Driver for 5ms (1.0 pulse_power)
2026-09-13 23:30:38,021 : INFO : EventManager : Event: ======'player_glasses_home_pulse_count'====== Args={'value': 10, 'prev_value': 9, 'change': 1, 'player_num': 1, 'source': 'glasses_mode'}
2026-09-13 23:30:38,078 : INFO : SwitchController : <<<<<<< 's_41_stand_up_target_6' inactive >>>>>>>
2026-09-13 23:30:38,078 : INFO : SwitchController : <<<<<<< 's_64_varitarget_position_1' inactive >>>>>>>
2026-09-13 23:30:38,098 : INFO : SwitchController : <<<<<<< 's_64_varitarget_position_1' active >>>>>>>
2026-09-13 23:30:38,098 : INFO : EventManager : Event: ======'s_64_varitarget_position_1_active'====== Args={}
2026-09-13 23:30:38,098 : INFO : EventManager : Event: ======'sw_vari'====== Args={}
2026-09-13 23:30:38,099 : INFO : EventManager : Event: ======'machine_var_audits_switches_s_64_varitarget_position_1'====== Args={'value': 16594, 'prev_value': 16593, 'change': 1}
2026-09-13 23:30:38,099 : INFO : EventManager : Event: ======'glasses_pending_position_1'====== Args={'priority': 0}
2026-09-13 23:30:38,099 : INFO : EventManager : Event: ======'machine_var_audits_shots_varitarget_p1'====== Args={'value': 16561, 'prev_value': 16560, 'change': 1}
2026-09-13 23:30:38,099 : INFO : EventManager : Event: ======'varitarget_p1_hit'====== Args={'profile': 'default', 'state': 'lit', 'advancing': False}
2026-09-13 23:30:38,099 : INFO : EventManager : Event: ======'varitarget_p1_default_hit'====== Args={'profile': 'default', 'state': 'lit', 'advancing': False}
2026-09-13 23:30:38,100 : INFO : EventManager : Event: ======'varitarget_p1_default_lit_hit'====== Args={'profile': 'default', 'state': 'lit', 'advancing': False}
2026-09-13 23:30:38,100 : INFO : EventManager : Event: ======'varitarget_p1_lit_hit'====== Args={'profile': 'default', 'state': 'lit', 'advancing': False}
2026-09-13 23:30:38,100 : INFO : EventManager : Event: ======'varitarget_position_changed'====== Args={'priority': 0}
2026-09-13 23:30:38,100 : INFO : EventManager : Event: ======'varitarget_reset_stop'====== Args={'priority': 0}
2026-09-13 23:30:38,100 : INFO : EventManager : Event: ======'varitarget_reset_complete'====== Args={'priority': 0}
2026-09-13 23:30:38,100 : INFO : EventManager : Event: ======'glasses_position_confirm_restart'====== Args={'priority': 0}
2026-09-13 23:30:38,100 : INFO : EventManager : Event: ======'timer_glasses_position_confirm_tick'====== Args={'ticks': 0, 'ticks_remaining': 1}
2026-09-13 23:30:38,100 : INFO : EventManager : Event: ======'varitarget_positions_hit'====== Args={'shot': 'varitarget_p1'}
2026-09-13 23:30:38,100 : INFO : EventManager : Event: ======'varitarget_positions_lit_hit'====== Args={'shot': 'varitarget_p1'}
2026-09-13 23:30:38,100 : INFO : EventManager : Event: ======'varitarget_update_stable'====== Args={'priority': 0}
2026-09-13 23:30:38,100 : INFO : Timer.varitarget_reset_timer : Stopping Timer
2026-09-13 23:30:38,100 : INFO : EventManager : Event: ======'timer_varitarget_reset_timer_stopped'====== Args={'ticks': 0, 'ticks_remaining': 999999}
2026-09-13 23:30:38,100 : INFO : EventManager : Event: ======'player_score'====== Args={'value': 1505640, 'prev_value': 1505220, 'change': 420, 'player_num': 1, 'source': 'base'}
2026-09-13 23:30:38,205 : INFO : SwitchController : <<<<<<< 's_41_stand_up_target_6' active >>>>>>>
2026-09-13 23:30:38,205 : INFO : EventManager : Event: ======'s_41_stand_up_target_6_active'====== Args={}
2026-09-13 23:30:38,205 : INFO : EventManager : Event: ======'sw_playfield_active'====== Args={}
2026-09-13 23:30:38,205 : INFO : EventManager : Event: ======'sw_standups'====== Args={}
2026-09-13 23:30:38,205 : INFO : EventManager : Event: ======'machine_var_audits_switches_s_41_stand_up_target_6'====== Args={'value': 5067, 'prev_value': 5066, 'change': 1}
2026-09-13 23:30:38,206 : INFO : EventManager : Event: ======'stars_t41_off'====== Args={'priority': 0}
2026-09-13 23:30:38,206 : INFO : EventManager : Event: ======'brian_combo_step1'====== Args={'priority': 0}
2026-09-13 23:30:38,206 : INFO : EventManager : Event: ======'stars_count_updated'====== Args={'priority': 0}
2026-09-13 23:30:38,206 : INFO : EventManager : Event: ======'stars_monitor_t41_off'====== Args={'priority': 0}
2026-09-13 23:30:38,206 : INFO : EventManager : Event: ======'player_stars_t41'====== Args={'value': 0, 'prev_value': 1, 'change': -1, 'player_num': 1, 'source': 'stars_mode'}
2026-09-13 23:30:38,206 : INFO : EventManager : Event: ======'player_stars_targets_lit_count'====== Args={'value': 1, 'prev_value': 2, 'change': -1, 'player_num': 1, 'source': 'stars_mode'}
2026-09-13 23:30:38,218 : INFO : EventManager : Event: ======'player_score'====== Args={'value': 1506060, 'prev_value': 1505640, 'change': 420, 'player_num': 1, 'source': 'base'}
2026-09-13 23:30:38,228 : INFO : EventManager : Event: ======'player_glasses_mode_glasses_home_pulse_timer_tick'====== Args={'value': 10, 'prev_value': 9, 'change': 1, 'player_num': 1}
2026-09-13 23:30:38,228 : INFO : Timer.glasses_home_pulse_timer : Timer Complete
2026-09-13 23:30:38,228 : INFO : Timer.glasses_home_pulse_timer : Stopping Timer
2026-09-13 23:30:38,228 : INFO : EventManager : Event: ======'timer_glasses_home_pulse_timer_stopped'====== Args={'ticks': 10, 'ticks_remaining': 1}
2026-09-13 23:30:38,228 : INFO : EventManager : Event: ======'timer_glasses_home_pulse_timer_complete'====== Args={'ticks': 10, 'ticks_remaining': 1}
2026-09-13 23:30:38,235 : INFO : EventManager : Event: ======'glasses_home_pulse_timer_stop'====== Args={'priority': 0}
2026-09-13 23:30:38,235 : INFO : EventManager : Event: ======'varitarget_homing_failed'====== Args={'priority': 0}
2026-09-13 23:30:38,235 : INFO : Timer.glasses_home_pulse_timer : Stopping Timer
2026-09-13 23:30:38,235 : INFO : EventManager : Event: ======'timer_glasses_home_pulse_timer_stopped'====== Args={'ticks': 10, 'ticks_remaining': 1}
2026-09-13 23:30:38,235 : INFO : EventManager : Event: ======'glasses_homing_cancel'====== Args={'priority': 0}
2026-09-13 23:30:38,235 : INFO : EventManager : Event: ======'player_glasses_homing_active'====== Args={'value': 0, 'prev_value': 1, 'change': -1, 'player_num': 1, 'source': 'glasses_mode'}
2026-09-13 23:30:38,248 : INFO : EventManager : Event: ======'player_obey_obey_stage2_timer_tick'====== Args={'value': 153, 'prev_value': 154, 'change': -1, 'player_num': 1}
2026-09-13 23:30:38,248 : INFO : EventManager : Event: ======'timer_obey_stage2_timer_tick'====== Args={'ticks': 153, 'ticks_remaining': 153}
2026-09-13 23:30:38,348 : INFO : SwitchController : <<<<<<< 's_41_stand_up_target_6' inactive >>>>>>>
2026-09-13 23:30:39,093 : INFO : EventManager : Event: ======'player_glasses_mode_glasses_position_confirm_tick'====== Args={'value': 1, 'prev_value': 0, 'change': 1, 'player_num': 1}
2026-09-13 23:30:39,093 : INFO : Timer.glasses_position_confirm : Timer Complete
2026-09-13 23:30:39,093 : INFO : Timer.glasses_position_confirm : Stopping Timer
2026-09-13 23:30:39,093 : INFO : EventManager : Event: ======'timer_glasses_position_confirm_stopped'====== Args={'ticks': 1, 'ticks_remaining': 1}
2026-09-13 23:30:39,093 : INFO : EventManager : Event: ======'timer_glasses_position_confirm_complete'====== Args={'ticks': 1, 'ticks_remaining': 1}
2026-09-13 23:30:39,100 : INFO : EventManager : Event: ======'varitarget_position_1_confirmed'====== Args={'priority': 0}
2026-09-13 23:30:39,100 : INFO : EventManager : Event: ======'glasses_enter_state_1'====== Args={'priority': 0}
2026-09-13 23:30:39,100 : INFO : EventManager : Event: ======'glasses_stop_all_shows'====== Args={'priority': 0}
2026-09-13 23:30:39,100 : INFO : EventManager : Event: ======'glasses_state_timer_stop'====== Args={'priority': 0}
2026-09-13 23:30:39,100 : INFO : EventManager : Event: ======'glasses_home_pulse_timer_stop'====== Args={'priority': 0}
2026-09-13 23:30:39,100 : INFO : EventManager : Event: ======'glasses_homing_cancel'====== Args={'priority': 0}
2026-09-13 23:30:39,100 : INFO : EventManager : Event: ======'player_glasses_current_state'====== Args={'value': 1, 'prev_value': 0, 'change': 1, 'player_num': 1, 'source': 'glasses_mode'}
2026-09-13 23:30:39,100 : INFO : EventManager : Event: ======'player_glasses_confirmed_position'====== Args={'value': 1, 'prev_value': 7, 'change': -6, 'player_num': 1, 'source': 'glasses_mode'}
2026-09-13 23:30:39,101 : INFO : Timer.glasses_state_timer : Stopping Timer
2026-09-13 23:30:39,101 : INFO : EventManager : Event: ======'timer_glasses_state_timer_stopped'====== Args={'ticks': 10, 'ticks_remaining': 1}
2026-09-13 23:30:39,101 : INFO : Timer.glasses_home_pulse_timer : Stopping Timer
2026-09-13 23:30:39,101 : INFO : EventManager : Event: ======'timer_glasses_home_pulse_timer_stopped'====== Args={'ticks': 10, 'ticks_remaining': 1}
2026-09-13 23:30:39,239 : INFO : EventManager : Event: ======'player_obey_obey_stage2_timer_tick'====== Args={'value': 152, 'prev_value': 153, 'change': -1, 'player_num': 1}
2026-09-13 23:30:39,239 : INFO : EventManager : Event: ======'timer_obey_stage2_timer_tick'====== Args={'ticks': 152, 'ticks_remaining': 152}
2026-09-13 23:30:39,301 : INFO : SwitchController : <<<<<<< 's_41_stand_up_target_6' active >>>>>>>
2026-09-13 23:30:39,301 : INFO : EventManager : Event: ======'s_41_stand_up_target_6_active'====== Args={}
2026-09-13 23:30:39,301 : INFO : EventManager : Event: ======'sw_playfield_active'====== Args={}
2026-09-13 23:30:39,301 : INFO : EventManager : Event: ======'sw_standups'====== Args={}
2026-09-13 23:30:39,301 : INFO : EventManager : Event: ======'machine_var_audits_switches_s_41_stand_up_target_6'====== Args={'value': 5068, 'prev_value': 5067, 'change': 1}
2026-09-13 23:30:39,302 : INFO : EventManager : Event: ======'stars_t41_on'====== Args={'priority': 0}
2026-09-13 23:30:39,302 : INFO : EventManager : Event: ======'brian_combo_step1'====== Args={'priority': 0}
2026-09-13 23:30:39,302 : INFO : EventManager : Event: ======'stars_count_updated'====== Args={'priority': 0}
2026-09-13 23:30:39,302 : INFO : EventManager : Event: ======'stars_monitor_t41_on'====== Args={'priority': 0}
2026-09-13 23:30:39,302 : INFO : EventManager : Event: ======'player_stars_t41'====== Args={'value': 1, 'prev_value': 0, 'change': 1, 'player_num': 1, 'source': 'stars_mode'}
2026-09-13 23:30:39,302 : INFO : EventManager : Event: ======'player_stars_targets_lit_count'====== Args={'value': 2, 'prev_value': 1, 'change': 1, 'player_num': 1, 'source': 'stars_mode'}
2026-09-13 23:30:39,314 : INFO : EventManager : Event: ======'player_score'====== Args={'value': 1506480, 'prev_value': 1506060, 'change': 420, 'player_num': 1, 'source': 'base'}
2026-09-13 23:30:39,442 : INFO : SwitchController : <<<<<<< 's_41_stand_up_target_6' inactive >>>>>>>
2026-09-13 23:30:39,841 : INFO : SwitchController : <<<<<<< 's_41_stand_up_target_6' active >>>>>>>
2026-09-13 23:30:39,841 : INFO : EventManager : Event: ======'s_41_stand_up_target_6_active'====== Args={}
2026-09-13 23:30:39,841 : INFO : EventManager : Event: ======'sw_playfield_active'====== Args={}
2026-09-13 23:30:39,841 : INFO : EventManager : Event: ======'sw_standups'====== Args={}
2026-09-13 23:30:39,841 : INFO : EventManager : Event: ======'machine_var_audits_switches_s_41_stand_up_target_6'====== Args={'value': 5069, 'prev_value': 5068, 'change': 1}
2026-09-13 23:30:39,842 : INFO : EventManager : Event: ======'stars_t41_off'====== Args={'priority': 0}
2026-09-13 23:30:39,842 : INFO : EventManager : Event: ======'brian_combo_step1'====== Args={'priority': 0}
2026-09-13 23:30:39,842 : INFO : EventManager : Event: ======'stars_count_updated'====== Args={'priority': 0}
2026-09-13 23:30:39,842 : INFO : EventManager : Event: ======'stars_monitor_t41_off'====== Args={'priority': 0}
2026-09-13 23:30:39,842 : INFO : EventManager : Event: ======'player_stars_t41'====== Args={'value': 0, 'prev_value': 1, 'change': -1, 'player_num': 1, 'source': 'stars_mode'}
2026-09-13 23:30:39,842 : INFO : EventManager : Event: ======'player_stars_targets_lit_count'====== Args={'value': 1, 'prev_value': 2, 'change': -1, 'player_num': 1, 'source': 'stars_mode'}
2026-09-13 23:30:39,854 : INFO : EventManager : Event: ======'player_score'====== Args={'value': 1506900, 'prev_value': 1506480, 'change': 420, 'player_num': 1, 'source': 'base'}
2026-09-13 23:30:39,999 : INFO : SwitchController : <<<<<<< 's_41_stand_up_target_6' inactive >>>>>>>
2026-09-13 23:30:40,126 : INFO : SwitchController : <<<<<<< 's_41_stand_up_target_6' active >>>>>>>
2026-09-13 23:30:40,126 : INFO : EventManager : Event: ======'s_41_stand_up_target_6_active'====== Args={}
2026-09-13 23:30:40,126 : INFO : EventManager : Event: ======'sw_playfield_active'====== Args={}
2026-09-13 23:30:40,126 : INFO : EventManager : Event: ======'sw_standups'====== Args={}
2026-09-13 23:30:40,126 : INFO : EventManager : Event: ======'machine_var_audits_switches_s_41_stand_up_target_6'====== Args={'value': 5070, 'prev_value': 5069, 'change': 1}
2026-09-13 23:30:40,127 : INFO : EventManager : Event: ======'stars_t41_on'====== Args={'priority': 0}
2026-09-13 23:30:40,127 : INFO : EventManager : Event: ======'brian_combo_step1'====== Args={'priority': 0}
2026-09-13 23:30:40,127 : INFO : EventManager : Event: ======'stars_count_updated'====== Args={'priority': 0}
2026-09-13 23:30:40,127 : INFO : EventManager : Event: ======'stars_monitor_t41_on'====== Args={'priority': 0}
2026-09-13 23:30:40,127 : INFO : EventManager : Event: ======'player_stars_t41'====== Args={'value': 1, 'prev_value': 0, 'change': 1, 'player_num': 1, 'source': 'stars_mode'}
2026-09-13 23:30:40,127 : INFO : EventManager : Event: ======'player_stars_targets_lit_count'====== Args={'value': 2, 'prev_value': 1, 'change': 1, 'player_num': 1, 'source': 'stars_mode'}
2026-09-13 23:30:40,139 : INFO : EventManager : Event: ======'player_score'====== Args={'value': 1507320, 'prev_value': 1506900, 'change': 420, 'player_num': 1, 'source': 'base'}
2026-09-13 23:30:40,239 : INFO : EventManager : Event: ======'player_obey_obey_stage2_timer_tick'====== Args={'value': 151, 'prev_value': 152, 'change': -1, 'player_num': 1}
2026-09-13 23:30:40,239 : INFO : EventManager : Event: ======'timer_obey_stage2_timer_tick'====== Args={'ticks': 151, 'ticks_remaining': 151}
2026-09-13 23:30:40,271 : INFO : SwitchController : <<<<<<< 's_41_stand_up_target_6' inactive >>>>>>>
2026-09-13 23:30:40,364 : INFO : SwitchController : <<<<<<< 's_41_stand_up_target_6' active >>>>>>>
2026-09-13 23:30:40,364 : INFO : EventManager : Event: ======'s_41_stand_up_target_6_active'====== Args={}
2026-09-13 23:30:40,364 : INFO : EventManager : Event: ======'sw_playfield_active'====== Args={}
2026-09-13 23:30:40,364 : INFO : EventManager : Event: ======'sw_standups'====== Args={}
2026-09-13 23:30:40,364 : INFO : EventManager : Event: ======'machine_var_audits_switches_s_41_stand_up_target_6'====== Args={'value': 5071, 'prev_value': 5070, 'change': 1}
2026-09-13 23:30:40,365 : INFO : EventManager : Event: ======'stars_t41_off'====== Args={'priority': 0}
2026-09-13 23:30:40,365 : INFO : EventManager : Event: ======'brian_combo_step1'====== Args={'priority': 0}
2026-09-13 23:30:40,365 : INFO : EventManager : Event: ======'stars_count_updated'====== Args={'priority': 0}
2026-09-13 23:30:40,365 : INFO : EventManager : Event: ======'stars_monitor_t41_off'====== Args={'priority': 0}
2026-09-13 23:30:40,365 : INFO : EventManager : Event: ======'player_stars_t41'====== Args={'value': 0, 'prev_value': 1, 'change': -1, 'player_num': 1, 'source': 'stars_mode'}
2026-09-13 23:30:40,365 : INFO : EventManager : Event: ======'player_stars_targets_lit_count'====== Args={'value': 1, 'prev_value': 2, 'change': -1, 'player_num': 1, 'source': 'stars_mode'}
2026-09-13 23:30:40,376 : INFO : EventManager : Event: ======'player_score'====== Args={'value': 1507740, 'prev_value': 1507320, 'change': 420, 'player_num': 1, 'source': 'base'}
2026-09-13 23:30:40,539 : INFO : SwitchController : <<<<<<< 's_41_stand_up_target_6' inactive >>>>>>>
2026-09-13 23:30:40,906 : INFO : SwitchController : <<<<<<< 's_41_stand_up_target_6' active >>>>>>>
2026-09-13 23:30:40,906 : INFO : EventManager : Event: ======'s_41_stand_up_target_6_active'====== Args={}
2026-09-13 23:30:40,907 : INFO : EventManager : Event: ======'sw_playfield_active'====== Args={}
2026-09-13 23:30:40,907 : INFO : EventManager : Event: ======'sw_standups'====== Args={}
2026-09-13 23:30:40,907 : INFO : EventManager : Event: ======'machine_var_audits_switches_s_41_stand_up_target_6'====== Args={'value': 5072, 'prev_value': 5071, 'change': 1}
2026-09-13 23:30:40,907 : INFO : EventManager : Event: ======'stars_t41_on'====== Args={'priority': 0}
2026-09-13 23:30:40,907 : INFO : EventManager : Event: ======'brian_combo_step1'====== Args={'priority': 0}
2026-09-13 23:30:40,907 : INFO : EventManager : Event: ======'stars_count_updated'====== Args={'priority': 0}
2026-09-13 23:30:40,907 : INFO : EventManager : Event: ======'stars_monitor_t41_on'====== Args={'priority': 0}
2026-09-13 23:30:40,908 : INFO : EventManager : Event: ======'player_stars_t41'====== Args={'value': 1, 'prev_value': 0, 'change': 1, 'player_num': 1, 'source': 'stars_mode'}
2026-09-13 23:30:40,908 : INFO : EventManager : Event: ======'player_stars_targets_lit_count'====== Args={'value': 2, 'prev_value': 1, 'change': 1, 'player_num': 1, 'source': 'stars_mode'}
2026-09-13 23:30:40,920 : INFO : EventManager : Event: ======'player_score'====== Args={'value': 1508160, 'prev_value': 1507740, 'change': 420, 'player_num': 1, 'source': 'base'}
2026-09-13 23:30:41,017 : INFO : SwitchController : <<<<<<< 's_41_stand_up_target_6' inactive >>>>>>>
2026-09-13 23:30:41,095 : INFO : SwitchController : <<<<<<< 's_41_stand_up_target_6' active >>>>>>>
2026-09-13 23:30:41,095 : INFO : EventManager : Event: ======'s_41_stand_up_target_6_active'====== Args={}
2026-09-13 23:30:41,095 : INFO : EventManager : Event: ======'sw_playfield_active'====== Args={}
2026-09-13 23:30:41,095 : INFO : EventManager : Event: ======'sw_standups'====== Args={}
2026-09-13 23:30:41,095 : INFO : EventManager : Event: ======'machine_var_audits_switches_s_41_stand_up_target_6'====== Args={'value': 5073, 'prev_value': 5072, 'change': 1}
2026-09-13 23:30:41,096 : INFO : SwitchController : <<<<<<< 's_41_stand_up_target_6' inactive >>>>>>>
2026-09-13 23:30:41,096 : INFO : EventManager : Event: ======'stars_t41_off'====== Args={'priority': 0}
2026-09-13 23:30:41,096 : INFO : EventManager : Event: ======'brian_combo_step1'====== Args={'priority': 0}
2026-09-13 23:30:41,096 : INFO : EventManager : Event: ======'stars_count_updated'====== Args={'priority': 0}
2026-09-13 23:30:41,096 : INFO : EventManager : Event: ======'stars_monitor_t41_off'====== Args={'priority': 0}
2026-09-13 23:30:41,097 : INFO : EventManager : Event: ======'player_stars_t41'====== Args={'value': 0, 'prev_value': 1, 'change': -1, 'player_num': 1, 'source': 'stars_mode'}
2026-09-13 23:30:41,097 : INFO : EventManager : Event: ======'player_stars_targets_lit_count'====== Args={'value': 1, 'prev_value': 2, 'change': -1, 'player_num': 1, 'source': 'stars_mode'}
2026-09-13 23:30:41,108 : INFO : EventManager : Event: ======'player_score'====== Args={'value': 1508580, 'prev_value': 1508160, 'change': 420, 'player_num': 1, 'source': 'base'}
2026-09-13 23:30:41,239 : INFO : EventManager : Event: ======'player_obey_obey_stage2_timer_tick'====== Args={'value': 150, 'prev_value': 151, 'change': -1, 'player_num': 1}
2026-09-13 23:30:41,239 : INFO : EventManager : Event: ======'timer_obey_stage2_timer_tick'====== Args={'ticks': 150, 'ticks_remaining': 150}
2026-09-13 23:30:42,238 : INFO : EventManager : Event: ======'player_obey_obey_stage2_timer_tick'====== Args={'value': 149, 'prev_value': 150, 'change': -1, 'player_num': 1}
2026-09-13 23:30:42,238 : INFO : EventManager : Event: ======'timer_obey_stage2_timer_tick'====== Args={'ticks': 149, 'ticks_remaining': 149}
2026-09-13 23:30:42,635 : INFO : SwitchController : <<<<<<< 's_64_varitarget_position_1' inactive >>>>>>>
2026-09-13 23:30:42,655 : INFO : SwitchController : <<<<<<< 's_64_varitarget_position_1' active >>>>>>>
2026-09-13 23:30:42,656 : INFO : EventManager : Event: ======'s_64_varitarget_position_1_active'====== Args={}
2026-09-13 23:30:42,656 : INFO : EventManager : Event: ======'sw_vari'====== Args={}
2026-09-13 23:30:42,656 : INFO : EventManager : Event: ======'machine_var_audits_switches_s_64_varitarget_position_1'====== Args={'value': 16595, 'prev_value': 16594, 'change': 1}
2026-09-13 23:30:42,656 : INFO : SwitchController : <<<<<<< 's_64_varitarget_position_1' inactive >>>>>>>
2026-09-13 23:30:42,656 : INFO : EventManager : Event: ======'glasses_pending_position_1'====== Args={'priority': 0}
2026-09-13 23:30:42,657 : INFO : EventManager : Event: ======'machine_var_audits_shots_varitarget_p1'====== Args={'value': 16562, 'prev_value': 16561, 'change': 1}
2026-09-13 23:30:42,657 : INFO : EventManager : Event: ======'varitarget_p1_hit'====== Args={'profile': 'default', 'state': 'lit', 'advancing': False}
2026-09-13 23:30:42,657 : INFO : EventManager : Event: ======'varitarget_p1_default_hit'====== Args={'profile': 'default', 'state': 'lit', 'advancing': False}
2026-09-13 23:30:42,657 : INFO : EventManager : Event: ======'varitarget_p1_default_lit_hit'====== Args={'profile': 'default', 'state': 'lit', 'advancing': False}
2026-09-13 23:30:42,657 : INFO : EventManager : Event: ======'varitarget_p1_lit_hit'====== Args={'profile': 'default', 'state': 'lit', 'advancing': False}
2026-09-13 23:30:42,657 : INFO : EventManager : Event: ======'varitarget_position_changed'====== Args={'priority': 0}
2026-09-13 23:30:42,657 : INFO : EventManager : Event: ======'varitarget_reset_stop'====== Args={'priority': 0}
2026-09-13 23:30:42,657 : INFO : EventManager : Event: ======'varitarget_reset_complete'====== Args={'priority': 0}
2026-09-13 23:30:42,657 : INFO : EventManager : Event: ======'glasses_position_confirm_restart'====== Args={'priority': 0}
2026-09-13 23:30:42,657 : INFO : EventManager : Event: ======'player_glasses_mode_glasses_position_confirm_tick'====== Args={'value': 0, 'prev_value': 1, 'change': -1, 'player_num': 1}
2026-09-13 23:30:42,657 : INFO : Timer.glasses_position_confirm : Starting Timer.
2026-09-13 23:30:42,658 : INFO : EventManager : Event: ======'timer_glasses_position_confirm_started'====== Args={'ticks': 0, 'ticks_remaining': 1}
2026-09-13 23:30:42,658 : INFO : EventManager : Event: ======'timer_glasses_position_confirm_tick'====== Args={'ticks': 0, 'ticks_remaining': 1}
2026-09-13 23:30:42,664 : INFO : EventManager : Event: ======'varitarget_positions_hit'====== Args={'shot': 'varitarget_p1'}
2026-09-13 23:30:42,664 : INFO : EventManager : Event: ======'varitarget_positions_lit_hit'====== Args={'shot': 'varitarget_p1'}
2026-09-13 23:30:42,664 : INFO : EventManager : Event: ======'varitarget_update_stable'====== Args={'priority': 0}
2026-09-13 23:30:42,664 : INFO : Timer.varitarget_reset_timer : Stopping Timer
2026-09-13 23:30:42,664 : INFO : EventManager : Event: ======'timer_varitarget_reset_timer_stopped'====== Args={'ticks': 0, 'ticks_remaining': 999999}
2026-09-13 23:30:42,664 : INFO : EventManager : Event: ======'player_score'====== Args={'value': 1509000, 'prev_value': 1508580, 'change': 420, 'player_num': 1, 'source': 'base'}
2026-09-13 23:30:42,681 : INFO : SwitchController : <<<<<<< 's_64_varitarget_position_1' active >>>>>>>
2026-09-13 23:30:42,681 : INFO : EventManager : Event: ======'s_64_varitarget_position_1_active'====== Args={}
2026-09-13 23:30:42,681 : INFO : EventManager : Event: ======'sw_vari'====== Args={}
2026-09-13 23:30:42,681 : INFO : EventManager : Event: ======'machine_var_audits_switches_s_64_varitarget_position_1'====== Args={'value': 16596, 'prev_value': 16595, 'change': 1}
2026-09-13 23:30:42,682 : INFO : EventManager : Event: ======'glasses_pending_position_1'====== Args={'priority': 0}
2026-09-13 23:30:42,682 : INFO : EventManager : Event: ======'machine_var_audits_shots_varitarget_p1'====== Args={'value': 16563, 'prev_value': 16562, 'change': 1}
2026-09-13 23:30:42,682 : INFO : EventManager : Event: ======'varitarget_p1_hit'====== Args={'profile': 'default', 'state': 'lit', 'advancing': False}
2026-09-13 23:30:42,682 : INFO : EventManager : Event: ======'varitarget_p1_default_hit'====== Args={'profile': 'default', 'state': 'lit', 'advancing': False}
2026-09-13 23:30:42,682 : INFO : EventManager : Event: ======'varitarget_p1_default_lit_hit'====== Args={'profile': 'default', 'state': 'lit', 'advancing': False}
2026-09-13 23:30:42,682 : INFO : EventManager : Event: ======'varitarget_p1_lit_hit'====== Args={'profile': 'default', 'state': 'lit', 'advancing': False}
2026-09-13 23:30:42,682 : INFO : EventManager : Event: ======'varitarget_position_changed'====== Args={'priority': 0}
2026-09-13 23:30:42,683 : INFO : EventManager : Event: ======'varitarget_reset_stop'====== Args={'priority': 0}
2026-09-13 23:30:42,683 : INFO : EventManager : Event: ======'varitarget_reset_complete'====== Args={'priority': 0}
2026-09-13 23:30:42,683 : INFO : EventManager : Event: ======'glasses_position_confirm_restart'====== Args={'priority': 0}
2026-09-13 23:30:42,683 : INFO : EventManager : Event: ======'timer_glasses_position_confirm_tick'====== Args={'ticks': 0, 'ticks_remaining': 1}
2026-09-13 23:30:42,683 : INFO : EventManager : Event: ======'varitarget_positions_hit'====== Args={'shot': 'varitarget_p1'}
2026-09-13 23:30:42,683 : INFO : EventManager : Event: ======'varitarget_positions_lit_hit'====== Args={'shot': 'varitarget_p1'}
2026-09-13 23:30:42,683 : INFO : EventManager : Event: ======'varitarget_update_stable'====== Args={'priority': 0}
2026-09-13 23:30:42,683 : INFO : Timer.varitarget_reset_timer : Stopping Timer
2026-09-13 23:30:42,683 : INFO : EventManager : Event: ======'timer_varitarget_reset_timer_stopped'====== Args={'ticks': 0, 'ticks_remaining': 999999}
2026-09-13 23:30:42,683 : INFO : EventManager : Event: ======'player_score'====== Args={'value': 1509420, 'prev_value': 1509000, 'change': 420, 'player_num': 1, 'source': 'base'}
2026-09-13 23:30:42,693 : INFO : SwitchController : <<<<<<< 's_65_varitarget_position_2' active >>>>>>>
2026-09-13 23:30:42,693 : INFO : EventManager : Event: ======'s_65_varitarget_position_2_active'====== Args={}
2026-09-13 23:30:42,693 : INFO : EventManager : Event: ======'sw_vari'====== Args={}
2026-09-13 23:30:42,693 : INFO : EventManager : Event: ======'machine_var_audits_switches_s_65_varitarget_position_2'====== Args={'value': 1007, 'prev_value': 1006, 'change': 1}
2026-09-13 23:30:42,694 : INFO : EventManager : Event: ======'glasses_pending_position_2'====== Args={'priority': 0}
2026-09-13 23:30:42,694 : INFO : EventManager : Event: ======'machine_var_audits_shots_varitarget_p2'====== Args={'value': 1006, 'prev_value': 1005, 'change': 1}
2026-09-13 23:30:42,694 : INFO : EventManager : Event: ======'varitarget_p2_hit'====== Args={'profile': 'default', 'state': 'lit', 'advancing': False}
2026-09-13 23:30:42,694 : INFO : EventManager : Event: ======'varitarget_p2_default_hit'====== Args={'profile': 'default', 'state': 'lit', 'advancing': False}
2026-09-13 23:30:42,694 : INFO : EventManager : Event: ======'varitarget_p2_default_lit_hit'====== Args={'profile': 'default', 'state': 'lit', 'advancing': False}
2026-09-13 23:30:42,694 : INFO : EventManager : Event: ======'varitarget_p2_lit_hit'====== Args={'profile': 'default', 'state': 'lit', 'advancing': False}
2026-09-13 23:30:42,694 : INFO : EventManager : Event: ======'varitarget_position_changed'====== Args={'priority': 0}
2026-09-13 23:30:42,694 : INFO : EventManager : Event: ======'player_varitarget_position'====== Args={'value': 2, 'prev_value': 1, 'change': 1, 'player_num': 1, 'source': 'base'}
2026-09-13 23:30:42,694 : INFO : EventManager : Event: ======'glasses_position_confirm_restart'====== Args={'priority': 0}
2026-09-13 23:30:42,694 : INFO : EventManager : Event: ======'player_glasses_pending_position'====== Args={'value': 2, 'prev_value': 1, 'change': 1, 'player_num': 1, 'source': 'glasses_mode'}
2026-09-13 23:30:42,695 : INFO : EventManager : Event: ======'timer_glasses_position_confirm_tick'====== Args={'ticks': 0, 'ticks_remaining': 1}
2026-09-13 23:30:42,701 : INFO : EventManager : Event: ======'varitarget_positions_hit'====== Args={'shot': 'varitarget_p2'}
2026-09-13 23:30:42,701 : INFO : EventManager : Event: ======'varitarget_positions_lit_hit'====== Args={'shot': 'varitarget_p2'}
2026-09-13 23:30:42,701 : INFO : EventManager : Event: ======'varitarget_hit_begin'====== Args={'priority': 0}
2026-09-13 23:30:42,701 : INFO : EventManager : Event: ======'varitarget_hit_window_start'====== Args={'priority': 0}
2026-09-13 23:30:42,701 : INFO : EventManager : Event: ======'player_varitarget_hit_active'====== Args={'value': 1, 'prev_value': 0, 'change': 1, 'player_num': 1, 'source': 'base'}
2026-09-13 23:30:42,701 : INFO : EventManager : Event: ======'player_varitarget_hit_max_pos'====== Args={'value': 2, 'prev_value': 7, 'change': -5, 'player_num': 1, 'source': 'base'}
2026-09-13 23:30:42,701 : INFO : Timer.varitarget_hit_settle : Starting Timer.
2026-09-13 23:30:42,702 : INFO : Timer.varitarget_hit_settle : Timer Complete
2026-09-13 23:30:42,702 : INFO : Timer.varitarget_hit_settle : Stopping Timer
2026-09-13 23:30:42,702 : INFO : EventManager : Event: ======'timer_varitarget_hit_settle_stopped'====== Args={'ticks': 0, 'ticks_remaining': 1}
2026-09-13 23:30:42,702 : INFO : EventManager : Event: ======'timer_varitarget_hit_settle_complete'====== Args={'ticks': 0, 'ticks_remaining': 1}
2026-09-13 23:30:42,702 : INFO : EventManager : Event: ======'varitarget_hit_end'====== Args={'priority': 0}
2026-09-13 23:30:42,702 : INFO : EventManager : Event: ======'varitarget_award_from_moved'====== Args={'priority': 0}
2026-09-13 23:30:42,702 : INFO : EventManager : Event: ======'player_varitarget_hit_active'====== Args={'value': 0, 'prev_value': 1, 'change': -1, 'player_num': 1, 'source': 'base'}
2026-09-13 23:30:42,702 : INFO : EventManager : Event: ======'player_varitarget_hit_moved'====== Args={'value': 1, 'prev_value': 6, 'change': -5, 'player_num': 1, 'source': 'base'}
2026-09-13 23:30:42,702 : INFO : EventManager : Event: ======'player_varitarget_stable_position'====== Args={'value': 2, 'prev_value': 1, 'change': 1, 'player_num': 1, 'source': 'base'}
2026-09-13 23:30:42,702 : INFO : EventManager : Event: ======'varitarget_moved_1'====== Args={'priority': 0}
2026-09-13 23:30:42,702 : INFO : EventManager : Event: ======'awareness_add_2'====== Args={'priority': 0}
2026-09-13 23:30:42,702 : INFO : EventManager : Event: ======'player_awareness'====== Args={'value': 22, 'prev_value': 20, 'change': 2, 'player_num': 1, 'source': 'awareness'}
2026-09-13 23:30:42,703 : INFO : EventManager : Event: ======'player_awareness_percent'====== Args={'value': 22, 'prev_value': 20, 'change': 2, 'player_num': 1, 'source': 'awareness'}
2026-09-13 23:30:42,748 : INFO : EventManager : Event: ======'player_score'====== Args={'value': 1509840, 'prev_value': 1509420, 'change': 420, 'player_num': 1, 'source': 'base'}
2026-09-13 23:30:42,758 : INFO : SwitchController : <<<<<<< 's_65_varitarget_position_2' inactive >>>>>>>
2026-09-13 23:30:42,778 : INFO : SwitchController : <<<<<<< 's_66_varitarget_position_3' active >>>>>>>
2026-09-13 23:30:42,778 : INFO : EventManager : Event: ======'s_66_varitarget_position_3_active'====== Args={}
2026-09-13 23:30:42,778 : INFO : EventManager : Event: ======'sw_vari'====== Args={}
2026-09-13 23:30:42,779 : INFO : EventManager : Event: ======'machine_var_audits_switches_s_66_varitarget_position_3'====== Args={'value': 934, 'prev_value': 933, 'change': 1}
2026-09-13 23:30:42,779 : INFO : SwitchController : <<<<<<< 's_66_varitarget_position_3' inactive >>>>>>>
2026-09-13 23:30:42,779 : INFO : EventManager : Event: ======'glasses_pending_position_3'====== Args={'priority': 0}
2026-09-13 23:30:42,780 : INFO : EventManager : Event: ======'machine_var_audits_shots_varitarget_p3'====== Args={'value': 934, 'prev_value': 933, 'change': 1}
2026-09-13 23:30:42,780 : INFO : EventManager : Event: ======'varitarget_p3_hit'====== Args={'profile': 'default', 'state': 'lit', 'advancing': False}
2026-09-13 23:30:42,780 : INFO : EventManager : Event: ======'varitarget_p3_default_hit'====== Args={'profile': 'default', 'state': 'lit', 'advancing': False}
2026-09-13 23:30:42,780 : INFO : EventManager : Event: ======'varitarget_p3_default_lit_hit'====== Args={'profile': 'default', 'state': 'lit', 'advancing': False}
2026-09-13 23:30:42,780 : INFO : EventManager : Event: ======'varitarget_p3_lit_hit'====== Args={'profile': 'default', 'state': 'lit', 'advancing': False}
2026-09-13 23:30:42,780 : INFO : EventManager : Event: ======'varitarget_position_changed'====== Args={'priority': 0}
2026-09-13 23:30:42,780 : INFO : EventManager : Event: ======'player_varitarget_position'====== Args={'value': 3, 'prev_value': 2, 'change': 1, 'player_num': 1, 'source': 'base'}
2026-09-13 23:30:42,780 : INFO : EventManager : Event: ======'glasses_position_confirm_restart'====== Args={'priority': 0}
2026-09-13 23:30:42,780 : INFO : EventManager : Event: ======'player_glasses_pending_position'====== Args={'value': 3, 'prev_value': 2, 'change': 1, 'player_num': 1, 'source': 'glasses_mode'}
2026-09-13 23:30:42,781 : INFO : EventManager : Event: ======'timer_glasses_position_confirm_tick'====== Args={'ticks': 0, 'ticks_remaining': 1}
2026-09-13 23:30:42,786 : INFO : EventManager : Event: ======'varitarget_positions_hit'====== Args={'shot': 'varitarget_p3'}
2026-09-13 23:30:42,787 : INFO : EventManager : Event: ======'varitarget_positions_lit_hit'====== Args={'shot': 'varitarget_p3'}
2026-09-13 23:30:42,787 : INFO : EventManager : Event: ======'varitarget_hit_begin'====== Args={'priority': 0}
2026-09-13 23:30:42,787 : INFO : EventManager : Event: ======'varitarget_hit_window_start'====== Args={'priority': 0}
2026-09-13 23:30:42,787 : INFO : EventManager : Event: ======'player_varitarget_hit_active'====== Args={'value': 1, 'prev_value': 0, 'change': 1, 'player_num': 1, 'source': 'base'}
2026-09-13 23:30:42,787 : INFO : EventManager : Event: ======'player_varitarget_hit_start_pos'====== Args={'value': 2, 'prev_value': 1, 'change': 1, 'player_num': 1, 'source': 'base'}
2026-09-13 23:30:42,787 : INFO : EventManager : Event: ======'player_varitarget_hit_max_pos'====== Args={'value': 3, 'prev_value': 2, 'change': 1, 'player_num': 1, 'source': 'base'}
2026-09-13 23:30:42,787 : INFO : Timer.varitarget_hit_settle : Starting Timer.
2026-09-13 23:30:42,787 : INFO : Timer.varitarget_hit_settle : Timer Complete
2026-09-13 23:30:42,787 : INFO : Timer.varitarget_hit_settle : Stopping Timer
2026-09-13 23:30:42,787 : INFO : EventManager : Event: ======'timer_varitarget_hit_settle_stopped'====== Args={'ticks': 0, 'ticks_remaining': 1}
2026-09-13 23:30:42,787 : INFO : EventManager : Event: ======'timer_varitarget_hit_settle_complete'====== Args={'ticks': 0, 'ticks_remaining': 1}
2026-09-13 23:30:42,787 : INFO : EventManager : Event: ======'varitarget_hit_end'====== Args={'priority': 0}
2026-09-13 23:30:42,788 : INFO : EventManager : Event: ======'varitarget_award_from_moved'====== Args={'priority': 0}
2026-09-13 23:30:42,788 : INFO : EventManager : Event: ======'player_varitarget_hit_active'====== Args={'value': 0, 'prev_value': 1, 'change': -1, 'player_num': 1, 'source': 'base'}
2026-09-13 23:30:42,788 : INFO : EventManager : Event: ======'player_varitarget_stable_position'====== Args={'value': 3, 'prev_value': 2, 'change': 1, 'player_num': 1, 'source': 'base'}
2026-09-13 23:30:42,788 : INFO : EventManager : Event: ======'varitarget_moved_1'====== Args={'priority': 0}
2026-09-13 23:30:42,788 : INFO : EventManager : Event: ======'awareness_add_2'====== Args={'priority': 0}
2026-09-13 23:30:42,788 : INFO : EventManager : Event: ======'player_awareness'====== Args={'value': 24, 'prev_value': 22, 'change': 2, 'player_num': 1, 'source': 'awareness'}
2026-09-13 23:30:42,788 : INFO : EventManager : Event: ======'player_awareness_percent'====== Args={'value': 24, 'prev_value': 22, 'change': 2, 'player_num': 1, 'source': 'awareness'}
2026-09-13 23:30:42,834 : INFO : EventManager : Event: ======'player_score'====== Args={'value': 1510260, 'prev_value': 1509840, 'change': 420, 'player_num': 1, 'source': 'base'}
2026-09-13 23:30:42,843 : INFO : SwitchController : <<<<<<< 's_68_varitarget_position_5' active >>>>>>>
2026-09-13 23:30:42,843 : INFO : EventManager : Event: ======'s_68_varitarget_position_5_active'====== Args={}
2026-09-13 23:30:42,843 : INFO : EventManager : Event: ======'sw_vari'====== Args={}
2026-09-13 23:30:42,843 : INFO : EventManager : Event: ======'machine_var_audits_switches_s_68_varitarget_position_5'====== Args={'value': 476, 'prev_value': 475, 'change': 1}
2026-09-13 23:30:42,844 : INFO : EventManager : Event: ======'glasses_pending_position_5'====== Args={'priority': 0}
2026-09-13 23:30:42,844 : INFO : EventManager : Event: ======'machine_var_audits_shots_varitarget_p5'====== Args={'value': 476, 'prev_value': 475, 'change': 1}
2026-09-13 23:30:42,844 : INFO : EventManager : Event: ======'varitarget_p5_hit'====== Args={'profile': 'default', 'state': 'lit', 'advancing': False}
2026-09-13 23:30:42,844 : INFO : EventManager : Event: ======'varitarget_p5_default_hit'====== Args={'profile': 'default', 'state': 'lit', 'advancing': False}
2026-09-13 23:30:42,844 : INFO : EventManager : Event: ======'varitarget_p5_default_lit_hit'====== Args={'profile': 'default', 'state': 'lit', 'advancing': False}
2026-09-13 23:30:42,844 : INFO : EventManager : Event: ======'varitarget_p5_lit_hit'====== Args={'profile': 'default', 'state': 'lit', 'advancing': False}
2026-09-13 23:30:42,844 : INFO : EventManager : Event: ======'varitarget_position_changed'====== Args={'priority': 0}
2026-09-13 23:30:42,844 : INFO : EventManager : Event: ======'player_varitarget_position'====== Args={'value': 5, 'prev_value': 3, 'change': 2, 'player_num': 1, 'source': 'base'}
2026-09-13 23:30:42,845 : INFO : EventManager : Event: ======'glasses_position_confirm_restart'====== Args={'priority': 0}
2026-09-13 23:30:42,845 : INFO : EventManager : Event: ======'player_glasses_pending_position'====== Args={'value': 5, 'prev_value': 3, 'change': 2, 'player_num': 1, 'source': 'glasses_mode'}
2026-09-13 23:30:42,845 : INFO : EventManager : Event: ======'timer_glasses_position_confirm_tick'====== Args={'ticks': 0, 'ticks_remaining': 1}
2026-09-13 23:30:42,851 : INFO : EventManager : Event: ======'varitarget_positions_hit'====== Args={'shot': 'varitarget_p5'}
2026-09-13 23:30:42,851 : INFO : EventManager : Event: ======'varitarget_positions_lit_hit'====== Args={'shot': 'varitarget_p5'}
2026-09-13 23:30:42,851 : INFO : EventManager : Event: ======'varitarget_hit_begin'====== Args={'priority': 0}
2026-09-13 23:30:42,851 : INFO : EventManager : Event: ======'varitarget_hit_window_start'====== Args={'priority': 0}
2026-09-13 23:30:42,851 : INFO : EventManager : Event: ======'player_varitarget_hit_active'====== Args={'value': 1, 'prev_value': 0, 'change': 1, 'player_num': 1, 'source': 'base'}
2026-09-13 23:30:42,852 : INFO : EventManager : Event: ======'player_varitarget_hit_start_pos'====== Args={'value': 3, 'prev_value': 2, 'change': 1, 'player_num': 1, 'source': 'base'}
2026-09-13 23:30:42,852 : INFO : EventManager : Event: ======'player_varitarget_hit_max_pos'====== Args={'value': 5, 'prev_value': 3, 'change': 2, 'player_num': 1, 'source': 'base'}
2026-09-13 23:30:42,852 : INFO : Timer.varitarget_hit_settle : Starting Timer.
2026-09-13 23:30:42,852 : INFO : Timer.varitarget_hit_settle : Timer Complete
2026-09-13 23:30:42,852 : INFO : Timer.varitarget_hit_settle : Stopping Timer
2026-09-13 23:30:42,852 : INFO : EventManager : Event: ======'timer_varitarget_hit_settle_stopped'====== Args={'ticks': 0, 'ticks_remaining': 1}
2026-09-13 23:30:42,852 : INFO : EventManager : Event: ======'timer_varitarget_hit_settle_complete'====== Args={'ticks': 0, 'ticks_remaining': 1}
2026-09-13 23:30:42,852 : INFO : EventManager : Event: ======'varitarget_hit_end'====== Args={'priority': 0}
2026-09-13 23:30:42,852 : INFO : EventManager : Event: ======'varitarget_award_from_moved'====== Args={'priority': 0}
2026-09-13 23:30:42,852 : INFO : EventManager : Event: ======'player_varitarget_hit_active'====== Args={'value': 0, 'prev_value': 1, 'change': -1, 'player_num': 1, 'source': 'base'}
2026-09-13 23:30:42,852 : INFO : EventManager : Event: ======'player_varitarget_hit_moved'====== Args={'value': 2, 'prev_value': 1, 'change': 1, 'player_num': 1, 'source': 'base'}
2026-09-13 23:30:42,852 : INFO : EventManager : Event: ======'player_varitarget_stable_position'====== Args={'value': 5, 'prev_value': 3, 'change': 2, 'player_num': 1, 'source': 'base'}
2026-09-13 23:30:42,852 : INFO : EventManager : Event: ======'varitarget_moved_2'====== Args={'priority': 0}
2026-09-13 23:30:42,853 : INFO : EventManager : Event: ======'awareness_add_4'====== Args={'priority': 0}
2026-09-13 23:30:42,853 : INFO : EventManager : Event: ======'player_awareness'====== Args={'value': 28, 'prev_value': 24, 'change': 4, 'player_num': 1, 'source': 'awareness'}
2026-09-13 23:30:42,853 : INFO : EventManager : Event: ======'awareness_progress_display_start'====== Args={'priority': 0}
2026-09-13 23:30:42,853 : INFO : EventManager : Event: ======'player_awareness_percent'====== Args={'value': 28, 'prev_value': 24, 'change': 4, 'player_num': 1, 'source': 'awareness'}
2026-09-13 23:30:42,904 : INFO : EventManager : Event: ======'player_score'====== Args={'value': 1510680, 'prev_value': 1510260, 'change': 420, 'player_num': 1, 'source': 'base'}
2026-09-13 23:30:42,914 : INFO : SwitchController : <<<<<<< 's_68_varitarget_position_5' inactive >>>>>>>
2026-09-13 23:30:42,914 : INFO : SwitchController : <<<<<<< 's_69_varitarget_position_6' active >>>>>>>
2026-09-13 23:30:42,914 : INFO : EventManager : Event: ======'s_69_varitarget_position_6_active'====== Args={}
2026-09-13 23:30:42,914 : INFO : EventManager : Event: ======'sw_vari'====== Args={}
2026-09-13 23:30:42,914 : INFO : EventManager : Event: ======'machine_var_audits_switches_s_69_varitarget_position_6'====== Args={'value': 546, 'prev_value': 545, 'change': 1}
2026-09-13 23:30:42,915 : INFO : SwitchController : <<<<<<< 's_69_varitarget_position_6' inactive >>>>>>>
2026-09-13 23:30:42,915 : INFO : SwitchController : <<<<<<< 's_69_varitarget_position_6' active >>>>>>>
2026-09-13 23:30:42,915 : INFO : EventManager : Event: ======'s_69_varitarget_position_6_active'====== Args={}
2026-09-13 23:30:42,915 : INFO : EventManager : Event: ======'sw_vari'====== Args={}
2026-09-13 23:30:42,915 : INFO : EventManager : Event: ======'machine_var_audits_switches_s_69_varitarget_position_6'====== Args={'value': 547, 'prev_value': 546, 'change': 1}
2026-09-13 23:30:42,915 : INFO : SwitchController : <<<<<<< 's_69_varitarget_position_6' inactive >>>>>>>
2026-09-13 23:30:42,917 : INFO : EventManager : Event: ======'glasses_pending_position_6'====== Args={'priority': 0}
2026-09-13 23:30:42,917 : INFO : EventManager : Event: ======'machine_var_audits_shots_varitarget_p6'====== Args={'value': 546, 'prev_value': 545, 'change': 1}
2026-09-13 23:30:42,917 : INFO : EventManager : Event: ======'varitarget_p6_hit'====== Args={'profile': 'default', 'state': 'lit', 'advancing': False}
2026-09-13 23:30:42,917 : INFO : EventManager : Event: ======'varitarget_p6_default_hit'====== Args={'profile': 'default', 'state': 'lit', 'advancing': False}
2026-09-13 23:30:42,917 : INFO : EventManager : Event: ======'varitarget_p6_default_lit_hit'====== Args={'profile': 'default', 'state': 'lit', 'advancing': False}
2026-09-13 23:30:42,917 : INFO : EventManager : Event: ======'varitarget_p6_lit_hit'====== Args={'profile': 'default', 'state': 'lit', 'advancing': False}
2026-09-13 23:30:42,917 : INFO : EventManager : Event: ======'varitarget_position_changed'====== Args={'priority': 0}
2026-09-13 23:30:42,917 : INFO : EventManager : Event: ======'player_varitarget_position'====== Args={'value': 6, 'prev_value': 5, 'change': 1, 'player_num': 1, 'source': 'base'}
2026-09-13 23:30:42,917 : INFO : EventManager : Event: ======'glasses_position_confirm_restart'====== Args={'priority': 0}
2026-09-13 23:30:42,918 : INFO : EventManager : Event: ======'player_glasses_pending_position'====== Args={'value': 6, 'prev_value': 5, 'change': 1, 'player_num': 1, 'source': 'glasses_mode'}
2026-09-13 23:30:42,918 : INFO : EventManager : Event: ======'timer_glasses_position_confirm_tick'====== Args={'ticks': 0, 'ticks_remaining': 1}
2026-09-13 23:30:42,923 : INFO : EventManager : Event: ======'varitarget_positions_hit'====== Args={'shot': 'varitarget_p6'}
2026-09-13 23:30:42,923 : INFO : EventManager : Event: ======'varitarget_positions_lit_hit'====== Args={'shot': 'varitarget_p6'}
2026-09-13 23:30:42,923 : INFO : EventManager : Event: ======'varitarget_hit_begin'====== Args={'priority': 0}
2026-09-13 23:30:42,923 : INFO : EventManager : Event: ======'varitarget_hit_window_start'====== Args={'priority': 0}
2026-09-13 23:30:42,924 : INFO : EventManager : Event: ======'player_varitarget_hit_active'====== Args={'value': 1, 'prev_value': 0, 'change': 1, 'player_num': 1, 'source': 'base'}
2026-09-13 23:30:42,924 : INFO : EventManager : Event: ======'player_varitarget_hit_start_pos'====== Args={'value': 5, 'prev_value': 3, 'change': 2, 'player_num': 1, 'source': 'base'}
2026-09-13 23:30:42,924 : INFO : EventManager : Event: ======'player_varitarget_hit_max_pos'====== Args={'value': 6, 'prev_value': 5, 'change': 1, 'player_num': 1, 'source': 'base'}
2026-09-13 23:30:42,924 : INFO : Timer.varitarget_hit_settle : Starting Timer.
2026-09-13 23:30:42,924 : INFO : Timer.varitarget_hit_settle : Timer Complete
2026-09-13 23:30:42,924 : INFO : Timer.varitarget_hit_settle : Stopping Timer
2026-09-13 23:30:42,924 : INFO : EventManager : Event: ======'timer_varitarget_hit_settle_stopped'====== Args={'ticks': 0, 'ticks_remaining': 1}
2026-09-13 23:30:42,924 : INFO : EventManager : Event: ======'timer_varitarget_hit_settle_complete'====== Args={'ticks': 0, 'ticks_remaining': 1}
2026-09-13 23:30:42,924 : INFO : EventManager : Event: ======'varitarget_hit_end'====== Args={'priority': 0}
2026-09-13 23:30:42,924 : INFO : EventManager : Event: ======'varitarget_award_from_moved'====== Args={'priority': 0}
2026-09-13 23:30:42,924 : INFO : EventManager : Event: ======'player_varitarget_hit_active'====== Args={'value': 0, 'prev_value': 1, 'change': -1, 'player_num': 1, 'source': 'base'}
2026-09-13 23:30:42,924 : INFO : EventManager : Event: ======'player_varitarget_hit_moved'====== Args={'value': 1, 'prev_value': 2, 'change': -1, 'player_num': 1, 'source': 'base'}
2026-09-13 23:30:42,924 : INFO : EventManager : Event: ======'player_varitarget_stable_position'====== Args={'value': 6, 'prev_value': 5, 'change': 1, 'player_num': 1, 'source': 'base'}
2026-09-13 23:30:42,925 : INFO : EventManager : Event: ======'varitarget_moved_1'====== Args={'priority': 0}
2026-09-13 23:30:42,925 : INFO : EventManager : Event: ======'awareness_add_2'====== Args={'priority': 0}
2026-09-13 23:30:42,925 : INFO : EventManager : Event: ======'player_awareness'====== Args={'value': 30, 'prev_value': 28, 'change': 2, 'player_num': 1, 'source': 'awareness'}
2026-09-13 23:30:42,925 : INFO : EventManager : Event: ======'player_awareness_percent'====== Args={'value': 30, 'prev_value': 28, 'change': 2, 'player_num': 1, 'source': 'awareness'}
2026-09-13 23:30:42,977 : INFO : EventManager : Event: ======'player_score'====== Args={'value': 1511100, 'prev_value': 1510680, 'change': 420, 'player_num': 1, 'source': 'base'}
2026-09-13 23:30:42,983 : INFO : EventManager : Event: ======'glasses_pending_position_6'====== Args={'priority': 0}
2026-09-13 23:30:42,983 : INFO : EventManager : Event: ======'machine_var_audits_shots_varitarget_p6'====== Args={'value': 547, 'prev_value': 546, 'change': 1}
2026-09-13 23:30:42,983 : INFO : EventManager : Event: ======'varitarget_p6_hit'====== Args={'profile': 'default', 'state': 'lit', 'advancing': False}
2026-09-13 23:30:42,984 : INFO : EventManager : Event: ======'varitarget_p6_default_hit'====== Args={'profile': 'default', 'state': 'lit', 'advancing': False}
2026-09-13 23:30:42,984 : INFO : EventManager : Event: ======'varitarget_p6_default_lit_hit'====== Args={'profile': 'default', 'state': 'lit', 'advancing': False}
2026-09-13 23:30:42,984 : INFO : EventManager : Event: ======'varitarget_p6_lit_hit'====== Args={'profile': 'default', 'state': 'lit', 'advancing': False}
2026-09-13 23:30:42,984 : INFO : EventManager : Event: ======'varitarget_position_changed'====== Args={'priority': 0}
2026-09-13 23:30:42,984 : INFO : EventManager : Event: ======'glasses_position_confirm_restart'====== Args={'priority': 0}
2026-09-13 23:30:42,984 : INFO : EventManager : Event: ======'timer_glasses_position_confirm_tick'====== Args={'ticks': 0, 'ticks_remaining': 1}
2026-09-13 23:30:42,984 : INFO : EventManager : Event: ======'varitarget_positions_hit'====== Args={'shot': 'varitarget_p6'}
2026-09-13 23:30:42,984 : INFO : EventManager : Event: ======'varitarget_positions_lit_hit'====== Args={'shot': 'varitarget_p6'}
2026-09-13 23:30:42,984 : INFO : EventManager : Event: ======'varitarget_update_stable'====== Args={'priority': 0}
2026-09-13 23:30:42,984 : INFO : EventManager : Event: ======'player_score'====== Args={'value': 1511520, 'prev_value': 1511100, 'change': 420, 'player_num': 1, 'source': 'base'}
2026-09-13 23:30:42,995 : INFO : SwitchController : <<<<<<< 's_70_varitarget_position_7' active >>>>>>>
2026-09-13 23:30:42,995 : INFO : EventManager : Event: ======'s_70_varitarget_position_7_active'====== Args={}
2026-09-13 23:30:42,995 : INFO : EventManager : Event: ======'sw_vari'====== Args={}
2026-09-13 23:30:42,995 : INFO : EventManager : Event: ======'machine_var_audits_switches_s_70_varitarget_position_7'====== Args={'value': 320, 'prev_value': 319, 'change': 1}
2026-09-13 23:30:42,995 : INFO : SwitchController : <<<<<<< 's_70_varitarget_position_7' inactive >>>>>>>
2026-09-13 23:30:42,995 : INFO : SwitchController : <<<<<<< 's_70_varitarget_position_7' active >>>>>>>
2026-09-13 23:30:42,995 : INFO : EventManager : Event: ======'s_70_varitarget_position_7_active'====== Args={}
2026-09-13 23:30:42,995 : INFO : EventManager : Event: ======'sw_vari'====== Args={}
2026-09-13 23:30:42,996 : INFO : EventManager : Event: ======'machine_var_audits_switches_s_70_varitarget_position_7'====== Args={'value': 321, 'prev_value': 320, 'change': 1}
2026-09-13 23:30:42,996 : INFO : SwitchController : <<<<<<< 's_70_varitarget_position_7' inactive >>>>>>>
2026-09-13 23:30:42,996 : INFO : EventManager : Event: ======'glasses_pending_position_7'====== Args={'priority': 0}
2026-09-13 23:30:42,997 : INFO : EventManager : Event: ======'machine_var_audits_shots_varitarget_p7'====== Args={'value': 320, 'prev_value': 319, 'change': 1}
2026-09-13 23:30:42,997 : INFO : EventManager : Event: ======'varitarget_p7_hit'====== Args={'profile': 'default', 'state': 'lit', 'advancing': False}
2026-09-13 23:30:42,997 : INFO : EventManager : Event: ======'varitarget_p7_default_hit'====== Args={'profile': 'default', 'state': 'lit', 'advancing': False}
2026-09-13 23:30:42,997 : INFO : EventManager : Event: ======'varitarget_p7_default_lit_hit'====== Args={'profile': 'default', 'state': 'lit', 'advancing': False}
2026-09-13 23:30:42,997 : INFO : EventManager : Event: ======'varitarget_p7_lit_hit'====== Args={'profile': 'default', 'state': 'lit', 'advancing': False}
2026-09-13 23:30:42,997 : INFO : EventManager : Event: ======'varitarget_position_changed'====== Args={'priority': 0}
2026-09-13 23:30:42,997 : INFO : EventManager : Event: ======'player_varitarget_position'====== Args={'value': 7, 'prev_value': 6, 'change': 1, 'player_num': 1, 'source': 'base'}
2026-09-13 23:30:42,997 : INFO : EventManager : Event: ======'glasses_position_confirm_restart'====== Args={'priority': 0}
2026-09-13 23:30:42,997 : INFO : EventManager : Event: ======'player_glasses_pending_position'====== Args={'value': 7, 'prev_value': 6, 'change': 1, 'player_num': 1, 'source': 'glasses_mode'}
2026-09-13 23:30:42,998 : INFO : EventManager : Event: ======'timer_glasses_position_confirm_tick'====== Args={'ticks': 0, 'ticks_remaining': 1}
2026-09-13 23:30:43,004 : INFO : EventManager : Event: ======'varitarget_positions_hit'====== Args={'shot': 'varitarget_p7'}
2026-09-13 23:30:43,004 : INFO : EventManager : Event: ======'varitarget_positions_lit_hit'====== Args={'shot': 'varitarget_p7'}
2026-09-13 23:30:43,004 : INFO : EventManager : Event: ======'varitarget_hit_begin'====== Args={'priority': 0}
2026-09-13 23:30:43,004 : INFO : EventManager : Event: ======'varitarget_hit_window_start'====== Args={'priority': 0}
2026-09-13 23:30:43,004 : INFO : EventManager : Event: ======'player_varitarget_hit_active'====== Args={'value': 1, 'prev_value': 0, 'change': 1, 'player_num': 1, 'source': 'base'}
2026-09-13 23:30:43,004 : INFO : EventManager : Event: ======'player_varitarget_hit_start_pos'====== Args={'value': 6, 'prev_value': 5, 'change': 1, 'player_num': 1, 'source': 'base'}
2026-09-13 23:30:43,004 : INFO : EventManager : Event: ======'player_varitarget_hit_max_pos'====== Args={'value': 7, 'prev_value': 6, 'change': 1, 'player_num': 1, 'source': 'base'}
2026-09-13 23:30:43,004 : INFO : Timer.varitarget_hit_settle : Starting Timer.
2026-09-13 23:30:43,004 : INFO : Timer.varitarget_hit_settle : Timer Complete
2026-09-13 23:30:43,004 : INFO : Timer.varitarget_hit_settle : Stopping Timer
2026-09-13 23:30:43,005 : INFO : EventManager : Event: ======'timer_varitarget_hit_settle_stopped'====== Args={'ticks': 0, 'ticks_remaining': 1}
2026-09-13 23:30:43,005 : INFO : EventManager : Event: ======'timer_varitarget_hit_settle_complete'====== Args={'ticks': 0, 'ticks_remaining': 1}
2026-09-13 23:30:43,005 : INFO : EventManager : Event: ======'varitarget_hit_end'====== Args={'priority': 0}
2026-09-13 23:30:43,005 : INFO : EventManager : Event: ======'varitarget_award_from_moved'====== Args={'priority': 0}
2026-09-13 23:30:43,005 : INFO : EventManager : Event: ======'player_varitarget_hit_active'====== Args={'value': 0, 'prev_value': 1, 'change': -1, 'player_num': 1, 'source': 'base'}
2026-09-13 23:30:43,005 : INFO : EventManager : Event: ======'player_varitarget_stable_position'====== Args={'value': 7, 'prev_value': 6, 'change': 1, 'player_num': 1, 'source': 'base'}
2026-09-13 23:30:43,005 : INFO : EventManager : Event: ======'varitarget_moved_1'====== Args={'priority': 0}
2026-09-13 23:30:43,005 : INFO : EventManager : Event: ======'awareness_add_2'====== Args={'priority': 0}
2026-09-13 23:30:43,005 : INFO : EventManager : Event: ======'player_awareness'====== Args={'value': 32, 'prev_value': 30, 'change': 2, 'player_num': 1, 'source': 'awareness'}
2026-09-13 23:30:43,005 : INFO : EventManager : Event: ======'player_awareness_percent'====== Args={'value': 32, 'prev_value': 30, 'change': 2, 'player_num': 1, 'source': 'awareness'}
2026-09-13 23:30:43,051 : INFO : EventManager : Event: ======'player_score'====== Args={'value': 1511940, 'prev_value': 1511520, 'change': 420, 'player_num': 1, 'source': 'base'}
2026-09-13 23:30:43,056 : INFO : EventManager : Event: ======'glasses_pending_position_7'====== Args={'priority': 0}
2026-09-13 23:30:43,057 : INFO : EventManager : Event: ======'machine_var_audits_shots_varitarget_p7'====== Args={'value': 321, 'prev_value': 320, 'change': 1}
2026-09-13 23:30:43,057 : INFO : EventManager : Event: ======'varitarget_p7_hit'====== Args={'profile': 'default', 'state': 'lit', 'advancing': False}
2026-09-13 23:30:43,057 : INFO : EventManager : Event: ======'varitarget_p7_default_hit'====== Args={'profile': 'default', 'state': 'lit', 'advancing': False}
2026-09-13 23:30:43,057 : INFO : EventManager : Event: ======'varitarget_p7_default_lit_hit'====== Args={'profile': 'default', 'state': 'lit', 'advancing': False}
2026-09-13 23:30:43,057 : INFO : EventManager : Event: ======'varitarget_p7_lit_hit'====== Args={'profile': 'default', 'state': 'lit', 'advancing': False}
2026-09-13 23:30:43,057 : INFO : EventManager : Event: ======'varitarget_position_changed'====== Args={'priority': 0}
2026-09-13 23:30:43,057 : INFO : EventManager : Event: ======'glasses_position_confirm_restart'====== Args={'priority': 0}
2026-09-13 23:30:43,057 : INFO : EventManager : Event: ======'timer_glasses_position_confirm_tick'====== Args={'ticks': 0, 'ticks_remaining': 1}
2026-09-13 23:30:43,057 : INFO : EventManager : Event: ======'varitarget_positions_hit'====== Args={'shot': 'varitarget_p7'}
2026-09-13 23:30:43,057 : INFO : EventManager : Event: ======'varitarget_positions_lit_hit'====== Args={'shot': 'varitarget_p7'}
2026-09-13 23:30:43,057 : INFO : EventManager : Event: ======'varitarget_update_stable'====== Args={'priority': 0}
2026-09-13 23:30:43,057 : INFO : EventManager : Event: ======'player_score'====== Args={'value': 1512360, 'prev_value': 1511940, 'change': 420, 'player_num': 1, 'source': 'base'}
2026-09-13 23:30:43,064 : INFO : EventManager : Event: ======'widget_awareness_progress_widget_active'====== Args={'original_context': 'awareness', 'original_calling_context': 'awareness_progress_display_start', 'priority': 105.0, 'cmd': 'widgets_play', '_from_bcp': True}
2026-09-13 23:30:43,071 : INFO : SwitchController : <<<<<<< 's_70_varitarget_position_7' active >>>>>>>
2026-09-13 23:30:43,071 : INFO : EventManager : Event: ======'s_70_varitarget_position_7_active'====== Args={}
2026-09-13 23:30:43,071 : INFO : EventManager : Event: ======'sw_vari'====== Args={}
2026-09-13 23:30:43,071 : INFO : EventManager : Event: ======'machine_var_audits_switches_s_70_varitarget_position_7'====== Args={'value': 322, 'prev_value': 321, 'change': 1}
2026-09-13 23:30:43,071 : INFO : EventManager : Event: ======'glasses_pending_position_7'====== Args={'priority': 0}
2026-09-13 23:30:43,071 : INFO : EventManager : Event: ======'machine_var_audits_shots_varitarget_p7'====== Args={'value': 322, 'prev_value': 321, 'change': 1}
2026-09-13 23:30:43,071 : INFO : EventManager : Event: ======'varitarget_p7_hit'====== Args={'profile': 'default', 'state': 'lit', 'advancing': False}
2026-09-13 23:30:43,071 : INFO : EventManager : Event: ======'varitarget_p7_default_hit'====== Args={'profile': 'default', 'state': 'lit', 'advancing': False}
2026-09-13 23:30:43,072 : INFO : EventManager : Event: ======'varitarget_p7_default_lit_hit'====== Args={'profile': 'default', 'state': 'lit', 'advancing': False}
2026-09-13 23:30:43,072 : INFO : EventManager : Event: ======'varitarget_p7_lit_hit'====== Args={'profile': 'default', 'state': 'lit', 'advancing': False}
2026-09-13 23:30:43,072 : INFO : EventManager : Event: ======'varitarget_position_changed'====== Args={'priority': 0}
2026-09-13 23:30:43,072 : INFO : EventManager : Event: ======'glasses_position_confirm_restart'====== Args={'priority': 0}
2026-09-13 23:30:43,072 : INFO : EventManager : Event: ======'timer_glasses_position_confirm_tick'====== Args={'ticks': 0, 'ticks_remaining': 1}
2026-09-13 23:30:43,072 : INFO : EventManager : Event: ======'varitarget_positions_hit'====== Args={'shot': 'varitarget_p7'}
2026-09-13 23:30:43,072 : INFO : EventManager : Event: ======'varitarget_positions_lit_hit'====== Args={'shot': 'varitarget_p7'}
2026-09-13 23:30:43,072 : INFO : EventManager : Event: ======'varitarget_update_stable'====== Args={'priority': 0}
2026-09-13 23:30:43,072 : INFO : EventManager : Event: ======'player_score'====== Args={'value': 1512780, 'prev_value': 1512360, 'change': 420, 'player_num': 1, 'source': 'base'}
2026-09-13 23:30:43,238 : INFO : EventManager : Event: ======'player_obey_obey_stage2_timer_tick'====== Args={'value': 148, 'prev_value': 149, 'change': -1, 'player_num': 1}
2026-09-13 23:30:43,238 : INFO : EventManager : Event: ======'timer_obey_stage2_timer_tick'====== Args={'ticks': 148, 'ticks_remaining': 148}
2026-09-13 23:30:44,068 : INFO : EventManager : Event: ======'player_glasses_mode_glasses_position_confirm_tick'====== Args={'value': 1, 'prev_value': 0, 'change': 1, 'player_num': 1}
2026-09-13 23:30:44,068 : INFO : Timer.glasses_position_confirm : Timer Complete
2026-09-13 23:30:44,068 : INFO : Timer.glasses_position_confirm : Stopping Timer
2026-09-13 23:30:44,068 : INFO : EventManager : Event: ======'timer_glasses_position_confirm_stopped'====== Args={'ticks': 1, 'ticks_remaining': 1}
2026-09-13 23:30:44,068 : INFO : EventManager : Event: ======'timer_glasses_position_confirm_complete'====== Args={'ticks': 1, 'ticks_remaining': 1}
2026-09-13 23:30:44,074 : INFO : EventManager : Event: ======'varitarget_position_7_confirmed'====== Args={'priority': 0}
2026-09-13 23:30:44,074 : INFO : EventManager : Event: ======'glasses_enter_state_7'====== Args={'priority': 0}
2026-09-13 23:30:44,074 : INFO : EventManager : Event: ======'glasses_stop_all_shows'====== Args={'priority': 0}
2026-09-13 23:30:44,074 : INFO : EventManager : Event: ======'glasses_state_timer_restart'====== Args={'priority': 0}
2026-09-13 23:30:44,074 : INFO : EventManager : Event: ======'glasses_home_pulse_timer_stop'====== Args={'priority': 0}
2026-09-13 23:30:44,075 : INFO : EventManager : Event: ======'glasses_homing_cancel'====== Args={'priority': 0}
2026-09-13 23:30:44,075 : INFO : EventManager : Event: ======'glasses_start_state_7'====== Args={'priority': 0}
2026-09-13 23:30:44,075 : INFO : EventManager : Event: ======'player_glasses_current_state'====== Args={'value': 7, 'prev_value': 1, 'change': 6, 'player_num': 1, 'source': 'glasses_mode'}
2026-09-13 23:30:44,075 : INFO : EventManager : Event: ======'player_glasses_confirmed_position'====== Args={'value': 7, 'prev_value': 1, 'change': 6, 'player_num': 1, 'source': 'glasses_mode'}
2026-09-13 23:30:44,075 : INFO : EventManager : Event: ======'player_glasses_mode_glasses_state_timer_tick'====== Args={'value': 0, 'prev_value': 10, 'change': -10, 'player_num': 1}
2026-09-13 23:30:44,075 : INFO : Timer.glasses_state_timer : Starting Timer.
2026-09-13 23:30:44,075 : INFO : EventManager : Event: ======'timer_glasses_state_timer_started'====== Args={'ticks': 0, 'ticks_remaining': 10}
2026-09-13 23:30:44,075 : INFO : EventManager : Event: ======'timer_glasses_state_timer_tick'====== Args={'ticks': 0, 'ticks_remaining': 10}
2026-09-13 23:30:44,081 : INFO : Timer.glasses_home_pulse_timer : Stopping Timer
2026-09-13 23:30:44,081 : INFO : EventManager : Event: ======'timer_glasses_home_pulse_timer_stopped'====== Args={'ticks': 10, 'ticks_remaining': 1}
2026-09-13 23:30:44,245 : INFO : EventManager : Event: ======'player_obey_obey_stage2_timer_tick'====== Args={'value': 147, 'prev_value': 148, 'change': -1, 'player_num': 1}
2026-09-13 23:30:44,245 : INFO : EventManager : Event: ======'timer_obey_stage2_timer_tick'====== Args={'ticks': 147, 'ticks_remaining': 147}
2026-09-13 23:30:44,531 : INFO : SwitchController : <<<<<<< 's_41_stand_up_target_6' active >>>>>>>
2026-09-13 23:30:44,531 : INFO : EventManager : Event: ======'s_41_stand_up_target_6_active'====== Args={}
2026-09-13 23:30:44,531 : INFO : EventManager : Event: ======'sw_playfield_active'====== Args={}
2026-09-13 23:30:44,531 : INFO : EventManager : Event: ======'sw_standups'====== Args={}
2026-09-13 23:30:44,531 : INFO : EventManager : Event: ======'machine_var_audits_switches_s_41_stand_up_target_6'====== Args={'value': 5074, 'prev_value': 5073, 'change': 1}
2026-09-13 23:30:44,532 : INFO : EventManager : Event: ======'stars_t41_on'====== Args={'priority': 0}
2026-09-13 23:30:44,532 : INFO : EventManager : Event: ======'brian_combo_step1'====== Args={'priority': 0}
2026-09-13 23:30:44,532 : INFO : EventManager : Event: ======'stars_count_updated'====== Args={'priority': 0}
2026-09-13 23:30:44,532 : INFO : EventManager : Event: ======'stars_monitor_t41_on'====== Args={'priority': 0}
2026-09-13 23:30:44,532 : INFO : EventManager : Event: ======'player_stars_t41'====== Args={'value': 1, 'prev_value': 0, 'change': 1, 'player_num': 1, 'source': 'stars_mode'}
2026-09-13 23:30:44,532 : INFO : EventManager : Event: ======'player_stars_targets_lit_count'====== Args={'value': 2, 'prev_value': 1, 'change': 1, 'player_num': 1, 'source': 'stars_mode'}
2026-09-13 23:30:44,543 : INFO : EventManager : Event: ======'player_score'====== Args={'value': 1513200, 'prev_value': 1512780, 'change': 420, 'player_num': 1, 'source': 'base'}
2026-09-13 23:30:44,578 : INFO : SwitchController : <<<<<<< 's_41_stand_up_target_6' inactive >>>>>>>
2026-09-13 23:30:45,070 : INFO : EventManager : Event: ======'player_glasses_mode_glasses_state_timer_tick'====== Args={'value': 1, 'prev_value': 0, 'change': 1, 'player_num': 1}
2026-09-13 23:30:45,070 : INFO : EventManager : Event: ======'timer_glasses_state_timer_tick'====== Args={'ticks': 1, 'ticks_remaining': 9}
2026-09-13 23:30:45,247 : INFO : EventManager : Event: ======'player_obey_obey_stage2_timer_tick'====== Args={'value': 146, 'prev_value': 147, 'change': -1, 'player_num': 1}
2026-09-13 23:30:45,248 : INFO : EventManager : Event: ======'timer_obey_stage2_timer_tick'====== Args={'ticks': 146, 'ticks_remaining': 146}
2026-09-13 23:30:46,067 : INFO : EventManager : Event: ======'player_glasses_mode_glasses_state_timer_tick'====== Args={'value': 2, 'prev_value': 1, 'change': 1, 'player_num': 1}
2026-09-13 23:30:46,067 : INFO : EventManager : Event: ======'timer_glasses_state_timer_tick'====== Args={'ticks': 2, 'ticks_remaining': 8}
2026-09-13 23:30:46,242 : INFO : EventManager : Event: ======'player_obey_obey_stage2_timer_tick'====== Args={'value': 145, 'prev_value': 146, 'change': -1, 'player_num': 1}
2026-09-13 23:30:46,242 : INFO : EventManager : Event: ======'timer_obey_stage2_timer_tick'====== Args={'ticks': 145, 'ticks_remaining': 145}
2026-09-13 23:30:47,066 : INFO : EventManager : Event: ======'player_glasses_mode_glasses_state_timer_tick'====== Args={'value': 3, 'prev_value': 2, 'change': 1, 'player_num': 1}
2026-09-13 23:30:47,066 : INFO : EventManager : Event: ======'timer_glasses_state_timer_tick'====== Args={'ticks': 3, 'ticks_remaining': 7}
2026-09-13 23:30:47,242 : INFO : EventManager : Event: ======'player_obey_obey_stage2_timer_tick'====== Args={'value': 144, 'prev_value': 145, 'change': -1, 'player_num': 1}
2026-09-13 23:30:47,242 : INFO : EventManager : Event: ======'timer_obey_stage2_timer_tick'====== Args={'ticks': 144, 'ticks_remaining': 144}
2026-09-13 23:30:48,071 : INFO : EventManager : Event: ======'player_glasses_mode_glasses_state_timer_tick'====== Args={'value': 4, 'prev_value': 3, 'change': 1, 'player_num': 1}
2026-09-13 23:30:48,071 : INFO : EventManager : Event: ======'timer_glasses_state_timer_tick'====== Args={'ticks': 4, 'ticks_remaining': 6}
2026-09-13 23:30:48,250 : INFO : EventManager : Event: ======'player_obey_obey_stage2_timer_tick'====== Args={'value': 143, 'prev_value': 144, 'change': -1, 'player_num': 1}
2026-09-13 23:30:48,250 : INFO : EventManager : Event: ======'timer_obey_stage2_timer_tick'====== Args={'ticks': 143, 'ticks_remaining': 143}
2026-09-13 23:30:49,061 : INFO : EventManager : Event: ======'player_glasses_mode_glasses_state_timer_tick'====== Args={'value': 5, 'prev_value': 4, 'change': 1, 'player_num': 1}
2026-09-13 23:30:49,061 : INFO : EventManager : Event: ======'timer_glasses_state_timer_tick'====== Args={'ticks': 5, 'ticks_remaining': 5}
2026-09-13 23:30:49,109 : INFO : SwitchController : <<<<<<< 's_41_stand_up_target_6' active >>>>>>>
2026-09-13 23:30:49,109 : INFO : EventManager : Event: ======'s_41_stand_up_target_6_active'====== Args={}
2026-09-13 23:30:49,109 : INFO : EventManager : Event: ======'sw_playfield_active'====== Args={}
2026-09-13 23:30:49,109 : INFO : EventManager : Event: ======'sw_standups'====== Args={}
2026-09-13 23:30:49,109 : INFO : EventManager : Event: ======'machine_var_audits_switches_s_41_stand_up_target_6'====== Args={'value': 5075, 'prev_value': 5074, 'change': 1}
2026-09-13 23:30:49,110 : INFO : EventManager : Event: ======'stars_t41_off'====== Args={'priority': 0}
2026-09-13 23:30:49,110 : INFO : EventManager : Event: ======'brian_combo_step1'====== Args={'priority': 0}
2026-09-13 23:30:49,110 : INFO : EventManager : Event: ======'stars_count_updated'====== Args={'priority': 0}
2026-09-13 23:30:49,110 : INFO : EventManager : Event: ======'stars_monitor_t41_off'====== Args={'priority': 0}
2026-09-13 23:30:49,110 : INFO : EventManager : Event: ======'player_stars_t41'====== Args={'value': 0, 'prev_value': 1, 'change': -1, 'player_num': 1, 'source': 'stars_mode'}
2026-09-13 23:30:49,111 : INFO : EventManager : Event: ======'player_stars_targets_lit_count'====== Args={'value': 1, 'prev_value': 2, 'change': -1, 'player_num': 1, 'source': 'stars_mode'}
2026-09-13 23:30:49,122 : INFO : EventManager : Event: ======'player_score'====== Args={'value': 1513620, 'prev_value': 1513200, 'change': 420, 'player_num': 1, 'source': 'base'}
2026-09-13 23:30:49,238 : INFO : EventManager : Event: ======'player_obey_obey_stage2_timer_tick'====== Args={'value': 142, 'prev_value': 143, 'change': -1, 'player_num': 1}
2026-09-13 23:30:49,238 : INFO : EventManager : Event: ======'timer_obey_stage2_timer_tick'====== Args={'ticks': 142, 'ticks_remaining': 142}
2026-09-13 23:30:49,270 : INFO : SwitchController : <<<<<<< 's_41_stand_up_target_6' inactive >>>>>>>
2026-09-13 23:30:49,270 : INFO : SwitchController : <<<<<<< 's_41_stand_up_target_6' active >>>>>>>
2026-09-13 23:30:49,270 : INFO : EventManager : Event: ======'s_41_stand_up_target_6_active'====== Args={}
2026-09-13 23:30:49,270 : INFO : EventManager : Event: ======'sw_playfield_active'====== Args={}
2026-09-13 23:30:49,271 : INFO : EventManager : Event: ======'sw_standups'====== Args={}
2026-09-13 23:30:49,271 : INFO : EventManager : Event: ======'machine_var_audits_switches_s_41_stand_up_target_6'====== Args={'value': 5076, 'prev_value': 5075, 'change': 1}
2026-09-13 23:30:49,274 : INFO : EventManager : Event: ======'stars_t41_on'====== Args={'priority': 0}
2026-09-13 23:30:49,274 : INFO : EventManager : Event: ======'brian_combo_step1'====== Args={'priority': 0}
2026-09-13 23:30:49,274 : INFO : EventManager : Event: ======'stars_count_updated'====== Args={'priority': 0}
2026-09-13 23:30:49,274 : INFO : EventManager : Event: ======'stars_monitor_t41_on'====== Args={'priority': 0}
2026-09-13 23:30:49,274 : INFO : EventManager : Event: ======'player_stars_t41'====== Args={'value': 1, 'prev_value': 0, 'change': 1, 'player_num': 1, 'source': 'stars_mode'}
2026-09-13 23:30:49,274 : INFO : EventManager : Event: ======'player_stars_targets_lit_count'====== Args={'value': 2, 'prev_value': 1, 'change': 1, 'player_num': 1, 'source': 'stars_mode'}
2026-09-13 23:30:49,287 : INFO : EventManager : Event: ======'player_score'====== Args={'value': 1514040, 'prev_value': 1513620, 'change': 420, 'player_num': 1, 'source': 'base'}
2026-09-13 23:30:49,296 : INFO : SwitchController : <<<<<<< 's_41_stand_up_target_6' inactive >>>>>>>
2026-09-13 23:30:49,296 : INFO : SwitchController : <<<<<<< 's_41_stand_up_target_6' active >>>>>>>
2026-09-13 23:30:49,296 : INFO : EventManager : Event: ======'s_41_stand_up_target_6_active'====== Args={}
2026-09-13 23:30:49,296 : INFO : EventManager : Event: ======'sw_playfield_active'====== Args={}
2026-09-13 23:30:49,296 : INFO : EventManager : Event: ======'sw_standups'====== Args={}
2026-09-13 23:30:49,296 : INFO : EventManager : Event: ======'machine_var_audits_switches_s_41_stand_up_target_6'====== Args={'value': 5077, 'prev_value': 5076, 'change': 1}
2026-09-13 23:30:49,297 : INFO : SwitchController : <<<<<<< 's_41_stand_up_target_6' inactive >>>>>>>
2026-09-13 23:30:49,298 : INFO : EventManager : Event: ======'stars_t41_off'====== Args={'priority': 0}
2026-09-13 23:30:49,298 : INFO : EventManager : Event: ======'brian_combo_step1'====== Args={'priority': 0}
2026-09-13 23:30:49,298 : INFO : EventManager : Event: ======'stars_count_updated'====== Args={'priority': 0}
2026-09-13 23:30:49,298 : INFO : EventManager : Event: ======'stars_monitor_t41_off'====== Args={'priority': 0}
2026-09-13 23:30:49,298 : INFO : EventManager : Event: ======'player_stars_t41'====== Args={'value': 0, 'prev_value': 1, 'change': -1, 'player_num': 1, 'source': 'stars_mode'}
2026-09-13 23:30:49,298 : INFO : EventManager : Event: ======'player_stars_targets_lit_count'====== Args={'value': 1, 'prev_value': 2, 'change': -1, 'player_num': 1, 'source': 'stars_mode'}
2026-09-13 23:30:49,309 : INFO : EventManager : Event: ======'player_score'====== Args={'value': 1514460, 'prev_value': 1514040, 'change': 420, 'player_num': 1, 'source': 'base'}
2026-09-13 23:30:49,348 : INFO : SwitchController : <<<<<<< 's_41_stand_up_target_6' active >>>>>>>
2026-09-13 23:30:49,348 : INFO : EventManager : Event: ======'s_41_stand_up_target_6_active'====== Args={}
2026-09-13 23:30:49,349 : INFO : EventManager : Event: ======'sw_playfield_active'====== Args={}
2026-09-13 23:30:49,349 : INFO : EventManager : Event: ======'sw_standups'====== Args={}
2026-09-13 23:30:49,349 : INFO : EventManager : Event: ======'machine_var_audits_switches_s_41_stand_up_target_6'====== Args={'value': 5078, 'prev_value': 5077, 'change': 1}
2026-09-13 23:30:49,349 : INFO : SwitchController : <<<<<<< 's_41_stand_up_target_6' inactive >>>>>>>
2026-09-13 23:30:49,349 : INFO : EventManager : Event: ======'stars_t41_on'====== Args={'priority': 0}
2026-09-13 23:30:49,349 : INFO : EventManager : Event: ======'brian_combo_step1'====== Args={'priority': 0}
2026-09-13 23:30:49,349 : INFO : EventManager : Event: ======'stars_count_updated'====== Args={'priority': 0}
2026-09-13 23:30:49,350 : INFO : EventManager : Event: ======'stars_monitor_t41_on'====== Args={'priority': 0}
2026-09-13 23:30:49,350 : INFO : EventManager : Event: ======'player_stars_t41'====== Args={'value': 1, 'prev_value': 0, 'change': 1, 'player_num': 1, 'source': 'stars_mode'}
2026-09-13 23:30:49,350 : INFO : EventManager : Event: ======'player_stars_targets_lit_count'====== Args={'value': 2, 'prev_value': 1, 'change': 1, 'player_num': 1, 'source': 'stars_mode'}
2026-09-13 23:30:49,361 : INFO : EventManager : Event: ======'player_score'====== Args={'value': 1514880, 'prev_value': 1514460, 'change': 420, 'player_num': 1, 'source': 'base'}
2026-09-13 23:30:49,666 : INFO : SwitchController : <<<<<<< 's_41_stand_up_target_6' active >>>>>>>
2026-09-13 23:30:49,666 : INFO : EventManager : Event: ======'s_41_stand_up_target_6_active'====== Args={}
2026-09-13 23:30:49,666 : INFO : EventManager : Event: ======'sw_playfield_active'====== Args={}
2026-09-13 23:30:49,666 : INFO : EventManager : Event: ======'sw_standups'====== Args={}
2026-09-13 23:30:49,666 : INFO : EventManager : Event: ======'machine_var_audits_switches_s_41_stand_up_target_6'====== Args={'value': 5079, 'prev_value': 5078, 'change': 1}
2026-09-13 23:30:49,667 : INFO : EventManager : Event: ======'stars_t41_off'====== Args={'priority': 0}
2026-09-13 23:30:49,667 : INFO : EventManager : Event: ======'brian_combo_step1'====== Args={'priority': 0}
2026-09-13 23:30:49,667 : INFO : EventManager : Event: ======'stars_count_updated'====== Args={'priority': 0}
2026-09-13 23:30:49,667 : INFO : EventManager : Event: ======'stars_monitor_t41_off'====== Args={'priority': 0}
2026-09-13 23:30:49,667 : INFO : EventManager : Event: ======'player_stars_t41'====== Args={'value': 0, 'prev_value': 1, 'change': -1, 'player_num': 1, 'source': 'stars_mode'}
2026-09-13 23:30:49,667 : INFO : EventManager : Event: ======'player_stars_targets_lit_count'====== Args={'value': 1, 'prev_value': 2, 'change': -1, 'player_num': 1, 'source': 'stars_mode'}
2026-09-13 23:30:49,678 : INFO : EventManager : Event: ======'player_score'====== Args={'value': 1515300, 'prev_value': 1514880, 'change': 420, 'player_num': 1, 'source': 'base'}
2026-09-13 23:30:49,714 : INFO : SwitchController : <<<<<<< 's_41_stand_up_target_6' inactive >>>>>>>
2026-09-13 23:30:49,714 : INFO : SwitchController : <<<<<<< 's_41_stand_up_target_6' active >>>>>>>
2026-09-13 23:30:49,715 : INFO : EventManager : Event: ======'s_41_stand_up_target_6_active'====== Args={}
2026-09-13 23:30:49,715 : INFO : EventManager : Event: ======'sw_playfield_active'====== Args={}
2026-09-13 23:30:49,715 : INFO : EventManager : Event: ======'sw_standups'====== Args={}
2026-09-13 23:30:49,715 : INFO : EventManager : Event: ======'machine_var_audits_switches_s_41_stand_up_target_6'====== Args={'value': 5080, 'prev_value': 5079, 'change': 1}
2026-09-13 23:30:49,715 : INFO : SwitchController : <<<<<<< 's_41_stand_up_target_6' inactive >>>>>>>
2026-09-13 23:30:49,715 : INFO : EventManager : Event: ======'stars_t41_on'====== Args={'priority': 0}
2026-09-13 23:30:49,716 : INFO : EventManager : Event: ======'brian_combo_step1'====== Args={'priority': 0}
2026-09-13 23:30:49,716 : INFO : EventManager : Event: ======'stars_count_updated'====== Args={'priority': 0}
2026-09-13 23:30:49,716 : INFO : EventManager : Event: ======'stars_monitor_t41_on'====== Args={'priority': 0}
2026-09-13 23:30:49,716 : INFO : EventManager : Event: ======'player_stars_t41'====== Args={'value': 1, 'prev_value': 0, 'change': 1, 'player_num': 1, 'source': 'stars_mode'}
2026-09-13 23:30:49,716 : INFO : EventManager : Event: ======'player_stars_targets_lit_count'====== Args={'value': 2, 'prev_value': 1, 'change': 1, 'player_num': 1, 'source': 'stars_mode'}
2026-09-13 23:30:49,727 : INFO : EventManager : Event: ======'player_score'====== Args={'value': 1515720, 'prev_value': 1515300, 'change': 420, 'player_num': 1, 'source': 'base'}
2026-09-13 23:30:50,048 : INFO : SwitchController : <<<<<<< 's_41_stand_up_target_6' active >>>>>>>
2026-09-13 23:30:50,048 : INFO : EventManager : Event: ======'s_41_stand_up_target_6_active'====== Args={}
2026-09-13 23:30:50,048 : INFO : EventManager : Event: ======'sw_playfield_active'====== Args={}
2026-09-13 23:30:50,048 : INFO : EventManager : Event: ======'sw_standups'====== Args={}
2026-09-13 23:30:50,048 : INFO : EventManager : Event: ======'machine_var_audits_switches_s_41_stand_up_target_6'====== Args={'value': 5081, 'prev_value': 5080, 'change': 1}
2026-09-13 23:30:50,049 : INFO : EventManager : Event: ======'stars_t41_off'====== Args={'priority': 0}
2026-09-13 23:30:50,049 : INFO : EventManager : Event: ======'brian_combo_step1'====== Args={'priority': 0}
2026-09-13 23:30:50,049 : INFO : EventManager : Event: ======'stars_count_updated'====== Args={'priority': 0}
2026-09-13 23:30:50,049 : INFO : EventManager : Event: ======'stars_monitor_t41_off'====== Args={'priority': 0}
2026-09-13 23:30:50,049 : INFO : EventManager : Event: ======'player_stars_t41'====== Args={'value': 0, 'prev_value': 1, 'change': -1, 'player_num': 1, 'source': 'stars_mode'}
2026-09-13 23:30:50,049 : INFO : EventManager : Event: ======'player_stars_targets_lit_count'====== Args={'value': 1, 'prev_value': 2, 'change': -1, 'player_num': 1, 'source': 'stars_mode'}
2026-09-13 23:30:50,060 : INFO : EventManager : Event: ======'player_score'====== Args={'value': 1516140, 'prev_value': 1515720, 'change': 420, 'player_num': 1, 'source': 'base'}
2026-09-13 23:30:50,072 : INFO : EventManager : Event: ======'player_glasses_mode_glasses_state_timer_tick'====== Args={'value': 6, 'prev_value': 5, 'change': 1, 'player_num': 1}
2026-09-13 23:30:50,072 : INFO : EventManager : Event: ======'timer_glasses_state_timer_tick'====== Args={'ticks': 6, 'ticks_remaining': 4}
2026-09-13 23:30:50,112 : INFO : SwitchController : <<<<<<< 's_41_stand_up_target_6' inactive >>>>>>>
2026-09-13 23:30:50,149 : INFO : SwitchController : <<<<<<< 's_41_stand_up_target_6' active >>>>>>>
2026-09-13 23:30:50,149 : INFO : EventManager : Event: ======'s_41_stand_up_target_6_active'====== Args={}
2026-09-13 23:30:50,149 : INFO : EventManager : Event: ======'sw_playfield_active'====== Args={}
2026-09-13 23:30:50,149 : INFO : EventManager : Event: ======'sw_standups'====== Args={}
2026-09-13 23:30:50,149 : INFO : EventManager : Event: ======'machine_var_audits_switches_s_41_stand_up_target_6'====== Args={'value': 5082, 'prev_value': 5081, 'change': 1}
2026-09-13 23:30:50,149 : INFO : SwitchController : <<<<<<< 's_41_stand_up_target_6' inactive >>>>>>>
2026-09-13 23:30:50,150 : INFO : SwitchController : <<<<<<< 's_41_stand_up_target_6' active >>>>>>>
2026-09-13 23:30:50,150 : INFO : EventManager : Event: ======'s_41_stand_up_target_6_active'====== Args={}
2026-09-13 23:30:50,150 : INFO : EventManager : Event: ======'sw_playfield_active'====== Args={}
2026-09-13 23:30:50,150 : INFO : EventManager : Event: ======'sw_standups'====== Args={}
2026-09-13 23:30:50,150 : INFO : EventManager : Event: ======'machine_var_audits_switches_s_41_stand_up_target_6'====== Args={'value': 5083, 'prev_value': 5082, 'change': 1}
2026-09-13 23:30:50,151 : INFO : EventManager : Event: ======'stars_t41_on'====== Args={'priority': 0}
2026-09-13 23:30:50,151 : INFO : EventManager : Event: ======'brian_combo_step1'====== Args={'priority': 0}
2026-09-13 23:30:50,151 : INFO : EventManager : Event: ======'stars_count_updated'====== Args={'priority': 0}
2026-09-13 23:30:50,151 : INFO : EventManager : Event: ======'stars_monitor_t41_on'====== Args={'priority': 0}
2026-09-13 23:30:50,151 : INFO : EventManager : Event: ======'player_stars_t41'====== Args={'value': 1, 'prev_value': 0, 'change': 1, 'player_num': 1, 'source': 'stars_mode'}
2026-09-13 23:30:50,152 : INFO : EventManager : Event: ======'player_stars_targets_lit_count'====== Args={'value': 2, 'prev_value': 1, 'change': 1, 'player_num': 1, 'source': 'stars_mode'}
2026-09-13 23:30:50,163 : INFO : EventManager : Event: ======'player_score'====== Args={'value': 1516560, 'prev_value': 1516140, 'change': 420, 'player_num': 1, 'source': 'base'}
2026-09-13 23:30:50,169 : INFO : EventManager : Event: ======'stars_t41_off'====== Args={'priority': 0}
2026-09-13 23:30:50,170 : INFO : EventManager : Event: ======'brian_combo_step1'====== Args={'priority': 0}
2026-09-13 23:30:50,170 : INFO : EventManager : Event: ======'stars_count_updated'====== Args={'priority': 0}
2026-09-13 23:30:50,170 : INFO : EventManager : Event: ======'stars_monitor_t41_off'====== Args={'priority': 0}
2026-09-13 23:30:50,170 : INFO : EventManager : Event: ======'player_stars_t41'====== Args={'value': 0, 'prev_value': 1, 'change': -1, 'player_num': 1, 'source': 'stars_mode'}
2026-09-13 23:30:50,170 : INFO : EventManager : Event: ======'player_stars_targets_lit_count'====== Args={'value': 1, 'prev_value': 2, 'change': -1, 'player_num': 1, 'source': 'stars_mode'}
2026-09-13 23:30:50,182 : INFO : EventManager : Event: ======'player_score'====== Args={'value': 1516980, 'prev_value': 1516560, 'change': 420, 'player_num': 1, 'source': 'base'}
2026-09-13 23:30:50,188 : INFO : SwitchController : <<<<<<< 's_41_stand_up_target_6' inactive >>>>>>>
2026-09-13 23:30:50,192 : INFO : SwitchController : <<<<<<< 's_41_stand_up_target_6' active >>>>>>>
2026-09-13 23:30:50,192 : INFO : EventManager : Event: ======'s_41_stand_up_target_6_active'====== Args={}
2026-09-13 23:30:50,192 : INFO : EventManager : Event: ======'sw_playfield_active'====== Args={}
2026-09-13 23:30:50,192 : INFO : EventManager : Event: ======'sw_standups'====== Args={}
2026-09-13 23:30:50,192 : INFO : EventManager : Event: ======'machine_var_audits_switches_s_41_stand_up_target_6'====== Args={'value': 5084, 'prev_value': 5083, 'change': 1}
2026-09-13 23:30:50,193 : INFO : EventManager : Event: ======'stars_t41_on'====== Args={'priority': 0}
2026-09-13 23:30:50,193 : INFO : EventManager : Event: ======'brian_combo_step1'====== Args={'priority': 0}
2026-09-13 23:30:50,193 : INFO : EventManager : Event: ======'stars_count_updated'====== Args={'priority': 0}
2026-09-13 23:30:50,193 : INFO : EventManager : Event: ======'stars_monitor_t41_on'====== Args={'priority': 0}
2026-09-13 23:30:50,193 : INFO : EventManager : Event: ======'player_stars_t41'====== Args={'value': 1, 'prev_value': 0, 'change': 1, 'player_num': 1, 'source': 'stars_mode'}
2026-09-13 23:30:50,193 : INFO : EventManager : Event: ======'player_stars_targets_lit_count'====== Args={'value': 2, 'prev_value': 1, 'change': 1, 'player_num': 1, 'source': 'stars_mode'}
2026-09-13 23:30:50,205 : INFO : EventManager : Event: ======'player_score'====== Args={'value': 1517400, 'prev_value': 1516980, 'change': 420, 'player_num': 1, 'source': 'base'}
2026-09-13 23:30:50,215 : INFO : SwitchController : <<<<<<< 's_41_stand_up_target_6' inactive >>>>>>>
2026-09-13 23:30:50,216 : INFO : SwitchController : <<<<<<< 's_41_stand_up_target_6' active >>>>>>>
2026-09-13 23:30:50,216 : INFO : EventManager : Event: ======'s_41_stand_up_target_6_active'====== Args={}
2026-09-13 23:30:50,216 : INFO : EventManager : Event: ======'sw_playfield_active'====== Args={}
2026-09-13 23:30:50,216 : INFO : EventManager : Event: ======'sw_standups'====== Args={}
2026-09-13 23:30:50,216 : INFO : EventManager : Event: ======'machine_var_audits_switches_s_41_stand_up_target_6'====== Args={'value': 5085, 'prev_value': 5084, 'change': 1}
2026-09-13 23:30:50,216 : INFO : SwitchController : <<<<<<< 's_41_stand_up_target_6' inactive >>>>>>>
2026-09-13 23:30:50,217 : INFO : EventManager : Event: ======'stars_t41_off'====== Args={'priority': 0}
2026-09-13 23:30:50,217 : INFO : EventManager : Event: ======'brian_combo_step1'====== Args={'priority': 0}
2026-09-13 23:30:50,217 : INFO : EventManager : Event: ======'stars_count_updated'====== Args={'priority': 0}
2026-09-13 23:30:50,217 : INFO : EventManager : Event: ======'stars_monitor_t41_off'====== Args={'priority': 0}
2026-09-13 23:30:50,217 : INFO : EventManager : Event: ======'player_stars_t41'====== Args={'value': 0, 'prev_value': 1, 'change': -1, 'player_num': 1, 'source': 'stars_mode'}
2026-09-13 23:30:50,217 : INFO : EventManager : Event: ======'player_stars_targets_lit_count'====== Args={'value': 1, 'prev_value': 2, 'change': -1, 'player_num': 1, 'source': 'stars_mode'}
2026-09-13 23:30:50,229 : INFO : EventManager : Event: ======'player_score'====== Args={'value': 1517820, 'prev_value': 1517400, 'change': 420, 'player_num': 1, 'source': 'base'}
2026-09-13 23:30:50,244 : INFO : EventManager : Event: ======'player_obey_obey_stage2_timer_tick'====== Args={'value': 141, 'prev_value': 142, 'change': -1, 'player_num': 1}
2026-09-13 23:30:50,244 : INFO : EventManager : Event: ======'timer_obey_stage2_timer_tick'====== Args={'ticks': 141, 'ticks_remaining': 141}
2026-09-13 23:30:50,637 : INFO : SwitchController : <<<<<<< 's_41_stand_up_target_6' active >>>>>>>
2026-09-13 23:30:50,637 : INFO : EventManager : Event: ======'s_41_stand_up_target_6_active'====== Args={}
2026-09-13 23:30:50,637 : INFO : EventManager : Event: ======'sw_playfield_active'====== Args={}
2026-09-13 23:30:50,637 : INFO : EventManager : Event: ======'sw_standups'====== Args={}
2026-09-13 23:30:50,637 : INFO : EventManager : Event: ======'machine_var_audits_switches_s_41_stand_up_target_6'====== Args={'value': 5086, 'prev_value': 5085, 'change': 1}
2026-09-13 23:30:50,638 : INFO : EventManager : Event: ======'stars_t41_on'====== Args={'priority': 0}
2026-09-13 23:30:50,638 : INFO : EventManager : Event: ======'brian_combo_step1'====== Args={'priority': 0}
2026-09-13 23:30:50,638 : INFO : EventManager : Event: ======'stars_count_updated'====== Args={'priority': 0}
2026-09-13 23:30:50,638 : INFO : EventManager : Event: ======'stars_monitor_t41_on'====== Args={'priority': 0}
2026-09-13 23:30:50,638 : INFO : EventManager : Event: ======'player_stars_t41'====== Args={'value': 1, 'prev_value': 0, 'change': 1, 'player_num': 1, 'source': 'stars_mode'}
2026-09-13 23:30:50,638 : INFO : EventManager : Event: ======'player_stars_targets_lit_count'====== Args={'value': 2, 'prev_value': 1, 'change': 1, 'player_num': 1, 'source': 'stars_mode'}
2026-09-13 23:30:50,650 : INFO : EventManager : Event: ======'player_score'====== Args={'value': 1518240, 'prev_value': 1517820, 'change': 420, 'player_num': 1, 'source': 'base'}
2026-09-13 23:30:50,701 : INFO : SwitchController : <<<<<<< 's_41_stand_up_target_6' inactive >>>>>>>
2026-09-13 23:30:50,701 : INFO : SwitchController : <<<<<<< 's_41_stand_up_target_6' active >>>>>>>
2026-09-13 23:30:50,701 : INFO : EventManager : Event: ======'s_41_stand_up_target_6_active'====== Args={}
2026-09-13 23:30:50,701 : INFO : EventManager : Event: ======'sw_playfield_active'====== Args={}
2026-09-13 23:30:50,701 : INFO : EventManager : Event: ======'sw_standups'====== Args={}
2026-09-13 23:30:50,702 : INFO : EventManager : Event: ======'machine_var_audits_switches_s_41_stand_up_target_6'====== Args={'value': 5087, 'prev_value': 5086, 'change': 1}
2026-09-13 23:30:50,702 : INFO : EventManager : Event: ======'stars_t41_off'====== Args={'priority': 0}
2026-09-13 23:30:50,702 : INFO : EventManager : Event: ======'brian_combo_step1'====== Args={'priority': 0}
2026-09-13 23:30:50,702 : INFO : EventManager : Event: ======'stars_count_updated'====== Args={'priority': 0}
2026-09-13 23:30:50,702 : INFO : EventManager : Event: ======'stars_monitor_t41_off'====== Args={'priority': 0}
2026-09-13 23:30:50,703 : INFO : EventManager : Event: ======'player_stars_t41'====== Args={'value': 0, 'prev_value': 1, 'change': -1, 'player_num': 1, 'source': 'stars_mode'}
2026-09-13 23:30:50,703 : INFO : EventManager : Event: ======'player_stars_targets_lit_count'====== Args={'value': 1, 'prev_value': 2, 'change': -1, 'player_num': 1, 'source': 'stars_mode'}
2026-09-13 23:30:50,714 : INFO : EventManager : Event: ======'player_score'====== Args={'value': 1518660, 'prev_value': 1518240, 'change': 420, 'player_num': 1, 'source': 'base'}
2026-09-13 23:30:50,720 : INFO : SwitchController : <<<<<<< 's_41_stand_up_target_6' inactive >>>>>>>
2026-09-13 23:30:50,724 : INFO : SwitchController : <<<<<<< 's_41_stand_up_target_6' active >>>>>>>
2026-09-13 23:30:50,725 : INFO : EventManager : Event: ======'s_41_stand_up_target_6_active'====== Args={}
2026-09-13 23:30:50,725 : INFO : EventManager : Event: ======'sw_playfield_active'====== Args={}
2026-09-13 23:30:50,725 : INFO : EventManager : Event: ======'sw_standups'====== Args={}
2026-09-13 23:30:50,725 : INFO : EventManager : Event: ======'machine_var_audits_switches_s_41_stand_up_target_6'====== Args={'value': 5088, 'prev_value': 5087, 'change': 1}
2026-09-13 23:30:50,725 : INFO : EventManager : Event: ======'stars_t41_on'====== Args={'priority': 0}
2026-09-13 23:30:50,725 : INFO : EventManager : Event: ======'brian_combo_step1'====== Args={'priority': 0}
2026-09-13 23:30:50,725 : INFO : EventManager : Event: ======'stars_count_updated'====== Args={'priority': 0}
2026-09-13 23:30:50,726 : INFO : EventManager : Event: ======'stars_monitor_t41_on'====== Args={'priority': 0}
2026-09-13 23:30:50,726 : INFO : EventManager : Event: ======'player_stars_t41'====== Args={'value': 1, 'prev_value': 0, 'change': 1, 'player_num': 1, 'source': 'stars_mode'}
2026-09-13 23:30:50,726 : INFO : EventManager : Event: ======'player_stars_targets_lit_count'====== Args={'value': 2, 'prev_value': 1, 'change': 1, 'player_num': 1, 'source': 'stars_mode'}
2026-09-13 23:30:50,738 : INFO : EventManager : Event: ======'player_score'====== Args={'value': 1519080, 'prev_value': 1518660, 'change': 420, 'player_num': 1, 'source': 'base'}
2026-09-13 23:30:50,744 : INFO : SwitchController : <<<<<<< 's_41_stand_up_target_6' inactive >>>>>>>
2026-09-13 23:30:50,747 : INFO : SwitchController : <<<<<<< 's_41_stand_up_target_6' active >>>>>>>
2026-09-13 23:30:50,748 : INFO : EventManager : Event: ======'s_41_stand_up_target_6_active'====== Args={}
2026-09-13 23:30:50,748 : INFO : EventManager : Event: ======'sw_playfield_active'====== Args={}
2026-09-13 23:30:50,748 : INFO : EventManager : Event: ======'sw_standups'====== Args={}
2026-09-13 23:30:50,748 : INFO : EventManager : Event: ======'machine_var_audits_switches_s_41_stand_up_target_6'====== Args={'value': 5089, 'prev_value': 5088, 'change': 1}
2026-09-13 23:30:50,748 : INFO : SwitchController : <<<<<<< 's_41_stand_up_target_6' inactive >>>>>>>
2026-09-13 23:30:50,749 : INFO : EventManager : Event: ======'stars_t41_off'====== Args={'priority': 0}
2026-09-13 23:30:50,749 : INFO : EventManager : Event: ======'brian_combo_step1'====== Args={'priority': 0}
2026-09-13 23:30:50,749 : INFO : EventManager : Event: ======'stars_count_updated'====== Args={'priority': 0}
2026-09-13 23:30:50,749 : INFO : EventManager : Event: ======'stars_monitor_t41_off'====== Args={'priority': 0}
2026-09-13 23:30:50,749 : INFO : EventManager : Event: ======'player_stars_t41'====== Args={'value': 0, 'prev_value': 1, 'change': -1, 'player_num': 1, 'source': 'stars_mode'}
2026-09-13 23:30:50,749 : INFO : EventManager : Event: ======'player_stars_targets_lit_count'====== Args={'value': 1, 'prev_value': 2, 'change': -1, 'player_num': 1, 'source': 'stars_mode'}
2026-09-13 23:30:50,760 : INFO : EventManager : Event: ======'player_score'====== Args={'value': 1519500, 'prev_value': 1519080, 'change': 420, 'player_num': 1, 'source': 'base'}
2026-09-13 23:30:50,771 : INFO : SwitchController : <<<<<<< 's_41_stand_up_target_6' active >>>>>>>
2026-09-13 23:30:50,771 : INFO : EventManager : Event: ======'s_41_stand_up_target_6_active'====== Args={}
2026-09-13 23:30:50,771 : INFO : EventManager : Event: ======'sw_playfield_active'====== Args={}
2026-09-13 23:30:50,771 : INFO : EventManager : Event: ======'sw_standups'====== Args={}
2026-09-13 23:30:50,772 : INFO : EventManager : Event: ======'machine_var_audits_switches_s_41_stand_up_target_6'====== Args={'value': 5090, 'prev_value': 5089, 'change': 1}
2026-09-13 23:30:50,772 : INFO : SwitchController : <<<<<<< 's_41_stand_up_target_6' inactive >>>>>>>
2026-09-13 23:30:50,774 : INFO : EventManager : Event: ======'stars_t41_on'====== Args={'priority': 0}
2026-09-13 23:30:50,774 : INFO : EventManager : Event: ======'brian_combo_step1'====== Args={'priority': 0}
2026-09-13 23:30:50,774 : INFO : EventManager : Event: ======'stars_count_updated'====== Args={'priority': 0}
2026-09-13 23:30:50,774 : INFO : EventManager : Event: ======'stars_monitor_t41_on'====== Args={'priority': 0}
2026-09-13 23:30:50,774 : INFO : EventManager : Event: ======'player_stars_t41'====== Args={'value': 1, 'prev_value': 0, 'change': 1, 'player_num': 1, 'source': 'stars_mode'}
2026-09-13 23:30:50,774 : INFO : EventManager : Event: ======'player_stars_targets_lit_count'====== Args={'value': 2, 'prev_value': 1, 'change': 1, 'player_num': 1, 'source': 'stars_mode'}
2026-09-13 23:30:50,786 : INFO : EventManager : Event: ======'player_score'====== Args={'value': 1519920, 'prev_value': 1519500, 'change': 420, 'player_num': 1, 'source': 'base'}
2026-09-13 23:30:50,792 : INFO : SwitchController : <<<<<<< 's_41_stand_up_target_6' active >>>>>>>
2026-09-13 23:30:50,792 : INFO : EventManager : Event: ======'s_41_stand_up_target_6_active'====== Args={}
2026-09-13 23:30:50,792 : INFO : EventManager : Event: ======'sw_playfield_active'====== Args={}
2026-09-13 23:30:50,792 : INFO : EventManager : Event: ======'sw_standups'====== Args={}
2026-09-13 23:30:50,792 : INFO : EventManager : Event: ======'machine_var_audits_switches_s_41_stand_up_target_6'====== Args={'value': 5091, 'prev_value': 5090, 'change': 1}
2026-09-13 23:30:50,792 : INFO : SwitchController : <<<<<<< 's_41_stand_up_target_6' inactive >>>>>>>
2026-09-13 23:30:50,795 : INFO : EventManager : Event: ======'stars_t41_off'====== Args={'priority': 0}
2026-09-13 23:30:50,795 : INFO : EventManager : Event: ======'brian_combo_step1'====== Args={'priority': 0}
2026-09-13 23:30:50,796 : INFO : EventManager : Event: ======'stars_count_updated'====== Args={'priority': 0}
2026-09-13 23:30:50,796 : INFO : EventManager : Event: ======'stars_monitor_t41_off'====== Args={'priority': 0}
2026-09-13 23:30:50,796 : INFO : EventManager : Event: ======'player_stars_t41'====== Args={'value': 0, 'prev_value': 1, 'change': -1, 'player_num': 1, 'source': 'stars_mode'}
2026-09-13 23:30:50,796 : INFO : EventManager : Event: ======'player_stars_targets_lit_count'====== Args={'value': 1, 'prev_value': 2, 'change': -1, 'player_num': 1, 'source': 'stars_mode'}
2026-09-13 23:30:50,808 : INFO : EventManager : Event: ======'player_score'====== Args={'value': 1520340, 'prev_value': 1519920, 'change': 420, 'player_num': 1, 'source': 'base'}
2026-09-13 23:30:50,952 : INFO : SwitchController : <<<<<<< 's_41_stand_up_target_6' active >>>>>>>
2026-09-13 23:30:50,952 : INFO : EventManager : Event: ======'s_41_stand_up_target_6_active'====== Args={}
2026-09-13 23:30:50,952 : INFO : EventManager : Event: ======'sw_playfield_active'====== Args={}
2026-09-13 23:30:50,952 : INFO : EventManager : Event: ======'sw_standups'====== Args={}
2026-09-13 23:30:50,952 : INFO : EventManager : Event: ======'machine_var_audits_switches_s_41_stand_up_target_6'====== Args={'value': 5092, 'prev_value': 5091, 'change': 1}
2026-09-13 23:30:50,953 : INFO : EventManager : Event: ======'stars_t41_on'====== Args={'priority': 0}
2026-09-13 23:30:50,953 : INFO : EventManager : Event: ======'brian_combo_step1'====== Args={'priority': 0}
2026-09-13 23:30:50,953 : INFO : EventManager : Event: ======'stars_count_updated'====== Args={'priority': 0}
2026-09-13 23:30:50,953 : INFO : EventManager : Event: ======'stars_monitor_t41_on'====== Args={'priority': 0}
2026-09-13 23:30:50,953 : INFO : EventManager : Event: ======'player_stars_t41'====== Args={'value': 1, 'prev_value': 0, 'change': 1, 'player_num': 1, 'source': 'stars_mode'}
2026-09-13 23:30:50,953 : INFO : EventManager : Event: ======'player_stars_targets_lit_count'====== Args={'value': 2, 'prev_value': 1, 'change': 1, 'player_num': 1, 'source': 'stars_mode'}
2026-09-13 23:30:50,965 : INFO : EventManager : Event: ======'player_score'====== Args={'value': 1520760, 'prev_value': 1520340, 'change': 420, 'player_num': 1, 'source': 'base'}
2026-09-13 23:30:50,975 : INFO : SwitchController : <<<<<<< 's_41_stand_up_target_6' inactive >>>>>>>
2026-09-13 23:30:50,979 : INFO : SwitchController : <<<<<<< 's_41_stand_up_target_6' active >>>>>>>
2026-09-13 23:30:50,979 : INFO : EventManager : Event: ======'s_41_stand_up_target_6_active'====== Args={}
2026-09-13 23:30:50,979 : INFO : EventManager : Event: ======'sw_playfield_active'====== Args={}
2026-09-13 23:30:50,980 : INFO : EventManager : Event: ======'sw_standups'====== Args={}
2026-09-13 23:30:50,980 : INFO : EventManager : Event: ======'machine_var_audits_switches_s_41_stand_up_target_6'====== Args={'value': 5093, 'prev_value': 5092, 'change': 1}
2026-09-13 23:30:50,980 : INFO : EventManager : Event: ======'stars_t41_off'====== Args={'priority': 0}
2026-09-13 23:30:50,981 : INFO : EventManager : Event: ======'brian_combo_step1'====== Args={'priority': 0}
2026-09-13 23:30:50,981 : INFO : EventManager : Event: ======'stars_count_updated'====== Args={'priority': 0}
2026-09-13 23:30:50,981 : INFO : EventManager : Event: ======'stars_monitor_t41_off'====== Args={'priority': 0}
2026-09-13 23:30:50,981 : INFO : EventManager : Event: ======'player_stars_t41'====== Args={'value': 0, 'prev_value': 1, 'change': -1, 'player_num': 1, 'source': 'stars_mode'}
2026-09-13 23:30:50,981 : INFO : EventManager : Event: ======'player_stars_targets_lit_count'====== Args={'value': 1, 'prev_value': 2, 'change': -1, 'player_num': 1, 'source': 'stars_mode'}
2026-09-13 23:30:50,993 : INFO : EventManager : Event: ======'player_score'====== Args={'value': 1521180, 'prev_value': 1520760, 'change': 420, 'player_num': 1, 'source': 'base'}
2026-09-13 23:30:51,004 : INFO : SwitchController : <<<<<<< 's_41_stand_up_target_6' inactive >>>>>>>
2026-09-13 23:30:51,064 : INFO : EventManager : Event: ======'player_glasses_mode_glasses_state_timer_tick'====== Args={'value': 7, 'prev_value': 6, 'change': 1, 'player_num': 1}
2026-09-13 23:30:51,064 : INFO : EventManager : Event: ======'timer_glasses_state_timer_tick'====== Args={'ticks': 7, 'ticks_remaining': 3}
2026-09-13 23:30:51,239 : INFO : EventManager : Event: ======'player_obey_obey_stage2_timer_tick'====== Args={'value': 140, 'prev_value': 141, 'change': -1, 'player_num': 1}
2026-09-13 23:30:51,239 : INFO : EventManager : Event: ======'timer_obey_stage2_timer_tick'====== Args={'ticks': 140, 'ticks_remaining': 140}
2026-09-13 23:30:51,461 : INFO : SwitchController : <<<<<<< 's_41_stand_up_target_6' active >>>>>>>
2026-09-13 23:30:51,461 : INFO : EventManager : Event: ======'s_41_stand_up_target_6_active'====== Args={}
2026-09-13 23:30:51,461 : INFO : EventManager : Event: ======'sw_playfield_active'====== Args={}
2026-09-13 23:30:51,461 : INFO : EventManager : Event: ======'sw_standups'====== Args={}
2026-09-13 23:30:51,461 : INFO : EventManager : Event: ======'machine_var_audits_switches_s_41_stand_up_target_6'====== Args={'value': 5094, 'prev_value': 5093, 'change': 1}
2026-09-13 23:30:51,462 : INFO : EventManager : Event: ======'stars_t41_on'====== Args={'priority': 0}
2026-09-13 23:30:51,462 : INFO : EventManager : Event: ======'brian_combo_step1'====== Args={'priority': 0}
2026-09-13 23:30:51,462 : INFO : EventManager : Event: ======'stars_count_updated'====== Args={'priority': 0}
2026-09-13 23:30:51,462 : INFO : EventManager : Event: ======'stars_monitor_t41_on'====== Args={'priority': 0}
2026-09-13 23:30:51,462 : INFO : EventManager : Event: ======'player_stars_t41'====== Args={'value': 1, 'prev_value': 0, 'change': 1, 'player_num': 1, 'source': 'stars_mode'}
2026-09-13 23:30:51,462 : INFO : EventManager : Event: ======'player_stars_targets_lit_count'====== Args={'value': 2, 'prev_value': 1, 'change': 1, 'player_num': 1, 'source': 'stars_mode'}
2026-09-13 23:30:51,474 : INFO : EventManager : Event: ======'player_score'====== Args={'value': 1521600, 'prev_value': 1521180, 'change': 420, 'player_num': 1, 'source': 'base'}
2026-09-13 23:30:51,573 : INFO : SwitchController : <<<<<<< 's_41_stand_up_target_6' inactive >>>>>>>
2026-09-13 23:30:51,605 : INFO : SwitchController : <<<<<<< 's_41_stand_up_target_6' active >>>>>>>
2026-09-13 23:30:51,605 : INFO : EventManager : Event: ======'s_41_stand_up_target_6_active'====== Args={}
2026-09-13 23:30:51,605 : INFO : EventManager : Event: ======'sw_playfield_active'====== Args={}
2026-09-13 23:30:51,605 : INFO : EventManager : Event: ======'sw_standups'====== Args={}
2026-09-13 23:30:51,605 : INFO : EventManager : Event: ======'machine_var_audits_switches_s_41_stand_up_target_6'====== Args={'value': 5095, 'prev_value': 5094, 'change': 1}
2026-09-13 23:30:51,606 : INFO : SwitchController : <<<<<<< 's_41_stand_up_target_6' inactive >>>>>>>
2026-09-13 23:30:51,606 : INFO : SwitchController : <<<<<<< 's_41_stand_up_target_6' active >>>>>>>
2026-09-13 23:30:51,606 : INFO : EventManager : Event: ======'s_41_stand_up_target_6_active'====== Args={}
2026-09-13 23:30:51,606 : INFO : EventManager : Event: ======'sw_playfield_active'====== Args={}
2026-09-13 23:30:51,606 : INFO : EventManager : Event: ======'sw_standups'====== Args={}
2026-09-13 23:30:51,606 : INFO : EventManager : Event: ======'machine_var_audits_switches_s_41_stand_up_target_6'====== Args={'value': 5096, 'prev_value': 5095, 'change': 1}
2026-09-13 23:30:51,606 : INFO : EventManager : Event: ======'stars_t41_off'====== Args={'priority': 0}
2026-09-13 23:30:51,607 : INFO : EventManager : Event: ======'brian_combo_step1'====== Args={'priority': 0}
2026-09-13 23:30:51,607 : INFO : EventManager : Event: ======'stars_count_updated'====== Args={'priority': 0}
2026-09-13 23:30:51,607 : INFO : EventManager : Event: ======'stars_monitor_t41_off'====== Args={'priority': 0}
2026-09-13 23:30:51,607 : INFO : EventManager : Event: ======'player_stars_t41'====== Args={'value': 0, 'prev_value': 1, 'change': -1, 'player_num': 1, 'source': 'stars_mode'}
2026-09-13 23:30:51,607 : INFO : EventManager : Event: ======'player_stars_targets_lit_count'====== Args={'value': 1, 'prev_value': 2, 'change': -1, 'player_num': 1, 'source': 'stars_mode'}
2026-09-13 23:30:51,619 : INFO : EventManager : Event: ======'player_score'====== Args={'value': 1522020, 'prev_value': 1521600, 'change': 420, 'player_num': 1, 'source': 'base'}
2026-09-13 23:30:51,624 : INFO : EventManager : Event: ======'stars_t41_on'====== Args={'priority': 0}
2026-09-13 23:30:51,625 : INFO : EventManager : Event: ======'brian_combo_step1'====== Args={'priority': 0}
2026-09-13 23:30:51,625 : INFO : EventManager : Event: ======'stars_count_updated'====== Args={'priority': 0}
2026-09-13 23:30:51,625 : INFO : EventManager : Event: ======'stars_monitor_t41_on'====== Args={'priority': 0}
2026-09-13 23:30:51,625 : INFO : EventManager : Event: ======'player_stars_t41'====== Args={'value': 1, 'prev_value': 0, 'change': 1, 'player_num': 1, 'source': 'stars_mode'}
2026-09-13 23:30:51,625 : INFO : EventManager : Event: ======'player_stars_targets_lit_count'====== Args={'value': 2, 'prev_value': 1, 'change': 1, 'player_num': 1, 'source': 'stars_mode'}
2026-09-13 23:30:51,637 : INFO : EventManager : Event: ======'player_score'====== Args={'value': 1522440, 'prev_value': 1522020, 'change': 420, 'player_num': 1, 'source': 'base'}
2026-09-13 23:30:51,642 : INFO : SwitchController : <<<<<<< 's_41_stand_up_target_6' inactive >>>>>>>
2026-09-13 23:30:51,652 : INFO : SwitchController : <<<<<<< 's_41_stand_up_target_6' active >>>>>>>
2026-09-13 23:30:51,652 : INFO : EventManager : Event: ======'s_41_stand_up_target_6_active'====== Args={}
2026-09-13 23:30:51,652 : INFO : EventManager : Event: ======'sw_playfield_active'====== Args={}
2026-09-13 23:30:51,652 : INFO : EventManager : Event: ======'sw_standups'====== Args={}
2026-09-13 23:30:51,652 : INFO : EventManager : Event: ======'machine_var_audits_switches_s_41_stand_up_target_6'====== Args={'value': 5097, 'prev_value': 5096, 'change': 1}
2026-09-13 23:30:51,653 : INFO : EventManager : Event: ======'stars_t41_off'====== Args={'priority': 0}
2026-09-13 23:30:51,653 : INFO : EventManager : Event: ======'brian_combo_step1'====== Args={'priority': 0}
2026-09-13 23:30:51,653 : INFO : EventManager : Event: ======'stars_count_updated'====== Args={'priority': 0}
2026-09-13 23:30:51,653 : INFO : EventManager : Event: ======'stars_monitor_t41_off'====== Args={'priority': 0}
2026-09-13 23:30:51,653 : INFO : EventManager : Event: ======'player_stars_t41'====== Args={'value': 0, 'prev_value': 1, 'change': -1, 'player_num': 1, 'source': 'stars_mode'}
2026-09-13 23:30:51,653 : INFO : EventManager : Event: ======'player_stars_targets_lit_count'====== Args={'value': 1, 'prev_value': 2, 'change': -1, 'player_num': 1, 'source': 'stars_mode'}
2026-09-13 23:30:51,665 : INFO : EventManager : Event: ======'player_score'====== Args={'value': 1522860, 'prev_value': 1522440, 'change': 420, 'player_num': 1, 'source': 'base'}
2026-09-13 23:30:51,671 : INFO : SwitchController : <<<<<<< 's_41_stand_up_target_6' inactive >>>>>>>
2026-09-13 23:30:51,940 : INFO : SwitchController : <<<<<<< 's_41_stand_up_target_6' active >>>>>>>
2026-09-13 23:30:51,940 : INFO : EventManager : Event: ======'s_41_stand_up_target_6_active'====== Args={}
2026-09-13 23:30:51,940 : INFO : EventManager : Event: ======'sw_playfield_active'====== Args={}
2026-09-13 23:30:51,940 : INFO : EventManager : Event: ======'sw_standups'====== Args={}
2026-09-13 23:30:51,940 : INFO : EventManager : Event: ======'machine_var_audits_switches_s_41_stand_up_target_6'====== Args={'value': 5098, 'prev_value': 5097, 'change': 1}
2026-09-13 23:30:51,941 : INFO : EventManager : Event: ======'stars_t41_on'====== Args={'priority': 0}
2026-09-13 23:30:51,941 : INFO : EventManager : Event: ======'brian_combo_step1'====== Args={'priority': 0}
2026-09-13 23:30:51,941 : INFO : EventManager : Event: ======'stars_count_updated'====== Args={'priority': 0}
2026-09-13 23:30:51,941 : INFO : EventManager : Event: ======'stars_monitor_t41_on'====== Args={'priority': 0}
2026-09-13 23:30:51,941 : INFO : EventManager : Event: ======'player_stars_t41'====== Args={'value': 1, 'prev_value': 0, 'change': 1, 'player_num': 1, 'source': 'stars_mode'}
2026-09-13 23:30:51,941 : INFO : EventManager : Event: ======'player_stars_targets_lit_count'====== Args={'value': 2, 'prev_value': 1, 'change': 1, 'player_num': 1, 'source': 'stars_mode'}
2026-09-13 23:30:51,953 : INFO : EventManager : Event: ======'player_score'====== Args={'value': 1523280, 'prev_value': 1522860, 'change': 420, 'player_num': 1, 'source': 'base'}
2026-09-13 23:30:51,988 : INFO : SwitchController : <<<<<<< 's_41_stand_up_target_6' inactive >>>>>>>
2026-09-13 23:30:51,988 : INFO : SwitchController : <<<<<<< 's_41_stand_up_target_6' active >>>>>>>
2026-09-13 23:30:51,988 : INFO : EventManager : Event: ======'s_41_stand_up_target_6_active'====== Args={}
2026-09-13 23:30:51,988 : INFO : EventManager : Event: ======'sw_playfield_active'====== Args={}
2026-09-13 23:30:51,988 : INFO : EventManager : Event: ======'sw_standups'====== Args={}
2026-09-13 23:30:51,988 : INFO : EventManager : Event: ======'machine_var_audits_switches_s_41_stand_up_target_6'====== Args={'value': 5099, 'prev_value': 5098, 'change': 1}
2026-09-13 23:30:51,989 : INFO : SwitchController : <<<<<<< 's_41_stand_up_target_6' inactive >>>>>>>
2026-09-13 23:30:51,989 : INFO : EventManager : Event: ======'stars_t41_off'====== Args={'priority': 0}
2026-09-13 23:30:51,989 : INFO : EventManager : Event: ======'brian_combo_step1'====== Args={'priority': 0}
2026-09-13 23:30:51,989 : INFO : EventManager : Event: ======'stars_count_updated'====== Args={'priority': 0}
2026-09-13 23:30:51,989 : INFO : EventManager : Event: ======'stars_monitor_t41_off'====== Args={'priority': 0}
2026-09-13 23:30:51,989 : INFO : EventManager : Event: ======'player_stars_t41'====== Args={'value': 0, 'prev_value': 1, 'change': -1, 'player_num': 1, 'source': 'stars_mode'}
2026-09-13 23:30:51,989 : INFO : EventManager : Event: ======'player_stars_targets_lit_count'====== Args={'value': 1, 'prev_value': 2, 'change': -1, 'player_num': 1, 'source': 'stars_mode'}
2026-09-13 23:30:52,001 : INFO : EventManager : Event: ======'player_score'====== Args={'value': 1523700, 'prev_value': 1523280, 'change': 420, 'player_num': 1, 'source': 'base'}
2026-09-13 23:30:52,021 : INFO : SwitchController : <<<<<<< 's_41_stand_up_target_6' active >>>>>>>
2026-09-13 23:30:52,021 : INFO : EventManager : Event: ======'s_41_stand_up_target_6_active'====== Args={}
2026-09-13 23:30:52,021 : INFO : EventManager : Event: ======'sw_playfield_active'====== Args={}
2026-09-13 23:30:52,021 : INFO : EventManager : Event: ======'sw_standups'====== Args={}
2026-09-13 23:30:52,021 : INFO : EventManager : Event: ======'machine_var_audits_switches_s_41_stand_up_target_6'====== Args={'value': 5100, 'prev_value': 5099, 'change': 1}
2026-09-13 23:30:52,022 : INFO : EventManager : Event: ======'stars_t41_on'====== Args={'priority': 0}
2026-09-13 23:30:52,022 : INFO : EventManager : Event: ======'brian_combo_step1'====== Args={'priority': 0}
2026-09-13 23:30:52,022 : INFO : EventManager : Event: ======'stars_count_updated'====== Args={'priority': 0}
2026-09-13 23:30:52,022 : INFO : EventManager : Event: ======'stars_monitor_t41_on'====== Args={'priority': 0}
2026-09-13 23:30:52,022 : INFO : EventManager : Event: ======'player_stars_t41'====== Args={'value': 1, 'prev_value': 0, 'change': 1, 'player_num': 1, 'source': 'stars_mode'}
2026-09-13 23:30:52,023 : INFO : EventManager : Event: ======'player_stars_targets_lit_count'====== Args={'value': 2, 'prev_value': 1, 'change': 1, 'player_num': 1, 'source': 'stars_mode'}
2026-09-13 23:30:52,035 : INFO : EventManager : Event: ======'player_score'====== Args={'value': 1524120, 'prev_value': 1523700, 'change': 420, 'player_num': 1, 'source': 'base'}
2026-09-13 23:30:52,041 : INFO : SwitchController : <<<<<<< 's_41_stand_up_target_6' inactive >>>>>>>
2026-09-13 23:30:52,067 : INFO : EventManager : Event: ======'player_glasses_mode_glasses_state_timer_tick'====== Args={'value': 8, 'prev_value': 7, 'change': 1, 'player_num': 1}
2026-09-13 23:30:52,067 : INFO : EventManager : Event: ======'timer_glasses_state_timer_tick'====== Args={'ticks': 8, 'ticks_remaining': 2}
2026-09-13 23:30:52,244 : INFO : EventManager : Event: ======'player_obey_obey_stage2_timer_tick'====== Args={'value': 139, 'prev_value': 140, 'change': -1, 'player_num': 1}
2026-09-13 23:30:52,244 : INFO : EventManager : Event: ======'timer_obey_stage2_timer_tick'====== Args={'ticks': 139, 'ticks_remaining': 139}
2026-09-13 23:30:52,353 : INFO : SwitchController : <<<<<<< 's_41_stand_up_target_6' active >>>>>>>
2026-09-13 23:30:52,353 : INFO : EventManager : Event: ======'s_41_stand_up_target_6_active'====== Args={}
2026-09-13 23:30:52,353 : INFO : EventManager : Event: ======'sw_playfield_active'====== Args={}
2026-09-13 23:30:52,353 : INFO : EventManager : Event: ======'sw_standups'====== Args={}
2026-09-13 23:30:52,353 : INFO : EventManager : Event: ======'machine_var_audits_switches_s_41_stand_up_target_6'====== Args={'value': 5101, 'prev_value': 5100, 'change': 1}
2026-09-13 23:30:52,354 : INFO : EventManager : Event: ======'stars_t41_off'====== Args={'priority': 0}
2026-09-13 23:30:52,354 : INFO : EventManager : Event: ======'brian_combo_step1'====== Args={'priority': 0}
2026-09-13 23:30:52,354 : INFO : EventManager : Event: ======'stars_count_updated'====== Args={'priority': 0}
2026-09-13 23:30:52,354 : INFO : EventManager : Event: ======'stars_monitor_t41_off'====== Args={'priority': 0}
2026-09-13 23:30:52,354 : INFO : EventManager : Event: ======'player_stars_t41'====== Args={'value': 0, 'prev_value': 1, 'change': -1, 'player_num': 1, 'source': 'stars_mode'}
2026-09-13 23:30:52,354 : INFO : EventManager : Event: ======'player_stars_targets_lit_count'====== Args={'value': 1, 'prev_value': 2, 'change': -1, 'player_num': 1, 'source': 'stars_mode'}
2026-09-13 23:30:52,366 : INFO : EventManager : Event: ======'player_score'====== Args={'value': 1524540, 'prev_value': 1524120, 'change': 420, 'player_num': 1, 'source': 'base'}
2026-09-13 23:30:52,402 : INFO : SwitchController : <<<<<<< 's_41_stand_up_target_6' inactive >>>>>>>
2026-09-13 23:30:52,421 : INFO : SwitchController : <<<<<<< 's_41_stand_up_target_6' active >>>>>>>
2026-09-13 23:30:52,421 : INFO : EventManager : Event: ======'s_41_stand_up_target_6_active'====== Args={}
2026-09-13 23:30:52,421 : INFO : EventManager : Event: ======'sw_playfield_active'====== Args={}
2026-09-13 23:30:52,421 : INFO : EventManager : Event: ======'sw_standups'====== Args={}
2026-09-13 23:30:52,421 : INFO : EventManager : Event: ======'machine_var_audits_switches_s_41_stand_up_target_6'====== Args={'value': 5102, 'prev_value': 5101, 'change': 1}
2026-09-13 23:30:52,421 : INFO : SwitchController : <<<<<<< 's_41_stand_up_target_6' inactive >>>>>>>
2026-09-13 23:30:52,422 : INFO : EventManager : Event: ======'stars_t41_on'====== Args={'priority': 0}
2026-09-13 23:30:52,422 : INFO : EventManager : Event: ======'brian_combo_step1'====== Args={'priority': 0}
2026-09-13 23:30:52,422 : INFO : EventManager : Event: ======'stars_count_updated'====== Args={'priority': 0}
2026-09-13 23:30:52,422 : INFO : EventManager : Event: ======'stars_monitor_t41_on'====== Args={'priority': 0}
2026-09-13 23:30:52,422 : INFO : EventManager : Event: ======'player_stars_t41'====== Args={'value': 1, 'prev_value': 0, 'change': 1, 'player_num': 1, 'source': 'stars_mode'}
2026-09-13 23:30:52,422 : INFO : EventManager : Event: ======'player_stars_targets_lit_count'====== Args={'value': 2, 'prev_value': 1, 'change': 1, 'player_num': 1, 'source': 'stars_mode'}
2026-09-13 23:30:52,434 : INFO : EventManager : Event: ======'player_score'====== Args={'value': 1524960, 'prev_value': 1524540, 'change': 420, 'player_num': 1, 'source': 'base'}
2026-09-13 23:30:52,443 : INFO : SwitchController : <<<<<<< 's_41_stand_up_target_6' active >>>>>>>
2026-09-13 23:30:52,443 : INFO : EventManager : Event: ======'s_41_stand_up_target_6_active'====== Args={}
2026-09-13 23:30:52,443 : INFO : EventManager : Event: ======'sw_playfield_active'====== Args={}
2026-09-13 23:30:52,443 : INFO : EventManager : Event: ======'sw_standups'====== Args={}
2026-09-13 23:30:52,443 : INFO : EventManager : Event: ======'machine_var_audits_switches_s_41_stand_up_target_6'====== Args={'value': 5103, 'prev_value': 5102, 'change': 1}
2026-09-13 23:30:52,444 : INFO : SwitchController : <<<<<<< 's_41_stand_up_target_6' inactive >>>>>>>
2026-09-13 23:30:52,444 : INFO : SwitchController : <<<<<<< 's_41_stand_up_target_6' active >>>>>>>
2026-09-13 23:30:52,444 : INFO : EventManager : Event: ======'s_41_stand_up_target_6_active'====== Args={}
2026-09-13 23:30:52,444 : INFO : EventManager : Event: ======'sw_playfield_active'====== Args={}
2026-09-13 23:30:52,444 : INFO : EventManager : Event: ======'sw_standups'====== Args={}
2026-09-13 23:30:52,444 : INFO : EventManager : Event: ======'machine_var_audits_switches_s_41_stand_up_target_6'====== Args={'value': 5104, 'prev_value': 5103, 'change': 1}
2026-09-13 23:30:52,444 : INFO : SwitchController : <<<<<<< 's_41_stand_up_target_6' inactive >>>>>>>
2026-09-13 23:30:52,444 : INFO : EventManager : Event: ======'stars_t41_off'====== Args={'priority': 0}
2026-09-13 23:30:52,445 : INFO : EventManager : Event: ======'brian_combo_step1'====== Args={'priority': 0}
2026-09-13 23:30:52,445 : INFO : EventManager : Event: ======'stars_count_updated'====== Args={'priority': 0}
2026-09-13 23:30:52,445 : INFO : EventManager : Event: ======'stars_monitor_t41_off'====== Args={'priority': 0}
2026-09-13 23:30:52,445 : INFO : EventManager : Event: ======'player_stars_t41'====== Args={'value': 0, 'prev_value': 1, 'change': -1, 'player_num': 1, 'source': 'stars_mode'}
2026-09-13 23:30:52,445 : INFO : EventManager : Event: ======'player_stars_targets_lit_count'====== Args={'value': 1, 'prev_value': 2, 'change': -1, 'player_num': 1, 'source': 'stars_mode'}
2026-09-13 23:30:52,457 : INFO : EventManager : Event: ======'player_score'====== Args={'value': 1525380, 'prev_value': 1524960, 'change': 420, 'player_num': 1, 'source': 'base'}
2026-09-13 23:30:52,462 : INFO : EventManager : Event: ======'stars_t41_on'====== Args={'priority': 0}
2026-09-13 23:30:52,462 : INFO : EventManager : Event: ======'brian_combo_step1'====== Args={'priority': 0}
2026-09-13 23:30:52,462 : INFO : EventManager : Event: ======'stars_count_updated'====== Args={'priority': 0}
2026-09-13 23:30:52,462 : INFO : EventManager : Event: ======'stars_monitor_t41_on'====== Args={'priority': 0}
2026-09-13 23:30:52,463 : INFO : EventManager : Event: ======'player_stars_t41'====== Args={'value': 1, 'prev_value': 0, 'change': 1, 'player_num': 1, 'source': 'stars_mode'}
2026-09-13 23:30:52,463 : INFO : EventManager : Event: ======'player_stars_targets_lit_count'====== Args={'value': 2, 'prev_value': 1, 'change': 1, 'player_num': 1, 'source': 'stars_mode'}
2026-09-13 23:30:52,474 : INFO : EventManager : Event: ======'player_score'====== Args={'value': 1525800, 'prev_value': 1525380, 'change': 420, 'player_num': 1, 'source': 'base'}
2026-09-13 23:30:52,485 : INFO : SwitchController : <<<<<<< 's_41_stand_up_target_6' active >>>>>>>
2026-09-13 23:30:52,485 : INFO : EventManager : Event: ======'s_41_stand_up_target_6_active'====== Args={}
2026-09-13 23:30:52,485 : INFO : EventManager : Event: ======'sw_playfield_active'====== Args={}
2026-09-13 23:30:52,485 : INFO : EventManager : Event: ======'sw_standups'====== Args={}
2026-09-13 23:30:52,485 : INFO : EventManager : Event: ======'machine_var_audits_switches_s_41_stand_up_target_6'====== Args={'value': 5105, 'prev_value': 5104, 'change': 1}
2026-09-13 23:30:52,486 : INFO : SwitchController : <<<<<<< 's_41_stand_up_target_6' inactive >>>>>>>
2026-09-13 23:30:52,486 : INFO : EventManager : Event: ======'stars_t41_off'====== Args={'priority': 0}
2026-09-13 23:30:52,486 : INFO : EventManager : Event: ======'brian_combo_step1'====== Args={'priority': 0}
2026-09-13 23:30:52,486 : INFO : EventManager : Event: ======'stars_count_updated'====== Args={'priority': 0}
2026-09-13 23:30:52,486 : INFO : EventManager : Event: ======'stars_monitor_t41_off'====== Args={'priority': 0}
2026-09-13 23:30:52,486 : INFO : EventManager : Event: ======'player_stars_t41'====== Args={'value': 0, 'prev_value': 1, 'change': -1, 'player_num': 1, 'source': 'stars_mode'}
2026-09-13 23:30:52,486 : INFO : EventManager : Event: ======'player_stars_targets_lit_count'====== Args={'value': 1, 'prev_value': 2, 'change': -1, 'player_num': 1, 'source': 'stars_mode'}
2026-09-13 23:30:52,498 : INFO : EventManager : Event: ======'player_score'====== Args={'value': 1526220, 'prev_value': 1525800, 'change': 420, 'player_num': 1, 'source': 'base'}
2026-09-13 23:30:52,894 : INFO : SwitchController : <<<<<<< 's_41_stand_up_target_6' active >>>>>>>
2026-09-13 23:30:52,894 : INFO : EventManager : Event: ======'s_41_stand_up_target_6_active'====== Args={}
2026-09-13 23:30:52,894 : INFO : EventManager : Event: ======'sw_playfield_active'====== Args={}
2026-09-13 23:30:52,894 : INFO : EventManager : Event: ======'sw_standups'====== Args={}
2026-09-13 23:30:52,894 : INFO : EventManager : Event: ======'machine_var_audits_switches_s_41_stand_up_target_6'====== Args={'value': 5106, 'prev_value': 5105, 'change': 1}
2026-09-13 23:30:52,895 : INFO : EventManager : Event: ======'stars_t41_on'====== Args={'priority': 0}
2026-09-13 23:30:52,895 : INFO : EventManager : Event: ======'brian_combo_step1'====== Args={'priority': 0}
2026-09-13 23:30:52,895 : INFO : EventManager : Event: ======'stars_count_updated'====== Args={'priority': 0}
2026-09-13 23:30:52,895 : INFO : EventManager : Event: ======'stars_monitor_t41_on'====== Args={'priority': 0}
2026-09-13 23:30:52,895 : INFO : EventManager : Event: ======'player_stars_t41'====== Args={'value': 1, 'prev_value': 0, 'change': 1, 'player_num': 1, 'source': 'stars_mode'}
2026-09-13 23:30:52,895 : INFO : EventManager : Event: ======'player_stars_targets_lit_count'====== Args={'value': 2, 'prev_value': 1, 'change': 1, 'player_num': 1, 'source': 'stars_mode'}
2026-09-13 23:30:52,907 : INFO : EventManager : Event: ======'player_score'====== Args={'value': 1526640, 'prev_value': 1526220, 'change': 420, 'player_num': 1, 'source': 'base'}
2026-09-13 23:30:52,957 : INFO : SwitchController : <<<<<<< 's_41_stand_up_target_6' inactive >>>>>>>
2026-09-13 23:30:52,957 : INFO : SwitchController : <<<<<<< 's_41_stand_up_target_6' active >>>>>>>
2026-09-13 23:30:52,957 : INFO : EventManager : Event: ======'s_41_stand_up_target_6_active'====== Args={}
2026-09-13 23:30:52,957 : INFO : EventManager : Event: ======'sw_playfield_active'====== Args={}
2026-09-13 23:30:52,957 : INFO : EventManager : Event: ======'sw_standups'====== Args={}
2026-09-13 23:30:52,957 : INFO : EventManager : Event: ======'machine_var_audits_switches_s_41_stand_up_target_6'====== Args={'value': 5107, 'prev_value': 5106, 'change': 1}
2026-09-13 23:30:52,958 : INFO : EventManager : Event: ======'stars_t41_off'====== Args={'priority': 0}
2026-09-13 23:30:52,958 : INFO : EventManager : Event: ======'brian_combo_step1'====== Args={'priority': 0}
2026-09-13 23:30:52,958 : INFO : EventManager : Event: ======'stars_count_updated'====== Args={'priority': 0}
2026-09-13 23:30:52,958 : INFO : EventManager : Event: ======'stars_monitor_t41_off'====== Args={'priority': 0}
2026-09-13 23:30:52,958 : INFO : EventManager : Event: ======'player_stars_t41'====== Args={'value': 0, 'prev_value': 1, 'change': -1, 'player_num': 1, 'source': 'stars_mode'}
2026-09-13 23:30:52,958 : INFO : EventManager : Event: ======'player_stars_targets_lit_count'====== Args={'value': 1, 'prev_value': 2, 'change': -1, 'player_num': 1, 'source': 'stars_mode'}
2026-09-13 23:30:52,970 : INFO : EventManager : Event: ======'player_score'====== Args={'value': 1527060, 'prev_value': 1526640, 'change': 420, 'player_num': 1, 'source': 'base'}
2026-09-13 23:30:52,976 : INFO : SwitchController : <<<<<<< 's_41_stand_up_target_6' inactive >>>>>>>
2026-09-13 23:30:53,069 : INFO : EventManager : Event: ======'player_glasses_mode_glasses_state_timer_tick'====== Args={'value': 9, 'prev_value': 8, 'change': 1, 'player_num': 1}
2026-09-13 23:30:53,069 : INFO : EventManager : Event: ======'timer_glasses_state_timer_tick'====== Args={'ticks': 9, 'ticks_remaining': 1}
2026-09-13 23:30:53,212 : INFO : SwitchController : <<<<<<< 's_41_stand_up_target_6' active >>>>>>>
2026-09-13 23:30:53,212 : INFO : EventManager : Event: ======'s_41_stand_up_target_6_active'====== Args={}
2026-09-13 23:30:53,212 : INFO : EventManager : Event: ======'sw_playfield_active'====== Args={}
2026-09-13 23:30:53,212 : INFO : EventManager : Event: ======'sw_standups'====== Args={}
2026-09-13 23:30:53,212 : INFO : EventManager : Event: ======'machine_var_audits_switches_s_41_stand_up_target_6'====== Args={'value': 5108, 'prev_value': 5107, 'change': 1}
2026-09-13 23:30:53,213 : INFO : EventManager : Event: ======'stars_t41_on'====== Args={'priority': 0}
2026-09-13 23:30:53,214 : INFO : EventManager : Event: ======'brian_combo_step1'====== Args={'priority': 0}
2026-09-13 23:30:53,214 : INFO : EventManager : Event: ======'stars_count_updated'====== Args={'priority': 0}
2026-09-13 23:30:53,214 : INFO : EventManager : Event: ======'stars_monitor_t41_on'====== Args={'priority': 0}
2026-09-13 23:30:53,214 : INFO : EventManager : Event: ======'player_stars_t41'====== Args={'value': 1, 'prev_value': 0, 'change': 1, 'player_num': 1, 'source': 'stars_mode'}
2026-09-13 23:30:53,214 : INFO : EventManager : Event: ======'player_stars_targets_lit_count'====== Args={'value': 2, 'prev_value': 1, 'change': 1, 'player_num': 1, 'source': 'stars_mode'}
2026-09-13 23:30:53,227 : INFO : EventManager : Event: ======'player_score'====== Args={'value': 1527480, 'prev_value': 1527060, 'change': 420, 'player_num': 1, 'source': 'base'}
2026-09-13 23:30:53,245 : INFO : SwitchController : <<<<<<< 's_41_stand_up_target_6' inactive >>>>>>>
2026-09-13 23:30:53,251 : INFO : EventManager : Event: ======'player_obey_obey_stage2_timer_tick'====== Args={'value': 138, 'prev_value': 139, 'change': -1, 'player_num': 1}
2026-09-13 23:30:53,252 : INFO : EventManager : Event: ======'timer_obey_stage2_timer_tick'====== Args={'ticks': 138, 'ticks_remaining': 138}
2026-09-13 23:30:53,465 : INFO : SwitchController : <<<<<<< 's_41_stand_up_target_6' active >>>>>>>
2026-09-13 23:30:53,465 : INFO : EventManager : Event: ======'s_41_stand_up_target_6_active'====== Args={}
2026-09-13 23:30:53,465 : INFO : EventManager : Event: ======'sw_playfield_active'====== Args={}
2026-09-13 23:30:53,465 : INFO : EventManager : Event: ======'sw_standups'====== Args={}
2026-09-13 23:30:53,465 : INFO : EventManager : Event: ======'machine_var_audits_switches_s_41_stand_up_target_6'====== Args={'value': 5109, 'prev_value': 5108, 'change': 1}
2026-09-13 23:30:53,466 : INFO : EventManager : Event: ======'stars_t41_off'====== Args={'priority': 0}
2026-09-13 23:30:53,466 : INFO : EventManager : Event: ======'brian_combo_step1'====== Args={'priority': 0}
2026-09-13 23:30:53,466 : INFO : EventManager : Event: ======'stars_count_updated'====== Args={'priority': 0}
2026-09-13 23:30:53,466 : INFO : EventManager : Event: ======'stars_monitor_t41_off'====== Args={'priority': 0}
2026-09-13 23:30:53,466 : INFO : EventManager : Event: ======'player_stars_t41'====== Args={'value': 0, 'prev_value': 1, 'change': -1, 'player_num': 1, 'source': 'stars_mode'}
2026-09-13 23:30:53,466 : INFO : EventManager : Event: ======'player_stars_targets_lit_count'====== Args={'value': 1, 'prev_value': 2, 'change': -1, 'player_num': 1, 'source': 'stars_mode'}
2026-09-13 23:30:53,477 : INFO : EventManager : Event: ======'player_score'====== Args={'value': 1527900, 'prev_value': 1527480, 'change': 420, 'player_num': 1, 'source': 'base'}
2026-09-13 23:30:53,497 : INFO : SwitchController : <<<<<<< 's_41_stand_up_target_6' inactive >>>>>>>
2026-09-13 23:30:53,751 : INFO : SwitchController : <<<<<<< 's_41_stand_up_target_6' active >>>>>>>
2026-09-13 23:30:53,751 : INFO : EventManager : Event: ======'s_41_stand_up_target_6_active'====== Args={}
2026-09-13 23:30:53,751 : INFO : EventManager : Event: ======'sw_playfield_active'====== Args={}
2026-09-13 23:30:53,751 : INFO : EventManager : Event: ======'sw_standups'====== Args={}
2026-09-13 23:30:53,751 : INFO : EventManager : Event: ======'machine_var_audits_switches_s_41_stand_up_target_6'====== Args={'value': 5110, 'prev_value': 5109, 'change': 1}
2026-09-13 23:30:53,752 : INFO : EventManager : Event: ======'stars_t41_on'====== Args={'priority': 0}
2026-09-13 23:30:53,752 : INFO : EventManager : Event: ======'brian_combo_step1'====== Args={'priority': 0}
2026-09-13 23:30:53,752 : INFO : EventManager : Event: ======'stars_count_updated'====== Args={'priority': 0}
2026-09-13 23:30:53,752 : INFO : EventManager : Event: ======'stars_monitor_t41_on'====== Args={'priority': 0}
2026-09-13 23:30:53,752 : INFO : EventManager : Event: ======'player_stars_t41'====== Args={'value': 1, 'prev_value': 0, 'change': 1, 'player_num': 1, 'source': 'stars_mode'}
2026-09-13 23:30:53,752 : INFO : EventManager : Event: ======'player_stars_targets_lit_count'====== Args={'value': 2, 'prev_value': 1, 'change': 1, 'player_num': 1, 'source': 'stars_mode'}
2026-09-13 23:30:53,764 : INFO : EventManager : Event: ======'player_score'====== Args={'value': 1528320, 'prev_value': 1527900, 'change': 420, 'player_num': 1, 'source': 'base'}
2026-09-13 23:30:53,774 : INFO : SwitchController : <<<<<<< 's_41_stand_up_target_6' inactive >>>>>>>
2026-09-13 23:30:53,799 : INFO : SwitchController : <<<<<<< 's_41_stand_up_target_6' active >>>>>>>
2026-09-13 23:30:53,799 : INFO : EventManager : Event: ======'s_41_stand_up_target_6_active'====== Args={}
2026-09-13 23:30:53,799 : INFO : EventManager : Event: ======'sw_playfield_active'====== Args={}
2026-09-13 23:30:53,799 : INFO : EventManager : Event: ======'sw_standups'====== Args={}
2026-09-13 23:30:53,799 : INFO : EventManager : Event: ======'machine_var_audits_switches_s_41_stand_up_target_6'====== Args={'value': 5111, 'prev_value': 5110, 'change': 1}
2026-09-13 23:30:53,800 : INFO : EventManager : Event: ======'stars_t41_off'====== Args={'priority': 0}
2026-09-13 23:30:53,800 : INFO : EventManager : Event: ======'brian_combo_step1'====== Args={'priority': 0}
2026-09-13 23:30:53,800 : INFO : EventManager : Event: ======'stars_count_updated'====== Args={'priority': 0}
2026-09-13 23:30:53,800 : INFO : EventManager : Event: ======'stars_monitor_t41_off'====== Args={'priority': 0}
2026-09-13 23:30:53,800 : INFO : EventManager : Event: ======'player_stars_t41'====== Args={'value': 0, 'prev_value': 1, 'change': -1, 'player_num': 1, 'source': 'stars_mode'}
2026-09-13 23:30:53,801 : INFO : EventManager : Event: ======'player_stars_targets_lit_count'====== Args={'value': 1, 'prev_value': 2, 'change': -1, 'player_num': 1, 'source': 'stars_mode'}
2026-09-13 23:30:53,812 : INFO : EventManager : Event: ======'player_score'====== Args={'value': 1528740, 'prev_value': 1528320, 'change': 420, 'player_num': 1, 'source': 'base'}
2026-09-13 23:30:53,822 : INFO : SwitchController : <<<<<<< 's_41_stand_up_target_6' inactive >>>>>>>
2026-09-13 23:30:54,069 : INFO : EventManager : Event: ======'player_glasses_mode_glasses_state_timer_tick'====== Args={'value': 10, 'prev_value': 9, 'change': 1, 'player_num': 1}
2026-09-13 23:30:54,069 : INFO : Timer.glasses_state_timer : Timer Complete
2026-09-13 23:30:54,069 : INFO : Timer.glasses_state_timer : Stopping Timer
2026-09-13 23:30:54,069 : INFO : EventManager : Event: ======'timer_glasses_state_timer_stopped'====== Args={'ticks': 10, 'ticks_remaining': 1}
2026-09-13 23:30:54,069 : INFO : EventManager : Event: ======'timer_glasses_state_timer_complete'====== Args={'ticks': 10, 'ticks_remaining': 1}
2026-09-13 23:30:54,075 : INFO : EventManager : Event: ======'varitarget_position_7_complete'====== Args={'priority': 0}
2026-09-13 23:30:54,075 : INFO : EventManager : Event: ======'glasses_stop_all_shows'====== Args={'priority': 0}
2026-09-13 23:30:54,075 : INFO : EventManager : Event: ======'varitarget_homing'====== Args={'priority': 0}
2026-09-13 23:30:54,076 : INFO : EventManager : Event: ======'glasses_stop_all_shows'====== Args={'priority': 0}
2026-09-13 23:30:54,076 : INFO : EventManager : Event: ======'glasses_state_timer_stop'====== Args={'priority': 0}
2026-09-13 23:30:54,076 : INFO : EventManager : Event: ======'glasses_homing_setup'====== Args={'priority': 0}
2026-09-13 23:30:54,076 : INFO : EventManager : Event: ======'glasses_home_pulse_timer_restart'====== Args={'priority': 0}
2026-09-13 23:30:54,076 : INFO : Timer.glasses_state_timer : Stopping Timer
2026-09-13 23:30:54,076 : INFO : EventManager : Event: ======'timer_glasses_state_timer_stopped'====== Args={'ticks': 10, 'ticks_remaining': 1}
2026-09-13 23:30:54,076 : INFO : EventManager : Event: ======'player_glasses_current_state'====== Args={'value': 0, 'prev_value': 7, 'change': -7, 'player_num': 1, 'source': 'glasses_mode'}
2026-09-13 23:30:54,076 : INFO : EventManager : Event: ======'player_glasses_homing_active'====== Args={'value': 1, 'prev_value': 0, 'change': 1, 'player_num': 1, 'source': 'glasses_mode'}
2026-09-13 23:30:54,076 : INFO : EventManager : Event: ======'player_glasses_home_pulse_count'====== Args={'value': 0, 'prev_value': 10, 'change': -10, 'player_num': 1, 'source': 'glasses_mode'}
2026-09-13 23:30:54,094 : INFO : EventManager : Event: ======'player_glasses_mode_glasses_home_pulse_timer_tick'====== Args={'value': 0, 'prev_value': 10, 'change': -10, 'player_num': 1}
2026-09-13 23:30:54,094 : INFO : Timer.glasses_home_pulse_timer : Starting Timer.
2026-09-13 23:30:54,094 : INFO : EventManager : Event: ======'timer_glasses_home_pulse_timer_started'====== Args={'ticks': 0, 'ticks_remaining': 10}
2026-09-13 23:30:54,094 : INFO : EventManager : Event: ======'timer_glasses_home_pulse_timer_tick'====== Args={'ticks': 0, 'ticks_remaining': 10}
2026-09-13 23:30:54,100 : INFO : EventManager : Event: ======'glasses_home_pulse'====== Args={'priority': 0}
2026-09-13 23:30:54,101 : INFO : coil.c_16_varitarget_reset : Pulsing Driver for 5ms (1.0 pulse_power)
2026-09-13 23:30:54,101 : INFO : EventManager : Event: ======'player_glasses_home_pulse_count'====== Args={'value': 1, 'prev_value': 0, 'change': 1, 'player_num': 1, 'source': 'glasses_mode'}
2026-09-13 23:30:54,116 : INFO : SwitchController : <<<<<<< 's_41_stand_up_target_6' active >>>>>>>
2026-09-13 23:30:54,116 : INFO : EventManager : Event: ======'s_41_stand_up_target_6_active'====== Args={}
2026-09-13 23:30:54,116 : INFO : EventManager : Event: ======'sw_playfield_active'====== Args={}
2026-09-13 23:30:54,116 : INFO : EventManager : Event: ======'sw_standups'====== Args={}
2026-09-13 23:30:54,116 : INFO : EventManager : Event: ======'machine_var_audits_switches_s_41_stand_up_target_6'====== Args={'value': 5112, 'prev_value': 5111, 'change': 1}
2026-09-13 23:30:54,117 : INFO : EventManager : Event: ======'stars_t41_on'====== Args={'priority': 0}
2026-09-13 23:30:54,117 : INFO : EventManager : Event: ======'brian_combo_step1'====== Args={'priority': 0}
2026-09-13 23:30:54,117 : INFO : EventManager : Event: ======'stars_count_updated'====== Args={'priority': 0}
2026-09-13 23:30:54,117 : INFO : EventManager : Event: ======'stars_monitor_t41_on'====== Args={'priority': 0}
2026-09-13 23:30:54,117 : INFO : EventManager : Event: ======'player_stars_t41'====== Args={'value': 1, 'prev_value': 0, 'change': 1, 'player_num': 1, 'source': 'stars_mode'}
2026-09-13 23:30:54,117 : INFO : EventManager : Event: ======'player_stars_targets_lit_count'====== Args={'value': 2, 'prev_value': 1, 'change': 1, 'player_num': 1, 'source': 'stars_mode'}
2026-09-13 23:30:54,128 : INFO : EventManager : Event: ======'player_score'====== Args={'value': 1529160, 'prev_value': 1528740, 'change': 420, 'player_num': 1, 'source': 'base'}
2026-09-13 23:30:54,140 : INFO : SwitchController : <<<<<<< 's_70_varitarget_position_7' inactive >>>>>>>
2026-09-13 23:30:54,148 : INFO : SwitchController : <<<<<<< 's_69_varitarget_position_6' active >>>>>>>
2026-09-13 23:30:54,148 : INFO : EventManager : Event: ======'s_69_varitarget_position_6_active'====== Args={}
2026-09-13 23:30:54,148 : INFO : EventManager : Event: ======'sw_vari'====== Args={}
2026-09-13 23:30:54,148 : INFO : EventManager : Event: ======'machine_var_audits_switches_s_69_varitarget_position_6'====== Args={'value': 548, 'prev_value': 547, 'change': 1}
2026-09-13 23:30:54,149 : INFO : EventManager : Event: ======'glasses_pending_position_6'====== Args={'priority': 0}
2026-09-13 23:30:54,149 : INFO : EventManager : Event: ======'machine_var_audits_shots_varitarget_p6'====== Args={'value': 548, 'prev_value': 547, 'change': 1}
2026-09-13 23:30:54,149 : INFO : EventManager : Event: ======'varitarget_p6_hit'====== Args={'profile': 'default', 'state': 'lit', 'advancing': False}
2026-09-13 23:30:54,149 : INFO : EventManager : Event: ======'varitarget_p6_default_hit'====== Args={'profile': 'default', 'state': 'lit', 'advancing': False}
2026-09-13 23:30:54,149 : INFO : EventManager : Event: ======'varitarget_p6_default_lit_hit'====== Args={'profile': 'default', 'state': 'lit', 'advancing': False}
2026-09-13 23:30:54,150 : INFO : EventManager : Event: ======'varitarget_p6_lit_hit'====== Args={'profile': 'default', 'state': 'lit', 'advancing': False}
2026-09-13 23:30:54,150 : INFO : EventManager : Event: ======'varitarget_position_changed'====== Args={'priority': 0}
2026-09-13 23:30:54,150 : INFO : EventManager : Event: ======'player_varitarget_position'====== Args={'value': 6, 'prev_value': 7, 'change': -1, 'player_num': 1, 'source': 'base'}
2026-09-13 23:30:54,150 : INFO : EventManager : Event: ======'glasses_position_confirm_restart'====== Args={'priority': 0}
2026-09-13 23:30:54,150 : INFO : EventManager : Event: ======'player_glasses_pending_position'====== Args={'value': 6, 'prev_value': 7, 'change': -1, 'player_num': 1, 'source': 'glasses_mode'}
2026-09-13 23:30:54,150 : INFO : EventManager : Event: ======'player_glasses_mode_glasses_position_confirm_tick'====== Args={'value': 0, 'prev_value': 1, 'change': -1, 'player_num': 1}
2026-09-13 23:30:54,150 : INFO : Timer.glasses_position_confirm : Starting Timer.
2026-09-13 23:30:54,150 : INFO : EventManager : Event: ======'timer_glasses_position_confirm_started'====== Args={'ticks': 0, 'ticks_remaining': 1}
2026-09-13 23:30:54,150 : INFO : EventManager : Event: ======'timer_glasses_position_confirm_tick'====== Args={'ticks': 0, 'ticks_remaining': 1}
2026-09-13 23:30:54,161 : INFO : EventManager : Event: ======'varitarget_positions_hit'====== Args={'shot': 'varitarget_p6'}
2026-09-13 23:30:54,161 : INFO : EventManager : Event: ======'varitarget_positions_lit_hit'====== Args={'shot': 'varitarget_p6'}
2026-09-13 23:30:54,161 : INFO : EventManager : Event: ======'varitarget_update_stable'====== Args={'priority': 0}
2026-09-13 23:30:54,161 : INFO : EventManager : Event: ======'player_varitarget_stable_position'====== Args={'value': 6, 'prev_value': 7, 'change': -1, 'player_num': 1, 'source': 'base'}
2026-09-13 23:30:54,174 : INFO : EventManager : Event: ======'player_score'====== Args={'value': 1529580, 'prev_value': 1529160, 'change': 420, 'player_num': 1, 'source': 'base'}
2026-09-13 23:30:54,186 : INFO : SwitchController : <<<<<<< 's_41_stand_up_target_6' inactive >>>>>>>
2026-09-13 23:30:54,186 : INFO : SwitchController : <<<<<<< 's_69_varitarget_position_6' inactive >>>>>>>
2026-09-13 23:30:54,186 : INFO : SwitchController : <<<<<<< 's_41_stand_up_target_6' active >>>>>>>
2026-09-13 23:30:54,186 : INFO : EventManager : Event: ======'s_41_stand_up_target_6_active'====== Args={}
2026-09-13 23:30:54,186 : INFO : EventManager : Event: ======'sw_playfield_active'====== Args={}
2026-09-13 23:30:54,186 : INFO : EventManager : Event: ======'sw_standups'====== Args={}
2026-09-13 23:30:54,186 : INFO : EventManager : Event: ======'machine_var_audits_switches_s_41_stand_up_target_6'====== Args={'value': 5113, 'prev_value': 5112, 'change': 1}
2026-09-13 23:30:54,186 : INFO : SwitchController : <<<<<<< 's_41_stand_up_target_6' inactive >>>>>>>
2026-09-13 23:30:54,187 : INFO : EventManager : Event: ======'stars_t41_off'====== Args={'priority': 0}
2026-09-13 23:30:54,187 : INFO : EventManager : Event: ======'brian_combo_step1'====== Args={'priority': 0}
2026-09-13 23:30:54,187 : INFO : EventManager : Event: ======'stars_count_updated'====== Args={'priority': 0}
2026-09-13 23:30:54,187 : INFO : EventManager : Event: ======'stars_monitor_t41_off'====== Args={'priority': 0}
2026-09-13 23:30:54,187 : INFO : EventManager : Event: ======'player_stars_t41'====== Args={'value': 0, 'prev_value': 1, 'change': -1, 'player_num': 1, 'source': 'stars_mode'}
2026-09-13 23:30:54,187 : INFO : EventManager : Event: ======'player_stars_targets_lit_count'====== Args={'value': 1, 'prev_value': 2, 'change': -1, 'player_num': 1, 'source': 'stars_mode'}
2026-09-13 23:30:54,199 : INFO : EventManager : Event: ======'player_score'====== Args={'value': 1530000, 'prev_value': 1529580, 'change': 420, 'player_num': 1, 'source': 'base'}
2026-09-13 23:30:54,210 : INFO : SwitchController : <<<<<<< 's_69_varitarget_position_6' active >>>>>>>
2026-09-13 23:30:54,210 : INFO : EventManager : Event: ======'s_69_varitarget_position_6_active'====== Args={}
2026-09-13 23:30:54,210 : INFO : EventManager : Event: ======'sw_vari'====== Args={}
2026-09-13 23:30:54,210 : INFO : EventManager : Event: ======'machine_var_audits_switches_s_69_varitarget_position_6'====== Args={'value': 549, 'prev_value': 548, 'change': 1}
2026-09-13 23:30:54,211 : INFO : SwitchController : <<<<<<< 's_69_varitarget_position_6' inactive >>>>>>>
2026-09-13 23:30:54,211 : INFO : SwitchController : <<<<<<< 's_41_stand_up_target_6' active >>>>>>>
2026-09-13 23:30:54,211 : INFO : EventManager : Event: ======'s_41_stand_up_target_6_active'====== Args={}
2026-09-13 23:30:54,211 : INFO : EventManager : Event: ======'sw_playfield_active'====== Args={}
2026-09-13 23:30:54,211 : INFO : EventManager : Event: ======'sw_standups'====== Args={}
2026-09-13 23:30:54,211 : INFO : EventManager : Event: ======'machine_var_audits_switches_s_41_stand_up_target_6'====== Args={'value': 5114, 'prev_value': 5113, 'change': 1}
2026-09-13 23:30:54,211 : INFO : SwitchController : <<<<<<< 's_41_stand_up_target_6' inactive >>>>>>>
2026-09-13 23:30:54,211 : INFO : SwitchController : <<<<<<< 's_69_varitarget_position_6' active >>>>>>>
2026-09-13 23:30:54,211 : INFO : EventManager : Event: ======'s_69_varitarget_position_6_active'====== Args={}
2026-09-13 23:30:54,211 : INFO : EventManager : Event: ======'sw_vari'====== Args={}
2026-09-13 23:30:54,211 : INFO : EventManager : Event: ======'machine_var_audits_switches_s_69_varitarget_position_6'====== Args={'value': 550, 'prev_value': 549, 'change': 1}
2026-09-13 23:30:54,218 : INFO : EventManager : Event: ======'glasses_pending_position_6'====== Args={'priority': 0}
2026-09-13 23:30:54,218 : INFO : EventManager : Event: ======'machine_var_audits_shots_varitarget_p6'====== Args={'value': 549, 'prev_value': 548, 'change': 1}
2026-09-13 23:30:54,219 : INFO : EventManager : Event: ======'varitarget_p6_hit'====== Args={'profile': 'default', 'state': 'lit', 'advancing': False}
2026-09-13 23:30:54,219 : INFO : EventManager : Event: ======'varitarget_p6_default_hit'====== Args={'profile': 'default', 'state': 'lit', 'advancing': False}
2026-09-13 23:30:54,219 : INFO : EventManager : Event: ======'varitarget_p6_default_lit_hit'====== Args={'profile': 'default', 'state': 'lit', 'advancing': False}
2026-09-13 23:30:54,219 : INFO : EventManager : Event: ======'varitarget_p6_lit_hit'====== Args={'profile': 'default', 'state': 'lit', 'advancing': False}
2026-09-13 23:30:54,219 : INFO : EventManager : Event: ======'varitarget_position_changed'====== Args={'priority': 0}
2026-09-13 23:30:54,219 : INFO : EventManager : Event: ======'glasses_position_confirm_restart'====== Args={'priority': 0}
2026-09-13 23:30:54,219 : INFO : EventManager : Event: ======'timer_glasses_position_confirm_tick'====== Args={'ticks': 0, 'ticks_remaining': 1}
2026-09-13 23:30:54,219 : INFO : EventManager : Event: ======'varitarget_positions_hit'====== Args={'shot': 'varitarget_p6'}
2026-09-13 23:30:54,219 : INFO : EventManager : Event: ======'varitarget_positions_lit_hit'====== Args={'shot': 'varitarget_p6'}
2026-09-13 23:30:54,219 : INFO : EventManager : Event: ======'varitarget_update_stable'====== Args={'priority': 0}
2026-09-13 23:30:54,219 : INFO : EventManager : Event: ======'player_score'====== Args={'value': 1530420, 'prev_value': 1530000, 'change': 420, 'player_num': 1, 'source': 'base'}
2026-09-13 23:30:54,225 : INFO : EventManager : Event: ======'stars_t41_on'====== Args={'priority': 0}
2026-09-13 23:30:54,225 : INFO : EventManager : Event: ======'brian_combo_step1'====== Args={'priority': 0}
2026-09-13 23:30:54,225 : INFO : EventManager : Event: ======'stars_count_updated'====== Args={'priority': 0}
2026-09-13 23:30:54,225 : INFO : EventManager : Event: ======'stars_monitor_t41_on'====== Args={'priority': 0}
2026-09-13 23:30:54,225 : INFO : EventManager : Event: ======'player_stars_t41'====== Args={'value': 1, 'prev_value': 0, 'change': 1, 'player_num': 1, 'source': 'stars_mode'}
2026-09-13 23:30:54,226 : INFO : EventManager : Event: ======'player_stars_targets_lit_count'====== Args={'value': 2, 'prev_value': 1, 'change': 1, 'player_num': 1, 'source': 'stars_mode'}
2026-09-13 23:30:54,238 : INFO : EventManager : Event: ======'player_score'====== Args={'value': 1530840, 'prev_value': 1530420, 'change': 420, 'player_num': 1, 'source': 'base'}
2026-09-13 23:30:54,243 : INFO : EventManager : Event: ======'glasses_pending_position_6'====== Args={'priority': 0}
2026-09-13 23:30:54,243 : INFO : EventManager : Event: ======'machine_var_audits_shots_varitarget_p6'====== Args={'value': 550, 'prev_value': 549, 'change': 1}
2026-09-13 23:30:54,244 : INFO : EventManager : Event: ======'varitarget_p6_hit'====== Args={'profile': 'default', 'state': 'lit', 'advancing': False}
2026-09-13 23:30:54,244 : INFO : EventManager : Event: ======'varitarget_p6_default_hit'====== Args={'profile': 'default', 'state': 'lit', 'advancing': False}
2026-09-13 23:30:54,244 : INFO : EventManager : Event: ======'varitarget_p6_default_lit_hit'====== Args={'profile': 'default', 'state': 'lit', 'advancing': False}
2026-09-13 23:30:54,244 : INFO : EventManager : Event: ======'varitarget_p6_lit_hit'====== Args={'profile': 'default', 'state': 'lit', 'advancing': False}
2026-09-13 23:30:54,244 : INFO : EventManager : Event: ======'varitarget_position_changed'====== Args={'priority': 0}
2026-09-13 23:30:54,244 : INFO : EventManager : Event: ======'glasses_position_confirm_restart'====== Args={'priority': 0}
2026-09-13 23:30:54,244 : INFO : EventManager : Event: ======'timer_glasses_position_confirm_tick'====== Args={'ticks': 0, 'ticks_remaining': 1}
2026-09-13 23:30:54,244 : INFO : EventManager : Event: ======'varitarget_positions_hit'====== Args={'shot': 'varitarget_p6'}
2026-09-13 23:30:54,245 : INFO : EventManager : Event: ======'varitarget_positions_lit_hit'====== Args={'shot': 'varitarget_p6'}
2026-09-13 23:30:54,245 : INFO : EventManager : Event: ======'varitarget_update_stable'====== Args={'priority': 0}
2026-09-13 23:30:54,245 : INFO : EventManager : Event: ======'player_score'====== Args={'value': 1531260, 'prev_value': 1530840, 'change': 420, 'player_num': 1, 'source': 'base'}
2026-09-13 23:30:54,256 : INFO : SwitchController : <<<<<<< 's_69_varitarget_position_6' inactive >>>>>>>
2026-09-13 23:30:54,256 : INFO : SwitchController : <<<<<<< 's_69_varitarget_position_6' active >>>>>>>
2026-09-13 23:30:54,256 : INFO : EventManager : Event: ======'s_69_varitarget_position_6_active'====== Args={}
2026-09-13 23:30:54,256 : INFO : EventManager : Event: ======'sw_vari'====== Args={}
2026-09-13 23:30:54,256 : INFO : EventManager : Event: ======'machine_var_audits_switches_s_69_varitarget_position_6'====== Args={'value': 551, 'prev_value': 550, 'change': 1}
2026-09-13 23:30:54,259 : INFO : EventManager : Event: ======'player_obey_obey_stage2_timer_tick'====== Args={'value': 137, 'prev_value': 138, 'change': -1, 'player_num': 1}
2026-09-13 23:30:54,259 : INFO : EventManager : Event: ======'timer_obey_stage2_timer_tick'====== Args={'ticks': 137, 'ticks_remaining': 137}
2026-09-13 23:30:54,259 : INFO : EventManager : Event: ======'glasses_pending_position_6'====== Args={'priority': 0}
2026-09-13 23:30:54,259 : INFO : EventManager : Event: ======'machine_var_audits_shots_varitarget_p6'====== Args={'value': 551, 'prev_value': 550, 'change': 1}
2026-09-13 23:30:54,259 : INFO : EventManager : Event: ======'varitarget_p6_hit'====== Args={'profile': 'default', 'state': 'lit', 'advancing': False}
2026-09-13 23:30:54,259 : INFO : EventManager : Event: ======'varitarget_p6_default_hit'====== Args={'profile': 'default', 'state': 'lit', 'advancing': False}
2026-09-13 23:30:54,259 : INFO : EventManager : Event: ======'varitarget_p6_default_lit_hit'====== Args={'profile': 'default', 'state': 'lit', 'advancing': False}
2026-09-13 23:30:54,259 : INFO : EventManager : Event: ======'varitarget_p6_lit_hit'====== Args={'profile': 'default', 'state': 'lit', 'advancing': False}
2026-09-13 23:30:54,259 : INFO : EventManager : Event: ======'varitarget_position_changed'====== Args={'priority': 0}
2026-09-13 23:30:54,260 : INFO : EventManager : Event: ======'glasses_position_confirm_restart'====== Args={'priority': 0}
2026-09-13 23:30:54,260 : INFO : EventManager : Event: ======'timer_glasses_position_confirm_tick'====== Args={'ticks': 0, 'ticks_remaining': 1}
2026-09-13 23:30:54,260 : INFO : EventManager : Event: ======'varitarget_positions_hit'====== Args={'shot': 'varitarget_p6'}
2026-09-13 23:30:54,260 : INFO : EventManager : Event: ======'varitarget_positions_lit_hit'====== Args={'shot': 'varitarget_p6'}
2026-09-13 23:30:54,260 : INFO : EventManager : Event: ======'varitarget_update_stable'====== Args={'priority': 0}
2026-09-13 23:30:54,260 : INFO : EventManager : Event: ======'player_score'====== Args={'value': 1531680, 'prev_value': 1531260, 'change': 420, 'player_num': 1, 'source': 'base'}
2026-09-13 23:30:54,292 : INFO : EventManager : Event: ======'player_glasses_mode_glasses_home_pulse_timer_tick'====== Args={'value': 1, 'prev_value': 0, 'change': 1, 'player_num': 1}
2026-09-13 23:30:54,292 : INFO : EventManager : Event: ======'timer_glasses_home_pulse_timer_tick'====== Args={'ticks': 1, 'ticks_remaining': 9}
2026-09-13 23:30:54,298 : INFO : EventManager : Event: ======'glasses_home_pulse'====== Args={'priority': 0}
2026-09-13 23:30:54,299 : INFO : coil.c_16_varitarget_reset : Pulsing Driver for 5ms (1.0 pulse_power)
2026-09-13 23:30:54,299 : INFO : EventManager : Event: ======'player_glasses_home_pulse_count'====== Args={'value': 2, 'prev_value': 1, 'change': 1, 'player_num': 1, 'source': 'glasses_mode'}
2026-09-13 23:30:54,323 : INFO : SwitchController : <<<<<<< 's_69_varitarget_position_6' inactive >>>>>>>
2026-09-13 23:30:54,355 : INFO : SwitchController : <<<<<<< 's_68_varitarget_position_5' active >>>>>>>
2026-09-13 23:30:54,355 : INFO : EventManager : Event: ======'s_68_varitarget_position_5_active'====== Args={}
2026-09-13 23:30:54,355 : INFO : EventManager : Event: ======'sw_vari'====== Args={}
2026-09-13 23:30:54,355 : INFO : EventManager : Event: ======'machine_var_audits_switches_s_68_varitarget_position_5'====== Args={'value': 477, 'prev_value': 476, 'change': 1}
2026-09-13 23:30:54,356 : INFO : EventManager : Event: ======'glasses_pending_position_5'====== Args={'priority': 0}
2026-09-13 23:30:54,356 : INFO : EventManager : Event: ======'machine_var_audits_shots_varitarget_p5'====== Args={'value': 477, 'prev_value': 476, 'change': 1}
2026-09-13 23:30:54,356 : INFO : EventManager : Event: ======'varitarget_p5_hit'====== Args={'profile': 'default', 'state': 'lit', 'advancing': False}
2026-09-13 23:30:54,356 : INFO : EventManager : Event: ======'varitarget_p5_default_hit'====== Args={'profile': 'default', 'state': 'lit', 'advancing': False}
2026-09-13 23:30:54,356 : INFO : EventManager : Event: ======'varitarget_p5_default_lit_hit'====== Args={'profile': 'default', 'state': 'lit', 'advancing': False}
2026-09-13 23:30:54,356 : INFO : EventManager : Event: ======'varitarget_p5_lit_hit'====== Args={'profile': 'default', 'state': 'lit', 'advancing': False}
2026-09-13 23:30:54,356 : INFO : EventManager : Event: ======'varitarget_position_changed'====== Args={'priority': 0}
2026-09-13 23:30:54,356 : INFO : EventManager : Event: ======'player_varitarget_position'====== Args={'value': 5, 'prev_value': 6, 'change': -1, 'player_num': 1, 'source': 'base'}
2026-09-13 23:30:54,356 : INFO : EventManager : Event: ======'glasses_position_confirm_restart'====== Args={'priority': 0}
2026-09-13 23:30:54,356 : INFO : EventManager : Event: ======'player_glasses_pending_position'====== Args={'value': 5, 'prev_value': 6, 'change': -1, 'player_num': 1, 'source': 'glasses_mode'}
2026-09-13 23:30:54,357 : INFO : EventManager : Event: ======'timer_glasses_position_confirm_tick'====== Args={'ticks': 0, 'ticks_remaining': 1}
2026-09-13 23:30:54,362 : INFO : EventManager : Event: ======'varitarget_positions_hit'====== Args={'shot': 'varitarget_p5'}
2026-09-13 23:30:54,362 : INFO : EventManager : Event: ======'varitarget_positions_lit_hit'====== Args={'shot': 'varitarget_p5'}
2026-09-13 23:30:54,362 : INFO : EventManager : Event: ======'varitarget_update_stable'====== Args={'priority': 0}
2026-09-13 23:30:54,362 : INFO : EventManager : Event: ======'player_varitarget_stable_position'====== Args={'value': 5, 'prev_value': 6, 'change': -1, 'player_num': 1, 'source': 'base'}
2026-09-13 23:30:54,374 : INFO : EventManager : Event: ======'player_score'====== Args={'value': 1532100, 'prev_value': 1531680, 'change': 420, 'player_num': 1, 'source': 'base'}
2026-09-13 23:30:54,385 : INFO : SwitchController : <<<<<<< 's_68_varitarget_position_5' inactive >>>>>>>
2026-09-13 23:30:54,406 : INFO : SwitchController : <<<<<<< 's_68_varitarget_position_5' active >>>>>>>
2026-09-13 23:30:54,406 : INFO : EventManager : Event: ======'s_68_varitarget_position_5_active'====== Args={}
2026-09-13 23:30:54,406 : INFO : EventManager : Event: ======'sw_vari'====== Args={}
2026-09-13 23:30:54,406 : INFO : EventManager : Event: ======'machine_var_audits_switches_s_68_varitarget_position_5'====== Args={'value': 478, 'prev_value': 477, 'change': 1}
2026-09-13 23:30:54,407 : INFO : EventManager : Event: ======'glasses_pending_position_5'====== Args={'priority': 0}
2026-09-13 23:30:54,407 : INFO : EventManager : Event: ======'machine_var_audits_shots_varitarget_p5'====== Args={'value': 478, 'prev_value': 477, 'change': 1}
2026-09-13 23:30:54,407 : INFO : EventManager : Event: ======'varitarget_p5_hit'====== Args={'profile': 'default', 'state': 'lit', 'advancing': False}
2026-09-13 23:30:54,407 : INFO : EventManager : Event: ======'varitarget_p5_default_hit'====== Args={'profile': 'default', 'state': 'lit', 'advancing': False}
2026-09-13 23:30:54,407 : INFO : EventManager : Event: ======'varitarget_p5_default_lit_hit'====== Args={'profile': 'default', 'state': 'lit', 'advancing': False}
2026-09-13 23:30:54,407 : INFO : EventManager : Event: ======'varitarget_p5_lit_hit'====== Args={'profile': 'default', 'state': 'lit', 'advancing': False}
2026-09-13 23:30:54,407 : INFO : EventManager : Event: ======'varitarget_position_changed'====== Args={'priority': 0}
2026-09-13 23:30:54,407 : INFO : EventManager : Event: ======'glasses_position_confirm_restart'====== Args={'priority': 0}
2026-09-13 23:30:54,407 : INFO : EventManager : Event: ======'timer_glasses_position_confirm_tick'====== Args={'ticks': 0, 'ticks_remaining': 1}
2026-09-13 23:30:54,408 : INFO : EventManager : Event: ======'varitarget_positions_hit'====== Args={'shot': 'varitarget_p5'}
2026-09-13 23:30:54,408 : INFO : EventManager : Event: ======'varitarget_positions_lit_hit'====== Args={'shot': 'varitarget_p5'}
2026-09-13 23:30:54,408 : INFO : EventManager : Event: ======'varitarget_update_stable'====== Args={'priority': 0}
2026-09-13 23:30:54,408 : INFO : EventManager : Event: ======'player_score'====== Args={'value': 1532520, 'prev_value': 1532100, 'change': 420, 'player_num': 1, 'source': 'base'}
2026-09-13 23:30:54,450 : INFO : SwitchController : <<<<<<< 's_68_varitarget_position_5' inactive >>>>>>>
2026-09-13 23:30:54,450 : INFO : SwitchController : <<<<<<< 's_68_varitarget_position_5' active >>>>>>>
2026-09-13 23:30:54,450 : INFO : EventManager : Event: ======'s_68_varitarget_position_5_active'====== Args={}
2026-09-13 23:30:54,450 : INFO : EventManager : Event: ======'sw_vari'====== Args={}
2026-09-13 23:30:54,450 : INFO : EventManager : Event: ======'machine_var_audits_switches_s_68_varitarget_position_5'====== Args={'value': 479, 'prev_value': 478, 'change': 1}
2026-09-13 23:30:54,451 : INFO : EventManager : Event: ======'glasses_pending_position_5'====== Args={'priority': 0}
2026-09-13 23:30:54,451 : INFO : EventManager : Event: ======'machine_var_audits_shots_varitarget_p5'====== Args={'value': 479, 'prev_value': 478, 'change': 1}
2026-09-13 23:30:54,451 : INFO : EventManager : Event: ======'varitarget_p5_hit'====== Args={'profile': 'default', 'state': 'lit', 'advancing': False}
2026-09-13 23:30:54,451 : INFO : EventManager : Event: ======'varitarget_p5_default_hit'====== Args={'profile': 'default', 'state': 'lit', 'advancing': False}
2026-09-13 23:30:54,451 : INFO : EventManager : Event: ======'varitarget_p5_default_lit_hit'====== Args={'profile': 'default', 'state': 'lit', 'advancing': False}
2026-09-13 23:30:54,451 : INFO : EventManager : Event: ======'varitarget_p5_lit_hit'====== Args={'profile': 'default', 'state': 'lit', 'advancing': False}
2026-09-13 23:30:54,452 : INFO : EventManager : Event: ======'varitarget_position_changed'====== Args={'priority': 0}
2026-09-13 23:30:54,452 : INFO : EventManager : Event: ======'glasses_position_confirm_restart'====== Args={'priority': 0}
2026-09-13 23:30:54,452 : INFO : EventManager : Event: ======'timer_glasses_position_confirm_tick'====== Args={'ticks': 0, 'ticks_remaining': 1}
2026-09-13 23:30:54,452 : INFO : EventManager : Event: ======'varitarget_positions_hit'====== Args={'shot': 'varitarget_p5'}
2026-09-13 23:30:54,452 : INFO : EventManager : Event: ======'varitarget_positions_lit_hit'====== Args={'shot': 'varitarget_p5'}
2026-09-13 23:30:54,452 : INFO : EventManager : Event: ======'varitarget_update_stable'====== Args={'priority': 0}
2026-09-13 23:30:54,452 : INFO : EventManager : Event: ======'player_score'====== Args={'value': 1532940, 'prev_value': 1532520, 'change': 420, 'player_num': 1, 'source': 'base'}
2026-09-13 23:30:54,482 : INFO : EventManager : Event: ======'player_glasses_mode_glasses_home_pulse_timer_tick'====== Args={'value': 2, 'prev_value': 1, 'change': 1, 'player_num': 1}
2026-09-13 23:30:54,482 : INFO : EventManager : Event: ======'timer_glasses_home_pulse_timer_tick'====== Args={'ticks': 2, 'ticks_remaining': 8}
2026-09-13 23:30:54,482 : INFO : SwitchController : <<<<<<< 's_68_varitarget_position_5' inactive >>>>>>>
2026-09-13 23:30:54,483 : INFO : SwitchController : <<<<<<< 's_68_varitarget_position_5' active >>>>>>>
2026-09-13 23:30:54,483 : INFO : EventManager : Event: ======'s_68_varitarget_position_5_active'====== Args={}
2026-09-13 23:30:54,483 : INFO : EventManager : Event: ======'sw_vari'====== Args={}
2026-09-13 23:30:54,483 : INFO : EventManager : Event: ======'machine_var_audits_switches_s_68_varitarget_position_5'====== Args={'value': 480, 'prev_value': 479, 'change': 1}
2026-09-13 23:30:54,488 : INFO : EventManager : Event: ======'glasses_home_pulse'====== Args={'priority': 0}
2026-09-13 23:30:54,489 : INFO : coil.c_16_varitarget_reset : Pulsing Driver for 5ms (1.0 pulse_power)
2026-09-13 23:30:54,489 : INFO : EventManager : Event: ======'player_glasses_home_pulse_count'====== Args={'value': 3, 'prev_value': 2, 'change': 1, 'player_num': 1, 'source': 'glasses_mode'}
2026-09-13 23:30:54,494 : INFO : EventManager : Event: ======'glasses_pending_position_5'====== Args={'priority': 0}
2026-09-13 23:30:54,494 : INFO : EventManager : Event: ======'machine_var_audits_shots_varitarget_p5'====== Args={'value': 480, 'prev_value': 479, 'change': 1}
2026-09-13 23:30:54,495 : INFO : EventManager : Event: ======'varitarget_p5_hit'====== Args={'profile': 'default', 'state': 'lit', 'advancing': False}
2026-09-13 23:30:54,495 : INFO : EventManager : Event: ======'varitarget_p5_default_hit'====== Args={'profile': 'default', 'state': 'lit', 'advancing': False}
2026-09-13 23:30:54,495 : INFO : EventManager : Event: ======'varitarget_p5_default_lit_hit'====== Args={'profile': 'default', 'state': 'lit', 'advancing': False}
2026-09-13 23:30:54,495 : INFO : EventManager : Event: ======'varitarget_p5_lit_hit'====== Args={'profile': 'default', 'state': 'lit', 'advancing': False}
2026-09-13 23:30:54,495 : INFO : EventManager : Event: ======'varitarget_position_changed'====== Args={'priority': 0}
2026-09-13 23:30:54,495 : INFO : EventManager : Event: ======'glasses_position_confirm_restart'====== Args={'priority': 0}
2026-09-13 23:30:54,495 : INFO : EventManager : Event: ======'timer_glasses_position_confirm_tick'====== Args={'ticks': 0, 'ticks_remaining': 1}
2026-09-13 23:30:54,495 : INFO : EventManager : Event: ======'varitarget_positions_hit'====== Args={'shot': 'varitarget_p5'}
2026-09-13 23:30:54,495 : INFO : EventManager : Event: ======'varitarget_positions_lit_hit'====== Args={'shot': 'varitarget_p5'}
2026-09-13 23:30:54,495 : INFO : EventManager : Event: ======'varitarget_update_stable'====== Args={'priority': 0}
2026-09-13 23:30:54,495 : INFO : EventManager : Event: ======'player_score'====== Args={'value': 1533360, 'prev_value': 1532940, 'change': 420, 'player_num': 1, 'source': 'base'}
2026-09-13 23:30:54,530 : INFO : SwitchController : <<<<<<< 's_68_varitarget_position_5' inactive >>>>>>>
2026-09-13 23:30:54,546 : INFO : SwitchController : <<<<<<< 's_41_stand_up_target_6' active >>>>>>>
2026-09-13 23:30:54,546 : INFO : EventManager : Event: ======'s_41_stand_up_target_6_active'====== Args={}
2026-09-13 23:30:54,546 : INFO : EventManager : Event: ======'sw_playfield_active'====== Args={}
2026-09-13 23:30:54,546 : INFO : EventManager : Event: ======'sw_standups'====== Args={}
2026-09-13 23:30:54,546 : INFO : EventManager : Event: ======'machine_var_audits_switches_s_41_stand_up_target_6'====== Args={'value': 5115, 'prev_value': 5114, 'change': 1}
2026-09-13 23:30:54,547 : INFO : SwitchController : <<<<<<< 's_67_varitarget_position_4' active >>>>>>>
2026-09-13 23:30:54,547 : INFO : EventManager : Event: ======'s_67_varitarget_position_4_active'====== Args={}
2026-09-13 23:30:54,547 : INFO : EventManager : Event: ======'sw_vari'====== Args={}
2026-09-13 23:30:54,547 : INFO : EventManager : Event: ======'machine_var_audits_switches_s_67_varitarget_position_4'====== Args={'value': 329, 'prev_value': 328, 'change': 1}
2026-09-13 23:30:54,547 : INFO : EventManager : Event: ======'stars_t41_off'====== Args={'priority': 0}
2026-09-13 23:30:54,548 : INFO : EventManager : Event: ======'brian_combo_step1'====== Args={'priority': 0}
2026-09-13 23:30:54,548 : INFO : EventManager : Event: ======'stars_count_updated'====== Args={'priority': 0}
2026-09-13 23:30:54,548 : INFO : EventManager : Event: ======'stars_monitor_t41_off'====== Args={'priority': 0}
2026-09-13 23:30:54,548 : INFO : EventManager : Event: ======'player_stars_t41'====== Args={'value': 0, 'prev_value': 1, 'change': -1, 'player_num': 1, 'source': 'stars_mode'}
2026-09-13 23:30:54,548 : INFO : EventManager : Event: ======'player_stars_targets_lit_count'====== Args={'value': 1, 'prev_value': 2, 'change': -1, 'player_num': 1, 'source': 'stars_mode'}
2026-09-13 23:30:54,560 : INFO : EventManager : Event: ======'player_score'====== Args={'value': 1533780, 'prev_value': 1533360, 'change': 420, 'player_num': 1, 'source': 'base'}
2026-09-13 23:30:54,566 : INFO : EventManager : Event: ======'glasses_pending_position_4'====== Args={'priority': 0}
2026-09-13 23:30:54,566 : INFO : EventManager : Event: ======'machine_var_audits_shots_varitarget_p4'====== Args={'value': 327, 'prev_value': 326, 'change': 1}
2026-09-13 23:30:54,567 : INFO : EventManager : Event: ======'varitarget_p4_hit'====== Args={'profile': 'default', 'state': 'lit', 'advancing': False}
2026-09-13 23:30:54,567 : INFO : EventManager : Event: ======'varitarget_p4_default_hit'====== Args={'profile': 'default', 'state': 'lit', 'advancing': False}
2026-09-13 23:30:54,567 : INFO : EventManager : Event: ======'varitarget_p4_default_lit_hit'====== Args={'profile': 'default', 'state': 'lit', 'advancing': False}
2026-09-13 23:30:54,567 : INFO : EventManager : Event: ======'varitarget_p4_lit_hit'====== Args={'profile': 'default', 'state': 'lit', 'advancing': False}
2026-09-13 23:30:54,567 : INFO : EventManager : Event: ======'varitarget_position_changed'====== Args={'priority': 0}
2026-09-13 23:30:54,567 : INFO : EventManager : Event: ======'player_varitarget_position'====== Args={'value': 4, 'prev_value': 5, 'change': -1, 'player_num': 1, 'source': 'base'}
2026-09-13 23:30:54,567 : INFO : EventManager : Event: ======'glasses_position_confirm_restart'====== Args={'priority': 0}
2026-09-13 23:30:54,567 : INFO : EventManager : Event: ======'player_glasses_pending_position'====== Args={'value': 4, 'prev_value': 5, 'change': -1, 'player_num': 1, 'source': 'glasses_mode'}
2026-09-13 23:30:54,567 : INFO : EventManager : Event: ======'timer_glasses_position_confirm_tick'====== Args={'ticks': 0, 'ticks_remaining': 1}
2026-09-13 23:30:54,573 : INFO : EventManager : Event: ======'varitarget_positions_hit'====== Args={'shot': 'varitarget_p4'}
2026-09-13 23:30:54,573 : INFO : EventManager : Event: ======'varitarget_positions_lit_hit'====== Args={'shot': 'varitarget_p4'}
2026-09-13 23:30:54,573 : INFO : EventManager : Event: ======'varitarget_update_stable'====== Args={'priority': 0}
2026-09-13 23:30:54,573 : INFO : EventManager : Event: ======'player_varitarget_stable_position'====== Args={'value': 4, 'prev_value': 5, 'change': -1, 'player_num': 1, 'source': 'base'}
2026-09-13 23:30:54,586 : INFO : EventManager : Event: ======'player_score'====== Args={'value': 1534200, 'prev_value': 1533780, 'change': 420, 'player_num': 1, 'source': 'base'}
2026-09-13 23:30:54,596 : INFO : SwitchController : <<<<<<< 's_67_varitarget_position_4' inactive >>>>>>>
2026-09-13 23:30:54,596 : INFO : SwitchController : <<<<<<< 's_66_varitarget_position_3' active >>>>>>>
2026-09-13 23:30:54,596 : INFO : EventManager : Event: ======'s_66_varitarget_position_3_active'====== Args={}
2026-09-13 23:30:54,597 : INFO : EventManager : Event: ======'sw_vari'====== Args={}
2026-09-13 23:30:54,597 : INFO : EventManager : Event: ======'machine_var_audits_switches_s_66_varitarget_position_3'====== Args={'value': 935, 'prev_value': 934, 'change': 1}
2026-09-13 23:30:54,597 : INFO : SwitchController : <<<<<<< 's_66_varitarget_position_3' inactive >>>>>>>
2026-09-13 23:30:54,597 : INFO : SwitchController : <<<<<<< 's_41_stand_up_target_6' inactive >>>>>>>
2026-09-13 23:30:54,597 : INFO : SwitchController : <<<<<<< 's_41_stand_up_target_6' active >>>>>>>
2026-09-13 23:30:54,598 : INFO : EventManager : Event: ======'s_41_stand_up_target_6_active'====== Args={}
2026-09-13 23:30:54,598 : INFO : EventManager : Event: ======'sw_playfield_active'====== Args={}
2026-09-13 23:30:54,598 : INFO : EventManager : Event: ======'sw_standups'====== Args={}
2026-09-13 23:30:54,598 : INFO : EventManager : Event: ======'machine_var_audits_switches_s_41_stand_up_target_6'====== Args={'value': 5116, 'prev_value': 5115, 'change': 1}
2026-09-13 23:30:54,599 : INFO : EventManager : Event: ======'glasses_pending_position_3'====== Args={'priority': 0}
2026-09-13 23:30:54,599 : INFO : EventManager : Event: ======'machine_var_audits_shots_varitarget_p3'====== Args={'value': 935, 'prev_value': 934, 'change': 1}
2026-09-13 23:30:54,599 : INFO : EventManager : Event: ======'varitarget_p3_hit'====== Args={'profile': 'default', 'state': 'lit', 'advancing': False}
2026-09-13 23:30:54,599 : INFO : EventManager : Event: ======'varitarget_p3_default_hit'====== Args={'profile': 'default', 'state': 'lit', 'advancing': False}
2026-09-13 23:30:54,599 : INFO : EventManager : Event: ======'varitarget_p3_default_lit_hit'====== Args={'profile': 'default', 'state': 'lit', 'advancing': False}
2026-09-13 23:30:54,599 : INFO : EventManager : Event: ======'varitarget_p3_lit_hit'====== Args={'profile': 'default', 'state': 'lit', 'advancing': False}
2026-09-13 23:30:54,599 : INFO : EventManager : Event: ======'varitarget_position_changed'====== Args={'priority': 0}
2026-09-13 23:30:54,599 : INFO : EventManager : Event: ======'player_varitarget_position'====== Args={'value': 3, 'prev_value': 4, 'change': -1, 'player_num': 1, 'source': 'base'}
2026-09-13 23:30:54,599 : INFO : EventManager : Event: ======'glasses_position_confirm_restart'====== Args={'priority': 0}
2026-09-13 23:30:54,600 : INFO : EventManager : Event: ======'player_glasses_pending_position'====== Args={'value': 3, 'prev_value': 4, 'change': -1, 'player_num': 1, 'source': 'glasses_mode'}
2026-09-13 23:30:54,600 : INFO : EventManager : Event: ======'timer_glasses_position_confirm_tick'====== Args={'ticks': 0, 'ticks_remaining': 1}
2026-09-13 23:30:54,605 : INFO : EventManager : Event: ======'varitarget_positions_hit'====== Args={'shot': 'varitarget_p3'}
2026-09-13 23:30:54,605 : INFO : EventManager : Event: ======'varitarget_positions_lit_hit'====== Args={'shot': 'varitarget_p3'}
2026-09-13 23:30:54,605 : INFO : EventManager : Event: ======'varitarget_update_stable'====== Args={'priority': 0}
2026-09-13 23:30:54,606 : INFO : EventManager : Event: ======'player_varitarget_stable_position'====== Args={'value': 3, 'prev_value': 4, 'change': -1, 'player_num': 1, 'source': 'base'}
2026-09-13 23:30:54,617 : INFO : EventManager : Event: ======'player_score'====== Args={'value': 1534620, 'prev_value': 1534200, 'change': 420, 'player_num': 1, 'source': 'base'}
2026-09-13 23:30:54,623 : INFO : EventManager : Event: ======'stars_t41_on'====== Args={'priority': 0}
2026-09-13 23:30:54,623 : INFO : EventManager : Event: ======'brian_combo_step1'====== Args={'priority': 0}
2026-09-13 23:30:54,623 : INFO : EventManager : Event: ======'stars_count_updated'====== Args={'priority': 0}
2026-09-13 23:30:54,623 : INFO : EventManager : Event: ======'stars_monitor_t41_on'====== Args={'priority': 0}
2026-09-13 23:30:54,623 : INFO : EventManager : Event: ======'player_stars_t41'====== Args={'value': 1, 'prev_value': 0, 'change': 1, 'player_num': 1, 'source': 'stars_mode'}
2026-09-13 23:30:54,624 : INFO : EventManager : Event: ======'player_stars_targets_lit_count'====== Args={'value': 2, 'prev_value': 1, 'change': 1, 'player_num': 1, 'source': 'stars_mode'}
2026-09-13 23:30:54,635 : INFO : EventManager : Event: ======'player_score'====== Args={'value': 1535040, 'prev_value': 1534620, 'change': 420, 'player_num': 1, 'source': 'base'}
2026-09-13 23:30:54,641 : INFO : SwitchController : <<<<<<< 's_41_stand_up_target_6' inactive >>>>>>>
2026-09-13 23:30:54,647 : INFO : SwitchController : <<<<<<< 's_66_varitarget_position_3' active >>>>>>>
2026-09-13 23:30:54,647 : INFO : EventManager : Event: ======'s_66_varitarget_position_3_active'====== Args={}
2026-09-13 23:30:54,647 : INFO : EventManager : Event: ======'sw_vari'====== Args={}
2026-09-13 23:30:54,647 : INFO : EventManager : Event: ======'machine_var_audits_switches_s_66_varitarget_position_3'====== Args={'value': 936, 'prev_value': 935, 'change': 1}
2026-09-13 23:30:54,647 : INFO : SwitchController : <<<<<<< 's_41_stand_up_target_6' active >>>>>>>
2026-09-13 23:30:54,648 : INFO : EventManager : Event: ======'s_41_stand_up_target_6_active'====== Args={}
2026-09-13 23:30:54,648 : INFO : EventManager : Event: ======'sw_playfield_active'====== Args={}
2026-09-13 23:30:54,648 : INFO : EventManager : Event: ======'sw_standups'====== Args={}
2026-09-13 23:30:54,648 : INFO : EventManager : Event: ======'machine_var_audits_switches_s_41_stand_up_target_6'====== Args={'value': 5117, 'prev_value': 5116, 'change': 1}
2026-09-13 23:30:54,648 : INFO : SwitchController : <<<<<<< 's_41_stand_up_target_6' inactive >>>>>>>
2026-09-13 23:30:54,648 : INFO : SwitchController : <<<<<<< 's_66_varitarget_position_3' inactive >>>>>>>
2026-09-13 23:30:54,650 : INFO : EventManager : Event: ======'glasses_pending_position_3'====== Args={'priority': 0}
2026-09-13 23:30:54,650 : INFO : EventManager : Event: ======'machine_var_audits_shots_varitarget_p3'====== Args={'value': 936, 'prev_value': 935, 'change': 1}
2026-09-13 23:30:54,650 : INFO : EventManager : Event: ======'varitarget_p3_hit'====== Args={'profile': 'default', 'state': 'lit', 'advancing': False}
2026-09-13 23:30:54,650 : INFO : EventManager : Event: ======'varitarget_p3_default_hit'====== Args={'profile': 'default', 'state': 'lit', 'advancing': False}
2026-09-13 23:30:54,650 : INFO : EventManager : Event: ======'varitarget_p3_default_lit_hit'====== Args={'profile': 'default', 'state': 'lit', 'advancing': False}
2026-09-13 23:30:54,650 : INFO : EventManager : Event: ======'varitarget_p3_lit_hit'====== Args={'profile': 'default', 'state': 'lit', 'advancing': False}
2026-09-13 23:30:54,650 : INFO : EventManager : Event: ======'varitarget_position_changed'====== Args={'priority': 0}
2026-09-13 23:30:54,651 : INFO : EventManager : Event: ======'glasses_position_confirm_restart'====== Args={'priority': 0}
2026-09-13 23:30:54,651 : INFO : EventManager : Event: ======'timer_glasses_position_confirm_tick'====== Args={'ticks': 0, 'ticks_remaining': 1}
2026-09-13 23:30:54,651 : INFO : EventManager : Event: ======'varitarget_positions_hit'====== Args={'shot': 'varitarget_p3'}
2026-09-13 23:30:54,651 : INFO : EventManager : Event: ======'varitarget_positions_lit_hit'====== Args={'shot': 'varitarget_p3'}
2026-09-13 23:30:54,651 : INFO : EventManager : Event: ======'varitarget_update_stable'====== Args={'priority': 0}
2026-09-13 23:30:54,651 : INFO : EventManager : Event: ======'player_score'====== Args={'value': 1535460, 'prev_value': 1535040, 'change': 420, 'player_num': 1, 'source': 'base'}
2026-09-13 23:30:54,657 : INFO : EventManager : Event: ======'stars_t41_off'====== Args={'priority': 0}
2026-09-13 23:30:54,657 : INFO : EventManager : Event: ======'brian_combo_step1'====== Args={'priority': 0}
2026-09-13 23:30:54,657 : INFO : EventManager : Event: ======'stars_count_updated'====== Args={'priority': 0}
2026-09-13 23:30:54,657 : INFO : EventManager : Event: ======'stars_monitor_t41_off'====== Args={'priority': 0}
2026-09-13 23:30:54,657 : INFO : EventManager : Event: ======'player_stars_t41'====== Args={'value': 0, 'prev_value': 1, 'change': -1, 'player_num': 1, 'source': 'stars_mode'}
2026-09-13 23:30:54,657 : INFO : EventManager : Event: ======'player_stars_targets_lit_count'====== Args={'value': 1, 'prev_value': 2, 'change': -1, 'player_num': 1, 'source': 'stars_mode'}
2026-09-13 23:30:54,669 : INFO : EventManager : Event: ======'player_score'====== Args={'value': 1535880, 'prev_value': 1535460, 'change': 420, 'player_num': 1, 'source': 'base'}
2026-09-13 23:30:54,676 : INFO : SwitchController : <<<<<<< 's_66_varitarget_position_3' active >>>>>>>
2026-09-13 23:30:54,676 : INFO : EventManager : Event: ======'s_66_varitarget_position_3_active'====== Args={}
2026-09-13 23:30:54,676 : INFO : EventManager : Event: ======'sw_vari'====== Args={}
2026-09-13 23:30:54,676 : INFO : EventManager : Event: ======'machine_var_audits_switches_s_66_varitarget_position_3'====== Args={'value': 937, 'prev_value': 936, 'change': 1}
2026-09-13 23:30:54,681 : INFO : EventManager : Event: ======'glasses_pending_position_3'====== Args={'priority': 0}
2026-09-13 23:30:54,681 : INFO : EventManager : Event: ======'machine_var_audits_shots_varitarget_p3'====== Args={'value': 937, 'prev_value': 936, 'change': 1}
2026-09-13 23:30:54,681 : INFO : EventManager : Event: ======'varitarget_p3_hit'====== Args={'profile': 'default', 'state': 'lit', 'advancing': False}
2026-09-13 23:30:54,681 : INFO : EventManager : Event: ======'varitarget_p3_default_hit'====== Args={'profile': 'default', 'state': 'lit', 'advancing': False}
2026-09-13 23:30:54,681 : INFO : EventManager : Event: ======'varitarget_p3_default_lit_hit'====== Args={'profile': 'default', 'state': 'lit', 'advancing': False}
2026-09-13 23:30:54,682 : INFO : EventManager : Event: ======'varitarget_p3_lit_hit'====== Args={'profile': 'default', 'state': 'lit', 'advancing': False}
2026-09-13 23:30:54,682 : INFO : EventManager : Event: ======'varitarget_position_changed'====== Args={'priority': 0}
2026-09-13 23:30:54,682 : INFO : EventManager : Event: ======'glasses_position_confirm_restart'====== Args={'priority': 0}
2026-09-13 23:30:54,682 : INFO : EventManager : Event: ======'timer_glasses_position_confirm_tick'====== Args={'ticks': 0, 'ticks_remaining': 1}
2026-09-13 23:30:54,682 : INFO : EventManager : Event: ======'varitarget_positions_hit'====== Args={'shot': 'varitarget_p3'}
2026-09-13 23:30:54,682 : INFO : EventManager : Event: ======'varitarget_positions_lit_hit'====== Args={'shot': 'varitarget_p3'}
2026-09-13 23:30:54,682 : INFO : EventManager : Event: ======'varitarget_update_stable'====== Args={'priority': 0}
2026-09-13 23:30:54,682 : INFO : EventManager : Event: ======'player_score'====== Args={'value': 1536300, 'prev_value': 1535880, 'change': 420, 'player_num': 1, 'source': 'base'}
2026-09-13 23:30:54,688 : INFO : SwitchController : <<<<<<< 's_66_varitarget_position_3' inactive >>>>>>>
2026-09-13 23:30:54,688 : INFO : SwitchController : <<<<<<< 's_66_varitarget_position_3' active >>>>>>>
2026-09-13 23:30:54,688 : INFO : EventManager : Event: ======'s_66_varitarget_position_3_active'====== Args={}
2026-09-13 23:30:54,688 : INFO : EventManager : Event: ======'sw_vari'====== Args={}
2026-09-13 23:30:54,689 : INFO : EventManager : Event: ======'machine_var_audits_switches_s_66_varitarget_position_3'====== Args={'value': 938, 'prev_value': 937, 'change': 1}
2026-09-13 23:30:54,689 : INFO : SwitchController : <<<<<<< 's_66_varitarget_position_3' inactive >>>>>>>
2026-09-13 23:30:54,689 : INFO : EventManager : Event: ======'glasses_pending_position_3'====== Args={'priority': 0}
2026-09-13 23:30:54,689 : INFO : EventManager : Event: ======'machine_var_audits_shots_varitarget_p3'====== Args={'value': 938, 'prev_value': 937, 'change': 1}
2026-09-13 23:30:54,689 : INFO : EventManager : Event: ======'varitarget_p3_hit'====== Args={'profile': 'default', 'state': 'lit', 'advancing': False}
2026-09-13 23:30:54,689 : INFO : EventManager : Event: ======'varitarget_p3_default_hit'====== Args={'profile': 'default', 'state': 'lit', 'advancing': False}
2026-09-13 23:30:54,689 : INFO : EventManager : Event: ======'varitarget_p3_default_lit_hit'====== Args={'profile': 'default', 'state': 'lit', 'advancing': False}
2026-09-13 23:30:54,689 : INFO : EventManager : Event: ======'varitarget_p3_lit_hit'====== Args={'profile': 'default', 'state': 'lit', 'advancing': False}
2026-09-13 23:30:54,689 : INFO : EventManager : Event: ======'varitarget_position_changed'====== Args={'priority': 0}
2026-09-13 23:30:54,689 : INFO : EventManager : Event: ======'glasses_position_confirm_restart'====== Args={'priority': 0}
2026-09-13 23:30:54,689 : INFO : EventManager : Event: ======'timer_glasses_position_confirm_tick'====== Args={'ticks': 0, 'ticks_remaining': 1}
2026-09-13 23:30:54,689 : INFO : EventManager : Event: ======'varitarget_positions_hit'====== Args={'shot': 'varitarget_p3'}
2026-09-13 23:30:54,689 : INFO : EventManager : Event: ======'varitarget_positions_lit_hit'====== Args={'shot': 'varitarget_p3'}
2026-09-13 23:30:54,690 : INFO : EventManager : Event: ======'varitarget_update_stable'====== Args={'priority': 0}
2026-09-13 23:30:54,690 : INFO : EventManager : Event: ======'player_score'====== Args={'value': 1536720, 'prev_value': 1536300, 'change': 420, 'player_num': 1, 'source': 'base'}
2026-09-13 23:30:54,701 : INFO : EventManager : Event: ======'player_glasses_mode_glasses_home_pulse_timer_tick'====== Args={'value': 3, 'prev_value': 2, 'change': 1, 'player_num': 1}
2026-09-13 23:30:54,701 : INFO : EventManager : Event: ======'timer_glasses_home_pulse_timer_tick'====== Args={'ticks': 3, 'ticks_remaining': 7}
2026-09-13 23:30:54,707 : INFO : EventManager : Event: ======'glasses_home_pulse'====== Args={'priority': 0}
2026-09-13 23:30:54,707 : INFO : coil.c_16_varitarget_reset : Pulsing Driver for 5ms (1.0 pulse_power)
2026-09-13 23:30:54,707 : INFO : EventManager : Event: ======'player_glasses_home_pulse_count'====== Args={'value': 4, 'prev_value': 3, 'change': 1, 'player_num': 1, 'source': 'glasses_mode'}
2026-09-13 23:30:54,713 : INFO : SwitchController : <<<<<<< 's_66_varitarget_position_3' active >>>>>>>
2026-09-13 23:30:54,713 : INFO : EventManager : Event: ======'s_66_varitarget_position_3_active'====== Args={}
2026-09-13 23:30:54,713 : INFO : EventManager : Event: ======'sw_vari'====== Args={}
2026-09-13 23:30:54,713 : INFO : EventManager : Event: ======'machine_var_audits_switches_s_66_varitarget_position_3'====== Args={'value': 939, 'prev_value': 938, 'change': 1}
2026-09-13 23:30:54,713 : INFO : EventManager : Event: ======'glasses_pending_position_3'====== Args={'priority': 0}
2026-09-13 23:30:54,713 : INFO : EventManager : Event: ======'machine_var_audits_shots_varitarget_p3'====== Args={'value': 939, 'prev_value': 938, 'change': 1}
2026-09-13 23:30:54,714 : INFO : EventManager : Event: ======'varitarget_p3_hit'====== Args={'profile': 'default', 'state': 'lit', 'advancing': False}
2026-09-13 23:30:54,714 : INFO : EventManager : Event: ======'varitarget_p3_default_hit'====== Args={'profile': 'default', 'state': 'lit', 'advancing': False}
2026-09-13 23:30:54,714 : INFO : EventManager : Event: ======'varitarget_p3_default_lit_hit'====== Args={'profile': 'default', 'state': 'lit', 'advancing': False}
2026-09-13 23:30:54,714 : INFO : EventManager : Event: ======'varitarget_p3_lit_hit'====== Args={'profile': 'default', 'state': 'lit', 'advancing': False}
2026-09-13 23:30:54,714 : INFO : EventManager : Event: ======'varitarget_position_changed'====== Args={'priority': 0}
2026-09-13 23:30:54,714 : INFO : EventManager : Event: ======'glasses_position_confirm_restart'====== Args={'priority': 0}
2026-09-13 23:30:54,714 : INFO : EventManager : Event: ======'timer_glasses_position_confirm_tick'====== Args={'ticks': 0, 'ticks_remaining': 1}
2026-09-13 23:30:54,714 : INFO : EventManager : Event: ======'varitarget_positions_hit'====== Args={'shot': 'varitarget_p3'}
2026-09-13 23:30:54,714 : INFO : EventManager : Event: ======'varitarget_positions_lit_hit'====== Args={'shot': 'varitarget_p3'}
2026-09-13 23:30:54,715 : INFO : EventManager : Event: ======'varitarget_update_stable'====== Args={'priority': 0}
2026-09-13 23:30:54,715 : INFO : EventManager : Event: ======'player_score'====== Args={'value': 1537140, 'prev_value': 1536720, 'change': 420, 'player_num': 1, 'source': 'base'}
2026-09-13 23:30:54,722 : INFO : SwitchController : <<<<<<< 's_66_varitarget_position_3' inactive >>>>>>>
2026-09-13 23:30:54,722 : INFO : SwitchController : <<<<<<< 's_66_varitarget_position_3' active >>>>>>>
2026-09-13 23:30:54,722 : INFO : EventManager : Event: ======'s_66_varitarget_position_3_active'====== Args={}
2026-09-13 23:30:54,722 : INFO : EventManager : Event: ======'sw_vari'====== Args={}
2026-09-13 23:30:54,722 : INFO : EventManager : Event: ======'machine_var_audits_switches_s_66_varitarget_position_3'====== Args={'value': 940, 'prev_value': 939, 'change': 1}
2026-09-13 23:30:54,722 : INFO : EventManager : Event: ======'glasses_pending_position_3'====== Args={'priority': 0}
2026-09-13 23:30:54,722 : INFO : EventManager : Event: ======'machine_var_audits_shots_varitarget_p3'====== Args={'value': 940, 'prev_value': 939, 'change': 1}
2026-09-13 23:30:54,722 : INFO : EventManager : Event: ======'varitarget_p3_hit'====== Args={'profile': 'default', 'state': 'lit', 'advancing': False}
2026-09-13 23:30:54,722 : INFO : EventManager : Event: ======'varitarget_p3_default_hit'====== Args={'profile': 'default', 'state': 'lit', 'advancing': False}
2026-09-13 23:30:54,722 : INFO : EventManager : Event: ======'varitarget_p3_default_lit_hit'====== Args={'profile': 'default', 'state': 'lit', 'advancing': False}
2026-09-13 23:30:54,723 : INFO : EventManager : Event: ======'varitarget_p3_lit_hit'====== Args={'profile': 'default', 'state': 'lit', 'advancing': False}
2026-09-13 23:30:54,723 : INFO : EventManager : Event: ======'varitarget_position_changed'====== Args={'priority': 0}
2026-09-13 23:30:54,723 : INFO : EventManager : Event: ======'glasses_position_confirm_restart'====== Args={'priority': 0}
2026-09-13 23:30:54,723 : INFO : EventManager : Event: ======'timer_glasses_position_confirm_tick'====== Args={'ticks': 0, 'ticks_remaining': 1}
2026-09-13 23:30:54,723 : INFO : EventManager : Event: ======'varitarget_positions_hit'====== Args={'shot': 'varitarget_p3'}
2026-09-13 23:30:54,723 : INFO : EventManager : Event: ======'varitarget_positions_lit_hit'====== Args={'shot': 'varitarget_p3'}
2026-09-13 23:30:54,723 : INFO : EventManager : Event: ======'varitarget_update_stable'====== Args={'priority': 0}
2026-09-13 23:30:54,723 : INFO : EventManager : Event: ======'player_score'====== Args={'value': 1537560, 'prev_value': 1537140, 'change': 420, 'player_num': 1, 'source': 'base'}
2026-09-13 23:30:54,734 : INFO : SwitchController : <<<<<<< 's_66_varitarget_position_3' inactive >>>>>>>
2026-09-13 23:30:54,734 : INFO : SwitchController : <<<<<<< 's_66_varitarget_position_3' active >>>>>>>
2026-09-13 23:30:54,734 : INFO : EventManager : Event: ======'s_66_varitarget_position_3_active'====== Args={}
2026-09-13 23:30:54,735 : INFO : EventManager : Event: ======'sw_vari'====== Args={}
2026-09-13 23:30:54,735 : INFO : EventManager : Event: ======'machine_var_audits_switches_s_66_varitarget_position_3'====== Args={'value': 941, 'prev_value': 940, 'change': 1}
2026-09-13 23:30:54,735 : INFO : EventManager : Event: ======'glasses_pending_position_3'====== Args={'priority': 0}
2026-09-13 23:30:54,736 : INFO : EventManager : Event: ======'machine_var_audits_shots_varitarget_p3'====== Args={'value': 941, 'prev_value': 940, 'change': 1}
2026-09-13 23:30:54,736 : INFO : EventManager : Event: ======'varitarget_p3_hit'====== Args={'profile': 'default', 'state': 'lit', 'advancing': False}
2026-09-13 23:30:54,736 : INFO : EventManager : Event: ======'varitarget_p3_default_hit'====== Args={'profile': 'default', 'state': 'lit', 'advancing': False}
2026-09-13 23:30:54,736 : INFO : EventManager : Event: ======'varitarget_p3_default_lit_hit'====== Args={'profile': 'default', 'state': 'lit', 'advancing': False}
2026-09-13 23:30:54,736 : INFO : EventManager : Event: ======'varitarget_p3_lit_hit'====== Args={'profile': 'default', 'state': 'lit', 'advancing': False}
2026-09-13 23:30:54,736 : INFO : EventManager : Event: ======'varitarget_position_changed'====== Args={'priority': 0}
2026-09-13 23:30:54,736 : INFO : EventManager : Event: ======'glasses_position_confirm_restart'====== Args={'priority': 0}
2026-09-13 23:30:54,736 : INFO : EventManager : Event: ======'timer_glasses_position_confirm_tick'====== Args={'ticks': 0, 'ticks_remaining': 1}
2026-09-13 23:30:54,736 : INFO : EventManager : Event: ======'varitarget_positions_hit'====== Args={'shot': 'varitarget_p3'}
2026-09-13 23:30:54,736 : INFO : EventManager : Event: ======'varitarget_positions_lit_hit'====== Args={'shot': 'varitarget_p3'}
2026-09-13 23:30:54,736 : INFO : EventManager : Event: ======'varitarget_update_stable'====== Args={'priority': 0}
2026-09-13 23:30:54,736 : INFO : EventManager : Event: ======'player_score'====== Args={'value': 1537980, 'prev_value': 1537560, 'change': 420, 'player_num': 1, 'source': 'base'}
2026-09-13 23:30:54,753 : INFO : SwitchController : <<<<<<< 's_66_varitarget_position_3' inactive >>>>>>>
2026-09-13 23:30:54,774 : INFO : SwitchController : <<<<<<< 's_65_varitarget_position_2' active >>>>>>>
2026-09-13 23:30:54,774 : INFO : EventManager : Event: ======'s_65_varitarget_position_2_active'====== Args={}
2026-09-13 23:30:54,774 : INFO : EventManager : Event: ======'sw_vari'====== Args={}
2026-09-13 23:30:54,774 : INFO : EventManager : Event: ======'machine_var_audits_switches_s_65_varitarget_position_2'====== Args={'value': 1008, 'prev_value': 1007, 'change': 1}
2026-09-13 23:30:54,774 : INFO : EventManager : Event: ======'glasses_pending_position_2'====== Args={'priority': 0}
2026-09-13 23:30:54,774 : INFO : EventManager : Event: ======'machine_var_audits_shots_varitarget_p2'====== Args={'value': 1007, 'prev_value': 1006, 'change': 1}
2026-09-13 23:30:54,775 : INFO : EventManager : Event: ======'varitarget_p2_hit'====== Args={'profile': 'default', 'state': 'lit', 'advancing': False}
2026-09-13 23:30:54,775 : INFO : EventManager : Event: ======'varitarget_p2_default_hit'====== Args={'profile': 'default', 'state': 'lit', 'advancing': False}
2026-09-13 23:30:54,775 : INFO : EventManager : Event: ======'varitarget_p2_default_lit_hit'====== Args={'profile': 'default', 'state': 'lit', 'advancing': False}
2026-09-13 23:30:54,775 : INFO : EventManager : Event: ======'varitarget_p2_lit_hit'====== Args={'profile': 'default', 'state': 'lit', 'advancing': False}
2026-09-13 23:30:54,775 : INFO : EventManager : Event: ======'varitarget_position_changed'====== Args={'priority': 0}
2026-09-13 23:30:54,775 : INFO : EventManager : Event: ======'player_varitarget_position'====== Args={'value': 2, 'prev_value': 3, 'change': -1, 'player_num': 1, 'source': 'base'}
2026-09-13 23:30:54,775 : INFO : EventManager : Event: ======'glasses_position_confirm_restart'====== Args={'priority': 0}
2026-09-13 23:30:54,775 : INFO : EventManager : Event: ======'player_glasses_pending_position'====== Args={'value': 2, 'prev_value': 3, 'change': -1, 'player_num': 1, 'source': 'glasses_mode'}
2026-09-13 23:30:54,775 : INFO : EventManager : Event: ======'timer_glasses_position_confirm_tick'====== Args={'ticks': 0, 'ticks_remaining': 1}
2026-09-13 23:30:54,781 : INFO : EventManager : Event: ======'varitarget_positions_hit'====== Args={'shot': 'varitarget_p2'}
2026-09-13 23:30:54,781 : INFO : EventManager : Event: ======'varitarget_positions_lit_hit'====== Args={'shot': 'varitarget_p2'}
2026-09-13 23:30:54,782 : INFO : EventManager : Event: ======'varitarget_update_stable'====== Args={'priority': 0}
2026-09-13 23:30:54,782 : INFO : EventManager : Event: ======'player_varitarget_stable_position'====== Args={'value': 2, 'prev_value': 3, 'change': -1, 'player_num': 1, 'source': 'base'}
2026-09-13 23:30:54,793 : INFO : EventManager : Event: ======'player_score'====== Args={'value': 1538400, 'prev_value': 1537980, 'change': 420, 'player_num': 1, 'source': 'base'}
2026-09-13 23:30:54,804 : INFO : SwitchController : <<<<<<< 's_65_varitarget_position_2' inactive >>>>>>>
2026-09-13 23:30:54,804 : INFO : SwitchController : <<<<<<< 's_64_varitarget_position_1' inactive >>>>>>>
2026-09-13 23:30:54,804 : INFO : SwitchController : <<<<<<< 's_64_varitarget_position_1' active >>>>>>>
2026-09-13 23:30:54,804 : INFO : EventManager : Event: ======'s_64_varitarget_position_1_active'====== Args={}
2026-09-13 23:30:54,804 : INFO : EventManager : Event: ======'sw_vari'====== Args={}
2026-09-13 23:30:54,804 : INFO : EventManager : Event: ======'machine_var_audits_switches_s_64_varitarget_position_1'====== Args={'value': 16597, 'prev_value': 16596, 'change': 1}
2026-09-13 23:30:54,805 : INFO : EventManager : Event: ======'glasses_pending_position_1'====== Args={'priority': 0}
2026-09-13 23:30:54,805 : INFO : EventManager : Event: ======'machine_var_audits_shots_varitarget_p1'====== Args={'value': 16564, 'prev_value': 16563, 'change': 1}
2026-09-13 23:30:54,805 : INFO : EventManager : Event: ======'varitarget_p1_hit'====== Args={'profile': 'default', 'state': 'lit', 'advancing': False}
2026-09-13 23:30:54,805 : INFO : EventManager : Event: ======'varitarget_p1_default_hit'====== Args={'profile': 'default', 'state': 'lit', 'advancing': False}
2026-09-13 23:30:54,805 : INFO : EventManager : Event: ======'varitarget_p1_default_lit_hit'====== Args={'profile': 'default', 'state': 'lit', 'advancing': False}
2026-09-13 23:30:54,805 : INFO : EventManager : Event: ======'varitarget_p1_lit_hit'====== Args={'profile': 'default', 'state': 'lit', 'advancing': False}
2026-09-13 23:30:54,806 : INFO : EventManager : Event: ======'varitarget_position_changed'====== Args={'priority': 0}
2026-09-13 23:30:54,806 : INFO : EventManager : Event: ======'varitarget_reset_stop'====== Args={'priority': 0}
2026-09-13 23:30:54,806 : INFO : EventManager : Event: ======'varitarget_reset_complete'====== Args={'priority': 0}
2026-09-13 23:30:54,806 : INFO : EventManager : Event: ======'player_varitarget_position'====== Args={'value': 1, 'prev_value': 2, 'change': -1, 'player_num': 1, 'source': 'base'}
2026-09-13 23:30:54,806 : INFO : EventManager : Event: ======'glasses_position_confirm_restart'====== Args={'priority': 0}
2026-09-13 23:30:54,806 : INFO : EventManager : Event: ======'player_glasses_pending_position'====== Args={'value': 1, 'prev_value': 2, 'change': -1, 'player_num': 1, 'source': 'glasses_mode'}
2026-09-13 23:30:54,806 : INFO : EventManager : Event: ======'timer_glasses_position_confirm_tick'====== Args={'ticks': 0, 'ticks_remaining': 1}
2026-09-13 23:30:54,811 : INFO : EventManager : Event: ======'varitarget_positions_hit'====== Args={'shot': 'varitarget_p1'}
2026-09-13 23:30:54,812 : INFO : EventManager : Event: ======'varitarget_positions_lit_hit'====== Args={'shot': 'varitarget_p1'}
2026-09-13 23:30:54,812 : INFO : EventManager : Event: ======'varitarget_update_stable'====== Args={'priority': 0}
2026-09-13 23:30:54,812 : INFO : EventManager : Event: ======'player_varitarget_stable_position'====== Args={'value': 1, 'prev_value': 2, 'change': -1, 'player_num': 1, 'source': 'base'}
2026-09-13 23:30:54,818 : INFO : Timer.varitarget_reset_timer : Stopping Timer
2026-09-13 23:30:54,818 : INFO : EventManager : Event: ======'timer_varitarget_reset_timer_stopped'====== Args={'ticks': 0, 'ticks_remaining': 999999}
2026-09-13 23:30:54,824 : INFO : EventManager : Event: ======'player_score'====== Args={'value': 1538820, 'prev_value': 1538400, 'change': 420, 'player_num': 1, 'source': 'base'}
2026-09-13 23:30:54,835 : INFO : SwitchController : <<<<<<< 's_64_varitarget_position_1' inactive >>>>>>>
2026-09-13 23:30:54,835 : INFO : SwitchController : <<<<<<< 's_64_varitarget_position_1' active >>>>>>>
2026-09-13 23:30:54,835 : INFO : EventManager : Event: ======'s_64_varitarget_position_1_active'====== Args={}
2026-09-13 23:30:54,835 : INFO : EventManager : Event: ======'sw_vari'====== Args={}
2026-09-13 23:30:54,835 : INFO : EventManager : Event: ======'machine_var_audits_switches_s_64_varitarget_position_1'====== Args={'value': 16598, 'prev_value': 16597, 'change': 1}
2026-09-13 23:30:54,835 : INFO : EventManager : Event: ======'glasses_pending_position_1'====== Args={'priority': 0}
2026-09-13 23:30:54,836 : INFO : EventManager : Event: ======'machine_var_audits_shots_varitarget_p1'====== Args={'value': 16565, 'prev_value': 16564, 'change': 1}
2026-09-13 23:30:54,836 : INFO : EventManager : Event: ======'varitarget_p1_hit'====== Args={'profile': 'default', 'state': 'lit', 'advancing': False}
2026-09-13 23:30:54,836 : INFO : EventManager : Event: ======'varitarget_p1_default_hit'====== Args={'profile': 'default', 'state': 'lit', 'advancing': False}
2026-09-13 23:30:54,836 : INFO : EventManager : Event: ======'varitarget_p1_default_lit_hit'====== Args={'profile': 'default', 'state': 'lit', 'advancing': False}
2026-09-13 23:30:54,836 : INFO : EventManager : Event: ======'varitarget_p1_lit_hit'====== Args={'profile': 'default', 'state': 'lit', 'advancing': False}
2026-09-13 23:30:54,836 : INFO : EventManager : Event: ======'varitarget_position_changed'====== Args={'priority': 0}
2026-09-13 23:30:54,836 : INFO : EventManager : Event: ======'varitarget_reset_stop'====== Args={'priority': 0}
2026-09-13 23:30:54,836 : INFO : EventManager : Event: ======'varitarget_reset_complete'====== Args={'priority': 0}
2026-09-13 23:30:54,836 : INFO : EventManager : Event: ======'glasses_position_confirm_restart'====== Args={'priority': 0}
2026-09-13 23:30:54,836 : INFO : EventManager : Event: ======'timer_glasses_position_confirm_tick'====== Args={'ticks': 0, 'ticks_remaining': 1}
2026-09-13 23:30:54,836 : INFO : EventManager : Event: ======'varitarget_positions_hit'====== Args={'shot': 'varitarget_p1'}
2026-09-13 23:30:54,836 : INFO : EventManager : Event: ======'varitarget_positions_lit_hit'====== Args={'shot': 'varitarget_p1'}
2026-09-13 23:30:54,836 : INFO : EventManager : Event: ======'varitarget_update_stable'====== Args={'priority': 0}
2026-09-13 23:30:54,836 : INFO : Timer.varitarget_reset_timer : Stopping Timer
2026-09-13 23:30:54,837 : INFO : EventManager : Event: ======'timer_varitarget_reset_timer_stopped'====== Args={'ticks': 0, 'ticks_remaining': 999999}
2026-09-13 23:30:54,837 : INFO : EventManager : Event: ======'player_score'====== Args={'value': 1539240, 'prev_value': 1538820, 'change': 420, 'player_num': 1, 'source': 'base'}
2026-09-13 23:30:54,896 : INFO : EventManager : Event: ======'player_glasses_mode_glasses_home_pulse_timer_tick'====== Args={'value': 4, 'prev_value': 3, 'change': 1, 'player_num': 1}
2026-09-13 23:30:54,896 : INFO : EventManager : Event: ======'timer_glasses_home_pulse_timer_tick'====== Args={'ticks': 4, 'ticks_remaining': 6}
2026-09-13 23:30:54,902 : INFO : EventManager : Event: ======'glasses_home_pulse'====== Args={'priority': 0}
2026-09-13 23:30:54,902 : INFO : coil.c_16_varitarget_reset : Pulsing Driver for 5ms (1.0 pulse_power)
2026-09-13 23:30:54,902 : INFO : EventManager : Event: ======'player_glasses_home_pulse_count'====== Args={'value': 5, 'prev_value': 4, 'change': 1, 'player_num': 1, 'source': 'glasses_mode'}
2026-09-13 23:30:54,942 : INFO : SwitchController : <<<<<<< 's_64_varitarget_position_1' inactive >>>>>>>
2026-09-13 23:30:54,942 : INFO : SwitchController : <<<<<<< 's_64_varitarget_position_1' active >>>>>>>
2026-09-13 23:30:54,942 : INFO : EventManager : Event: ======'s_64_varitarget_position_1_active'====== Args={}
2026-09-13 23:30:54,942 : INFO : EventManager : Event: ======'sw_vari'====== Args={}
2026-09-13 23:30:54,942 : INFO : EventManager : Event: ======'machine_var_audits_switches_s_64_varitarget_position_1'====== Args={'value': 16599, 'prev_value': 16598, 'change': 1}
2026-09-13 23:30:54,943 : INFO : EventManager : Event: ======'glasses_pending_position_1'====== Args={'priority': 0}
2026-09-13 23:30:54,943 : INFO : EventManager : Event: ======'machine_var_audits_shots_varitarget_p1'====== Args={'value': 16566, 'prev_value': 16565, 'change': 1}
2026-09-13 23:30:54,943 : INFO : EventManager : Event: ======'varitarget_p1_hit'====== Args={'profile': 'default', 'state': 'lit', 'advancing': False}
2026-09-13 23:30:54,943 : INFO : EventManager : Event: ======'varitarget_p1_default_hit'====== Args={'profile': 'default', 'state': 'lit', 'advancing': False}
2026-09-13 23:30:54,943 : INFO : EventManager : Event: ======'varitarget_p1_default_lit_hit'====== Args={'profile': 'default', 'state': 'lit', 'advancing': False}
2026-09-13 23:30:54,943 : INFO : EventManager : Event: ======'varitarget_p1_lit_hit'====== Args={'profile': 'default', 'state': 'lit', 'advancing': False}
2026-09-13 23:30:54,943 : INFO : EventManager : Event: ======'varitarget_position_changed'====== Args={'priority': 0}
2026-09-13 23:30:54,943 : INFO : EventManager : Event: ======'varitarget_reset_stop'====== Args={'priority': 0}
2026-09-13 23:30:54,943 : INFO : EventManager : Event: ======'varitarget_reset_complete'====== Args={'priority': 0}
2026-09-13 23:30:54,944 : INFO : EventManager : Event: ======'glasses_position_confirm_restart'====== Args={'priority': 0}
2026-09-13 23:30:54,944 : INFO : EventManager : Event: ======'timer_glasses_position_confirm_tick'====== Args={'ticks': 0, 'ticks_remaining': 1}
2026-09-13 23:30:54,944 : INFO : EventManager : Event: ======'varitarget_positions_hit'====== Args={'shot': 'varitarget_p1'}
2026-09-13 23:30:54,944 : INFO : EventManager : Event: ======'varitarget_positions_lit_hit'====== Args={'shot': 'varitarget_p1'}
2026-09-13 23:30:54,944 : INFO : EventManager : Event: ======'varitarget_update_stable'====== Args={'priority': 0}
2026-09-13 23:30:54,944 : INFO : Timer.varitarget_reset_timer : Stopping Timer
2026-09-13 23:30:54,944 : INFO : EventManager : Event: ======'timer_varitarget_reset_timer_stopped'====== Args={'ticks': 0, 'ticks_remaining': 999999}
2026-09-13 23:30:54,944 : INFO : EventManager : Event: ======'player_score'====== Args={'value': 1539660, 'prev_value': 1539240, 'change': 420, 'player_num': 1, 'source': 'base'}
2026-09-13 23:30:55,100 : INFO : EventManager : Event: ======'player_glasses_mode_glasses_home_pulse_timer_tick'====== Args={'value': 5, 'prev_value': 4, 'change': 1, 'player_num': 1}
2026-09-13 23:30:55,100 : INFO : EventManager : Event: ======'timer_glasses_home_pulse_timer_tick'====== Args={'ticks': 5, 'ticks_remaining': 5}
2026-09-13 23:30:55,106 : INFO : EventManager : Event: ======'glasses_home_pulse'====== Args={'priority': 0}
2026-09-13 23:30:55,106 : INFO : coil.c_16_varitarget_reset : Pulsing Driver for 5ms (1.0 pulse_power)
2026-09-13 23:30:55,106 : INFO : EventManager : Event: ======'player_glasses_home_pulse_count'====== Args={'value': 6, 'prev_value': 5, 'change': 1, 'player_num': 1, 'source': 'glasses_mode'}
2026-09-13 23:30:55,150 : INFO : SwitchController : <<<<<<< 's_41_stand_up_target_6' active >>>>>>>
2026-09-13 23:30:55,150 : INFO : EventManager : Event: ======'s_41_stand_up_target_6_active'====== Args={}
2026-09-13 23:30:55,150 : INFO : EventManager : Event: ======'sw_playfield_active'====== Args={}
2026-09-13 23:30:55,150 : INFO : EventManager : Event: ======'sw_standups'====== Args={}
2026-09-13 23:30:55,150 : INFO : EventManager : Event: ======'machine_var_audits_switches_s_41_stand_up_target_6'====== Args={'value': 5118, 'prev_value': 5117, 'change': 1}
2026-09-13 23:30:55,151 : INFO : EventManager : Event: ======'stars_t41_on'====== Args={'priority': 0}
2026-09-13 23:30:55,151 : INFO : EventManager : Event: ======'brian_combo_step1'====== Args={'priority': 0}
2026-09-13 23:30:55,151 : INFO : EventManager : Event: ======'stars_count_updated'====== Args={'priority': 0}
2026-09-13 23:30:55,151 : INFO : EventManager : Event: ======'stars_monitor_t41_on'====== Args={'priority': 0}
2026-09-13 23:30:55,152 : INFO : EventManager : Event: ======'player_stars_t41'====== Args={'value': 1, 'prev_value': 0, 'change': 1, 'player_num': 1, 'source': 'stars_mode'}
2026-09-13 23:30:55,152 : INFO : EventManager : Event: ======'player_stars_targets_lit_count'====== Args={'value': 2, 'prev_value': 1, 'change': 1, 'player_num': 1, 'source': 'stars_mode'}
2026-09-13 23:30:55,163 : INFO : EventManager : Event: ======'player_score'====== Args={'value': 1540080, 'prev_value': 1539660, 'change': 420, 'player_num': 1, 'source': 'base'}
2026-09-13 23:30:55,174 : INFO : SwitchController : <<<<<<< 's_41_stand_up_target_6' inactive >>>>>>>
2026-09-13 23:30:55,245 : INFO : EventManager : Event: ======'player_obey_obey_stage2_timer_tick'====== Args={'value': 136, 'prev_value': 137, 'change': -1, 'player_num': 1}
2026-09-13 23:30:55,245 : INFO : EventManager : Event: ======'timer_obey_stage2_timer_tick'====== Args={'ticks': 136, 'ticks_remaining': 136}
2026-09-13 23:30:55,291 : INFO : EventManager : Event: ======'player_glasses_mode_glasses_home_pulse_timer_tick'====== Args={'value': 6, 'prev_value': 5, 'change': 1, 'player_num': 1}
2026-09-13 23:30:55,291 : INFO : EventManager : Event: ======'timer_glasses_home_pulse_timer_tick'====== Args={'ticks': 6, 'ticks_remaining': 4}
2026-09-13 23:30:55,297 : INFO : EventManager : Event: ======'glasses_home_pulse'====== Args={'priority': 0}
2026-09-13 23:30:55,297 : INFO : coil.c_16_varitarget_reset : Pulsing Driver for 5ms (1.0 pulse_power)
2026-09-13 23:30:55,298 : INFO : EventManager : Event: ======'player_glasses_home_pulse_count'====== Args={'value': 7, 'prev_value': 6, 'change': 1, 'player_num': 1, 'source': 'glasses_mode'}
2026-09-13 23:30:55,497 : INFO : EventManager : Event: ======'player_glasses_mode_glasses_home_pulse_timer_tick'====== Args={'value': 7, 'prev_value': 6, 'change': 1, 'player_num': 1}
2026-09-13 23:30:55,497 : INFO : EventManager : Event: ======'timer_glasses_home_pulse_timer_tick'====== Args={'ticks': 7, 'ticks_remaining': 3}
2026-09-13 23:30:55,503 : INFO : EventManager : Event: ======'glasses_home_pulse'====== Args={'priority': 0}
2026-09-13 23:30:55,503 : INFO : coil.c_16_varitarget_reset : Pulsing Driver for 5ms (1.0 pulse_power)
2026-09-13 23:30:55,504 : INFO : EventManager : Event: ======'player_glasses_home_pulse_count'====== Args={'value': 8, 'prev_value': 7, 'change': 1, 'player_num': 1, 'source': 'glasses_mode'}
2026-09-13 23:30:55,689 : INFO : EventManager : Event: ======'player_glasses_mode_glasses_home_pulse_timer_tick'====== Args={'value': 8, 'prev_value': 7, 'change': 1, 'player_num': 1}
2026-09-13 23:30:55,689 : INFO : EventManager : Event: ======'timer_glasses_home_pulse_timer_tick'====== Args={'ticks': 8, 'ticks_remaining': 2}
2026-09-13 23:30:55,695 : INFO : EventManager : Event: ======'glasses_home_pulse'====== Args={'priority': 0}
2026-09-13 23:30:55,695 : INFO : coil.c_16_varitarget_reset : Pulsing Driver for 5ms (1.0 pulse_power)
2026-09-13 23:30:55,695 : INFO : EventManager : Event: ======'player_glasses_home_pulse_count'====== Args={'value': 9, 'prev_value': 8, 'change': 1, 'player_num': 1, 'source': 'glasses_mode'}
2026-09-13 23:30:55,720 : INFO : SwitchController : <<<<<<< 's_41_stand_up_target_6' active >>>>>>>
2026-09-13 23:30:55,720 : INFO : EventManager : Event: ======'s_41_stand_up_target_6_active'====== Args={}
2026-09-13 23:30:55,720 : INFO : EventManager : Event: ======'sw_playfield_active'====== Args={}
2026-09-13 23:30:55,720 : INFO : EventManager : Event: ======'sw_standups'====== Args={}
2026-09-13 23:30:55,720 : INFO : EventManager : Event: ======'machine_var_audits_switches_s_41_stand_up_target_6'====== Args={'value': 5119, 'prev_value': 5118, 'change': 1}
2026-09-13 23:30:55,721 : INFO : EventManager : Event: ======'stars_t41_off'====== Args={'priority': 0}
2026-09-13 23:30:55,721 : INFO : EventManager : Event: ======'brian_combo_step1'====== Args={'priority': 0}
2026-09-13 23:30:55,721 : INFO : EventManager : Event: ======'stars_count_updated'====== Args={'priority': 0}
2026-09-13 23:30:55,721 : INFO : EventManager : Event: ======'stars_monitor_t41_off'====== Args={'priority': 0}
2026-09-13 23:30:55,721 : INFO : EventManager : Event: ======'player_stars_t41'====== Args={'value': 0, 'prev_value': 1, 'change': -1, 'player_num': 1, 'source': 'stars_mode'}
2026-09-13 23:30:55,721 : INFO : EventManager : Event: ======'player_stars_targets_lit_count'====== Args={'value': 1, 'prev_value': 2, 'change': -1, 'player_num': 1, 'source': 'stars_mode'}
2026-09-13 23:30:55,733 : INFO : EventManager : Event: ======'player_score'====== Args={'value': 1540500, 'prev_value': 1540080, 'change': 420, 'player_num': 1, 'source': 'base'}
2026-09-13 23:30:55,752 : INFO : SwitchController : <<<<<<< 's_41_stand_up_target_6' inactive >>>>>>>
2026-09-13 23:30:55,772 : INFO : SwitchController : <<<<<<< 's_64_varitarget_position_1' inactive >>>>>>>
2026-09-13 23:30:55,772 : INFO : SwitchController : <<<<<<< 's_64_varitarget_position_1' active >>>>>>>
2026-09-13 23:30:55,772 : INFO : EventManager : Event: ======'s_64_varitarget_position_1_active'====== Args={}
2026-09-13 23:30:55,772 : INFO : EventManager : Event: ======'sw_vari'====== Args={}
2026-09-13 23:30:55,773 : INFO : EventManager : Event: ======'machine_var_audits_switches_s_64_varitarget_position_1'====== Args={'value': 16600, 'prev_value': 16599, 'change': 1}
2026-09-13 23:30:55,773 : INFO : EventManager : Event: ======'glasses_pending_position_1'====== Args={'priority': 0}
2026-09-13 23:30:55,773 : INFO : EventManager : Event: ======'machine_var_audits_shots_varitarget_p1'====== Args={'value': 16567, 'prev_value': 16566, 'change': 1}
2026-09-13 23:30:55,773 : INFO : EventManager : Event: ======'varitarget_p1_hit'====== Args={'profile': 'default', 'state': 'lit', 'advancing': False}
2026-09-13 23:30:55,773 : INFO : EventManager : Event: ======'varitarget_p1_default_hit'====== Args={'profile': 'default', 'state': 'lit', 'advancing': False}
2026-09-13 23:30:55,773 : INFO : EventManager : Event: ======'varitarget_p1_default_lit_hit'====== Args={'profile': 'default', 'state': 'lit', 'advancing': False}
2026-09-13 23:30:55,773 : INFO : EventManager : Event: ======'varitarget_p1_lit_hit'====== Args={'profile': 'default', 'state': 'lit', 'advancing': False}
2026-09-13 23:30:55,773 : INFO : EventManager : Event: ======'varitarget_position_changed'====== Args={'priority': 0}
2026-09-13 23:30:55,773 : INFO : EventManager : Event: ======'varitarget_reset_stop'====== Args={'priority': 0}
2026-09-13 23:30:55,774 : INFO : EventManager : Event: ======'varitarget_reset_complete'====== Args={'priority': 0}
2026-09-13 23:30:55,774 : INFO : EventManager : Event: ======'glasses_position_confirm_restart'====== Args={'priority': 0}
2026-09-13 23:30:55,774 : INFO : EventManager : Event: ======'timer_glasses_position_confirm_tick'====== Args={'ticks': 0, 'ticks_remaining': 1}
2026-09-13 23:30:55,774 : INFO : EventManager : Event: ======'varitarget_positions_hit'====== Args={'shot': 'varitarget_p1'}
2026-09-13 23:30:55,774 : INFO : EventManager : Event: ======'varitarget_positions_lit_hit'====== Args={'shot': 'varitarget_p1'}
2026-09-13 23:30:55,774 : INFO : EventManager : Event: ======'varitarget_update_stable'====== Args={'priority': 0}
2026-09-13 23:30:55,774 : INFO : Timer.varitarget_reset_timer : Stopping Timer
2026-09-13 23:30:55,774 : INFO : EventManager : Event: ======'timer_varitarget_reset_timer_stopped'====== Args={'ticks': 0, 'ticks_remaining': 999999}
2026-09-13 23:30:55,774 : INFO : EventManager : Event: ======'player_score'====== Args={'value': 1540920, 'prev_value': 1540500, 'change': 420, 'player_num': 1, 'source': 'base'}
2026-09-13 23:30:55,896 : INFO : EventManager : Event: ======'player_glasses_mode_glasses_home_pulse_timer_tick'====== Args={'value': 9, 'prev_value': 8, 'change': 1, 'player_num': 1}
2026-09-13 23:30:55,897 : INFO : EventManager : Event: ======'timer_glasses_home_pulse_timer_tick'====== Args={'ticks': 9, 'ticks_remaining': 1}
2026-09-13 23:30:55,903 : INFO : EventManager : Event: ======'glasses_home_pulse'====== Args={'priority': 0}
2026-09-13 23:30:55,903 : INFO : coil.c_16_varitarget_reset : Pulsing Driver for 5ms (1.0 pulse_power)
2026-09-13 23:30:55,903 : INFO : EventManager : Event: ======'player_glasses_home_pulse_count'====== Args={'value': 10, 'prev_value': 9, 'change': 1, 'player_num': 1, 'source': 'glasses_mode'}
2026-09-13 23:30:56,007 : INFO : SwitchController : <<<<<<< 's_41_stand_up_target_6' active >>>>>>>
2026-09-13 23:30:56,007 : INFO : EventManager : Event: ======'s_41_stand_up_target_6_active'====== Args={}
2026-09-13 23:30:56,007 : INFO : EventManager : Event: ======'sw_playfield_active'====== Args={}
2026-09-13 23:30:56,007 : INFO : EventManager : Event: ======'sw_standups'====== Args={}
2026-09-13 23:30:56,007 : INFO : EventManager : Event: ======'machine_var_audits_switches_s_41_stand_up_target_6'====== Args={'value': 5120, 'prev_value': 5119, 'change': 1}
2026-09-13 23:30:56,008 : INFO : EventManager : Event: ======'stars_t41_on'====== Args={'priority': 0}
2026-09-13 23:30:56,008 : INFO : EventManager : Event: ======'brian_combo_step1'====== Args={'priority': 0}
2026-09-13 23:30:56,008 : INFO : EventManager : Event: ======'stars_count_updated'====== Args={'priority': 0}
2026-09-13 23:30:56,008 : INFO : EventManager : Event: ======'stars_monitor_t41_on'====== Args={'priority': 0}
2026-09-13 23:30:56,008 : INFO : EventManager : Event: ======'player_stars_t41'====== Args={'value': 1, 'prev_value': 0, 'change': 1, 'player_num': 1, 'source': 'stars_mode'}
2026-09-13 23:30:56,008 : INFO : EventManager : Event: ======'player_stars_targets_lit_count'====== Args={'value': 2, 'prev_value': 1, 'change': 1, 'player_num': 1, 'source': 'stars_mode'}
2026-09-13 23:30:56,020 : INFO : EventManager : Event: ======'player_score'====== Args={'value': 1541340, 'prev_value': 1540920, 'change': 420, 'player_num': 1, 'source': 'base'}
2026-09-13 23:30:56,031 : INFO : SwitchController : <<<<<<< 's_41_stand_up_target_6' inactive >>>>>>>
2026-09-13 23:30:56,031 : INFO : SwitchController : <<<<<<< 's_41_stand_up_target_6' active >>>>>>>
2026-09-13 23:30:56,031 : INFO : EventManager : Event: ======'s_41_stand_up_target_6_active'====== Args={}
2026-09-13 23:30:56,031 : INFO : EventManager : Event: ======'sw_playfield_active'====== Args={}
2026-09-13 23:30:56,031 : INFO : EventManager : Event: ======'sw_standups'====== Args={}
2026-09-13 23:30:56,031 : INFO : EventManager : Event: ======'machine_var_audits_switches_s_41_stand_up_target_6'====== Args={'value': 5121, 'prev_value': 5120, 'change': 1}
2026-09-13 23:30:56,034 : INFO : EventManager : Event: ======'stars_t41_off'====== Args={'priority': 0}
2026-09-13 23:30:56,034 : INFO : EventManager : Event: ======'brian_combo_step1'====== Args={'priority': 0}
2026-09-13 23:30:56,034 : INFO : EventManager : Event: ======'stars_count_updated'====== Args={'priority': 0}
2026-09-13 23:30:56,034 : INFO : EventManager : Event: ======'stars_monitor_t41_off'====== Args={'priority': 0}
2026-09-13 23:30:56,034 : INFO : EventManager : Event: ======'player_stars_t41'====== Args={'value': 0, 'prev_value': 1, 'change': -1, 'player_num': 1, 'source': 'stars_mode'}
2026-09-13 23:30:56,035 : INFO : EventManager : Event: ======'player_stars_targets_lit_count'====== Args={'value': 1, 'prev_value': 2, 'change': -1, 'player_num': 1, 'source': 'stars_mode'}
2026-09-13 23:30:56,046 : INFO : EventManager : Event: ======'player_score'====== Args={'value': 1541760, 'prev_value': 1541340, 'change': 420, 'player_num': 1, 'source': 'base'}
2026-09-13 23:30:56,052 : INFO : SwitchController : <<<<<<< 's_41_stand_up_target_6' inactive >>>>>>>
2026-09-13 23:30:56,102 : INFO : EventManager : Event: ======'player_glasses_mode_glasses_home_pulse_timer_tick'====== Args={'value': 10, 'prev_value': 9, 'change': 1, 'player_num': 1}
2026-09-13 23:30:56,102 : INFO : Timer.glasses_home_pulse_timer : Timer Complete
2026-09-13 23:30:56,102 : INFO : Timer.glasses_home_pulse_timer : Stopping Timer
2026-09-13 23:30:56,102 : INFO : EventManager : Event: ======'timer_glasses_home_pulse_timer_stopped'====== Args={'ticks': 10, 'ticks_remaining': 1}
2026-09-13 23:30:56,102 : INFO : EventManager : Event: ======'timer_glasses_home_pulse_timer_complete'====== Args={'ticks': 10, 'ticks_remaining': 1}
2026-09-13 23:30:56,108 : INFO : EventManager : Event: ======'glasses_home_pulse_timer_stop'====== Args={'priority': 0}
2026-09-13 23:30:56,108 : INFO : EventManager : Event: ======'varitarget_homing_failed'====== Args={'priority': 0}
2026-09-13 23:30:56,108 : INFO : Timer.glasses_home_pulse_timer : Stopping Timer
2026-09-13 23:30:56,108 : INFO : EventManager : Event: ======'timer_glasses_home_pulse_timer_stopped'====== Args={'ticks': 10, 'ticks_remaining': 1}
2026-09-13 23:30:56,108 : INFO : EventManager : Event: ======'glasses_homing_cancel'====== Args={'priority': 0}
2026-09-13 23:30:56,108 : INFO : EventManager : Event: ======'player_glasses_homing_active'====== Args={'value': 0, 'prev_value': 1, 'change': -1, 'player_num': 1, 'source': 'glasses_mode'}
2026-09-13 23:30:56,246 : INFO : EventManager : Event: ======'player_obey_obey_stage2_timer_tick'====== Args={'value': 135, 'prev_value': 136, 'change': -1, 'player_num': 1}
2026-09-13 23:30:56,246 : INFO : EventManager : Event: ======'timer_obey_stage2_timer_tick'====== Args={'ticks': 135, 'ticks_remaining': 135}
2026-09-13 23:30:56,371 : INFO : SwitchController : <<<<<<< 's_41_stand_up_target_6' active >>>>>>>
2026-09-13 23:30:56,371 : INFO : EventManager : Event: ======'s_41_stand_up_target_6_active'====== Args={}
2026-09-13 23:30:56,371 : INFO : EventManager : Event: ======'sw_playfield_active'====== Args={}
2026-09-13 23:30:56,371 : INFO : EventManager : Event: ======'sw_standups'====== Args={}
2026-09-13 23:30:56,371 : INFO : EventManager : Event: ======'machine_var_audits_switches_s_41_stand_up_target_6'====== Args={'value': 5122, 'prev_value': 5121, 'change': 1}
2026-09-13 23:30:56,372 : INFO : EventManager : Event: ======'stars_t41_on'====== Args={'priority': 0}
2026-09-13 23:30:56,372 : INFO : EventManager : Event: ======'brian_combo_step1'====== Args={'priority': 0}
2026-09-13 23:30:56,372 : INFO : EventManager : Event: ======'stars_count_updated'====== Args={'priority': 0}
2026-09-13 23:30:56,372 : INFO : EventManager : Event: ======'stars_monitor_t41_on'====== Args={'priority': 0}
2026-09-13 23:30:56,372 : INFO : EventManager : Event: ======'player_stars_t41'====== Args={'value': 1, 'prev_value': 0, 'change': 1, 'player_num': 1, 'source': 'stars_mode'}
2026-09-13 23:30:56,372 : INFO : EventManager : Event: ======'player_stars_targets_lit_count'====== Args={'value': 2, 'prev_value': 1, 'change': 1, 'player_num': 1, 'source': 'stars_mode'}
2026-09-13 23:30:56,384 : INFO : EventManager : Event: ======'player_score'====== Args={'value': 1542180, 'prev_value': 1541760, 'change': 420, 'player_num': 1, 'source': 'base'}
2026-09-13 23:30:56,397 : INFO : SwitchController : <<<<<<< 's_41_stand_up_target_6' inactive >>>>>>>
2026-09-13 23:30:56,435 : INFO : SwitchController : <<<<<<< 's_41_stand_up_target_6' active >>>>>>>
2026-09-13 23:30:56,435 : INFO : EventManager : Event: ======'s_41_stand_up_target_6_active'====== Args={}
2026-09-13 23:30:56,435 : INFO : EventManager : Event: ======'sw_playfield_active'====== Args={}
2026-09-13 23:30:56,435 : INFO : EventManager : Event: ======'sw_standups'====== Args={}
2026-09-13 23:30:56,435 : INFO : EventManager : Event: ======'machine_var_audits_switches_s_41_stand_up_target_6'====== Args={'value': 5123, 'prev_value': 5122, 'change': 1}
2026-09-13 23:30:56,436 : INFO : SwitchController : <<<<<<< 's_41_stand_up_target_6' inactive >>>>>>>
2026-09-13 23:30:56,436 : INFO : EventManager : Event: ======'stars_t41_off'====== Args={'priority': 0}
2026-09-13 23:30:56,436 : INFO : EventManager : Event: ======'brian_combo_step1'====== Args={'priority': 0}
2026-09-13 23:30:56,436 : INFO : EventManager : Event: ======'stars_count_updated'====== Args={'priority': 0}
2026-09-13 23:30:56,436 : INFO : EventManager : Event: ======'stars_monitor_t41_off'====== Args={'priority': 0}
2026-09-13 23:30:56,437 : INFO : EventManager : Event: ======'player_stars_t41'====== Args={'value': 0, 'prev_value': 1, 'change': -1, 'player_num': 1, 'source': 'stars_mode'}
2026-09-13 23:30:56,437 : INFO : EventManager : Event: ======'player_stars_targets_lit_count'====== Args={'value': 1, 'prev_value': 2, 'change': -1, 'player_num': 1, 'source': 'stars_mode'}
2026-09-13 23:30:56,448 : INFO : EventManager : Event: ======'player_score'====== Args={'value': 1542600, 'prev_value': 1542180, 'change': 420, 'player_num': 1, 'source': 'base'}
2026-09-13 23:30:56,458 : INFO : SwitchController : <<<<<<< 's_41_stand_up_target_6' active >>>>>>>
2026-09-13 23:30:56,458 : INFO : EventManager : Event: ======'s_41_stand_up_target_6_active'====== Args={}
2026-09-13 23:30:56,458 : INFO : EventManager : Event: ======'sw_playfield_active'====== Args={}
2026-09-13 23:30:56,458 : INFO : EventManager : Event: ======'sw_standups'====== Args={}
2026-09-13 23:30:56,458 : INFO : EventManager : Event: ======'machine_var_audits_switches_s_41_stand_up_target_6'====== Args={'value': 5124, 'prev_value': 5123, 'change': 1}
2026-09-13 23:30:56,458 : INFO : SwitchController : <<<<<<< 's_41_stand_up_target_6' inactive >>>>>>>
2026-09-13 23:30:56,459 : INFO : EventManager : Event: ======'stars_t41_on'====== Args={'priority': 0}
2026-09-13 23:30:56,459 : INFO : EventManager : Event: ======'brian_combo_step1'====== Args={'priority': 0}
2026-09-13 23:30:56,459 : INFO : EventManager : Event: ======'stars_count_updated'====== Args={'priority': 0}
2026-09-13 23:30:56,459 : INFO : EventManager : Event: ======'stars_monitor_t41_on'====== Args={'priority': 0}
2026-09-13 23:30:56,459 : INFO : EventManager : Event: ======'player_stars_t41'====== Args={'value': 1, 'prev_value': 0, 'change': 1, 'player_num': 1, 'source': 'stars_mode'}
2026-09-13 23:30:56,459 : INFO : EventManager : Event: ======'player_stars_targets_lit_count'====== Args={'value': 2, 'prev_value': 1, 'change': 1, 'player_num': 1, 'source': 'stars_mode'}
2026-09-13 23:30:56,471 : INFO : EventManager : Event: ======'player_score'====== Args={'value': 1543020, 'prev_value': 1542600, 'change': 420, 'player_num': 1, 'source': 'base'}
2026-09-13 23:30:56,771 : INFO : EventManager : Event: ======'player_glasses_mode_glasses_position_confirm_tick'====== Args={'value': 1, 'prev_value': 0, 'change': 1, 'player_num': 1}
2026-09-13 23:30:56,772 : INFO : Timer.glasses_position_confirm : Timer Complete
2026-09-13 23:30:56,772 : INFO : Timer.glasses_position_confirm : Stopping Timer
2026-09-13 23:30:56,772 : INFO : EventManager : Event: ======'timer_glasses_position_confirm_stopped'====== Args={'ticks': 1, 'ticks_remaining': 1}
2026-09-13 23:30:56,772 : INFO : EventManager : Event: ======'timer_glasses_position_confirm_complete'====== Args={'ticks': 1, 'ticks_remaining': 1}
2026-09-13 23:30:56,773 : INFO : SwitchController : <<<<<<< 's_41_stand_up_target_6' active >>>>>>>
2026-09-13 23:30:56,773 : INFO : EventManager : Event: ======'s_41_stand_up_target_6_active'====== Args={}
2026-09-13 23:30:56,773 : INFO : EventManager : Event: ======'sw_playfield_active'====== Args={}
2026-09-13 23:30:56,773 : INFO : EventManager : Event: ======'sw_standups'====== Args={}
2026-09-13 23:30:56,773 : INFO : EventManager : Event: ======'machine_var_audits_switches_s_41_stand_up_target_6'====== Args={'value': 5125, 'prev_value': 5124, 'change': 1}
2026-09-13 23:30:56,779 : INFO : EventManager : Event: ======'varitarget_position_1_confirmed'====== Args={'priority': 0}
2026-09-13 23:30:56,779 : INFO : EventManager : Event: ======'glasses_enter_state_1'====== Args={'priority': 0}
2026-09-13 23:30:56,779 : INFO : EventManager : Event: ======'glasses_stop_all_shows'====== Args={'priority': 0}
2026-09-13 23:30:56,779 : INFO : EventManager : Event: ======'glasses_state_timer_stop'====== Args={'priority': 0}
2026-09-13 23:30:56,779 : INFO : EventManager : Event: ======'glasses_home_pulse_timer_stop'====== Args={'priority': 0}
2026-09-13 23:30:56,779 : INFO : EventManager : Event: ======'glasses_homing_cancel'====== Args={'priority': 0}
2026-09-13 23:30:56,779 : INFO : EventManager : Event: ======'player_glasses_current_state'====== Args={'value': 1, 'prev_value': 0, 'change': 1, 'player_num': 1, 'source': 'glasses_mode'}
2026-09-13 23:30:56,780 : INFO : EventManager : Event: ======'player_glasses_confirmed_position'====== Args={'value': 1, 'prev_value': 7, 'change': -6, 'player_num': 1, 'source': 'glasses_mode'}
2026-09-13 23:30:56,780 : INFO : Timer.glasses_state_timer : Stopping Timer
2026-09-13 23:30:56,780 : INFO : EventManager : Event: ======'timer_glasses_state_timer_stopped'====== Args={'ticks': 10, 'ticks_remaining': 1}
2026-09-13 23:30:56,780 : INFO : Timer.glasses_home_pulse_timer : Stopping Timer
2026-09-13 23:30:56,780 : INFO : EventManager : Event: ======'timer_glasses_home_pulse_timer_stopped'====== Args={'ticks': 10, 'ticks_remaining': 1}
2026-09-13 23:30:56,792 : INFO : EventManager : Event: ======'stars_t41_off'====== Args={'priority': 0}
2026-09-13 23:30:56,792 : INFO : EventManager : Event: ======'brian_combo_step1'====== Args={'priority': 0}
2026-09-13 23:30:56,792 : INFO : EventManager : Event: ======'stars_count_updated'====== Args={'priority': 0}
2026-09-13 23:30:56,792 : INFO : EventManager : Event: ======'stars_monitor_t41_off'====== Args={'priority': 0}
2026-09-13 23:30:56,792 : INFO : EventManager : Event: ======'player_stars_t41'====== Args={'value': 0, 'prev_value': 1, 'change': -1, 'player_num': 1, 'source': 'stars_mode'}
2026-09-13 23:30:56,792 : INFO : EventManager : Event: ======'player_stars_targets_lit_count'====== Args={'value': 1, 'prev_value': 2, 'change': -1, 'player_num': 1, 'source': 'stars_mode'}
2026-09-13 23:30:56,804 : INFO : EventManager : Event: ======'player_score'====== Args={'value': 1543440, 'prev_value': 1543020, 'change': 420, 'player_num': 1, 'source': 'base'}
2026-09-13 23:30:56,810 : INFO : SwitchController : <<<<<<< 's_41_stand_up_target_6' inactive >>>>>>>
2026-09-13 23:30:56,832 : INFO : SwitchController : <<<<<<< 's_41_stand_up_target_6' active >>>>>>>
2026-09-13 23:30:56,832 : INFO : EventManager : Event: ======'s_41_stand_up_target_6_active'====== Args={}
2026-09-13 23:30:56,832 : INFO : EventManager : Event: ======'sw_playfield_active'====== Args={}
2026-09-13 23:30:56,832 : INFO : EventManager : Event: ======'sw_standups'====== Args={}
2026-09-13 23:30:56,832 : INFO : EventManager : Event: ======'machine_var_audits_switches_s_41_stand_up_target_6'====== Args={'value': 5126, 'prev_value': 5125, 'change': 1}
2026-09-13 23:30:56,833 : INFO : EventManager : Event: ======'stars_t41_on'====== Args={'priority': 0}
2026-09-13 23:30:56,833 : INFO : EventManager : Event: ======'brian_combo_step1'====== Args={'priority': 0}
2026-09-13 23:30:56,833 : INFO : EventManager : Event: ======'stars_count_updated'====== Args={'priority': 0}
2026-09-13 23:30:56,833 : INFO : EventManager : Event: ======'stars_monitor_t41_on'====== Args={'priority': 0}
2026-09-13 23:30:56,833 : INFO : EventManager : Event: ======'player_stars_t41'====== Args={'value': 1, 'prev_value': 0, 'change': 1, 'player_num': 1, 'source': 'stars_mode'}
2026-09-13 23:30:56,834 : INFO : EventManager : Event: ======'player_stars_targets_lit_count'====== Args={'value': 2, 'prev_value': 1, 'change': 1, 'player_num': 1, 'source': 'stars_mode'}
2026-09-13 23:30:56,844 : INFO : EventManager : Event: ======'player_score'====== Args={'value': 1543860, 'prev_value': 1543440, 'change': 420, 'player_num': 1, 'source': 'base'}
2026-09-13 23:30:56,851 : INFO : SwitchController : <<<<<<< 's_41_stand_up_target_6' inactive >>>>>>>
2026-09-13 23:30:56,855 : INFO : SwitchController : <<<<<<< 's_41_stand_up_target_6' active >>>>>>>
2026-09-13 23:30:56,855 : INFO : EventManager : Event: ======'s_41_stand_up_target_6_active'====== Args={}
2026-09-13 23:30:56,856 : INFO : EventManager : Event: ======'sw_playfield_active'====== Args={}
2026-09-13 23:30:56,856 : INFO : EventManager : Event: ======'sw_standups'====== Args={}
2026-09-13 23:30:56,856 : INFO : EventManager : Event: ======'machine_var_audits_switches_s_41_stand_up_target_6'====== Args={'value': 5127, 'prev_value': 5126, 'change': 1}
2026-09-13 23:30:56,856 : INFO : EventManager : Event: ======'stars_t41_off'====== Args={'priority': 0}
2026-09-13 23:30:56,856 : INFO : EventManager : Event: ======'brian_combo_step1'====== Args={'priority': 0}
2026-09-13 23:30:56,856 : INFO : EventManager : Event: ======'stars_count_updated'====== Args={'priority': 0}
2026-09-13 23:30:56,856 : INFO : EventManager : Event: ======'stars_monitor_t41_off'====== Args={'priority': 0}
2026-09-13 23:30:56,857 : INFO : EventManager : Event: ======'player_stars_t41'====== Args={'value': 0, 'prev_value': 1, 'change': -1, 'player_num': 1, 'source': 'stars_mode'}
2026-09-13 23:30:56,857 : INFO : EventManager : Event: ======'player_stars_targets_lit_count'====== Args={'value': 1, 'prev_value': 2, 'change': -1, 'player_num': 1, 'source': 'stars_mode'}
2026-09-13 23:30:56,869 : INFO : EventManager : Event: ======'player_score'====== Args={'value': 1544280, 'prev_value': 1543860, 'change': 420, 'player_num': 1, 'source': 'base'}
2026-09-13 23:30:56,875 : INFO : SwitchController : <<<<<<< 's_41_stand_up_target_6' inactive >>>>>>>
2026-09-13 23:30:57,246 : INFO : EventManager : Event: ======'player_obey_obey_stage2_timer_tick'====== Args={'value': 134, 'prev_value': 135, 'change': -1, 'player_num': 1}
2026-09-13 23:30:57,246 : INFO : EventManager : Event: ======'timer_obey_stage2_timer_tick'====== Args={'ticks': 134, 'ticks_remaining': 134}
2026-09-13 23:30:57,278 : INFO : SwitchController : <<<<<<< 's_41_stand_up_target_6' active >>>>>>>
2026-09-13 23:30:57,278 : INFO : EventManager : Event: ======'s_41_stand_up_target_6_active'====== Args={}
2026-09-13 23:30:57,278 : INFO : EventManager : Event: ======'sw_playfield_active'====== Args={}
2026-09-13 23:30:57,278 : INFO : EventManager : Event: ======'sw_standups'====== Args={}
2026-09-13 23:30:57,278 : INFO : EventManager : Event: ======'machine_var_audits_switches_s_41_stand_up_target_6'====== Args={'value': 5128, 'prev_value': 5127, 'change': 1}
2026-09-13 23:30:57,279 : INFO : EventManager : Event: ======'stars_t41_on'====== Args={'priority': 0}
2026-09-13 23:30:57,279 : INFO : EventManager : Event: ======'brian_combo_step1'====== Args={'priority': 0}
2026-09-13 23:30:57,279 : INFO : EventManager : Event: ======'stars_count_updated'====== Args={'priority': 0}
2026-09-13 23:30:57,279 : INFO : EventManager : Event: ======'stars_monitor_t41_on'====== Args={'priority': 0}
2026-09-13 23:30:57,280 : INFO : EventManager : Event: ======'player_stars_t41'====== Args={'value': 1, 'prev_value': 0, 'change': 1, 'player_num': 1, 'source': 'stars_mode'}
2026-09-13 23:30:57,280 : INFO : EventManager : Event: ======'player_stars_targets_lit_count'====== Args={'value': 2, 'prev_value': 1, 'change': 1, 'player_num': 1, 'source': 'stars_mode'}
2026-09-13 23:30:57,292 : INFO : EventManager : Event: ======'player_score'====== Args={'value': 1544700, 'prev_value': 1544280, 'change': 420, 'player_num': 1, 'source': 'base'}
2026-09-13 23:30:57,339 : INFO : SwitchController : <<<<<<< 's_41_stand_up_target_6' inactive >>>>>>>
2026-09-13 23:30:57,339 : INFO : SwitchController : <<<<<<< 's_41_stand_up_target_6' active >>>>>>>
2026-09-13 23:30:57,339 : INFO : EventManager : Event: ======'s_41_stand_up_target_6_active'====== Args={}
2026-09-13 23:30:57,339 : INFO : EventManager : Event: ======'sw_playfield_active'====== Args={}
2026-09-13 23:30:57,339 : INFO : EventManager : Event: ======'sw_standups'====== Args={}
2026-09-13 23:30:57,339 : INFO : EventManager : Event: ======'machine_var_audits_switches_s_41_stand_up_target_6'====== Args={'value': 5129, 'prev_value': 5128, 'change': 1}
2026-09-13 23:30:57,340 : INFO : EventManager : Event: ======'stars_t41_off'====== Args={'priority': 0}
2026-09-13 23:30:57,340 : INFO : EventManager : Event: ======'brian_combo_step1'====== Args={'priority': 0}
2026-09-13 23:30:57,340 : INFO : EventManager : Event: ======'stars_count_updated'====== Args={'priority': 0}
2026-09-13 23:30:57,340 : INFO : EventManager : Event: ======'stars_monitor_t41_off'====== Args={'priority': 0}
2026-09-13 23:30:57,340 : INFO : EventManager : Event: ======'player_stars_t41'====== Args={'value': 0, 'prev_value': 1, 'change': -1, 'player_num': 1, 'source': 'stars_mode'}
2026-09-13 23:30:57,340 : INFO : EventManager : Event: ======'player_stars_targets_lit_count'====== Args={'value': 1, 'prev_value': 2, 'change': -1, 'player_num': 1, 'source': 'stars_mode'}
2026-09-13 23:30:57,352 : INFO : EventManager : Event: ======'player_score'====== Args={'value': 1545120, 'prev_value': 1544700, 'change': 420, 'player_num': 1, 'source': 'base'}
2026-09-13 23:30:57,362 : INFO : SwitchController : <<<<<<< 's_41_stand_up_target_6' inactive >>>>>>>
2026-09-13 23:30:57,363 : INFO : SwitchController : <<<<<<< 's_41_stand_up_target_6' active >>>>>>>
2026-09-13 23:30:57,363 : INFO : EventManager : Event: ======'s_41_stand_up_target_6_active'====== Args={}
2026-09-13 23:30:57,363 : INFO : EventManager : Event: ======'sw_playfield_active'====== Args={}
2026-09-13 23:30:57,363 : INFO : EventManager : Event: ======'sw_standups'====== Args={}
2026-09-13 23:30:57,363 : INFO : EventManager : Event: ======'machine_var_audits_switches_s_41_stand_up_target_6'====== Args={'value': 5130, 'prev_value': 5129, 'change': 1}
2026-09-13 23:30:57,367 : INFO : EventManager : Event: ======'stars_t41_on'====== Args={'priority': 0}
2026-09-13 23:30:57,368 : INFO : EventManager : Event: ======'brian_combo_step1'====== Args={'priority': 0}
2026-09-13 23:30:57,368 : INFO : EventManager : Event: ======'stars_count_updated'====== Args={'priority': 0}
2026-09-13 23:30:57,368 : INFO : EventManager : Event: ======'stars_monitor_t41_on'====== Args={'priority': 0}
2026-09-13 23:30:57,368 : INFO : EventManager : Event: ======'player_stars_t41'====== Args={'value': 1, 'prev_value': 0, 'change': 1, 'player_num': 1, 'source': 'stars_mode'}
2026-09-13 23:30:57,368 : INFO : EventManager : Event: ======'player_stars_targets_lit_count'====== Args={'value': 2, 'prev_value': 1, 'change': 1, 'player_num': 1, 'source': 'stars_mode'}
2026-09-13 23:30:57,380 : INFO : EventManager : Event: ======'player_score'====== Args={'value': 1545540, 'prev_value': 1545120, 'change': 420, 'player_num': 1, 'source': 'base'}
2026-09-13 23:30:57,387 : INFO : SwitchController : <<<<<<< 's_41_stand_up_target_6' inactive >>>>>>>
2026-09-13 23:30:57,391 : INFO : SwitchController : <<<<<<< 's_41_stand_up_target_6' active >>>>>>>
2026-09-13 23:30:57,392 : INFO : EventManager : Event: ======'s_41_stand_up_target_6_active'====== Args={}
2026-09-13 23:30:57,392 : INFO : EventManager : Event: ======'sw_playfield_active'====== Args={}
2026-09-13 23:30:57,392 : INFO : EventManager : Event: ======'sw_standups'====== Args={}
2026-09-13 23:30:57,392 : INFO : EventManager : Event: ======'machine_var_audits_switches_s_41_stand_up_target_6'====== Args={'value': 5131, 'prev_value': 5130, 'change': 1}
2026-09-13 23:30:57,392 : INFO : SwitchController : <<<<<<< 's_41_stand_up_target_6' inactive >>>>>>>
2026-09-13 23:30:57,393 : INFO : EventManager : Event: ======'stars_t41_off'====== Args={'priority': 0}
2026-09-13 23:30:57,393 : INFO : EventManager : Event: ======'brian_combo_step1'====== Args={'priority': 0}
2026-09-13 23:30:57,393 : INFO : EventManager : Event: ======'stars_count_updated'====== Args={'priority': 0}
2026-09-13 23:30:57,394 : INFO : EventManager : Event: ======'stars_monitor_t41_off'====== Args={'priority': 0}
2026-09-13 23:30:57,394 : INFO : EventManager : Event: ======'player_stars_t41'====== Args={'value': 0, 'prev_value': 1, 'change': -1, 'player_num': 1, 'source': 'stars_mode'}
2026-09-13 23:30:57,394 : INFO : EventManager : Event: ======'player_stars_targets_lit_count'====== Args={'value': 1, 'prev_value': 2, 'change': -1, 'player_num': 1, 'source': 'stars_mode'}
2026-09-13 23:30:57,406 : INFO : EventManager : Event: ======'player_score'====== Args={'value': 1545960, 'prev_value': 1545540, 'change': 420, 'player_num': 1, 'source': 'base'}
2026-09-13 23:30:57,592 : INFO : SwitchController : <<<<<<< 's_41_stand_up_target_6' active >>>>>>>
2026-09-13 23:30:57,592 : INFO : EventManager : Event: ======'s_41_stand_up_target_6_active'====== Args={}
2026-09-13 23:30:57,592 : INFO : EventManager : Event: ======'sw_playfield_active'====== Args={}
2026-09-13 23:30:57,592 : INFO : EventManager : Event: ======'sw_standups'====== Args={}
2026-09-13 23:30:57,592 : INFO : EventManager : Event: ======'machine_var_audits_switches_s_41_stand_up_target_6'====== Args={'value': 5132, 'prev_value': 5131, 'change': 1}
2026-09-13 23:30:57,593 : INFO : EventManager : Event: ======'stars_t41_on'====== Args={'priority': 0}
2026-09-13 23:30:57,593 : INFO : EventManager : Event: ======'brian_combo_step1'====== Args={'priority': 0}
2026-09-13 23:30:57,593 : INFO : EventManager : Event: ======'stars_count_updated'====== Args={'priority': 0}
2026-09-13 23:30:57,593 : INFO : EventManager : Event: ======'stars_monitor_t41_on'====== Args={'priority': 0}
2026-09-13 23:30:57,593 : INFO : EventManager : Event: ======'player_stars_t41'====== Args={'value': 1, 'prev_value': 0, 'change': 1, 'player_num': 1, 'source': 'stars_mode'}
2026-09-13 23:30:57,593 : INFO : EventManager : Event: ======'player_stars_targets_lit_count'====== Args={'value': 2, 'prev_value': 1, 'change': 1, 'player_num': 1, 'source': 'stars_mode'}
2026-09-13 23:30:57,605 : INFO : EventManager : Event: ======'player_score'====== Args={'value': 1546380, 'prev_value': 1545960, 'change': 420, 'player_num': 1, 'source': 'base'}
2026-09-13 23:30:57,642 : INFO : SwitchController : <<<<<<< 's_41_stand_up_target_6' inactive >>>>>>>
2026-09-13 23:30:57,702 : INFO : SwitchController : <<<<<<< 's_41_stand_up_target_6' active >>>>>>>
2026-09-13 23:30:57,702 : INFO : EventManager : Event: ======'s_41_stand_up_target_6_active'====== Args={}
2026-09-13 23:30:57,702 : INFO : EventManager : Event: ======'sw_playfield_active'====== Args={}
2026-09-13 23:30:57,702 : INFO : EventManager : Event: ======'sw_standups'====== Args={}
2026-09-13 23:30:57,702 : INFO : EventManager : Event: ======'machine_var_audits_switches_s_41_stand_up_target_6'====== Args={'value': 5133, 'prev_value': 5132, 'change': 1}
2026-09-13 23:30:57,703 : INFO : SwitchController : <<<<<<< 's_41_stand_up_target_6' inactive >>>>>>>
2026-09-13 23:30:57,703 : INFO : EventManager : Event: ======'stars_t41_off'====== Args={'priority': 0}
2026-09-13 23:30:57,703 : INFO : EventManager : Event: ======'brian_combo_step1'====== Args={'priority': 0}
2026-09-13 23:30:57,703 : INFO : EventManager : Event: ======'stars_count_updated'====== Args={'priority': 0}
2026-09-13 23:30:57,703 : INFO : EventManager : Event: ======'stars_monitor_t41_off'====== Args={'priority': 0}
2026-09-13 23:30:57,703 : INFO : EventManager : Event: ======'player_stars_t41'====== Args={'value': 0, 'prev_value': 1, 'change': -1, 'player_num': 1, 'source': 'stars_mode'}
2026-09-13 23:30:57,704 : INFO : EventManager : Event: ======'player_stars_targets_lit_count'====== Args={'value': 1, 'prev_value': 2, 'change': -1, 'player_num': 1, 'source': 'stars_mode'}
2026-09-13 23:30:57,715 : INFO : EventManager : Event: ======'player_score'====== Args={'value': 1546800, 'prev_value': 1546380, 'change': 420, 'player_num': 1, 'source': 'base'}
2026-09-13 23:30:58,132 : INFO : SwitchController : <<<<<<< 's_41_stand_up_target_6' active >>>>>>>
2026-09-13 23:30:58,132 : INFO : EventManager : Event: ======'s_41_stand_up_target_6_active'====== Args={}
2026-09-13 23:30:58,132 : INFO : EventManager : Event: ======'sw_playfield_active'====== Args={}
2026-09-13 23:30:58,132 : INFO : EventManager : Event: ======'sw_standups'====== Args={}
2026-09-13 23:30:58,132 : INFO : EventManager : Event: ======'machine_var_audits_switches_s_41_stand_up_target_6'====== Args={'value': 5134, 'prev_value': 5133, 'change': 1}
2026-09-13 23:30:58,133 : INFO : EventManager : Event: ======'stars_t41_on'====== Args={'priority': 0}
2026-09-13 23:30:58,133 : INFO : EventManager : Event: ======'brian_combo_step1'====== Args={'priority': 0}
2026-09-13 23:30:58,133 : INFO : EventManager : Event: ======'stars_count_updated'====== Args={'priority': 0}
2026-09-13 23:30:58,133 : INFO : EventManager : Event: ======'stars_monitor_t41_on'====== Args={'priority': 0}
2026-09-13 23:30:58,133 : INFO : EventManager : Event: ======'player_stars_t41'====== Args={'value': 1, 'prev_value': 0, 'change': 1, 'player_num': 1, 'source': 'stars_mode'}
2026-09-13 23:30:58,134 : INFO : EventManager : Event: ======'player_stars_targets_lit_count'====== Args={'value': 2, 'prev_value': 1, 'change': 1, 'player_num': 1, 'source': 'stars_mode'}
2026-09-13 23:30:58,145 : INFO : EventManager : Event: ======'player_score'====== Args={'value': 1547220, 'prev_value': 1546800, 'change': 420, 'player_num': 1, 'source': 'base'}
2026-09-13 23:30:58,196 : INFO : SwitchController : <<<<<<< 's_41_stand_up_target_6' inactive >>>>>>>
2026-09-13 23:30:58,246 : INFO : EventManager : Event: ======'player_obey_obey_stage2_timer_tick'====== Args={'value': 133, 'prev_value': 134, 'change': -1, 'player_num': 1}
2026-09-13 23:30:58,246 : INFO : EventManager : Event: ======'timer_obey_stage2_timer_tick'====== Args={'ticks': 133, 'ticks_remaining': 133}
2026-09-13 23:30:58,247 : INFO : SwitchController : <<<<<<< 's_41_stand_up_target_6' active >>>>>>>
2026-09-13 23:30:58,247 : INFO : EventManager : Event: ======'s_41_stand_up_target_6_active'====== Args={}
2026-09-13 23:30:58,247 : INFO : EventManager : Event: ======'sw_playfield_active'====== Args={}
2026-09-13 23:30:58,247 : INFO : EventManager : Event: ======'sw_standups'====== Args={}
2026-09-13 23:30:58,247 : INFO : EventManager : Event: ======'machine_var_audits_switches_s_41_stand_up_target_6'====== Args={'value': 5135, 'prev_value': 5134, 'change': 1}
2026-09-13 23:30:58,247 : INFO : SwitchController : <<<<<<< 's_41_stand_up_target_6' inactive >>>>>>>
2026-09-13 23:30:58,253 : INFO : EventManager : Event: ======'stars_t41_off'====== Args={'priority': 0}
2026-09-13 23:30:58,254 : INFO : EventManager : Event: ======'brian_combo_step1'====== Args={'priority': 0}
2026-09-13 23:30:58,254 : INFO : EventManager : Event: ======'stars_count_updated'====== Args={'priority': 0}
2026-09-13 23:30:58,254 : INFO : EventManager : Event: ======'stars_monitor_t41_off'====== Args={'priority': 0}
2026-09-13 23:30:58,254 : INFO : EventManager : Event: ======'player_stars_t41'====== Args={'value': 0, 'prev_value': 1, 'change': -1, 'player_num': 1, 'source': 'stars_mode'}
2026-09-13 23:30:58,254 : INFO : EventManager : Event: ======'player_stars_targets_lit_count'====== Args={'value': 1, 'prev_value': 2, 'change': -1, 'player_num': 1, 'source': 'stars_mode'}
2026-09-13 23:30:58,266 : INFO : EventManager : Event: ======'player_score'====== Args={'value': 1547640, 'prev_value': 1547220, 'change': 420, 'player_num': 1, 'source': 'base'}
2026-09-13 23:30:58,532 : INFO : SwitchController : <<<<<<< 's_64_varitarget_position_1' inactive >>>>>>>
2026-09-13 23:30:58,563 : INFO : SwitchController : <<<<<<< 's_41_stand_up_target_6' active >>>>>>>
2026-09-13 23:30:58,563 : INFO : EventManager : Event: ======'s_41_stand_up_target_6_active'====== Args={}
2026-09-13 23:30:58,563 : INFO : EventManager : Event: ======'sw_playfield_active'====== Args={}
2026-09-13 23:30:58,563 : INFO : EventManager : Event: ======'sw_standups'====== Args={}
2026-09-13 23:30:58,563 : INFO : EventManager : Event: ======'machine_var_audits_switches_s_41_stand_up_target_6'====== Args={'value': 5136, 'prev_value': 5135, 'change': 1}
2026-09-13 23:30:58,564 : INFO : EventManager : Event: ======'stars_t41_on'====== Args={'priority': 0}
2026-09-13 23:30:58,564 : INFO : EventManager : Event: ======'brian_combo_step1'====== Args={'priority': 0}
2026-09-13 23:30:58,564 : INFO : EventManager : Event: ======'stars_count_updated'====== Args={'priority': 0}
2026-09-13 23:30:58,564 : INFO : EventManager : Event: ======'stars_monitor_t41_on'====== Args={'priority': 0}
2026-09-13 23:30:58,565 : INFO : EventManager : Event: ======'player_stars_t41'====== Args={'value': 1, 'prev_value': 0, 'change': 1, 'player_num': 1, 'source': 'stars_mode'}
2026-09-13 23:30:58,565 : INFO : EventManager : Event: ======'player_stars_targets_lit_count'====== Args={'value': 2, 'prev_value': 1, 'change': 1, 'player_num': 1, 'source': 'stars_mode'}
2026-09-13 23:30:58,577 : INFO : EventManager : Event: ======'player_score'====== Args={'value': 1548060, 'prev_value': 1547640, 'change': 420, 'player_num': 1, 'source': 'base'}
2026-09-13 23:30:58,611 : INFO : SwitchController : <<<<<<< 's_41_stand_up_target_6' inactive >>>>>>>
2026-09-13 23:30:58,615 : INFO : SwitchController : <<<<<<< 's_41_stand_up_target_6' active >>>>>>>
2026-09-13 23:30:58,615 : INFO : EventManager : Event: ======'s_41_stand_up_target_6_active'====== Args={}
2026-09-13 23:30:58,615 : INFO : EventManager : Event: ======'sw_playfield_active'====== Args={}
2026-09-13 23:30:58,616 : INFO : EventManager : Event: ======'sw_standups'====== Args={}
2026-09-13 23:30:58,616 : INFO : EventManager : Event: ======'machine_var_audits_switches_s_41_stand_up_target_6'====== Args={'value': 5137, 'prev_value': 5136, 'change': 1}
2026-09-13 23:30:58,616 : INFO : EventManager : Event: ======'stars_t41_off'====== Args={'priority': 0}
2026-09-13 23:30:58,616 : INFO : EventManager : Event: ======'brian_combo_step1'====== Args={'priority': 0}
2026-09-13 23:30:58,617 : INFO : EventManager : Event: ======'stars_count_updated'====== Args={'priority': 0}
2026-09-13 23:30:58,617 : INFO : EventManager : Event: ======'stars_monitor_t41_off'====== Args={'priority': 0}
2026-09-13 23:30:58,617 : INFO : EventManager : Event: ======'player_stars_t41'====== Args={'value': 0, 'prev_value': 1, 'change': -1, 'player_num': 1, 'source': 'stars_mode'}
2026-09-13 23:30:58,617 : INFO : EventManager : Event: ======'player_stars_targets_lit_count'====== Args={'value': 1, 'prev_value': 2, 'change': -1, 'player_num': 1, 'source': 'stars_mode'}
2026-09-13 23:30:58,628 : INFO : EventManager : Event: ======'player_score'====== Args={'value': 1548480, 'prev_value': 1548060, 'change': 420, 'player_num': 1, 'source': 'base'}
2026-09-13 23:30:58,634 : INFO : SwitchController : <<<<<<< 's_41_stand_up_target_6' inactive >>>>>>>
2026-09-13 23:30:58,638 : INFO : SwitchController : <<<<<<< 's_64_varitarget_position_1' active >>>>>>>
2026-09-13 23:30:58,639 : INFO : EventManager : Event: ======'s_64_varitarget_position_1_active'====== Args={}
2026-09-13 23:30:58,639 : INFO : EventManager : Event: ======'sw_vari'====== Args={}
2026-09-13 23:30:58,639 : INFO : EventManager : Event: ======'machine_var_audits_switches_s_64_varitarget_position_1'====== Args={'value': 16601, 'prev_value': 16600, 'change': 1}
2026-09-13 23:30:58,639 : INFO : SwitchController : <<<<<<< 's_64_varitarget_position_1' inactive >>>>>>>
2026-09-13 23:30:58,641 : INFO : EventManager : Event: ======'glasses_pending_position_1'====== Args={'priority': 0}
2026-09-13 23:30:58,641 : INFO : EventManager : Event: ======'machine_var_audits_shots_varitarget_p1'====== Args={'value': 16568, 'prev_value': 16567, 'change': 1}
2026-09-13 23:30:58,641 : INFO : EventManager : Event: ======'varitarget_p1_hit'====== Args={'profile': 'default', 'state': 'lit', 'advancing': False}
2026-09-13 23:30:58,641 : INFO : EventManager : Event: ======'varitarget_p1_default_hit'====== Args={'profile': 'default', 'state': 'lit', 'advancing': False}
2026-09-13 23:30:58,641 : INFO : EventManager : Event: ======'varitarget_p1_default_lit_hit'====== Args={'profile': 'default', 'state': 'lit', 'advancing': False}
2026-09-13 23:30:58,641 : INFO : EventManager : Event: ======'varitarget_p1_lit_hit'====== Args={'profile': 'default', 'state': 'lit', 'advancing': False}
2026-09-13 23:30:58,641 : INFO : EventManager : Event: ======'varitarget_position_changed'====== Args={'priority': 0}
2026-09-13 23:30:58,641 : INFO : EventManager : Event: ======'varitarget_reset_stop'====== Args={'priority': 0}
2026-09-13 23:30:58,641 : INFO : EventManager : Event: ======'varitarget_reset_complete'====== Args={'priority': 0}
2026-09-13 23:30:58,641 : INFO : EventManager : Event: ======'glasses_position_confirm_restart'====== Args={'priority': 0}
2026-09-13 23:30:58,641 : INFO : EventManager : Event: ======'player_glasses_mode_glasses_position_confirm_tick'====== Args={'value': 0, 'prev_value': 1, 'change': -1, 'player_num': 1}
2026-09-13 23:30:58,642 : INFO : Timer.glasses_position_confirm : Starting Timer.
2026-09-13 23:30:58,642 : INFO : EventManager : Event: ======'timer_glasses_position_confirm_started'====== Args={'ticks': 0, 'ticks_remaining': 1}
2026-09-13 23:30:58,642 : INFO : EventManager : Event: ======'timer_glasses_position_confirm_tick'====== Args={'ticks': 0, 'ticks_remaining': 1}
2026-09-13 23:30:58,648 : INFO : EventManager : Event: ======'varitarget_positions_hit'====== Args={'shot': 'varitarget_p1'}
2026-09-13 23:30:58,648 : INFO : EventManager : Event: ======'varitarget_positions_lit_hit'====== Args={'shot': 'varitarget_p1'}
2026-09-13 23:30:58,648 : INFO : EventManager : Event: ======'varitarget_update_stable'====== Args={'priority': 0}
2026-09-13 23:30:58,648 : INFO : Timer.varitarget_reset_timer : Stopping Timer
2026-09-13 23:30:58,648 : INFO : EventManager : Event: ======'timer_varitarget_reset_timer_stopped'====== Args={'ticks': 0, 'ticks_remaining': 999999}
2026-09-13 23:30:58,648 : INFO : EventManager : Event: ======'player_score'====== Args={'value': 1548900, 'prev_value': 1548480, 'change': 420, 'player_num': 1, 'source': 'base'}
2026-09-13 23:30:58,658 : INFO : SwitchController : <<<<<<< 's_41_stand_up_target_6' active >>>>>>>
2026-09-13 23:30:58,658 : INFO : EventManager : Event: ======'s_41_stand_up_target_6_active'====== Args={}
2026-09-13 23:30:58,658 : INFO : EventManager : Event: ======'sw_playfield_active'====== Args={}
2026-09-13 23:30:58,658 : INFO : EventManager : Event: ======'sw_standups'====== Args={}
2026-09-13 23:30:58,658 : INFO : EventManager : Event: ======'machine_var_audits_switches_s_41_stand_up_target_6'====== Args={'value': 5138, 'prev_value': 5137, 'change': 1}
2026-09-13 23:30:58,659 : INFO : EventManager : Event: ======'stars_t41_on'====== Args={'priority': 0}
2026-09-13 23:30:58,659 : INFO : EventManager : Event: ======'brian_combo_step1'====== Args={'priority': 0}
2026-09-13 23:30:58,659 : INFO : EventManager : Event: ======'stars_count_updated'====== Args={'priority': 0}
2026-09-13 23:30:58,659 : INFO : EventManager : Event: ======'stars_monitor_t41_on'====== Args={'priority': 0}
2026-09-13 23:30:58,659 : INFO : EventManager : Event: ======'player_stars_t41'====== Args={'value': 1, 'prev_value': 0, 'change': 1, 'player_num': 1, 'source': 'stars_mode'}
2026-09-13 23:30:58,659 : INFO : EventManager : Event: ======'player_stars_targets_lit_count'====== Args={'value': 2, 'prev_value': 1, 'change': 1, 'player_num': 1, 'source': 'stars_mode'}
2026-09-13 23:30:58,671 : INFO : EventManager : Event: ======'player_score'====== Args={'value': 1549320, 'prev_value': 1548900, 'change': 420, 'player_num': 1, 'source': 'base'}
2026-09-13 23:30:58,681 : INFO : SwitchController : <<<<<<< 's_41_stand_up_target_6' inactive >>>>>>>
2026-09-13 23:30:58,977 : INFO : SwitchController : <<<<<<< 's_41_stand_up_target_6' active >>>>>>>
2026-09-13 23:30:58,977 : INFO : EventManager : Event: ======'s_41_stand_up_target_6_active'====== Args={}
2026-09-13 23:30:58,977 : INFO : EventManager : Event: ======'sw_playfield_active'====== Args={}
2026-09-13 23:30:58,977 : INFO : EventManager : Event: ======'sw_standups'====== Args={}
2026-09-13 23:30:58,977 : INFO : EventManager : Event: ======'machine_var_audits_switches_s_41_stand_up_target_6'====== Args={'value': 5139, 'prev_value': 5138, 'change': 1}
2026-09-13 23:30:58,978 : INFO : EventManager : Event: ======'stars_t41_off'====== Args={'priority': 0}
2026-09-13 23:30:58,978 : INFO : EventManager : Event: ======'brian_combo_step1'====== Args={'priority': 0}
2026-09-13 23:30:58,978 : INFO : EventManager : Event: ======'stars_count_updated'====== Args={'priority': 0}
2026-09-13 23:30:58,978 : INFO : EventManager : Event: ======'stars_monitor_t41_off'====== Args={'priority': 0}
2026-09-13 23:30:58,978 : INFO : EventManager : Event: ======'player_stars_t41'====== Args={'value': 0, 'prev_value': 1, 'change': -1, 'player_num': 1, 'source': 'stars_mode'}
2026-09-13 23:30:58,978 : INFO : EventManager : Event: ======'player_stars_targets_lit_count'====== Args={'value': 1, 'prev_value': 2, 'change': -1, 'player_num': 1, 'source': 'stars_mode'}
2026-09-13 23:30:58,990 : INFO : EventManager : Event: ======'player_score'====== Args={'value': 1549740, 'prev_value': 1549320, 'change': 420, 'player_num': 1, 'source': 'base'}
2026-09-13 23:30:59,026 : INFO : SwitchController : <<<<<<< 's_41_stand_up_target_6' inactive >>>>>>>
2026-09-13 23:30:59,026 : INFO : SwitchController : <<<<<<< 's_41_stand_up_target_6' active >>>>>>>
2026-09-13 23:30:59,026 : INFO : EventManager : Event: ======'s_41_stand_up_target_6_active'====== Args={}
2026-09-13 23:30:59,026 : INFO : EventManager : Event: ======'sw_playfield_active'====== Args={}
2026-09-13 23:30:59,026 : INFO : EventManager : Event: ======'sw_standups'====== Args={}
2026-09-13 23:30:59,026 : INFO : EventManager : Event: ======'machine_var_audits_switches_s_41_stand_up_target_6'====== Args={'value': 5140, 'prev_value': 5139, 'change': 1}
2026-09-13 23:30:59,027 : INFO : SwitchController : <<<<<<< 's_41_stand_up_target_6' inactive >>>>>>>
2026-09-13 23:30:59,027 : INFO : EventManager : Event: ======'stars_t41_on'====== Args={'priority': 0}
2026-09-13 23:30:59,027 : INFO : EventManager : Event: ======'brian_combo_step1'====== Args={'priority': 0}
2026-09-13 23:30:59,027 : INFO : EventManager : Event: ======'stars_count_updated'====== Args={'priority': 0}
2026-09-13 23:30:59,027 : INFO : EventManager : Event: ======'stars_monitor_t41_on'====== Args={'priority': 0}
2026-09-13 23:30:59,027 : INFO : EventManager : Event: ======'player_stars_t41'====== Args={'value': 1, 'prev_value': 0, 'change': 1, 'player_num': 1, 'source': 'stars_mode'}
2026-09-13 23:30:59,027 : INFO : EventManager : Event: ======'player_stars_targets_lit_count'====== Args={'value': 2, 'prev_value': 1, 'change': 1, 'player_num': 1, 'source': 'stars_mode'}
2026-09-13 23:30:59,039 : INFO : EventManager : Event: ======'player_score'====== Args={'value': 1550160, 'prev_value': 1549740, 'change': 420, 'player_num': 1, 'source': 'base'}
2026-09-13 23:30:59,057 : INFO : SwitchController : <<<<<<< 's_41_stand_up_target_6' active >>>>>>>
2026-09-13 23:30:59,057 : INFO : EventManager : Event: ======'s_41_stand_up_target_6_active'====== Args={}
2026-09-13 23:30:59,057 : INFO : EventManager : Event: ======'sw_playfield_active'====== Args={}
2026-09-13 23:30:59,057 : INFO : EventManager : Event: ======'sw_standups'====== Args={}
2026-09-13 23:30:59,057 : INFO : EventManager : Event: ======'machine_var_audits_switches_s_41_stand_up_target_6'====== Args={'value': 5141, 'prev_value': 5140, 'change': 1}
2026-09-13 23:30:59,057 : INFO : SwitchController : <<<<<<< 's_41_stand_up_target_6' inactive >>>>>>>
2026-09-13 23:30:59,058 : INFO : EventManager : Event: ======'stars_t41_off'====== Args={'priority': 0}
2026-09-13 23:30:59,058 : INFO : EventManager : Event: ======'brian_combo_step1'====== Args={'priority': 0}
2026-09-13 23:30:59,058 : INFO : EventManager : Event: ======'stars_count_updated'====== Args={'priority': 0}
2026-09-13 23:30:59,058 : INFO : EventManager : Event: ======'stars_monitor_t41_off'====== Args={'priority': 0}
2026-09-13 23:30:59,058 : INFO : EventManager : Event: ======'player_stars_t41'====== Args={'value': 0, 'prev_value': 1, 'change': -1, 'player_num': 1, 'source': 'stars_mode'}
2026-09-13 23:30:59,058 : INFO : EventManager : Event: ======'player_stars_targets_lit_count'====== Args={'value': 1, 'prev_value': 2, 'change': -1, 'player_num': 1, 'source': 'stars_mode'}
2026-09-13 23:30:59,070 : INFO : EventManager : Event: ======'player_score'====== Args={'value': 1550580, 'prev_value': 1550160, 'change': 420, 'player_num': 1, 'source': 'base'}
2026-09-13 23:30:59,235 : INFO : EventManager : Event: ======'player_obey_obey_stage2_timer_tick'====== Args={'value': 132, 'prev_value': 133, 'change': -1, 'player_num': 1}
2026-09-13 23:30:59,235 : INFO : EventManager : Event: ======'timer_obey_stage2_timer_tick'====== Args={'ticks': 132, 'ticks_remaining': 132}
2026-09-13 23:30:59,504 : INFO : SwitchController : <<<<<<< 's_41_stand_up_target_6' active >>>>>>>
2026-09-13 23:30:59,504 : INFO : EventManager : Event: ======'s_41_stand_up_target_6_active'====== Args={}
2026-09-13 23:30:59,504 : INFO : EventManager : Event: ======'sw_playfield_active'====== Args={}
2026-09-13 23:30:59,504 : INFO : EventManager : Event: ======'sw_standups'====== Args={}
2026-09-13 23:30:59,504 : INFO : EventManager : Event: ======'machine_var_audits_switches_s_41_stand_up_target_6'====== Args={'value': 5142, 'prev_value': 5141, 'change': 1}
2026-09-13 23:30:59,505 : INFO : EventManager : Event: ======'stars_t41_on'====== Args={'priority': 0}
2026-09-13 23:30:59,505 : INFO : EventManager : Event: ======'brian_combo_step1'====== Args={'priority': 0}
2026-09-13 23:30:59,505 : INFO : EventManager : Event: ======'stars_count_updated'====== Args={'priority': 0}
2026-09-13 23:30:59,505 : INFO : EventManager : Event: ======'stars_monitor_t41_on'====== Args={'priority': 0}
2026-09-13 23:30:59,505 : INFO : EventManager : Event: ======'player_stars_t41'====== Args={'value': 1, 'prev_value': 0, 'change': 1, 'player_num': 1, 'source': 'stars_mode'}
2026-09-13 23:30:59,505 : INFO : EventManager : Event: ======'player_stars_targets_lit_count'====== Args={'value': 2, 'prev_value': 1, 'change': 1, 'player_num': 1, 'source': 'stars_mode'}
2026-09-13 23:30:59,517 : INFO : EventManager : Event: ======'player_score'====== Args={'value': 1551000, 'prev_value': 1550580, 'change': 420, 'player_num': 1, 'source': 'base'}
2026-09-13 23:30:59,539 : INFO : SwitchController : <<<<<<< 's_41_stand_up_target_6' inactive >>>>>>>
2026-09-13 23:30:59,648 : INFO : EventManager : Event: ======'player_glasses_mode_glasses_position_confirm_tick'====== Args={'value': 1, 'prev_value': 0, 'change': 1, 'player_num': 1}
2026-09-13 23:30:59,648 : INFO : Timer.glasses_position_confirm : Timer Complete
2026-09-13 23:30:59,648 : INFO : Timer.glasses_position_confirm : Stopping Timer
2026-09-13 23:30:59,648 : INFO : EventManager : Event: ======'timer_glasses_position_confirm_stopped'====== Args={'ticks': 1, 'ticks_remaining': 1}
2026-09-13 23:30:59,649 : INFO : EventManager : Event: ======'timer_glasses_position_confirm_complete'====== Args={'ticks': 1, 'ticks_remaining': 1}
2026-09-13 23:30:59,657 : INFO : EventManager : Event: ======'varitarget_position_1_confirmed'====== Args={'priority': 0}
2026-09-13 23:30:59,657 : INFO : EventManager : Event: ======'glasses_enter_state_1'====== Args={'priority': 0}
2026-09-13 23:30:59,657 : INFO : EventManager : Event: ======'glasses_stop_all_shows'====== Args={'priority': 0}
2026-09-13 23:30:59,657 : INFO : EventManager : Event: ======'glasses_state_timer_stop'====== Args={'priority': 0}
2026-09-13 23:30:59,657 : INFO : EventManager : Event: ======'glasses_home_pulse_timer_stop'====== Args={'priority': 0}
2026-09-13 23:30:59,657 : INFO : EventManager : Event: ======'glasses_homing_cancel'====== Args={'priority': 0}
2026-09-13 23:30:59,657 : INFO : Timer.glasses_state_timer : Stopping Timer
2026-09-13 23:30:59,657 : INFO : EventManager : Event: ======'timer_glasses_state_timer_stopped'====== Args={'ticks': 10, 'ticks_remaining': 1}
2026-09-13 23:30:59,658 : INFO : Timer.glasses_home_pulse_timer : Stopping Timer
2026-09-13 23:30:59,658 : INFO : EventManager : Event: ======'timer_glasses_home_pulse_timer_stopped'====== Args={'ticks': 10, 'ticks_remaining': 1}
2026-09-13 23:30:59,824 : INFO : SwitchController : <<<<<<< 's_41_stand_up_target_6' active >>>>>>>
2026-09-13 23:30:59,824 : INFO : EventManager : Event: ======'s_41_stand_up_target_6_active'====== Args={}
2026-09-13 23:30:59,824 : INFO : EventManager : Event: ======'sw_playfield_active'====== Args={}
2026-09-13 23:30:59,824 : INFO : EventManager : Event: ======'sw_standups'====== Args={}
2026-09-13 23:30:59,824 : INFO : EventManager : Event: ======'machine_var_audits_switches_s_41_stand_up_target_6'====== Args={'value': 5143, 'prev_value': 5142, 'change': 1}
2026-09-13 23:30:59,825 : INFO : EventManager : Event: ======'stars_t41_off'====== Args={'priority': 0}
2026-09-13 23:30:59,825 : INFO : EventManager : Event: ======'brian_combo_step1'====== Args={'priority': 0}
2026-09-13 23:30:59,825 : INFO : EventManager : Event: ======'stars_count_updated'====== Args={'priority': 0}
2026-09-13 23:30:59,825 : INFO : EventManager : Event: ======'stars_monitor_t41_off'====== Args={'priority': 0}
2026-09-13 23:30:59,825 : INFO : EventManager : Event: ======'player_stars_t41'====== Args={'value': 0, 'prev_value': 1, 'change': -1, 'player_num': 1, 'source': 'stars_mode'}
2026-09-13 23:30:59,825 : INFO : EventManager : Event: ======'player_stars_targets_lit_count'====== Args={'value': 1, 'prev_value': 2, 'change': -1, 'player_num': 1, 'source': 'stars_mode'}
2026-09-13 23:30:59,837 : INFO : EventManager : Event: ======'player_score'====== Args={'value': 1551420, 'prev_value': 1551000, 'change': 420, 'player_num': 1, 'source': 'base'}
2026-09-13 23:30:59,847 : INFO : SwitchController : <<<<<<< 's_41_stand_up_target_6' inactive >>>>>>>
2026-09-13 23:30:59,848 : INFO : SwitchController : <<<<<<< 's_41_stand_up_target_6' active >>>>>>>
2026-09-13 23:30:59,848 : INFO : EventManager : Event: ======'s_41_stand_up_target_6_active'====== Args={}
2026-09-13 23:30:59,848 : INFO : EventManager : Event: ======'sw_playfield_active'====== Args={}
2026-09-13 23:30:59,848 : INFO : EventManager : Event: ======'sw_standups'====== Args={}
2026-09-13 23:30:59,848 : INFO : EventManager : Event: ======'machine_var_audits_switches_s_41_stand_up_target_6'====== Args={'value': 5144, 'prev_value': 5143, 'change': 1}
2026-09-13 23:30:59,852 : INFO : EventManager : Event: ======'stars_t41_on'====== Args={'priority': 0}
2026-09-13 23:30:59,852 : INFO : EventManager : Event: ======'brian_combo_step1'====== Args={'priority': 0}
2026-09-13 23:30:59,852 : INFO : EventManager : Event: ======'stars_count_updated'====== Args={'priority': 0}
2026-09-13 23:30:59,853 : INFO : EventManager : Event: ======'stars_monitor_t41_on'====== Args={'priority': 0}
2026-09-13 23:30:59,853 : INFO : EventManager : Event: ======'player_stars_t41'====== Args={'value': 1, 'prev_value': 0, 'change': 1, 'player_num': 1, 'source': 'stars_mode'}
2026-09-13 23:30:59,853 : INFO : EventManager : Event: ======'player_stars_targets_lit_count'====== Args={'value': 2, 'prev_value': 1, 'change': 1, 'player_num': 1, 'source': 'stars_mode'}
2026-09-13 23:30:59,865 : INFO : EventManager : Event: ======'player_score'====== Args={'value': 1551840, 'prev_value': 1551420, 'change': 420, 'player_num': 1, 'source': 'base'}
2026-09-13 23:30:59,871 : INFO : SwitchController : <<<<<<< 's_41_stand_up_target_6' inactive >>>>>>>
2026-09-13 23:31:00,238 : INFO : EventManager : Event: ======'player_obey_obey_stage2_timer_tick'====== Args={'value': 131, 'prev_value': 132, 'change': -1, 'player_num': 1}
2026-09-13 23:31:00,238 : INFO : EventManager : Event: ======'timer_obey_stage2_timer_tick'====== Args={'ticks': 131, 'ticks_remaining': 131}
2026-09-13 23:31:00,315 : INFO : SwitchController : <<<<<<< 's_41_stand_up_target_6' active >>>>>>>
2026-09-13 23:31:00,315 : INFO : EventManager : Event: ======'s_41_stand_up_target_6_active'====== Args={}
2026-09-13 23:31:00,315 : INFO : EventManager : Event: ======'sw_playfield_active'====== Args={}
2026-09-13 23:31:00,315 : INFO : EventManager : Event: ======'sw_standups'====== Args={}
2026-09-13 23:31:00,315 : INFO : EventManager : Event: ======'machine_var_audits_switches_s_41_stand_up_target_6'====== Args={'value': 5145, 'prev_value': 5144, 'change': 1}
2026-09-13 23:31:00,316 : INFO : EventManager : Event: ======'stars_t41_off'====== Args={'priority': 0}
2026-09-13 23:31:00,316 : INFO : EventManager : Event: ======'brian_combo_step1'====== Args={'priority': 0}
2026-09-13 23:31:00,316 : INFO : EventManager : Event: ======'stars_count_updated'====== Args={'priority': 0}
2026-09-13 23:31:00,316 : INFO : EventManager : Event: ======'stars_monitor_t41_off'====== Args={'priority': 0}
2026-09-13 23:31:00,316 : INFO : EventManager : Event: ======'player_stars_t41'====== Args={'value': 0, 'prev_value': 1, 'change': -1, 'player_num': 1, 'source': 'stars_mode'}
2026-09-13 23:31:00,317 : INFO : EventManager : Event: ======'player_stars_targets_lit_count'====== Args={'value': 1, 'prev_value': 2, 'change': -1, 'player_num': 1, 'source': 'stars_mode'}
2026-09-13 23:31:00,327 : INFO : EventManager : Event: ======'player_score'====== Args={'value': 1552260, 'prev_value': 1551840, 'change': 420, 'player_num': 1, 'source': 'base'}
2026-09-13 23:31:00,377 : INFO : SwitchController : <<<<<<< 's_41_stand_up_target_6' inactive >>>>>>>
2026-09-13 23:31:00,399 : INFO : SwitchController : <<<<<<< 's_41_stand_up_target_6' active >>>>>>>
2026-09-13 23:31:00,399 : INFO : EventManager : Event: ======'s_41_stand_up_target_6_active'====== Args={}
2026-09-13 23:31:00,399 : INFO : EventManager : Event: ======'sw_playfield_active'====== Args={}
2026-09-13 23:31:00,399 : INFO : EventManager : Event: ======'sw_standups'====== Args={}
2026-09-13 23:31:00,399 : INFO : EventManager : Event: ======'machine_var_audits_switches_s_41_stand_up_target_6'====== Args={'value': 5146, 'prev_value': 5145, 'change': 1}
2026-09-13 23:31:00,400 : INFO : EventManager : Event: ======'stars_t41_on'====== Args={'priority': 0}
2026-09-13 23:31:00,400 : INFO : EventManager : Event: ======'brian_combo_step1'====== Args={'priority': 0}
2026-09-13 23:31:00,400 : INFO : EventManager : Event: ======'stars_count_updated'====== Args={'priority': 0}
2026-09-13 23:31:00,400 : INFO : EventManager : Event: ======'stars_monitor_t41_on'====== Args={'priority': 0}
2026-09-13 23:31:00,400 : INFO : EventManager : Event: ======'player_stars_t41'====== Args={'value': 1, 'prev_value': 0, 'change': 1, 'player_num': 1, 'source': 'stars_mode'}
2026-09-13 23:31:00,400 : INFO : EventManager : Event: ======'player_stars_targets_lit_count'====== Args={'value': 2, 'prev_value': 1, 'change': 1, 'player_num': 1, 'source': 'stars_mode'}
2026-09-13 23:31:00,412 : INFO : EventManager : Event: ======'player_score'====== Args={'value': 1552680, 'prev_value': 1552260, 'change': 420, 'player_num': 1, 'source': 'base'}
2026-09-13 23:31:00,418 : INFO : SwitchController : <<<<<<< 's_41_stand_up_target_6' inactive >>>>>>>
2026-09-13 23:31:00,425 : INFO : SwitchController : <<<<<<< 's_41_stand_up_target_6' active >>>>>>>
2026-09-13 23:31:00,425 : INFO : EventManager : Event: ======'s_41_stand_up_target_6_active'====== Args={}
2026-09-13 23:31:00,425 : INFO : EventManager : Event: ======'sw_playfield_active'====== Args={}
2026-09-13 23:31:00,425 : INFO : EventManager : Event: ======'sw_standups'====== Args={}
2026-09-13 23:31:00,425 : INFO : EventManager : Event: ======'machine_var_audits_switches_s_41_stand_up_target_6'====== Args={'value': 5147, 'prev_value': 5146, 'change': 1}
2026-09-13 23:31:00,425 : INFO : EventManager : Event: ======'stars_t41_off'====== Args={'priority': 0}
2026-09-13 23:31:00,426 : INFO : EventManager : Event: ======'brian_combo_step1'====== Args={'priority': 0}
2026-09-13 23:31:00,426 : INFO : EventManager : Event: ======'stars_count_updated'====== Args={'priority': 0}
2026-09-13 23:31:00,426 : INFO : EventManager : Event: ======'stars_monitor_t41_off'====== Args={'priority': 0}
2026-09-13 23:31:00,426 : INFO : EventManager : Event: ======'player_stars_t41'====== Args={'value': 0, 'prev_value': 1, 'change': -1, 'player_num': 1, 'source': 'stars_mode'}
2026-09-13 23:31:00,426 : INFO : EventManager : Event: ======'player_stars_targets_lit_count'====== Args={'value': 1, 'prev_value': 2, 'change': -1, 'player_num': 1, 'source': 'stars_mode'}
2026-09-13 23:31:00,438 : INFO : EventManager : Event: ======'player_score'====== Args={'value': 1553100, 'prev_value': 1552680, 'change': 420, 'player_num': 1, 'source': 'base'}
2026-09-13 23:31:00,448 : INFO : SwitchController : <<<<<<< 's_41_stand_up_target_6' inactive >>>>>>>
2026-09-13 23:31:00,744 : INFO : SwitchController : <<<<<<< 's_41_stand_up_target_6' active >>>>>>>
2026-09-13 23:31:00,744 : INFO : EventManager : Event: ======'s_41_stand_up_target_6_active'====== Args={}
2026-09-13 23:31:00,744 : INFO : EventManager : Event: ======'sw_playfield_active'====== Args={}
2026-09-13 23:31:00,744 : INFO : EventManager : Event: ======'sw_standups'====== Args={}
2026-09-13 23:31:00,744 : INFO : EventManager : Event: ======'machine_var_audits_switches_s_41_stand_up_target_6'====== Args={'value': 5148, 'prev_value': 5147, 'change': 1}
2026-09-13 23:31:00,745 : INFO : EventManager : Event: ======'stars_t41_on'====== Args={'priority': 0}
2026-09-13 23:31:00,745 : INFO : EventManager : Event: ======'brian_combo_step1'====== Args={'priority': 0}
2026-09-13 23:31:00,745 : INFO : EventManager : Event: ======'stars_count_updated'====== Args={'priority': 0}
2026-09-13 23:31:00,745 : INFO : EventManager : Event: ======'stars_monitor_t41_on'====== Args={'priority': 0}
2026-09-13 23:31:00,745 : INFO : EventManager : Event: ======'player_stars_t41'====== Args={'value': 1, 'prev_value': 0, 'change': 1, 'player_num': 1, 'source': 'stars_mode'}
2026-09-13 23:31:00,745 : INFO : EventManager : Event: ======'player_stars_targets_lit_count'====== Args={'value': 2, 'prev_value': 1, 'change': 1, 'player_num': 1, 'source': 'stars_mode'}
2026-09-13 23:31:00,757 : INFO : EventManager : Event: ======'player_score'====== Args={'value': 1553520, 'prev_value': 1553100, 'change': 420, 'player_num': 1, 'source': 'base'}
2026-09-13 23:31:00,791 : INFO : SwitchController : <<<<<<< 's_41_stand_up_target_6' inactive >>>>>>>
2026-09-13 23:31:00,810 : INFO : SwitchController : <<<<<<< 's_41_stand_up_target_6' active >>>>>>>
2026-09-13 23:31:00,811 : INFO : EventManager : Event: ======'s_41_stand_up_target_6_active'====== Args={}
2026-09-13 23:31:00,811 : INFO : EventManager : Event: ======'sw_playfield_active'====== Args={}
2026-09-13 23:31:00,811 : INFO : EventManager : Event: ======'sw_standups'====== Args={}
2026-09-13 23:31:00,811 : INFO : EventManager : Event: ======'machine_var_audits_switches_s_41_stand_up_target_6'====== Args={'value': 5149, 'prev_value': 5148, 'change': 1}
2026-09-13 23:31:00,811 : INFO : EventManager : Event: ======'stars_t41_off'====== Args={'priority': 0}
2026-09-13 23:31:00,812 : INFO : EventManager : Event: ======'brian_combo_step1'====== Args={'priority': 0}
2026-09-13 23:31:00,812 : INFO : EventManager : Event: ======'stars_count_updated'====== Args={'priority': 0}
2026-09-13 23:31:00,812 : INFO : EventManager : Event: ======'stars_monitor_t41_off'====== Args={'priority': 0}
2026-09-13 23:31:00,812 : INFO : EventManager : Event: ======'player_stars_t41'====== Args={'value': 0, 'prev_value': 1, 'change': -1, 'player_num': 1, 'source': 'stars_mode'}
2026-09-13 23:31:00,812 : INFO : EventManager : Event: ======'player_stars_targets_lit_count'====== Args={'value': 1, 'prev_value': 2, 'change': -1, 'player_num': 1, 'source': 'stars_mode'}
2026-09-13 23:31:00,824 : INFO : EventManager : Event: ======'player_score'====== Args={'value': 1553940, 'prev_value': 1553520, 'change': 420, 'player_num': 1, 'source': 'base'}
2026-09-13 23:31:00,830 : INFO : SwitchController : <<<<<<< 's_41_stand_up_target_6' inactive >>>>>>>
2026-09-13 23:31:00,855 : INFO : SwitchController : <<<<<<< 's_41_stand_up_target_6' active >>>>>>>
2026-09-13 23:31:00,855 : INFO : EventManager : Event: ======'s_41_stand_up_target_6_active'====== Args={}
2026-09-13 23:31:00,855 : INFO : EventManager : Event: ======'sw_playfield_active'====== Args={}
2026-09-13 23:31:00,855 : INFO : EventManager : Event: ======'sw_standups'====== Args={}
2026-09-13 23:31:00,855 : INFO : EventManager : Event: ======'machine_var_audits_switches_s_41_stand_up_target_6'====== Args={'value': 5150, 'prev_value': 5149, 'change': 1}
2026-09-13 23:31:00,856 : INFO : SwitchController : <<<<<<< 's_41_stand_up_target_6' inactive >>>>>>>
2026-09-13 23:31:00,856 : INFO : SwitchController : <<<<<<< 's_41_stand_up_target_6' active >>>>>>>
2026-09-13 23:31:00,856 : INFO : EventManager : Event: ======'s_41_stand_up_target_6_active'====== Args={}
2026-09-13 23:31:00,856 : INFO : EventManager : Event: ======'sw_playfield_active'====== Args={}
2026-09-13 23:31:00,856 : INFO : EventManager : Event: ======'sw_standups'====== Args={}
2026-09-13 23:31:00,856 : INFO : EventManager : Event: ======'machine_var_audits_switches_s_41_stand_up_target_6'====== Args={'value': 5151, 'prev_value': 5150, 'change': 1}
2026-09-13 23:31:00,856 : INFO : EventManager : Event: ======'stars_t41_on'====== Args={'priority': 0}
2026-09-13 23:31:00,857 : INFO : EventManager : Event: ======'brian_combo_step1'====== Args={'priority': 0}
2026-09-13 23:31:00,857 : INFO : EventManager : Event: ======'stars_count_updated'====== Args={'priority': 0}
2026-09-13 23:31:00,857 : INFO : EventManager : Event: ======'stars_monitor_t41_on'====== Args={'priority': 0}
2026-09-13 23:31:00,857 : INFO : EventManager : Event: ======'player_stars_t41'====== Args={'value': 1, 'prev_value': 0, 'change': 1, 'player_num': 1, 'source': 'stars_mode'}
2026-09-13 23:31:00,857 : INFO : EventManager : Event: ======'player_stars_targets_lit_count'====== Args={'value': 2, 'prev_value': 1, 'change': 1, 'player_num': 1, 'source': 'stars_mode'}
2026-09-13 23:31:00,868 : INFO : EventManager : Event: ======'player_score'====== Args={'value': 1554360, 'prev_value': 1553940, 'change': 420, 'player_num': 1, 'source': 'base'}
2026-09-13 23:31:00,874 : INFO : EventManager : Event: ======'stars_t41_off'====== Args={'priority': 0}
2026-09-13 23:31:00,875 : INFO : EventManager : Event: ======'brian_combo_step1'====== Args={'priority': 0}
2026-09-13 23:31:00,875 : INFO : EventManager : Event: ======'stars_count_updated'====== Args={'priority': 0}
2026-09-13 23:31:00,875 : INFO : EventManager : Event: ======'stars_monitor_t41_off'====== Args={'priority': 0}
2026-09-13 23:31:00,875 : INFO : EventManager : Event: ======'player_stars_t41'====== Args={'value': 0, 'prev_value': 1, 'change': -1, 'player_num': 1, 'source': 'stars_mode'}
2026-09-13 23:31:00,875 : INFO : EventManager : Event: ======'player_stars_targets_lit_count'====== Args={'value': 1, 'prev_value': 2, 'change': -1, 'player_num': 1, 'source': 'stars_mode'}
2026-09-13 23:31:00,887 : INFO : EventManager : Event: ======'player_score'====== Args={'value': 1554780, 'prev_value': 1554360, 'change': 420, 'player_num': 1, 'source': 'base'}
2026-09-13 23:31:00,893 : INFO : SwitchController : <<<<<<< 's_41_stand_up_target_6' inactive >>>>>>>
2026-09-13 23:31:01,156 : INFO : SwitchController : <<<<<<< 's_41_stand_up_target_6' active >>>>>>>
2026-09-13 23:31:01,156 : INFO : EventManager : Event: ======'s_41_stand_up_target_6_active'====== Args={}
2026-09-13 23:31:01,156 : INFO : EventManager : Event: ======'sw_playfield_active'====== Args={}
2026-09-13 23:31:01,156 : INFO : EventManager : Event: ======'sw_standups'====== Args={}
2026-09-13 23:31:01,156 : INFO : EventManager : Event: ======'machine_var_audits_switches_s_41_stand_up_target_6'====== Args={'value': 5152, 'prev_value': 5151, 'change': 1}
2026-09-13 23:31:01,157 : INFO : EventManager : Event: ======'stars_t41_on'====== Args={'priority': 0}
2026-09-13 23:31:01,157 : INFO : EventManager : Event: ======'brian_combo_step1'====== Args={'priority': 0}
2026-09-13 23:31:01,157 : INFO : EventManager : Event: ======'stars_count_updated'====== Args={'priority': 0}
2026-09-13 23:31:01,157 : INFO : EventManager : Event: ======'stars_monitor_t41_on'====== Args={'priority': 0}
2026-09-13 23:31:01,157 : INFO : EventManager : Event: ======'player_stars_t41'====== Args={'value': 1, 'prev_value': 0, 'change': 1, 'player_num': 1, 'source': 'stars_mode'}
2026-09-13 23:31:01,157 : INFO : EventManager : Event: ======'player_stars_targets_lit_count'====== Args={'value': 2, 'prev_value': 1, 'change': 1, 'player_num': 1, 'source': 'stars_mode'}
2026-09-13 23:31:01,169 : INFO : EventManager : Event: ======'player_score'====== Args={'value': 1555200, 'prev_value': 1554780, 'change': 420, 'player_num': 1, 'source': 'base'}
2026-09-13 23:31:01,204 : INFO : SwitchController : <<<<<<< 's_41_stand_up_target_6' inactive >>>>>>>
2026-09-13 23:31:01,238 : INFO : EventManager : Event: ======'player_obey_obey_stage2_timer_tick'====== Args={'value': 130, 'prev_value': 131, 'change': -1, 'player_num': 1}
2026-09-13 23:31:01,239 : INFO : EventManager : Event: ======'timer_obey_stage2_timer_tick'====== Args={'ticks': 130, 'ticks_remaining': 130}
2026-09-13 23:31:01,239 : INFO : SwitchController : <<<<<<< 's_41_stand_up_target_6' active >>>>>>>
2026-09-13 23:31:01,239 : INFO : EventManager : Event: ======'s_41_stand_up_target_6_active'====== Args={}
2026-09-13 23:31:01,239 : INFO : EventManager : Event: ======'sw_playfield_active'====== Args={}
2026-09-13 23:31:01,239 : INFO : EventManager : Event: ======'sw_standups'====== Args={}
2026-09-13 23:31:01,239 : INFO : EventManager : Event: ======'machine_var_audits_switches_s_41_stand_up_target_6'====== Args={'value': 5153, 'prev_value': 5152, 'change': 1}
2026-09-13 23:31:01,240 : INFO : SwitchController : <<<<<<< 's_41_stand_up_target_6' inactive >>>>>>>
2026-09-13 23:31:01,245 : INFO : EventManager : Event: ======'stars_t41_off'====== Args={'priority': 0}
2026-09-13 23:31:01,245 : INFO : EventManager : Event: ======'brian_combo_step1'====== Args={'priority': 0}
2026-09-13 23:31:01,245 : INFO : EventManager : Event: ======'stars_count_updated'====== Args={'priority': 0}
2026-09-13 23:31:01,245 : INFO : EventManager : Event: ======'stars_monitor_t41_off'====== Args={'priority': 0}
2026-09-13 23:31:01,246 : INFO : EventManager : Event: ======'player_stars_t41'====== Args={'value': 0, 'prev_value': 1, 'change': -1, 'player_num': 1, 'source': 'stars_mode'}
2026-09-13 23:31:01,246 : INFO : EventManager : Event: ======'player_stars_targets_lit_count'====== Args={'value': 1, 'prev_value': 2, 'change': -1, 'player_num': 1, 'source': 'stars_mode'}
2026-09-13 23:31:01,258 : INFO : EventManager : Event: ======'player_score'====== Args={'value': 1555620, 'prev_value': 1555200, 'change': 420, 'player_num': 1, 'source': 'base'}
2026-09-13 23:31:01,697 : INFO : SwitchController : <<<<<<< 's_41_stand_up_target_6' active >>>>>>>
2026-09-13 23:31:01,697 : INFO : EventManager : Event: ======'s_41_stand_up_target_6_active'====== Args={}
2026-09-13 23:31:01,697 : INFO : EventManager : Event: ======'sw_playfield_active'====== Args={}
2026-09-13 23:31:01,697 : INFO : EventManager : Event: ======'sw_standups'====== Args={}
2026-09-13 23:31:01,697 : INFO : EventManager : Event: ======'machine_var_audits_switches_s_41_stand_up_target_6'====== Args={'value': 5154, 'prev_value': 5153, 'change': 1}
2026-09-13 23:31:01,698 : INFO : EventManager : Event: ======'stars_t41_on'====== Args={'priority': 0}
2026-09-13 23:31:01,698 : INFO : EventManager : Event: ======'brian_combo_step1'====== Args={'priority': 0}
2026-09-13 23:31:01,698 : INFO : EventManager : Event: ======'stars_count_updated'====== Args={'priority': 0}
2026-09-13 23:31:01,698 : INFO : EventManager : Event: ======'stars_monitor_t41_on'====== Args={'priority': 0}
2026-09-13 23:31:01,698 : INFO : EventManager : Event: ======'player_stars_t41'====== Args={'value': 1, 'prev_value': 0, 'change': 1, 'player_num': 1, 'source': 'stars_mode'}
2026-09-13 23:31:01,699 : INFO : EventManager : Event: ======'player_stars_targets_lit_count'====== Args={'value': 2, 'prev_value': 1, 'change': 1, 'player_num': 1, 'source': 'stars_mode'}
2026-09-13 23:31:01,710 : INFO : EventManager : Event: ======'player_score'====== Args={'value': 1556040, 'prev_value': 1555620, 'change': 420, 'player_num': 1, 'source': 'base'}
2026-09-13 23:31:01,743 : INFO : SwitchController : <<<<<<< 's_41_stand_up_target_6' inactive >>>>>>>
2026-09-13 23:31:01,997 : INFO : SwitchController : <<<<<<< 's_41_stand_up_target_6' active >>>>>>>
2026-09-13 23:31:01,997 : INFO : EventManager : Event: ======'s_41_stand_up_target_6_active'====== Args={}
2026-09-13 23:31:01,997 : INFO : EventManager : Event: ======'sw_playfield_active'====== Args={}
2026-09-13 23:31:01,997 : INFO : EventManager : Event: ======'sw_standups'====== Args={}
2026-09-13 23:31:01,998 : INFO : EventManager : Event: ======'machine_var_audits_switches_s_41_stand_up_target_6'====== Args={'value': 5155, 'prev_value': 5154, 'change': 1}
2026-09-13 23:31:01,998 : INFO : EventManager : Event: ======'stars_t41_off'====== Args={'priority': 0}
2026-09-13 23:31:01,998 : INFO : EventManager : Event: ======'brian_combo_step1'====== Args={'priority': 0}
2026-09-13 23:31:01,998 : INFO : EventManager : Event: ======'stars_count_updated'====== Args={'priority': 0}
2026-09-13 23:31:01,998 : INFO : EventManager : Event: ======'stars_monitor_t41_off'====== Args={'priority': 0}
2026-09-13 23:31:01,998 : INFO : EventManager : Event: ======'player_stars_t41'====== Args={'value': 0, 'prev_value': 1, 'change': -1, 'player_num': 1, 'source': 'stars_mode'}
2026-09-13 23:31:01,999 : INFO : EventManager : Event: ======'player_stars_targets_lit_count'====== Args={'value': 1, 'prev_value': 2, 'change': -1, 'player_num': 1, 'source': 'stars_mode'}
2026-09-13 23:31:02,010 : INFO : EventManager : Event: ======'player_score'====== Args={'value': 1556460, 'prev_value': 1556040, 'change': 420, 'player_num': 1, 'source': 'base'}
2026-09-13 23:31:02,045 : INFO : SwitchController : <<<<<<< 's_41_stand_up_target_6' inactive >>>>>>>
2026-09-13 23:31:02,065 : INFO : SwitchController : <<<<<<< 's_41_stand_up_target_6' active >>>>>>>
2026-09-13 23:31:02,065 : INFO : EventManager : Event: ======'s_41_stand_up_target_6_active'====== Args={}
2026-09-13 23:31:02,065 : INFO : EventManager : Event: ======'sw_playfield_active'====== Args={}
2026-09-13 23:31:02,065 : INFO : EventManager : Event: ======'sw_standups'====== Args={}
2026-09-13 23:31:02,065 : INFO : EventManager : Event: ======'machine_var_audits_switches_s_41_stand_up_target_6'====== Args={'value': 5156, 'prev_value': 5155, 'change': 1}
2026-09-13 23:31:02,065 : INFO : SwitchController : <<<<<<< 's_41_stand_up_target_6' inactive >>>>>>>
2026-09-13 23:31:02,066 : INFO : SwitchController : <<<<<<< 's_41_stand_up_target_6' active >>>>>>>
2026-09-13 23:31:02,066 : INFO : EventManager : Event: ======'s_41_stand_up_target_6_active'====== Args={}
2026-09-13 23:31:02,066 : INFO : EventManager : Event: ======'sw_playfield_active'====== Args={}
2026-09-13 23:31:02,066 : INFO : EventManager : Event: ======'sw_standups'====== Args={}
2026-09-13 23:31:02,066 : INFO : EventManager : Event: ======'machine_var_audits_switches_s_41_stand_up_target_6'====== Args={'value': 5157, 'prev_value': 5156, 'change': 1}
2026-09-13 23:31:02,066 : INFO : EventManager : Event: ======'stars_t41_on'====== Args={'priority': 0}
2026-09-13 23:31:02,067 : INFO : EventManager : Event: ======'brian_combo_step1'====== Args={'priority': 0}
2026-09-13 23:31:02,067 : INFO : EventManager : Event: ======'stars_count_updated'====== Args={'priority': 0}
2026-09-13 23:31:02,067 : INFO : EventManager : Event: ======'stars_monitor_t41_on'====== Args={'priority': 0}
2026-09-13 23:31:02,067 : INFO : EventManager : Event: ======'player_stars_t41'====== Args={'value': 1, 'prev_value': 0, 'change': 1, 'player_num': 1, 'source': 'stars_mode'}
2026-09-13 23:31:02,067 : INFO : EventManager : Event: ======'player_stars_targets_lit_count'====== Args={'value': 2, 'prev_value': 1, 'change': 1, 'player_num': 1, 'source': 'stars_mode'}
2026-09-13 23:31:02,078 : INFO : EventManager : Event: ======'player_score'====== Args={'value': 1556880, 'prev_value': 1556460, 'change': 420, 'player_num': 1, 'source': 'base'}
2026-09-13 23:31:02,084 : INFO : EventManager : Event: ======'stars_t41_off'====== Args={'priority': 0}
2026-09-13 23:31:02,085 : INFO : EventManager : Event: ======'brian_combo_step1'====== Args={'priority': 0}
2026-09-13 23:31:02,085 : INFO : EventManager : Event: ======'stars_count_updated'====== Args={'priority': 0}
2026-09-13 23:31:02,085 : INFO : EventManager : Event: ======'stars_monitor_t41_off'====== Args={'priority': 0}
2026-09-13 23:31:02,085 : INFO : EventManager : Event: ======'player_stars_t41'====== Args={'value': 0, 'prev_value': 1, 'change': -1, 'player_num': 1, 'source': 'stars_mode'}
2026-09-13 23:31:02,085 : INFO : EventManager : Event: ======'player_stars_targets_lit_count'====== Args={'value': 1, 'prev_value': 2, 'change': -1, 'player_num': 1, 'source': 'stars_mode'}
2026-09-13 23:31:02,096 : INFO : EventManager : Event: ======'player_score'====== Args={'value': 1557300, 'prev_value': 1556880, 'change': 420, 'player_num': 1, 'source': 'base'}
2026-09-13 23:31:02,103 : INFO : SwitchController : <<<<<<< 's_41_stand_up_target_6' inactive >>>>>>>
2026-09-13 23:31:02,106 : INFO : SwitchController : <<<<<<< 's_41_stand_up_target_6' active >>>>>>>
2026-09-13 23:31:02,106 : INFO : EventManager : Event: ======'s_41_stand_up_target_6_active'====== Args={}
2026-09-13 23:31:02,106 : INFO : EventManager : Event: ======'sw_playfield_active'====== Args={}
2026-09-13 23:31:02,106 : INFO : EventManager : Event: ======'sw_standups'====== Args={}
2026-09-13 23:31:02,107 : INFO : EventManager : Event: ======'machine_var_audits_switches_s_41_stand_up_target_6'====== Args={'value': 5158, 'prev_value': 5157, 'change': 1}
2026-09-13 23:31:02,107 : INFO : SwitchController : <<<<<<< 's_41_stand_up_target_6' inactive >>>>>>>
2026-09-13 23:31:02,107 : INFO : EventManager : Event: ======'stars_t41_on'====== Args={'priority': 0}
2026-09-13 23:31:02,107 : INFO : EventManager : Event: ======'brian_combo_step1'====== Args={'priority': 0}
2026-09-13 23:31:02,107 : INFO : EventManager : Event: ======'stars_count_updated'====== Args={'priority': 0}
2026-09-13 23:31:02,107 : INFO : EventManager : Event: ======'stars_monitor_t41_on'====== Args={'priority': 0}
2026-09-13 23:31:02,107 : INFO : EventManager : Event: ======'player_stars_t41'====== Args={'value': 1, 'prev_value': 0, 'change': 1, 'player_num': 1, 'source': 'stars_mode'}
2026-09-13 23:31:02,108 : INFO : EventManager : Event: ======'player_stars_targets_lit_count'====== Args={'value': 2, 'prev_value': 1, 'change': 1, 'player_num': 1, 'source': 'stars_mode'}
2026-09-13 23:31:02,119 : INFO : EventManager : Event: ======'player_score'====== Args={'value': 1557720, 'prev_value': 1557300, 'change': 420, 'player_num': 1, 'source': 'base'}
2026-09-13 23:31:02,238 : INFO : EventManager : Event: ======'player_obey_obey_stage2_timer_tick'====== Args={'value': 129, 'prev_value': 130, 'change': -1, 'player_num': 1}
2026-09-13 23:31:02,238 : INFO : EventManager : Event: ======'timer_obey_stage2_timer_tick'====== Args={'ticks': 129, 'ticks_remaining': 129}
2026-09-13 23:31:02,270 : INFO : SwitchController : <<<<<<< 's_41_stand_up_target_6' active >>>>>>>
2026-09-13 23:31:02,270 : INFO : EventManager : Event: ======'s_41_stand_up_target_6_active'====== Args={}
2026-09-13 23:31:02,270 : INFO : EventManager : Event: ======'sw_playfield_active'====== Args={}
2026-09-13 23:31:02,270 : INFO : EventManager : Event: ======'sw_standups'====== Args={}
2026-09-13 23:31:02,270 : INFO : EventManager : Event: ======'machine_var_audits_switches_s_41_stand_up_target_6'====== Args={'value': 5159, 'prev_value': 5158, 'change': 1}
2026-09-13 23:31:02,271 : INFO : EventManager : Event: ======'stars_t41_off'====== Args={'priority': 0}
2026-09-13 23:31:02,271 : INFO : EventManager : Event: ======'brian_combo_step1'====== Args={'priority': 0}
2026-09-13 23:31:02,271 : INFO : EventManager : Event: ======'stars_count_updated'====== Args={'priority': 0}
2026-09-13 23:31:02,271 : INFO : EventManager : Event: ======'stars_monitor_t41_off'====== Args={'priority': 0}
2026-09-13 23:31:02,271 : INFO : EventManager : Event: ======'player_stars_t41'====== Args={'value': 0, 'prev_value': 1, 'change': -1, 'player_num': 1, 'source': 'stars_mode'}
2026-09-13 23:31:02,271 : INFO : EventManager : Event: ======'player_stars_targets_lit_count'====== Args={'value': 1, 'prev_value': 2, 'change': -1, 'player_num': 1, 'source': 'stars_mode'}
2026-09-13 23:31:02,283 : INFO : EventManager : Event: ======'player_score'====== Args={'value': 1558140, 'prev_value': 1557720, 'change': 420, 'player_num': 1, 'source': 'base'}
2026-09-13 23:31:02,293 : INFO : SwitchController : <<<<<<< 's_41_stand_up_target_6' inactive >>>>>>>
2026-09-13 23:31:02,554 : INFO : SwitchController : <<<<<<< 's_41_stand_up_target_6' active >>>>>>>
2026-09-13 23:31:02,554 : INFO : EventManager : Event: ======'s_41_stand_up_target_6_active'====== Args={}
2026-09-13 23:31:02,554 : INFO : EventManager : Event: ======'sw_playfield_active'====== Args={}
2026-09-13 23:31:02,554 : INFO : EventManager : Event: ======'sw_standups'====== Args={}
2026-09-13 23:31:02,554 : INFO : EventManager : Event: ======'machine_var_audits_switches_s_41_stand_up_target_6'====== Args={'value': 5160, 'prev_value': 5159, 'change': 1}
2026-09-13 23:31:02,555 : INFO : EventManager : Event: ======'stars_t41_on'====== Args={'priority': 0}
2026-09-13 23:31:02,555 : INFO : EventManager : Event: ======'brian_combo_step1'====== Args={'priority': 0}
2026-09-13 23:31:02,555 : INFO : EventManager : Event: ======'stars_count_updated'====== Args={'priority': 0}
2026-09-13 23:31:02,555 : INFO : EventManager : Event: ======'stars_monitor_t41_on'====== Args={'priority': 0}
2026-09-13 23:31:02,555 : INFO : EventManager : Event: ======'player_stars_t41'====== Args={'value': 1, 'prev_value': 0, 'change': 1, 'player_num': 1, 'source': 'stars_mode'}
2026-09-13 23:31:02,555 : INFO : EventManager : Event: ======'player_stars_targets_lit_count'====== Args={'value': 2, 'prev_value': 1, 'change': 1, 'player_num': 1, 'source': 'stars_mode'}
2026-09-13 23:31:02,567 : INFO : EventManager : Event: ======'player_score'====== Args={'value': 1558560, 'prev_value': 1558140, 'change': 420, 'player_num': 1, 'source': 'base'}
2026-09-13 23:31:02,602 : INFO : SwitchController : <<<<<<< 's_41_stand_up_target_6' inactive >>>>>>>
2026-09-13 23:31:02,651 : INFO : SwitchController : <<<<<<< 's_41_stand_up_target_6' active >>>>>>>
2026-09-13 23:31:02,651 : INFO : EventManager : Event: ======'s_41_stand_up_target_6_active'====== Args={}
2026-09-13 23:31:02,651 : INFO : EventManager : Event: ======'sw_playfield_active'====== Args={}
2026-09-13 23:31:02,651 : INFO : EventManager : Event: ======'sw_standups'====== Args={}
2026-09-13 23:31:02,651 : INFO : EventManager : Event: ======'machine_var_audits_switches_s_41_stand_up_target_6'====== Args={'value': 5161, 'prev_value': 5160, 'change': 1}
2026-09-13 23:31:02,652 : INFO : EventManager : Event: ======'stars_t41_off'====== Args={'priority': 0}
2026-09-13 23:31:02,652 : INFO : EventManager : Event: ======'brian_combo_step1'====== Args={'priority': 0}
2026-09-13 23:31:02,652 : INFO : EventManager : Event: ======'stars_count_updated'====== Args={'priority': 0}
2026-09-13 23:31:02,652 : INFO : EventManager : Event: ======'stars_monitor_t41_off'====== Args={'priority': 0}
2026-09-13 23:31:02,652 : INFO : EventManager : Event: ======'player_stars_t41'====== Args={'value': 0, 'prev_value': 1, 'change': -1, 'player_num': 1, 'source': 'stars_mode'}
2026-09-13 23:31:02,652 : INFO : EventManager : Event: ======'player_stars_targets_lit_count'====== Args={'value': 1, 'prev_value': 2, 'change': -1, 'player_num': 1, 'source': 'stars_mode'}
2026-09-13 23:31:02,663 : INFO : EventManager : Event: ======'player_score'====== Args={'value': 1558980, 'prev_value': 1558560, 'change': 420, 'player_num': 1, 'source': 'base'}
2026-09-13 23:31:02,674 : INFO : SwitchController : <<<<<<< 's_41_stand_up_target_6' inactive >>>>>>>
2026-09-13 23:31:02,674 : INFO : SwitchController : <<<<<<< 's_41_stand_up_target_6' active >>>>>>>
2026-09-13 23:31:02,674 : INFO : EventManager : Event: ======'s_41_stand_up_target_6_active'====== Args={}
2026-09-13 23:31:02,674 : INFO : EventManager : Event: ======'sw_playfield_active'====== Args={}
2026-09-13 23:31:02,674 : INFO : EventManager : Event: ======'sw_standups'====== Args={}
2026-09-13 23:31:02,674 : INFO : EventManager : Event: ======'machine_var_audits_switches_s_41_stand_up_target_6'====== Args={'value': 5162, 'prev_value': 5161, 'change': 1}
2026-09-13 23:31:02,674 : INFO : SwitchController : <<<<<<< 's_41_stand_up_target_6' inactive >>>>>>>
2026-09-13 23:31:02,675 : INFO : EventManager : Event: ======'stars_t41_on'====== Args={'priority': 0}
2026-09-13 23:31:02,675 : INFO : EventManager : Event: ======'brian_combo_step1'====== Args={'priority': 0}
2026-09-13 23:31:02,675 : INFO : EventManager : Event: ======'stars_count_updated'====== Args={'priority': 0}
2026-09-13 23:31:02,675 : INFO : EventManager : Event: ======'stars_monitor_t41_on'====== Args={'priority': 0}
2026-09-13 23:31:02,675 : INFO : EventManager : Event: ======'player_stars_t41'====== Args={'value': 1, 'prev_value': 0, 'change': 1, 'player_num': 1, 'source': 'stars_mode'}
2026-09-13 23:31:02,675 : INFO : EventManager : Event: ======'player_stars_targets_lit_count'====== Args={'value': 2, 'prev_value': 1, 'change': 1, 'player_num': 1, 'source': 'stars_mode'}
2026-09-13 23:31:02,688 : INFO : EventManager : Event: ======'player_score'====== Args={'value': 1559400, 'prev_value': 1558980, 'change': 420, 'player_num': 1, 'source': 'base'}
2026-09-13 23:31:02,980 : INFO : SwitchController : <<<<<<< 's_41_stand_up_target_6' active >>>>>>>
2026-09-13 23:31:02,980 : INFO : EventManager : Event: ======'s_41_stand_up_target_6_active'====== Args={}
2026-09-13 23:31:02,980 : INFO : EventManager : Event: ======'sw_playfield_active'====== Args={}
2026-09-13 23:31:02,981 : INFO : EventManager : Event: ======'sw_standups'====== Args={}
2026-09-13 23:31:02,981 : INFO : EventManager : Event: ======'machine_var_audits_switches_s_41_stand_up_target_6'====== Args={'value': 5163, 'prev_value': 5162, 'change': 1}
2026-09-13 23:31:02,981 : INFO : EventManager : Event: ======'stars_t41_off'====== Args={'priority': 0}
2026-09-13 23:31:02,982 : INFO : EventManager : Event: ======'brian_combo_step1'====== Args={'priority': 0}
2026-09-13 23:31:02,982 : INFO : EventManager : Event: ======'stars_count_updated'====== Args={'priority': 0}
2026-09-13 23:31:02,982 : INFO : EventManager : Event: ======'stars_monitor_t41_off'====== Args={'priority': 0}
2026-09-13 23:31:02,982 : INFO : EventManager : Event: ======'player_stars_t41'====== Args={'value': 0, 'prev_value': 1, 'change': -1, 'player_num': 1, 'source': 'stars_mode'}
2026-09-13 23:31:02,982 : INFO : EventManager : Event: ======'player_stars_targets_lit_count'====== Args={'value': 1, 'prev_value': 2, 'change': -1, 'player_num': 1, 'source': 'stars_mode'}
2026-09-13 23:31:02,993 : INFO : EventManager : Event: ======'player_score'====== Args={'value': 1559820, 'prev_value': 1559400, 'change': 420, 'player_num': 1, 'source': 'base'}
2026-09-13 23:31:03,029 : INFO : SwitchController : <<<<<<< 's_41_stand_up_target_6' inactive >>>>>>>
2026-09-13 23:31:03,029 : INFO : SwitchController : <<<<<<< 's_64_varitarget_position_1' active >>>>>>>
2026-09-13 23:31:03,029 : INFO : EventManager : Event: ======'s_64_varitarget_position_1_active'====== Args={}
2026-09-13 23:31:03,029 : INFO : EventManager : Event: ======'sw_vari'====== Args={}
2026-09-13 23:31:03,029 : INFO : EventManager : Event: ======'machine_var_audits_switches_s_64_varitarget_position_1'====== Args={'value': 16602, 'prev_value': 16601, 'change': 1}
2026-09-13 23:31:03,029 : INFO : EventManager : Event: ======'glasses_pending_position_1'====== Args={'priority': 0}
2026-09-13 23:31:03,030 : INFO : EventManager : Event: ======'machine_var_audits_shots_varitarget_p1'====== Args={'value': 16569, 'prev_value': 16568, 'change': 1}
2026-09-13 23:31:03,030 : INFO : EventManager : Event: ======'varitarget_p1_hit'====== Args={'profile': 'default', 'state': 'lit', 'advancing': False}
2026-09-13 23:31:03,030 : INFO : EventManager : Event: ======'varitarget_p1_default_hit'====== Args={'profile': 'default', 'state': 'lit', 'advancing': False}
2026-09-13 23:31:03,030 : INFO : EventManager : Event: ======'varitarget_p1_default_lit_hit'====== Args={'profile': 'default', 'state': 'lit', 'advancing': False}
2026-09-13 23:31:03,030 : INFO : EventManager : Event: ======'varitarget_p1_lit_hit'====== Args={'profile': 'default', 'state': 'lit', 'advancing': False}
2026-09-13 23:31:03,030 : INFO : EventManager : Event: ======'varitarget_position_changed'====== Args={'priority': 0}
2026-09-13 23:31:03,030 : INFO : EventManager : Event: ======'varitarget_reset_stop'====== Args={'priority': 0}
2026-09-13 23:31:03,030 : INFO : EventManager : Event: ======'varitarget_reset_complete'====== Args={'priority': 0}
2026-09-13 23:31:03,030 : INFO : EventManager : Event: ======'glasses_position_confirm_restart'====== Args={'priority': 0}
2026-09-13 23:31:03,030 : INFO : EventManager : Event: ======'player_glasses_mode_glasses_position_confirm_tick'====== Args={'value': 0, 'prev_value': 1, 'change': -1, 'player_num': 1}
2026-09-13 23:31:03,031 : INFO : Timer.glasses_position_confirm : Starting Timer.
2026-09-13 23:31:03,031 : INFO : EventManager : Event: ======'timer_glasses_position_confirm_started'====== Args={'ticks': 0, 'ticks_remaining': 1}
2026-09-13 23:31:03,031 : INFO : EventManager : Event: ======'timer_glasses_position_confirm_tick'====== Args={'ticks': 0, 'ticks_remaining': 1}
2026-09-13 23:31:03,037 : INFO : EventManager : Event: ======'varitarget_positions_hit'====== Args={'shot': 'varitarget_p1'}
2026-09-13 23:31:03,037 : INFO : EventManager : Event: ======'varitarget_positions_lit_hit'====== Args={'shot': 'varitarget_p1'}
2026-09-13 23:31:03,037 : INFO : EventManager : Event: ======'varitarget_update_stable'====== Args={'priority': 0}
2026-09-13 23:31:03,037 : INFO : Timer.varitarget_reset_timer : Stopping Timer
2026-09-13 23:31:03,037 : INFO : EventManager : Event: ======'timer_varitarget_reset_timer_stopped'====== Args={'ticks': 0, 'ticks_remaining': 999999}
2026-09-13 23:31:03,037 : INFO : EventManager : Event: ======'player_score'====== Args={'value': 1560240, 'prev_value': 1559820, 'change': 420, 'player_num': 1, 'source': 'base'}
2026-09-13 23:31:03,075 : INFO : SwitchController : <<<<<<< 's_41_stand_up_target_6' active >>>>>>>
2026-09-13 23:31:03,075 : INFO : EventManager : Event: ======'s_41_stand_up_target_6_active'====== Args={}
2026-09-13 23:31:03,075 : INFO : EventManager : Event: ======'sw_playfield_active'====== Args={}
2026-09-13 23:31:03,075 : INFO : EventManager : Event: ======'sw_standups'====== Args={}
2026-09-13 23:31:03,075 : INFO : EventManager : Event: ======'machine_var_audits_switches_s_41_stand_up_target_6'====== Args={'value': 5164, 'prev_value': 5163, 'change': 1}
2026-09-13 23:31:03,076 : INFO : SwitchController : <<<<<<< 's_41_stand_up_target_6' inactive >>>>>>>
2026-09-13 23:31:03,076 : INFO : EventManager : Event: ======'stars_t41_on'====== Args={'priority': 0}
2026-09-13 23:31:03,076 : INFO : EventManager : Event: ======'brian_combo_step1'====== Args={'priority': 0}
2026-09-13 23:31:03,076 : INFO : EventManager : Event: ======'stars_count_updated'====== Args={'priority': 0}
2026-09-13 23:31:03,076 : INFO : EventManager : Event: ======'stars_monitor_t41_on'====== Args={'priority': 0}
2026-09-13 23:31:03,076 : INFO : EventManager : Event: ======'player_stars_t41'====== Args={'value': 1, 'prev_value': 0, 'change': 1, 'player_num': 1, 'source': 'stars_mode'}
2026-09-13 23:31:03,077 : INFO : EventManager : Event: ======'player_stars_targets_lit_count'====== Args={'value': 2, 'prev_value': 1, 'change': 1, 'player_num': 1, 'source': 'stars_mode'}
2026-09-13 23:31:03,089 : INFO : EventManager : Event: ======'player_score'====== Args={'value': 1560660, 'prev_value': 1560240, 'change': 420, 'player_num': 1, 'source': 'base'}
2026-09-13 23:31:03,098 : INFO : SwitchController : <<<<<<< 's_41_stand_up_target_6' active >>>>>>>
2026-09-13 23:31:03,098 : INFO : EventManager : Event: ======'s_41_stand_up_target_6_active'====== Args={}
2026-09-13 23:31:03,099 : INFO : EventManager : Event: ======'sw_playfield_active'====== Args={}
2026-09-13 23:31:03,099 : INFO : EventManager : Event: ======'sw_standups'====== Args={}
2026-09-13 23:31:03,099 : INFO : EventManager : Event: ======'machine_var_audits_switches_s_41_stand_up_target_6'====== Args={'value': 5165, 'prev_value': 5164, 'change': 1}
2026-09-13 23:31:03,099 : INFO : SwitchController : <<<<<<< 's_41_stand_up_target_6' inactive >>>>>>>
2026-09-13 23:31:03,100 : INFO : EventManager : Event: ======'stars_t41_off'====== Args={'priority': 0}
2026-09-13 23:31:03,100 : INFO : EventManager : Event: ======'brian_combo_step1'====== Args={'priority': 0}
2026-09-13 23:31:03,100 : INFO : EventManager : Event: ======'stars_count_updated'====== Args={'priority': 0}
2026-09-13 23:31:03,100 : INFO : EventManager : Event: ======'stars_monitor_t41_off'====== Args={'priority': 0}
2026-09-13 23:31:03,100 : INFO : EventManager : Event: ======'player_stars_t41'====== Args={'value': 0, 'prev_value': 1, 'change': -1, 'player_num': 1, 'source': 'stars_mode'}
2026-09-13 23:31:03,100 : INFO : EventManager : Event: ======'player_stars_targets_lit_count'====== Args={'value': 1, 'prev_value': 2, 'change': -1, 'player_num': 1, 'source': 'stars_mode'}
2026-09-13 23:31:03,112 : INFO : EventManager : Event: ======'player_score'====== Args={'value': 1561080, 'prev_value': 1560660, 'change': 420, 'player_num': 1, 'source': 'base'}
2026-09-13 23:31:03,250 : INFO : EventManager : Event: ======'player_obey_obey_stage2_timer_tick'====== Args={'value': 128, 'prev_value': 129, 'change': -1, 'player_num': 1}
2026-09-13 23:31:03,250 : INFO : EventManager : Event: ======'timer_obey_stage2_timer_tick'====== Args={'ticks': 128, 'ticks_remaining': 128}
2026-09-13 23:31:03,405 : INFO : SwitchController : <<<<<<< 's_41_stand_up_target_6' active >>>>>>>
2026-09-13 23:31:03,405 : INFO : EventManager : Event: ======'s_41_stand_up_target_6_active'====== Args={}
2026-09-13 23:31:03,405 : INFO : EventManager : Event: ======'sw_playfield_active'====== Args={}
2026-09-13 23:31:03,406 : INFO : EventManager : Event: ======'sw_standups'====== Args={}
2026-09-13 23:31:03,406 : INFO : EventManager : Event: ======'machine_var_audits_switches_s_41_stand_up_target_6'====== Args={'value': 5166, 'prev_value': 5165, 'change': 1}
2026-09-13 23:31:03,406 : INFO : EventManager : Event: ======'stars_t41_on'====== Args={'priority': 0}
2026-09-13 23:31:03,406 : INFO : EventManager : Event: ======'brian_combo_step1'====== Args={'priority': 0}
2026-09-13 23:31:03,406 : INFO : EventManager : Event: ======'stars_count_updated'====== Args={'priority': 0}
2026-09-13 23:31:03,406 : INFO : EventManager : Event: ======'stars_monitor_t41_on'====== Args={'priority': 0}
2026-09-13 23:31:03,406 : INFO : EventManager : Event: ======'player_stars_t41'====== Args={'value': 1, 'prev_value': 0, 'change': 1, 'player_num': 1, 'source': 'stars_mode'}
2026-09-13 23:31:03,407 : INFO : EventManager : Event: ======'player_stars_targets_lit_count'====== Args={'value': 2, 'prev_value': 1, 'change': 1, 'player_num': 1, 'source': 'stars_mode'}
2026-09-13 23:31:03,418 : INFO : EventManager : Event: ======'player_score'====== Args={'value': 1561500, 'prev_value': 1561080, 'change': 420, 'player_num': 1, 'source': 'base'}
2026-09-13 23:31:03,453 : INFO : SwitchController : <<<<<<< 's_41_stand_up_target_6' inactive >>>>>>>
2026-09-13 23:31:03,473 : INFO : SwitchController : <<<<<<< 's_41_stand_up_target_6' active >>>>>>>
2026-09-13 23:31:03,473 : INFO : EventManager : Event: ======'s_41_stand_up_target_6_active'====== Args={}
2026-09-13 23:31:03,473 : INFO : EventManager : Event: ======'sw_playfield_active'====== Args={}
2026-09-13 23:31:03,473 : INFO : EventManager : Event: ======'sw_standups'====== Args={}
2026-09-13 23:31:03,473 : INFO : EventManager : Event: ======'machine_var_audits_switches_s_41_stand_up_target_6'====== Args={'value': 5167, 'prev_value': 5166, 'change': 1}
2026-09-13 23:31:03,473 : INFO : SwitchController : <<<<<<< 's_41_stand_up_target_6' inactive >>>>>>>
2026-09-13 23:31:03,474 : INFO : EventManager : Event: ======'stars_t41_off'====== Args={'priority': 0}
2026-09-13 23:31:03,474 : INFO : EventManager : Event: ======'brian_combo_step1'====== Args={'priority': 0}
2026-09-13 23:31:03,474 : INFO : EventManager : Event: ======'stars_count_updated'====== Args={'priority': 0}
2026-09-13 23:31:03,474 : INFO : EventManager : Event: ======'stars_monitor_t41_off'====== Args={'priority': 0}
2026-09-13 23:31:03,474 : INFO : EventManager : Event: ======'player_stars_t41'====== Args={'value': 0, 'prev_value': 1, 'change': -1, 'player_num': 1, 'source': 'stars_mode'}
2026-09-13 23:31:03,474 : INFO : EventManager : Event: ======'player_stars_targets_lit_count'====== Args={'value': 1, 'prev_value': 2, 'change': -1, 'player_num': 1, 'source': 'stars_mode'}
2026-09-13 23:31:03,486 : INFO : EventManager : Event: ======'player_score'====== Args={'value': 1561920, 'prev_value': 1561500, 'change': 420, 'player_num': 1, 'source': 'base'}
2026-09-13 23:31:03,496 : INFO : SwitchController : <<<<<<< 's_41_stand_up_target_6' active >>>>>>>
2026-09-13 23:31:03,496 : INFO : EventManager : Event: ======'s_41_stand_up_target_6_active'====== Args={}
2026-09-13 23:31:03,496 : INFO : EventManager : Event: ======'sw_playfield_active'====== Args={}
2026-09-13 23:31:03,496 : INFO : EventManager : Event: ======'sw_standups'====== Args={}
2026-09-13 23:31:03,496 : INFO : EventManager : Event: ======'machine_var_audits_switches_s_41_stand_up_target_6'====== Args={'value': 5168, 'prev_value': 5167, 'change': 1}
2026-09-13 23:31:03,496 : INFO : SwitchController : <<<<<<< 's_41_stand_up_target_6' inactive >>>>>>>
2026-09-13 23:31:03,497 : INFO : EventManager : Event: ======'stars_t41_on'====== Args={'priority': 0}
2026-09-13 23:31:03,497 : INFO : EventManager : Event: ======'brian_combo_step1'====== Args={'priority': 0}
2026-09-13 23:31:03,497 : INFO : EventManager : Event: ======'stars_count_updated'====== Args={'priority': 0}
2026-09-13 23:31:03,497 : INFO : EventManager : Event: ======'stars_monitor_t41_on'====== Args={'priority': 0}
2026-09-13 23:31:03,497 : INFO : EventManager : Event: ======'player_stars_t41'====== Args={'value': 1, 'prev_value': 0, 'change': 1, 'player_num': 1, 'source': 'stars_mode'}
2026-09-13 23:31:03,497 : INFO : EventManager : Event: ======'player_stars_targets_lit_count'====== Args={'value': 2, 'prev_value': 1, 'change': 1, 'player_num': 1, 'source': 'stars_mode'}
2026-09-13 23:31:03,509 : INFO : EventManager : Event: ======'player_score'====== Args={'value': 1562340, 'prev_value': 1561920, 'change': 420, 'player_num': 1, 'source': 'base'}
2026-09-13 23:31:03,516 : INFO : SwitchController : <<<<<<< 's_41_stand_up_target_6' active >>>>>>>
2026-09-13 23:31:03,516 : INFO : EventManager : Event: ======'s_41_stand_up_target_6_active'====== Args={}
2026-09-13 23:31:03,516 : INFO : EventManager : Event: ======'sw_playfield_active'====== Args={}
2026-09-13 23:31:03,516 : INFO : EventManager : Event: ======'sw_standups'====== Args={}
2026-09-13 23:31:03,516 : INFO : EventManager : Event: ======'machine_var_audits_switches_s_41_stand_up_target_6'====== Args={'value': 5169, 'prev_value': 5168, 'change': 1}
2026-09-13 23:31:03,521 : INFO : EventManager : Event: ======'stars_t41_off'====== Args={'priority': 0}
2026-09-13 23:31:03,521 : INFO : EventManager : Event: ======'brian_combo_step1'====== Args={'priority': 0}
2026-09-13 23:31:03,521 : INFO : EventManager : Event: ======'stars_count_updated'====== Args={'priority': 0}
2026-09-13 23:31:03,521 : INFO : EventManager : Event: ======'stars_monitor_t41_off'====== Args={'priority': 0}
2026-09-13 23:31:03,521 : INFO : EventManager : Event: ======'player_stars_t41'====== Args={'value': 0, 'prev_value': 1, 'change': -1, 'player_num': 1, 'source': 'stars_mode'}
2026-09-13 23:31:03,521 : INFO : EventManager : Event: ======'player_stars_targets_lit_count'====== Args={'value': 1, 'prev_value': 2, 'change': -1, 'player_num': 1, 'source': 'stars_mode'}
2026-09-13 23:31:03,534 : INFO : EventManager : Event: ======'player_score'====== Args={'value': 1562760, 'prev_value': 1562340, 'change': 420, 'player_num': 1, 'source': 'base'}
2026-09-13 23:31:03,540 : INFO : SwitchController : <<<<<<< 's_41_stand_up_target_6' inactive >>>>>>>
2026-09-13 23:31:04,025 : INFO : EventManager : Event: ======'player_glasses_mode_glasses_position_confirm_tick'====== Args={'value': 1, 'prev_value': 0, 'change': 1, 'player_num': 1}
2026-09-13 23:31:04,025 : INFO : Timer.glasses_position_confirm : Timer Complete
2026-09-13 23:31:04,025 : INFO : Timer.glasses_position_confirm : Stopping Timer
2026-09-13 23:31:04,025 : INFO : EventManager : Event: ======'timer_glasses_position_confirm_stopped'====== Args={'ticks': 1, 'ticks_remaining': 1}
2026-09-13 23:31:04,025 : INFO : EventManager : Event: ======'timer_glasses_position_confirm_complete'====== Args={'ticks': 1, 'ticks_remaining': 1}
2026-09-13 23:31:04,032 : INFO : EventManager : Event: ======'varitarget_position_1_confirmed'====== Args={'priority': 0}
2026-09-13 23:31:04,032 : INFO : EventManager : Event: ======'glasses_enter_state_1'====== Args={'priority': 0}
2026-09-13 23:31:04,032 : INFO : EventManager : Event: ======'glasses_stop_all_shows'====== Args={'priority': 0}
2026-09-13 23:31:04,032 : INFO : EventManager : Event: ======'glasses_state_timer_stop'====== Args={'priority': 0}
2026-09-13 23:31:04,032 : INFO : EventManager : Event: ======'glasses_home_pulse_timer_stop'====== Args={'priority': 0}
2026-09-13 23:31:04,032 : INFO : EventManager : Event: ======'glasses_homing_cancel'====== Args={'priority': 0}
2026-09-13 23:31:04,032 : INFO : Timer.glasses_state_timer : Stopping Timer
2026-09-13 23:31:04,032 : INFO : EventManager : Event: ======'timer_glasses_state_timer_stopped'====== Args={'ticks': 10, 'ticks_remaining': 1}
2026-09-13 23:31:04,032 : INFO : Timer.glasses_home_pulse_timer : Stopping Timer
2026-09-13 23:31:04,032 : INFO : EventManager : Event: ======'timer_glasses_home_pulse_timer_stopped'====== Args={'ticks': 10, 'ticks_remaining': 1}
2026-09-13 23:31:04,246 : INFO : EventManager : Event: ======'player_obey_obey_stage2_timer_tick'====== Args={'value': 127, 'prev_value': 128, 'change': -1, 'player_num': 1}
2026-09-13 23:31:04,246 : INFO : EventManager : Event: ======'timer_obey_stage2_timer_tick'====== Args={'ticks': 127, 'ticks_remaining': 127}
2026-09-13 23:31:05,234 : INFO : EventManager : Event: ======'player_obey_obey_stage2_timer_tick'====== Args={'value': 126, 'prev_value': 127, 'change': -1, 'player_num': 1}
2026-09-13 23:31:05,235 : INFO : EventManager : Event: ======'timer_obey_stage2_timer_tick'====== Args={'ticks': 126, 'ticks_remaining': 126}
2026-09-13 23:31:05,312 : INFO : SwitchController : <<<<<<< 's_41_stand_up_target_6' active >>>>>>>
2026-09-13 23:31:05,312 : INFO : EventManager : Event: ======'s_41_stand_up_target_6_active'====== Args={}
2026-09-13 23:31:05,312 : INFO : EventManager : Event: ======'sw_playfield_active'====== Args={}
2026-09-13 23:31:05,312 : INFO : EventManager : Event: ======'sw_standups'====== Args={}
2026-09-13 23:31:05,312 : INFO : EventManager : Event: ======'machine_var_audits_switches_s_41_stand_up_target_6'====== Args={'value': 5170, 'prev_value': 5169, 'change': 1}
2026-09-13 23:31:05,313 : INFO : EventManager : Event: ======'stars_t41_on'====== Args={'priority': 0}
2026-09-13 23:31:05,313 : INFO : EventManager : Event: ======'brian_combo_step1'====== Args={'priority': 0}
2026-09-13 23:31:05,313 : INFO : EventManager : Event: ======'stars_count_updated'====== Args={'priority': 0}
2026-09-13 23:31:05,313 : INFO : EventManager : Event: ======'stars_monitor_t41_on'====== Args={'priority': 0}
2026-09-13 23:31:05,313 : INFO : EventManager : Event: ======'player_stars_t41'====== Args={'value': 1, 'prev_value': 0, 'change': 1, 'player_num': 1, 'source': 'stars_mode'}
2026-09-13 23:31:05,313 : INFO : EventManager : Event: ======'player_stars_targets_lit_count'====== Args={'value': 2, 'prev_value': 1, 'change': 1, 'player_num': 1, 'source': 'stars_mode'}
2026-09-13 23:31:05,325 : INFO : EventManager : Event: ======'player_score'====== Args={'value': 1563180, 'prev_value': 1562760, 'change': 420, 'player_num': 1, 'source': 'base'}
2026-09-13 23:31:05,408 : INFO : SwitchController : <<<<<<< 's_41_stand_up_target_6' inactive >>>>>>>
2026-09-13 23:31:05,774 : INFO : SwitchController : <<<<<<< 's_41_stand_up_target_6' active >>>>>>>
2026-09-13 23:31:05,774 : INFO : EventManager : Event: ======'s_41_stand_up_target_6_active'====== Args={}
2026-09-13 23:31:05,774 : INFO : EventManager : Event: ======'sw_playfield_active'====== Args={}
2026-09-13 23:31:05,774 : INFO : EventManager : Event: ======'sw_standups'====== Args={}
2026-09-13 23:31:05,775 : INFO : EventManager : Event: ======'machine_var_audits_switches_s_41_stand_up_target_6'====== Args={'value': 5171, 'prev_value': 5170, 'change': 1}
2026-09-13 23:31:05,775 : INFO : EventManager : Event: ======'stars_t41_off'====== Args={'priority': 0}
2026-09-13 23:31:05,775 : INFO : EventManager : Event: ======'brian_combo_step1'====== Args={'priority': 0}
2026-09-13 23:31:05,775 : INFO : EventManager : Event: ======'stars_count_updated'====== Args={'priority': 0}
2026-09-13 23:31:05,775 : INFO : EventManager : Event: ======'stars_monitor_t41_off'====== Args={'priority': 0}
2026-09-13 23:31:05,775 : INFO : EventManager : Event: ======'player_stars_t41'====== Args={'value': 0, 'prev_value': 1, 'change': -1, 'player_num': 1, 'source': 'stars_mode'}
2026-09-13 23:31:05,776 : INFO : EventManager : Event: ======'player_stars_targets_lit_count'====== Args={'value': 1, 'prev_value': 2, 'change': -1, 'player_num': 1, 'source': 'stars_mode'}
2026-09-13 23:31:05,787 : INFO : EventManager : Event: ======'player_score'====== Args={'value': 1563600, 'prev_value': 1563180, 'change': 420, 'player_num': 1, 'source': 'base'}
2026-09-13 23:31:05,835 : INFO : SwitchController : <<<<<<< 's_41_stand_up_target_6' inactive >>>>>>>
2026-09-13 23:31:05,883 : INFO : SwitchController : <<<<<<< 's_41_stand_up_target_6' active >>>>>>>
2026-09-13 23:31:05,883 : INFO : EventManager : Event: ======'s_41_stand_up_target_6_active'====== Args={}
2026-09-13 23:31:05,883 : INFO : EventManager : Event: ======'sw_playfield_active'====== Args={}
2026-09-13 23:31:05,883 : INFO : EventManager : Event: ======'sw_standups'====== Args={}
2026-09-13 23:31:05,883 : INFO : EventManager : Event: ======'machine_var_audits_switches_s_41_stand_up_target_6'====== Args={'value': 5172, 'prev_value': 5171, 'change': 1}
2026-09-13 23:31:05,884 : INFO : SwitchController : <<<<<<< 's_41_stand_up_target_6' inactive >>>>>>>
2026-09-13 23:31:05,884 : INFO : EventManager : Event: ======'stars_t41_on'====== Args={'priority': 0}
2026-09-13 23:31:05,884 : INFO : EventManager : Event: ======'brian_combo_step1'====== Args={'priority': 0}
2026-09-13 23:31:05,884 : INFO : EventManager : Event: ======'stars_count_updated'====== Args={'priority': 0}
2026-09-13 23:31:05,884 : INFO : EventManager : Event: ======'stars_monitor_t41_on'====== Args={'priority': 0}
2026-09-13 23:31:05,885 : INFO : EventManager : Event: ======'player_stars_t41'====== Args={'value': 1, 'prev_value': 0, 'change': 1, 'player_num': 1, 'source': 'stars_mode'}
2026-09-13 23:31:05,885 : INFO : EventManager : Event: ======'player_stars_targets_lit_count'====== Args={'value': 2, 'prev_value': 1, 'change': 1, 'player_num': 1, 'source': 'stars_mode'}
2026-09-13 23:31:05,896 : INFO : EventManager : Event: ======'player_score'====== Args={'value': 1564020, 'prev_value': 1563600, 'change': 420, 'player_num': 1, 'source': 'base'}
2026-09-13 23:31:05,906 : INFO : SwitchController : <<<<<<< 's_41_stand_up_target_6' active >>>>>>>
2026-09-13 23:31:05,906 : INFO : EventManager : Event: ======'s_41_stand_up_target_6_active'====== Args={}
2026-09-13 23:31:05,906 : INFO : EventManager : Event: ======'sw_playfield_active'====== Args={}
2026-09-13 23:31:05,906 : INFO : EventManager : Event: ======'sw_standups'====== Args={}
2026-09-13 23:31:05,906 : INFO : EventManager : Event: ======'machine_var_audits_switches_s_41_stand_up_target_6'====== Args={'value': 5173, 'prev_value': 5172, 'change': 1}
2026-09-13 23:31:05,907 : INFO : SwitchController : <<<<<<< 's_41_stand_up_target_6' inactive >>>>>>>
2026-09-13 23:31:05,907 : INFO : SwitchController : <<<<<<< 's_41_stand_up_target_6' active >>>>>>>
2026-09-13 23:31:05,907 : INFO : EventManager : Event: ======'s_41_stand_up_target_6_active'====== Args={}
2026-09-13 23:31:05,907 : INFO : EventManager : Event: ======'sw_playfield_active'====== Args={}
2026-09-13 23:31:05,907 : INFO : EventManager : Event: ======'sw_standups'====== Args={}
2026-09-13 23:31:05,907 : INFO : EventManager : Event: ======'machine_var_audits_switches_s_41_stand_up_target_6'====== Args={'value': 5174, 'prev_value': 5173, 'change': 1}
2026-09-13 23:31:05,910 : INFO : EventManager : Event: ======'stars_t41_off'====== Args={'priority': 0}
2026-09-13 23:31:05,910 : INFO : EventManager : Event: ======'brian_combo_step1'====== Args={'priority': 0}
2026-09-13 23:31:05,910 : INFO : EventManager : Event: ======'stars_count_updated'====== Args={'priority': 0}
2026-09-13 23:31:05,910 : INFO : EventManager : Event: ======'stars_monitor_t41_off'====== Args={'priority': 0}
2026-09-13 23:31:05,911 : INFO : EventManager : Event: ======'player_stars_t41'====== Args={'value': 0, 'prev_value': 1, 'change': -1, 'player_num': 1, 'source': 'stars_mode'}
2026-09-13 23:31:05,911 : INFO : EventManager : Event: ======'player_stars_targets_lit_count'====== Args={'value': 1, 'prev_value': 2, 'change': -1, 'player_num': 1, 'source': 'stars_mode'}
2026-09-13 23:31:05,922 : INFO : EventManager : Event: ======'player_score'====== Args={'value': 1564440, 'prev_value': 1564020, 'change': 420, 'player_num': 1, 'source': 'base'}
2026-09-13 23:31:05,928 : INFO : EventManager : Event: ======'stars_t41_on'====== Args={'priority': 0}
2026-09-13 23:31:05,928 : INFO : EventManager : Event: ======'brian_combo_step1'====== Args={'priority': 0}
2026-09-13 23:31:05,928 : INFO : EventManager : Event: ======'stars_count_updated'====== Args={'priority': 0}
2026-09-13 23:31:05,928 : INFO : EventManager : Event: ======'stars_monitor_t41_on'====== Args={'priority': 0}
2026-09-13 23:31:05,928 : INFO : EventManager : Event: ======'player_stars_t41'====== Args={'value': 1, 'prev_value': 0, 'change': 1, 'player_num': 1, 'source': 'stars_mode'}
2026-09-13 23:31:05,928 : INFO : EventManager : Event: ======'player_stars_targets_lit_count'====== Args={'value': 2, 'prev_value': 1, 'change': 1, 'player_num': 1, 'source': 'stars_mode'}
2026-09-13 23:31:05,940 : INFO : EventManager : Event: ======'player_score'====== Args={'value': 1564860, 'prev_value': 1564440, 'change': 420, 'player_num': 1, 'source': 'base'}
2026-09-13 23:31:05,946 : INFO : SwitchController : <<<<<<< 's_41_stand_up_target_6' inactive >>>>>>>
2026-09-13 23:31:06,200 : INFO : SwitchController : <<<<<<< 's_41_stand_up_target_6' active >>>>>>>
2026-09-13 23:31:06,200 : INFO : EventManager : Event: ======'s_41_stand_up_target_6_active'====== Args={}
2026-09-13 23:31:06,200 : INFO : EventManager : Event: ======'sw_playfield_active'====== Args={}
2026-09-13 23:31:06,200 : INFO : EventManager : Event: ======'sw_standups'====== Args={}
2026-09-13 23:31:06,200 : INFO : EventManager : Event: ======'machine_var_audits_switches_s_41_stand_up_target_6'====== Args={'value': 5175, 'prev_value': 5174, 'change': 1}
2026-09-13 23:31:06,201 : INFO : EventManager : Event: ======'stars_t41_off'====== Args={'priority': 0}
2026-09-13 23:31:06,201 : INFO : EventManager : Event: ======'brian_combo_step1'====== Args={'priority': 0}
2026-09-13 23:31:06,201 : INFO : EventManager : Event: ======'stars_count_updated'====== Args={'priority': 0}
2026-09-13 23:31:06,201 : INFO : EventManager : Event: ======'stars_monitor_t41_off'====== Args={'priority': 0}
2026-09-13 23:31:06,201 : INFO : EventManager : Event: ======'player_stars_t41'====== Args={'value': 0, 'prev_value': 1, 'change': -1, 'player_num': 1, 'source': 'stars_mode'}
2026-09-13 23:31:06,201 : INFO : EventManager : Event: ======'player_stars_targets_lit_count'====== Args={'value': 1, 'prev_value': 2, 'change': -1, 'player_num': 1, 'source': 'stars_mode'}
2026-09-13 23:31:06,212 : INFO : EventManager : Event: ======'player_score'====== Args={'value': 1565280, 'prev_value': 1564860, 'change': 420, 'player_num': 1, 'source': 'base'}
2026-09-13 23:31:06,236 : INFO : EventManager : Event: ======'player_obey_obey_stage2_timer_tick'====== Args={'value': 125, 'prev_value': 126, 'change': -1, 'player_num': 1}
2026-09-13 23:31:06,237 : INFO : EventManager : Event: ======'timer_obey_stage2_timer_tick'====== Args={'ticks': 125, 'ticks_remaining': 125}
2026-09-13 23:31:06,267 : INFO : SwitchController : <<<<<<< 's_41_stand_up_target_6' inactive >>>>>>>
2026-09-13 23:31:06,327 : INFO : SwitchController : <<<<<<< 's_41_stand_up_target_6' active >>>>>>>
2026-09-13 23:31:06,327 : INFO : EventManager : Event: ======'s_41_stand_up_target_6_active'====== Args={}
2026-09-13 23:31:06,327 : INFO : EventManager : Event: ======'sw_playfield_active'====== Args={}
2026-09-13 23:31:06,327 : INFO : EventManager : Event: ======'sw_standups'====== Args={}
2026-09-13 23:31:06,327 : INFO : EventManager : Event: ======'machine_var_audits_switches_s_41_stand_up_target_6'====== Args={'value': 5176, 'prev_value': 5175, 'change': 1}
2026-09-13 23:31:06,328 : INFO : SwitchController : <<<<<<< 's_41_stand_up_target_6' inactive >>>>>>>
2026-09-13 23:31:06,360 : INFO : EventManager : Event: ======'stars_t41_on'====== Args={'priority': 0}
2026-09-13 23:31:06,360 : INFO : EventManager : Event: ======'brian_combo_step1'====== Args={'priority': 0}
2026-09-13 23:31:06,360 : INFO : EventManager : Event: ======'stars_count_updated'====== Args={'priority': 0}
2026-09-13 23:31:06,360 : INFO : EventManager : Event: ======'stars_monitor_t41_on'====== Args={'priority': 0}
2026-09-13 23:31:06,360 : INFO : EventManager : Event: ======'player_stars_t41'====== Args={'value': 1, 'prev_value': 0, 'change': 1, 'player_num': 1, 'source': 'stars_mode'}
2026-09-13 23:31:06,360 : INFO : EventManager : Event: ======'player_stars_targets_lit_count'====== Args={'value': 2, 'prev_value': 1, 'change': 1, 'player_num': 1, 'source': 'stars_mode'}
2026-09-13 23:31:06,374 : INFO : EventManager : Event: ======'player_score'====== Args={'value': 1565700, 'prev_value': 1565280, 'change': 420, 'player_num': 1, 'source': 'base'}
2026-09-13 23:31:06,756 : INFO : SwitchController : <<<<<<< 's_41_stand_up_target_6' active >>>>>>>
2026-09-13 23:31:06,756 : INFO : EventManager : Event: ======'s_41_stand_up_target_6_active'====== Args={}
2026-09-13 23:31:06,756 : INFO : EventManager : Event: ======'sw_playfield_active'====== Args={}
2026-09-13 23:31:06,756 : INFO : EventManager : Event: ======'sw_standups'====== Args={}
2026-09-13 23:31:06,756 : INFO : EventManager : Event: ======'machine_var_audits_switches_s_41_stand_up_target_6'====== Args={'value': 5177, 'prev_value': 5176, 'change': 1}
2026-09-13 23:31:06,757 : INFO : EventManager : Event: ======'stars_t41_off'====== Args={'priority': 0}
2026-09-13 23:31:06,757 : INFO : EventManager : Event: ======'brian_combo_step1'====== Args={'priority': 0}
2026-09-13 23:31:06,757 : INFO : EventManager : Event: ======'stars_count_updated'====== Args={'priority': 0}
2026-09-13 23:31:06,757 : INFO : EventManager : Event: ======'stars_monitor_t41_off'====== Args={'priority': 0}
2026-09-13 23:31:06,757 : INFO : EventManager : Event: ======'player_stars_t41'====== Args={'value': 0, 'prev_value': 1, 'change': -1, 'player_num': 1, 'source': 'stars_mode'}
2026-09-13 23:31:06,757 : INFO : EventManager : Event: ======'player_stars_targets_lit_count'====== Args={'value': 1, 'prev_value': 2, 'change': -1, 'player_num': 1, 'source': 'stars_mode'}
2026-09-13 23:31:06,769 : INFO : EventManager : Event: ======'player_score'====== Args={'value': 1566120, 'prev_value': 1565700, 'change': 420, 'player_num': 1, 'source': 'base'}
2026-09-13 23:31:06,819 : INFO : SwitchController : <<<<<<< 's_41_stand_up_target_6' inactive >>>>>>>
2026-09-13 23:31:06,819 : INFO : SwitchController : <<<<<<< 's_41_stand_up_target_6' active >>>>>>>
2026-09-13 23:31:06,819 : INFO : EventManager : Event: ======'s_41_stand_up_target_6_active'====== Args={}
2026-09-13 23:31:06,819 : INFO : EventManager : Event: ======'sw_playfield_active'====== Args={}
2026-09-13 23:31:06,819 : INFO : EventManager : Event: ======'sw_standups'====== Args={}
2026-09-13 23:31:06,819 : INFO : EventManager : Event: ======'machine_var_audits_switches_s_41_stand_up_target_6'====== Args={'value': 5178, 'prev_value': 5177, 'change': 1}
2026-09-13 23:31:06,820 : INFO : SwitchController : <<<<<<< 's_41_stand_up_target_6' inactive >>>>>>>
2026-09-13 23:31:06,820 : INFO : EventManager : Event: ======'stars_t41_on'====== Args={'priority': 0}
2026-09-13 23:31:06,820 : INFO : EventManager : Event: ======'brian_combo_step1'====== Args={'priority': 0}
2026-09-13 23:31:06,820 : INFO : EventManager : Event: ======'stars_count_updated'====== Args={'priority': 0}
2026-09-13 23:31:06,820 : INFO : EventManager : Event: ======'stars_monitor_t41_on'====== Args={'priority': 0}
2026-09-13 23:31:06,820 : INFO : EventManager : Event: ======'player_stars_t41'====== Args={'value': 1, 'prev_value': 0, 'change': 1, 'player_num': 1, 'source': 'stars_mode'}
2026-09-13 23:31:06,821 : INFO : EventManager : Event: ======'player_stars_targets_lit_count'====== Args={'value': 2, 'prev_value': 1, 'change': 1, 'player_num': 1, 'source': 'stars_mode'}
2026-09-13 23:31:06,832 : INFO : EventManager : Event: ======'player_score'====== Args={'value': 1566540, 'prev_value': 1566120, 'change': 420, 'player_num': 1, 'source': 'base'}
2026-09-13 23:31:07,072 : INFO : SwitchController : <<<<<<< 's_41_stand_up_target_6' active >>>>>>>
2026-09-13 23:31:07,072 : INFO : EventManager : Event: ======'s_41_stand_up_target_6_active'====== Args={}
2026-09-13 23:31:07,072 : INFO : EventManager : Event: ======'sw_playfield_active'====== Args={}
2026-09-13 23:31:07,072 : INFO : EventManager : Event: ======'sw_standups'====== Args={}
2026-09-13 23:31:07,072 : INFO : EventManager : Event: ======'machine_var_audits_switches_s_41_stand_up_target_6'====== Args={'value': 5179, 'prev_value': 5178, 'change': 1}
2026-09-13 23:31:07,073 : INFO : EventManager : Event: ======'stars_t41_off'====== Args={'priority': 0}
2026-09-13 23:31:07,073 : INFO : EventManager : Event: ======'brian_combo_step1'====== Args={'priority': 0}
2026-09-13 23:31:07,073 : INFO : EventManager : Event: ======'stars_count_updated'====== Args={'priority': 0}
2026-09-13 23:31:07,073 : INFO : EventManager : Event: ======'stars_monitor_t41_off'====== Args={'priority': 0}
2026-09-13 23:31:07,073 : INFO : EventManager : Event: ======'player_stars_t41'====== Args={'value': 0, 'prev_value': 1, 'change': -1, 'player_num': 1, 'source': 'stars_mode'}
2026-09-13 23:31:07,073 : INFO : EventManager : Event: ======'player_stars_targets_lit_count'====== Args={'value': 1, 'prev_value': 2, 'change': -1, 'player_num': 1, 'source': 'stars_mode'}
2026-09-13 23:31:07,085 : INFO : EventManager : Event: ======'player_score'====== Args={'value': 1566960, 'prev_value': 1566540, 'change': 420, 'player_num': 1, 'source': 'base'}
2026-09-13 23:31:07,120 : INFO : SwitchController : <<<<<<< 's_41_stand_up_target_6' inactive >>>>>>>
2026-09-13 23:31:07,136 : INFO : SwitchController : <<<<<<< 's_41_stand_up_target_6' active >>>>>>>
2026-09-13 23:31:07,136 : INFO : EventManager : Event: ======'s_41_stand_up_target_6_active'====== Args={}
2026-09-13 23:31:07,136 : INFO : EventManager : Event: ======'sw_playfield_active'====== Args={}
2026-09-13 23:31:07,136 : INFO : EventManager : Event: ======'sw_standups'====== Args={}
2026-09-13 23:31:07,136 : INFO : EventManager : Event: ======'machine_var_audits_switches_s_41_stand_up_target_6'====== Args={'value': 5180, 'prev_value': 5179, 'change': 1}
2026-09-13 23:31:07,137 : INFO : SwitchController : <<<<<<< 's_41_stand_up_target_6' inactive >>>>>>>
2026-09-13 23:31:07,137 : INFO : EventManager : Event: ======'stars_t41_on'====== Args={'priority': 0}
2026-09-13 23:31:07,137 : INFO : EventManager : Event: ======'brian_combo_step1'====== Args={'priority': 0}
2026-09-13 23:31:07,137 : INFO : EventManager : Event: ======'stars_count_updated'====== Args={'priority': 0}
2026-09-13 23:31:07,137 : INFO : EventManager : Event: ======'stars_monitor_t41_on'====== Args={'priority': 0}
2026-09-13 23:31:07,138 : INFO : EventManager : Event: ======'player_stars_t41'====== Args={'value': 1, 'prev_value': 0, 'change': 1, 'player_num': 1, 'source': 'stars_mode'}
2026-09-13 23:31:07,138 : INFO : EventManager : Event: ======'player_stars_targets_lit_count'====== Args={'value': 2, 'prev_value': 1, 'change': 1, 'player_num': 1, 'source': 'stars_mode'}
2026-09-13 23:31:07,149 : INFO : EventManager : Event: ======'player_score'====== Args={'value': 1567380, 'prev_value': 1566960, 'change': 420, 'player_num': 1, 'source': 'base'}
2026-09-13 23:31:07,250 : INFO : EventManager : Event: ======'player_obey_obey_stage2_timer_tick'====== Args={'value': 124, 'prev_value': 125, 'change': -1, 'player_num': 1}
2026-09-13 23:31:07,250 : INFO : EventManager : Event: ======'timer_obey_stage2_timer_tick'====== Args={'ticks': 124, 'ticks_remaining': 124}
2026-09-13 23:31:07,341 : INFO : SwitchController : <<<<<<< 's_41_stand_up_target_6' active >>>>>>>
2026-09-13 23:31:07,341 : INFO : EventManager : Event: ======'s_41_stand_up_target_6_active'====== Args={}
2026-09-13 23:31:07,341 : INFO : EventManager : Event: ======'sw_playfield_active'====== Args={}
2026-09-13 23:31:07,341 : INFO : EventManager : Event: ======'sw_standups'====== Args={}
2026-09-13 23:31:07,341 : INFO : EventManager : Event: ======'machine_var_audits_switches_s_41_stand_up_target_6'====== Args={'value': 5181, 'prev_value': 5180, 'change': 1}
2026-09-13 23:31:07,342 : INFO : EventManager : Event: ======'stars_t41_off'====== Args={'priority': 0}
2026-09-13 23:31:07,342 : INFO : EventManager : Event: ======'brian_combo_step1'====== Args={'priority': 0}
2026-09-13 23:31:07,342 : INFO : EventManager : Event: ======'stars_count_updated'====== Args={'priority': 0}
2026-09-13 23:31:07,342 : INFO : EventManager : Event: ======'stars_monitor_t41_off'====== Args={'priority': 0}
2026-09-13 23:31:07,342 : INFO : EventManager : Event: ======'player_stars_t41'====== Args={'value': 0, 'prev_value': 1, 'change': -1, 'player_num': 1, 'source': 'stars_mode'}
2026-09-13 23:31:07,342 : INFO : EventManager : Event: ======'player_stars_targets_lit_count'====== Args={'value': 1, 'prev_value': 2, 'change': -1, 'player_num': 1, 'source': 'stars_mode'}
2026-09-13 23:31:07,354 : INFO : EventManager : Event: ======'player_score'====== Args={'value': 1567800, 'prev_value': 1567380, 'change': 420, 'player_num': 1, 'source': 'base'}
2026-09-13 23:31:07,373 : INFO : SwitchController : <<<<<<< 's_41_stand_up_target_6' inactive >>>>>>>
2026-09-13 23:31:07,389 : INFO : SwitchController : <<<<<<< 's_41_stand_up_target_6' active >>>>>>>
2026-09-13 23:31:07,389 : INFO : EventManager : Event: ======'s_41_stand_up_target_6_active'====== Args={}
2026-09-13 23:31:07,389 : INFO : EventManager : Event: ======'sw_playfield_active'====== Args={}
2026-09-13 23:31:07,389 : INFO : EventManager : Event: ======'sw_standups'====== Args={}
2026-09-13 23:31:07,390 : INFO : EventManager : Event: ======'machine_var_audits_switches_s_41_stand_up_target_6'====== Args={'value': 5182, 'prev_value': 5181, 'change': 1}
2026-09-13 23:31:07,390 : INFO : SwitchController : <<<<<<< 's_41_stand_up_target_6' inactive >>>>>>>
2026-09-13 23:31:07,390 : INFO : EventManager : Event: ======'stars_t41_on'====== Args={'priority': 0}
2026-09-13 23:31:07,390 : INFO : EventManager : Event: ======'brian_combo_step1'====== Args={'priority': 0}
2026-09-13 23:31:07,390 : INFO : EventManager : Event: ======'stars_count_updated'====== Args={'priority': 0}
2026-09-13 23:31:07,390 : INFO : EventManager : Event: ======'stars_monitor_t41_on'====== Args={'priority': 0}
2026-09-13 23:31:07,391 : INFO : EventManager : Event: ======'player_stars_t41'====== Args={'value': 1, 'prev_value': 0, 'change': 1, 'player_num': 1, 'source': 'stars_mode'}
2026-09-13 23:31:07,391 : INFO : EventManager : Event: ======'player_stars_targets_lit_count'====== Args={'value': 2, 'prev_value': 1, 'change': 1, 'player_num': 1, 'source': 'stars_mode'}
2026-09-13 23:31:07,402 : INFO : EventManager : Event: ======'player_score'====== Args={'value': 1568220, 'prev_value': 1567800, 'change': 420, 'player_num': 1, 'source': 'base'}
2026-09-13 23:31:07,626 : INFO : SwitchController : <<<<<<< 's_41_stand_up_target_6' active >>>>>>>
2026-09-13 23:31:07,626 : INFO : EventManager : Event: ======'s_41_stand_up_target_6_active'====== Args={}
2026-09-13 23:31:07,626 : INFO : EventManager : Event: ======'sw_playfield_active'====== Args={}
2026-09-13 23:31:07,626 : INFO : EventManager : Event: ======'sw_standups'====== Args={}
2026-09-13 23:31:07,626 : INFO : EventManager : Event: ======'machine_var_audits_switches_s_41_stand_up_target_6'====== Args={'value': 5183, 'prev_value': 5182, 'change': 1}
2026-09-13 23:31:07,627 : INFO : EventManager : Event: ======'stars_t41_off'====== Args={'priority': 0}
2026-09-13 23:31:07,627 : INFO : EventManager : Event: ======'brian_combo_step1'====== Args={'priority': 0}
2026-09-13 23:31:07,627 : INFO : EventManager : Event: ======'stars_count_updated'====== Args={'priority': 0}
2026-09-13 23:31:07,627 : INFO : EventManager : Event: ======'stars_monitor_t41_off'====== Args={'priority': 0}
2026-09-13 23:31:07,627 : INFO : EventManager : Event: ======'player_stars_t41'====== Args={'value': 0, 'prev_value': 1, 'change': -1, 'player_num': 1, 'source': 'stars_mode'}
2026-09-13 23:31:07,627 : INFO : EventManager : Event: ======'player_stars_targets_lit_count'====== Args={'value': 1, 'prev_value': 2, 'change': -1, 'player_num': 1, 'source': 'stars_mode'}
2026-09-13 23:31:07,639 : INFO : EventManager : Event: ======'player_score'====== Args={'value': 1568640, 'prev_value': 1568220, 'change': 420, 'player_num': 1, 'source': 'base'}
2026-09-13 23:31:07,690 : INFO : SwitchController : <<<<<<< 's_41_stand_up_target_6' inactive >>>>>>>
2026-09-13 23:31:07,708 : INFO : SwitchController : <<<<<<< 's_41_stand_up_target_6' active >>>>>>>
2026-09-13 23:31:07,708 : INFO : EventManager : Event: ======'s_41_stand_up_target_6_active'====== Args={}
2026-09-13 23:31:07,708 : INFO : EventManager : Event: ======'sw_playfield_active'====== Args={}
2026-09-13 23:31:07,708 : INFO : EventManager : Event: ======'sw_standups'====== Args={}
2026-09-13 23:31:07,709 : INFO : EventManager : Event: ======'machine_var_audits_switches_s_41_stand_up_target_6'====== Args={'value': 5184, 'prev_value': 5183, 'change': 1}
2026-09-13 23:31:07,709 : INFO : EventManager : Event: ======'stars_t41_on'====== Args={'priority': 0}
2026-09-13 23:31:07,709 : INFO : EventManager : Event: ======'brian_combo_step1'====== Args={'priority': 0}
2026-09-13 23:31:07,709 : INFO : EventManager : Event: ======'stars_count_updated'====== Args={'priority': 0}
2026-09-13 23:31:07,709 : INFO : EventManager : Event: ======'stars_monitor_t41_on'====== Args={'priority': 0}
2026-09-13 23:31:07,710 : INFO : EventManager : Event: ======'player_stars_t41'====== Args={'value': 1, 'prev_value': 0, 'change': 1, 'player_num': 1, 'source': 'stars_mode'}
2026-09-13 23:31:07,710 : INFO : EventManager : Event: ======'player_stars_targets_lit_count'====== Args={'value': 2, 'prev_value': 1, 'change': 1, 'player_num': 1, 'source': 'stars_mode'}
2026-09-13 23:31:07,722 : INFO : EventManager : Event: ======'player_score'====== Args={'value': 1569060, 'prev_value': 1568640, 'change': 420, 'player_num': 1, 'source': 'base'}
2026-09-13 23:31:07,728 : INFO : SwitchController : <<<<<<< 's_41_stand_up_target_6' inactive >>>>>>>
2026-09-13 23:31:07,737 : INFO : SwitchController : <<<<<<< 's_41_stand_up_target_6' active >>>>>>>
2026-09-13 23:31:07,737 : INFO : EventManager : Event: ======'s_41_stand_up_target_6_active'====== Args={}
2026-09-13 23:31:07,738 : INFO : EventManager : Event: ======'sw_playfield_active'====== Args={}
2026-09-13 23:31:07,738 : INFO : EventManager : Event: ======'sw_standups'====== Args={}
2026-09-13 23:31:07,738 : INFO : EventManager : Event: ======'machine_var_audits_switches_s_41_stand_up_target_6'====== Args={'value': 5185, 'prev_value': 5184, 'change': 1}
2026-09-13 23:31:07,738 : INFO : EventManager : Event: ======'stars_t41_off'====== Args={'priority': 0}
2026-09-13 23:31:07,738 : INFO : EventManager : Event: ======'brian_combo_step1'====== Args={'priority': 0}
2026-09-13 23:31:07,738 : INFO : EventManager : Event: ======'stars_count_updated'====== Args={'priority': 0}
2026-09-13 23:31:07,738 : INFO : EventManager : Event: ======'stars_monitor_t41_off'====== Args={'priority': 0}
2026-09-13 23:31:07,739 : INFO : EventManager : Event: ======'player_stars_t41'====== Args={'value': 0, 'prev_value': 1, 'change': -1, 'player_num': 1, 'source': 'stars_mode'}
2026-09-13 23:31:07,739 : INFO : EventManager : Event: ======'player_stars_targets_lit_count'====== Args={'value': 1, 'prev_value': 2, 'change': -1, 'player_num': 1, 'source': 'stars_mode'}
2026-09-13 23:31:07,750 : INFO : EventManager : Event: ======'player_score'====== Args={'value': 1569480, 'prev_value': 1569060, 'change': 420, 'player_num': 1, 'source': 'base'}
2026-09-13 23:31:07,761 : INFO : SwitchController : <<<<<<< 's_41_stand_up_target_6' inactive >>>>>>>
2026-09-13 23:31:08,054 : INFO : SwitchController : <<<<<<< 's_41_stand_up_target_6' active >>>>>>>
2026-09-13 23:31:08,054 : INFO : EventManager : Event: ======'s_41_stand_up_target_6_active'====== Args={}
2026-09-13 23:31:08,054 : INFO : EventManager : Event: ======'sw_playfield_active'====== Args={}
2026-09-13 23:31:08,054 : INFO : EventManager : Event: ======'sw_standups'====== Args={}
2026-09-13 23:31:08,054 : INFO : EventManager : Event: ======'machine_var_audits_switches_s_41_stand_up_target_6'====== Args={'value': 5186, 'prev_value': 5185, 'change': 1}
2026-09-13 23:31:08,055 : INFO : EventManager : Event: ======'stars_t41_on'====== Args={'priority': 0}
2026-09-13 23:31:08,055 : INFO : EventManager : Event: ======'brian_combo_step1'====== Args={'priority': 0}
2026-09-13 23:31:08,055 : INFO : EventManager : Event: ======'stars_count_updated'====== Args={'priority': 0}
2026-09-13 23:31:08,055 : INFO : EventManager : Event: ======'stars_monitor_t41_on'====== Args={'priority': 0}
2026-09-13 23:31:08,055 : INFO : EventManager : Event: ======'player_stars_t41'====== Args={'value': 1, 'prev_value': 0, 'change': 1, 'player_num': 1, 'source': 'stars_mode'}
2026-09-13 23:31:08,055 : INFO : EventManager : Event: ======'player_stars_targets_lit_count'====== Args={'value': 2, 'prev_value': 1, 'change': 1, 'player_num': 1, 'source': 'stars_mode'}
2026-09-13 23:31:08,067 : INFO : EventManager : Event: ======'player_score'====== Args={'value': 1569900, 'prev_value': 1569480, 'change': 420, 'player_num': 1, 'source': 'base'}
2026-09-13 23:31:08,102 : INFO : SwitchController : <<<<<<< 's_41_stand_up_target_6' inactive >>>>>>>
2026-09-13 23:31:08,134 : INFO : SwitchController : <<<<<<< 's_41_stand_up_target_6' active >>>>>>>
2026-09-13 23:31:08,134 : INFO : EventManager : Event: ======'s_41_stand_up_target_6_active'====== Args={}
2026-09-13 23:31:08,134 : INFO : EventManager : Event: ======'sw_playfield_active'====== Args={}
2026-09-13 23:31:08,134 : INFO : EventManager : Event: ======'sw_standups'====== Args={}
2026-09-13 23:31:08,134 : INFO : EventManager : Event: ======'machine_var_audits_switches_s_41_stand_up_target_6'====== Args={'value': 5187, 'prev_value': 5186, 'change': 1}
2026-09-13 23:31:08,135 : INFO : SwitchController : <<<<<<< 's_41_stand_up_target_6' inactive >>>>>>>
2026-09-13 23:31:08,135 : INFO : EventManager : Event: ======'stars_t41_off'====== Args={'priority': 0}
2026-09-13 23:31:08,135 : INFO : EventManager : Event: ======'brian_combo_step1'====== Args={'priority': 0}
2026-09-13 23:31:08,135 : INFO : EventManager : Event: ======'stars_count_updated'====== Args={'priority': 0}
2026-09-13 23:31:08,135 : INFO : EventManager : Event: ======'stars_monitor_t41_off'====== Args={'priority': 0}
2026-09-13 23:31:08,135 : INFO : EventManager : Event: ======'player_stars_t41'====== Args={'value': 0, 'prev_value': 1, 'change': -1, 'player_num': 1, 'source': 'stars_mode'}
2026-09-13 23:31:08,135 : INFO : EventManager : Event: ======'player_stars_targets_lit_count'====== Args={'value': 1, 'prev_value': 2, 'change': -1, 'player_num': 1, 'source': 'stars_mode'}
2026-09-13 23:31:08,146 : INFO : EventManager : Event: ======'player_score'====== Args={'value': 1570320, 'prev_value': 1569900, 'change': 420, 'player_num': 1, 'source': 'base'}
2026-09-13 23:31:08,157 : INFO : SwitchController : <<<<<<< 's_41_stand_up_target_6' active >>>>>>>
2026-09-13 23:31:08,157 : INFO : EventManager : Event: ======'s_41_stand_up_target_6_active'====== Args={}
2026-09-13 23:31:08,157 : INFO : EventManager : Event: ======'sw_playfield_active'====== Args={}
2026-09-13 23:31:08,157 : INFO : EventManager : Event: ======'sw_standups'====== Args={}
2026-09-13 23:31:08,157 : INFO : EventManager : Event: ======'machine_var_audits_switches_s_41_stand_up_target_6'====== Args={'value': 5188, 'prev_value': 5187, 'change': 1}
2026-09-13 23:31:08,157 : INFO : SwitchController : <<<<<<< 's_41_stand_up_target_6' inactive >>>>>>>
2026-09-13 23:31:08,160 : INFO : EventManager : Event: ======'stars_t41_on'====== Args={'priority': 0}
2026-09-13 23:31:08,160 : INFO : EventManager : Event: ======'brian_combo_step1'====== Args={'priority': 0}
2026-09-13 23:31:08,160 : INFO : EventManager : Event: ======'stars_count_updated'====== Args={'priority': 0}
2026-09-13 23:31:08,160 : INFO : EventManager : Event: ======'stars_monitor_t41_on'====== Args={'priority': 0}
2026-09-13 23:31:08,160 : INFO : EventManager : Event: ======'player_stars_t41'====== Args={'value': 1, 'prev_value': 0, 'change': 1, 'player_num': 1, 'source': 'stars_mode'}
2026-09-13 23:31:08,160 : INFO : EventManager : Event: ======'player_stars_targets_lit_count'====== Args={'value': 2, 'prev_value': 1, 'change': 1, 'player_num': 1, 'source': 'stars_mode'}
2026-09-13 23:31:08,172 : INFO : EventManager : Event: ======'player_score'====== Args={'value': 1570740, 'prev_value': 1570320, 'change': 420, 'player_num': 1, 'source': 'base'}
2026-09-13 23:31:08,247 : INFO : EventManager : Event: ======'player_obey_obey_stage2_timer_tick'====== Args={'value': 123, 'prev_value': 124, 'change': -1, 'player_num': 1}
2026-09-13 23:31:08,247 : INFO : EventManager : Event: ======'timer_obey_stage2_timer_tick'====== Args={'ticks': 123, 'ticks_remaining': 123}
2026-09-13 23:31:08,467 : INFO : SwitchController : <<<<<<< 's_41_stand_up_target_6' active >>>>>>>
2026-09-13 23:31:08,467 : INFO : EventManager : Event: ======'s_41_stand_up_target_6_active'====== Args={}
2026-09-13 23:31:08,467 : INFO : EventManager : Event: ======'sw_playfield_active'====== Args={}
2026-09-13 23:31:08,467 : INFO : EventManager : Event: ======'sw_standups'====== Args={}
2026-09-13 23:31:08,468 : INFO : EventManager : Event: ======'machine_var_audits_switches_s_41_stand_up_target_6'====== Args={'value': 5189, 'prev_value': 5188, 'change': 1}
2026-09-13 23:31:08,468 : INFO : EventManager : Event: ======'stars_t41_off'====== Args={'priority': 0}
2026-09-13 23:31:08,468 : INFO : EventManager : Event: ======'brian_combo_step1'====== Args={'priority': 0}
2026-09-13 23:31:08,469 : INFO : EventManager : Event: ======'stars_count_updated'====== Args={'priority': 0}
2026-09-13 23:31:08,469 : INFO : EventManager : Event: ======'stars_monitor_t41_off'====== Args={'priority': 0}
2026-09-13 23:31:08,469 : INFO : EventManager : Event: ======'player_stars_t41'====== Args={'value': 0, 'prev_value': 1, 'change': -1, 'player_num': 1, 'source': 'stars_mode'}
2026-09-13 23:31:08,469 : INFO : EventManager : Event: ======'player_stars_targets_lit_count'====== Args={'value': 1, 'prev_value': 2, 'change': -1, 'player_num': 1, 'source': 'stars_mode'}
2026-09-13 23:31:08,480 : INFO : EventManager : Event: ======'player_score'====== Args={'value': 1571160, 'prev_value': 1570740, 'change': 420, 'player_num': 1, 'source': 'base'}
2026-09-13 23:31:08,533 : INFO : SwitchController : <<<<<<< 's_41_stand_up_target_6' inactive >>>>>>>
2026-09-13 23:31:08,578 : INFO : SwitchController : <<<<<<< 's_41_stand_up_target_6' active >>>>>>>
2026-09-13 23:31:08,578 : INFO : EventManager : Event: ======'s_41_stand_up_target_6_active'====== Args={}
2026-09-13 23:31:08,578 : INFO : EventManager : Event: ======'sw_playfield_active'====== Args={}
2026-09-13 23:31:08,578 : INFO : EventManager : Event: ======'sw_standups'====== Args={}
2026-09-13 23:31:08,578 : INFO : EventManager : Event: ======'machine_var_audits_switches_s_41_stand_up_target_6'====== Args={'value': 5190, 'prev_value': 5189, 'change': 1}
2026-09-13 23:31:08,579 : INFO : SwitchController : <<<<<<< 's_41_stand_up_target_6' inactive >>>>>>>
2026-09-13 23:31:08,579 : INFO : EventManager : Event: ======'stars_t41_on'====== Args={'priority': 0}
2026-09-13 23:31:08,579 : INFO : EventManager : Event: ======'brian_combo_step1'====== Args={'priority': 0}
2026-09-13 23:31:08,579 : INFO : EventManager : Event: ======'stars_count_updated'====== Args={'priority': 0}
2026-09-13 23:31:08,579 : INFO : EventManager : Event: ======'stars_monitor_t41_on'====== Args={'priority': 0}
2026-09-13 23:31:08,579 : INFO : EventManager : Event: ======'player_stars_t41'====== Args={'value': 1, 'prev_value': 0, 'change': 1, 'player_num': 1, 'source': 'stars_mode'}
2026-09-13 23:31:08,579 : INFO : EventManager : Event: ======'player_stars_targets_lit_count'====== Args={'value': 2, 'prev_value': 1, 'change': 1, 'player_num': 1, 'source': 'stars_mode'}
2026-09-13 23:31:08,591 : INFO : EventManager : Event: ======'player_score'====== Args={'value': 1571580, 'prev_value': 1571160, 'change': 420, 'player_num': 1, 'source': 'base'}
2026-09-13 23:31:09,116 : INFO : SwitchController : <<<<<<< 's_41_stand_up_target_6' active >>>>>>>
2026-09-13 23:31:09,116 : INFO : EventManager : Event: ======'s_41_stand_up_target_6_active'====== Args={}
2026-09-13 23:31:09,116 : INFO : EventManager : Event: ======'sw_playfield_active'====== Args={}
2026-09-13 23:31:09,116 : INFO : EventManager : Event: ======'sw_standups'====== Args={}
2026-09-13 23:31:09,116 : INFO : EventManager : Event: ======'machine_var_audits_switches_s_41_stand_up_target_6'====== Args={'value': 5191, 'prev_value': 5190, 'change': 1}
2026-09-13 23:31:09,117 : INFO : EventManager : Event: ======'stars_t41_off'====== Args={'priority': 0}
2026-09-13 23:31:09,117 : INFO : EventManager : Event: ======'brian_combo_step1'====== Args={'priority': 0}
2026-09-13 23:31:09,117 : INFO : EventManager : Event: ======'stars_count_updated'====== Args={'priority': 0}
2026-09-13 23:31:09,117 : INFO : EventManager : Event: ======'stars_monitor_t41_off'====== Args={'priority': 0}
2026-09-13 23:31:09,117 : INFO : EventManager : Event: ======'player_stars_t41'====== Args={'value': 0, 'prev_value': 1, 'change': -1, 'player_num': 1, 'source': 'stars_mode'}
2026-09-13 23:31:09,118 : INFO : EventManager : Event: ======'player_stars_targets_lit_count'====== Args={'value': 1, 'prev_value': 2, 'change': -1, 'player_num': 1, 'source': 'stars_mode'}
2026-09-13 23:31:09,128 : INFO : EventManager : Event: ======'player_score'====== Args={'value': 1572000, 'prev_value': 1571580, 'change': 420, 'player_num': 1, 'source': 'base'}
2026-09-13 23:31:09,164 : INFO : SwitchController : <<<<<<< 's_41_stand_up_target_6' inactive >>>>>>>
2026-09-13 23:31:09,196 : INFO : SwitchController : <<<<<<< 's_41_stand_up_target_6' active >>>>>>>
2026-09-13 23:31:09,196 : INFO : EventManager : Event: ======'s_41_stand_up_target_6_active'====== Args={}
2026-09-13 23:31:09,196 : INFO : EventManager : Event: ======'sw_playfield_active'====== Args={}
2026-09-13 23:31:09,196 : INFO : EventManager : Event: ======'sw_standups'====== Args={}
2026-09-13 23:31:09,196 : INFO : EventManager : Event: ======'machine_var_audits_switches_s_41_stand_up_target_6'====== Args={'value': 5192, 'prev_value': 5191, 'change': 1}
2026-09-13 23:31:09,197 : INFO : EventManager : Event: ======'stars_t41_on'====== Args={'priority': 0}
2026-09-13 23:31:09,197 : INFO : EventManager : Event: ======'brian_combo_step1'====== Args={'priority': 0}
2026-09-13 23:31:09,197 : INFO : EventManager : Event: ======'stars_count_updated'====== Args={'priority': 0}
2026-09-13 23:31:09,197 : INFO : EventManager : Event: ======'stars_monitor_t41_on'====== Args={'priority': 0}
2026-09-13 23:31:09,197 : INFO : EventManager : Event: ======'player_stars_t41'====== Args={'value': 1, 'prev_value': 0, 'change': 1, 'player_num': 1, 'source': 'stars_mode'}
2026-09-13 23:31:09,197 : INFO : EventManager : Event: ======'player_stars_targets_lit_count'====== Args={'value': 2, 'prev_value': 1, 'change': 1, 'player_num': 1, 'source': 'stars_mode'}
2026-09-13 23:31:09,209 : INFO : EventManager : Event: ======'player_score'====== Args={'value': 1572420, 'prev_value': 1572000, 'change': 420, 'player_num': 1, 'source': 'base'}
2026-09-13 23:31:09,215 : INFO : SwitchController : <<<<<<< 's_41_stand_up_target_6' inactive >>>>>>>
2026-09-13 23:31:09,219 : INFO : SwitchController : <<<<<<< 's_41_stand_up_target_6' active >>>>>>>
2026-09-13 23:31:09,219 : INFO : EventManager : Event: ======'s_41_stand_up_target_6_active'====== Args={}
2026-09-13 23:31:09,219 : INFO : EventManager : Event: ======'sw_playfield_active'====== Args={}
2026-09-13 23:31:09,220 : INFO : EventManager : Event: ======'sw_standups'====== Args={}
2026-09-13 23:31:09,220 : INFO : EventManager : Event: ======'machine_var_audits_switches_s_41_stand_up_target_6'====== Args={'value': 5193, 'prev_value': 5192, 'change': 1}
2026-09-13 23:31:09,220 : INFO : SwitchController : <<<<<<< 's_41_stand_up_target_6' inactive >>>>>>>
2026-09-13 23:31:09,221 : INFO : EventManager : Event: ======'stars_t41_off'====== Args={'priority': 0}
2026-09-13 23:31:09,221 : INFO : EventManager : Event: ======'brian_combo_step1'====== Args={'priority': 0}
2026-09-13 23:31:09,221 : INFO : EventManager : Event: ======'stars_count_updated'====== Args={'priority': 0}
2026-09-13 23:31:09,221 : INFO : EventManager : Event: ======'stars_monitor_t41_off'====== Args={'priority': 0}
2026-09-13 23:31:09,221 : INFO : EventManager : Event: ======'player_stars_t41'====== Args={'value': 0, 'prev_value': 1, 'change': -1, 'player_num': 1, 'source': 'stars_mode'}
2026-09-13 23:31:09,221 : INFO : EventManager : Event: ======'player_stars_targets_lit_count'====== Args={'value': 1, 'prev_value': 2, 'change': -1, 'player_num': 1, 'source': 'stars_mode'}
2026-09-13 23:31:09,233 : INFO : EventManager : Event: ======'player_score'====== Args={'value': 1572840, 'prev_value': 1572420, 'change': 420, 'player_num': 1, 'source': 'base'}
2026-09-13 23:31:09,242 : INFO : SwitchController : <<<<<<< 's_41_stand_up_target_6' active >>>>>>>
2026-09-13 23:31:09,243 : INFO : EventManager : Event: ======'s_41_stand_up_target_6_active'====== Args={}
2026-09-13 23:31:09,243 : INFO : EventManager : Event: ======'sw_playfield_active'====== Args={}
2026-09-13 23:31:09,243 : INFO : EventManager : Event: ======'sw_standups'====== Args={}
2026-09-13 23:31:09,243 : INFO : EventManager : Event: ======'machine_var_audits_switches_s_41_stand_up_target_6'====== Args={'value': 5194, 'prev_value': 5193, 'change': 1}
2026-09-13 23:31:09,243 : INFO : SwitchController : <<<<<<< 's_41_stand_up_target_6' inactive >>>>>>>
2026-09-13 23:31:09,245 : INFO : EventManager : Event: ======'player_obey_obey_stage2_timer_tick'====== Args={'value': 122, 'prev_value': 123, 'change': -1, 'player_num': 1}
2026-09-13 23:31:09,246 : INFO : EventManager : Event: ======'timer_obey_stage2_timer_tick'====== Args={'ticks': 122, 'ticks_remaining': 122}
2026-09-13 23:31:09,246 : INFO : EventManager : Event: ======'stars_t41_on'====== Args={'priority': 0}
2026-09-13 23:31:09,246 : INFO : EventManager : Event: ======'brian_combo_step1'====== Args={'priority': 0}
2026-09-13 23:31:09,246 : INFO : EventManager : Event: ======'stars_count_updated'====== Args={'priority': 0}
2026-09-13 23:31:09,246 : INFO : EventManager : Event: ======'stars_monitor_t41_on'====== Args={'priority': 0}
2026-09-13 23:31:09,246 : INFO : EventManager : Event: ======'player_stars_t41'====== Args={'value': 1, 'prev_value': 0, 'change': 1, 'player_num': 1, 'source': 'stars_mode'}
2026-09-13 23:31:09,246 : INFO : EventManager : Event: ======'player_stars_targets_lit_count'====== Args={'value': 2, 'prev_value': 1, 'change': 1, 'player_num': 1, 'source': 'stars_mode'}
2026-09-13 23:31:09,258 : INFO : EventManager : Event: ======'player_score'====== Args={'value': 1573260, 'prev_value': 1572840, 'change': 420, 'player_num': 1, 'source': 'base'}
2026-09-13 23:31:09,417 : INFO : SwitchController : <<<<<<< 's_41_stand_up_target_6' active >>>>>>>
2026-09-13 23:31:09,418 : INFO : EventManager : Event: ======'s_41_stand_up_target_6_active'====== Args={}
2026-09-13 23:31:09,418 : INFO : EventManager : Event: ======'sw_playfield_active'====== Args={}
2026-09-13 23:31:09,418 : INFO : EventManager : Event: ======'sw_standups'====== Args={}
2026-09-13 23:31:09,418 : INFO : EventManager : Event: ======'machine_var_audits_switches_s_41_stand_up_target_6'====== Args={'value': 5195, 'prev_value': 5194, 'change': 1}
2026-09-13 23:31:09,418 : INFO : EventManager : Event: ======'stars_t41_off'====== Args={'priority': 0}
2026-09-13 23:31:09,419 : INFO : EventManager : Event: ======'brian_combo_step1'====== Args={'priority': 0}
2026-09-13 23:31:09,419 : INFO : EventManager : Event: ======'stars_count_updated'====== Args={'priority': 0}
2026-09-13 23:31:09,419 : INFO : EventManager : Event: ======'stars_monitor_t41_off'====== Args={'priority': 0}
2026-09-13 23:31:09,419 : INFO : EventManager : Event: ======'player_stars_t41'====== Args={'value': 0, 'prev_value': 1, 'change': -1, 'player_num': 1, 'source': 'stars_mode'}
2026-09-13 23:31:09,419 : INFO : EventManager : Event: ======'player_stars_targets_lit_count'====== Args={'value': 1, 'prev_value': 2, 'change': -1, 'player_num': 1, 'source': 'stars_mode'}
2026-09-13 23:31:09,430 : INFO : EventManager : Event: ======'player_score'====== Args={'value': 1573680, 'prev_value': 1573260, 'change': 420, 'player_num': 1, 'source': 'base'}
2026-09-13 23:31:09,465 : INFO : SwitchController : <<<<<<< 's_41_stand_up_target_6' inactive >>>>>>>
2026-09-13 23:31:09,688 : INFO : SwitchController : <<<<<<< 's_41_stand_up_target_6' active >>>>>>>
2026-09-13 23:31:09,688 : INFO : EventManager : Event: ======'s_41_stand_up_target_6_active'====== Args={}
2026-09-13 23:31:09,688 : INFO : EventManager : Event: ======'sw_playfield_active'====== Args={}
2026-09-13 23:31:09,688 : INFO : EventManager : Event: ======'sw_standups'====== Args={}
2026-09-13 23:31:09,688 : INFO : EventManager : Event: ======'machine_var_audits_switches_s_41_stand_up_target_6'====== Args={'value': 5196, 'prev_value': 5195, 'change': 1}
2026-09-13 23:31:09,689 : INFO : EventManager : Event: ======'stars_t41_on'====== Args={'priority': 0}
2026-09-13 23:31:09,689 : INFO : EventManager : Event: ======'brian_combo_step1'====== Args={'priority': 0}
2026-09-13 23:31:09,689 : INFO : EventManager : Event: ======'stars_count_updated'====== Args={'priority': 0}
2026-09-13 23:31:09,689 : INFO : EventManager : Event: ======'stars_monitor_t41_on'====== Args={'priority': 0}
2026-09-13 23:31:09,689 : INFO : EventManager : Event: ======'player_stars_t41'====== Args={'value': 1, 'prev_value': 0, 'change': 1, 'player_num': 1, 'source': 'stars_mode'}
2026-09-13 23:31:09,689 : INFO : EventManager : Event: ======'player_stars_targets_lit_count'====== Args={'value': 2, 'prev_value': 1, 'change': 1, 'player_num': 1, 'source': 'stars_mode'}
2026-09-13 23:31:09,701 : INFO : EventManager : Event: ======'player_score'====== Args={'value': 1574100, 'prev_value': 1573680, 'change': 420, 'player_num': 1, 'source': 'base'}
2026-09-13 23:31:09,712 : INFO : SwitchController : <<<<<<< 's_41_stand_up_target_6' inactive >>>>>>>
2026-09-13 23:31:09,712 : INFO : SwitchController : <<<<<<< 's_41_stand_up_target_6' active >>>>>>>
2026-09-13 23:31:09,712 : INFO : EventManager : Event: ======'s_41_stand_up_target_6_active'====== Args={}
2026-09-13 23:31:09,712 : INFO : EventManager : Event: ======'sw_playfield_active'====== Args={}
2026-09-13 23:31:09,712 : INFO : EventManager : Event: ======'sw_standups'====== Args={}
2026-09-13 23:31:09,713 : INFO : EventManager : Event: ======'machine_var_audits_switches_s_41_stand_up_target_6'====== Args={'value': 5197, 'prev_value': 5196, 'change': 1}
2026-09-13 23:31:09,713 : INFO : SwitchController : <<<<<<< 's_41_stand_up_target_6' inactive >>>>>>>
2026-09-13 23:31:09,717 : INFO : EventManager : Event: ======'stars_t41_off'====== Args={'priority': 0}
2026-09-13 23:31:09,717 : INFO : EventManager : Event: ======'brian_combo_step1'====== Args={'priority': 0}
2026-09-13 23:31:09,717 : INFO : EventManager : Event: ======'stars_count_updated'====== Args={'priority': 0}
2026-09-13 23:31:09,717 : INFO : EventManager : Event: ======'stars_monitor_t41_off'====== Args={'priority': 0}
2026-09-13 23:31:09,717 : INFO : EventManager : Event: ======'player_stars_t41'====== Args={'value': 0, 'prev_value': 1, 'change': -1, 'player_num': 1, 'source': 'stars_mode'}
2026-09-13 23:31:09,717 : INFO : EventManager : Event: ======'player_stars_targets_lit_count'====== Args={'value': 1, 'prev_value': 2, 'change': -1, 'player_num': 1, 'source': 'stars_mode'}
2026-09-13 23:31:09,729 : INFO : EventManager : Event: ======'player_score'====== Args={'value': 1574520, 'prev_value': 1574100, 'change': 420, 'player_num': 1, 'source': 'base'}
2026-09-13 23:31:09,959 : INFO : SwitchController : <<<<<<< 's_41_stand_up_target_6' active >>>>>>>
2026-09-13 23:31:09,959 : INFO : EventManager : Event: ======'s_41_stand_up_target_6_active'====== Args={}
2026-09-13 23:31:09,959 : INFO : EventManager : Event: ======'sw_playfield_active'====== Args={}
2026-09-13 23:31:09,959 : INFO : EventManager : Event: ======'sw_standups'====== Args={}
2026-09-13 23:31:09,959 : INFO : EventManager : Event: ======'machine_var_audits_switches_s_41_stand_up_target_6'====== Args={'value': 5198, 'prev_value': 5197, 'change': 1}
2026-09-13 23:31:09,960 : INFO : EventManager : Event: ======'stars_t41_on'====== Args={'priority': 0}
2026-09-13 23:31:09,960 : INFO : EventManager : Event: ======'brian_combo_step1'====== Args={'priority': 0}
2026-09-13 23:31:09,960 : INFO : EventManager : Event: ======'stars_count_updated'====== Args={'priority': 0}
2026-09-13 23:31:09,960 : INFO : EventManager : Event: ======'stars_monitor_t41_on'====== Args={'priority': 0}
2026-09-13 23:31:09,960 : INFO : EventManager : Event: ======'player_stars_t41'====== Args={'value': 1, 'prev_value': 0, 'change': 1, 'player_num': 1, 'source': 'stars_mode'}
2026-09-13 23:31:09,960 : INFO : EventManager : Event: ======'player_stars_targets_lit_count'====== Args={'value': 2, 'prev_value': 1, 'change': 1, 'player_num': 1, 'source': 'stars_mode'}
2026-09-13 23:31:09,972 : INFO : EventManager : Event: ======'player_score'====== Args={'value': 1574940, 'prev_value': 1574520, 'change': 420, 'player_num': 1, 'source': 'base'}
2026-09-13 23:31:10,007 : INFO : SwitchController : <<<<<<< 's_41_stand_up_target_6' inactive >>>>>>>
2026-09-13 23:31:10,040 : INFO : SwitchController : <<<<<<< 's_41_stand_up_target_6' active >>>>>>>
2026-09-13 23:31:10,040 : INFO : EventManager : Event: ======'s_41_stand_up_target_6_active'====== Args={}
2026-09-13 23:31:10,040 : INFO : EventManager : Event: ======'sw_playfield_active'====== Args={}
2026-09-13 23:31:10,040 : INFO : EventManager : Event: ======'sw_standups'====== Args={}
2026-09-13 23:31:10,040 : INFO : EventManager : Event: ======'machine_var_audits_switches_s_41_stand_up_target_6'====== Args={'value': 5199, 'prev_value': 5198, 'change': 1}
2026-09-13 23:31:10,041 : INFO : EventManager : Event: ======'stars_t41_off'====== Args={'priority': 0}
2026-09-13 23:31:10,041 : INFO : EventManager : Event: ======'brian_combo_step1'====== Args={'priority': 0}
2026-09-13 23:31:10,041 : INFO : EventManager : Event: ======'stars_count_updated'====== Args={'priority': 0}
2026-09-13 23:31:10,041 : INFO : EventManager : Event: ======'stars_monitor_t41_off'====== Args={'priority': 0}
2026-09-13 23:31:10,041 : INFO : EventManager : Event: ======'player_stars_t41'====== Args={'value': 0, 'prev_value': 1, 'change': -1, 'player_num': 1, 'source': 'stars_mode'}
2026-09-13 23:31:10,041 : INFO : EventManager : Event: ======'player_stars_targets_lit_count'====== Args={'value': 1, 'prev_value': 2, 'change': -1, 'player_num': 1, 'source': 'stars_mode'}
2026-09-13 23:31:10,058 : INFO : EventManager : Event: ======'player_score'====== Args={'value': 1575360, 'prev_value': 1574940, 'change': 420, 'player_num': 1, 'source': 'base'}
2026-09-13 23:31:10,065 : INFO : SwitchController : <<<<<<< 's_41_stand_up_target_6' inactive >>>>>>>
2026-09-13 23:31:10,246 : INFO : EventManager : Event: ======'player_obey_obey_stage2_timer_tick'====== Args={'value': 121, 'prev_value': 122, 'change': -1, 'player_num': 1}
2026-09-13 23:31:10,246 : INFO : EventManager : Event: ======'timer_obey_stage2_timer_tick'====== Args={'ticks': 121, 'ticks_remaining': 121}
2026-09-13 23:31:10,371 : INFO : SwitchController : <<<<<<< 's_41_stand_up_target_6' active >>>>>>>
2026-09-13 23:31:10,371 : INFO : EventManager : Event: ======'s_41_stand_up_target_6_active'====== Args={}
2026-09-13 23:31:10,371 : INFO : EventManager : Event: ======'sw_playfield_active'====== Args={}
2026-09-13 23:31:10,371 : INFO : EventManager : Event: ======'sw_standups'====== Args={}
2026-09-13 23:31:10,371 : INFO : EventManager : Event: ======'machine_var_audits_switches_s_41_stand_up_target_6'====== Args={'value': 5200, 'prev_value': 5199, 'change': 1}
2026-09-13 23:31:10,372 : INFO : EventManager : Event: ======'stars_t41_on'====== Args={'priority': 0}
2026-09-13 23:31:10,372 : INFO : EventManager : Event: ======'brian_combo_step1'====== Args={'priority': 0}
2026-09-13 23:31:10,372 : INFO : EventManager : Event: ======'stars_count_updated'====== Args={'priority': 0}
2026-09-13 23:31:10,372 : INFO : EventManager : Event: ======'stars_monitor_t41_on'====== Args={'priority': 0}
2026-09-13 23:31:10,372 : INFO : EventManager : Event: ======'player_stars_t41'====== Args={'value': 1, 'prev_value': 0, 'change': 1, 'player_num': 1, 'source': 'stars_mode'}
2026-09-13 23:31:10,372 : INFO : EventManager : Event: ======'player_stars_targets_lit_count'====== Args={'value': 2, 'prev_value': 1, 'change': 1, 'player_num': 1, 'source': 'stars_mode'}
2026-09-13 23:31:10,384 : INFO : EventManager : Event: ======'player_score'====== Args={'value': 1575780, 'prev_value': 1575360, 'change': 420, 'player_num': 1, 'source': 'base'}
2026-09-13 23:31:10,403 : INFO : SwitchController : <<<<<<< 's_41_stand_up_target_6' inactive >>>>>>>
2026-09-13 23:31:10,754 : INFO : SwitchController : <<<<<<< 's_41_stand_up_target_6' active >>>>>>>
2026-09-13 23:31:10,754 : INFO : EventManager : Event: ======'s_41_stand_up_target_6_active'====== Args={}
2026-09-13 23:31:10,754 : INFO : EventManager : Event: ======'sw_playfield_active'====== Args={}
2026-09-13 23:31:10,754 : INFO : EventManager : Event: ======'sw_standups'====== Args={}
2026-09-13 23:31:10,754 : INFO : EventManager : Event: ======'machine_var_audits_switches_s_41_stand_up_target_6'====== Args={'value': 5201, 'prev_value': 5200, 'change': 1}
2026-09-13 23:31:10,755 : INFO : EventManager : Event: ======'stars_t41_off'====== Args={'priority': 0}
2026-09-13 23:31:10,755 : INFO : EventManager : Event: ======'brian_combo_step1'====== Args={'priority': 0}
2026-09-13 23:31:10,755 : INFO : EventManager : Event: ======'stars_count_updated'====== Args={'priority': 0}
2026-09-13 23:31:10,755 : INFO : EventManager : Event: ======'stars_monitor_t41_off'====== Args={'priority': 0}
2026-09-13 23:31:10,755 : INFO : EventManager : Event: ======'player_stars_t41'====== Args={'value': 0, 'prev_value': 1, 'change': -1, 'player_num': 1, 'source': 'stars_mode'}
2026-09-13 23:31:10,755 : INFO : EventManager : Event: ======'player_stars_targets_lit_count'====== Args={'value': 1, 'prev_value': 2, 'change': -1, 'player_num': 1, 'source': 'stars_mode'}
2026-09-13 23:31:10,767 : INFO : EventManager : Event: ======'player_score'====== Args={'value': 1576200, 'prev_value': 1575780, 'change': 420, 'player_num': 1, 'source': 'base'}
2026-09-13 23:31:10,801 : INFO : SwitchController : <<<<<<< 's_41_stand_up_target_6' inactive >>>>>>>
2026-09-13 23:31:10,817 : INFO : SwitchController : <<<<<<< 's_41_stand_up_target_6' active >>>>>>>
2026-09-13 23:31:10,817 : INFO : EventManager : Event: ======'s_41_stand_up_target_6_active'====== Args={}
2026-09-13 23:31:10,817 : INFO : EventManager : Event: ======'sw_playfield_active'====== Args={}
2026-09-13 23:31:10,817 : INFO : EventManager : Event: ======'sw_standups'====== Args={}
2026-09-13 23:31:10,817 : INFO : EventManager : Event: ======'machine_var_audits_switches_s_41_stand_up_target_6'====== Args={'value': 5202, 'prev_value': 5201, 'change': 1}
2026-09-13 23:31:10,818 : INFO : SwitchController : <<<<<<< 's_41_stand_up_target_6' inactive >>>>>>>
2026-09-13 23:31:10,818 : INFO : EventManager : Event: ======'stars_t41_on'====== Args={'priority': 0}
2026-09-13 23:31:10,818 : INFO : EventManager : Event: ======'brian_combo_step1'====== Args={'priority': 0}
2026-09-13 23:31:10,818 : INFO : EventManager : Event: ======'stars_count_updated'====== Args={'priority': 0}
2026-09-13 23:31:10,818 : INFO : EventManager : Event: ======'stars_monitor_t41_on'====== Args={'priority': 0}
2026-09-13 23:31:10,818 : INFO : EventManager : Event: ======'player_stars_t41'====== Args={'value': 1, 'prev_value': 0, 'change': 1, 'player_num': 1, 'source': 'stars_mode'}
2026-09-13 23:31:10,819 : INFO : EventManager : Event: ======'player_stars_targets_lit_count'====== Args={'value': 2, 'prev_value': 1, 'change': 1, 'player_num': 1, 'source': 'stars_mode'}
2026-09-13 23:31:10,830 : INFO : EventManager : Event: ======'player_score'====== Args={'value': 1576620, 'prev_value': 1576200, 'change': 420, 'player_num': 1, 'source': 'base'}
2026-09-13 23:31:10,840 : INFO : SwitchController : <<<<<<< 's_41_stand_up_target_6' active >>>>>>>
2026-09-13 23:31:10,840 : INFO : EventManager : Event: ======'s_41_stand_up_target_6_active'====== Args={}
2026-09-13 23:31:10,840 : INFO : EventManager : Event: ======'sw_playfield_active'====== Args={}
2026-09-13 23:31:10,840 : INFO : EventManager : Event: ======'sw_standups'====== Args={}
2026-09-13 23:31:10,840 : INFO : EventManager : Event: ======'machine_var_audits_switches_s_41_stand_up_target_6'====== Args={'value': 5203, 'prev_value': 5202, 'change': 1}
2026-09-13 23:31:10,840 : INFO : SwitchController : <<<<<<< 's_41_stand_up_target_6' inactive >>>>>>>
2026-09-13 23:31:10,841 : INFO : EventManager : Event: ======'stars_t41_off'====== Args={'priority': 0}
2026-09-13 23:31:10,841 : INFO : EventManager : Event: ======'brian_combo_step1'====== Args={'priority': 0}
2026-09-13 23:31:10,841 : INFO : EventManager : Event: ======'stars_count_updated'====== Args={'priority': 0}
2026-09-13 23:31:10,841 : INFO : EventManager : Event: ======'stars_monitor_t41_off'====== Args={'priority': 0}
2026-09-13 23:31:10,841 : INFO : EventManager : Event: ======'player_stars_t41'====== Args={'value': 0, 'prev_value': 1, 'change': -1, 'player_num': 1, 'source': 'stars_mode'}
2026-09-13 23:31:10,841 : INFO : EventManager : Event: ======'player_stars_targets_lit_count'====== Args={'value': 1, 'prev_value': 2, 'change': -1, 'player_num': 1, 'source': 'stars_mode'}
2026-09-13 23:31:10,853 : INFO : EventManager : Event: ======'player_score'====== Args={'value': 1577040, 'prev_value': 1576620, 'change': 420, 'player_num': 1, 'source': 'base'}
2026-09-13 23:31:11,234 : INFO : EventManager : Event: ======'player_obey_obey_stage2_timer_tick'====== Args={'value': 120, 'prev_value': 121, 'change': -1, 'player_num': 1}
2026-09-13 23:31:11,235 : INFO : EventManager : Event: ======'timer_obey_stage2_timer_tick'====== Args={'ticks': 120, 'ticks_remaining': 120}
2026-09-13 23:31:11,267 : INFO : SwitchController : <<<<<<< 's_41_stand_up_target_6' active >>>>>>>
2026-09-13 23:31:11,267 : INFO : EventManager : Event: ======'s_41_stand_up_target_6_active'====== Args={}
2026-09-13 23:31:11,267 : INFO : EventManager : Event: ======'sw_playfield_active'====== Args={}
2026-09-13 23:31:11,267 : INFO : EventManager : Event: ======'sw_standups'====== Args={}
2026-09-13 23:31:11,267 : INFO : EventManager : Event: ======'machine_var_audits_switches_s_41_stand_up_target_6'====== Args={'value': 5204, 'prev_value': 5203, 'change': 1}
2026-09-13 23:31:11,268 : INFO : EventManager : Event: ======'stars_t41_on'====== Args={'priority': 0}
2026-09-13 23:31:11,268 : INFO : EventManager : Event: ======'brian_combo_step1'====== Args={'priority': 0}
2026-09-13 23:31:11,268 : INFO : EventManager : Event: ======'stars_count_updated'====== Args={'priority': 0}
2026-09-13 23:31:11,268 : INFO : EventManager : Event: ======'stars_monitor_t41_on'====== Args={'priority': 0}
2026-09-13 23:31:11,268 : INFO : EventManager : Event: ======'player_stars_t41'====== Args={'value': 1, 'prev_value': 0, 'change': 1, 'player_num': 1, 'source': 'stars_mode'}
2026-09-13 23:31:11,268 : INFO : EventManager : Event: ======'player_stars_targets_lit_count'====== Args={'value': 2, 'prev_value': 1, 'change': 1, 'player_num': 1, 'source': 'stars_mode'}
2026-09-13 23:31:11,280 : INFO : EventManager : Event: ======'player_score'====== Args={'value': 1577460, 'prev_value': 1577040, 'change': 420, 'player_num': 1, 'source': 'base'}
2026-09-13 23:31:11,312 : INFO : SwitchController : <<<<<<< 's_41_stand_up_target_6' inactive >>>>>>>
2026-09-13 23:31:12,238 : INFO : EventManager : Event: ======'player_obey_obey_stage2_timer_tick'====== Args={'value': 119, 'prev_value': 120, 'change': -1, 'player_num': 1}
2026-09-13 23:31:12,238 : INFO : EventManager : Event: ======'timer_obey_stage2_timer_tick'====== Args={'ticks': 119, 'ticks_remaining': 119}
2026-09-13 23:31:12,680 : INFO : SwitchController : <<<<<<< 's_41_stand_up_target_6' active >>>>>>>
2026-09-13 23:31:12,680 : INFO : EventManager : Event: ======'s_41_stand_up_target_6_active'====== Args={}
2026-09-13 23:31:12,680 : INFO : EventManager : Event: ======'sw_playfield_active'====== Args={}
2026-09-13 23:31:12,680 : INFO : EventManager : Event: ======'sw_standups'====== Args={}
2026-09-13 23:31:12,680 : INFO : EventManager : Event: ======'machine_var_audits_switches_s_41_stand_up_target_6'====== Args={'value': 5205, 'prev_value': 5204, 'change': 1}
2026-09-13 23:31:12,681 : INFO : EventManager : Event: ======'stars_t41_off'====== Args={'priority': 0}
2026-09-13 23:31:12,681 : INFO : EventManager : Event: ======'brian_combo_step1'====== Args={'priority': 0}
2026-09-13 23:31:12,682 : INFO : EventManager : Event: ======'stars_count_updated'====== Args={'priority': 0}
2026-09-13 23:31:12,682 : INFO : EventManager : Event: ======'stars_monitor_t41_off'====== Args={'priority': 0}
2026-09-13 23:31:12,682 : INFO : EventManager : Event: ======'player_stars_t41'====== Args={'value': 0, 'prev_value': 1, 'change': -1, 'player_num': 1, 'source': 'stars_mode'}
2026-09-13 23:31:12,682 : INFO : EventManager : Event: ======'player_stars_targets_lit_count'====== Args={'value': 1, 'prev_value': 2, 'change': -1, 'player_num': 1, 'source': 'stars_mode'}
2026-09-13 23:31:12,693 : INFO : EventManager : Event: ======'player_score'====== Args={'value': 1577880, 'prev_value': 1577460, 'change': 420, 'player_num': 1, 'source': 'base'}
2026-09-13 23:31:13,240 : INFO : EventManager : Event: ======'player_obey_obey_stage2_timer_tick'====== Args={'value': 118, 'prev_value': 119, 'change': -1, 'player_num': 1}
2026-09-13 23:31:13,240 : INFO : EventManager : Event: ======'timer_obey_stage2_timer_tick'====== Args={'ticks': 118, 'ticks_remaining': 118}
2026-09-13 23:31:13,302 : INFO : SwitchController : <<<<<<< 's_41_stand_up_target_6' inactive >>>>>>>
2026-09-13 23:31:13,461 : INFO : SwitchController : <<<<<<< 's_41_stand_up_target_6' active >>>>>>>
2026-09-13 23:31:13,461 : INFO : EventManager : Event: ======'s_41_stand_up_target_6_active'====== Args={}
2026-09-13 23:31:13,461 : INFO : EventManager : Event: ======'sw_playfield_active'====== Args={}
2026-09-13 23:31:13,461 : INFO : EventManager : Event: ======'sw_standups'====== Args={}
2026-09-13 23:31:13,461 : INFO : EventManager : Event: ======'machine_var_audits_switches_s_41_stand_up_target_6'====== Args={'value': 5206, 'prev_value': 5205, 'change': 1}
2026-09-13 23:31:13,462 : INFO : EventManager : Event: ======'stars_t41_on'====== Args={'priority': 0}
2026-09-13 23:31:13,462 : INFO : EventManager : Event: ======'brian_combo_step1'====== Args={'priority': 0}
2026-09-13 23:31:13,462 : INFO : EventManager : Event: ======'stars_count_updated'====== Args={'priority': 0}
2026-09-13 23:31:13,462 : INFO : EventManager : Event: ======'stars_monitor_t41_on'====== Args={'priority': 0}
2026-09-13 23:31:13,462 : INFO : EventManager : Event: ======'player_stars_t41'====== Args={'value': 1, 'prev_value': 0, 'change': 1, 'player_num': 1, 'source': 'stars_mode'}
2026-09-13 23:31:13,462 : INFO : EventManager : Event: ======'player_stars_targets_lit_count'====== Args={'value': 2, 'prev_value': 1, 'change': 1, 'player_num': 1, 'source': 'stars_mode'}
2026-09-13 23:31:13,474 : INFO : EventManager : Event: ======'player_score'====== Args={'value': 1578300, 'prev_value': 1577880, 'change': 420, 'player_num': 1, 'source': 'base'}
2026-09-13 23:31:13,812 : INFO : SwitchController : <<<<<<< 's_41_stand_up_target_6' inactive >>>>>>>
2026-09-13 23:31:14,245 : INFO : EventManager : Event: ======'player_obey_obey_stage2_timer_tick'====== Args={'value': 117, 'prev_value': 118, 'change': -1, 'player_num': 1}
2026-09-13 23:31:14,245 : INFO : EventManager : Event: ======'timer_obey_stage2_timer_tick'====== Args={'ticks': 117, 'ticks_remaining': 117}
2026-09-13 23:31:15,113 : INFO : SwitchController : <<<<<<< 's_41_stand_up_target_6' active >>>>>>>
2026-09-13 23:31:15,113 : INFO : EventManager : Event: ======'s_41_stand_up_target_6_active'====== Args={}
2026-09-13 23:31:15,113 : INFO : EventManager : Event: ======'sw_playfield_active'====== Args={}
2026-09-13 23:31:15,113 : INFO : EventManager : Event: ======'sw_standups'====== Args={}
2026-09-13 23:31:15,113 : INFO : EventManager : Event: ======'machine_var_audits_switches_s_41_stand_up_target_6'====== Args={'value': 5207, 'prev_value': 5206, 'change': 1}
2026-09-13 23:31:15,114 : INFO : EventManager : Event: ======'stars_t41_off'====== Args={'priority': 0}
2026-09-13 23:31:15,114 : INFO : EventManager : Event: ======'brian_combo_step1'====== Args={'priority': 0}
2026-09-13 23:31:15,114 : INFO : EventManager : Event: ======'stars_count_updated'====== Args={'priority': 0}
2026-09-13 23:31:15,114 : INFO : EventManager : Event: ======'stars_monitor_t41_off'====== Args={'priority': 0}
2026-09-13 23:31:15,115 : INFO : EventManager : Event: ======'player_stars_t41'====== Args={'value': 0, 'prev_value': 1, 'change': -1, 'player_num': 1, 'source': 'stars_mode'}
2026-09-13 23:31:15,115 : INFO : EventManager : Event: ======'player_stars_targets_lit_count'====== Args={'value': 1, 'prev_value': 2, 'change': -1, 'player_num': 1, 'source': 'stars_mode'}
2026-09-13 23:31:15,126 : INFO : EventManager : Event: ======'player_score'====== Args={'value': 1578720, 'prev_value': 1578300, 'change': 420, 'player_num': 1, 'source': 'base'}
2026-09-13 23:31:15,242 : INFO : EventManager : Event: ======'player_obey_obey_stage2_timer_tick'====== Args={'value': 116, 'prev_value': 117, 'change': -1, 'player_num': 1}
2026-09-13 23:31:15,242 : INFO : EventManager : Event: ======'timer_obey_stage2_timer_tick'====== Args={'ticks': 116, 'ticks_remaining': 116}
2026-09-13 23:31:15,320 : INFO : SwitchController : <<<<<<< 's_41_stand_up_target_6' inactive >>>>>>>
2026-09-13 23:31:16,241 : INFO : EventManager : Event: ======'player_obey_obey_stage2_timer_tick'====== Args={'value': 115, 'prev_value': 116, 'change': -1, 'player_num': 1}
2026-09-13 23:31:16,241 : INFO : EventManager : Event: ======'timer_obey_stage2_timer_tick'====== Args={'ticks': 115, 'ticks_remaining': 115}
2026-09-13 23:31:17,239 : INFO : EventManager : Event: ======'player_obey_obey_stage2_timer_tick'====== Args={'value': 114, 'prev_value': 115, 'change': -1, 'player_num': 1}
2026-09-13 23:31:17,239 : INFO : EventManager : Event: ======'timer_obey_stage2_timer_tick'====== Args={'ticks': 114, 'ticks_remaining': 114}
2026-09-13 23:31:18,242 : INFO : EventManager : Event: ======'player_obey_obey_stage2_timer_tick'====== Args={'value': 113, 'prev_value': 114, 'change': -1, 'player_num': 1}
2026-09-13 23:31:18,242 : INFO : EventManager : Event: ======'timer_obey_stage2_timer_tick'====== Args={'ticks': 113, 'ticks_remaining': 113}
2026-09-13 23:31:18,911 : INFO : SwitchController : <<<<<<< 's_64_varitarget_position_1' inactive >>>>>>>
2026-09-13 23:31:19,246 : INFO : EventManager : Event: ======'player_obey_obey_stage2_timer_tick'====== Args={'value': 112, 'prev_value': 113, 'change': -1, 'player_num': 1}
2026-09-13 23:31:19,246 : INFO : EventManager : Event: ======'timer_obey_stage2_timer_tick'====== Args={'ticks': 112, 'ticks_remaining': 112}
2026-09-13 23:31:20,248 : INFO : EventManager : Event: ======'player_obey_obey_stage2_timer_tick'====== Args={'value': 111, 'prev_value': 112, 'change': -1, 'player_num': 1}
2026-09-13 23:31:20,248 : INFO : EventManager : Event: ======'timer_obey_stage2_timer_tick'====== Args={'ticks': 111, 'ticks_remaining': 111}
2026-09-13 23:31:21,236 : INFO : EventManager : Event: ======'player_obey_obey_stage2_timer_tick'====== Args={'value': 110, 'prev_value': 111, 'change': -1, 'player_num': 1}
2026-09-13 23:31:21,237 : INFO : EventManager : Event: ======'timer_obey_stage2_timer_tick'====== Args={'ticks': 110, 'ticks_remaining': 110}
2026-09-13 23:31:22,239 : INFO : EventManager : Event: ======'player_obey_obey_stage2_timer_tick'====== Args={'value': 109, 'prev_value': 110, 'change': -1, 'player_num': 1}
2026-09-13 23:31:22,239 : INFO : EventManager : Event: ======'timer_obey_stage2_timer_tick'====== Args={'ticks': 109, 'ticks_remaining': 109}
2026-09-13 23:31:23,236 : INFO : EventManager : Event: ======'player_obey_obey_stage2_timer_tick'====== Args={'value': 108, 'prev_value': 109, 'change': -1, 'player_num': 1}
2026-09-13 23:31:23,237 : INFO : EventManager : Event: ======'timer_obey_stage2_timer_tick'====== Args={'ticks': 108, 'ticks_remaining': 108}
2026-09-13 23:31:24,235 : INFO : EventManager : Event: ======'player_obey_obey_stage2_timer_tick'====== Args={'value': 107, 'prev_value': 108, 'change': -1, 'player_num': 1}
2026-09-13 23:31:24,235 : INFO : EventManager : Event: ======'timer_obey_stage2_timer_tick'====== Args={'ticks': 107, 'ticks_remaining': 107}
2026-09-13 23:31:25,240 : INFO : EventManager : Event: ======'player_obey_obey_stage2_timer_tick'====== Args={'value': 106, 'prev_value': 107, 'change': -1, 'player_num': 1}
2026-09-13 23:31:25,240 : INFO : EventManager : Event: ======'timer_obey_stage2_timer_tick'====== Args={'ticks': 106, 'ticks_remaining': 106}
2026-09-13 23:31:26,242 : INFO : EventManager : Event: ======'player_obey_obey_stage2_timer_tick'====== Args={'value': 105, 'prev_value': 106, 'change': -1, 'player_num': 1}
2026-09-13 23:31:26,242 : INFO : EventManager : Event: ======'timer_obey_stage2_timer_tick'====== Args={'ticks': 105, 'ticks_remaining': 105}
2026-09-13 23:31:27,237 : INFO : EventManager : Event: ======'player_obey_obey_stage2_timer_tick'====== Args={'value': 104, 'prev_value': 105, 'change': -1, 'player_num': 1}
2026-09-13 23:31:27,238 : INFO : EventManager : Event: ======'timer_obey_stage2_timer_tick'====== Args={'ticks': 104, 'ticks_remaining': 104}
2026-09-13 23:31:28,238 : INFO : EventManager : Event: ======'player_obey_obey_stage2_timer_tick'====== Args={'value': 103, 'prev_value': 104, 'change': -1, 'player_num': 1}
2026-09-13 23:31:28,239 : INFO : EventManager : Event: ======'timer_obey_stage2_timer_tick'====== Args={'ticks': 103, 'ticks_remaining': 103}
2026-09-13 23:31:29,243 : INFO : EventManager : Event: ======'player_obey_obey_stage2_timer_tick'====== Args={'value': 102, 'prev_value': 103, 'change': -1, 'player_num': 1}
2026-09-13 23:31:29,243 : INFO : EventManager : Event: ======'timer_obey_stage2_timer_tick'====== Args={'ticks': 102, 'ticks_remaining': 102}
2026-09-13 23:31:30,244 : INFO : EventManager : Event: ======'player_obey_obey_stage2_timer_tick'====== Args={'value': 101, 'prev_value': 102, 'change': -1, 'player_num': 1}
2026-09-13 23:31:30,244 : INFO : EventManager : Event: ======'timer_obey_stage2_timer_tick'====== Args={'ticks': 101, 'ticks_remaining': 101}
2026-09-13 23:31:31,246 : INFO : EventManager : Event: ======'player_obey_obey_stage2_timer_tick'====== Args={'value': 100, 'prev_value': 101, 'change': -1, 'player_num': 1}
2026-09-13 23:31:31,246 : INFO : EventManager : Event: ======'timer_obey_stage2_timer_tick'====== Args={'ticks': 100, 'ticks_remaining': 100}
2026-09-13 23:31:32,238 : INFO : EventManager : Event: ======'player_obey_obey_stage2_timer_tick'====== Args={'value': 99, 'prev_value': 100, 'change': -1, 'player_num': 1}
2026-09-13 23:31:32,239 : INFO : EventManager : Event: ======'timer_obey_stage2_timer_tick'====== Args={'ticks': 99, 'ticks_remaining': 99}
2026-09-13 23:31:33,238 : INFO : EventManager : Event: ======'player_obey_obey_stage2_timer_tick'====== Args={'value': 98, 'prev_value': 99, 'change': -1, 'player_num': 1}
2026-09-13 23:31:33,239 : INFO : EventManager : Event: ======'timer_obey_stage2_timer_tick'====== Args={'ticks': 98, 'ticks_remaining': 98}
2026-09-13 23:31:34,238 : INFO : EventManager : Event: ======'player_obey_obey_stage2_timer_tick'====== Args={'value': 97, 'prev_value': 98, 'change': -1, 'player_num': 1}
2026-09-13 23:31:34,239 : INFO : EventManager : Event: ======'timer_obey_stage2_timer_tick'====== Args={'ticks': 97, 'ticks_remaining': 97}
2026-09-13 23:31:35,236 : INFO : EventManager : Event: ======'player_obey_obey_stage2_timer_tick'====== Args={'value': 96, 'prev_value': 97, 'change': -1, 'player_num': 1}
2026-09-13 23:31:35,236 : INFO : EventManager : Event: ======'timer_obey_stage2_timer_tick'====== Args={'ticks': 96, 'ticks_remaining': 96}
2026-09-13 23:31:36,236 : INFO : EventManager : Event: ======'player_obey_obey_stage2_timer_tick'====== Args={'value': 95, 'prev_value': 96, 'change': -1, 'player_num': 1}
2026-09-13 23:31:36,237 : INFO : EventManager : Event: ======'timer_obey_stage2_timer_tick'====== Args={'ticks': 95, 'ticks_remaining': 95}
2026-09-13 23:31:37,236 : INFO : EventManager : Event: ======'player_obey_obey_stage2_timer_tick'====== Args={'value': 94, 'prev_value': 95, 'change': -1, 'player_num': 1}
2026-09-13 23:31:37,236 : INFO : EventManager : Event: ======'timer_obey_stage2_timer_tick'====== Args={'ticks': 94, 'ticks_remaining': 94}
2026-09-13 23:31:37,724 : INFO : SwitchController : <<<<<<< 's_43_stand_up_target_4' active >>>>>>>
2026-09-13 23:31:37,724 : INFO : EventManager : Event: ======'s_43_stand_up_target_4_active'====== Args={}
2026-09-13 23:31:37,724 : INFO : EventManager : Event: ======'sw_playfield_active'====== Args={}
2026-09-13 23:31:37,724 : INFO : EventManager : Event: ======'sw_standups'====== Args={}
2026-09-13 23:31:37,724 : INFO : EventManager : Event: ======'machine_var_audits_switches_s_43_stand_up_target_4'====== Args={'value': 496, 'prev_value': 495, 'change': 1}
2026-09-13 23:31:37,725 : INFO : EventManager : Event: ======'stars_t43_on'====== Args={'priority': 0}
2026-09-13 23:31:37,725 : INFO : EventManager : Event: ======'stars_count_updated'====== Args={'priority': 0}
2026-09-13 23:31:37,725 : INFO : EventManager : Event: ======'stars_monitor_t43_on'====== Args={'priority': 0}
2026-09-13 23:31:37,725 : INFO : EventManager : Event: ======'player_stars_t43'====== Args={'value': 1, 'prev_value': 0, 'change': 1, 'player_num': 1, 'source': 'stars_mode'}
2026-09-13 23:31:37,725 : INFO : EventManager : Event: ======'player_stars_targets_lit_count'====== Args={'value': 2, 'prev_value': 1, 'change': 1, 'player_num': 1, 'source': 'stars_mode'}
2026-09-13 23:31:37,737 : INFO : EventManager : Event: ======'player_score'====== Args={'value': 1579140, 'prev_value': 1578720, 'change': 420, 'player_num': 1, 'source': 'base'}
2026-09-13 23:31:37,867 : INFO : SwitchController : <<<<<<< 's_43_stand_up_target_4' inactive >>>>>>>
2026-09-13 23:31:37,963 : INFO : SwitchController : <<<<<<< 's_43_stand_up_target_4' active >>>>>>>
2026-09-13 23:31:37,963 : INFO : EventManager : Event: ======'s_43_stand_up_target_4_active'====== Args={}
2026-09-13 23:31:37,963 : INFO : EventManager : Event: ======'sw_playfield_active'====== Args={}
2026-09-13 23:31:37,963 : INFO : EventManager : Event: ======'sw_standups'====== Args={}
2026-09-13 23:31:37,963 : INFO : EventManager : Event: ======'machine_var_audits_switches_s_43_stand_up_target_4'====== Args={'value': 497, 'prev_value': 496, 'change': 1}
2026-09-13 23:31:37,964 : INFO : EventManager : Event: ======'stars_t43_off'====== Args={'priority': 0}
2026-09-13 23:31:37,964 : INFO : EventManager : Event: ======'stars_count_updated'====== Args={'priority': 0}
2026-09-13 23:31:37,964 : INFO : EventManager : Event: ======'stars_monitor_t43_off'====== Args={'priority': 0}
2026-09-13 23:31:37,964 : INFO : EventManager : Event: ======'player_stars_t43'====== Args={'value': 0, 'prev_value': 1, 'change': -1, 'player_num': 1, 'source': 'stars_mode'}
2026-09-13 23:31:37,964 : INFO : EventManager : Event: ======'player_stars_targets_lit_count'====== Args={'value': 1, 'prev_value': 2, 'change': -1, 'player_num': 1, 'source': 'stars_mode'}
2026-09-13 23:31:37,976 : INFO : EventManager : Event: ======'player_score'====== Args={'value': 1579560, 'prev_value': 1579140, 'change': 420, 'player_num': 1, 'source': 'base'}
2026-09-13 23:31:38,043 : INFO : SwitchController : <<<<<<< 's_43_stand_up_target_4' inactive >>>>>>>
2026-09-13 23:31:38,122 : INFO : SwitchController : <<<<<<< 's_43_stand_up_target_4' active >>>>>>>
2026-09-13 23:31:38,122 : INFO : EventManager : Event: ======'s_43_stand_up_target_4_active'====== Args={}
2026-09-13 23:31:38,122 : INFO : EventManager : Event: ======'sw_playfield_active'====== Args={}
2026-09-13 23:31:38,122 : INFO : EventManager : Event: ======'sw_standups'====== Args={}
2026-09-13 23:31:38,122 : INFO : EventManager : Event: ======'machine_var_audits_switches_s_43_stand_up_target_4'====== Args={'value': 498, 'prev_value': 497, 'change': 1}
2026-09-13 23:31:38,123 : INFO : EventManager : Event: ======'stars_t43_on'====== Args={'priority': 0}
2026-09-13 23:31:38,123 : INFO : EventManager : Event: ======'stars_count_updated'====== Args={'priority': 0}
2026-09-13 23:31:38,123 : INFO : EventManager : Event: ======'stars_monitor_t43_on'====== Args={'priority': 0}
2026-09-13 23:31:38,123 : INFO : EventManager : Event: ======'player_stars_t43'====== Args={'value': 1, 'prev_value': 0, 'change': 1, 'player_num': 1, 'source': 'stars_mode'}
2026-09-13 23:31:38,123 : INFO : EventManager : Event: ======'player_stars_targets_lit_count'====== Args={'value': 2, 'prev_value': 1, 'change': 1, 'player_num': 1, 'source': 'stars_mode'}
2026-09-13 23:31:38,135 : INFO : EventManager : Event: ======'player_score'====== Args={'value': 1579980, 'prev_value': 1579560, 'change': 420, 'player_num': 1, 'source': 'base'}
2026-09-13 23:31:38,217 : INFO : SwitchController : <<<<<<< 's_43_stand_up_target_4' inactive >>>>>>>
2026-09-13 23:31:38,240 : INFO : EventManager : Event: ======'player_obey_obey_stage2_timer_tick'====== Args={'value': 93, 'prev_value': 94, 'change': -1, 'player_num': 1}
2026-09-13 23:31:38,240 : INFO : EventManager : Event: ======'timer_obey_stage2_timer_tick'====== Args={'ticks': 93, 'ticks_remaining': 93}
2026-09-13 23:31:38,266 : INFO : SwitchController : <<<<<<< 's_43_stand_up_target_4' active >>>>>>>
2026-09-13 23:31:38,266 : INFO : EventManager : Event: ======'s_43_stand_up_target_4_active'====== Args={}
2026-09-13 23:31:38,266 : INFO : EventManager : Event: ======'sw_playfield_active'====== Args={}
2026-09-13 23:31:38,266 : INFO : EventManager : Event: ======'sw_standups'====== Args={}
2026-09-13 23:31:38,266 : INFO : EventManager : Event: ======'machine_var_audits_switches_s_43_stand_up_target_4'====== Args={'value': 499, 'prev_value': 498, 'change': 1}
2026-09-13 23:31:38,267 : INFO : EventManager : Event: ======'stars_t43_off'====== Args={'priority': 0}
2026-09-13 23:31:38,267 : INFO : EventManager : Event: ======'stars_count_updated'====== Args={'priority': 0}
2026-09-13 23:31:38,267 : INFO : EventManager : Event: ======'stars_monitor_t43_off'====== Args={'priority': 0}
2026-09-13 23:31:38,267 : INFO : EventManager : Event: ======'player_stars_t43'====== Args={'value': 0, 'prev_value': 1, 'change': -1, 'player_num': 1, 'source': 'stars_mode'}
2026-09-13 23:31:38,267 : INFO : EventManager : Event: ======'player_stars_targets_lit_count'====== Args={'value': 1, 'prev_value': 2, 'change': -1, 'player_num': 1, 'source': 'stars_mode'}
2026-09-13 23:31:38,279 : INFO : EventManager : Event: ======'player_score'====== Args={'value': 1580400, 'prev_value': 1579980, 'change': 420, 'player_num': 1, 'source': 'base'}
2026-09-13 23:31:38,358 : INFO : SwitchController : <<<<<<< 's_43_stand_up_target_4' inactive >>>>>>>
2026-09-13 23:31:39,249 : INFO : EventManager : Event: ======'player_obey_obey_stage2_timer_tick'====== Args={'value': 92, 'prev_value': 93, 'change': -1, 'player_num': 1}
2026-09-13 23:31:39,249 : INFO : EventManager : Event: ======'timer_obey_stage2_timer_tick'====== Args={'ticks': 92, 'ticks_remaining': 92}
2026-09-13 23:31:40,237 : INFO : EventManager : Event: ======'player_obey_obey_stage2_timer_tick'====== Args={'value': 91, 'prev_value': 92, 'change': -1, 'player_num': 1}
2026-09-13 23:31:40,238 : INFO : EventManager : Event: ======'timer_obey_stage2_timer_tick'====== Args={'ticks': 91, 'ticks_remaining': 91}
2026-09-13 23:31:41,245 : INFO : EventManager : Event: ======'player_obey_obey_stage2_timer_tick'====== Args={'value': 90, 'prev_value': 91, 'change': -1, 'player_num': 1}
2026-09-13 23:31:41,245 : INFO : EventManager : Event: ======'timer_obey_stage2_timer_tick'====== Args={'ticks': 90, 'ticks_remaining': 90}
2026-09-13 23:31:42,237 : INFO : EventManager : Event: ======'player_obey_obey_stage2_timer_tick'====== Args={'value': 89, 'prev_value': 90, 'change': -1, 'player_num': 1}
2026-09-13 23:31:42,238 : INFO : EventManager : Event: ======'timer_obey_stage2_timer_tick'====== Args={'ticks': 89, 'ticks_remaining': 89}
2026-09-13 23:31:43,240 : INFO : EventManager : Event: ======'player_obey_obey_stage2_timer_tick'====== Args={'value': 88, 'prev_value': 89, 'change': -1, 'player_num': 1}
2026-09-13 23:31:43,240 : INFO : EventManager : Event: ======'timer_obey_stage2_timer_tick'====== Args={'ticks': 88, 'ticks_remaining': 88}
2026-09-13 23:31:44,248 : INFO : EventManager : Event: ======'player_obey_obey_stage2_timer_tick'====== Args={'value': 87, 'prev_value': 88, 'change': -1, 'player_num': 1}
2026-09-13 23:31:44,248 : INFO : EventManager : Event: ======'timer_obey_stage2_timer_tick'====== Args={'ticks': 87, 'ticks_remaining': 87}
2026-09-13 23:31:45,237 : INFO : EventManager : Event: ======'player_obey_obey_stage2_timer_tick'====== Args={'value': 86, 'prev_value': 87, 'change': -1, 'player_num': 1}
2026-09-13 23:31:45,237 : INFO : EventManager : Event: ======'timer_obey_stage2_timer_tick'====== Args={'ticks': 86, 'ticks_remaining': 86}
2026-09-13 23:31:46,240 : INFO : EventManager : Event: ======'player_obey_obey_stage2_timer_tick'====== Args={'value': 85, 'prev_value': 86, 'change': -1, 'player_num': 1}
2026-09-13 23:31:46,241 : INFO : EventManager : Event: ======'timer_obey_stage2_timer_tick'====== Args={'ticks': 85, 'ticks_remaining': 85}
2026-09-13 23:31:47,242 : INFO : EventManager : Event: ======'player_obey_obey_stage2_timer_tick'====== Args={'value': 84, 'prev_value': 85, 'change': -1, 'player_num': 1}
2026-09-13 23:31:47,242 : INFO : EventManager : Event: ======'timer_obey_stage2_timer_tick'====== Args={'ticks': 84, 'ticks_remaining': 84}
2026-09-13 23:31:47,446 : INFO : SwitchController : <<<<<<< 's_29_trough_6' active >>>>>>>
2026-09-13 23:31:47,446 : INFO : EventManager : Event: ======'machine_var_audits_switches_s_29_trough_6'====== Args={'value': 1902, 'prev_value': 1901, 'change': 1}
2026-09-13 23:31:47,447 : INFO : SwitchController : <<<<<<< 's_29_trough_6' inactive >>>>>>>
2026-09-13 23:31:47,462 : INFO : SwitchController : <<<<<<< 's_64_varitarget_position_1' active >>>>>>>
2026-09-13 23:31:47,462 : INFO : EventManager : Event: ======'s_64_varitarget_position_1_active'====== Args={}
2026-09-13 23:31:47,462 : INFO : EventManager : Event: ======'sw_vari'====== Args={}
2026-09-13 23:31:47,462 : INFO : EventManager : Event: ======'machine_var_audits_switches_s_64_varitarget_position_1'====== Args={'value': 16603, 'prev_value': 16602, 'change': 1}
2026-09-13 23:31:47,463 : INFO : EventManager : Event: ======'glasses_pending_position_1'====== Args={'priority': 0}
2026-09-13 23:31:47,463 : INFO : EventManager : Event: ======'machine_var_audits_shots_varitarget_p1'====== Args={'value': 16570, 'prev_value': 16569, 'change': 1}
2026-09-13 23:31:47,463 : INFO : EventManager : Event: ======'varitarget_p1_hit'====== Args={'profile': 'default', 'state': 'lit', 'advancing': False}
2026-09-13 23:31:47,463 : INFO : EventManager : Event: ======'varitarget_p1_default_hit'====== Args={'profile': 'default', 'state': 'lit', 'advancing': False}
2026-09-13 23:31:47,463 : INFO : EventManager : Event: ======'varitarget_p1_default_lit_hit'====== Args={'profile': 'default', 'state': 'lit', 'advancing': False}
2026-09-13 23:31:47,463 : INFO : EventManager : Event: ======'varitarget_p1_lit_hit'====== Args={'profile': 'default', 'state': 'lit', 'advancing': False}
2026-09-13 23:31:47,463 : INFO : EventManager : Event: ======'varitarget_position_changed'====== Args={'priority': 0}
2026-09-13 23:31:47,463 : INFO : EventManager : Event: ======'varitarget_reset_stop'====== Args={'priority': 0}
2026-09-13 23:31:47,463 : INFO : EventManager : Event: ======'varitarget_reset_complete'====== Args={'priority': 0}
2026-09-13 23:31:47,463 : INFO : EventManager : Event: ======'glasses_position_confirm_restart'====== Args={'priority': 0}
2026-09-13 23:31:47,463 : INFO : EventManager : Event: ======'player_glasses_mode_glasses_position_confirm_tick'====== Args={'value': 0, 'prev_value': 1, 'change': -1, 'player_num': 1}
2026-09-13 23:31:47,463 : INFO : Timer.glasses_position_confirm : Starting Timer.
2026-09-13 23:31:47,463 : INFO : EventManager : Event: ======'timer_glasses_position_confirm_started'====== Args={'ticks': 0, 'ticks_remaining': 1}
2026-09-13 23:31:47,464 : INFO : EventManager : Event: ======'timer_glasses_position_confirm_tick'====== Args={'ticks': 0, 'ticks_remaining': 1}
2026-09-13 23:31:47,470 : INFO : EventManager : Event: ======'varitarget_positions_hit'====== Args={'shot': 'varitarget_p1'}
2026-09-13 23:31:47,470 : INFO : EventManager : Event: ======'varitarget_positions_lit_hit'====== Args={'shot': 'varitarget_p1'}
2026-09-13 23:31:47,470 : INFO : EventManager : Event: ======'varitarget_update_stable'====== Args={'priority': 0}
2026-09-13 23:31:47,470 : INFO : Timer.varitarget_reset_timer : Stopping Timer
2026-09-13 23:31:47,470 : INFO : EventManager : Event: ======'timer_varitarget_reset_timer_stopped'====== Args={'ticks': 0, 'ticks_remaining': 999999}
2026-09-13 23:31:47,470 : INFO : EventManager : Event: ======'player_score'====== Args={'value': 1580820, 'prev_value': 1580400, 'change': 420, 'player_num': 1, 'source': 'base'}
2026-09-13 23:31:47,481 : INFO : SwitchController : <<<<<<< 's_64_varitarget_position_1' inactive >>>>>>>
2026-09-13 23:31:47,485 : INFO : SwitchController : <<<<<<< 's_64_varitarget_position_1' active >>>>>>>
2026-09-13 23:31:47,485 : INFO : EventManager : Event: ======'s_64_varitarget_position_1_active'====== Args={}
2026-09-13 23:31:47,485 : INFO : EventManager : Event: ======'sw_vari'====== Args={}
2026-09-13 23:31:47,485 : INFO : EventManager : Event: ======'machine_var_audits_switches_s_64_varitarget_position_1'====== Args={'value': 16604, 'prev_value': 16603, 'change': 1}
2026-09-13 23:31:47,486 : INFO : EventManager : Event: ======'glasses_pending_position_1'====== Args={'priority': 0}
2026-09-13 23:31:47,486 : INFO : EventManager : Event: ======'machine_var_audits_shots_varitarget_p1'====== Args={'value': 16571, 'prev_value': 16570, 'change': 1}
2026-09-13 23:31:47,486 : INFO : EventManager : Event: ======'varitarget_p1_hit'====== Args={'profile': 'default', 'state': 'lit', 'advancing': False}
2026-09-13 23:31:47,486 : INFO : EventManager : Event: ======'varitarget_p1_default_hit'====== Args={'profile': 'default', 'state': 'lit', 'advancing': False}
2026-09-13 23:31:47,486 : INFO : EventManager : Event: ======'varitarget_p1_default_lit_hit'====== Args={'profile': 'default', 'state': 'lit', 'advancing': False}
2026-09-13 23:31:47,486 : INFO : EventManager : Event: ======'varitarget_p1_lit_hit'====== Args={'profile': 'default', 'state': 'lit', 'advancing': False}
2026-09-13 23:31:47,486 : INFO : EventManager : Event: ======'varitarget_position_changed'====== Args={'priority': 0}
2026-09-13 23:31:47,486 : INFO : EventManager : Event: ======'varitarget_reset_stop'====== Args={'priority': 0}
2026-09-13 23:31:47,486 : INFO : EventManager : Event: ======'varitarget_reset_complete'====== Args={'priority': 0}
2026-09-13 23:31:47,486 : INFO : EventManager : Event: ======'glasses_position_confirm_restart'====== Args={'priority': 0}
2026-09-13 23:31:47,487 : INFO : EventManager : Event: ======'timer_glasses_position_confirm_tick'====== Args={'ticks': 0, 'ticks_remaining': 1}
2026-09-13 23:31:47,487 : INFO : EventManager : Event: ======'varitarget_positions_hit'====== Args={'shot': 'varitarget_p1'}
2026-09-13 23:31:47,487 : INFO : EventManager : Event: ======'varitarget_positions_lit_hit'====== Args={'shot': 'varitarget_p1'}
2026-09-13 23:31:47,487 : INFO : EventManager : Event: ======'varitarget_update_stable'====== Args={'priority': 0}
2026-09-13 23:31:47,487 : INFO : Timer.varitarget_reset_timer : Stopping Timer
2026-09-13 23:31:47,487 : INFO : EventManager : Event: ======'timer_varitarget_reset_timer_stopped'====== Args={'ticks': 0, 'ticks_remaining': 999999}
2026-09-13 23:31:47,487 : INFO : EventManager : Event: ======'player_score'====== Args={'value': 1581240, 'prev_value': 1580820, 'change': 420, 'player_num': 1, 'source': 'base'}
2026-09-13 23:31:47,526 : INFO : SwitchController : <<<<<<< 's_29_trough_6' active >>>>>>>
2026-09-13 23:31:47,527 : INFO : EventManager : Event: ======'machine_var_audits_switches_s_29_trough_6'====== Args={'value': 1903, 'prev_value': 1902, 'change': 1}
2026-09-13 23:31:47,766 : INFO : SwitchController : <<<<<<< 's_29_trough_6' inactive >>>>>>>
2026-09-13 23:31:47,796 : INFO : SwitchController : <<<<<<< 's_28_trough_5' active >>>>>>>
2026-09-13 23:31:47,796 : INFO : EventManager : Event: ======'machine_var_audits_switches_s_28_trough_5'====== Args={'value': 1712, 'prev_value': 1711, 'change': 1}
2026-09-13 23:31:47,956 : INFO : SwitchController : <<<<<<< 's_28_trough_5' inactive >>>>>>>
2026-09-13 23:31:47,974 : INFO : SwitchController : <<<<<<< 's_27_trough_4' active >>>>>>>
2026-09-13 23:31:47,975 : INFO : EventManager : Event: ======'machine_var_audits_switches_s_27_trough_4'====== Args={'value': 1921, 'prev_value': 1920, 'change': 1}
2026-09-13 23:31:48,099 : INFO : SwitchController : <<<<<<< 's_27_trough_4' inactive >>>>>>>
2026-09-13 23:31:48,119 : INFO : SwitchController : <<<<<<< 's_26_trough_3' active >>>>>>>
2026-09-13 23:31:48,119 : INFO : EventManager : Event: ======'machine_var_audits_switches_s_26_trough_3'====== Args={'value': 2345, 'prev_value': 2344, 'change': 1}
2026-09-13 23:31:48,211 : INFO : SwitchController : <<<<<<< 's_26_trough_3' inactive >>>>>>>
2026-09-13 23:31:48,230 : INFO : SwitchController : <<<<<<< 's_25_trough_2' active >>>>>>>
2026-09-13 23:31:48,230 : INFO : EventManager : Event: ======'machine_var_audits_switches_s_25_trough_2'====== Args={'value': 2724, 'prev_value': 2723, 'change': 1}
2026-09-13 23:31:48,237 : INFO : EventManager : Event: ======'player_obey_obey_stage2_timer_tick'====== Args={'value': 83, 'prev_value': 84, 'change': -1, 'player_num': 1}
2026-09-13 23:31:48,238 : INFO : EventManager : Event: ======'timer_obey_stage2_timer_tick'====== Args={'ticks': 83, 'ticks_remaining': 83}
2026-09-13 23:31:48,307 : INFO : SwitchController : <<<<<<< 's_29_trough_6' active >>>>>>>
2026-09-13 23:31:48,307 : INFO : EventManager : Event: ======'machine_var_audits_switches_s_29_trough_6'====== Args={'value': 1904, 'prev_value': 1903, 'change': 1}
2026-09-13 23:31:48,497 : INFO : EventManager : Event: ======'player_glasses_mode_glasses_position_confirm_tick'====== Args={'value': 1, 'prev_value': 0, 'change': 1, 'player_num': 1}
2026-09-13 23:31:48,497 : INFO : Timer.glasses_position_confirm : Timer Complete
2026-09-13 23:31:48,497 : INFO : Timer.glasses_position_confirm : Stopping Timer
2026-09-13 23:31:48,497 : INFO : EventManager : Event: ======'timer_glasses_position_confirm_stopped'====== Args={'ticks': 1, 'ticks_remaining': 1}
2026-09-13 23:31:48,497 : INFO : EventManager : Event: ======'timer_glasses_position_confirm_complete'====== Args={'ticks': 1, 'ticks_remaining': 1}
2026-09-13 23:31:48,497 : INFO : SwitchController : <<<<<<< 's_29_trough_6' inactive >>>>>>>
2026-09-13 23:31:48,504 : INFO : EventManager : Event: ======'varitarget_position_1_confirmed'====== Args={'priority': 0}
2026-09-13 23:31:48,504 : INFO : EventManager : Event: ======'glasses_enter_state_1'====== Args={'priority': 0}
2026-09-13 23:31:48,504 : INFO : EventManager : Event: ======'glasses_stop_all_shows'====== Args={'priority': 0}
2026-09-13 23:31:48,504 : INFO : EventManager : Event: ======'glasses_state_timer_stop'====== Args={'priority': 0}
2026-09-13 23:31:48,504 : INFO : EventManager : Event: ======'glasses_home_pulse_timer_stop'====== Args={'priority': 0}
2026-09-13 23:31:48,504 : INFO : EventManager : Event: ======'glasses_homing_cancel'====== Args={'priority': 0}
2026-09-13 23:31:48,504 : INFO : Timer.glasses_state_timer : Stopping Timer
2026-09-13 23:31:48,505 : INFO : EventManager : Event: ======'timer_glasses_state_timer_stopped'====== Args={'ticks': 10, 'ticks_remaining': 1}
2026-09-13 23:31:48,505 : INFO : Timer.glasses_home_pulse_timer : Stopping Timer
2026-09-13 23:31:48,505 : INFO : EventManager : Event: ======'timer_glasses_home_pulse_timer_stopped'====== Args={'ticks': 10, 'ticks_remaining': 1}
2026-09-13 23:31:48,514 : INFO : SwitchController : <<<<<<< 's_28_trough_5' active >>>>>>>
2026-09-13 23:31:48,514 : INFO : EventManager : Event: ======'machine_var_audits_switches_s_28_trough_5'====== Args={'value': 1713, 'prev_value': 1712, 'change': 1}
2026-09-13 23:31:48,671 : INFO : SwitchController : <<<<<<< 's_28_trough_5' inactive >>>>>>>
2026-09-13 23:31:48,690 : INFO : SwitchController : <<<<<<< 's_27_trough_4' active >>>>>>>
2026-09-13 23:31:48,690 : INFO : EventManager : Event: ======'machine_var_audits_switches_s_27_trough_4'====== Args={'value': 1922, 'prev_value': 1921, 'change': 1}
2026-09-13 23:31:48,798 : INFO : SwitchController : <<<<<<< 's_27_trough_4' inactive >>>>>>>
2026-09-13 23:31:48,816 : INFO : SwitchController : <<<<<<< 's_26_trough_3' active >>>>>>>
2026-09-13 23:31:48,816 : INFO : EventManager : Event: ======'machine_var_audits_switches_s_26_trough_3'====== Args={'value': 2346, 'prev_value': 2345, 'change': 1}
2026-09-13 23:31:49,244 : INFO : EventManager : Event: ======'player_obey_obey_stage2_timer_tick'====== Args={'value': 82, 'prev_value': 83, 'change': -1, 'player_num': 1}
2026-09-13 23:31:49,244 : INFO : EventManager : Event: ======'timer_obey_stage2_timer_tick'====== Args={'ticks': 82, 'ticks_remaining': 82}
2026-09-13 23:31:49,321 : INFO : EventManager : Event: ======'balldevice_bd_trough_ball_count_changed'====== Args={'balls': 3}
2026-09-13 23:31:49,321 : INFO : ball_device.bd_trough : Received unexpected ball
2026-09-13 23:31:49,321 : INFO : EventManager : Event: ======'balldevice_captured_from_playfield'====== Args={'balls': 1}
2026-09-13 23:31:49,322 : INFO : EventManager : Event: ======'sw_playfield_active'====== Args={'balls': 1}
2026-09-13 23:31:49,322 : INFO : EventManager : Event: ======'playfield_ball_count_change'====== Args={'balls': 1, 'change': -1}
2026-09-13 23:31:49,322 : INFO : EventManager : Event: ======'balldevice_bd_trough_ball_enter'====== Args={'new_balls': 1, 'unclaimed_balls': 1, 'new_available_balls': 1, 'device': <ball_device.bd_trough>}
2026-09-13 23:31:49,322 : INFO : EventManager : Event: ======'ball_drain'====== Args={'device': <ball_device.bd_trough>, 'balls': 1}
2026-09-13 23:31:49,323 : INFO : EventManager : Event: ======'obey_reward_ended'====== Args={'priority': 0}
2026-09-13 23:31:49,323 : INFO : EventManager : Event: ======'balls_in_play'====== Args={'balls': 1}
2026-09-13 23:31:49,323 : INFO : EventManager : Event: ======'multiball_obey_multiball_ball_lost'====== Args={}
2026-09-13 23:31:49,323 : INFO : EventManager : Event: ======'multiball_obey_multiball_ended'====== Args={}
2026-09-13 23:31:49,323 : INFO : EventManager : Event: ======'multiball_obey_multiball_shoot_again_ended'====== Args={}
2026-09-13 23:31:49,324 : INFO : EventManager : Event: ======'obey_complete'====== Args={'priority': 0}
2026-09-13 23:31:49,324 : INFO : EventManager : Event: ======'player_obey_reward_active'====== Args={'value': 0, 'prev_value': 1, 'change': -1, 'player_num': 1, 'source': 'obey'}
2026-09-13 23:31:49,324 : INFO : EventManager : Event: ======'player_pf_multiplier'====== Args={'value': 1, 'prev_value': 10, 'change': -9, 'player_num': 1, 'source': 'obey'}
2026-09-13 23:31:49,324 : INFO : Timer.obey_stage2_timer : Stopping Timer
2026-09-13 23:31:49,324 : INFO : EventManager : Event: ======'timer_obey_stage2_timer_stopped'====== Args={'ticks': 82, 'ticks_remaining': 82}
2026-09-13 23:31:49,324 : INFO : EventManager : Event: ======'mode_obey_will_stop'====== Args={}
2026-09-13 23:31:49,324 : INFO : EventManager : Event: ======'mode_obey_stopping'====== Args={}
2026-09-13 23:31:49,324 : INFO : EventManager : Event: ======'player_obey_completed'====== Args={'value': 1, 'prev_value': 0, 'change': 1, 'player_num': 1, 'source': 'obey'}
2026-09-13 23:31:49,337 : INFO : EventManager : Event: ======'multiball_obey_multiball_shoot_again_ended'====== Args={}
2026-09-13 23:31:49,338 : INFO : Timer.obey_stage1_timer : Stopping Timer
2026-09-13 23:31:49,338 : INFO : EventManager : Event: ======'timer_obey_stage1_timer_stopped'====== Args={'ticks': 160, 'ticks_remaining': 160}
2026-09-13 23:31:49,338 : INFO : Timer.obey_stage2_timer : Stopping Timer
2026-09-13 23:31:49,338 : INFO : EventManager : Event: ======'timer_obey_stage2_timer_stopped'====== Args={'ticks': 82, 'ticks_remaining': 82}
2026-09-13 23:31:49,338 : INFO : Mode.obey : Stopped.
2026-09-13 23:31:49,338 : INFO : EventManager : Event: ======'modes_active_modes_changed'====== Args={}
2026-09-13 23:31:49,338 : INFO : EventManager : Event: ======'mode_obey_stopped'====== Args={}
2026-09-13 23:31:49,339 : INFO : EventManager : Event: ======'clear'====== Args={'key': 'obey'}
2026-09-13 23:31:49,339 : INFO : EventManager : Event: ======'balldevice_balls_available'====== Args={}
2026-09-13 23:31:49,339 : INFO : EventManager : Event: ======'balldevice_bd_trough_ball_entered'====== Args={'new_balls': 1, 'device': <ball_device.bd_trough>}
2026-09-13 23:31:49,339 : INFO : ball_device.bd_trough : Received unexpected ball
2026-09-13 23:31:49,339 : INFO : EventManager : Event: ======'balldevice_captured_from_playfield'====== Args={'balls': 1}
2026-09-13 23:31:49,342 : INFO : EventManager : Event: ======'sw_playfield_active'====== Args={'balls': 1}
2026-09-13 23:31:49,342 : INFO : EventManager : Event: ======'playfield_ball_count_change'====== Args={'balls': 0, 'change': -1}
2026-09-13 23:31:49,342 : INFO : Timer.obey_stage1_timer : Stopping Timer
2026-09-13 23:31:49,342 : INFO : EventManager : Event: ======'timer_obey_stage1_timer_stopped'====== Args={'ticks': 160, 'ticks_remaining': 160}
2026-09-13 23:31:49,343 : INFO : Timer.obey_stage2_timer : Stopping Timer
2026-09-13 23:31:49,343 : INFO : EventManager : Event: ======'timer_obey_stage2_timer_stopped'====== Args={'ticks': 82, 'ticks_remaining': 82}
2026-09-13 23:31:49,343 : INFO : EventManager : Event: ======'balldevice_bd_trough_ball_enter'====== Args={'new_balls': 1, 'unclaimed_balls': 1, 'new_available_balls': 1, 'device': <ball_device.bd_trough>}
2026-09-13 23:31:49,354 : INFO : EventManager : Event: ======'ball_drain'====== Args={'device': <ball_device.bd_trough>, 'balls': 1}
2026-09-13 23:31:49,355 : INFO : EventManager : Event: ======'multiball_obey_multiball_ball_lost'====== Args={}
2026-09-13 23:31:49,355 : INFO : EventManager : Event: ======'multiball_obey_multiball_ended'====== Args={}
2026-09-13 23:31:49,356 : INFO : EventManager : Event: ======'ball_will_end'====== Args={}
2026-09-13 23:31:49,356 : INFO : EventManager : Event: ======'balldevice_balls_available'====== Args={}
2026-09-13 23:31:49,356 : INFO : EventManager : Event: ======'balldevice_bd_trough_ball_entered'====== Args={'new_balls': 1, 'device': <ball_device.bd_trough>}
2026-09-13 23:31:49,356 : INFO : EventManager : Event: ======'mode_stars_mode_will_stop'====== Args={}
2026-09-13 23:31:49,356 : INFO : EventManager : Event: ======'mode_stars_mode_stopping'====== Args={}
2026-09-13 23:31:49,356 : INFO : EventManager : Event: ======'mode_spinner_2x_qualify_will_stop'====== Args={}
2026-09-13 23:31:49,357 : INFO : EventManager : Event: ======'mode_spinner_2x_qualify_stopping'====== Args={}
2026-09-13 23:31:49,357 : INFO : EventManager : Event: ======'awareness_consume_ready_display_stop'====== Args={'priority': 0}
2026-09-13 23:31:49,357 : INFO : EventManager : Event: ======'awareness_consume_ready_lightshow_stop'====== Args={'priority': 0}
2026-09-13 23:31:49,357 : INFO : EventManager : Event: ======'mode_base_will_stop'====== Args={}
2026-09-13 23:31:49,357 : INFO : EventManager : Event: ======'mode_base_stopping'====== Args={}
2026-09-13 23:31:49,358 : INFO : Mode.spinner_2x_qualify : Stopped.
2026-09-13 23:31:49,358 : INFO : EventManager : Event: ======'modes_active_modes_changed'====== Args={}
2026-09-13 23:31:49,359 : INFO : EventManager : Event: ======'mode_spinner_2x_qualify_stopped'====== Args={}
2026-09-13 23:31:49,359 : INFO : EventManager : Event: ======'clear'====== Args={'key': 'spinner_2x_qualify'}
2026-09-13 23:31:49,359 : INFO : EventManager : Event: ======'widget_ObeyStage2TimerWidget_removed'====== Args={'_from_bcp': True}
2026-09-13 23:31:49,359 : INFO : EventManager : Event: ======'widget_ObeyMultiplierWidget_removed'====== Args={'_from_bcp': True}
2026-09-13 23:31:49,359 : INFO : Mode.stars_mode : Stopped.
2026-09-13 23:31:49,359 : INFO : EventManager : Event: ======'modes_active_modes_changed'====== Args={}
2026-09-13 23:31:49,360 : INFO : EventManager : Event: ======'mode_stars_mode_stopped'====== Args={}
2026-09-13 23:31:49,360 : INFO : EventManager : Event: ======'clear'====== Args={'key': 'stars_mode'}
2026-09-13 23:31:49,360 : INFO : EventManager : Event: ======'mode_glasses_mode_will_stop'====== Args={}
2026-09-13 23:31:49,360 : INFO : EventManager : Event: ======'mode_glasses_mode_stopping'====== Args={}
2026-09-13 23:31:49,360 : INFO : EventManager : Event: ======'mode_super_pops_will_stop'====== Args={}
2026-09-13 23:31:49,360 : INFO : EventManager : Event: ======'mode_super_pops_stopping'====== Args={}
2026-09-13 23:31:49,360 : INFO : Timer.varitarget_reset_timer : Stopping Timer
2026-09-13 23:31:49,360 : INFO : EventManager : Event: ======'timer_varitarget_reset_timer_stopped'====== Args={'ticks': 0, 'ticks_remaining': 999999}
2026-09-13 23:31:49,360 : INFO : Timer.varitarget_hit_settle : Stopping Timer
2026-09-13 23:31:49,360 : INFO : EventManager : Event: ======'timer_varitarget_hit_settle_stopped'====== Args={'ticks': 0, 'ticks_remaining': 1}
2026-09-13 23:31:49,360 : INFO : Mode.base : Stopped.
2026-09-13 23:31:49,360 : INFO : EventManager : Event: ======'modes_active_modes_changed'====== Args={}
2026-09-13 23:31:49,361 : INFO : EventManager : Event: ======'mode_base_stopped'====== Args={}
2026-09-13 23:31:49,361 : INFO : EventManager : Event: ======'clear'====== Args={'key': 'base'}
2026-09-13 23:31:49,361 : INFO : EventManager : Event: ======'mode_shotgun_will_stop'====== Args={}
2026-09-13 23:31:49,361 : INFO : EventManager : Event: ======'mode_shotgun_stopping'====== Args={}
2026-09-13 23:31:49,361 : INFO : Timer.varitarget_hit_settle : Stopping Timer
2026-09-13 23:31:49,361 : INFO : EventManager : Event: ======'timer_varitarget_hit_settle_stopped'====== Args={'ticks': 0, 'ticks_remaining': 1}
2026-09-13 23:31:49,363 : INFO : Timer.varitarget_reset_timer : Stopping Timer
2026-09-13 23:31:49,363 : INFO : EventManager : Event: ======'timer_varitarget_reset_timer_stopped'====== Args={'ticks': 0, 'ticks_remaining': 999999}
2026-09-13 23:31:49,363 : INFO : Mode.super_pops : Stopped.
2026-09-13 23:31:49,363 : INFO : EventManager : Event: ======'modes_active_modes_changed'====== Args={}
2026-09-13 23:31:49,363 : INFO : EventManager : Event: ======'mode_super_pops_stopped'====== Args={}
2026-09-13 23:31:49,363 : INFO : EventManager : Event: ======'clear'====== Args={'key': 'super_pops'}
2026-09-13 23:31:49,364 : INFO : Timer.super_pops_mult_timer : Stopping Timer
2026-09-13 23:31:49,364 : INFO : EventManager : Event: ======'timer_super_pops_mult_timer_stopped'====== Args={'ticks': 0, 'ticks_remaining': 0}
2026-09-13 23:31:49,364 : INFO : Timer.stars_s80_hold : Stopping Timer
2026-09-13 23:31:49,364 : INFO : EventManager : Event: ======'timer_stars_s80_hold_stopped'====== Args={'ticks': 0, 'ticks_remaining': 0}
2026-09-13 23:31:49,364 : INFO : Timer.stars_10x_timer : Stopping Timer
2026-09-13 23:31:49,364 : INFO : EventManager : Event: ======'timer_stars_10x_timer_stopped'====== Args={'ticks': 0, 'ticks_remaining': 0}
2026-09-13 23:31:49,364 : INFO : EventManager : Event: ======'ball_ending'====== Args={}
2026-09-13 23:31:49,377 : INFO : EventManager : Event: ======'glasses_stop_all_shows'====== Args={'priority': 0}
2026-09-13 23:31:49,377 : INFO : EventManager : Event: ======'glasses_position_confirm_stop'====== Args={'priority': 0}
2026-09-13 23:31:49,377 : INFO : EventManager : Event: ======'glasses_state_timer_stop'====== Args={'priority': 0}
2026-09-13 23:31:49,377 : INFO : EventManager : Event: ======'glasses_home_pulse_timer_stop'====== Args={'priority': 0}
2026-09-13 23:31:49,377 : INFO : EventManager : Event: ======'glasses_homing_cancel'====== Args={'priority': 0}
2026-09-13 23:31:49,377 : INFO : Timer.glasses_position_confirm : Stopping Timer
2026-09-13 23:31:49,377 : INFO : EventManager : Event: ======'timer_glasses_position_confirm_stopped'====== Args={'ticks': 1, 'ticks_remaining': 1}
2026-09-13 23:31:49,377 : INFO : Timer.glasses_state_timer : Stopping Timer
2026-09-13 23:31:49,377 : INFO : EventManager : Event: ======'timer_glasses_state_timer_stopped'====== Args={'ticks': 10, 'ticks_remaining': 1}
2026-09-13 23:31:49,377 : INFO : Timer.glasses_home_pulse_timer : Stopping Timer
2026-09-13 23:31:49,377 : INFO : EventManager : Event: ======'timer_glasses_home_pulse_timer_stopped'====== Args={'ticks': 10, 'ticks_remaining': 1}
2026-09-13 23:31:49,377 : INFO : Mode.glasses_mode : Stopped.
2026-09-13 23:31:49,378 : INFO : EventManager : Event: ======'modes_active_modes_changed'====== Args={}
2026-09-13 23:31:49,378 : INFO : EventManager : Event: ======'mode_glasses_mode_stopped'====== Args={}
2026-09-13 23:31:49,378 : INFO : EventManager : Event: ======'clear'====== Args={'key': 'glasses_mode'}
2026-09-13 23:31:49,378 : INFO : Timer.glasses_position_confirm : Stopping Timer
2026-09-13 23:31:49,378 : INFO : EventManager : Event: ======'timer_glasses_position_confirm_stopped'====== Args={'ticks': 1, 'ticks_remaining': 1}
2026-09-13 23:31:49,378 : INFO : Timer.glasses_state_timer : Stopping Timer
2026-09-13 23:31:49,378 : INFO : EventManager : Event: ======'timer_glasses_state_timer_stopped'====== Args={'ticks': 10, 'ticks_remaining': 1}
2026-09-13 23:31:49,378 : INFO : Timer.glasses_home_pulse_timer : Stopping Timer
2026-09-13 23:31:49,378 : INFO : EventManager : Event: ======'timer_glasses_home_pulse_timer_stopped'====== Args={'ticks': 10, 'ticks_remaining': 1}
2026-09-13 23:31:49,378 : INFO : Timer.glasses_position_confirm : Stopping Timer
2026-09-13 23:31:49,378 : INFO : EventManager : Event: ======'timer_glasses_position_confirm_stopped'====== Args={'ticks': 1, 'ticks_remaining': 1}
2026-09-13 23:31:49,378 : INFO : Timer.glasses_state_timer : Stopping Timer
2026-09-13 23:31:49,378 : INFO : EventManager : Event: ======'timer_glasses_state_timer_stopped'====== Args={'ticks': 10, 'ticks_remaining': 1}
2026-09-13 23:31:49,378 : INFO : Timer.glasses_home_pulse_timer : Stopping Timer
2026-09-13 23:31:49,379 : INFO : EventManager : Event: ======'timer_glasses_home_pulse_timer_stopped'====== Args={'ticks': 10, 'ticks_remaining': 1}
2026-09-13 23:31:49,379 : INFO : Timer.top_lane_a_countdown_timer : Stopping Timer
2026-09-13 23:31:49,379 : INFO : EventManager : Event: ======'timer_top_lane_a_countdown_timer_stopped'====== Args={'ticks': 30, 'ticks_remaining': 0}
2026-09-13 23:31:49,379 : INFO : Timer.top_lane_b_countdown_timer : Stopping Timer
2026-09-13 23:31:49,379 : INFO : EventManager : Event: ======'timer_top_lane_b_countdown_timer_stopped'====== Args={'ticks': 30, 'ticks_remaining': 0}
2026-09-13 23:31:49,379 : INFO : Timer.fourbank_reset_check_timer : Stopping Timer
2026-09-13 23:31:49,379 : INFO : EventManager : Event: ======'timer_fourbank_reset_check_timer_stopped'====== Args={'ticks': 0, 'ticks_remaining': 0}
2026-09-13 23:31:49,379 : INFO : Timer.fourbank_reset_retry_timer : Stopping Timer
2026-09-13 23:31:49,379 : INFO : EventManager : Event: ======'timer_fourbank_reset_retry_timer_stopped'====== Args={'ticks': 0, 'ticks_remaining': 0}
2026-09-13 23:31:49,379 : INFO : Timer.threebank_reset_check_timer : Stopping Timer
2026-09-13 23:31:49,379 : INFO : EventManager : Event: ======'timer_threebank_reset_check_timer_stopped'====== Args={'ticks': 0, 'ticks_remaining': 0}
2026-09-13 23:31:49,379 : INFO : Timer.threebank_reset_retry_timer : Stopping Timer
2026-09-13 23:31:49,379 : INFO : EventManager : Event: ======'timer_threebank_reset_retry_timer_stopped'====== Args={'ticks': 0, 'ticks_remaining': 0}
2026-09-13 23:31:49,379 : INFO : Mode.shotgun : Stopped.
2026-09-13 23:31:49,379 : INFO : EventManager : Event: ======'modes_active_modes_changed'====== Args={}
2026-09-13 23:31:49,380 : INFO : EventManager : Event: ======'mode_shotgun_stopped'====== Args={}
2026-09-13 23:31:49,380 : INFO : EventManager : Event: ======'clear'====== Args={'key': 'shotgun'}
2026-09-13 23:31:49,380 : INFO : Timer.threebank_drop_3_trip_timer : Stopping Timer
2026-09-13 23:31:49,380 : INFO : EventManager : Event: ======'timer_threebank_drop_3_trip_timer_stopped'====== Args={'ticks': 0, 'ticks_remaining': 0}
2026-09-13 23:31:49,380 : INFO : Timer.drop_1_4_7_step_4_timer : Stopping Timer
2026-09-13 23:31:49,380 : INFO : EventManager : Event: ======'timer_drop_1_4_7_step_4_timer_stopped'====== Args={'ticks': 0, 'ticks_remaining': 0}
2026-09-13 23:31:49,380 : INFO : Timer.fourbank_reset_check_timer : Stopping Timer
2026-09-13 23:31:49,380 : INFO : EventManager : Event: ======'timer_fourbank_reset_check_timer_stopped'====== Args={'ticks': 0, 'ticks_remaining': 0}
2026-09-13 23:31:49,380 : INFO : Timer.threebank_reset_retry_timer : Stopping Timer
2026-09-13 23:31:49,380 : INFO : EventManager : Event: ======'timer_threebank_reset_retry_timer_stopped'====== Args={'ticks': 0, 'ticks_remaining': 0}
2026-09-13 23:31:49,380 : INFO : Timer.threebank_drop_1_trip_timer : Stopping Timer
2026-09-13 23:31:49,380 : INFO : EventManager : Event: ======'timer_threebank_drop_1_trip_timer_stopped'====== Args={'ticks': 0, 'ticks_remaining': 0}
2026-09-13 23:31:49,380 : INFO : Timer.drop_1_4_7_step_2_timer : Stopping Timer
2026-09-13 23:31:49,380 : INFO : EventManager : Event: ======'timer_drop_1_4_7_step_2_timer_stopped'====== Args={'ticks': 0, 'ticks_remaining': 0}
2026-09-13 23:31:49,380 : INFO : Timer.drop_1_4_7_ready_timer : Stopping Timer
2026-09-13 23:31:49,380 : INFO : EventManager : Event: ======'timer_drop_1_4_7_ready_timer_stopped'====== Args={'ticks': 0, 'ticks_remaining': 0}
2026-09-13 23:31:49,380 : INFO : Timer.top_lane_a_countdown_timer : Stopping Timer
2026-09-13 23:31:49,380 : INFO : EventManager : Event: ======'timer_top_lane_a_countdown_timer_stopped'====== Args={'ticks': 30, 'ticks_remaining': 0}
2026-09-13 23:31:49,381 : INFO : Timer.fourbank_reset_retry_timer : Stopping Timer
2026-09-13 23:31:49,381 : INFO : EventManager : Event: ======'timer_fourbank_reset_retry_timer_stopped'====== Args={'ticks': 0, 'ticks_remaining': 0}
2026-09-13 23:31:49,381 : INFO : Timer.fourbank_drop_2_trip_timer : Stopping Timer
2026-09-13 23:31:49,381 : INFO : EventManager : Event: ======'timer_fourbank_drop_2_trip_timer_stopped'====== Args={'ticks': 0, 'ticks_remaining': 0}
2026-09-13 23:31:49,381 : INFO : Timer.threebank_drop_2_trip_timer : Stopping Timer
2026-09-13 23:31:49,381 : INFO : EventManager : Event: ======'timer_threebank_drop_2_trip_timer_stopped'====== Args={'ticks': 0, 'ticks_remaining': 0}
2026-09-13 23:31:49,381 : INFO : Timer.drop_1_4_7_step_3_timer : Stopping Timer
2026-09-13 23:31:49,381 : INFO : EventManager : Event: ======'timer_drop_1_4_7_step_3_timer_stopped'====== Args={'ticks': 0, 'ticks_remaining': 0}
2026-09-13 23:31:49,381 : INFO : Timer.top_lane_b_countdown_timer : Stopping Timer
2026-09-13 23:31:49,381 : INFO : EventManager : Event: ======'timer_top_lane_b_countdown_timer_stopped'====== Args={'ticks': 30, 'ticks_remaining': 0}
2026-09-13 23:31:49,381 : INFO : Timer.threebank_reset_check_timer : Stopping Timer
2026-09-13 23:31:49,381 : INFO : EventManager : Event: ======'timer_threebank_reset_check_timer_stopped'====== Args={'ticks': 0, 'ticks_remaining': 0}
2026-09-13 23:31:49,381 : INFO : Timer.fourbank_drop_3_trip_timer : Stopping Timer
2026-09-13 23:31:49,381 : INFO : EventManager : Event: ======'timer_fourbank_drop_3_trip_timer_stopped'====== Args={'ticks': 0, 'ticks_remaining': 0}
2026-09-13 23:31:49,381 : INFO : EventManager : Event: ======'mode_resistance_will_stop'====== Args={}
2026-09-13 23:31:49,381 : INFO : EventManager : Event: ======'mode_resistance_stopping'====== Args={}
2026-09-13 23:31:49,381 : INFO : EventManager : Event: ======'mode_bonus_will_start'====== Args={'queue': <QueuedEvent>}
2026-09-13 23:31:49,382 : INFO : EventManager : Event: ======'mode_bonus_starting'====== Args={'queue': <QueuedEvent>}
2026-09-13 23:31:49,383 : INFO : Mode.bonus : Started. Priority: 500
2026-09-13 23:31:49,383 : INFO : EventManager : Event: ======'modes_active_modes_changed'====== Args={}
2026-09-13 23:31:49,383 : INFO : EventManager : Event: ======'mode_bonus_started'====== Args={'queue': <QueuedEvent>}
2026-09-13 23:31:49,383 : INFO : EventManager : Event: ======'bonus_start'====== Args={}
2026-09-13 23:31:49,383 : INFO : Mode.resistance : Stopped.
2026-09-13 23:31:49,383 : INFO : EventManager : Event: ======'modes_active_modes_changed'====== Args={}
2026-09-13 23:31:49,384 : INFO : EventManager : Event: ======'mode_resistance_stopped'====== Args={}
2026-09-13 23:31:49,384 : INFO : EventManager : Event: ======'clear'====== Args={'key': 'resistance'}
2026-09-13 23:31:49,384 : INFO : Timer.right_inlane_countdown_timer : Stopping Timer
2026-09-13 23:31:49,384 : INFO : EventManager : Event: ======'timer_right_inlane_countdown_timer_stopped'====== Args={'ticks': 15, 'ticks_remaining': 0}
2026-09-13 23:31:49,384 : INFO : Timer.resistance_qual_lights_4_0_timer : Stopping Timer
2026-09-13 23:31:49,384 : INFO : EventManager : Event: ======'timer_resistance_qual_lights_4_0_timer_stopped'====== Args={'ticks': 4, 'ticks_remaining': 0}
2026-09-13 23:31:49,384 : INFO : Timer.state_4_resistance_active_timer : Stopping Timer
2026-09-13 23:31:49,384 : INFO : EventManager : Event: ======'timer_state_4_resistance_active_timer_stopped'====== Args={'ticks': 15, 'ticks_remaining': 0}
2026-09-13 23:31:49,384 : INFO : Timer.resistance_qual_lights_15_11_timer : Stopping Timer
2026-09-13 23:31:49,384 : INFO : EventManager : Event: ======'timer_resistance_qual_lights_15_11_timer_stopped'====== Args={'ticks': 4, 'ticks_remaining': 0}
2026-09-13 23:31:49,385 : INFO : Timer.state_2_resistance_active_timer : Stopping Timer
2026-09-13 23:31:49,385 : INFO : EventManager : Event: ======'timer_state_2_resistance_active_timer_stopped'====== Args={'ticks': 15, 'ticks_remaining': 0}
2026-09-13 23:31:49,385 : INFO : Timer.state_5_resistance_active_timer : Stopping Timer
2026-09-13 23:31:49,385 : INFO : EventManager : Event: ======'timer_state_5_resistance_active_timer_stopped'====== Args={'ticks': 10, 'ticks_remaining': 0}
2026-09-13 23:31:49,385 : INFO : Timer.resistance_qual_lights_10_5_timer : Stopping Timer
2026-09-13 23:31:49,385 : INFO : EventManager : Event: ======'timer_resistance_qual_lights_10_5_timer_stopped'====== Args={'ticks': 5, 'ticks_remaining': 0}
2026-09-13 23:31:49,385 : INFO : Timer.state_3_resistance_active_timer : Stopping Timer
2026-09-13 23:31:49,385 : INFO : EventManager : Event: ======'timer_state_3_resistance_active_timer_stopped'====== Args={'ticks': 15, 'ticks_remaining': 0}
2026-09-13 23:31:49,386 : INFO : EventManager : Event: ======'widget_award_popup_widget_active'====== Args={'original_context': 'obey', 'original_calling_context': 'obey_complete', 'priority': 500.0, 'cmd': 'widgets_play', '_from_bcp': True}
2026-09-13 23:31:49,386 : INFO : EventManager : Event: ======'widget_ObeyTitleWidget_removed'====== Args={'_from_bcp': True}
2026-09-13 23:31:49,386 : INFO : EventManager : Event: ======'widget_AwardPopup_removed'====== Args={'_from_bcp': True}
2026-09-13 23:31:49,420 : INFO : EventManager : Event: ======'slide_bonus_created'====== Args={'_from_bcp': True}
2026-09-13 23:31:49,421 : INFO : EventManager : Event: ======'slide_base_slide_inactive'====== Args={'is_removing': True, '_from_bcp': True}
2026-09-13 23:31:49,421 : INFO : EventManager : Event: ======'slide_bonus_active'====== Args={'original_context': 'bonus', 'original_calling_context': 'mode_bonus_started', 'priority': 500.0, 'queue': '<QueuedEvent>', 'cmd': 'slides_play', '_from_bcp': True}
2026-09-13 23:31:49,438 : INFO : EventManager : Event: ======'slide_base_slide_removed'====== Args={'_from_bcp': True}
2026-09-13 23:31:50,864 : INFO : Mode.bonus : Bonus Entry 'base_bonus': score: 0 player_score_entry: bonus_count=0
2026-09-13 23:31:50,864 : INFO : EventManager : Event: ======'bonus_entry'====== Args={'entry': 'base_bonus', 'score': 0, 'text': 'BONUS', 'bonus_score': 0, 'hits': 0}
2026-09-13 23:31:52,370 : INFO : EventManager : Event: ======'bonus_entry'====== Args={'entry': 'total', 'text': 'Total Bonus', 'score': 0}
2026-09-13 23:31:53,332 : INFO : Machine : Shutting down...
2026-09-13 23:31:53,332 : INFO : EventManager : Event: ======'shutdown'====== Args={}
2026-09-13 23:31:53,341 : INFO : EventManager : Event: ======'mode_game_will_stop'====== Args={}
2026-09-13 23:31:53,341 : INFO : EventManager : Event: ======'mode_game_stopping'====== Args={}
2026-09-13 23:31:53,342 : INFO : EventManager : Event: ======'mode_autoplunge_will_stop'====== Args={}
2026-09-13 23:31:53,342 : INFO : EventManager : Event: ======'mode_autoplunge_stopping'====== Args={}
2026-09-13 23:31:53,342 : INFO : EventManager : Event: ======'mode_bonus_will_stop'====== Args={}
2026-09-13 23:31:53,342 : INFO : EventManager : Event: ======'mode_bonus_stopping'====== Args={}
2026-09-13 23:31:53,342 : INFO : EventManager : Event: ======'mode_brian_combo_will_stop'====== Args={}
2026-09-13 23:31:53,342 : INFO : EventManager : Event: ======'mode_brian_combo_stopping'====== Args={}
2026-09-13 23:31:53,342 : INFO : EventManager : Event: ======'mode_awareness_will_stop'====== Args={}
2026-09-13 23:31:53,343 : INFO : EventManager : Event: ======'mode_awareness_stopping'====== Args={}
2026-09-13 23:31:53,343 : INFO : Mode.awareness : Stopped.
2026-09-13 23:31:53,343 : INFO : EventManager : Event: ======'modes_active_modes_changed'====== Args={}
2026-09-13 23:31:53,343 : INFO : EventManager : Event: ======'mode_awareness_stopped'====== Args={}
2026-09-13 23:31:53,343 : INFO : EventManager : Event: ======'clear'====== Args={'key': 'awareness'}
2026-09-13 23:31:53,343 : INFO : Mode.brian_combo : Stopped.
2026-09-13 23:31:53,343 : INFO : EventManager : Event: ======'modes_active_modes_changed'====== Args={}
2026-09-13 23:31:53,344 : INFO : EventManager : Event: ======'mode_brian_combo_stopped'====== Args={}
2026-09-13 23:31:53,344 : INFO : EventManager : Event: ======'clear'====== Args={'key': 'brian_combo'}
2026-09-13 23:31:53,344 : INFO : Mode.bonus : Stopped.
2026-09-13 23:31:53,344 : INFO : EventManager : Event: ======'modes_active_modes_changed'====== Args={}
2026-09-13 23:31:53,344 : INFO : EventManager : Event: ======'mode_bonus_stopped'====== Args={}
2026-09-13 23:31:53,344 : INFO : EventManager : Event: ======'clear'====== Args={'key': 'bonus'}
2026-09-13 23:31:53,344 : INFO : Mode.autoplunge : Stopped.
2026-09-13 23:31:53,344 : INFO : EventManager : Event: ======'modes_active_modes_changed'====== Args={}
2026-09-13 23:31:53,344 : INFO : EventManager : Event: ======'mode_autoplunge_stopped'====== Args={}
2026-09-13 23:31:53,344 : INFO : EventManager : Event: ======'clear'====== Args={'key': 'autoplunge'}
2026-09-13 23:31:53,344 : INFO : Timer.t_auto_plunge : Stopping Timer
2026-09-13 23:31:53,344 : INFO : EventManager : Event: ======'timer_t_auto_plunge_stopped'====== Args={'ticks': 10, 'ticks_remaining': 10}
2026-09-13 23:31:53,345 : INFO : Timer.t_auto_plunge : Stopping Timer
2026-09-13 23:31:53,345 : INFO : EventManager : Event: ======'timer_t_auto_plunge_stopped'====== Args={'ticks': 10, 'ticks_remaining': 10}
2026-09-13 23:31:53,345 : INFO : Mode.game : Stopped.
2026-09-13 23:31:53,345 : INFO : EventManager : Event: ======'modes_active_modes_changed'====== Args={}
2026-09-13 23:31:53,345 : INFO : EventManager : Event: ======'mode_game_stopped'====== Args={}
2026-09-13 23:31:53,345 : INFO : EventManager : Event: ======'clear'====== Args={'key': 'game'}
2026-09-13 23:31:53,436 : INFO : root : MPF run loop ended.
